tau,r,phi,X,Y,H
0.0,500.0,0.0,500.0,0.0,-1.30720921773604e-16
0.004812508147805506,499.9951879242483,1.351199131275642e-07,499.99518792424374,6.755930635652436e-05,1.9609614388036937e-16
0.05293758962586056,499.9470671672274,1.486461707106223e-06,499.947067166675,0.0007431521709238727,6.541460847735967e-17
0.5341884044064111,499.46585964668697,1.501416117898219e-05,499.4658595903909,0.0074990609198525085,6.590920022857287e-17
1.0341884044064111,498.9659047234891,2.909645041379027e-05,498.9659045122759,0.014518136702910484,2.657102366116941e-16
1.5341884044064111,498.46594989826184,4.3206910071883406e-05,498.4659494329845,0.021537173464449073,3.3475273693429297e-16
2.034188404406411,497.9659951712998,5.7345625030170904e-05,497.9659943525141,0.028556171221217997,-6.74782111250554e-17
2.534188404406411,497.4660405428987,7.151268050669802e-05,497.46603927086227,0.03557512998995415,1.3602119414238683e-16
3.034188404406411,496.9660860133554,8.570816206236162e-05,496.9660841880265,0.042594049787381676,2.0564325733227048e-16
3.534188404406411,496.46613158296793,9.993215560263641e-05,496.4661291040044,0.049612930630212056,1.3817944996783398e-16
4.034188404406411,495.96617725203566,0.00011418474737931144,495.9661740187933,0.056631772535144176,3.48182814792484e-16
4.534188404406411,495.46622302085905,0.00012846602399223717,495.46621893239086,0.0636505755188644,4.2112989101810514e-16
5.034188404406411,494.9662688897398,0.00014277607239108315,494.9662638447944,0.07066933959804665,4.24470185758975e-16
5.534188404406411,494.46631485898087,0.0001571149798771063,494.46630875600147,0.07768806478935252,2.852270408733043e-16
6.034188404406411,493.96636092888633,0.00017148283410493,493.96635366600947,0.08470675110943128,5.749884271059878e-16
6.534188404406411,493.4664070997616,0.00018587972308433396,493.46639857481574,0.09172539857492004,5.071182303115015e-16
7.034188404406411,492.9664533719133,0.00020030573518205498,492.9664434824178,0.09874400720244376,6.572028243913504e-16
7.534188404406411,492.46649974564923,0.0002147609591235986,492.46648838881293,0.10576257700861537,4.4162897546571e-16
8.034188404406411,491.9665462212786,0.00022924548399506193,491.9665332939987,0.11278110801003584,6.67731544212447e-16
8.534188404406411,491.46659279911165,0.00024375939924496757,491.4665781979723,0.11979960022329424,6.730675472598662e-16
9.034188404406411,490.96663947946007,0.0002583027946861086,490.9666231007311,0.12681805366496787,7.538355083622278e-16
9.534188404406411,490.4666862626367,0.000272875760497405,490.46666800227257,0.13383646835162222,5.319107621487477e-16
10.034188404406411,489.9667331489557,0.0002874783872257715,489.9667129025939,0.14085484429981124,8.425608493382221e-16
10.534188404406411,489.4667801387326,0.0003021107657879965,489.4667578016923,0.1478731815260773,6.94900565244008e-16
11.034188404406411,488.966827232284,0.0003167729874726331,488.9668026995654,0.15489148004695125,4.669890438083546e-16
11.534188404406411,488.46687442992805,0.0003314651439419011,488.4668475962102,0.16190973987895257,7.061174820221378e-16
12.034188404406411,487.96692173198403,0.00034618732723360124,487.9668924916241,0.1689279610385894,7.908920365704199e-16
12.534188404406411,487.4669691387725,0.0003609396297630408,487.4669373858042,0.17594614354235863,1.1161735557186877e-15
13.034188404406411,486.9670166506155,0.0003757221443249715,486.96698227874793,0.18296428740674608,8.840699299065601e-16
13.534188404406411,486.4670642678363,0.0003905349640955387,486.4670271704524,0.1899823926482264,8.101919649359542e-16
14.034188404406411,485.9671119907594,0.0004053781826342434,485.9670720609148,0.19700045928326326,6.533948114246229e-16
14.534188404406411,485.46715981971084,0.00042025189388591577,485.4671169501324,0.20401848732830946,5.763486357425748e-16
15.034188404406411,484.96720775501785,0.0004351561921827011,484.9671618381023,0.21103647679980705,4.980165722073677e-16
15.534188404406411,484.46725579700905,0.0004500911722460581,484.4672067248217,0.21805442771418718,6.694091336323193e-16
16.03418840440641,483.9673039460144,0.0004650569291887695,483.96725161028775,0.22507234008787047,7.592014930895868e-16
16.53418840440641,483.46735220236525,0.00048005355851696513,483.46729649449765,0.2320902139372669,5.10249390330358e-16
17.03418840440641,482.96740056639425,0.0004950811561321575,482.9673413774483,0.23910804927877594,7.716036329962023e-16
17.53418840440641,482.4674490384356,0.0005101398183332904,482.467386259137,0.24612584612878682,8.643230251463545e-16
18.03418840440641,481.9674976188246,0.0005252296418187995,481.9674311395607,0.2531436045036783,6.099612929841028e-16
18.53418840440641,481.46754630789826,0.0005403507236886864,481.4674760187166,0.2601613244198188,7.027910310684248e-16
19.03418840440641,480.96759510599475,0.0005555031614466059,480.96752089660157,0.26717900589356686,9.742372633298654e-16
19.53418840440641,480.46764401345376,0.0005706870530019652,480.46756577321287,0.2741966489412709,1.0715019718479566e-15
20.03418840440641,479.9676930306164,0.0005859024966720371,479.9676106485474,0.28121425357926916,1.3503505358979012e-15
20.53418840440641,479.46774215782506,0.0006011495911840863,479.4676555226021,0.2882318198238903,8.168553718013918e-16
21.03418840440641,478.9677913954237,0.0006164284356775091,478.9677003953741,0.2952493476914529,1.0980830203488035e-15
21.53418840440641,478.46784074375773,0.0006317391297059855,478.4677452668602,0.3022668371982659,1.107108859724702e-15
22.03418840440641,477.9678902031739,0.0006470817732396466,477.96779013705753,0.3092842883606288,1.2092371209376801e-15
22.53418840440641,477.46793977402046,0.0006624564666672537,477.46783500596297,0.3163017011948313,1.3129829541904125e-15
23.03418840440641,476.9679894566471,0.0006778633107983931,476.9678798735734,0.32331907571715374,1.2292529019128119e-15
23.53418840440641,476.468039251405,0.0006933024068656827,476.4679247398857,0.33033641194386726,1.2394014263221288e-15
24.03418840440641,475.96808915864676,0.0007087738565269936,475.9679696048968,0.3373537098912334,1.1535184743942895e-15
24.53418840440641,475.4681391787266,0.0007242777618676862,475.46801446860354,0.3443709695755048,1.356906556178769e-15
25.03418840440641,474.968189312,0.0007398142254028589,474.9680593310029,0.3513881910129249,1.4658708098489422e-15
25.53418840440641,474.4682395588241,0.0007553833500796126,474.4681041920915,0.3584053742197281,1.3794912484865597e-15
26.03418840440641,473.96828991955755,0.0007709852392793285,473.96814905186636,0.36542251921214,1.3909431427331343e-15
26.53418840440641,473.4683403945604,0.0007866199968199606,473.46819391032415,0.37243962600637714,1.6028604496574976e-15
27.03418840440641,472.96839098419434,0.0008022877269583429,472.9682387674616,0.3794566946186477,1.2121471158562966e-15
27.53418840440641,472.4684416888225,0.0008179885343925109,472.46828362327574,0.3864737250651508,1.0185360825580352e-15
28.03418840440641,471.9684925088096,0.0008337225242640387,471.968328477763,0.39349071736207736,1.1297319752249066e-15
28.53418840440641,471.4685434445219,0.0008494898021603896,471.4683733309204,0.40050767152560957,1.0356023929996338e-15
29.03418840440641,470.96859449632717,0.0008652904741172828,470.96841818274436,0.4075245875719214,9.398312146259576e-16
29.53418840440641,470.46864566459476,0.0008811246466210747,470.4684630332318,0.4145414655171786,8.423947707580013e-16
30.03418840440641,469.9686969496956,0.0008969924266111556,469.96850788237924,0.42155830537753847,1.2741755239046784e-15
30.53418840440641,469.4687483520022,0.0009128939214823616,469.4685527301835,0.42857510716915054,1.0707162033768065e-15
31.03418840440641,468.9687998718886,0.0009288292390874016,468.96859757664106,0.43559187090815615,1.4036153987913158e-15
31.53418840440641,468.4688515097306,0.0009447984877393008,468.4686424217487,0.4426085966106889,1.0887776847202803e-15
32.03418840440641,467.96890326590534,0.0009608017762138584,467.9686872655028,0.44962528429287424,8.783501670802162e-16
32.53418840440641,467.46895514079176,0.000976839213752123,467.46873210790017,0.4566419339708303,9.964666314458994e-16
33.03418840440641,466.96900713477044,0.0009929109100628815,466.96877694893726,0.4636585456606675,1.1165209278870847e-15
33.53418840440641,466.4690592482234,0.001009016975325166,466.46882178861057,0.47067511937848855,1.0133513971939937e-15
34.03418840440641,465.9691114815345,0.0010251575201907768,465.9688666269168,0.477691655140389,1.2490074373261787e-15
34.53418840440641,465.46916383508915,0.0010413326557868192,465.46891146385224,0.48470815296245684,1.0305610398790033e-15
35.03418840440641,464.96921630927443,0.0010575424937182601,464.96895629941355,0.4917246128607729,9.23813215535993e-16
35.53418840440641,464.469268904479,0.0010737871460704987,464.46900113359703,0.4987410348514108,1.0481025478021268e-15
36.03418840440641,463.9693216210934,0.0010900667254119547,463.96904596639934,0.5057574189504374,1.0569999803781705e-15
36.53418840440641,463.4693744595096,0.001106381344796673,463.4690907978167,0.5127737651739124,1.3028682032479679e-15
37.03418840440641,462.96942742012146,0.0011227311177669456,462.9691356278457,0.5197900735378885,1.1945030597667463e-15
37.53418840440641,462.4694805033244,0.0011391161583559502,462.46918045648255,0.526806344058412,1.1444438334641168e-15
38.03418840440641,461.96953370951564,0.001155536581090406,461.9692252837237,0.5338225767515224,1.2149506660678337e-15
38.53418840440641,461.4695870390941,0.0011719925009932466,461.4692701095655,0.5408387716332527,9.802583678944856e-16
39.03418840440641,460.9696404924604,0.0011884840335863109,460.96931493400433,0.5478549287196293,1.1740058899827433e-15
39.53418840440641,460.46969407001694,0.0012050112948930507,460.46935975703644,0.5548710480266723,9.347774198093148e-16
40.03418840440641,459.96974777216775,0.0012215744014412565,459.9694045786581,0.5618871295703959,9.427850375096407e-16
40.53418840440641,459.46980159931877,0.0012381734702658009,459.46944939886555,0.5689031733668077,8.8747907931451e-16
41.03418840440641,458.96985555187763,0.0012548086189113998,458.96949421765515,0.5759191794319094,1.0869057410445121e-15
41.53418840440641,458.4699096302537,0.0012714799654353925,458.469539035023,0.582935147781697,1.1607335965967957e-15
42.03418840440641,457.9699638348582,0.0012881876284105381,457.96958385096536,0.5899510784321603,1.040641989885987e-15
42.53418840440641,457.4700181661041,0.0013049317269278329,457.4696286654784,0.5969669713992837,1.2464088120773044e-15
43.03418840440641,456.9700726244062,0.0013217123805993436,456.96967347855826,0.6039828266990456,1.1248267104418295e-15
43.53418840440641,456.47012721018115,0.001338529709561061,456.4697182902011,0.6109986443474194,8.675891113249047e-16
44.03418840440641,455.9701819238473,0.0013553838344757716,455.96976310040304,0.6180144243603725,1.0770330369365061e-15
44.53418840440641,455.47023676582495,0.001372274876535949,455.4698079091602,0.6250301667538674,9.505602514761585e-16
45.03418840440641,454.9702917365362,0.0013892029574666626,454.9698527164686,0.6320458715438612,1.0957675819693414e-15
45.53418840440641,454.470346836405,0.0014061681995285072,454.4698975223243,0.639061538746306,1.1052730657229434e-15
46.03418840440641,453.9704020658571,0.0014231707255205515,453.9699423267233,0.6460771683771488,1.2542310435622885e-15
46.53418840440641,453.4704574253203,0.0014402106587833056,453.46998712966166,0.6530927604523318,8.434241456946976e-16
47.03418840440641,452.97051291522416,0.0014572881232017085,452.97003193113534,0.6601083149877924,8.507659285539505e-16
47.53418840440641,452.47056853600014,0.0014744032432081357,452.4700767311403,0.6671238319994633,8.581801663777254e-16
48.03418840440641,451.9706242880816,0.001491556143785426,451.97012152967244,0.6741393115032728,8.656676575061756e-16
48.53418840440641,451.47068017190384,0.0015087469504699292,451.4701663267278,0.6811547535151442,9.45998310820848e-16
49.03418840440641,450.9707361879041,0.0015259757893545736,450.9702111223021,0.6881701580509972,1.1010820521399625e-15
49.53418840440641,450.47079233652147,0.0015432427870919541,450.47025591639135,0.6951855251267468,8.145296321554197e-16
50.03418840440641,449.9708486181971,0.0015605480708974408,449.97030070899126,0.7022008547583041,1.0457608751458502e-15
50.53418840440641,449.4709050333741,0.001577891768552308,449.47034550009784,0.7092161469615758,9.795852533351354e-16
51.03418840440641,448.9709615824974,0.0015952740084068853,448.97039028970664,0.7162314017524651,1.064206348905691e-15
51.53418840440641,448.4710182660141,0.0016126949193837276,448.47043507781365,0.7232466191468713,1.2269337604584172e-15
52.03418840440641,447.9710750843731,0.0016301546309808095,447.9704798644145,0.7302617991606901,1.1603797135433892e-15
52.53418840440641,447.47113203802553,0.0016476532732747373,447.4705246495049,0.7372769418098133,1.2486508166590474e-15
53.03418840440641,446.9711891274243,0.001665190976923986,446.9705694330806,0.7442920471101296,1.1022132879269317e-15
53.53418840440641,446.47124635302447,0.0016827678731721554,446.47061421513723,0.7513071150775242,1.270804115060492e-15
54.03418840440641,445.97130371528317,0.0017003840938512507,445.97065899567053,0.7583221457278793,1.04166351769349e-15
54.53418840440641,445.47136121465945,0.001718039771384982,445.470703774676,0.7653371390770736,1.1317280187220228e-15
55.03418840440641,444.97141885161454,0.0017357350387920889,444.97074855214936,0.772352095140983,1.141764319580681e-15
55.53418840440641,444.4714766266117,0.0017534700296896865,444.4707933280861,0.7793670139354807,1.069622822665538e-15
56.03418840440641,443.9715345401163,0.0017712448782966328,443.9708381024819,0.786381895476437,1.2451507456836685e-15
56.53418840440641,443.4715925925957,0.0017890597194369215,443.47088287533205,0.7933967397797194,1.004985471010945e-15
57.03418840440641,442.97165078451945,0.0018069146885430947,442.9709276466322,0.800411546861193,1.4364146626462767e-15
57.53418840440641,442.4717091163592,0.0018248099216596815,442.4709724163779,0.8074263167367206,1.1082331822674877e-15
58.03418840440641,441.97176758858876,0.001842745555446658,441.9710171845644,0.8144410494221629,1.204140737984114e-15
58.53418840440641,441.47182620168405,0.001860721727182932,441.4710619511873,0.8214557449333779,1.6488030009196674e-15
59.03418840440641,440.9718849561231,0.0018787385747698498,440.9711067162418,0.8284704032862218,1.5760071215272034e-15
59.53418840440641,440.47194385238623,0.0018967962367347298,440.4711514797235,0.835485024496549,1.4134508563934182e-15
60.03418840440641,439.9720028909558,0.0019148948522344166,439.9711962416276,0.8424996085802122,1.426134024901161e-15
60.53418840440641,439.4720620723165,0.0019330345610588623,439.4712410019494,0.849514155553062,1.5288803063161419e-15
61.03418840440641,438.972121396955,0.0019512155036347303,438.9712857606842,0.8565286654309476,1.633374852443481e-15
61.53418840440641,438.47218086536043,0.0019694378210290252,438.4713305178273,0.8635431382297171,1.3734030642752532e-15
62.03418840440641,437.97224047802405,0.0019877016549527467,437.9713752733739,0.8705575739652169,1.5705569044303608e-15
62.53418840440641,437.4723002354393,0.0020060071477645677,437.47142002731925,0.8775719726532926,1.3982944541486501e-15
63.03418840440641,436.972360138102,0.0020243544424745404,436.9714647796584,0.8845863343097881,1.4109313577840177e-15
63.53418840440641,436.4724201865101,0.002042743682747825,436.4715095303866,0.891600658950547,1.233871318995988e-15
64.03418840440641,435.9724803811639,0.0020611750129084453,435.97155427949895,0.8986149465914118,1.3408218949522475e-15
64.53418840440641,435.47254072256607,0.002079648577943071,435.47159902699053,0.905629197248225,1.2563412254102069e-15
65.03418840440641,434.97260121122144,0.002098164523504823,434.97164377285645,0.9126434109368272,1.170230402346694e-15
65.53418840440641,434.4726618476372,0.002116722995917109,434.4716885170917,0.9196575876730596,1.377681162478366e-15
66.03418840440641,433.9727226323229,0.002135324142177484,433.97173325969123,0.9266717274727629,9.930152780150463e-16
66.53418840440641,433.4727835657905,0.0021539681099615347,433.4717780006501,0.9336858303517779,1.0020649665949764e-15
67.03418840440641,432.9728446485542,0.002172655047626796,432.9718227399632,0.9406998963259448,1.2134497229468129e-15
67.53418840440641,432.4729058811306,0.0021913851042166905,432.4718674776255,0.9477139254111038,1.0204457626254415e-15
68.03418840440641,431.97296726403874,0.0022101584294644968,431.97191221363175,0.9547279176230964,1.3387127491809813e-15
68.53418840440641,431.47302879780005,0.0022289751737973465,431.47195694797705,0.9617418729777635,9.352881294216344e-16
69.03418840440641,430.9730904829383,0.0022478354883402464,430.97200168065604,0.9687557914909467,1.0487368659027274e-15
69.53418840440641,430.47315231997976,0.0022667395249201315,430.47204641166354,0.9757696731784888,1.1642000374913216e-15
70.03418840440641,429.9732143094531,0.002285687436069944,429.9720911409943,0.9827835180562325,1.1748996531582347e-15
70.53418840440641,429.47327645188955,0.002304679375032742,429.47213586864314,0.9897973261400218,1.2935025576505578e-15
71.03418840440641,428.9733387478226,0.0023237154957658373,428.9721805946047,0.996811097445702,8.702795682060664e-16
71.53418840440641,428.4734011977884,0.0023427959529449616,428.47222531887365,1.0038248319891192,1.0978837725467178e-15
72.03418840440641,427.9734638023256,0.0023619209019684604,427.97227004144463,1.0108385297861213,1.1080229423363858e-15
72.53418840440641,427.4735265619753,0.002381090498961519,427.47231476231224,1.0178521908525573,1.1182681925750771e-15
73.03418840440641,426.9735894772811,0.002400304900780417,426.97235948147113,1.024865815204278,9.02896609560909e-16
73.53418840440641,426.47365254878923,0.0024195642650168122,426.47240419891574,1.0318794028571352,9.11265524091449e-16
74.03418840440641,425.9737157770484,0.0024388687500020547,425.97244891464067,1.038892953826984,1.0346876036106188e-15
74.53418840440641,425.47377916260996,0.0024582185148115327,425.4724936286402,1.0459064681296804,9.282680100488482e-16
75.03418840440641,424.9738427060278,0.0024776137192690476,424.9725383409091,1.0529199457810825,1.1711295679928046e-15
75.53418840440641,424.47390640785846,0.002497054523951221,424.4725830514416,1.0599333867970517,1.3002416679728376e-15
76.03418840440641,423.97397026866105,0.0025165410901919314,423.972627760232,1.0669467911934514,1.3720204793703536e-15
76.53418840440641,423.4740342889973,0.002536073580086784,423.4726724672748,1.073960158986147,1.3848313139418147e-15
77.03418840440641,422.9740984694316,0.002555652156497612,422.9727171725641,1.0809734901910073,1.2762317623618706e-15
77.53418840440641,422.47416281053114,0.0025752769830570074,422.47276187609447,1.0879867848239038,1.2881774990286862e-15
78.03418840440641,421.9742273128656,0.0025949482241728883,421.97280657785996,1.0950000429007114,1.300249888978396e-15
78.53418840440641,421.47429197700745,0.0026146660450330943,421.47285127785483,1.1020132644373077,1.562440989040695e-15
79.03418840440641,420.97435680353186,0.002634430611610018,420.97289597607323,1.1090264494495738,1.5771198126495299e-15
79.53418840440641,420.47442179301675,0.0026542420906652676,420.47294067250937,1.1160395979533946,1.4009202559188214e-15
80.03418840440641,419.9744869460427,0.002674100649754363,419.9729853671572,1.123052709964658,1.799781664594723e-15
80.53418840440641,419.4745522631932,0.002694006457231467,419.47303006001096,1.1300657854992562,1.622100927502617e-15
81.03418840440641,418.97461774505433,0.0027139596822541483,418.97307475106453,1.1370788245730854,1.8339056715853066e-15
81.53418840440641,418.4746833922152,0.0027339604947881793,418.473119440312,1.144091827202046,1.851241723288353e-15
82.03418840440641,417.97474920526747,0.0027540090656123692,417.9731641277474,1.151104793402042,1.6017971851463306e-15
82.53418840440641,417.47481518480583,0.002774105566323431,417.47320881336447,1.158117723188982,1.81909883633641e-15
83.03418840440641,416.97488133142775,0.002794250169340884,416.97325349715726,1.1651306165787805,1.6323192205945138e-15
83.53418840440641,416.47494764573355,0.00281444304791199,416.4732981791196,1.1721434735873548,1.7164860082933696e-15
84.03418840440641,415.9750141283264,0.002834684376116728,415.9733428592452,1.1791562942306282,2.0793759532015046e-15
84.53418840440641,415.4750807798124,0.002854974328872802,415.4733875375278,1.1861690785245285,1.819289124903388e-15
85.03418840440641,414.9751476008006,0.0028753130819406864,414.97343221396136,1.1931818264849896,1.9779173549754046e-15
85.53418840440641,414.47521459190295,0.002895700811928708,414.47347688853944,1.20019453812795,2.0681163855427273e-15
86.03418840440641,413.9752817537343,0.0029161376962981646,413.97352156125567,1.2072072134693534,1.8718986843660743e-15
86.53418840440641,413.4753490869125,0.0029366239133684796,413.4735662321038,1.2142198525251504,1.889815951146094e-15
87.03418840440641,412.9754165920585,0.0029571596423223962,412.9736109010772,1.2212324553112965,1.8345456054263026e-15
87.53418840440641,412.475484269796,0.002977745063211207,412.47365556816965,1.228245021843754,1.7039775301670957e-15
88.03418840440641,411.975552120752,0.002998380356960024,411.97370023337453,1.23525755213849,1.79514687622743e-15
88.53418840440641,411.4756201455563,0.0030190657053730855,411.4737448966853,1.2422700462114797,1.6613814316957815e-15
89.03418840440641,410.97568834484196,0.0030398012911391006,410.97378955809535,1.249282504078704,1.524894549493612e-15
89.53418840440641,410.47575671924494,0.003060587297836637,410.4738342175982,1.25629492575615,1.7705411683408677e-15
90.03418840440641,409.9758252694044,0.003081423909939543,409.97387887518704,1.263307311259813,1.943085108185659e-15
90.53418840440641,409.4758939959627,0.003102311312822412,409.4739235308553,1.2703196606056941,1.80492237607024e-15
91.03418840440641,408.97596289956505,0.0031232496927660887,408.9739681845962,1.2773319738098021,1.822395678801617e-15
91.53418840440641,408.4760319808601,0.003144239236963211,408.47401283640295,1.2843442508881533,1.7600578879992843e-15
92.03418840440641,407.97610124049953,0.0031652801335237965,407.9740574862687,1.2913564918567713,1.6963610453862883e-15
92.53418840440641,407.47617067913825,0.0031863725714808703,407.4741021341866,1.2983686967316879,1.7944101195183873e-15
93.03418840440641,406.97624029743434,0.0032075167407961294,406.9741467801498,1.3053808655289423,1.6471546545212051e-15
93.53418840440641,406.47631009604913,0.0032287128323656568,406.4741914241513,1.3123929982645821,1.5800421392853458e-15
94.03418840440641,405.9763800756472,0.0032499610380256694,405.9742360661841,1.319405094954663,1.5114841816243633e-15
94.53418840440641,405.4764502368965,0.0032712615505583157,405.4742807062412,1.3264171556152495,1.6110391488638092e-15
95.03418840440641,404.97652058046805,0.0032926145636975102,404.9743253443155,1.333429180262414,1.79803669900253e-15
95.53418840440641,404.4765911070364,0.0033140202721348173,404.4743699803999,1.340441168912239,1.6427255307337998e-15
96.03418840440641,403.97666181727936,0.0033354788715253716,403.9744146144872,1.3474531215808148,1.4842186157673573e-15
96.53418840440641,403.47673271187796,0.0033569905584938504,403.47445924657023,1.3544650382842411,1.4987901588683163e-15
97.03418840440641,402.9768037915168,0.0033785555306404826,402.97450387664173,1.3614769190386276,1.513523664566016e-15
97.53418840440641,402.47687505688367,0.003400173986547109,402.4745485046943,1.368488763860093,1.6183282673504834e-15
98.03418840440641,401.97694650867004,0.0034218461257832836,401.9745931307208,1.3755005727647664,1.634277838593323e-15
98.53418840440641,401.47701814757056,0.0034435721489124217,401.4746377547136,1.3825123457687856,1.9254729286332547e-15
99.03418840440641,400.97708997428344,0.0034653522574979953,400.9746823766654,1.3895240828882995,1.6667130690542174e-15
99.53418840440641,400.4771619895104,0.0034871866541097726,400.4747269965686,1.3965357841394679,1.870225765851382e-15
100.03418840440641,399.97723419395663,0.003509075542330106,399.97477161441583,1.4035474495384594,1.6998780046292297e-15
100.53418840440641,399.4773065883308,0.0035310191267602666,399.47481623019945,1.4105590791014548,1.9074886923155205e-15
101.03418840440641,398.9773791733452,0.0035530176130268262,398.97486084391176,1.4175706728446453,1.5411475416807564e-15
101.53418840440641,398.4774519497156,0.0035750712077880875,398.4749054555451,1.4245822307842333,1.751033860609584e-15
102.03418840440641,397.97752491816146,0.0035971801187405627,397.9749500650919,1.431593752936432,2.063215999351247e-15
102.53418840440641,397.47759807940577,0.0036193445546255022,397.4749946725442,1.438605239317467,1.8853324332544005e-15
103.03418840440641,396.97767143417514,0.0036415647252354697,396.9750392778942,1.445616689943575,2.00437443791012e-15
103.53418840440641,396.4777449831999,0.00366384084142097,396.47508388113414,1.4526281048310044,1.8219711138029088e-15
104.03418840440641,395.97781872721407,0.003686173115097126,395.975128482256,1.4596394839960167,1.9424431611201757e-15
104.53418840440641,395.47789266695526,0.0037085617592504043,395.47517308125185,1.4666508274548846,1.8586541606945818e-15
105.03418840440641,394.9779668031649,0.003731006987945396,394.9752176781136,1.473662135223894,1.6687184680414598e-15
105.53418840440641,394.4780411365882,0.003753509016331645,394.47526227283333,1.4806734073193435,1.790831289743817e-15
106.03418840440641,393.97811566797407,0.0037760680606505315,393.9753068654028,1.4876846437575446,1.7024488329788923e-15
106.53418840440641,393.4781903980752,0.0037986843382422043,393.4753514558138,1.4946958445548213,1.719602569532247e-15
107.03418840440641,392.97826532764816,0.0038213580675525703,392.9753960440582,1.501707009727512,1.7369519369045354e-15
107.53418840440641,392.4783404574533,0.003844089468140334,392.4754406301276,1.5087181392919684,1.8641556380521923e-15
108.03418840440641,391.978415788255,0.0038668787606840923,391.9754852140138,1.5157292332645553,1.5507166104988213e-15
108.53418840440641,391.4784913208213,0.003889726166989484,391.4755297957084,1.5227402916616524,1.790198888687006e-15
109.03418840440641,390.9785670559243,0.003912631909996392,390.97557437520277,1.5297513144996526,1.8083560209230536e-15
109.53418840440641,390.4786429943401,0.003935596213786205,390.47561895248856,1.5367623017949648,1.5983813855768087e-15
110.03418840440641,389.97871913684855,0.00395861930358913,389.9756635275573,1.5437732535640114,1.7299671052077926e-15
110.53418840440641,389.47879548423373,0.003981701405791565,389.47570810040025,1.55078416982323,1.5145720799914415e-15
111.03418840440641,388.9788720372836,0.004004842747943525,388.9757526710088,1.5577950505890734,1.647708766765367e-15
111.53418840440641,388.4789487967903,0.004028043558766129,388.4757972393743,1.5648058958780096,1.5456366967907746e-15
112.03418840440641,387.9790257635498,0.004051304068159144,387.97584180548785,1.5718167057065218,1.5614386141477291e-15
112.53418840440641,387.4791029383625,0.004074624507208584,387.4758863693407,1.5788274800911097,1.3954129741959253e-15
113.03418840440641,386.97918032203256,0.004098005108194374,386.97593093092394,1.5858382190482894,1.2871330503840975e-15
113.53418840440641,386.4792579153686,0.004121446104598065,386.4759754902286,1.5928489225945914,1.362266080573021e-15
114.03418840440641,385.9793357191832,0.00414494773111062,385.97602004724575,1.5998595907465647,1.6890559847051374e-15
114.53418840440641,385.47941373429336,0.00416851022364025,385.47606460196624,1.6068702235207741,1.5168354110941343e-15
115.03418840440641,384.9794919615201,0.0041921338193203145,384.9761091543811,1.6138808209338023,1.6601733389250568e-15
115.53418840440641,384.4795704016888,0.004215818756517289,384.476153704481,1.6208913830022464,1.999864630831974e-15
116.03418840440641,383.9796490556292,0.004239565274838786,383.9761982522568,1.627901909742725,1.7598167717727198e-15
116.53418840440641,383.4797279241751,0.0042633736151416485,383.4762427976991,1.634912401171871,1.9097320983135933e-15
117.03418840440641,382.979807008165,0.004287244019540094,382.9762873407986,1.6419228573063374,1.66337900075764e-15
117.53418840440641,382.47988630844145,0.004311176731413936,382.47633188154595,1.6489332781627943,1.680637231492083e-15
118.03418840440641,381.9799658258516,0.0043351719954168606,381.9763764199315,1.6559436637579303,1.9018698522283237e-15
118.53418840440641,381.480045561247,0.004359230057484771,381.4764209559459,1.6629540141084531,1.715764206796832e-15
119.03418840440641,380.9801255154835,0.0043833511648442,380.97646548957937,1.6699643292310888,1.7336382966533207e-15
119.53418840440641,380.4802056894217,0.004407535566020785,380.4765100208224,1.6769746091425834,1.6816541593615603e-15
120.03418840440641,379.98028608392656,0.004431783510847813,379.97655454966514,1.6839848538597013,1.6284196283389938e-15
120.53418840440641,379.4803666998675,0.00445609525047483,379.4765990760978,1.690995063399227,1.5023701262596566e-15
121.03418840440641,378.9804475381187,0.004480471037376325,378.9766436001106,1.698005237777966,1.5181063987436248e-15
121.53418840440641,378.48052859955885,0.00450491112536047,378.4766881216935,1.705015377012742,1.2418331367424984e-15
122.03418840440641,377.9806098850713,0.004529415769577943,377.9767326408366,1.712025481120401,1.47632466867347e-15
122.53418840440641,377.48069139554406,0.004553985226530817,377.4767771575298,1.7190355501178085,1.417258947250005e-15
123.03418840440641,376.9807731318698,0.004578619754081512,376.97682167176293,1.7260455840218516,1.1306723565542655e-15
123.53418840440641,376.48085509494604,0.0046033196114618315,376.47686618352594,1.733055582849439,1.2949426803860565e-15
124.03418840440641,375.9809372856749,0.004628085059282057,375.9769106928084,1.7400655466174995,1.3855954645639409e-15
124.53418840440641,375.4810197049634,0.0046529163595401294,375.4769551996002,1.7470754753429851,1.3224565918502005e-15
125.03418840440641,374.9811023537233,0.00467781377563089,374.97699970389067,1.7540853690428697,1.4150761593467058e-15
125.53418840440641,374.4811852328714,0.004702777572355405,374.47704420566953,1.7610952277341485,1.430081813845292e-15
126.03418840440641,373.98126834332913,0.0047278080159303655,373.9770887049262,1.7681050514338406,1.6861454090643161e-15
126.53418840440641,373.48135168602306,0.004752905373997552,373.4771332016501,1.7751148401589871,1.7852212976492217e-15
127.03418840440641,372.9814352618846,0.004778069915633386,372.9771776958305,1.782124593926653,1.3941781216186077e-15
127.53418840440641,372.48151907185013,0.0048033019113585575,372.4772221874567,1.7891343127539259,1.4919289506601249e-15
128.0341884044064,371.98160311686115,0.004828601633147721,371.97726667651784,1.7961439966579176,1.5916291327324112e-15
128.5341884044064,371.4816873978641,0.004853969354439283,371.47731116300304,1.8031536456557637,1.777978809994493e-15
129.0341884044064,370.9817719158106,0.004879405350145257,370.97735564690134,1.8101632597646256,1.7114439105322442e-15
129.5341884044064,370.48185667165734,0.004904909896661204,370.4774001282017,1.8171728390016866,1.6433045707183863e-15
130.0341884044064,369.9819416663662,0.004930483271876254,369.97744460689296,1.8241823833841573,1.9232039668567453e-15
130.5341884044064,369.4820269009042,0.0049561257551832055,369.477489082964,1.8311918929292719,1.6788075048288164e-15
131.0341884044064,368.98211237624366,0.00498183762748871,368.9775335564035,1.8382013676542914,1.6968833470692962e-15
131.5341884044064,368.48219809336206,0.0050076191712235376,368.4775780272001,1.8452108075765015,1.7151793538405184e-15
132.0341884044064,367.9822840532423,0.0050334706703529285,367.9776224953424,1.8522202127132141,1.6424512255792023e-15
132.5341884044064,367.48237025687257,0.005059392410387026,367.47766696081896,1.8592295830817689,1.6602099809477718e-15
133.0341884044064,366.98245670524636,0.005085384678391395,366.97771142361813,1.8662389186995303,1.4917208367337005e-15
133.5341884044064,366.48254339936267,0.005111447762997632,366.4777558837283,1.873248219583891,2.0733558627505164e-15
134.0341884044064,365.9826303402259,0.005137581954414053,365.9778003411378,1.880257485752271,1.714801372933954e-15
134.5341884044064,365.4827175288459,0.005163787544436475,365.4778447958347,1.8872667172221171,1.829749510058829e-15
135.0341884044064,364.98280496623806,0.005190064826459087,364.9778892478071,1.8942759140109051,1.7523217622905798e-15
135.5341884044064,364.48289265342333,0.005216414095485408,364.47793369704317,1.9012850761361375,1.869841819966121e-15
136.0341884044064,363.98298059142826,0.005242835648139332,363.97797814353066,1.9082942036153479,1.5917974118943716e-15
136.5341884044064,363.48306878128506,0.005269329782676271,363.4780225872576,1.9153032964660968,1.6092035477394851e-15
137.0341884044064,362.9831572240315,0.005295896798994386,362.9780670282117,1.9223123547059742,1.7285015311753474e-15
137.5341884044064,362.4832459207112,0.005322536998645912,362.4781114663806,1.9293213783526004,1.6446646497913275e-15
138.0341884044064,361.98333487237346,0.005349250684848574,361.97815590175196,1.9363303674236252,1.9744866503616108e-15
138.5341884044064,361.48342408007335,0.005376038162497105,361.4782003343133,1.9433393219367288,1.6810108827377074e-15
139.0341884044064,360.9835135448718,0.005402899738174848,360.97824476405214,1.9503482419096212,1.6995236044715835e-15
139.5341884044064,360.48360326783563,0.005429835720165467,360.4782891909557,1.957357127360044,1.6108752378435658e-15
140.0341884044064,359.9836932500375,0.0054568464184647485,359.9783336150113,1.9643659783057708,1.5200885293611502e-15
140.5341884044064,359.4837834925561,0.0054839321447925,359.4783780362061,1.9713747947646056,1.64667955898695e-15
141.0341884044064,358.983873996476,0.0055110932126045545,358.9784224545272,1.9783835767543847,1.6649181661636288e-15
141.5341884044064,358.4839647628879,0.0055383299371048675,358.47846686996155,1.985392324292976,1.4589338801193922e-15
142.0341884044064,357.9840557928886,0.005565642635257723,357.9785112824961,1.992401037398282,1.7020839910421648e-15
142.5341884044064,357.484147087581,0.005593031625800036,357.47855569211765,1.9994097160882363,1.835752150686383e-15
143.0341884044064,356.98423864807404,0.00562049722925376,356.97860009881293,2.0064183603808066,1.8562021203565964e-15
143.5341884044064,356.484330475483,0.005648039767938403,356.47864450256856,2.013426970293994,1.9355631597035544e-15
144.0341884044064,355.9844225709293,0.005675659565983639,355.97868890337105,2.0204355458458343,1.779261188570698e-15
144.5341884044064,355.4845149355408,0.005703356949342039,355.4787333012069,2.0274440870543966,1.7991678821936056e-15
145.0341884044064,354.98460757045154,0.005731132245801897,354.9787776960624,2.0344525939377864,1.5161053773557165e-15
145.5341884044064,354.48470047680206,0.005758985785000175,354.47882208792385,2.0414610665141435,1.5944417271104084e-15
146.0341884044064,353.9847936557392,0.00578691789843555,353.97886647677734,2.048469504801642,1.6743721463881087e-15
146.5341884044064,353.48488710841644,0.005814928919481573,353.478910862609,2.055477908818495,1.505079394531866e-15
147.0341884044064,352.9849808359936,0.005843019183399944,352.97895524540473,2.0624862785829494,1.4586227542261903e-15
147.5341884044064,352.4850748396372,0.005871189027353897,352.47899962515044,2.069494614113289,1.539219042409186e-15
148.0341884044064,351.98516912052025,0.005899438790421697,351.9790440018318,2.0765029154278363,1.6214751971378726e-15
148.5341884044064,351.4852636798225,0.005927768813610256,351.47908837543457,2.083511182544949,1.8366083114838387e-15
149.0341884044064,350.9853585187303,0.005956179439868864,350.97913274594424,2.090519415483025,1.5920807304898314e-15
149.5341884044064,350.485453638437,0.005984671014103035,350.4791771133463,2.097527614260499,1.5430647416599994e-15
150.0341884044064,349.98554904014236,0.006013243883188475,349.979221477626,2.1045357788958436,1.6284603128638834e-15
150.5341884044064,349.4856447250533,0.006041898395985169,349.4792658387688,2.111543909407573,1.5783763907231654e-15
151.0341884044064,348.98574069438354,0.0060706349033515855,348.9793101967596,2.1185520058142386,1.6657813016704642e-15
151.5341884044064,348.4858369493537,0.006099453758159011,348.4793545515836,2.1255600681344324,1.6146031541719085e-15
152.0341884044064,347.9859334911915,0.0061283553153059995,347.9793989032256,2.1325680963867875,1.6330679471536807e-15
152.5341884044064,347.4860303211315,0.006157339931732952,347.4794432516705,2.1395760905899763,1.8672199740477668e-15
153.0341884044064,346.98612744041566,0.006186407966436817,346.979487596903,2.146584050762713,1.8159970675769897e-15
153.5341884044064,346.48622485029284,0.006215559780485929,346.47953193890777,2.1535919769237544,1.8368573965894823e-15
154.0341884044064,345.98632255201915,0.00624479573703496,345.9795762776692,2.1605998690918966,1.560710483345126e-15
154.5341884044064,345.48642054685797,0.006274116201340013,345.4796206131716,2.1676077272859806,1.653867436124136e-15
155.0341884044064,344.98651883608005,0.006303521540773842,344.97966494539946,2.1746155515248895,1.5969070426526756e-15
155.5341884044064,344.4866174209634,0.006333012124841204,344.4797092743368,2.1816233418275495,1.5384381742788728e-15
156.0341884044064,343.9867163027934,0.006362588325194347,343.9797535999676,2.1886310982129293,1.5562421157280027e-15
156.5341884044064,343.48681548286305,0.006392250515648632,343.47979792227585,2.195638820700044,1.6529929706054933e-15
157.0341884044064,342.9869149624727,0.006421999072198289,342.97984224124536,2.2026465093079524,1.7518075133369607e-15
157.5341884044064,342.48701474293046,0.006451834373032319,342.47988655685975,2.2096541640557583,1.691618633241194e-15
158.0341884044064,341.9871148255518,0.006481756798550522,341.9799308691027,2.21666178496261,1.5483306808201179e-15
158.5341884044064,341.48721521166016,0.00651176673137968,341.47997517795756,2.2236693720477034,1.5663838104302382e-15
159.0341884044064,340.9873159025865,0.006541864556389874,340.9800194834077,2.2306769253302794,1.6680788714916321e-15
159.5341884044064,340.48741689966965,0.006572050660710945,340.48006378543636,2.2376844448296267,1.43444884384025e-15
160.0341884044064,339.98751820425633,0.006602325433749102,339.9801080840266,2.244691930565081,1.6219851755140184e-15
160.5341884044064,339.48761981770116,0.006632689267203679,339.4801523791613,2.251699382556027,1.6410114729061625e-15
161.0341884044064,338.98772174136667,0.006663142555084035,338.9801966708235,2.2587068008218956,1.8350574731656818e-15
161.5341884044064,338.4878239766234,0.006693685693726605,338.48024095899564,2.2657141853821674,1.7682366022425495e-15
162.0341884044064,337.98792652485014,0.006724319081812109,337.98028524366055,2.272721536256373,1.8785265912768936e-15
162.5341884044064,337.4880293874336,0.0067550431203828995,337.4803295248005,2.279728853464092,1.6291681794961458e-15
163.0341884044064,336.9881325657688,0.0067858582128604815,336.9803738023979,2.2867361370249535,1.4652659930808365e-15
163.5341884044064,336.4882360612591,0.006816764765063172,336.4804180764349,2.2937433869586394,1.6679376093246994e-15
164.0341884044064,335.98833987531606,0.006847763185223928,335.9804623468936,2.300750603284881,1.5939503300808718e-15
164.5341884044064,335.48844400935974,0.00687885388400833,335.48050661375595,2.3077577860234624,1.7077516532241283e-15
165.0341884044064,334.9885484648185,0.0069100372745327255,334.9805508770037,2.3147649351942197,1.8240635305988374e-15
165.5341884044064,334.4886532431294,0.006941313772382536,334.48059513661855,2.321772050817042,1.360054687408122e-15
166.0341884044064,333.98875834573795,0.006972683795630728,333.9806393925819,2.32877913291187,1.4745836730511806e-15
166.5341884044064,333.4888637740983,0.007004147764856455,333.48068364487534,2.3357861814987007,1.6911603276156947e-15
167.0341884044064,332.9889695296734,0.007035706103163855,332.9807278934799,2.3427931965975843,1.5100548228219606e-15
167.5341884044064,332.48907561393486,0.007067359236201034,332.4807721383769,2.349800178228626,1.5281508566978121e-15
168.0341884044064,331.98918202836325,0.0070991075921792044,331.98081637954715,2.356807126411987,1.6495915014338006e-15
168.5341884044064,331.4892887744479,0.007130951601892009,331.4808606169715,2.3638140411678825,1.6694208565126501e-15
169.0341884044064,330.98939585368726,0.007162891698735016,330.9809048506307,2.3708209225165864,1.583924682003801e-15
169.5341884044064,330.4895032675887,0.007194928318725386,330.4809490805052,2.3778277704784285,1.4961554968370203e-15
170.0341884044064,329.9896110176688,0.0072270619005217265,329.98099330657544,2.384834585073797,1.5142242618496301e-15
170.5341884044064,329.48971910545316,0.00725929288544412,329.4810375288217,2.391841366323138,1.642006811266685e-15
171.0341884044064,328.9898275324768,0.0072916217174943355,328.98108174722387,2.398848114246955,1.7726920422795724e-15
171.5341884044064,328.48993630028394,0.0073240488433762305,328.4811259617621,2.405854828865813,1.6820631626424397e-15
172.0341884044064,327.99004541042825,0.007356574712516331,327.9811701724161,2.4128615102003357,1.4755035436945275e-15
172.5341884044064,327.4901548644728,0.007389199777084606,327.4812143791655,2.4198681582712074,1.4934623573694086e-15
173.0341884044064,326.9902646639902,0.007421924492015428,326.9812585819898,2.426874773099173,1.4535271556960959e-15
173.5341884044064,326.49037481056274,0.007454749315028732,326.48130278086825,2.4338813547050395,1.059317298631468e-15
174.0341884044064,325.99048530578233,0.007487674706651361,325.98134697578007,2.4408879031096773,1.1914126507655707e-15
174.5341884044064,325.4905961512506,0.007520701130238616,325.4813911667043,2.447894418334018,1.2060050293289728e-15
175.0341884044064,324.990707348579,0.007553829051995998,324.98143535361976,2.454900900399056,1.5259992776599978e-15
175.5341884044064,324.49081889938896,0.007587058941001159,324.4814795365051,2.4619073493258523,1.297588894354044e-15
176.0341884044064,323.99093080531185,0.007620391269226044,323.9815237153389,2.4689137651355315,1.376107452358164e-15
176.5341884044064,323.49104306798904,0.007653826511559252,323.4815678900994,2.4759201478492816,1.1397835176347537e-15
177.0341884044064,322.9911556890721,0.0076873651458285956,322.981612060765,2.48292649748836,1.2820602945510848e-15
177.5341884044064,322.4912686702228,0.00772100765282387,322.4816562273135,2.489932814074087,1.2979126025500954e-15
178.0341884044064,321.9913820131131,0.007754754516319841,321.98170038972285,2.4969390976278527,1.2482871255905057e-15
178.5341884044064,321.4914957194254,0.00778860622309944,321.4817445479707,2.5039453481711145,1.5298280747310965e-15
179.0341884044064,320.9916097908527,0.00782256326297718,320.98178870203463,2.510951565725398,1.2794719856912805e-15
179.5341884044064,320.4917242290982,0.007856626128822784,320.4818328518919,2.5179577503122967,1.3635720216519874e-15
180.0341884044064,319.99183903587607,0.007890795316585054,319.98187699751975,2.524963901953477,1.2425104175168744e-15
180.5341884044064,319.49195421291085,0.007925071325315931,319.481921138895,2.5319700206706726,1.3279115568590034e-15
181.0341884044064,318.99206976193807,0.007959454657194815,318.98196527599464,2.538976106485691,1.2029874098830243e-15
181.5341884044064,318.492185684704,0.00799394581755309,318.48200940879514,2.545982159420408,1.0031027691598643e-15
182.0341884044064,317.99230198296596,0.008028545314898895,317.98205353727303,2.552988179496776,1.0882346102017377e-15
182.5341884044064,317.4924186584922,0.008063253660942116,317.4820976614045,2.5599941667368182,1.1019073779026826e-15
183.0341884044064,316.99253571306224,0.008098071370619632,316.98214178116564,2.5670001211626325,1.1901592432914102e-15
183.5341884044064,316.4926531484666,0.008132998962120778,316.4821858965323,2.574006042796391,1.129838421425688e-15
184.0341884044064,315.9927709665073,0.008168036956913066,315.98223000748027,2.581011931660341,9.91555844283335e-16
184.5341884044064,315.4928891689976,0.008203185879768147,315.48227411398494,2.5880177877768067,1.1585708995625875e-15
185.0341884044064,314.99300775776226,0.008238446258788019,314.98231821602167,2.595023611168189,1.0168129101774508e-15
185.5341884044064,314.4931267346377,0.008273818625431476,314.48236231356566,2.602029401856964,1.2673391886350026e-15
186.0341884044064,313.99324610147187,0.008309303514540829,313.9824064065916,2.60903515986569,8.021524818158158e-16
186.5341884044064,313.4933658601245,0.008344901464368861,313.4824504950744,2.616040885217,9.74835021286503e-16
187.0341884044064,312.99348601246726,0.00838061301660606,312.98249457898845,2.6230465779336103,9.049913561387967e-16
187.5341884044064,312.4936065603836,0.0084164387164081,312.4825386583081,2.6300522380383162,6.665804219812397e-16
188.0341884044064,311.9937275057692,0.00845237911242358,311.9825827330075,2.6370578655539934,1.0126599031925554e-15
188.5341884044064,311.49384885053166,0.008488434756822058,311.48262680306055,2.644063460503601,5.982865204263217e-16
189.0341884044064,310.99397059659094,0.00852460620532232,310.9826708684409,2.651069022910181,9.52229673192498e-16
189.5341884044064,310.4940927458793,0.008560894017220952,310.48271492912204,2.658074552796858,7.891116383321035e-16
190.0341884044064,309.99421530034135,0.008597298755421161,309.9827589850772,2.6650800501868415,7.992717394197117e-16
190.5341884044064,309.49433826193433,0.008633820986461904,309.48280303627956,2.6720855151034253,6.296730720316646e-16
191.0341884044064,308.9944616326281,0.008670461280547272,308.9828470827019,2.6790909475699918,8.200378096976291e-16
191.5341884044064,308.49458541440515,0.00870722021157618,308.4828911243168,2.6860963476100066,6.460600352720025e-16
192.0341884044064,307.99470960926084,0.008744098357172337,307.98293516109663,2.6931017152470256,7.47924061684057e-16
192.5341884044064,307.4948342192035,0.008781096298714507,307.48297919301365,2.7001070505046916,5.682254641592903e-16
193.0341884044064,306.99495924625444,0.008818214621367068,306.98302322003974,2.7071123534067376,5.756147143061767e-16
193.5341884044064,306.49508469244824,0.008855453914110873,306.4830672421467,2.714117623976988,5.831125437014706e-16
194.0341884044064,305.99521055983257,0.008892814769774405,305.98311125930604,2.7211228622393544,7.876276411339355e-16
194.5341884044064,305.4953368504685,0.008930297785065247,305.48315527148895,2.7281280682178446,8.976616295808326e-16
195.0341884044064,304.99546356643066,0.008967903560601856,304.98319927866646,2.7351332419365555,8.08367271612427e-16
195.5341884044064,304.4955907098072,0.009005632700945648,304.48324328080946,2.742138383419681,8.189676128345976e-16
196.0341884044064,303.99571828269984,0.009043485814633406,303.98328727788834,2.7491434926915064,5.185781375167623e-16
196.5341884044064,303.49584628722437,0.00908146351421,303.4833312698736,2.7561485697764145,8.406420873666988e-16
197.0341884044064,302.9959747255102,0.00911956641626144,302.9833752567352,2.7631536146988838,9.581866383225706e-16
197.5341884044064,302.49610359970103,0.009157795141448244,302.48341923844293,2.7701586274834895,8.629658164154637e-16
198.0341884044064,301.99623291195456,0.009196150314539152,301.98346321496655,2.777163608154906,8.743779065390372e-16
198.5341884044064,301.49636266444276,0.009234632564445166,301.48350718627523,2.7841685567379058,7.752154511355809e-16
199.0341884044064,300.996492859352,0.009273242524253926,300.98355115233807,2.791173473257361,7.855019231662559e-16
199.5341884044064,300.4966234988831,0.009311980831264438,300.4835951131239,2.798178357738246,6.822365271622014e-16
200.0341884044064,299.9967545852516,0.009350848127022146,299.9836390686013,2.805183210205637,4.608800594160839e-16
200.5341884044064,299.49688612068775,0.00938984505735435,299.48368301873853,2.812188030684712,8.756753730087597e-16
201.0341884044064,298.9970181074366,0.00942897227240598,298.98372696350367,2.819192819200753,7.690577335504684e-16
201.5341884044064,298.4971505477582,0.009468230426675743,298.4837709028645,2.826197575779148,7.193998666839634e-16
202.0341884044064,297.99728344392787,0.009507620179052607,297.9838148367885,2.833202300445391,6.075366136212675e-16
202.5341884044064,297.497416798236,0.009547142192852683,297.48385876524287,2.8402069932250806,6.772645700292003e-16
203.0341884044064,296.99755061298833,0.009586797135856452,296.98390268819463,2.8472116541439254,4.991818352615986e-16
203.5341884044064,296.4976848905062,0.00962658568034639,296.48394660561047,2.854216283227742,6.323853981761317e-16
204.0341884044064,295.9978196331266,0.009666508503144959,295.98399051745673,2.861220880502457,5.127372066525832e-16
204.5341884044064,295.49795484320214,0.009706566285652987,295.4840344236996,2.868225445994108,3.897526780141456e-16
205.0341884044064,294.99809052310144,0.009746759713888447,294.98407832430485,2.875229979728844,4.608705333028942e-16
205.5341884044064,294.4982266752091,0.00978708947852562,294.48412221923803,2.8822344817329286,4.003918806108299e-16
206.0341884044064,293.99836330192585,0.00982755627493466,293.9841661084645,2.8892389520327386,3.381950339853045e-16
206.5341884044064,293.49850040566884,0.009868160803221561,293.4842099919491,2.8962433906547664,6.170396551886394e-16
207.0341884044064,292.9986379888715,0.009908903768268544,292.9842538696565,2.90324779762562,4.864655821897844e-16
207.5341884044064,292.498776053984,0.00994978587977484,292.48429774155125,2.910252172972025,4.2266768484428147e-16
208.0341884044064,291.99891460347305,0.00999080785229791,291.9843416075972,2.917256516720826,4.998616146266814e-16
208.5341884044064,291.4990536398224,0.010031970405295071,291.48438546775816,2.9242608288989875,5.067152943585441e-16
209.0341884044064,290.99919316553274,0.010073274263165568,290.9844293219977,2.931265109533595,3.669108120857083e-16
209.5341884044064,290.49933318312185,0.010114720155293064,290.4844731702788,2.938269358651854,5.207429752410936e-16
210.0341884044064,289.99947369512483,0.010156308816088587,289.9845170125644,2.945273576281096,5.279206771531869e-16
210.5341884044064,289.4996147040943,0.0101980409850339,289.48456084881695,2.9522777624487744,3.058343692088639e-16
211.0341884044064,288.99975621260046,0.01023991740672534,288.98460467899866,2.9592819171824702,4.650971331070944e-16
211.5341884044064,288.4998982232312,0.010281938830918104,288.48464850307136,2.9662860405098894,5.501321816425446e-16
212.0341884044064,288.0000407385923,0.010324106012570992,287.98469232099654,2.9732901324588665,3.1872499430705996e-16
212.5341884044064,287.5001837613077,0.010366419711891625,287.48473613273546,2.980294193057365,4.03946464796072e-16
213.0341884044064,287.00032729401954,0.010408880694382132,286.98477993824895,2.9872982223334796,5.734032067613993e-16
213.5341884044064,286.50047133938824,0.010451489730885312,286.48482373749755,2.994302220315435,4.983474356678541e-16
214.0341884044064,286.00061590009284,0.010494247597631283,285.9848675304414,3.001306187031591,2.526572699569955e-16
214.5341884044064,285.50076097883107,0.010537155076284617,285.4849113170404,3.0083101225104403,1.7079722523486203e-16
215.0341884044064,285.0009065783195,0.01058021295399198,284.984955097254,3.0153140267806107,8.659679664796847e-17
215.5341884044064,284.50105270129364,0.010623422023430256,284.48499887104134,3.0223178998708664,2.63441913456184e-16
216.0341884044064,284.0011993505084,0.010666783082855204,283.98504263836116,3.0293217418101115,2.6715141481281455e-16
216.5341884044064,283.5013465287379,0.010710296936150604,283.4850863991719,3.0363255526273885,1.8061328003005446e-16
217.0341884044064,283.00149423877576,0.010753964392877938,282.9851301534317,3.0433293323518784,-0.0
217.5341884044064,282.5016424834354,0.010797786268326599,282.4851739010981,3.0503330810129086,-0.0
218.0341884044064,282.00179126555,0.010841763383564625,281.9852176421284,3.057336798639946,1.8839334817459934e-16
218.5341884044064,281.50194058797297,0.01088589656548998,281.4852613764796,3.0643404852626044,-0.0
219.0341884044064,281.0020904535778,0.010930186646882379,280.9853051041083,3.0713441409106443,9.689494713900812e-17
219.5341884044064,280.50224086525844,0.010974634466455664,280.4853488249705,3.078347765613972,-0.0
220.0341884044064,280.0023918259294,0.01101924086891075,279.98539253902214,3.085351359402643,9.968068897629944e-17
220.5341884044064,279.50254333852604,0.011064006704989129,279.48543624621857,3.0923549223068645,-1.0110734520618254e-16
221.0341884044064,279.0026954060046,0.011108932831526952,278.9854799465148,3.0993584543569948,-0.0
221.5341884044064,278.50284803134247,0.011154020111509693,278.4855236398652,3.106361955583546,2.0806053194342027e-16
222.0341884044064,278.00300121753844,0.011199269414127407,277.98556732622427,3.1133654260171846,1.0552736993699119e-16
222.5341884044064,277.5031549676128,0.011244681614830577,277.48561100554554,3.120368865688734,3.211464295619129e-16
223.0341884044064,277.0033092846075,0.011290257595386564,276.9856546777825,3.127372274629175,2.1719005325252523e-16
223.5341884044064,276.50346417158653,0.011335998243936685,276.48569834288816,3.134375652869649,2.2033293993422333e-16
224.0341884044064,276.0036196316359,0.011381904455053887,275.9857420008148,3.141379000441456,3.35290795775601e-16
224.5341884044064,275.503775667864,0.011427977129801066,275.4857856515148,3.1483823173760603,4.53547521660063e-16
225.0341884044064,275.0039322834016,0.01147421717579002,274.9858292949396,3.1553856037050902,5.176655673835564e-16
225.5341884044064,274.50408948140233,0.011520625507241032,274.4858729310405,3.162388859460339,2.334276450504864e-16
226.0341884044064,274.0042472650427,0.011567203045043124,273.9859165597682,3.1693920846737673,4.1446463266803525e-16
226.5341884044064,273.5044056375224,0.011613950716814954,273.48596018107315,3.176395279377506,6.007561569138751e-17
227.0341884044064,273.00456460206436,0.011660869456966394,272.98600379490523,3.183398443603854,1.8286895141652163e-16
227.5341884044064,272.5047241619152,0.011707960206760779,272.48604740121374,3.1904015773852845,2.474064053583045e-16
228.0341884044064,272.0048843203452,0.01175522391437784,271.98609099994775,3.1974046807544436,3.1380868705371467e-16
228.5341884044064,271.5050450806487,0.01180266153497734,271.48613459105576,3.204407753744155,2.547479997869415e-16
229.0341884044064,271.00520644614426,0.011850274030763401,270.9861781744857,3.2114107963874168,2.5851067656434594e-16
229.5341884044064,270.5053684201748,0.011898062371049562,270.4862217501852,3.2184138087174072,3.2792015455653246e-16
230.0341884044064,270.0055310061081,0.011946027532324535,269.98626531810135,3.225416790767486,1.9966913108022849e-16
230.5341884044064,269.5056942073365,0.011994170498318715,269.4863088781807,3.2324197425711954,4.72815036676789e-16
231.0341884044064,269.0058580272778,0.012042492260071414,268.98635243036927,3.239422664162261,2.0565065825636615e-16
231.5341884044064,268.5060224693749,0.01209099381599886,268.4863959746128,3.246425555574595,1.391446593758432e-16
232.0341884044064,268.0061875370964,0.01213967617196294,267.9864395108562,3.253428416842298,2.824466102619409e-16
232.5341884044064,267.5063532339368,0.012188540341340733,267.4864830390441,3.26043124799966,2.1500553332799805e-16
233.0341884044064,267.00651956341653,0.012237587345094798,266.98652655912065,3.2674340490811624,2.909729402574142e-16
233.5341884044064,266.5066865290824,0.01228681821184428,266.48657007102935,3.2744368201214824,2.2150848304147856e-16
234.0341884044064,266.0068541345078,0.012336233977936794,265.9866135747132,3.2814395611554903,2.9979053013795495e-16
234.5341884044064,265.50702238329285,0.012385835687521139,265.48665707011463,3.2884422722182536,2.282340010662871e-16
235.0341884044064,265.0071912790648,0.012435624392620812,264.9867005571757,3.2954449533450405,1.544552450417841e-16
235.5341884044064,264.50736082547814,0.012485601153208382,264.4867440358377,3.3024476045713214,1.5679372911422531e-16
236.0341884044064,264.007531026215,0.012535767037280685,263.9867875060416,3.309450225932767,3.1834439857311254e-16
236.5341884044064,263.50770188498535,0.012586123120934887,263.48683096772754,3.3164528174652568,2.4238712636019776e-16
237.0341884044064,263.00787340552716,0.012636670488445405,262.98687442083536,3.3234553792048747,4.101304050126788e-16
237.5341884044064,262.50804559160684,0.01268741023234172,262.4869178653042,3.3304579111879162,5.829432944824568e-16
238.0341884044064,262.00821844701943,0.012738343453487063,261.9869613010726,3.337460413450888,4.227535592939085e-16
238.5341884044064,261.50839197558884,0.01278947126115801,261.48700472807855,3.344462886030508,4.292289512364065e-16
239.0341884044064,261.0085661811682,0.012840794773124999,260.98704814625955,3.351465328963715,2.614898147872849e-16
239.5341884044064,260.50874106764,0.012892315115733756,260.48709155555235,3.3584677422876608,2.6551076343610096e-16
240.0341884044064,260.0089166389166,0.012944033423987672,259.9871349558932,3.365470126039719,4.493358999360607e-16
240.5341884044064,259.5090928989403,0.012995950841631134,259.48717834721765,3.3724724802574855,3.6501799443690175e-16
241.0341884044064,259.00926985168377,0.013048068521233804,258.9872217294607,3.3794748049787815,3.7066401512685634e-16
241.5341884044064,258.5094475011502,0.013100387624275891,258.48726510255676,3.3864771002416543,4.70510827242333e-16
242.0341884044064,258.0096258513737,0.013152909321234404,257.9873084664395,3.3934793660843785,2.8669039087062595e-16
242.5341884044064,257.5098049064197,0.013205634791670418,257.487351821042,3.4004816025454643,2.9115116588170613e-16
243.0341884044064,257.00998467038494,0.013258565224317339,256.9873951662968,3.4074838096636513,9.856344132804735e-17
243.5341884044064,256.51016514739814,0.013311701817170224,256.4874385021356,3.414485987477917,2.0020626678164195e-16
244.0341884044064,256.01034634162005,0.013365045777576131,255.98748182848956,3.4214881360274774,3.0500996259364874e-16
244.5341884044064,255.5105282572438,0.013418598322325528,255.4875251452891,3.4284902553517886,2.0652907555339467e-16
245.0341884044064,255.01071089849538,0.013472360677744785,254.9875684524641,3.4354923454905504,3.1466198920263345e-16
245.5341884044064,254.51089426963375,0.013526334079789749,254.48761174994357,3.4424944064837075,2.1307784172948928e-16
246.0341884044064,254.01107837495132,0.013580519774140421,253.98765503765597,3.449496438371454,5.410994038247452e-16
246.5341884044064,253.51126321877422,0.01363491901629676,253.487698315529,3.4564984411942343,3.2979237436808726e-16
247.0341884044064,253.01144880546255,0.013689533071675608,252.98774158348965,3.4635004149927453,4.466889907203968e-16
247.5341884044064,252.51163513941088,0.013744363215708785,252.48778484146422,3.47050235980794,2.2688971440842737e-16
248.0341884044064,252.01182222504846,0.013799410733942327,251.98782808937824,3.4775042756810297,1.1524924113228767e-16
248.5341884044064,251.5120100668396,0.013854676922136926,251.48787132715654,3.484506162653487,4.098011197879466e-16
249.0341884044064,251.01219866928406,0.013910163086369557,250.98791455472323,3.4915080207670486,3.5686765568639965e-16
249.5341884044064,250.51238803691734,0.013965870543136328,250.4879577720016,3.498509850063716,4.834378288462901e-16
250.0341884044064,250.01257817431107,0.01402180061945655,249.98800097891422,3.5055116505857615,4.297909976838463e-16
250.5341884044064,249.51276908607335,0.014077954652978076,249.48804417538284,3.512513422375728,3.119262252052327e-16
251.0341884044064,249.01296077684916,0.014134333992083893,248.98808736132858,3.519515165476433,1.9016902781212884e-16
251.5341884044064,248.51315325132066,0.014190939995999999,248.4881305366716,3.526516879930973,3.2206184298548523e-16
252.0341884044064,248.01334651420763,0.014247774034904591,247.98817370133136,3.533518565782723,5.236295443646902e-16
252.5341884044064,247.5135405702678,0.014304837490038573,247.48821685522645,3.540520223075341,3.9908416546309474e-16
253.0341884044064,247.01373542429724,0.014362131753817398,246.9882599982747,3.547521851852773,4.731563127007781e-16
253.5341884044064,246.51393108113078,0.014419658229944276,246.48830313039306,3.5545234521592524,3.434664131481491e-16
254.0341884044064,246.01412754564234,0.014477418333524754,245.9883462514977,3.5615250240393044,5.585040234363577e-16
254.5341884044064,245.51432482274544,0.014535413491182706,245.48838936150386,3.56852656753775,6.385799997203243e-16
255.0341884044064,245.01452291739344,0.014593645141177728,244.98843246032607,3.5755280826997082,6.49032268747593e-16
255.5341884044064,244.5147218345801,0.014652114733523978,244.48847554787778,3.582529569570599,4.3978514969988697e-16
256.0341884044064,244.01492157933987,0.014710823730110475,243.98851862407173,3.589531028196147,3.7251130357964635e-16
256.5341884044064,243.51512215674842,0.014769773604822876,243.48856168881974,3.596532458622383,3.029174240647459e-16
257.0341884044064,243.01532357192298,0.014828965843666756,242.9886047420327,3.6035338608956495,3.079170933427756e-16
257.5341884044064,242.51552583002274,0.014888401944892413,242.48864778362056,3.6105352350626023,2.347574571293073e-16
258.0341884044064,242.0157289362494,0.014948083419121214,241.9886908134924,3.6175365811702154,5.568463389111001e-16
258.5341884044064,241.5159328958475,0.015008011789473506,241.4887338315564,3.624537899265782,6.469659368085483e-16
259.0341884044064,241.0161377141049,0.015068188591698123,240.98877683771968,3.6315391893969187,5.755175114178808e-16
259.5341884044064,240.51634339635325,0.015128615374303505,240.48881983188843,3.6385404516115716,8.358813066143427e-16
260.0341884044064,240.0165499479684,0.015189293698690454,239.98886281396798,3.6455416859580145,5.099118115799895e-16
260.5341884044064,239.51675737437088,0.015250225139286542,239.48890578386258,3.652542892484857,6.048619029089861e-16
261.0341884044064,239.01696568102642,0.015311411283682217,238.9889487414755,3.6595440712410467,6.150151655281336e-16
261.5341884044064,238.51717487344627,0.015372853732768609,238.488991686709,3.6665452222758703,7.146981418769777e-16
262.0341884044064,238.01738495718786,0.01543455410087707,237.98903461946435,3.6735463456389614,6.359030938855198e-16
262.5341884044064,237.51759593785516,0.015496514015920487,237.48907753964176,3.6805474413803,5.542679867987205e-16
263.0341884044064,237.0178078210992,0.01555873511953636,236.98912044714044,3.687548509550221,7.515357751338276e-16
263.5341884044064,236.5180206126186,0.015621219067231712,236.48916334185844,3.694549550199412,5.732150626085291e-16
264.0341884044064,236.01823431816004,0.015683967528529824,235.9892062236929,3.7015505633789214,5.829615023231202e-16
264.5341884044064,235.51844894351873,0.015746982187118844,235.4892490925397,3.7085515491401617,5.928950620444474e-16
265.0341884044064,235.018664494539,0.01581026474100229,234.98929194829375,3.7155525075349116,7.035230363358378e-16
265.5341884044064,234.51888097711475,0.015873816902651477,234.48933479084877,3.7225534386153205,7.155629257232735e-16
266.0341884044064,234.01909839719008,0.01593764039915988,233.98937762009746,3.729554342433916,7.278354681128976e-16
266.5341884044064,233.51931676075966,0.016001736972399507,233.48942043593118,3.7365552190436,7.4034567373214865e-16
267.0341884044064,233.01953607386946,0.016066108379179243,232.98946323824038,3.743556068497663,7.530986718102742e-16
267.5341884044064,232.51975634261714,0.01613075639140527,232.4895060269141,3.7505568908497766,6.566568974309067e-16
268.0341884044064,232.01997757315272,0.016195682796243543,231.98954880184044,3.757557686154009,8.906904867459718e-16
268.5341884044064,231.52019977167905,0.016260889396284367,231.4895915629061,3.7645584544648223,7.928675636426937e-16
269.0341884044064,231.0204229444524,0.016326378009709104,230.98963430999663,3.7715591958370793,8.066455139215641e-16
269.5341884044064,230.52064709778315,0.016392150470459055,230.48967704299636,3.778559910326044,8.206937991275245e-16
270.0341884044064,230.0208722380362,0.016458208628406544,229.98971976178834,3.7855605979873928,7.753741640905854e-16
270.5341884044064,229.52109837163164,0.016524554349528216,229.4897624662544,3.7925612588772113,9.103126736580734e-16
271.0341884044064,229.0213255050454,0.01659118951608063,228.9898051562751,3.799561893052007,8.64520493883778e-16
271.5341884044064,228.5215536448098,0.016658116026778122,228.4898478317296,3.8065625005687065,8.797106763529946e-16
272.0341884044064,228.0217827975142,0.016725335796973034,227.9898904924959,3.8135630814846637,6.394301528906428e-16
272.5341884044064,227.52201296980547,0.016792850758838292,227.4899331384505,3.820563635857663,6.507155498503616e-16
273.0341884044064,227.0222441683889,0.016860662861552415,226.98997576946874,3.8275641637459263,7.284484184111344e-16
273.5341884044064,226.52247640002864,0.01692877407148694,226.49001838542435,3.8345646652081147,8.761558032039149e-16
274.0341884044064,226.02270967154837,0.01699718637239636,225.99006098618995,3.8415651403033353,7.545352861082528e-16
274.5341884044064,225.52294398983202,0.017065901765610587,225.49010357163655,3.8485655890911463,6.283409196683162e-16
275.0341884044064,225.02317936182433,0.017134922270229933,224.99014614163377,3.8555660116315584,8.52741118110349e-16
275.5341884044064,224.5234157945317,0.01720424992332275,224.49018869604987,3.8625664079850477,9.403286567929172e-16
276.0341884044064,224.0236532950227,0.01727388678012567,223.9902312347516,3.8695667782125516,8.835583558829388e-16
276.5341884044064,223.52389187042886,0.017343834914246552,223.49027375760426,3.8765671223754796,8.99436071567553e-16
277.0341884044064,223.0241315279453,0.017414096417870135,222.99031626447157,3.883567440535716,8.393329430054206e-16
277.5341884044064,222.5243722748315,0.017484673401966477,222.49035875521582,3.890567732755626,7.768043659106222e-16
278.0341884044064,222.02461411841207,0.0175555679965022,221.99040122969777,3.897567999098064,8.699454880327886e-16
278.5341884044064,221.52485706607732,0.017626782350654593,221.4904436877765,3.9045682396263715,8.857220146185713e-16
279.0341884044064,221.02510112528412,0.017698318633028592,220.9904861293096,3.911568454404392,7.378540143016726e-16
279.5341884044064,220.52534630355663,0.01777017903187676,220.49052855415306,3.918568643496467,1.001728946871269e-15
280.0341884044064,220.02559260848707,0.017842365755322193,219.9905709621612,3.9255688069674495,8.500176875353602e-16
280.5341884044064,219.52584004773647,0.017914881031584538,219.49061335318675,3.9325689448827053,9.521330855253735e-16
281.0341884044064,219.02608862903546,0.01798772710920904,218.99065572708074,3.9395690573081215,9.696003657593738e-16
281.5341884044064,218.52633836018504,0.01806090625729877,218.49069808369248,3.946569144310108,9.874294417249063e-16
282.0341884044064,218.0265892490574,0.01813442076575002,217.99074042286958,3.9535692059556093,8.227870895881272e-16
282.5341884044064,217.52684130359674,0.01820827294549095,217.49078274445796,3.960569242312104,7.448775272840421e-16
283.0341884044064,217.0270945318201,0.018282465128723526,216.99082504830167,3.9675692534476164,7.586705668765914e-16
283.5341884044064,216.5273489418182,0.0183569996691688,216.49086733424315,3.97456923943072,8.693459679910582e-16
284.0341884044064,216.02760454175623,0.01843187894231559,215.99090960212285,3.981569200330545,7.871284601759176e-16
284.5341884044064,215.5278613398748,0.01850710534567263,215.4909518517794,3.9885691362167823,8.018069243154923e-16
285.0341884044064,215.0281193444907,0.018582681299024205,214.9909940830497,3.9955690471596905,6.125958247867891e-16
285.5341884044064,214.52837856399796,0.01865860924468939,214.49103629576868,4.002568933230106,6.240736784923784e-16
286.0341884044064,214.02863900686853,0.018734891647784878,213.99107848976934,4.009568794499446,5.298286115227634e-16
286.5341884044064,213.5289006816533,0.01881153099649152,213.49112066488271,4.016568631039713,4.318423433428077e-16
287.0341884044064,213.0291635969831,0.018888529802324604,212.99116282093794,4.023568442923509,6.59987095131533e-16
287.5341884044064,212.52942776156945,0.01896589060040794,212.49120495776214,4.030568230224033,4.483140668982363e-16
288.0341884044064,212.02969318420566,0.01904361594975183,211.99124707518035,4.037567993015095,6.281199047602174e-16
288.5341884044064,211.52995987376772,0.019121708433534935,211.49128917301567,4.044567731371121,5.818710687642225e-16
289.0341884044064,211.03022783921529,0.019200170659390205,210.99133125108895,4.0515674453671595,5.33661237911999e-16
289.5341884044064,210.5304970895927,0.01927900525969481,210.49137330921914,4.058567135078888,7.251375019264542e-16
290.0341884044064,210.0307676340299,0.01935821489186424,209.99141534722284,4.065566800582618,6.774347217951172e-16
290.5341884044064,209.5310394817436,0.01943780223865062,209.49145736491465,4.072566441955315,6.904351136831655e-16
291.0341884044064,209.0313126420381,0.01951777000844526,208.99149936210682,4.079566059274585,7.676914669094853e-16
291.5341884044064,208.53158712430655,0.01959812093558557,208.49154133860947,4.0865656526187015,7.172877163666899e-16
292.0341884044064,208.03186293803188,0.01967885778066641,207.99158329423037,4.093565222066601,8.640907500352578e-16
292.5341884044064,207.5321400927879,0.0197599833308559,207.4916252287751,4.100564767697896,6.775657571231352e-16
293.0341884044064,207.0324185982404,0.019841500400215817,206.99166714204682,4.107564289592883,6.216553155988773e-16
293.5341884044064,206.5326984641483,0.019923411830026633,206.49170903384635,4.114563787832549,6.337612599959705e-16
294.0341884044064,206.03297970036465,0.020005720489117276,205.9917509039721,4.1215632624985785,6.461333652714364e-16
294.5341884044064,205.5332623168379,0.020088429274199696,205.49179275222005,4.128562713673364,5.12383008143262e-16
295.0341884044064,205.033546323613,0.020171541110208312,204.99183457838373,4.135562141440013,7.463359137188491e-16
295.5341884044064,204.53383173083256,0.020255058950644438,204.49187638225413,4.142561545882357,7.610141688993261e-16
296.0341884044064,204.0341185487381,0.020338985777925755,203.99191816361972,4.149560927084961,6.208146745472494e-16
296.5341884044064,203.53440678767114,0.020423324603740925,203.49195992226635,4.156560285133128,7.913565021026158e-16
297.0341884044064,203.0346964580746,0.02050807846940944,202.99200165797728,4.163559620112915,8.877406244944454e-16
297.5341884044064,202.53498757049385,0.020593250446246783,202.49204337053317,4.170558932111135,9.876817720845448e-16
298.0341884044064,202.0352801355781,0.020678843635935,201.99208505971185,4.177558221215367,7.555129958030613e-16
298.5341884044064,201.53557416408162,0.020764861170898794,201.49212672528853,4.18455748751397,5.993526982485955e-16
299.0341884044064,201.03586966686512,0.020851306214687195,200.9921683670356,4.191556731096091,9.606906607138076e-16
299.5341884044064,200.536166654897,0.020938181962360948,200.49220998472262,4.198555952051665,9.79967330138217e-16
300.0341884044064,200.0364651392546,0.02102549164088568,199.9922515781163,4.20555515047144,9.088006276838326e-16
300.5341884044064,199.53676513112578,0.021113238509531,199.49229314698047,4.212554326446973,1.0198417674801879e-15
301.0341884044064,199.0370666418101,0.021201425860275548,198.9923346910759,4.21955348007065,8.512870042959652e-16
301.5341884044064,198.53736968272034,0.021290057018218213,198.4923762101606,4.2265526114356895,9.650479270876844e-16
302.0341884044064,198.03767426538383,0.02137913534199552,197.99241770398928,4.233551720636152,6.892621399564995e-16
302.5341884044064,197.53798040144397,0.02146866422420536,197.49245917231374,4.240550807766956,1.1051947061262171e-15
303.0341884044064,197.03828810266165,0.02155864709183718,196.9925006148826,4.247549872923886,9.227215934019065e-16
303.5341884044064,196.5385973809167,0.02164908740670867,196.49254203144125,4.254548916203597,6.277459776951163e-16
304.0341884044064,196.03890824820954,0.021739988665909184,195.99258342173198,4.261547937703636,8.541806963563921e-16
304.5341884044064,195.5392207166625,0.021831354402249897,195.4926247854937,4.2685469375224425,1.1986770941961637e-15
305.0341884044064,195.03953479852157,0.0219231881847209,194.992666122462,4.275545915759367,1.0009781098533155e-15
305.5341884044064,194.53985050615785,0.02201549361895533,194.49270743236914,4.282544872514679,7.378887464696936e-16
306.0341884044064,194.0401678520692,0.022108274347700626,193.99274871494396,4.289543807889575,8.690750476682281e-16
306.5341884044064,193.5404868488819,0.02220153405129713,193.49278996991174,4.296542721986197,7.097230346045623e-16
307.0341884044064,193.04080750935222,0.02229527644816406,192.9928311969943,4.303541614907639,7.849028478470326e-16
307.5341884044064,192.5411298463682,0.022389505295293058,192.49287239590987,4.310540486757959,8.629564334875753e-16
308.0341884044064,192.04145387295122,0.022484224388749433,191.99291356637298,4.317539337642194,7.551858947769599e-16
308.5341884044064,191.5417796022579,0.022579437564181237,191.49295470809452,4.324538167666369,7.710619742636965e-16
309.0341884044064,191.04210704758168,0.022675148697336313,190.99299582078154,4.331536976937512,6.560957232596716e-16
309.5341884044064,190.54243622235475,0.022771361704587458,190.4930369041374,4.33853576556366,6.699621201057659e-16
310.0341884044064,190.04276714014978,0.022868080543465886,189.99307795786143,4.3455345336538835,6.157434466780922e-16
310.5341884044064,189.54309981468177,0.02296530921320307,189.4931189816491,4.352533281318285,9.083052135955923e-16
311.0341884044064,189.04343425980997,0.02306305175528121,188.99315997519193,4.359532008668026,8.562983721130403e-16
311.5341884044064,188.54377048953975,0.02316131225399241,188.4932009381773,4.36653071581533,8.017082538258633e-16
312.0341884044064,188.04410851802447,0.023260094837006765,187.99324187028841,4.373529402873498,9.677681559899448e-16
312.5341884044064,187.54444835956755,0.023359403675949506,187.4932827712044,4.380528069956926,9.885537133073739e-16
313.0341884044064,187.0447900286244,0.023459242986987396,186.9933236406001,4.387526717181115,1.2428840517921802e-15
313.5341884044064,186.54513353980437,0.023559617031424524,186.49336447814588,4.394525344662687,8.729350511178368e-16
314.0341884044064,186.04547890787302,0.023660530116307678,185.99340528350788,4.401523952519396,1.216141627826529e-15
314.5341884044064,185.54582614775398,0.023761986595041494,185.49344605634772,4.4085225408701465,1.4082204056571538e-15
315.0341884044064,185.0461752745312,0.023863990868013555,184.99348679632246,4.415521109835007,7.61760309906999e-16
315.5341884044064,184.5465263034511,0.02396654738322961,184.49352750308447,4.4225196595352205,1.2973186142235997e-15
316.0341884044064,184.04687924992467,0.02406966063695914,183.9935681762816,4.429518190093229,1.3257199302061664e-15
316.5341884044064,183.54723412952984,0.024173335174391453,183.49360881555677,4.4365167016326765,1.2645016865042704e-15
317.0341884044064,183.04759095801361,0.024277575590302476,182.99364942054814,4.443515194278435,1.384647870287563e-15
317.5341884044064,182.54794975129445,0.024382386529732517,182.49368999088895,4.4505136681566135,1.132171009886707e-15
318.0341884044064,182.0483105254646,0.024487772688675143,181.99373052620734,4.457512123394578,1.4465414470597917e-15
318.5341884044064,181.54867329679237,0.02459373881477742,181.49377102612644,4.464510560120965,9.857680582329821e-16
319.0341884044064,181.04903808172475,0.02470028970805173,180.99381149026428,4.471508978465701,1.2092539958587656e-15
319.5341884044064,180.54940489688965,0.024807430221599376,180.49385191823345,4.478507378560016,1.1332274444085734e-15
320.0341884044064,180.04977375909854,0.024915165262346235,179.99389230964132,4.4855057605364586,1.5799032321931782e-15
320.5341884044064,179.5501446853489,0.02502349979179064,179.49393266408984,4.492504124528921,1.184605127358719e-15
321.0341884044064,179.05051769282684,0.025132438826763793,178.9939729811753,4.499502470672647,1.2112737789289935e-15
321.5341884044064,178.55089279890979,0.025241987440202892,178.49401326048852,4.506500799104261,1.1260184391369702e-15
322.0341884044064,178.05127002116902,0.025352150761937274,177.99405350161453,4.513499109961771,1.15151258637381e-15
322.5341884044064,177.55164937737248,0.0254629339794878,177.4940937041326,4.5204974033846,1.236541349068814e-15
323.0341884044064,177.0520308854875,0.02557434233887974,176.9941338676161,4.5274956795136,1.1442508060100731e-15
323.5341884044064,176.55241456368358,0.025686381145469447,176.49417399163232,4.534493938491067,1.2319800546224683e-15
324.0341884044064,176.05280043033525,0.025799055764785073,175.99421407574246,4.541492180460766,1.3232044884295608e-15
324.5341884044064,175.55318850402503,0.025912371623381617,175.4942541195016,4.548490405567947,1.5469668040871236e-15
325.0341884044064,175.05357880354626,0.026026334209710584,174.99429412245837,4.555488613959365,1.2528921484628632e-15
325.5341884044064,174.55397134790624,0.026140949075004558,174.4943340841551,4.562486805783301,1.0794407673471954e-15
326.0341884044064,174.05436615632917,0.02625622183417697,173.99437400412748,4.569484981189581,1.4495908860014485e-15
326.5341884044064,173.5547632482593,0.02637215816673738,173.4944138819046,4.576483140329598,1.412642313901369e-15
327.0341884044064,173.05516264336407,0.026488763817722593,172.99445371700884,4.583481283356333,1.3010071514881777e-15
327.5341884044064,172.55556436153736,0.0266060445986439,172.49449350895563,4.590479410424373,1.2574482867323053e-15
328.0341884044064,172.05596842290268,0.026724006388450808,171.99453325725338,4.597477521689936,1.3626269942811915e-15
328.5341884044064,171.55637484781653,0.026842655134511555,171.49457296140343,4.604475617310891,1.3171828957694834e-15
329.0341884044064,171.05678365687183,0.0269619968536108,170.9946126208999,4.611473697446783,1.42755195146976e-15
329.5341884044064,170.5571948709013,0.027082037632964788,170.4946522352294,4.618471762258853,1.136578557346254e-15
330.0341884044064,170.05760851098094,0.027202783631254383,169.99469180387123,4.625469811910059,1.0804301740920677e-15
330.5341884044064,169.5580245984337,0.02732424107967633,169.49473132629694,4.632467846565104,1.0210491003520016e-15
331.0341884044064,169.05844315483293,0.02744641628301311,168.9947708019703,4.639465866390458,1.2196514073572816e-15
331.5341884044064,168.55886420200625,0.027569315620721787,168.4948102303472,4.64646387155438,1.2488448299080566e-15
332.0341884044064,168.0592877620392,0.027692945548042237,167.99484961087558,4.653461862226943,1.0047928201217626e-15
332.5341884044064,167.55971385727904,0.02781731259712515,167.49488894299495,4.660459838580062,9.354445461294493e-16
333.0341884044064,167.06014251033875,0.02794242337818025,166.99492822613675,4.667457800787516,9.580391479801945e-16
333.5341884044064,166.56057374410085,0.028068284580645097,166.49496745972374,4.674455749024973,9.812499519339518e-16
334.0341884044064,166.06100758172153,0.028194902974374995,165.99500664317014,4.681453683470016,1.0050956924073156e-15
334.5341884044064,165.5614440466347,0.02832228541085435,165.49504577588138,4.688451604302176,7.207170126346269e-16
335.0341884044064,165.0618831625562,0.028450438824429998,164.99508485725386,4.695449511702949,6.328620517464845e-16
335.5341884044064,164.562324953488,0.02857937023356695,164.49512388667495,4.702447405855829,9.725754998216312e-16
336.0341884044064,164.06276944372254,0.028709086742127025,163.99516286352264,4.709445286946334,8.857801575943156e-16
336.5341884044064,163.5632166578472,0.028839595540670854,163.49520178716557,4.716443155162033,7.374571500595443e-16
337.0341884044064,163.0636666207487,0.02897090390778379,162.9952406569627,4.72344101069258,9.882398424789436e-16
337.5341884044064,162.56411935761773,0.029103019211426176,162.49527947226315,4.730438853729735,8.340540535079285e-16
338.0341884044064,162.06457489395353,0.029235948910308566,161.99531823240613,4.737436684467398,9.769487763612902e-16
338.5341884044064,161.56503325556875,0.02936970055529237,161.49535693672067,4.744434503101641,1.001360761798788e-15
339.0341884044064,161.06549446859412,0.029504281790816524,160.9953955845254,4.751432309830733,8.981538392925098e-16
339.5341884044064,160.56595855948353,0.02963970035635072,160.49543417512845,4.758430104855176,1.1180397960486481e-15
340.0341884044064,160.06642555501887,0.0297759640878758,159.99547270782716,4.76542788837773,1.1462428883722618e-15
340.5341884044064,159.56689548231523,0.029913080919391866,159.49551118190797,4.772425660603454,9.678523666800102e-16
341.0341884044064,159.06736836882612,0.030051058884454782,158.9955495966461,4.77942342173973,1.1341972219784551e-15
341.5341884044064,158.56784424234868,0.030189906117741607,158.4955879513055,4.786421171996302,8.723117862149915e-16
342.0341884044064,158.0683231310291,0.030329630856645664,157.99562624513845,4.793418911585306,8.200487584757441e-16
342.5341884044064,157.56880506336813,0.030470241442901877,157.4956644773855,4.800416640721303,9.93989174416846e-16
343.0341884044064,157.06929006822668,0.030611746324243044,156.99570264727515,4.807414359621319,8.62695108208806e-16
343.5341884044064,156.5697781748315,0.03075415405608774,156.49574075402364,4.814412068504874,9.654004630889886e-16
344.0341884044064,156.07026941278102,0.030897473303260557,155.99577879683477,4.821409767594022,1.1554505979050603e-15
344.5341884044064,155.5707638120512,0.031041712841745398,155.4958167748995,4.828407457113385,1.1007773802315792e-15
345.0341884044064,155.07126140300176,0.031186881560472585,154.995854687396,4.8354051372901905,1.2163341952432187e-15
345.5341884044064,154.57176221638204,0.03133298846314052,154.49589253348904,4.842402808354312,9.80669054041052e-16
346.0341884044064,154.07226628333754,0.0314800426700727,153.99593031233005,4.849400470538302,1.0063841258836442e-15
346.5341884044064,153.57277363541616,0.03162805342011089,153.49596802305663,4.8563981240774305,9.389642056827467e-16
347.0341884044064,153.07328430457477,0.03177703007254525,152.99600566479245,4.863395769209735,1.2528734558535524e-15
347.5341884044064,152.57379832318585,0.03192698210908231,152.49604323664687,4.870393406176045,1.1871265981250414e-15
348.0341884044064,152.07431572404425,0.032077919135851576,151.99608073771458,4.877391035220033,1.1171146975888426e-15
348.5341884044064,151.57483654037412,0.03222985088545177,151.4961181670756,4.884388656588256,1.1468976386832848e-15
349.0341884044064,151.07536080583594,0.03238278721903752,150.99615552379464,4.891386270530192,1.0705247569283092e-15
349.5341884044064,150.57588855453372,0.03253673812844747,150.49619280692113,4.8983838772982855,1.3191093589161796e-15
350.0341884044064,150.07641982102228,0.03269171373837482,149.99623001548866,4.905381477147992,1.1288617205864649e-15
350.5341884044064,149.57695464031477,0.03284772430858117,149.49626714851476,4.912379070337825,9.274927627403964e-16
351.0341884044064,149.07749304789021,0.033004780236154815,148.99630420500048,4.91937665712939,1.1312609761237497e-15
351.5341884044064,148.57803507970144,0.033162892057814426,148.49634118393035,4.926374237787442,1.0397188230645413e-15
352.0341884044064,148.07858077218282,0.033322070452259246,147.99637808427175,4.93337181257993,9.424436843209303e-16
352.5341884044064,147.57913016225845,0.033482326242566876,147.49641490497459,4.940369381778038,1.1619126172028431e-15
353.0341884044064,147.07968328735043,0.033643670398639774,146.99645164497113,4.947366945656238,1.1275261265380375e-15
353.5341884044064,146.58024018538723,0.03380611403970166,146.49648830317548,4.95436450449234,1.0223176728874538e-15
354.0341884044064,146.08080089481226,0.033969668436844944,145.99652487848329,4.961362058567537,1.050614149504515e-15
354.5341884044064,145.58136545459269,0.03413434501563051,145.49656136977126,4.968359608166456,1.2957541380589336e-15
355.0341884044064,145.08193390422838,0.03430015535874098,144.99659777589693,4.975357153577218,1.2578769189657625e-15
355.5341884044064,144.58250628376098,0.03446711120868887,144.49663409569817,4.982354695091477,9.127480138663837e-16
356.0341884044064,144.08308263378325,0.03463522447058087,143.99667032799275,4.989352233004483,1.251156503040809e-15
356.5341884044064,143.58366299544863,0.034804507214939676,143.49670647157802,4.996349767615133,1.0451987451085787e-15
357.0341884044064,143.08424741048086,0.03497497168058473,142.99674252523036,5.003347299226023,1.074743706241283e-15
357.5341884044064,142.58483592118392,0.03514663027757333,142.4967784877049,5.01034482814351,1.1052318542987004e-15
358.0341884044064,142.0854285704522,0.0353194955902036,141.9968143577349,5.017342354677764,1.2241349795758008e-15
358.5341884044064,141.58602540178072,0.03549358038008082,141.49685013403143,5.0243398791428255,1.259109751399677e-15
359.0341884044064,141.08662645927578,0.03566889758924865,140.99688581528278,5.031337401856667,1.387728287412582e-15
359.5341884044064,140.58723178766564,0.03584546034338697,140.4969214001541,5.038334923141252,1.5228406169310364e-15
360.0341884044064,140.08784143231162,0.03602328195507783,139.9969568872868,5.045332443322594,1.4688957738330689e-15
360.5341884044064,139.5884554392192,0.03620237592714136,139.49699227529808,5.05232996273082,1.410708521650526e-15
361.0341884044064,139.0890738550496,0.036382755956043296,138.9970275627805,5.059327481700233,1.2443559436246562e-15
361.5341884044064,138.58969672713147,0.036564435935375936,138.4970627483012,5.0663250005693765,1.3874130429791835e-15
362.0341884044064,138.09032410347277,0.036747429959414435,137.99709783040169,5.073322519681096,1.3182201423998225e-15
362.5341884044064,137.59095603277314,0.03693175232675026,137.49713280759696,5.0803200393826105,1.470076343661172e-15
363.0341884044064,137.09159256443627,0.03711741754400382,136.9971676783752,5.087317560025574,1.5134762869079983e-15
363.5341884044064,136.59223374858274,0.03730444032961833,136.497202441197,5.09431508196615,1.4384523237932683e-15
364.0341884044064,136.09287963606303,0.037492835617736815,135.99723709449484,5.101312605565077,1.3577988346499167e-15
364.5341884044064,135.59353027847084,0.03768261856216464,135.49727163667242,5.1083101311877375,1.1440912907401012e-15
365.0341884044064,135.0941857281567,0.037873804540419546,134.99730606610407,5.115307659204234,1.309305046164323e-15
365.5341884044064,134.5948460382419,0.03806640915787157,134.49734038113414,5.122305189989459,1.416121147426449e-15
366.0341884044064,134.09551126263275,0.038260448251975214,133.9973745800761,5.129302723923172,1.5283471450457068e-15
366.5341884044064,133.59618145603508,0.03845593789659609,133.4974086612122,5.1363002613900735,1.4315148072066483e-15
367.0341884044064,133.09685667396909,0.038652894406434775,132.99744262279253,5.1432978027798795,1.4013113308547636e-15
367.5341884044064,132.59753697278464,0.03885133434155017,132.49747646303433,5.150295348487407,1.2920941670863684e-15
368.0341884044064,132.09822240967668,0.03905127451198517,131.9975101801213,5.157292898912645,1.3317042137698088e-15
368.5341884044064,131.59891304270124,0.03925273198249727,131.49754377220287,5.164290454460838,1.4534320545489519e-15
369.0341884044064,131.0996089307916,0.03945572407739684,130.9975772373932,5.171288015542572,1.4150919864774532e-15
369.5341884044064,130.60031013377494,0.03966026838549613,130.4976105737707,5.178285582573855,1.201511225816696e-15
370.0341884044064,130.10101671238942,0.039866382765171675,129.99764377937694,5.185283155976201,9.73436081727094e-16
370.5341884044064,129.60172872830142,0.04007408534954347,129.497676852216,5.192280736176715,1.1863814975490812e-15
371.0341884044064,129.10244624412343,0.040283394551773787,128.9977097902534,5.19927832360819,9.41236943257894e-16
371.5341884044064,128.6031693234322,0.04049432907048901,128.49774259141537,5.206275918709183,9.70887723589729e-16
372.0341884044064,128.1038980307875,0.04070690789532785,127.99777525358793,5.213273521924117,8.012748979665219e-16
372.5341884044064,127.60463243175087,0.040921150312619246,127.49780777461575,5.220271133703366,1.0333965212736735e-15
373.0341884044064,127.10537259290547,0.04113707591119371,126.99784015230148,5.2272687545033545,7.464380959730859e-16
373.5341884044064,126.60611858187578,0.04135470458833156,126.49787238440449,5.234266384786649,9.904230997005713e-16
374.0341884044064,126.10687046734814,0.04157405655585199,125.99790446864,5.241264025022054,1.0790423946048365e-15
374.5341884044064,125.60762831909165,0.04179515234634675,125.497936402678,5.2482616756847165,1.0552336873449375e-15
375.0341884044064,125.1083922079795,0.04201801281956261,124.99796818414212,5.255259337256219,9.078490683931802e-16
375.5341884044064,124.609162206011,0.04224265916893657,124.49799981060862,5.2622570102246895,7.499034369069689e-16
376.0341884044064,124.1099383863339,0.04246911292828823,123.99803127960507,5.269254695084894,6.453297686499681e-16
376.5341884044064,123.61072082326739,0.042697395978673724,123.49806258860944,5.276252392338354,7.331423890908342e-16
377.0341884044064,123.11150959232569,0.042927530555405755,122.9980937350486,5.2832501024934455,5.50752372225548e-16
377.5341884044064,122.61230477024208,0.04315953925524439,122.49812471629734,5.290247826065511,7.112043280290366e-16
378.0341884044064,122.11310643499358,0.043393445043763634,121.99815552967691,5.297245563576965,5.878548439119312e-16
378.5341884044064,121.61391466582626,0.043629271262898624,121.49818617245377,5.3042433155574145,5.315230092262479e-16
379.0341884044064,121.1147295432811,0.04386704163867878,120.99821664183827,5.311241082543766,5.493190408832963e-16
379.5341884044064,120.61555114922058,0.04410678028915214,120.49824693498323,5.318238865080344,4.0556302252070057e-16
380.0341884044064,120.11637956685583,0.044348511732506535,119.9982770489825,5.325236663719011,4.1925642091769125e-16
380.5341884044064,119.61721488077447,0.04459226089539324,119.49830698086953,5.332234479019279,2.6008330555939944e-16
381.0341884044064,119.11805717696922,0.04483805312145905,118.99833672761575,5.33923231154844,3.5858601506602243e-16
381.5341884044064,118.61890654286714,0.045085914180092834,118.49836628612917,5.346230161881687,1.8542429034308828e-16
382.0341884044064,118.11976306735963,0.045335870275393,117.99839565325263,5.353228030602232,9.58962344033948e-17
382.5341884044064,117.6206268408332,0.045587948055362225,117.49842482576224,5.360225918301444,4.960193878994818e-16
383.0341884044064,117.12149795520101,0.04584217462133634,116.99845380036564,5.367223825578966,2.0528084787195482e-16
383.5341884044064,116.62237650393519,0.0460985775376543,116.49848257370022,5.374221753042862,-0.0
384.0341884044064,116.1232625821,0.04635718484157637,115.99851114233141,5.381219701309731,3.297687465135046e-16
384.5341884044064,115.62415628638585,0.04661802505345814,115.49853950275065,5.388217671004853,2.27561785044541e-16
385.0341884044064,115.12505771514422,0.046881127187188,114.99856765137369,5.395215662762325,1.7668779819510456e-16
385.5341884044064,114.62596696842338,0.047146520760895996,114.49859558453846,5.402213677225197,2.4392520878970764e-16
386.0341884044064,114.12688414800515,0.047414235807942476,113.99862329850305,5.409211715045616,3.789006308673929e-16
386.5341884044064,113.62780935744254,0.047684302888194974,113.49865078944367,5.41620977688496,2.6162426548291882e-16
387.0341884044064,113.12874270209848,0.0479567530996022,112.9986780534525,5.423207863413996,4.742716605158977e-16
387.5341884044064,112.62968428918538,0.04823161809007431,112.49870508653531,5.4302059753130125,4.913670384206728e-16
388.0341884044064,112.13063422780593,0.04850893006967898,111.9987318846094,5.43720411327198,5.091587417602907e-16
388.5341884044064,111.63159262899488,0.048788721823162955,111.498758443501,5.444202277990689,7.538263152486641e-16
389.0341884044064,111.13255960576195,0.0490710267228095,110.99878475894299,5.451200470178915,3.906852246372595e-16
389.5341884044064,110.6335352731359,0.049355878741642045,110.49881082657231,5.458198690556565,5.670363391526236e-16
390.0341884044064,110.13451974820977,0.04964331246698504,109.99883664192735,5.465196939853832,6.719384912566808e-16
390.5341884044064,109.63551315018731,0.04993336311439341,109.49886220044532,5.47219521881136,4.3551956375096735e-16
391.0341884044064,109.13651560043074,0.05022606654196216,108.99888749745939,5.479193528180398,7.227662761716568e-16
391.5341884044064,108.63752722250979,0.05052145926502843,108.49891252819594,5.486191868722961,8.435161201264834e-16
392.0341884044064,108.138548142252,0.05081957847127849,107.99893728777154,5.493190241211998,5.834700002382935e-16
392.5341884044064,107.63957848779455,0.05112046203627285,107.49896177118991,5.500188646431554,6.054928641848899e-16
393.0341884044064,107.14061838963735,0.05142414853940286,106.99898597333882,5.507187085176933,4.189701156098626e-16
393.5341884044064,106.64166798069775,0.051730677280292986,106.4990098889868,5.514185558254873,5.436680454036859e-16
394.0341884044064,106.14272739636668,0.05204008829566329,105.99903351277982,5.5211840664837135,5.644828222081165e-16
394.5341884044064,105.64379677456641,0.05235242237666717,105.49905683923774,5.528182610693563,5.275784530995741e-16
395.0341884044064,105.14487625580992,0.05266772108672012,104.99907986275089,5.535181191726476,9.132868836148591e-16
395.5341884044064,104.64596598326192,0.0529860267798357,104.49910257757622,5.542179810436622,8.222598371788784e-16
396.0341884044064,104.14706610280162,0.053307382619485755,103.99912497783359,5.549178467690465,7.886345922257452e-16
396.5341884044064,103.64817676308735,0.05363183259800221,103.49914705750172,5.5561771643669395,8.195670978865067e-16
397.0341884044064,103.14929811562291,0.05395942155653884,102.9991688104142,5.563175901357624,7.098924660290425e-16
397.5341884044064,102.65043031482593,0.05429019520561185,102.49919023025521,5.570174679566918,5.904093601752213e-16
398.0341884044064,102.15157351809815,0.05462420014623887,101.99921131055518,5.577173499912227,6.90650937007275e-16
398.5341884044064,101.65272788589779,0.05496148389169688,101.49923204468627,5.584172363324135,7.980900791234082e-16
399.0341884044064,101.15389358181399,0.05530209488992019,100.99925242585773,5.591171270746587,8.301785465606142e-16
399.5341884044064,100.65507077264344,0.05564608254656051,100.49927244711098,5.5981702231370685,9.500979586219649e-16
400.0341884044064,100.1562596284693,0.055993497248732135,99.99929210131475,5.605169221466782,9.886851531178242e-16
400.5341884044064,99.65746032274242,0.05634439038946589,99.49931138115979,5.61216826672083,7.483955944103188e-16
401.0341884044064,99.158673032365,0.05669881439289678,98.99933027915353,5.619167359898391,1.071265128008943e-15
401.5341884044064,98.65989793777675,0.05705682274021098,98.4993487876146,5.626166502012899,8.112324766458862e-16
402.0341884044064,98.16113522304362,0.057418469996379076,97.99936689866703,5.633165694092218,7.392534114884603e-16
402.5341884044064,97.66238507594927,0.05778381183770329,97.4993846042344,5.640164937178821,8.800655784287866e-16
403.0341884044064,97.16364768808924,0.05815290508020793,96.99940189603348,5.64716423232996,8.02312476318603e-16
403.5341884044064,96.66492325496804,0.05852580770890303,96.49941876556811,5.6541635806178405,5.374896555531448e-16
404.0341884044064,96.16621197609922,0.05890257890795285,95.99943520412236,5.661162983129789,6.224898363575066e-16
404.5341884044064,95.66751405510848,0.059283279091781764,95.4994512027539,5.6681624409684215,7.138765926044314e-16
405.0341884044064,95.16882969984007,0.059667969937151885,94.9994667522867,5.675161955251804,4.0604521465155993e-16
405.5341884044064,94.67015912246639,0.06005671441624772,94.49948184330374,5.682161527113615,4.235089256655054e-16
406.0341884044064,94.17150253960105,0.06044957683080504,93.99949646613946,5.689161157703296,5.890958418506216e-16
406.5341884044064,93.67286017241562,0.06084662284732246,93.49951061087177,5.6961608481862065,3.8419182977979495e-16
407.0341884044064,93.17423224675987,0.06124791953339597,92.99952426731375,5.703160599743766,4.0098562545475384e-16
407.5341884044064,92.67561899328595,0.06165353539521839,92.49953742500531,5.710160413573592,3.348875851382356e-16
408.0341884044064,92.17702064757654,0.06206354041628732,91.9995500732043,5.717160290889635,5.245310543425429e-16
408.5341884044064,91.67843745027709,0.0624780060973674,91.49956220087722,5.724160232922299,2.7392005602170786e-16
409.0341884044064,91.17986964723231,0.06289700549775429,90.99957379668979,5.731160240918556,2.8616023063232517e-16
409.5341884044064,90.68131748962718,0.06332061327789008,90.49958484899705,5.73816031614206,3.9869188803853126e-16
410.0341884044064,90.18278123413246,0.06374890574338196,89.9995953458331,5.745160459873231,9.375930486537031e-16
410.5341884044064,89.68426114305507,0.06418196089047823,89.4996052749004,5.752160673409353,4.3564481717677286e-16
411.0341884044064,89.18575748449334,0.06461985845305812,88.9996146235587,5.759160958064638,6.263878763105039e-16
411.5341884044064,88.6872705324975,0.06506267995119451,88.4996233788135,5.766161315170282,7.743025672650652e-16
412.0341884044064,88.18880056723546,0.06551050874135099,87.99963152730409,5.77316174607452,5.608366059169434e-16
412.5341884044064,87.69034787516426,0.06596343006827797,87.49963905529114,5.780162252142645,4.564880562451793e-16
413.0341884044064,87.19191274920712,0.06642153111867483,86.99964594864369,5.787162834757019,4.095740745652405e-16
413.5341884044064,86.69349548893666,0.06688490107668872,86.4996521928257,5.7941634953170675,5.003139882713411e-16
414.0341884044064,86.19509640076436,0.06735363118132359,85.9996577728821,5.801164235239246,5.988428296941286e-16
414.5341884044064,85.69671579813641,0.06782781478583623,85.49966267342417,5.808165055956993,5.489279580908128e-16
415.0341884044064,85.19835400173643,0.06830754741920009,84.99966687861435,5.81516595892064,5.752111802483628e-16
415.5341884044064,84.70001133969521,0.06879292684972105,84.49967037215052,5.822166945597324,6.029178957834651e-16
416.0341884044064,84.20168814780769,0.06928405315089337,83.99967313724949,5.829168017470843,6.321342287832598e-16
416.5341884044064,83.70338476975765,0.06978102876958814,83.49967515662992,5.836169176041486,5.682446278681918e-16
417.0341884044064,83.20510155735032,0.07028395859667111,82.99967641249448,5.843170422825854,7.94822261664806e-16
417.5341884044064,82.70683887075322,0.07079295004015106,82.49967688651127,5.850171759356599,6.255352989927402e-16
418.0341884044064,82.2085970787456,0.07130811310096499,81.9996765597944,5.857173187182172,4.3773087140012877e-16
418.5341884044064,81.71037655897692,0.07182956045151145,81.49967541288385,5.864174707866485,6.319519844050147e-16
419.0341884044064,81.21217769823456,0.07235740751704858,80.99967342572441,5.87117632298855,6.033853199363922e-16
419.5341884044064,80.71400089272137,0.07289177256007941,80.49967057764371,5.878178034142072,6.339117322440225e-16
420.0341884044064,80.21584654834334,0.07343277676785252,79.9996668473293,5.885179842934966,6.661854539210386e-16
420.5341884044064,79.7177150810078,0.07398054434311307,79.49966221280472,5.892181750988832,5.602545905756217e-16
421.0341884044064,79.21960691693279,0.07453520259824527,78.99965665140466,5.8991837599383645,7.36429744728935e-16
421.5341884044064,78.72152249296784,0.07509688205295484,78.49965013974874,5.90618587143068,4.647888918081356e-16
422.0341884044064,78.22346225692681,0.07566571653564742,77.99964265371439,5.913188087124596,5.705775796950371e-16
422.5341884044064,77.72542666793335,0.07624184328866647,77.49963416840845,5.920190408689799,6.005755299713789e-16
423.0341884044064,77.22741619677937,0.07682540307756285,76.9996246581374,5.927192837805953,7.226950091611705e-16
423.5341884044064,76.7294313262973,0.07741654030457698,76.49961409637643,5.934195376161703,4.757457458633349e-16
424.0341884044064,76.23147255174656,0.07801540312652361,75.9996024557368,5.941198025453571,5.012576050684962e-16
424.5341884044064,75.7335403812151,0.07862214357727927,75.49958970793215,5.948200787384762,3.169906105090921e-16
425.0341884044064,75.23563533603641,0.07923691769508298,74.99957582374273,5.955203663663842,1.1140619881565866e-16
425.5341884044064,74.73775795122305,0.0798598856548714,74.49956077297848,5.962206656003282,5.875104265775051e-17
426.0341884044064,74.23990877591713,0.08049121190588186,73.99954452444001,5.969209766117888,5.578896631241149e-16
426.5341884044064,73.74208837385876,0.08113106531476869,73.49952704587797,5.976212995723065,3.271312918987007e-16
427.0341884044064,73.24429732387317,0.08177961931449149,72.99950830395034,5.983216346532936,6.908066350229993e-17
427.5341884044064,72.74653622037738,0.08243705205924805,72.49948826417786,5.990219820258284,2.918644297569052e-16
428.0341884044064,72.24880567390748,0.08310354658573918,71.99946689089711,5.997223418604305,1.5419783747121229e-16
428.5341884044064,71.75110631166734,0.0837792909810686,71.49944414721159,6.004227143268184,8.14967030733598e-17
429.0341884044064,71.25343877809978,0.08446447855759738,70.99941999494014,6.011230995936432,8.617845290759516e-17
429.5341884044064,70.75580373548144,0.08515930803509054,70.49939439456307,6.018234978282014,3.646586694454399e-16
430.0341884044064,70.25820186454226,0.08586398373051159,69.99936730516549,6.025239091961209,3.8590993367527757e-16
430.5341884044064,69.76063386511103,0.08657871575584132,69.49933868437792,6.032243338610223,4.0856327828219447e-16
431.0341884044064,69.26310045678801,0.0873037202243181,68.99930848831383,6.0392477198414865,1.0818053319163622e-16
431.5341884044064,68.7656023796462,0.08803921946551922,68.49927667150418,6.046252237239674,2.8656148268823355e-16
432.0341884044064,68.26814039496256,0.08878544224972756,67.99924318682854,6.05325689235735,3.037581717589408e-16
432.5341884044064,67.77071528598069,0.08954262402205254,67.49920798544267,6.0602616867102785,3.8654801404434047e-16
433.0341884044064,67.27332785870657,0.09031100714680221,66.99917101670253,6.067266621772319,3.417457890662943e-16
433.5341884044064,66.77597894273906,0.09109084116263207,66.49913222808418,6.074271698969919,2.1763305554581837e-16
434.0341884044064,66.27866939213688,0.09188238304902697,65.99909156509956,6.08127691967612,1.5406226785987804e-16
434.5341884044064,65.78140008632404,0.09268589750470585,65.499048971208,6.088282285204097,1.636643409442308e-16
435.0341884044064,65.28417193103562,0.09350165723857358,64.99900438772272,6.095287796800138,8.697207876022781e-17
435.5341884044064,64.78698585930604,0.09432994327388251,64.49895775371276,6.102293455636052,-0.0
436.0341884044064,64.28984283250216,0.09517104526630568,63.99890900589923,6.109299262800957,9.837785933562719e-17
436.5341884044064,63.79274384140334,0.0960252618366669,63.49885807854627,6.116305219292375,-0.0
437.0341884044064,63.295689907331266,0.09689290091911859,62.99880490334587,6.123311326006597,-0.0
437.5341884044064,62.798682083332,0.09777428012560707,62.498749409296465,6.130317583728258,-0.0
438.0341884044064,62.301721455413194,0.09866972712751765,61.99869152257472,6.137323993119042,-6.330146655252126e-17
438.5341884044064,61.804809143839464,0.09957958005544754,61.498631166400244,6.14433055470546,-2.0251813007935191e-16
439.0341884044064,61.30794630448909,0.10050418791811491,60.99856826089267,6.151337268865608,-2.1608098566293992e-16
439.5341884044064,60.8111341302755,0.10144391104147674,60.49850272292061,6.158344135814832,-2.306728717694492e-16
440.0341884044064,60.3143738526371,0.10239912152919672,59.99843446594199,6.165351155590206,-2.463811452068742e-16
440.5341884044064,59.817666743099366,0.103370203745679,59.4983633998352,6.172358328033709,-4.3883562929515697e-16
441.0341884044064,59.32101411491328,0.10435755482296216,58.998289430720426,6.179365652774007,-3.753842719116129e-16
441.5341884044064,58.82441732477442,0.10536158519285381,58.498212460770546,6.186373129206707,-2.0080417806047713e-16
442.0341884044064,58.32787777462748,0.10638271914577704,57.99813238801085,6.193380756472963,-2.1495417951619236e-16
442.5341884044064,57.83139691356106,0.10742139541789882,57.49804910610682,6.200388533436272,5.75585240587014e-17
443.0341884044064,57.33497623979812,0.10847806780821592,56.99796250413924,6.207396458657327,-1.85058682818113e-16
443.5341884044064,56.83861730278772,0.10955320582738809,56.49787246636564,6.214404530366733,-0.0
444.0341884044064,56.342321705404046,0.1106472953802304,55.997778871967185,6.221412746435404,-4.2587137147904375e-16
444.5341884044064,55.846091106259244,0.11176083948390918,55.49768159478006,6.228421104342449,-3.810365206105091e-16
445.0341884044064,55.34992722213687,0.11289435902402797,54.997580503010056,6.235429601140295,-3.2749055508023314e-16
445.5341884044064,54.853831830553446,0.11404839355094358,54.497475458929415,6.242438233416823,-3.5206150470594093e-16
446.0341884044064,54.3578067724559,0.115223502118818,53.99736631855449,6.249446997254226,-2.840416635817044e-16
446.5341884044064,53.86185395506341,0.11642026417009102,53.497252931302775,6.256455888184309,-5.095896065399515e-16
447.0341884044064,53.365975354862655,0.1176392804682514,52.99713513962804,6.263464901139883,-7.684773220518964e-16
447.5341884044064,52.87017302076627,0.11888117408199385,52.49701277863168,6.270474030401901,-5.325078247262151e-16
448.0341884044064,52.374449077444815,0.12014659142407515,51.9968856756487,6.277483269541954,-8.935018258950857e-16
448.5341884044064,51.878805728843425,0.12143620334842747,51.49675364980635,6.284492611359654,-5.511253447940731e-16
449.0341884044064,51.38324526189526,0.12275070630935256,50.99661651155328,6.2915020478144585,-6.697469035214753e-16
449.5341884044064,50.88777005044451,0.12409082358690772,50.49647406215711,6.298511569951377,-7.240011560078777e-16
450.0341884044064,50.39238255939288,0.12545730658290696,49.99632609316786,6.30552116782,-6.962129557291119e-16
450.5341884044064,49.897085349084435,0.12685093619229884,49.49617238584455,6.312530830386168,-6.595361250647694e-16
451.0341884044064,49.40188107994491,0.1282725242550512,48.99601271054222,6.319540545435601,-6.125192393493964e-16
451.5341884044064,48.906772517392675,0.12972291509407224,48.495846826056024,6.3265502994686695,-3.320961114064574e-16
452.0341884044064,48.41176253704012,0.13120298714513337,47.99567447891921,6.333560077585444,-4.805399509800993e-16
452.5341884044064,47.91685413020544,0.1327136546852324,47.49549540265094,6.340569863360039,-3.9145122918744483e-16
453.0341884044064,47.422050409756594,0.1342558696663524,46.99530931695009,6.347579638703184,-4.96453393782587e-16
453.5341884044064,46.92735461631089,0.13583062366213403,46.49511592683056,6.354589383711826,-1.543259758256659e-16
454.0341884044064,46.43277012481548,0.13743894993559388,45.994914921692974,6.3615990765044215,-1.6805437736906764e-16
454.5341884044064,45.93830045153614,0.13908192563669156,45.49470597432778,6.36860869304045,-9.158423313586491e-17
455.0341884044064,45.443949261484185,0.14076067413928173,44.99448873984355,6.375618206922491,9.991249234850641e-17
455.5341884044064,44.94972037631338,0.14247636752778942,44.49426285451432,6.382627589179049,1.0910017289871243e-16
456.0341884044064,44.45561778272194,0.1442302292448243,43.99402793453881,6.389636808026069,1.192466750521202e-16
456.5341884044064,43.96164564139726,0.1460235369119117,43.49378357470381,6.39664582860485,1.3046415590291998e-16
457.0341884044064,43.46780829654452,0.14785762533657307,42.99352934694324,6.4036546126938205,1.4287933105030828e-16
457.5341884044064,42.97411028604365,0.14973388972014573,42.49326479878358,6.4106631183913185,1.5663555435602336e-16
458.0341884044064,42.4805563522833,0.1516537890820036,41.992989451665316,6.417671299766163,2.5784283361781314e-16
458.5341884044064,41.9871514537245,0.15361884991723854,41.492702799129106,6.424679106472448,5.66527676391677e-16
459.0341884044064,41.49390077725157,0.1556306701064002,40.99240430485408,6.431686483324528,6.230605299167222e-16
459.5341884044064,41.00080975137296,0.15769092309758717,40.49209340053459,6.438693369827677,7.431650310868212e-16
460.0341884044064,40.50788406034052,0.15980136238304987,39.99176948358001,6.445699699659328,8.821812291386255e-16
460.5341884044064,40.01512965926179,0.16196382629452752,39.49143191462061,6.452705400095166,1.1126128594122667e-15
461.0341884044064,39.522552790287165,0.16418024314381854,38.99108001480102,6.4597103913736165,1.152465732271107e-15
461.5341884044064,39.03015999996123,0.16645263673760163,38.49071306284023,6.466714585991434,1.019908808388026e-15
462.0341884044064,38.53795815783618,0.1687831322983108,37.99033029183517,6.473717887922128,1.6003528886086274e-15
462.5341884044064,38.04595447645471,0.17117396282595534,37.48993088578232,6.48072019174793,1.9836441728800433e-15
463.0341884044064,37.55415653282005,0.17362747593919867,36.9895139757885,6.487721381694657,2.0289054098741586e-15
463.5341884044064,37.062572291482596,0.1761461412378106,36.48907863593947,6.494721330557529,2.3205676367470407e-15
464.0341884044064,36.571210129385285,0.17873255823283138,35.98862387879046,6.501719898504231,2.8711028196653387e-15
464.5341884044064,36.0800788626243,0.18138946489548374,35.48814865043926,6.508716931739709,3.281586649880816e-15
465.0341884044064,35.58918777529753,0.18411974688110244,34.98765182513748,6.515712261014996,3.575207638502301e-15
465.5341884044064,35.098546650631064,0.1869264474901835,34.4871321993905,6.5227056999598085,4.098384745736909e-15
466.0341884044064,34.608165804593575,0.1898127784351671,33.98658848549025,6.529697043215834,4.478573844236938e-15
466.5341884044064,34.11805612223088,0.1927821314888423,33.48601930441874,6.5366860643442095,5.1498593539441575e-15
467.0341884044064,33.62822909697748,0.19583809109839967,32.985423178052,6.543672513476845,5.6455001746228155e-15
467.5341884044064,33.138696873229485,0.19898444805827126,32.48479852058557,6.550656114676694,6.354062577435971e-15
468.0341884044064,32.64947229249472,0.20222521434511373,31.98414362909254,6.557636562966851,7.163716893338943e-15
468.5341884044064,32.160568943470146,0.20556463922975954,31.48345667311381,6.564613520982182,8.191788682256168e-15
469.0341884044064,31.67200121643628,0.20900722679384787,30.982735683167093,6.571586615190097,9.325589898693583e-15
469.5341884044064,31.183784362402033,0.21255775499334598,30.481978538046224,6.578555431618626,1.0376133271359868e-14
470.0341884044064,30.695934557483127,0.21622129642750348,29.981182950765284,6.585519511020209,1.1857502693091716e-14
470.5341884044064,30.208468973053062,0.2200032409901984,29.480346452982356,6.592478343388029,1.3241135025682676e-14
471.0341884044064,29.721405852268813,0.2239093206014273,28.979466377715063,6.599431361728144,1.5097324169049682e-14
471.5341884044064,29.234764593644837,0.22794563624019445,28.47853984013418,6.606377934974675,1.703108503397936e-14
472.0341884044064,28.748565842429784,0.2321186875266534,27.977563716191405,6.613317359916335,1.9562939343513238e-14
472.5341884044064,28.26283159063198,0.23643540513148595,27.476534618803,6.620248851980193,2.209011984377435e-14
473.0341884044064,27.777585286643777,0.24090318632468374,26.975448871270682,6.62717153469186,2.507630756824602e-14
473.5341884044064,27.29285195553315,0.2455299340147049,26.474302477574916,6.6340844275996504,2.862299092782205e-14
474.0341884044064,26.808658331205447,0.25032409967309305,25.973091089121944,6.6409864324124,3.2637093936166764e-14
474.5341884044064,26.325033001791656,0.2552947305898426,25.47180996746312,6.647876317055416,3.7045552870050656e-14
475.0341884044064,25.8420065697945,0.26045152196196847,24.970453942432627,6.654752697294831,4.221373959314165e-14
475.5341884044064,25.359611828723633,0.2658048743829218,24.469017365064474,6.6616140155155295,4.872949411870169e-14
476.0341884044064,24.877883958179936,0.27136595737486685,23.96749405455083,6.668458516159281,5.579785849847557e-14
476.5341884044064,24.39686073961082,0.27714677969076656,23.465877238387993,6.6752842172351,6.387112816356455e-14
477.0341884044064,23.91658279525877,0.2831602672102645,22.96415948472056,6.68208887719898,7.377215453441672e-14
477.5341884044064,23.43709385317008,0.2894203493642958,22.46233262573578,6.688869956360995,8.487219185280037e-14
478.0341884044064,22.95844104152672,0.29594205515023264,21.96038767077344,6.695624571808089,9.818145798118853e-14
478.5341884044064,22.48067521601982,0.3027416199444849,21.458314707597985,6.702349444624008,1.1338047626387484e-13
479.0341884044064,22.00385132450742,0.3098366044854337,20.95610279002172,6.70904083793435,1.311438068684566e-13
479.5341884044064,21.528028813802873,0.31724602758929116,20.4537398097654,6.715694483993806,1.524195695547111e-13
480.0341884044064,21.053272084136037,0.32499051437817605,19.95121235008559,6.722305498149717,1.772675078054613e-13
480.5341884044064,20.579650997631244,0.3330924620468983,19.448505518278328,6.7288682770434844,2.0669138804291038e-13
481.0341884044064,20.10724144807045,0.3415762254764206,18.945602753674084,6.735376377826204,2.4155493602380117e-13
481.5341884044064,19.6361260002751,0.35046832532162486,18.442485607157245,6.741822374438362,2.8278402242954754e-13
482.0341884044064,19.166394608667098,0.3597976815627373,17.939133487559342,6.748197686098874,3.323262979715792e-13
482.5341884044064,18.698145425980375,0.36959587591711546,17.43552336947313,6.754492372019319,3.910377565269082e-13
483.0341884044064,18.231485714715294,0.3798974469638527,16.931629456096168,6.760694884945222,4.610958030787452e-13
483.5341884044064,17.766532875784495,0.3907402223390985,16.427422789619282,6.7667917743512955,5.452034916502274e-13
484.0341884044064,17.3034156109183,0.4021656929138715,15.922870800409079,6.772767327883856,6.462473965629156e-13
484.5341884044064,16.842275237806152,0.41421943446307274,15.417936784778567,6.778603136826217,7.682337987710883e-13
485.0341884044064,16.38326717967006,0.4269515829625675,14.912579299486765,6.78427756780138,9.153987850402953e-13
485.5341884044064,15.926562654010834,0.44041737028898187,14.406751459259265,6.78976511841637,1.093820447663049e-12
486.0341884044064,15.472350588637688,0.4546777277080006,13.900400121601082,6.795035628832982,1.3104975276613156e-12
486.5341884044064,15.020839796762203,0.4697999650636615,13.393464941041131,6.8000533139893315,1.5745132625177181e-12
487.0341884044064,14.572261446845655,0.4858585339342821,12.885877272822565,6.80477557197731,1.8974696952555156e-12
487.5341884044064,14.126871866912747,0.5029358830660211,12.377558904146719,6.809151512380166,2.2935187347227667e-12
488.0341884044064,13.684955726974337,0.5211234139342894,11.868420589745707,6.813120133547323,2.7818158221655816e-12
488.5341884044064,13.246829646697018,0.5405225430275612,11.358360368375955,6.816608059050885,3.3858803179271545e-12
489.0341884044064,12.812846277991197,0.5612458749832369,10.84726163870021,6.819526720016257,4.137377755140858e-12
489.5341884044064,12.383398912970062,0.5834184864444634,10.334990978360468,6.82176884062747,5.077702734977924e-12
490.0341884044064,11.958926665600918,0.6071793136318229,9.821395700962912,6.82320404783031,6.264219255330234e-12
490.5341884044064,11.539920268671636,0.6326826260114898,9.306301165358143,6.823673382200539,7.773153815815781e-12
491.0341884044064,11.126928514116159,0.6600995525816159,8.789507884618873,6.82298243471826,9.713028394355534e-12
491.5341884044064,10.720565341139089,0.6896196042126598,8.270788535079868,6.820892774529159,1.2236859775932529e-11
492.0341884044064,10.32151753880212,0.7214521026635161,7.749885047858587,6.817111268622337,1.5567073815069084e-11
492.5341884044064,9.93055297252676,0.755827381351373,7.22650608866011,6.8112768326297255,2.00282758150238e-11
493.0341884044064,9.548529161022877,0.7929975613667153,6.700325411903212,6.80294410630488,2.6099263065059242e-11
493.5341884044064,9.176401914526437,0.8332366254829091,6.170981830321705,6.7915635421281175,3.4483906850409013e-11
494.0341884044064,8.815233590372157,0.8768394111613004,5.6380818889603415,6.776457471732777,4.620809902132288e-11
494.5341884044064,8.466200323715405,0.9241190221412192,5.101206783750113,6.756791936318645,6.272702525941301e-11
495.0341884044064,8.130597351422116,0.975402024831069,4.559925610409216,6.73154452696307,8.601429569730507e-11
495.5341884044064,7.809841278618825,1.0310206690818668,4.013817617190577,6.699469302351425,1.1854450900475794e-10
496.0341884044064,7.50546787077632,1.0913012886177984,3.462506635338425,6.659061177034868,1.629870607521849e-10
496.5341884044064,7.219123744729858,1.1565480526799916,2.9057110229014027,6.608524123668743,2.213113225378152e-10
497.0341884044064,6.952550263067331,1.2270214404959345,2.343311869759691,6.545750120614211,2.9288480140364594e-10
497.5341884044064,6.70755811361009,1.3029112945948014,1.775440307471662,6.468318758538534,3.712103148621884e-10
498.0341884044064,6.485991585220496,1.3843051697609727,1.20258093630952,6.373530099966266,4.394719710462689e-10
498.5209293218824,6.294547037933042,1.4687819347920341,0.6410211931468754,6.26182195871842,4.6083693687565776e-10
498.98476665638805,6.135877118574788,1.5539134053452397,0.10358661031965073,6.135002675501628,4.2239618708243657e-10
499.428826893937,6.0069404735707375,1.6393490110888584,-0.4114694356579219,5.992831280500193,3.317614364382763e-10
499.8555196061911,5.905193187936708,1.7246766615661955,-0.9051111669633437,5.835416040205904,2.0177207137370141e-10
500.2658552497069,5.828566133562145,1.8092650795886527,-1.3767946896440615,5.663622476461111,5.079212140441539e-11
500.659146283234,5.775184380034337,1.8921789354018568,-1.824257622148563,5.479492563315097,-9.868650322524384e-11
501.03262779655046,5.743016381580716,1.9720965725160522,-2.2433118953995517,5.2867559901193975,-2.2456070084481004e-10
501.34537007876617,5.730119587335992,2.039537953387343,-2.5886617525694104,5.112054461364419,-2.701881089879376e-10
501.6052370184163,5.729186560778494,2.0957070414184327,-2.871100157631872,4.957858664085852,-2.852007858138402e-10
501.8649595510066,5.737131187987491,2.1517756329217734,-3.1487832993411278,4.795814633820741,-2.996817980773119e-10
502.1625968183336,5.757114820443921,2.215719710404835,-3.460815955838069,4.600774280008928,-3.2999654881481457e-10
502.4935460499915,5.792879264907406,2.286135259281841,-3.799394867001674,4.372876492927224,-3.7972834144816075e-10
502.84936673474976,5.847040597495476,2.360671866823361,-4.152952186144489,4.11592904316364,-4.4176052116480996e-10
503.22498838290375,5.921543055173746,2.437634471726345,-4.513910978332925,3.832659629286421,-5.060150322108846e-10
503.6174708032644,6.01790940507798,2.5157506684841975,-4.8773361723927335,3.5251702752059226,-5.64325601631363e-10
504.02554428335935,6.13750432257567,2.594089383608078,-5.240366120241918,3.1949213191338064,-6.13271520251815e-10
504.449341790017,6.2817848579503535,2.6720022815466633,-5.601805067289482,2.842639792457746,-6.543048518646128e-10
504.8901828291631,6.452511051296068,2.749061751295796,-5.961758089490518,2.468266466468373,-6.92325151572084e-10
505.3504121141605,6.651917538291947,2.8250011981008587,-6.321331311718598,2.0709363543387846,-7.340400726734271e-10
505.8333178756744,6.882867393389567,2.8996656518244444,-6.6824253434250585,1.6489557557847898,-7.867531647399638e-10
506.3333178756744,7.143681838618582,2.971615105003398,-7.040731132455357,1.2084268003825718,-8.486497086190644e-10
506.8333178756744,7.424759858110634,3.038277352391532,-7.385168958780281,0.7657273672001143,-9.031501494985363e-10
507.3333178756744,7.724338041412936,3.0998963351887907,-7.717624312915631,0.3219831404166446,-9.484596400682508e-10
507.8333178756744,8.040741709163557,3.1567665740441218,-8.039816045131245,-0.12200489306858388,-9.841554962076526e-10
508.3333178756744,8.3724034470901,3.2092101363085823,-8.353270905212748,-0.5656895482262387,-1.01097396892962e-09
508.8333178756744,8.717873394513921,3.257558982963398,-8.659319252327506,-1.0087153260677024,-1.0302970229966233e-09
509.3333178756744,9.075822963451904,3.302142167453459,-8.95910412967138,-1.4508672088189636,-1.0436975577402918e-09
509.8333178756744,9.445043652104255,3.3432770906518923,-9.253597733001229,-1.89203028145678,-1.052652151120095e-09
510.3333178756744,9.824442436249258,3.381263958594568,-9.543621104588055,-2.332158955825418,-1.0584031926645975e-09
510.8333178756744,10.213034964492689,3.416382653116139,-9.829864375514587,-2.7712541465804588,-1.061925337037778e-09
511.3333178756744,10.609937511332602,3.4488913449181404,-10.112905989307109,-3.2093467319407942,-1.0639445773771425e-09
511.8333178756744,11.014358392389282,3.479026312584659,-10.39323010346998,-3.646485816827154,-1.064980898987986e-09
512.3333178756744,11.42558933595286,3.5070025569032284,-10.671241855775403,-4.082730572715628,-1.06539647118347e-09
512.8333178756744,11.842997138445467,3.5330149073447816,-10.947280475240447,-4.518144687551166,-1.0654363752348606e-09
513.3333178756744,12.266015805565303,3.5572394039886537,-11.22163037762058,-4.952792688013582,-1.065261331127203e-09
513.8333178756744,12.694139289638875,3.579834804756704,-11.494530460179078,-5.386737584546764,-1.0649758486842405e-09
514.3333178756744,13.126914870080983,3.600944117446584,-11.766181834229164,-5.820039437169551,-1.0646436411118129e-09
514.8333178756744,13.563937181307162,3.620696092054813,-12.036754228891999,-6.2527545523311145,-1.0643045292088816e-09
515.3333178756744,14.0048428653969,3.6392066343724863,-12.30639127984433,-6.684935104533916,-1.0639801572306326e-09
515.8333178756744,14.449305810820427,3.6565801194668723,-12.57521489110711,-7.116629037478835,-1.0636818941239926e-09
516.3333178756744,14.897032930211621,3.6729105955500745,-12.843328831048577,-7.547880143547977,-1.0634149755009088e-09
516.8333178756744,15.347760426970924,3.6882828765130222,-13.110821698340013,-7.978728251922821,-1.0631795690026055e-09
517.3333178756744,15.801250500595323,3.7027735262904207,-13.377769370817512,-8.40920947793434,-1.0629754524994782e-09
517.8333178756744,16.257288442776062,3.716451741114486,-13.644237030472826,-8.839356501912011,-1.0627986573962343e-09
518.3333178756744,16.715680079597426,3.729380137256196,-13.910280841087435,-9.269198856725756,-1.0626476964821652e-09
518.8333178756744,17.176249519020647,3.7416154524990266,-14.175949341085133,-9.698763210773063,-1.0625187817585466e-09
519.3333178756744,17.638837166860533,3.7532091696610532,-14.441284602670644,-10.128073638342501,-1.0624089179936968e-09
519.8333178756744,18.10329797841773,3.764208070197189,-14.706323198888045,-10.557151872793664,-1.0623157692410129e-09
520.3333178756744,18.569499916673628,3.7746547254238916,-14.971097012536195,-10.986017540336066,-1.0622368568415514e-09
520.8333178756744,19.03732259141131,3.7845879323138942,-15.235633914618138,-11.414688373722562,-1.0621696560203114e-09
521.3333178756744,19.506656056760963,3.794043100173684,-15.49995833491851,-11.843180406147642,-1.0621127971775779e-09
521.8333178756744,19.977399747476447,3.8030525938829705,-15.764091743179232,-12.271508146234527,-1.0620644134554254e-09
522.3333178756744,20.449461536741648,3.8116460387683357,-16.028053055998278,-12.699684735330258,-1.0620233877826886e-09
522.8333178756744,20.92275690050183,3.8198505916167664,-16.291858981860535,-13.127722088491485,-1.06198878039786e-09
523.3333178756744,21.397208175241346,3.827691181815718,-16.55552431450348,-13.555631020594324,-1.061958899520543e-09
523.8333178756744,21.87274389781195,3.8351907261369806,-16.819062183024815,-13.983421358981298,-1.0619336139181695e-09
524.3333178756744,22.349298217382284,3.8423703202611597,-17.08248426567621,-14.411102043994124,-1.0619122632196862e-09
524.8333178756744,22.826810370854197,3.84924940976564,-17.345800973092558,-14.838681218652754,-1.0618939362668312e-09
525.3333178756744,23.30522421419921,3.855845942968029,-17.609021605728902,-15.266166308640488,-1.061878114294827e-09
525.8333178756744,23.784487803129494,3.862176507725488,-17.872154489475626,-15.693564093651,-1.0618647076810175e-09
526.3333178756744,24.264553017351787,3.868256454034105,-18.13520709276426,-16.120880771050583,-1.0618530710953483e-09
526.8333178756744,24.745375223376005,3.8741000040477225,-18.398186127933727,-16.548122012711232,-1.0618432333578194e-09
527.3333178756744,25.22691297147808,3.8797203509388343,-18.661097639179147,-16.975293015778888,-1.061834561728836e-09
527.8333178756744,25.709127722961576,3.8851297478519653,-18.923947079034896,-17.402398548057626,-1.0618273103518901e-09
528.3333178756744,26.191983604335977,3.890339588049369,-19.186739375036055,-17.829442988614243,-1.0618207988230783e-09
528.8333178756744,26.67544718544112,3.895360477217223,-19.44947898794704,-18.256430364139238,-1.0618155241605781e-09
529.3333178756744,27.159487278905342,3.9002022987853895,-19.712169962732844,-18.683364381538837,-1.061810365852263e-09
529.8333178756744,27.64407475863681,3.9048742730131263,-19.974815973270825,-19.11024845717777,-1.0618065399437933e-09
530.3333178756744,28.129182395319447,3.9093850105050296,-20.237420361651253,-19.53708574314431,-1.0618029796309468e-09
530.8333178756744,28.61478470712226,3.913742560744358,-20.499986172790326,-19.963879150865534,-1.0617998046027943e-09
531.3333178756744,29.10085782403834,3.917954456163294,-20.76251618497361,-20.390631372363202,-1.0617970694369166e-09
531.8333178756744,29.587379364451255,3.9220277522104343,-21.02501293685921,-20.817344899406812,-1.0617948210362405e-09
532.3333178756744,30.07432832268577,3.9259690638237705,-21.287478751395017,-21.244022040790796,-1.0617926712505497e-09
532.8333178756744,30.561684966439067,3.929784598671721,-21.549915757040587,-21.670664937936756,-1.0617909877706928e-09
533.3333178756744,31.04943074311142,3.9334801874845713,-21.81232590663035,-22.09727557899876,-1.0617892589647778e-09
533.8333178756744,31.537548194162845,3.937061311763298,-22.07471099416885,-22.523855811629257,-1.0617876629401672e-09
534.3333178756744,32.026020876717304,3.940533129121547,-22.337072669809576,-22.950407354545554,-1.061786414319518e-09
534.8333178756744,32.51483329171954,3.943900496489016,-22.599412453235523,-23.37693180802084,-1.0617856541454448e-09
535.3333178756744,33.00397081802368,3.9471679913801876,-22.8617317456308,-23.80343066341017,-1.0617843882039462e-09
535.8333178756744,33.493419651857906,3.9503399314108396,-23.124031840408215,-24.229905311809382,-1.061783755854598e-09
536.3333178756744,33.983166751167374,3.953420392225724,-23.386313932836597,-24.6563570519341,-1.0617828957991092e-09
536.8333178756744,34.47319978438885,3.9564132239839354,-23.648579128693264,-25.082787097296837,-1.061782267993456e-09
537.3333178756744,34.96350708325586,3.9593220665335,-23.910828452051568,-25.50919658275117,-1.0617814984203527e-09
537.8333178756744,35.45407759927378,3.962150363393406,-24.1730628522997,-25.935586570465208,-1.0617811134769387e-09
538.3333178756744,35.94490086353997,3.9649013746494615,-24.435283210475347,-26.361958055379308,-1.0617804326342674e-09
538.8333178756744,36.43596694961635,3.9675781888598145,-24.69749034499037,-26.788311970197796,-1.0617801754675689e-09
539.3333178756744,36.927266439190234,3.9701837340565675,-24.959685016811072,-27.214649189958745,-1.0617796900107245e-09
539.8333178756744,37.418790390284684,3.9727207879215243,-25.221867934151735,-27.640970536221587,-1.0617792670443098e-09
540.3333178756744,37.910530307802674,3.975191987206608,-25.48403975673237,-28.06727678090821,-1.0617790411003844e-09
540.8333178756744,38.402478116209465,3.977599836462772,-25.746201099645926,-28.493568649829346,-1.0617792023923928e-09
541.3333178756744,38.89462613417617,3.979946716135215,-26.00835253687486,-28.919846825925188,-1.061778699909236e-09
541.8333178756744,39.386967051023674,3.982234890077326,-26.270494604492573,-29.346111952245924,-1.0617783538355233e-09
542.3333178756744,39.87949390482092,3.984466512530936,-26.532627803581246,-29.772364634695652,-1.0617782220174052e-09
542.8333178756744,40.372200062004794,3.986643634616114,-26.794752602894114,-30.198605444560503,-1.0617783411654912e-09
543.3333178756744,40.865079198400814,3.988768210369823,-27.056869441287226,-30.624834920840122,-1.061778009367883e-09
543.8333178756744,41.358125281534434,3.990842102369242,-27.31897872994302,-31.051053572399418,-1.0617780693558855e-09
544.3333178756744,41.85133255413264,3.9928670869723657,-27.581080854405492,-31.477261879956288,-1.0617779456166682e-09
544.8333178756744,42.34469551872416,3.9948448592056476,-27.843176176444988,-31.90346029791916,-1.0617775951489862e-09
545.3333178756744,42.838208923254555,3.996777037325849,-28.105265035768465,-32.32964925608716,-1.0617776634340262e-09
545.8333178756744,43.3318677476396,3.9986651670809215,-28.367347751589534,-32.755829161224376,-1.0617775192193958e-09
546.3333178756744,43.825667191186824,4.000510725692631,-28.629424624071266,-33.18200039851864,-1.06177738004231e-09
546.8333178756744,44.319602660821076,4.0023151255817115,-28.891495935653086,-33.60816333293445,-1.061777400578353e-09
547.3333178756744,44.81366976005511,4.0040797178546015,-29.153561952272437,-34.0343183104685,-1.0617772794926936e-09
547.8333178756744,45.30786427865125,4.005805795569221,-29.415622924490346,-34.46046565931575,-1.0617770568068276e-09
548.3333178756744,45.802182182924355,4.0074945967958335,-29.67767908852949,-34.88660569095326,-1.0617772369226746e-09
548.8333178756744,46.2966196066406,4.009147307487718,-29.939730667232283,-35.31273870114819,-1.0617769399191227e-09
549.3333178756744,46.79117284246997,4.010765064175189,-30.20177787094592,-35.738864970896046,-1.0617771550010187e-09
549.8333178756744,47.28583833395384,4.012348956495419,-30.463820898340693,-36.16498476729445,-1.06177698368571e-09
550.3333178756744,47.78061266795202,4.013900029569551,-30.725859937167144,-36.591098344357526,-1.0617771196544658e-09
550.8333178756744,48.27549256753637,4.0154192862376545,-30.987895164957074,-37.017205943775515,-1.0617770025475675e-09
551.3333178756744,48.770474885300736,4.016907689161289,-31.249926749673325,-37.443307795623525,-1.0617771867362362e-09
551.8333178756744,49.2655565970591,4.01836616280266,-31.511954850312332,-37.869404119023464,-1.0617772839340314e-09
552.3333178756744,49.760734795906146,4.019795595288695,-31.7739796174633,-38.29549512276257,-1.0617771134380302e-09
552.8333178756744,50.256006686616224,4.021196840167704,-32.03600119382779,-38.721581005871634,-1.0617769297561232e-09
553.3333178756744,50.75136958035859,4.0225707180657455,-32.298019714702235,-39.1476619581662,-1.0617768157768506e-09
553.8333178756744,51.24682088970841,4.023918018249259,-32.560035308427146,-39.57373816075292,-1.0617770606064557e-09
554.3333178756744,51.742358123934416,4.025239500100073,-32.82204809680491,-39.999809786504066,-1.0617769560437746e-09
554.8333178756744,52.23797888454567,4.026535894508416,-33.08405819548917,-40.425877000502105,-1.061776897212317e-09
555.3333178756744,52.733680861080984,4.0278079051891815,-33.34606571434741,-40.851939960456754,-1.0617768373825867e-09
555.8333178756744,53.229461827125796,4.029056209926303,-33.60807075779939,-41.27799881709616,-1.0617766720056767e-09
556.3333178756744,53.72531963654238,4.030281461749746,-33.870073425132794,-41.70405371453427,-1.0617767844043e-09
556.8333178756744,54.22125221990023,4.031484290049325,-34.13207381079806,-42.1301047906158,-1.0617769007617166e-09
557.3333178756744,54.717257581094366,4.032665301629228,-34.39407200468375,-42.556152177240584,-1.0617768679201564e-09
557.8333178756744,55.213333794140226,4.033825081706897,-34.656068092374184,-42.98219600066836,-1.0617766332679082e-09
558.3333178756744,55.70947900013444,4.034964194859626,-34.918062155390274,-43.40823638180572,-1.061776682151668e-09
558.8333178756744,56.20569140437171,4.03608318592204,-35.18005427141498,-43.83427343647618,-1.0617765419984877e-09
559.3333178756744,56.70196927360844,4.037182580837374,-35.44204451450453,-44.260307275674386,-1.0617766210441843e-09
559.8333178756744,57.19831093346461,4.038262887465297,-35.70403295528637,-44.68633800580578,-1.0617766441059804e-09
560.3333178756744,57.69471476595581,4.039324596348836,-35.96601966114463,-45.112365728912486,-1.0617765943802768e-09
560.8333178756744,58.19117920714789,4.040368181442777,-36.228004696394216,-45.53839054288634,-1.0617765429736104e-09
561.3333178756744,58.68770274492728,4.041394100805782,-36.48998812244426,-45.96441254166991,-1.0617767288144899e-09
561.8333178756744,59.18428391688031,4.042402797258288,-36.75196999795146,-46.390431815446306,-1.0617764476043672e-09
562.3333178756744,59.68092130827547,4.043394699008154,-37.013950378964324,-46.8164484508184,-1.061776530365229e-09
562.8333178756744,60.17761355014281,4.044370220245862,-37.27592931905871,-47.2424625309781,-1.0617766847637999e-09
563.3333178756744,60.67435931744508,4.0453297617109945,-37.53790686946527,-47.66847413586664,-1.0617766655424433e-09
563.8333178756744,61.171157327335614,4.046273711231565,-37.79988307918948,-48.094483342325766,-1.061776610677106e-09
564.3333178756744,61.66800633749809,4.047202444237729,-38.06185799512446,-48.520490224241186,-1.061776624858301e-09
564.8333178756744,62.164905144563896,4.048116324251245,-38.323831662157545,-48.946494852678036,-1.061776752141519e-09
565.3333178756744,62.66185258260276,4.049015703352038,-38.58580412327036,-49.37249729600937,-1.0617764712287394e-09
565.8333178756744,63.15884752168284,4.049900922623075,-38.847775419633486,-49.79849762003772,-1.0617764733173684e-09
566.3333178756744,63.655888866496504,4.05077231257473,-39.10974559069552,-50.224495888110475,-1.0617764032922592e-09
566.8333178756744,64.15297555504844,4.0516301935497205,-39.371714674267295,-50.65049216122908,-1.0617766120591921e-09
567.3333178756744,64.65010655740274,4.052474876109648,-39.633682706601284,-51.076486498152775,-1.061776545862333e-09
567.8333178756744,65.14728087448589,4.053306661404101,-39.895649722466615,-51.502478955496926,-1.0617765502687888e-09
568.3333178756744,65.64449753694292,4.0541258415232315,-40.15761575522007,-51.928469587826356,-1.0617762409869557e-09
568.8333178756744,66.14175560404385,4.054932699834658,-40.419580836872875,-52.354458447744115,-1.0617764211872341e-09
569.3333178756744,66.6390541626379,4.055727511305496,-40.681544998154365,-52.780445585975585,-1.0617765207901283e-09
569.8333178756744,67.13639232615314,4.056510542810281,-40.94350826857172,-53.2064310514486,-1.0617766224553695e-09
570.3333178756744,67.63376923363919,4.057282053425486,-41.205470676466845,-53.632414891369464,-1.061776616708188e-09
570.8333178756744,68.13118404885091,4.058042294711321,-41.46743224907012,-54.05839715129534,-1.0617763575011417e-09
571.3333178756744,68.62863595937104,4.058791510981431,-41.729393012551256,-54.48437787520303,-1.0617765268228411e-09
571.8333178756744,69.12612417576977,4.059529939561116,-41.991352992067455,-54.9103571055546,-1.0617765680422263e-09
572.3333178756744,69.62364793079972,4.060257811034612,-42.25331221180932,-55.33633488335958,-1.0617764928219565e-09
572.8333178756744,70.12120647862417,4.060975349481981,-42.51527069504412,-55.76231124823438,-1.061776270078197e-09
573.3333178756744,70.61879909407746,4.061682772706122,-42.7772284641569,-56.188286238458986,-1.0617763189042504e-09
573.8333178756744,71.11642507195555,4.06238029245036,-43.03918554068951,-56.614259891030734,-1.0617763507863062e-09
574.3333178756744,71.61408372633566,4.063068114607074,-43.301141945377815,-57.04023224171564,-1.0617763492229289e-09
574.8333178756744,72.11177438992343,4.063746439417801,-43.563097698186766,-57.46620332509753,-1.0617765512308673e-09
575.3333178756744,72.60949641342633,4.064415461665196,-43.825052818343785,-57.89217317462481,-1.0617767561185173e-09
575.8333178756744,73.10724916495218,4.06507537085725,-44.087007324370774,-58.3181418226548,-1.0617765451613602e-09
576.3333178756744,73.60503202943156,4.065726351404118,-44.348961234114086,-58.7441093004966,-1.0617767069861127e-09
576.8333178756744,74.10284440806295,4.0663685827878995,-44.610914564773395,-59.17007563845153,-1.0617767588544912e-09
577.3333178756744,74.60068571777977,4.0670022397257,-44.87286733292904,-59.59604086585198,-1.061776480399302e-09
577.8333178756744,75.09855539073804,4.067627492326279,-45.134819554567976,-60.02200501109854,-1.0617764460105424e-09
578.3333178756744,75.59645287382399,4.068244506240574,-45.39677124510848,-60.44796810169539,-1.0617766131977363e-09
578.8333178756744,76.09437762818057,4.068853442806378,-45.65872241942391,-60.87393016428415,-1.061776587987242e-09
579.3333178756744,76.59232912875204,4.069454459187438,-45.92067309186504,-61.299891224676244,-1.0617767929760192e-09
579.8333178756744,77.09030686384598,4.070047708507214,-46.18262327628149,-61.72585130788398,-1.0617765875760433e-09
580.3333178756744,77.58831033471166,4.070633339977547,-46.44457298604215,-62.15181043814998,-1.0617765392750299e-09
580.8333178756744,78.0863390551344,4.071211499022446,-46.70652223405459,-62.57776863897572,-1.0617765741263537e-09
581.3333178756744,78.58439255104498,4.071782327397222,-46.96847103278368,-63.00372593314854,-1.0617766816898691e-09
581.8333178756744,79.08247036014357,4.072345963303163,-47.23041939426918,-63.4296823427678,-1.0617765333500412e-09
582.3333178756744,79.58057203153744,4.072902541497943,-47.49236733014272,-63.85563788926951,-1.061776701061099e-09
582.8333178756744,80.07869712539205,4.073452193401957,-47.75431485164385,-64.28159259345043,-1.0617765561831235e-09
583.3333178756744,80.5768452125948,4.073995047200739,-48.0162619696355,-64.70754647549077,-1.0617766070947027e-09
583.8333178756744,81.0750158744309,4.074531227943651,-48.27820869461867,-65.13349955497608,-1.0617764643133083e-09
584.3333178756744,81.57320870227099,4.075060857638982,-48.54015503674645,-65.55945185091832,-1.0617766171623226e-09
584.8333178756744,82.07142329726985,4.075584055345621,-48.8021010058374,-65.98540338177598,-1.0617764002678664e-09
585.3333178756744,82.5696592700759,4.076100937261437,-49.064046611388456,-66.41135416547333,-1.061776684938032e-09
585.8333178756744,83.06791624055096,4.076611616808509,-49.325991862587216,-66.83730421941904,-1.0617768585878243e-09
586.3333178756744,83.56619383749974,4.077116204715336,-49.58793676832351,-67.26325356052389,-1.0617767826671547e-09
586.8333178756744,84.06449169840899,4.077614809096145,-49.84988133720084,-67.68920220521785,-1.0617767801459977e-09
587.3333178756744,84.56280946919553,4.0781075355274226,-50.11182557754692,-68.11515016946655,-1.0617766967634263e-09
587.8333178756744,85.0611468039631,4.0785944871217765,-50.373769497424135,-68.54109746878689,-1.061776789539616e-09
588.3333178756744,85.55950336476752,4.079075764599243,-50.63571310463927,-68.96704411826222,-1.0617767946393457e-09
588.8333178756744,86.05787882138986,4.079551466356133,-50.89765640675294,-69.39299013255693,-1.0617768300656237e-09
589.3333178756744,86.55627285111737,4.080021688531519,-51.159599411088614,-69.81893552593036,-1.061776763311548e-09
589.8333178756744,87.05468513853171,4.080486525071463,-51.42154212474131,-70.24488031225016,-1.061776845177882e-09
590.3333178756744,87.55311537530443,4.08094606779106,-51.68348455458582,-70.6708245050053,-1.0617767263909648e-09
590.8333178756744,88.05156325999917,4.081400406434395,-51.945426707284795,-71.09676811731839,-1.0617765560602548e-09
591.3333178756744,88.5500284978805,4.0818496287324955,-52.20736858929614,-71.52271116195767,-1.061776657227894e-09
591.8333178756744,89.04851080072905,4.082293820459346,-52.46931020688042,-71.94865365134856,-1.0617769291841977e-09
592.3333178756744,89.54700988666269,4.082733065486047,-52.73125156610798,-72.37459559758452,-1.0617768425895344e-09
592.8333178756744,90.04552547996363,4.083167445833195,-52.993192672865455,-72.80053701243789,-1.0617769219130034e-09
593.3333178756744,90.54405731091106,4.083597041721536,-53.25513353286239,-73.22647790736997,-1.0617769774877818e-09
593.8333178756744,91.04260511561927,4.084021931620974,-53.51707415163738,-73.65241829354098,-1.0617766512344258e-09
594.3333178756744,91.54116863588094,4.08444219229799,-53.77901453456396,-74.07835818181954,-1.0617766238194309e-09
594.8333178756744,92.03974761901544,4.084857898861526,-54.04095468685634,-74.50429758279182,-1.0617767742471532e-09
595.3333178756744,92.53834181772203,4.0852691248074,-54.30289461357492,-74.93023650677033,-1.061776816042336e-09
595.8333178756744,93.03695098993757,4.085675942061303,-54.56483431963165,-75.35617496380236,-1.0617769524408713e-09
596.3333178756744,93.53557489869887,4.086078421020431,-54.826773809794744,-75.78211296367837,-1.0617768152369798e-09
596.8333178756744,94.03421331200924,4.086476630593798,-55.088713088694,-76.20805051593966,-1.061776892932028e-09
597.3333178756744,94.53286600270926,4.0868706382412885,-55.3506521608251,-76.63398762988608,-1.0617769019535389e-09
597.8333178756744,95.03153274835151,4.087260510011482,-55.61259103055436,-77.05992431458333,-1.0617769382206181e-09
598.3333178756744,95.53021333107925,4.087646310578305,-55.87452970212288,-77.48586057887013,-1.0617768512481616e-09
598.8333178756744,96.02890753750874,4.088028103276548,-56.13646817965086,-77.91179643136493,-1.0617770225426498e-09
599.3333178756744,96.52761515861519,4.0884059501362895,-56.39840646714138,-78.33773188047266,-1.0617772072112797e-09
599.8333178756744,97.02633598962217,4.088779911916262,-56.6603445684845,-78.76366693439088,-1.061777094076442e-09
600.3333178756744,97.52506982989439,4.089150048136205,-56.922282487460826,-79.1896016011161,-1.0617771882116849e-09
600.8333178756744,98.02381648283367,4.089516417108236,-57.184220227745,-79.61553588844964,-1.0617771864320593e-09
601.3333178756744,98.52257575577804,4.089879075967269,-57.446157792909354,-80.04146980400337,-1.0617771850994102e-09
601.8333178756744,99.02134745990386,4.09023808070053,-57.708095186427016,-80.4674033552052,-1.0617770409245126e-09
602.3333178756744,99.52013141013087,4.090593486176181,-57.97003241167527,-80.89333654930445,-1.0617772463716593e-09
602.8333178756744,100.01892742502991,4.090945346171099,-58.23196947193836,-81.31926939337711,-1.0617771496627092e-09
603.3333178756744,100.51773532673354,4.091293713397828,-58.49390637041078,-81.74520189433062,-1.0617769847456024e-09
603.8333178756744,101.01655494084912,4.091638639530742,-58.755843110199756,-82.17113405890892,-1.0617771836992986e-09
604.3333178756744,101.5153860963745,4.091980175231435,-59.01777969432841,-82.59706589369686,-1.0617771860884996e-09
604.8333178756744,102.01422862561611,4.092318370173381,-59.27971612573803,-83.02299740512498,-1.0617770014135087e-09
605.3333178756744,102.51308236410944,4.092653273065867,-59.54165240729083,-83.4489285994736,-1.0617770134863036e-09
605.8333178756744,103.01194715054177,4.092984931677241,-59.80358854177231,-83.8748594828773,-1.0617771012722815e-09
606.3333178756744,103.51082282667717,4.093313392857488,-60.0655245318937,-84.30079006132877,-1.0617769190156674e-09
606.8333178756744,104.00970923728349,4.093638702560166,-60.327460380294305,-84.7267203406828,-1.0617767195939773e-09
607.3333178756744,104.50860623006159,4.093960905863709,-60.58939608954355,-85.15265032666025,-1.061776909446339e-09
607.8333178756744,105.00751365557642,4.094280046992136,-60.85133166214313,-85.57858002485158,-1.0617770156174257e-09
608.3333178756744,105.50643136719013,4.094596169335162,-61.11326710052927,-86.00450944072043,-1.0617767760305041e-09
608.8333178756744,106.005359220997,4.09490931546776,-61.37520240707451,-86.43043857960718,-1.0617768314634822e-09
609.3333178756744,106.5042970757601,4.0952195271691645,-61.637137584089594,-86.85636744673226,-1.061776953428479e-09
609.8333178756744,107.00324479284991,4.09552684544135,-61.89907263382559,-87.28229604719932,-1.0617766573666215e-09
610.3333178756744,107.50220223618436,4.095831310527,-62.161007558475404,-87.7082243859984,-1.0617766645222039e-09
610.8333178756744,108.00116927217076,4.096132961926975,-62.422942360175675,-88.13415246800906,-1.0617769051201525e-09
611.3333178756744,108.50014576964911,4.09643183841731,-62.68487704100819,-88.56008029800327,-1.0617770180306e-09
611.8333178756744,108.9991315998371,4.096727978065734,-62.94681160300188,-88.98600788064826,-1.0617769377103329e-09
612.3333178756744,109.49812663627652,4.097021418247754,-63.208746048134174,-89.41193522050919,-1.0617768315346454e-09
612.8333178756744,109.9971307547811,4.097312195662296,-63.47068037833236,-89.83786232205209,-1.0617770456283866e-09
613.3333178756744,110.49614383338577,4.097600346346926,-63.73261459547525,-90.26378918964622,-1.061777076454516e-09
613.8333178756744,110.99516575229732,4.097885905692661,-63.994548701394585,-90.68971582756664,-1.0617770464553453e-09
614.3333178756744,111.49419639384628,4.098168908458386,-64.25648269787631,-91.11564223999679,-1.0617769014149395e-09
614.8333178756744,111.99323564244011,4.098449388784888,-64.51841658666184,-91.5415684310307,-1.0617767953465311e-09
615.3333178756744,112.49228338451765,4.098727380208516,-64.78035036944955,-91.96749440467529,-1.0617771136722119e-09
615.8333178756744,112.99133950850472,4.09900291567448,-65.0422840478958,-92.39342016485274,-1.0617771197881241e-09
616.3333178756744,113.49040390477091,4.099276027549808,-65.3042176236162,-92.81934571540255,-1.0617769173448079e-09
616.8333178756744,113.98947646558747,4.099546747635956,-65.5661510981867,-93.24527106008364,-1.0617769828376992e-09
617.3333178756744,114.48855708508627,4.09981510718109,-65.8280844731448,-93.67119620257644,-1.0617769813740916e-09
617.8333178756744,114.9876456592199,4.100081136892057,-66.09001774999065,-94.09712114648477,-1.061777079311244e-09
618.3333178756744,115.48674208572267,4.100344866946039,-66.35195093018801,-94.52304589533786,-1.0617770476595776e-09
618.8333178756744,115.98584626407273,4.100606327001913,-66.61388401516528,-94.94897045259218,-1.0617771495995153e-09
619.3333178756744,116.48495809545507,4.100865546211316,-66.87581700631642,-95.37489482163323,-1.061776870181525e-09
619.8333178756744,116.98407748272545,4.101122553229432,-67.13774990500214,-95.80081900577729,-1.0617770035228401e-09
620.3333178756744,117.48320433037533,4.1013773762255035,-67.39968271255046,-96.22674300827316,-1.0617769755409911e-09
620.8333178756744,117.98233854449755,4.101630042893075,-67.66161543025788,-96.65266683230381,-1.0617770879467614e-09
621.3333178756744,118.48148003275301,4.101880580459983,-67.92354805939016,-97.07859048098797,-1.0617770589141165e-09
621.8333178756744,118.98062870433806,4.102129015698091,-68.18548060118314,-97.50451395738163,-1.0617770126156404e-09
622.3333178756744,119.47978446995275,4.10237537493279,-68.44741305684354,-97.93043726447976,-1.0617769686870677e-09
622.8333178756744,119.97894724176989,4.102619684052248,-68.7093454275498,-98.35636040521753,-1.0617772727550895e-09
623.3333178756744,120.47811693340479,4.102861968516448,-68.97127771445278,-98.78228338247192,-1.0617771429709043e-09
623.8333178756744,120.97729345988587,4.103102253365989,-69.23320991867651,-99.20820619906307,-1.0617772970273536e-09
624.3333178756744,121.47647673762582,4.10334056323068,-69.49514204131889,-99.63412885775566,-1.0617773327494788e-09
624.8333178756744,121.97566668439357,4.1035769223379175,-69.75707408345247,-100.06005136126008,-1.0617773775040395e-09
625.3333178756744,122.47486321928702,4.103811354520864,-70.01900604612509,-100.4859737122339,-1.0617772812286278e-09
625.8333178756744,122.97406626270615,4.104043883226424,-70.28093793036041,-100.91189591328303,-1.0617774856988383e-09
626.3333178756744,123.4732757363271,4.104274531523034,-70.54286973715872,-101.33781796696293,-1.0617775790595496e-09
626.8333178756744,123.97249156307664,4.104503322108253,-70.80480146749738,-101.76373987577988,-1.0617772667081724e-09
627.3333178756744,124.47171366710738,4.104730277316184,-71.06673312233168,-102.18966164219182,-1.0617776100669097e-09
627.8333178756744,124.97094197377345,4.104955419124711,-71.32866470259506,-102.61558326860995,-1.0617776943648334e-09
628.3333178756744,125.47017640960688,4.105178769162566,-71.59059620919984,-103.04150475739944,-1.061777761765284e-09
628.8333178756744,125.96941690229445,4.105400348716225,-71.85252764303804,-103.46742611088054,-1.0617775418202972e-09
629.3333178756744,126.46866338065514,4.10562017873665,-72.11445900498136,-103.89334733132976,-1.0617775993241788e-09
629.8333178756744,126.967915774618,4.105838279845863,-72.37639029588216,-104.31926842098073,-1.0617775870399623e-09
630.3333178756744,127.46717401520073,4.106054672343371,-72.63832151657374,-104.7451893820252,-1.0617774701559766e-09
630.8333178756744,127.96643803448849,4.10626937621244,-72.90025266787077,-105.17111021661405,-1.0617773737450068e-09
631.3333178756744,128.4657077656135,4.106482411126225,-73.16218375057001,-105.59703092685817,-1.0617775034580338e-09
631.8333178756744,128.96498314273484,4.106693796453756,-73.42411476545044,-106.0229515148293,-1.0617773667680303e-09
632.3333178756744,129.46426410101887,4.106903551265784,-73.68604571327408,-106.44887198256093,-1.0617778965785494e-09
632.8333178756744,129.9635505766201,4.1071116943404995,-73.94797659478604,-106.87479233204931,-1.061777752558654e-09
633.3333178756744,130.46284250666235,4.107318244169114,-74.20990741071512,-107.30071256525409,-1.0617774597370894e-09
633.8333178756744,130.96213982922058,4.1075232189613144,-74.47183816177433,-107.72663268409913,-1.0617776216958542e-09
634.3333178756744,131.4614424833028,4.1077266366506,-74.73376884866103,-108.15255269047341,-1.0617778407954877e-09
634.8333178756744,131.96075040883275,4.10792851489949,-74.99569947205757,-108.57847258623175,-1.0617779636124589e-09
635.3333178756744,132.46006354663268,4.10812887110462,-75.25763003263141,-109.00439237319542,-1.061777812439097e-09
635.8333178756744,132.9593818384067,4.108327722401722,-75.51956053103562,-109.43031205315316,-1.0617777798428442e-09
636.3333178756744,133.45870522672436,4.108525085670489,-75.78149096790943,-109.85623162786153,-1.0617778747121587e-09
636.8333178756744,133.95803365500473,4.108720977539342,-76.04342134387808,-110.28215109904596,-1.0617777708472387e-09
637.3333178756744,134.45736706750068,4.108915414390078,-76.30535165955364,-110.70807046840113,-1.0617778029964522e-09
637.8333178756744,134.95670540928367,4.109108412362426,-76.56728191553503,-111.13398973759179,-1.0617778118994892e-09
638.3333178756744,135.45604862622875,4.109299987358493,-76.8292121124085,-111.55990890825338,-1.061777849863736e-09
638.8333178756744,135.9553966649999,4.109490155047121,-77.09114225074784,-111.98582798199257,-1.0617778977473465e-09
639.3333178756744,136.4547494730358,4.109678930868144,-77.35307233111475,-112.41174696038797,-1.0617777495510907e-09
639.8333178756744,136.95410699853574,4.109866330036553,-77.61500235405904,-112.8376658449907,-1.0617776805129056e-09
640.3333178756744,137.45346919044596,4.1100523675465706,-77.87693232011895,-113.26358463732502,-1.0617775772380861e-09
640.8333178756744,137.95283599844623,4.1102370581756364,-78.13886222982144,-113.6895033388887,-1.0617775407090243e-09
641.3333178756744,138.45220737293678,4.110420416488308,-78.40079208368263,-114.11542195115373,-1.0617777447609804e-09
641.8333178756744,138.95158326502542,4.11060245684008,-78.6627218822076,-114.54134047556694,-1.061777689264224e-09
642.3333178756744,139.45096362651492,4.1107831933811125,-78.92465162589116,-114.96725891355027,-1.06177771207521e-09
642.8333178756744,139.95034840989084,4.110962640059894,-79.18658131521778,-115.39317726650151,-1.0617778340331909e-09
643.3333178756744,140.44973756830936,4.111140810626813,-79.44851095066183,-115.81909553579469,-1.061777317659624e-09
643.8333178756744,140.94913105558564,4.11131771863766,-79.71044053268815,-116.24501372278057,-1.0617776597598878e-09
644.3333178756744,141.44852882618213,4.111493377457061,-79.97237006175173,-116.6709318287872,-1.0617776584307533e-09
644.8333178756744,141.94793083519735,4.111667800261824,-80.23429953829833,-117.09684985512033,-1.0617774754279537e-09
645.3333178756744,142.4473370383549,4.1118410000442305,-80.49622896276462,-117.52276780306381,-1.0617775091452357e-09
645.8333178756744,142.9467473919925,4.112012989615249,-80.75815833557843,-117.94868567388004,-1.061777274291912e-09
646.3333178756744,143.4461618530514,4.112183781607687,-81.02008765715875,-118.37460346881053,-1.0617775427993422e-09
646.8333178756744,143.94558037906612,4.112353388479271,-81.28201692791615,-118.80052118907616,-1.0617777284628553e-09
647.3333178756744,144.44500292815414,4.11252182251567,-81.54394614825284,-119.22643883587776,-1.0617776736139531e-09
647.8333178756744,144.944429459006,4.112689095833454,-81.8058753185629,-119.65235641039631,-1.0617779639606945e-09
648.3333178756744,145.4438599308755,4.112855220382987,-82.06780443923253,-120.07827391379348,-1.0617776494800383e-09
648.8333178756744,145.94329430357024,4.11302020795127,-82.32973351064022,-120.50419134721199,-1.0617776914198298e-09
649.3333178756744,146.44273253744208,4.113184070164718,-82.59166253315672,-120.93010871177597,-1.061777823462149e-09
649.8333178756744,146.9421745933781,4.113346818491884,-82.85359150714542,-121.3560260085913,-1.0617780439704688e-09
650.3333178756744,147.44162043279155,4.113508464246128,-83.11552043296247,-121.78194323874608,-1.061777863750983e-09
650.8333178756744,147.94107001761307,4.11366901858823,-83.37744931095695,-122.20786040331079,-1.0617780771542828e-09
651.3333178756744,148.440523310282,4.113828492528953,-83.63937814147103,-122.63377750333876,-1.0617778803988895e-09
651.8333178756744,148.93998027373794,4.113986896931553,-83.90130692484009,-123.05969453986643,-1.0617780747061462e-09
652.3333178756744,149.4394408714125,4.114144242514238,-84.1632356613928,-123.48561151391385,-1.0617779364605545e-09
652.8333178756744,149.9389050672211,4.1143005398525805,-84.42516435145149,-123.9115284264848,-1.0617776278344943e-09
653.3333178756744,150.43837282555504,4.114455799381882,-84.68709299533194,-124.3374452785672,-1.061777805268385e-09
653.8333178756744,150.93784411127365,4.114610031399485,-84.94902159334407,-124.76336207113333,-1.0617778797175103e-09
654.3333178756744,151.43731888969666,4.114763246067048,-85.21095014579134,-125.18927880514025,-1.0617779578631777e-09
654.8333178756744,151.9367971265967,4.114915453412768,-85.47287865297169,-125.61519548152994,-1.0617778830087048e-09
655.3333178756744,152.4362787881919,4.115066663333567,-85.7348071151768,-126.04111210122988,-1.0617777143865429e-09
655.8333178756744,152.9357638411387,4.115216885597229,-85.99673553269308,-126.46702866515285,-1.0617776005792013e-09
656.3333178756744,153.43525225252472,4.115366129844495,-86.25866390580123,-126.8929451741976,-1.0617776706173975e-09
656.8333178756744,153.9347439898619,4.115514405591129,-86.52059223477636,-127.3188616292491,-1.0617775724516233e-09
657.3333178756744,154.43423902107958,4.115661722229925,-86.78252051988858,-127.74477803117846,-1.061777608762473e-09
657.8333178756744,154.93373731451794,4.1158080890326945,-87.04444876140249,-128.17069438084366,-1.0617776031136787e-09
658.3333178756744,155.43323883892134,4.115953515152201,-87.30637695957773,-128.59661067908937,-1.0617778948224044e-09
658.8333178756744,155.93274356343196,4.116098009624065,-87.56830511466904,-129.02252692674742,-1.0617780255672172e-09
659.3333178756744,156.43225145758348,4.116241581368633,-87.83023322692615,-129.448443124637,-1.061777970169156e-09
659.8333178756744,156.93176249129485,4.116384239192805,-88.092161296594,-129.87435927356503,-1.0617777664479165e-09
660.3333178756744,157.4312766348643,4.116525991791835,-88.35408932391297,-130.30027537432596,-1.0617776592670325e-09
660.8333178756744,157.93079385896337,4.116666847751089,-88.61601730911882,-130.72619142770256,-1.0617778470755079e-09
661.3333178756744,158.43031413463095,4.11680681554778,-88.87794525244279,-131.15210743446568,-1.061777825454833e-09
661.8333178756744,158.92983743326772,4.11694590355266,-89.13987315411171,-131.57802339537474,-1.0617780416346094e-09
662.3333178756744,159.4293637266304,4.117084120031685,-89.40180101434821,-132.00393931117776,-1.0617779673358776e-09
662.8333178756744,159.92889298682633,4.117221473147653,-89.66372883337071,-132.42985518261173,-1.0617778442371375e-09
663.3333178756744,160.4284251863079,4.117357970961804,-89.92565661139344,-132.85577101040263,-1.0617779939841311e-09
663.8333178756744,160.92796029786734,4.117493621435392,-90.1875843486266,-133.2816867952658,-1.0617778362528041e-09
664.3333178756744,161.42749829463156,4.117628432431234,-90.44951204527648,-133.70760253790607,-1.0617782009432153e-09
664.8333178756744,161.92703915005688,4.117762411715223,-90.71143970154543,-134.13351823901786,-1.0617780219992278e-09
665.3333178756744,162.4265828379241,4.117895566957815,-90.97336731763222,-134.5594338992855,-1.0617781006527721e-09
665.8333178756744,162.92612933233343,4.1180279057354925,-91.23529489373162,-134.98534951938328,-1.061777897821011e-09
666.3333178756744,163.42567860769987,4.118159435532197,-91.49722243003488,-135.41126509997582,-1.0617782602134202e-09
666.8333178756744,163.92523063874822,4.1182901637407365,-91.75914992672975,-135.83718064171802,-1.0617779659590195e-09
667.3333178756744,164.42478540050854,4.118420097664166,-92.02107738400053,-136.26309614525525,-1.0617779923093497e-09
667.8333178756744,164.9243428683115,4.118549244517149,-92.28300480202793,-136.68901161122375,-1.0617781241813427e-09
668.3333178756744,165.42390301778386,4.118677611427287,-92.5449321809894,-137.11492704025054,-1.0617781264769095e-09
668.8333178756744,165.92346582484413,4.118805205436429,-92.80685952105905,-137.5408424329538,-1.061778049352531e-09
669.3333178756744,166.4230312656981,4.118932033501953,-93.06878682240792,-137.96675778994273,-1.061777996293947e-09
669.8333178756744,166.92259931683472,4.119058102498035,-93.33071408520384,-138.3926731118179,-1.0617778266209185e-09
670.3333178756744,167.4221699550217,4.119183419216882,-93.59264130961144,-138.8185883991715,-1.0617779354755712e-09
670.8333178756744,167.92174315730156,4.119307990369953,-93.85456849579248,-139.24450365258716,-1.0617778106973205e-09
671.3333178756744,168.42131890098756,4.119431822589154,-94.1164956439057,-139.67041887264043,-1.061777572400313e-09
671.8333178756744,168.92089716365965,4.119554922428011,-94.37842275410677,-140.09633405989888,-1.06177763684554e-09
672.3333178756744,169.4204779231606,4.119677296362827,-94.64034982654873,-140.5222492149219,-1.061777566493225e-09
672.8333178756744,169.9200611575922,4.119798950793811,-94.9022768613818,-140.94816433826128,-1.0617778388164209e-09
673.3333178756744,170.4196468453114,4.119919892046197,-95.16420385875328,-141.37407943046102,-1.0617775346138488e-09
673.8333178756744,170.91923496492672,4.120040126371333,-95.42613081880806,-141.79999449205758,-1.0617777684262608e-09
674.3333178756744,171.4188254952945,4.120159659947761,-95.68805774168814,-142.22590952358007,-1.0617776359083805e-09
674.8333178756744,171.91841841551542,4.120278498882267,-95.94998462753313,-142.6518245255503,-1.061777563028954e-09
675.3333178756744,172.41801370493087,4.120396649210927,-96.2119114764799,-143.07773949848286,-1.0617775930793391e-09
675.8333178756744,172.9176113431196,4.120514116900121,-96.47383828866307,-143.50365444288536,-1.0617774998550358e-09
676.3333178756744,173.41721130989427,4.120630907847535,-96.73576506421479,-143.92956935925838,-1.061777598707177e-09
676.8333178756744,173.91681358529812,4.120747027883153,-96.99769180326462,-144.3554842480958,-1.0617775037737051e-09
677.3333178756744,174.41641814960167,4.120862482770218,-97.25961850593994,-144.7813991098847,-1.0617778341053326e-09
677.8333178756744,174.91602498329956,4.120977278206187,-97.52154517236592,-145.20731394510565,-1.0617776453260595e-09
678.3333178756744,175.41563406710733,4.121091419823666,-97.78347180266522,-145.63322875423273,-1.0617777800009718e-09
678.8333178756744,175.91524538195827,4.121204913191331,-98.04539839695852,-146.05914353773363,-1.0617775629463232e-09
679.3333178756744,176.4148589090004,4.121317763814829,-98.30732495536428,-146.48505829606967,-1.061777569679726e-09
679.8333178756744,176.91447462959346,4.121429977137669,-98.56925147799873,-146.91097302969615,-1.0617774886420484e-09
680.3333178756744,177.41409252530596,4.121541558542095,-98.83117796497619,-147.33688773906223,-1.0617775790595492e-09
680.8333178756744,177.9137125779122,4.121652513349946,-99.09310441640888,-147.76280242461107,-1.061777854560135e-09
681.3333178756744,178.4133347693895,4.1217628468235,-99.35503083240683,-148.18871708678006,-1.061777768210791e-09
681.8333178756744,178.91295908191532,4.121872564166303,-99.61695721307835,-148.6146317260007,-1.0617777689419446e-09
682.3333178756744,179.41258549786446,4.121981670523987,-99.87888355852982,-149.04054634269886,-1.0617779469541967e-09
682.8333178756744,179.91221399980643,4.122090170985076,-100.1408098688655,-149.46646093729478,-1.0617780701342703e-09
683.3333178756744,180.41184457050272,4.12219807058177,-100.40273614418791,-149.89237551020338,-1.0617778251770886e-09
683.8333178756744,180.91147719290416,4.1223053742907245,-100.66466238459782,-150.31829006183386,-1.0617779415605901e-09
684.3333178756744,181.4111118501483,4.122412087033816,-100.9265885901941,-150.7442045925903,-1.0617776979432726e-09
684.8333178756744,181.91074852555693,4.122518213678892,-101.18851476107389,-151.17011910287147,-1.0617777923249269e-09
685.3333178756744,182.41038720263353,4.122623759040507,-101.45044089733271,-151.59603359307096,-1.061778007036673e-09
685.8333178756744,182.9100278650608,4.122728727880655,-101.71236699906417,-152.02194806357733,-1.061777675296825e-09
686.3333178756744,183.4096704966983,4.12283312490948,-101.97429306636049,-152.4478625147741,-1.0617778193376794e-09
686.8333178756744,183.90931508157996,4.122936954785983,-102.23621909931195,-152.87377694703997,-1.0617778586718087e-09
687.3333178756744,184.4089616039118,4.12304022211871,-102.49814509800754,-153.29969136074868,-1.0617779519409036e-09
687.8333178756744,184.90861004806953,4.123142931466435,-102.76007106253446,-153.7256057562692,-1.061778067773723e-09
688.3333178756744,185.40826039859647,4.123245087338832,-103.02199699297843,-154.1515201339659,-1.061778086785982e-09
688.8333178756744,185.90791264020106,4.123346694197128,-103.28392288942386,-154.57743449419831,-1.0617780547803436e-09
689.3333178756744,186.40756675775486,4.123447756454759,-103.54584875195324,-155.00334883732177,-1.061777925280668e-09
689.8333178756744,186.90722273629032,4.123548278478001,-103.807774580648,-155.4292631636868,-1.0617780370230924e-09
690.3333178756744,187.4068805609986,4.123648264586603,-104.06970037558806,-155.85517747363969,-1.061778231208623e-09
690.8333178756744,187.90654021722747,4.123747719054402,-104.33162613685167,-156.28109176752233,-1.0617779765201698e-09
691.3333178756744,188.4062016904794,4.123846646109932,-104.59355186451599,-156.70700604567241,-1.061777947403952e-09
691.8333178756744,188.9058649664093,4.123945049937024,-104.8554775586566,-157.13292030842334,-1.0617781046849403e-09
692.3333178756744,189.4055300308227,4.1240429346753915,-105.11740321934798,-157.55883455610444,-1.0617782585721216e-09
692.8333178756744,189.90519686967366,4.1241403044212115,-105.37932884666326,-157.98474878904076,-1.0617779459959092e-09
693.3333178756744,190.4048654690629,4.124237163227697,-105.64125444067412,-158.41066300755355,-1.0617779412910006e-09
693.8333178756744,190.90453581523593,4.124333515105658,-105.90318000145102,-158.8365772119601,-1.0617779513536443e-09
694.3333178756744,191.40420789458105,4.12442936402405,-106.16510552906341,-159.2624914025736,-1.0617775623346148e-09
694.8333178756744,191.90388169362757,4.124524713910526,-106.42703102357919,-159.6884055797036,-1.0617779612631272e-09
695.3333178756744,192.40355719904403,4.124619568651966,-106.6889564850652,-160.11431974365587,-1.0617778047552518e-09
695.8333178756744,192.9032343976363,4.124713932095006,-106.95088191358728,-160.5402338947322,-1.0617776023079115e-09
696.3333178756744,193.40291327634597,4.124807808046558,-107.21280730920992,-160.96614803323095,-1.0617777465735749e-09
696.8333178756744,193.90259382224846,4.124901200274322,-107.47473267199648,-161.39206215944685,-1.061777940007796e-09
697.3333178756744,194.40227602255138,4.124994112507287,-107.73665800200918,-161.81797627367104,-1.0617778907904802e-09
697.8333178756744,194.9019598645928,4.1250865484362285,-107.99858329930936,-162.24389037619102,-1.0617779836413085e-09
698.3333178756744,195.4016453358397,4.125178511714196,-108.260508563957,-162.66980446729096,-1.0617778966551014e-09
698.8333178756744,195.90133242388623,4.1252700059569944,-108.5224337960113,-163.09571854725164,-1.0617777979443014e-09
699.3333178756744,196.4010211164521,4.125361034743655,-108.78435899553024,-163.5216326163504,-1.0617779810933619e-09
699.8333178756744,196.90071140138113,4.125451601616905,-109.04628416257074,-163.9475466748614,-1.0617779233840958e-09
700.3333178756744,197.40040326663944,4.125541710083622,-109.30820929718888,-164.37346072305536,-1.0617780833811448e-09
700.8333178756744,197.90009670031418,4.125631363615292,-109.57013439943971,-164.79937476119994,-1.0617782197938339e-09
701.3333178756744,198.39979169061186,4.125720565648448,-109.83205946937728,-165.22528878955956,-1.0617781382386692e-09
701.8333178756744,198.89948822585689,4.125809319585115,-110.09398450705467,-165.6512028083955,-1.0617779720599495e-09
702.3333178756744,199.39918629449008,4.125897628793237,-110.35590951252392,-166.07711681796619,-1.061778056613294e-09
702.8333178756744,199.8988858850673,4.125985496607104,-110.61783448583655,-166.5030308185266,-1.0617780857560928e-09
703.3333178756744,200.39858698625795,4.1260729263277724,-110.8797594270427,-166.9289448103292,-1.0617779795493244e-09
703.8333178756744,200.89828958684356,4.126159921223477,-111.14168433619182,-167.35485879362318,-1.061778038008775e-09
704.3333178756744,201.39799367571646,4.1262464845300375,-111.40360921333264,-167.78077276865486,-1.0617778703645735e-09
704.8333178756744,201.89769924187843,4.126332619451259,-111.6655340585128,-168.2066867356679,-1.0617778959479646e-09
705.3333178756744,202.39740627443922,4.1264183291593275,-111.92745887177918,-168.63260069490298,-1.0617781071696066e-09
705.8333178756744,202.89711476261542,4.1265036167951985,-112.18938365317793,-169.05851464659798,-1.0617780279892504e-09
706.3333178756744,203.396824695729,4.1265884854689805,-112.45130840275428,-169.48442859098816,-1.0617777136370794e-09
706.8333178756744,203.89653606320613,4.126672938260313,-112.71323312055254,-169.91034252830607,-1.0617779341213405e-09
707.3333178756744,204.3962488545758,4.1267569782187365,-112.97515780661661,-170.33625645878138,-1.061777885501724e-09
707.8333178756744,204.89596305946867,4.126840608364063,-113.2370824609891,-170.76217038264156,-1.0617780399425306e-09
708.3333178756744,205.39567866761587,4.126923831686732,-113.4990070837124,-171.188084300111,-1.0617781115415273e-09
708.8333178756744,205.89539566884764,4.127006651148172,-113.76093167482769,-171.61399821141197,-1.0617782096983691e-09
709.3333178756744,206.39511405309227,4.127089069681147,-114.02285623437574,-172.0399121167639,-1.0617782352477697e-09
709.8333178756744,206.89483381037488,4.127171090190107,-114.28478076239635,-172.46582601638403,-1.0617781772557344e-09
710.3333178756744,207.3945549308162,4.127252715551522,-114.54670525892882,-172.89173991048688,-1.0617781724934404e-09
710.8333178756744,207.89427740463157,4.127333948614226,-114.80862972401161,-173.3176537992847,-1.0617779563253792e-09
711.3333178756744,208.39400122212965,4.127414792199741,-115.07055415768265,-173.7435676829873,-1.0617782108842833e-09
711.8333178756744,208.8937263737114,4.127495249102608,-115.33247855997905,-174.16948156180226,-1.061777903302465e-09
712.3333178756744,209.393452849869,4.127575322090705,-115.59440293093716,-174.59539543593482,-1.0617779153415674e-09
712.8333178756744,209.8931806411847,4.12765501390557,-115.85632727059294,-175.02130930558786,-1.0617778322128716e-09
713.3333178756744,210.39290973832982,4.127734327262705,-116.11825157898144,-175.44722317096208,-1.0617781265243936e-09
713.8333178756744,210.89264013206363,4.127813264851891,-116.38017585613744,-175.87313703225576,-1.0617780492678478e-09
714.3333178756744,211.39237181323242,4.12789182933749,-116.64210010209472,-176.29905088966535,-1.0617781402394992e-09
714.8333178756744,211.89210477276836,4.127970023358743,-116.90402431688665,-176.72496474338487,-1.0617781006083916e-09
715.3333178756744,212.3918390016886,4.128047849530066,-117.16594850054587,-177.1508785936063,-1.06177793914883e-09
715.8333178756744,212.8915744910942,4.128125310441344,-117.42787265310443,-177.57679244051963,-1.0617781099382492e-09
716.3333178756744,213.3913112321692,4.12820240865821,-117.68979677459399,-178.0027062843126,-1.061778168394863e-09
716.8333178756744,213.8910492161796,4.128279146722338,-117.95172086504563,-178.42862012517085,-1.0617782904326532e-09
717.3333178756744,214.3907884344725,4.128355527151716,-118.21364492448957,-178.85453396327824,-1.0617782751683893e-09
717.8333178756744,214.89052887847512,4.128431552440921,-118.47556895295578,-179.2804477988165,-1.0617781943541355e-09
718.3333178756744,215.3902705396938,4.128507225061395,-118.7374929504734,-179.7063616319655,-1.0617781660138416e-09
718.8333178756744,215.8900134097132,4.128582547461706,-118.99941691707136,-180.132275462903,-1.0617780528787734e-09
719.3333178756744,216.3897574801953,4.128657522067817,-119.26134085277775,-180.55818929180504,-1.0617780674453876e-09
719.8333178756744,216.88950274287865,4.128732151283344,-119.5232647576203,-180.98410311884567,-1.061777786903256e-09
720.3333178756744,217.38924918957736,4.128806437489813,-119.7851886316264,-181.410016944197,-1.061777800756069e-09
720.8333178756744,217.8889968121803,4.128880383046914,-120.04711247482255,-181.8359307680295,-1.061777782097436e-09
721.3333178756744,218.38874560265023,4.1289539902927475,-120.30903628723509,-182.26184459051169,-1.0617778315446356e-09
721.8333178756744,218.88849555302298,4.129027261544076,-120.57096006888962,-182.68775841181036,-1.0617778190077595e-09
722.3333178756744,219.38824665540662,4.129100199096562,-120.83288381981146,-183.11367223209052,-1.0617780127302937e-09
722.8333178756744,219.8879989019806,4.129172805225009,-121.09480754002536,-183.53958605151544,-1.0617781037337765e-09
723.3333178756744,220.38775228499503,4.1292450821836,-121.35673122955554,-183.96549987024673,-1.061777843712059e-09
723.8333178756744,220.88750679676977,4.129317032206128,-121.61865488842598,-184.39141368844417,-1.0617777815923424e-09
724.3333178756744,221.38726242969375,4.129388657506225,-121.88057851666002,-184.81732750626594,-1.0617780597533385e-09
724.8333178756744,221.88701917622416,4.129459960277593,-122.14250211428059,-185.24324132386863,-1.0617778125320271e-09
725.3333178756744,222.38677702888566,4.129530942694225,-122.40442568131017,-185.66915514140715,-1.0617780653957794e-09
725.8333178756744,222.88653598026966,4.129601606910624,-122.66634921777087,-186.09506895903482,-1.0617781185897517e-09
726.3333178756744,223.38629602303357,4.129671955062025,-122.92827272368439,-186.5209827769033,-1.0617782576283087e-09
726.8333178756744,223.88605714990004,4.129741989264607,-123.19019619907189,-186.94689659516277,-1.0617783359544713e-09
727.3333178756744,224.3858193536563,4.129811711615707,-123.45211964395412,-187.3728104139619,-1.0617778845687577e-09
727.8333178756744,224.88558262715338,4.129881124194025,-123.71404305835172,-187.7987242334477,-1.0617779970536036e-09
728.3333178756744,225.38534696330547,4.129950229059836,-123.97596644228463,-188.2246380537657,-1.0617779662082174e-09
728.8333178756744,225.88511235508912,4.130019028255191,-124.23788979577243,-188.65055187506007,-1.0617781955359296e-09
729.3333178756744,226.38487879554268,4.130087523804116,-124.49981311883458,-189.07646569747334,-1.0617782074827714e-09
729.8333178756744,226.8846462777655,4.130155717712816,-124.76173641148978,-189.5023795211467,-1.0617778500491361e-09
730.3333178756744,227.38441479491743,4.130223611969863,-125.02365967375653,-189.92829334621993,-1.0617778578707538e-09
730.8333178756744,227.88418434021796,4.130291208546397,-125.2855829056531,-190.35420717283125,-1.0617780405679283e-09
731.3333178756744,228.3839549069457,4.13035850939631,-125.54750610719717,-190.78012100111764,-1.061777991972362e-09
731.8333178756744,228.8837264884377,4.13042551645644,-125.80942927840614,-191.20603483121468,-1.0617779155496559e-09
732.3333178756744,229.38349907808885,4.130492231646751,-126.07135241929717,-191.63194866325645,-1.0617776578987906e-09
732.8333178756744,229.88327266935121,4.13055865687052,-126.33327552988688,-192.05786249737594,-1.0617779971229176e-09
733.3333178756744,230.3830472557334,4.130624794014518,-126.59519861019169,-192.48377633370455,-1.0617780302308094e-09
733.8333178756744,230.8828228308,4.130690644949186,-126.85712166022756,-192.90969017237262,-1.061777919931124e-09
734.3333178756744,231.38259938817092,4.130756211528812,-127.11904468001035,-193.3356040135089,-1.061777895102959e-09
734.8333178756744,231.8823769215209,4.130821495591706,-127.3809676695555,-193.76151785724105,-1.061777852916963e-09
735.3333178756744,232.3821554245788,4.130886498960373,-127.642890628878,-194.18743170369544,-1.0617778810010274e-09
735.8333178756744,232.88193489112712,4.130951223441678,-127.90481355799254,-194.61334555299732,-1.0617778088522755e-09
736.3333178756744,233.38171531500134,4.131015670827018,-128.16673645691367,-195.03925940527043,-1.0617776542354608e-09
736.8333178756744,233.88149669008945,4.1310798428924835,-128.42865932565533,-195.4651732606376,-1.061777816326971e-09
737.3333178756744,234.38127901033133,4.131143741399025,-128.69058216423156,-195.8910871192203,-1.061777708072837e-09
737.8333178756744,234.8810622697182,4.13120736809261,-128.9525049726558,-196.31700098113873,-1.0617777564296602e-09
738.3333178756744,235.3808464622921,4.131270724704384,-129.21442775094152,-196.74291484651195,-1.0617775313535468e-09
738.8333178756744,235.8806315821454,4.131333812950832,-129.47635049910141,-197.16882871545812,-1.0617775733433585e-09
739.3333178756744,236.38041762342016,4.131396634533923,-129.73827321714822,-197.594742588094,-1.0617775853908326e-09
739.8333178756744,236.88020458030766,4.131459191141272,-130.0001959050944,-198.02065646453525,-1.0617777282094584e-09
740.3333178756744,237.37999244704793,4.131521484446288,-130.26211856295205,-198.44657034489651,-1.0617777473001327e-09
740.8333178756744,237.87978121792915,4.1315835161083205,-130.5240411907331,-198.8724842292911,-1.0617779194329421e-09
741.3333178756744,238.3795708872873,4.1316452877728125,-130.78596378844912,-199.2983981178316,-1.0617775729400813e-09
741.8333178756744,238.8793614495054,4.1317068010714415,-131.04788635611123,-199.7243120106293,-1.0617776366664283e-09
742.3333178756744,239.37915289901338,4.1317680576222635,-131.30980889373066,-200.15022590779446,-1.0617775577306677e-09
742.8333178756744,239.87894523028723,4.131829059029855,-131.5717314013183,-200.57613980943617,-1.061777470186724e-09
743.3333178756744,240.37873843784877,4.131889806885457,-131.83365387888443,-201.00205371566287,-1.0617772998638382e-09
743.8333178756744,240.87853251626507,4.131950302767105,-132.09557632643967,-201.4279676265814,-1.0617774416261233e-09
744.3333178756744,241.378327460148,4.132010548239775,-132.35749874399392,-201.853881542298,-1.0617774210578773e-09
744.8333178756744,241.87812326415383,4.13207054485551,-132.61942113155698,-202.27979546291797,-1.0617774826519503e-09
745.3333178756744,242.37791992298267,4.132130294153559,-132.88134348913843,-202.70570938854536,-1.0617775101273075e-09
745.8333178756744,242.87771743137807,4.132189797660508,-133.1432658167476,-203.13162331928336,-1.0617772869729046e-09
746.3333178756744,243.37751578412662,4.132249056890404,-133.40518811439375,-203.55753725523408,-1.061777265327415e-09
746.8333178756744,243.87731497605745,4.132308073344893,-133.66711038208567,-203.98345119649892,-1.0617773894688772e-09
747.3333178756744,244.3771150020418,4.132366848513338,-133.929032619832,-204.40936514317818,-1.0617772092627286e-09
747.8333178756744,244.8769158569926,4.13242538387295,-134.19095482764118,-204.8352790953712,-1.0617772157799843e-09
748.3333178756744,245.37671753586415,4.1324836808889085,-134.4528770055214,-205.2611930531765,-1.0617772695647953e-09
748.8333178756744,245.8765200336515,4.132541741014485,-134.7147991534807,-205.6871070166917,-1.0617773512488543e-09
749.3333178756744,246.3763233453902,4.132599565691163,-134.97672127152703,-206.1130209860133,-1.0617769310034563e-09
749.8333178756744,246.87612746615582,4.132657156348759,-135.23864335966783,-206.53893496123723,-1.0617769781744378e-09
750.3333178756744,247.37593239106354,4.132714514405538,-135.50056541791045,-206.96484894245836,-1.0617769028284641e-09
750.8333178756744,247.87573811526784,4.13277164126833,-135.7624874462622,-207.39076292977066,-1.06177704451954e-09
751.3333178756744,248.375544633962,4.132828538332648,-136.02440944473008,-207.81667692326732,-1.0617769172622912e-09
751.8333178756744,248.87535194237776,4.132885206982798,-136.28633141332068,-208.2425909230408,-1.0617769295489442e-09
752.3333178756744,249.37516003578494,4.132941648591993,-136.54825335204063,-208.66850492918252,-1.061776998434856e-09
752.8333178756744,249.8749689094911,4.132997864522464,-136.81017526089644,-209.09441894178318,-1.0617768956621373e-09
753.3333178756744,250.374778558841,4.133053856125567,-137.0720971398943,-209.52033296093256,-1.0617766232709503e-09
753.8333178756744,250.87458897921647,4.133109624741897,-137.33401898904015,-209.9462469867198,-1.0617766346953236e-09
754.3333178756744,251.37440016603583,4.133165171701386,-137.59594080833992,-210.37216101923306,-1.0617768582830205e-09
754.8333178756744,251.8742121147537,4.1332204983234195,-137.85786259779934,-210.79807505855982,-1.0617770845855393e-09
755.3333178756744,252.3740248208605,4.133275605916932,-138.1197843574237,-211.2239891047868,-1.0617768061907016e-09
755.8333178756744,252.87383827988222,4.133330495780514,-138.38170608721836,-211.64990315799992,-1.0617768675381986e-09
756.3333178756744,253.37365248737996,4.133385169202515,-138.64362778718848,-212.07581721828427,-1.0617770417901777e-09
756.8333178756744,253.87346743894966,4.13343962746114,-138.90554945733896,-212.50173128572433,-1.0617770904602279e-09
757.3333178756744,254.37328313022175,4.133493871824554,-139.16747109767465,-212.92764536040372,-1.061777085594448e-09
757.8333178756744,254.87309955686078,4.133547903550978,-139.4293927082002,-213.35355944240527,-1.0617771753200212e-09
758.3333178756744,255.3729167145651,4.133601723888785,-139.69131428892013,-213.77947353181113,-1.0617771627870316e-09
758.8333178756744,255.87273459906655,4.133655334076599,-139.95323583983858,-214.2053876287029,-1.0617769407487912e-09
759.3333178756744,256.37255320613014,4.133708735343389,-140.21515736095978,-214.63130173316128,-1.061777088067755e-09
759.8333178756744,256.8723725315537,4.133761928908561,-140.47707885228763,-215.0572158452663,-1.061777431178884e-09
760.3333178756744,257.37219257116755,4.133814915982054,-140.73900031382593,-215.4831299650974,-1.0617775878256247e-09
760.8333178756744,257.87201332083424,4.133867697764427,-141.0009217455784,-215.90904409273315,-1.0617771751657237e-09
761.3333178756744,258.3718347764482,4.133920275446956,-141.2628431475486,-216.33495822825154,-1.061777322448951e-09
761.8333178756744,258.8716569339355,4.1339726502117164,-141.52476451974002,-216.76087237172982,-1.061777299117332e-09
762.3333178756744,259.37147978925344,4.134024823231679,-141.7866858621557,-217.18678652324476,-1.061777403292102e-09
762.8333178756744,259.87130333839025,4.134076795670794,-142.04860717479866,-217.61270068287232,-1.061777260390846e-09
763.3333178756744,260.3711275773649,4.134128568684073,-142.31052845767195,-218.0386148506878,-1.0617774732041781e-09
763.8333178756744,260.8709525022268,4.134180143417683,-142.57244971077836,-218.46452902676594,-1.0617774477101484e-09
764.3333178756744,261.37077810905544,4.134231521009025,-142.83437093412059,-218.89044321118072,-1.0617772925371027e-09
764.8333178756744,261.87060439396,4.134282702586821,-143.09629212770093,-219.3163574040057,-1.0617774273250118e-09
765.3333178756744,262.3704313530793,4.134333689271195,-143.35821329152196,-219.7422716053136,-1.0617775554133916e-09
765.8333178756744,262.8702589825815,4.134384482173751,-143.62013442558595,-220.1681858151765,-1.0617771285483862e-09
766.3333178756744,263.3700872786636,4.134435082397664,-143.88205552989498,-220.59410003366617,-1.0617770699597016e-09
766.8333178756744,263.86991623755137,4.134485491037748,-144.14397660445087,-221.02001426085351,-1.0617771077242162e-09
767.3333178756744,264.369745855499,4.134535709180543,-144.40589764925562,-221.44592849680896,-1.061777279158863e-09
767.8333178756744,264.8695761287888,4.13458573790439,-144.667818664311,-221.87184274160228,-1.0617772877336274e-09
768.3333178756744,265.3694070537311,4.134635578279509,-144.92973964961845,-222.29775699530265,-1.0617771388454239e-09
768.8333178756744,265.86923862666373,4.134685231368073,-145.19166060517958,-222.72367125797876,-1.061777042537163e-09
769.3333178756744,266.36907084395204,4.134734698224288,-145.45358153099565,-223.14958552969878,-1.0617773981576616e-09
769.8333178756744,266.8689037019884,4.134783979894462,-145.71550242706803,-223.57549981052998,-1.0617771728640982e-09
770.3333178756744,267.36873719719216,4.134833077417085,-145.97742329339764,-224.00141410053956,-1.061777100954632e-09
770.8333178756744,267.86857132600915,4.134881991822895,-146.23934412998562,-224.42732839979377,-1.0617772864876364e-09
771.3333178756744,268.36840608491167,4.134930724134956,-146.50126493683283,-224.8532427083585,-1.0617774577325603e-09
771.8333178756744,268.86824147039823,4.134979275368727,-146.76318571394003,-225.2791570262991,-1.061777407424522e-09
772.3333178756744,269.3680774789931,4.135027646532132,-147.02510646130793,-225.70507135368024,-1.061777395319667e-09
772.8333178756744,269.86791410724624,4.135075838625629,-147.2870271789371,-226.13098569056626,-1.0617773123244144e-09
773.3333178756744,270.36775135173303,4.135123852642283,-147.54894786682777,-226.5569000370209,-1.0617771677831852e-09
773.8333178756744,270.8675892090541,4.135171689567829,-147.81086852498052,-226.98281439310728,-1.061777340460118e-09
774.3333178756744,271.3674276758349,4.135219350380744,-148.07278915339532,-227.40872875888826,-1.0617774644321283e-09
774.8333178756744,271.8672667487258,4.13526683605231,-148.33470975207246,-227.834643134426,-1.0617774276019777e-09
775.3333178756744,272.36710642440147,4.135314147546681,-148.59663032101193,-228.2605575197821,-1.0617771675153898e-09
775.8333178756744,272.86694669956097,4.1353612858209505,-148.85855086021357,-228.68647191501785,-1.0617772186518756e-09
776.3333178756744,273.3667875709274,4.135408251825214,-149.12047136967718,-229.11238632019402,-1.061777221665878e-09
776.8333178756744,273.8666290352476,4.135455046502632,-149.38239184940252,-229.53830073537074,-1.0617772351454976e-09
777.3333178756744,274.36647108929225,4.1355016707894965,-149.6443122993891,-229.96421516060786,-1.0617774130816186e-09
777.8333178756744,274.86631372985516,4.135548125615289,-149.90623271963634,-230.39012959596465,-1.0617772470546549e-09
778.3333178756744,275.36615695375355,4.135594411902744,-150.16815311014395,-230.81604404149985,-1.0617770363379402e-09
778.8333178756744,275.86600075782746,4.135640530567914,-150.43007347091097,-231.2419584972718,-1.0617772136922665e-09
779.3333178756744,276.36584513893985,4.135686482520222,-150.69199380193683,-231.66787296333843,-1.0617773397379173e-09
779.8333178756744,276.8656900939762,4.1357322686625295,-150.95391410322046,-232.09378743975722,-1.06177725454645e-09
780.3333178756744,277.3655356198443,4.13577788989119,-151.215834374761,-232.51970192658507,-1.0617771121219643e-09
780.8333178756744,277.8653817134742,4.13582334709611,-151.47775461655735,-232.9456164238786,-1.0617771463558855e-09
781.3333178756744,278.3652283718179,4.1358686411608065,-151.73967482860837,-233.37153093169385,-1.0617772472099094e-09
781.8333178756744,278.8650755918492,4.135913772962462,-152.00159501091292,-233.79744545008649,-1.061777396393557e-09
782.3333178756744,279.3649233705633,4.135958743371987,-152.2635151634695,-234.22335997911182,-1.0617775594435239e-09
782.8333178756744,279.864771704977,4.136003553254067,-152.52543528627677,-234.64927451882454,-1.0617774866368038e-09
783.3333178756744,280.36462059212823,4.136048203467228,-152.78735537933323,-235.07518906927916,-1.0617774187281878e-09
783.8333178756744,280.86447002907596,4.1360926948638825,-153.04927544263725,-235.50110363052963,-1.0617771773118478e-09
784.3333178756744,281.3643200128999,4.13613702829039,-153.31119547618724,-235.92701820262943,-1.0617772487058664e-09
784.8333178756744,281.86417054070046,4.136181204587107,-153.57311547998154,-236.35293278563168,-1.0617772245522459e-09
785.3333178756744,282.3640216095985,4.136225224588442,-153.83503545401823,-236.77884737958917,-1.061777075584938e-09
785.8333178756744,282.8638732167352,4.136269089122907,-154.09695539829528,-237.20476198455427,-1.0617772176750406e-09
786.3333178756744,283.36372535927177,4.13631279901317,-154.3588753128109,-237.63067660057885,-1.061777211559329e-09
786.8333178756744,283.8635780343894,4.136356355076106,-154.62079519756279,-238.05659122771462,-1.0617770730548187e-09
787.3333178756744,284.36343123928896,4.13639975812285,-154.88271505254897,-238.4825058660126,-1.061777065771998e-09
787.8333178756744,284.863284971191,4.136443008958842,-155.14463487776715,-238.90842051552363,-1.0617770752928845e-09
788.3333178756744,285.36313922733535,4.136486108383884,-155.40655467321514,-239.33433517629803,-1.0617770634249227e-09
788.8333178756744,285.86299400498126,4.136529057192183,-155.6684744388904,-239.760249848386,-1.061777316644513e-09
789.3333178756744,286.36284930140687,4.136571856172403,-155.93039417479068,-240.186164531837,-1.06177708965098e-09
789.8333178756744,286.86270511390927,4.136614506107715,-156.19231388091328,-240.61207922670036,-1.0617770604313798e-09
790.3333178756744,287.3625614398044,4.136657007775838,-156.45423355725578,-241.03799393302504,-1.0617773683225202e-09
790.8333178756744,287.8624182764266,4.136699361949096,-156.71615320381537,-241.46390865085957,-1.0617770898669216e-09
791.3333178756744,288.36227562112873,4.136741569394455,-156.97807282058932,-241.88982338025212,-1.0617772301635759e-09
791.8333178756744,288.86213347128194,4.136783630873577,-157.23999240757485,-242.31573812125063,-1.0617770909556892e-09
792.3333178756744,289.36199182427544,4.136825547142861,-157.50191196476902,-242.7416528739025,-1.0617770713457308e-09
792.8333178756744,289.8618506775164,4.13686731895349,-157.76383149216903,-243.16756763825492,-1.0617768529053328e-09
793.3333178756744,290.3617100284297,4.136908947051476,-158.0257509897718,-243.59348241435467,-1.0617769411917725e-09
793.8333178756744,290.861569874458,4.136950432177706,-158.28767045757436,-244.01939720224814,-1.0617769897294797e-09
794.3333178756744,291.3614302130614,4.136991775067981,-158.54958989557332,-244.44531200198168,-1.061776801437461e-09
794.8333178756744,291.86129104171727,4.1370329764530664,-158.81150930376558,-244.87122681360088,-1.0617769640686892e-09
795.3333178756744,292.3611523579203,4.137074037058728,-159.073428682148,-245.29714163715127,-1.0617768175803357e-09
795.8333178756744,292.86101415918205,4.13711495760578,-159.33534803071703,-245.723056472678,-1.061776839164449e-09
796.3333178756744,293.36087644303115,4.137155738810124,-159.5972673494696,-246.14897132022574,-1.0617767784312343e-09
796.8333178756744,293.8607392070129,4.137196381382794,-159.8591866384019,-246.57488617983918,-1.0617768596108575e-09
797.3333178756744,294.3606024486893,4.137236886029994,-160.12110589751052,-247.00080105156243,-1.061776879272745e-09
797.8333178756744,294.8604661656387,4.13727725345314,-160.38302512679195,-247.42671593543932,-1.0617767631912786e-09
798.3333178756744,295.36033035545586,4.137317484348904,-160.64494432624247,-247.8526308315134,-1.0617771447329472e-09
798.8333178756744,295.86019501575174,4.1373575794092465,-160.9068634958584,-248.27854573982796,-1.0617769374731413e-09
799.3333178756744,296.3600601441534,4.137397539321466,-161.168782635636,-248.70446066042592,-1.06177706662767e-09
799.8333178756744,296.85992573830373,4.137437364768229,-161.43070174557133,-249.1303755933499,-1.0617770175619197e-09
800.3333178756744,297.3597917958615,4.137477056427616,-161.69262082566064,-249.55629053864226,-1.061777154558335e-09
800.8333178756744,297.85965831450113,4.137516614973155,-161.9545398758999,-249.9822054963451,-1.0617768339464427e-09
801.3333178756744,298.3595252919126,4.137556041073862,-162.21645889628525,-250.40812046650007,-1.0617767566256973e-09
801.8333178756744,298.8593927258011,4.137595335394278,-162.47837788681264,-250.8340354491486,-1.0617768613852447e-09
802.3333178756744,299.35926061388744,4.137634498594508,-162.74029684747785,-251.259950444332,-1.0617770771273215e-09
802.8333178756744,299.85912895390726,4.137673531330256,-163.00221577827682,-251.68586545209104,-1.0617770922442848e-09
803.3333178756744,300.3589977436114,4.137712434252861,-163.26413467920534,-252.11178047246634,-1.061777112234977e-09
803.8333178756744,300.8588669807655,4.137751208009337,-163.52605355025892,-252.53769550549836,-1.061776868865265e-09
804.3333178756744,301.3587366631501,4.137789853242403,-163.7879723914336,-252.963610551227,-1.061776929012481e-09
804.8333178756744,301.85860678856034,4.137828370590524,-164.04989120272484,-253.38952560969213,-1.061777159508046e-09
805.3333178756744,302.35847735480576,4.137866760687945,-164.31180998412813,-253.81544068093328,-1.0617768801853362e-09
805.8333178756744,302.8583483597105,4.1379050241647235,-164.57372873563895,-254.24135576498972,-1.061776822950363e-09
806.3333178756744,303.35821980111285,4.1379431616467635,-164.83564745725306,-254.66727086190028,-1.0617769316336784e-09
806.8333178756744,303.8580916768654,4.137981173755854,-165.09756614896574,-255.09318597170372,-1.0617771406634016e-09
807.3333178756744,304.3579639848348,4.1380190611097,-165.35948481077222,-255.51910109443867,-1.0617773756791306e-09
807.8333178756744,304.8578367229015,4.138056824321956,-165.6214034426679,-255.94501623014327,-1.0617773513024714e-09
808.3333178756744,305.3577098889599,4.138094464002258,-165.88332204464834,-256.37093137885523,-1.06177728549478e-09
808.8333178756744,305.8575834809181,4.138131980756259,-166.14524061670832,-256.7968465406125,-1.0617774721931043e-09
809.3333178756744,306.3574574966978,4.13816937518566,-166.40715915884329,-257.2227617154524,-1.0617771056377714e-09
809.8333178756744,306.85733193423425,4.138206647888242,-166.66907767104834,-257.6486769034122,-1.0617773352278962e-09
810.3333178756744,307.357206791476,4.138243799457898,-166.9309961533186,-258.07459210452873,-1.061777434437383e-09
810.8333178756744,307.857082066385,4.138280830484666,-167.19291460564912,-258.50050731883874,-1.0617773587615332e-09
811.3333178756744,308.35695775693614,4.138317741554757,-167.4548330280349,-258.9264225463787,-1.0617774251603682e-09
811.8333178756744,308.85683386111765,4.138354533250589,-167.71675142047093,-259.3523377871848,-1.0617774660129087e-09
812.3333178756744,309.3567103769306,4.138391206150818,-167.9786697829519,-259.7782530412931,-1.0617775816860356e-09
812.8333178756744,309.8565873023889,4.138427760830364,-168.24058811547275,-260.20416830873944,-1.0617775889032816e-09
813.3333178756744,310.3564646355193,4.138464197860446,-168.5025064180284,-260.6300835895592,-1.0617776544893244e-09
813.8333178756744,310.856342374361,4.138500517808609,-168.76442469061365,-261.0559988837877,-1.0617778389784712e-09
814.3333178756744,311.35622051696606,4.138536721238754,-169.0263429332231,-261.48191419146,-1.061777759972273e-09
814.8333178756744,311.8560990613987,4.138572808711168,-169.28826114585155,-261.90782951261093,-1.0617776362289868e-09
815.3333178756744,312.35597800573566,4.138608780782552,-169.55017932849367,-262.33374484727517,-1.061777497621117e-09
815.8333178756744,312.8558573480659,4.13864463800605,-169.81209748114392,-262.7596601954871,-1.0617774443624213e-09
816.3333178756744,313.35573708649054,4.138680380931277,-170.07401560379702,-263.18557555728086,-1.0617773163933692e-09
816.8333178756744,313.8556172191227,4.138716010104347,-170.33593369644734,-263.61149093269046,-1.0617771120167104e-09
817.3333178756744,314.3554977440875,4.138751526067903,-170.59785175908945,-264.03740632174964,-1.06177705759739e-09
817.8333178756744,314.85537865952193,4.138786929361141,-170.85976979171792,-264.46332172449183,-1.0617772007698768e-09
818.3333178756744,315.3552599635748,4.138822220519838,-171.12168779432707,-264.8892371409504,-1.0617772662377407e-09
818.8333178756744,315.8551416544065,4.138857400076384,-171.38360576691122,-265.3151525711586,-1.0617772881190634e-09
819.3333178756744,316.35502373018915,4.138892468559802,-171.6455237094647,-265.74106801514915,-1.0617772130441456e-09
819.8333178756744,316.85490618910626,4.138927426495777,-171.9074416219818,-266.1669834729549,-1.0617769801387325e-09
820.3333178756744,317.3547890293528,4.138962274406685,-172.16935950445668,-266.59289894460835,-1.0617770374987492e-09
820.8333178756744,317.854672249135,4.138997012811615,-172.43127735688364,-267.0188144301418,-1.0617770002466095e-09
821.3333178756744,318.35455584667034,4.139031642226396,-172.69319517925683,-267.4447299295872,-1.0617768518343397e-09
821.8333178756744,318.8544398201875,4.139066163163624,-172.9551129715705,-267.8706454429766,-1.0617768506997932e-09
822.3333178756744,319.3543241679262,4.139100576132686,-173.21703073381872,-268.29656097034155,-1.0617768820794746e-09
822.8333178756744,319.8542088881371,4.1391348816397855,-173.4789484659955,-268.7224765117137,-1.0617767576836574e-09
823.3333178756744,320.35409397908177,4.139169080187968,-173.7408661680948,-269.1483920671244,-1.0617769044304278e-09
823.8333178756744,320.8539794390325,4.139203172277144,-174.00278384011077,-269.5743076366047,-1.0617767726992443e-09
824.3333178756744,321.3538652662724,4.139237158404114,-174.26470148203697,-270.0002232201857,-1.0617766309147705e-09
824.8333178756744,321.8537514590952,4.139271039062593,-174.52661909386782,-270.4261388178979,-1.0617766590793404e-09
825.3333178756744,322.35363801580513,4.139304814743235,-174.7885366755969,-270.8520544297721,-1.0617767584329602e-09
825.8333178756744,322.8535249347169,4.139338485933654,-175.0504542272182,-271.2779700558386,-1.0617766968349028e-09
826.3333178756744,323.3534122141557,4.139372053118451,-175.31237174872555,-271.70388569612754,-1.0617765617195542e-09
826.8333178756744,323.85329985245687,4.139405516779236,-175.57428924011245,-272.1298013506692,-1.061776552594029e-09
827.3333178756744,324.3531878479661,4.13943887739465,-175.83620670137282,-272.5557170194933,-1.0617766020688203e-09
827.8333178756744,324.85307619903926,4.139472135440388,-176.09812413250057,-272.9816327026293,-1.0617765754890382e-09
828.3333178756744,325.35296490404215,4.139505291389224,-176.36004153348907,-273.4075484001071,-1.0617768195701082e-09
828.8333178756744,325.85285396135066,4.139538345711028,-176.62195890433225,-273.8334641119556,-1.061776519578057e-09
829.3333178756744,326.3527433693506,4.139571298872795,-176.88387624502357,-274.25937983820427,-1.061776485236964e-09
829.8333178756744,326.85263312643764,4.139604151338664,-177.14579355555662,-274.68529557888195,-1.0617763702589189e-09
830.3333178756744,327.35252323101713,4.139636903569937,-177.40771083592483,-275.1112113340176,-1.061776585161429e-09
830.8333178756744,327.85241368150423,4.1396695560251064,-177.6696280861218,-275.5371271036398,-1.0617765439477767e-09
831.3333178756744,328.3523044763237,4.139702109159869,-177.93154530614117,-275.9630428877769,-1.0617765798182654e-09
831.8333178756744,328.85219561390977,4.139734563427155,-178.1934624959764,-276.3889586864574,-1.0617765012132626e-09
832.3333178756744,329.35208709270626,4.139766919277145,-178.4553796556207,-276.8148744997094,-1.0617764464964278e-09
832.8333178756744,329.85197891116627,4.139799177157289,-178.7172967850676,-277.24079032756083,-1.0617765388687345e-09
833.3333178756744,330.3518710677523,4.139831337512331,-178.97921388431033,-277.6667061700396,-1.0617764581664462e-09
833.8333178756744,330.85176356093615,4.139863400784328,-179.2411309533424,-278.09262202717343,-1.0617764205773264e-09
834.3333178756744,331.35165638919875,4.139895367412668,-179.50304799215698,-278.51853789898985,-1.061776518972814e-09
834.8333178756744,331.85154955103025,4.139927237834096,-179.76496500074734,-278.94445378551615,-1.0617763161665528e-09
835.3333178756744,332.35144304492974,4.139959012482725,-180.02688197910663,-279.3703696867798,-1.0617761027385934e-09
835.8333178756744,332.8513368694053,4.139990691790064,-180.28879892722824,-279.7962856028075,-1.0617760464072148e-09
836.3333178756744,333.3512310229741,4.140022276185034,-180.55071584510523,-280.2222015336264,-1.0617758994788495e-09
836.8333178756744,333.851125504162,4.140053766093986,-180.81263273273083,-280.6481174792632,-1.061775812148353e-09
837.3333178756744,334.35102031150365,4.140085161940721,-181.07454959009831,-281.0740334397444,-1.0617761143624412e-09
837.8333178756744,334.8509154435425,4.140116464146514,-181.3364664172006,-281.4999494150965,-1.0617761492110654e-09
838.3333178756744,335.3508108988306,4.140147673130126,-181.5983832140306,-281.92586540534614,-1.0617759486284795e-09
838.8333178756744,335.85070667592873,4.140178789307823,-181.86029998058174,-282.35178141051904,-1.061775817434146e-09
839.3333178756744,336.350602773406,4.140209813093402,-182.1222167168468,-282.7776974306415,-1.0617758524384928e-09
839.8333178756744,336.85049918984015,4.1402407448982,-182.38413342281873,-283.20361346573947,-1.0617759542096274e-09
840.3333178756744,337.35039592381725,4.140271585131119,-182.64605009849058,-283.62952951583856,-1.0617762015901927e-09
840.8333178756744,337.8502929739317,4.14030233419864,-182.90796674385518,-284.05544558096443,-1.0617762131688186e-09
841.3333178756744,338.3501903387862,4.140332992504842,-183.1698833589054,-284.48136166114267,-1.0617759722313684e-09
841.8333178756744,338.8500880169917,4.140363560451421,-183.43179994363422,-284.90727775639846,-1.0617761566147252e-09
842.3333178756744,339.34998600716733,4.140394038437706,-183.6937164980346,-285.33319386675703,-1.061776018816378e-09
842.8333178756744,339.8498843079402,4.140424426860678,-183.9556330220991,-285.75910999224357,-1.0617758657989451e-09
843.3333178756744,340.3497829179456,4.140454726114984,-184.21754951582068,-286.18502613288285,-1.0617758983044604e-09
843.8333178756744,340.84968183582674,4.1404849365929595,-184.4794659791919,-286.61094228869996,-1.0617760492575626e-09
844.3333178756744,341.34958106023475,4.140515058684638,-184.74138241220592,-287.0368584597192,-1.0617758335437518e-09
844.8333178756744,341.84948058982866,4.140545092777776,-185.0032988148552,-287.4627746459653,-1.0617757619194128e-09
845.3333178756744,342.3493804232753,4.140575039257864,-185.2652151871325,-287.8886908474627,-1.061775910429809e-09
845.8333178756744,342.8492805592492,4.140604898508144,-185.52713152903036,-288.31460706423576,-1.0617759447707215e-09
846.3333178756744,343.34918099643266,4.140634670909629,-185.78904784054131,-288.7405232963086,-1.0617758543904689e-09
846.8333178756744,343.84908173351556,4.140664356841113,-186.0509641216582,-289.1664395437052,-1.0617759342772892e-09
847.3333178756744,344.34898276919546,4.140693956679194,-186.31288037237366,-289.5923558064495,-1.0617759186244855e-09
847.8333178756744,344.84888410217735,4.140723470798286,-186.5747965926801,-290.01827208456535,-1.0617760041927084e-09
848.3333178756744,345.3487857311737,4.140752899570635,-186.83671278257,-290.44418837807643,-1.061776070044313e-09
848.8333178756744,345.84868765490444,4.140782243366335,-187.09862894203604,-290.87010468700623,-1.0617757699374513e-09
849.3333178756744,346.3485898720969,4.140811502553344,-187.3605450710707,-291.2960210113782,-1.061776387889163e-09
849.8333178756744,346.8484923814857,4.1408406774975,-187.62246116966654,-291.72193735121556,-1.0617762280701452e-09
850.3333178756744,347.3483951818127,4.140869768562534,-187.8843772378158,-292.14785370654164,-1.0617761854951614e-09
850.8333178756744,347.848298271827,4.140898776110088,-188.146293275511,-292.57377007737955,-1.061776324744214e-09
851.3333178756744,348.3482016502848,4.140927700499728,-188.40820928274442,-292.99968646375214,-1.0617762075814991e-09
851.8333178756744,348.8481053159495,4.140956542088959,-188.67012525950847,-293.42560286568244,-1.0617762441125115e-09
852.3333178756744,349.3480092675915,4.140985301233239,-188.93204120579566,-293.851519283193,-1.0617763374420094e-09
852.8333178756744,349.84791350398825,4.141013978285997,-189.1939571215982,-294.27743571630646,-1.0617764562498385e-09
853.3333178756744,350.34781802392405,4.141042573598645,-189.45587300690835,-294.7033521650455,-1.061776496575895e-09
853.8333178756744,350.84772282619025,4.14107108752059,-189.71778886171842,-295.1292686294324,-1.061776418983258e-09
854.3333178756744,351.347627909585,4.141099520399254,-189.97970468602068,-295.55518510948946,-1.06177617922233e-09
854.8333178756744,351.84753327291327,4.141127872580083,-190.24162047980744,-295.98110160523885,-1.0617762489908406e-09
855.3333178756744,352.34743891498675,4.141156144406564,-190.50353624307073,-296.4070181167028,-1.0617762361167047e-09
855.8333178756744,352.8473448346239,4.1411843362202365,-190.7654519758028,-296.8329346439032,-1.0617763953704626e-09
856.3333178756744,353.3472510306499,4.141212448360709,-191.02736767799593,-297.2588511868619,-1.061776397589957e-09
856.8333178756744,353.84715750189633,4.141240481165671,-191.28928334964206,-297.6847677456006,-1.0617762949505164e-09
857.3333178756744,354.34706424720156,4.141268434970905,-191.55119899073358,-298.11068432014105,-1.0617763155482756e-09
857.8333178756744,354.84697126541045,4.141296310110304,-191.81311460126233,-298.53660091050483,-1.0617762452409976e-09
858.3333178756744,355.34687855537425,4.141324106915882,-192.07503018122046,-298.9625175167134,-1.0617764143845068e-09
858.8333178756744,355.84678611595075,4.141351825717787,-192.33694573060015,-299.38843413878794,-1.0617764185910308e-09
859.3333178756744,356.3466939460041,4.141379466844314,-192.59886124939337,-299.81435077674996,-1.061776570943386e-09
859.8333178756744,356.8466020444048,4.141407030621921,-192.86077673759195,-300.24026743062046,-1.0617765245713943e-09
860.3333178756744,357.34651041002957,4.141434517375237,-193.12269219518828,-300.6661841004205,-1.0617767472178734e-09
860.8333178756744,357.8464190417615,4.14146192742708,-193.384607622174,-301.09210078617105,-1.0617767125623099e-09
861.3333178756744,358.3463279384899,4.141489261098465,-193.64652301854105,-301.5180174878931,-1.0617764176981102e-09
861.8333178756744,358.8462370991101,4.1415165187086185,-193.90843838428145,-301.94393420560726,-1.0617766332605083e-09
862.3333178756744,359.3461465225238,4.141543700574992,-194.17035371938718,-302.36985093933424,-1.061776658776701e-09
862.8333178756744,359.8460562076385,4.141570807013274,-194.43226902385,-302.79576768909465,-1.0617767982789736e-09
863.3333178756744,360.34596615336807,4.141597838337399,-194.69418429766188,-303.22168445490894,-1.0617770135118856e-09
863.8333178756744,360.8458763586321,4.141624794859563,-194.95609954081468,-303.64760123679747,-1.0617766226399052e-09
864.3333178756744,361.34578682235633,4.141651676890238,-195.21801475330003,-304.0735180347807,-1.0617765483082766e-09
864.8333178756744,361.8456975434723,4.141678484738175,-195.47992993511,-304.49943484887865,-1.0617769378792665e-09
865.3333178756744,362.34560852091744,4.141705218710426,-195.74184508623605,-304.92535167911166,-1.0617769983786448e-09
865.8333178756744,362.84551975363513,4.141731879112348,-196.0037602066703,-305.3512685254995,-1.0617768830102227e-09
866.3333178756744,363.34543124057444,4.141758466247621,-196.26567529640425,-305.7771853880623,-1.0617770354079745e-09
866.8333178756744,363.84534298069025,4.1417849804182545,-196.5275903554295,-306.20310226681994,-1.0617770760989844e-09
867.3333178756744,364.3452549729431,4.1418114219246,-196.7895053837381,-306.6290191617921,-1.0617770309827719e-09
867.8333178756744,364.84516721629933,4.141837791065364,-197.0514203813215,-307.05493607299843,-1.0617773098146001e-09
868.3333178756744,365.3450797097308,4.141864088137619,-197.31333534817148,-307.48085300045847,-1.0617769468499104e-09
868.8333178756744,365.844992452215,4.1418903134368135,-197.57525028427958,-307.906769944192,-1.0617773053340409e-09
869.3333178756744,366.3449054427351,4.141916467256784,-197.83716518963743,-308.3326869042182,-1.0617773216397967e-09
869.8333178756744,366.8448186802797,4.141942549889764,-198.0990800642367,-308.7586038805565,-1.0617770939417424e-09
870.3333178756744,367.34473216384276,4.1419685616264,-198.36099490806873,-309.1845208732263,-1.0617770809390016e-09
870.8333178756744,367.84464589242396,4.141994502755755,-198.6229097211254,-309.6104378822465,-1.0617768011948184e-09
871.3333178756744,368.34455986502826,4.142020373565324,-198.8848245033983,-310.0363549076364,-1.061777055840532e-09
871.8333178756744,368.844474080666,4.142046174341046,-199.14673925487867,-310.4622719494149,-1.0617772629574338e-09
872.3333178756744,369.3443885383528,4.1420719053673105,-199.408653975558,-310.8881890076011,-1.061777214213364e-09
872.8333178756744,369.8443032371097,4.142097566926968,-199.67056866542814,-311.3141060822135,-1.0617774939082652e-09
873.3333178756744,370.3442181759631,4.142123159301345,-199.93248332448033,-311.7400231732713,-1.0617770949408911e-09
873.8333178756744,370.8441333539443,4.142148682770251,-200.19439795270586,-312.16594028079305,-1.0617771930736507e-09
874.3333178756744,371.3440487700901,4.1421741376119865,-200.4563125500962,-312.59185740479745,-1.0617772110841697e-09
874.8333178756744,371.84396442344246,4.142199524103358,-200.718227116643,-313.01777454530287,-1.061777430823397e-09
875.3333178756744,372.3438803130483,4.142224842519684,-200.98014165233766,-313.44369170232784,-1.0617773689277432e-09
875.8333178756744,372.8437964379598,4.142250093134809,-201.24205615717128,-313.8696088758909,-1.0617773796557997e-09
876.3333178756744,373.343712797234,4.142275276221109,-201.5039706311354,-314.29552606601015,-1.0617771462880332e-09
876.8333178756744,373.8436293899332,4.142300392049504,-201.76588507422136,-314.721443272704,-1.0617772460806505e-09
877.3333178756744,374.34354621512455,4.142325440889467,-202.0277994864204,-315.1473604959905,-1.0617772709154996e-09
877.8333178756744,374.84346327188024,4.142350423009034,-202.2897138677237,-315.573277735888,-1.0617771399412368e-09
878.3333178756744,375.34338055927736,4.142375338674814,-202.55162821812274,-315.99919499241435,-1.0617771608014857e-09
878.8333178756744,375.8432980763979,4.142400188151996,-202.81354253760867,-316.42511226558753,-1.0617769285441849e-09
879.3333178756744,376.3432158223287,4.142424971704361,-203.07545682617274,-316.85102955542555,-1.0617770432128434e-09
879.8333178756744,376.84313379616145,4.14244968959429,-203.33737108380623,-317.27694686194604,-1.061776714267074e-09
880.3333178756744,377.34305199699264,4.142474342082775,-203.59928531050053,-317.70286418516673,-1.0617771988388594e-09
880.8333178756744,377.84297042392353,4.142498929429427,-203.86119950624655,-318.12878152510547,-1.0617768839655034e-09
881.3333178756744,378.3428890760601,4.142523451892485,-204.12311367103536,-318.5546988817799,-1.0617770023053225e-09
881.8333178756744,378.842807952513,4.142547909728823,-204.38502780485825,-318.9806162552075,-1.0617770634676108e-09
882.3333178756744,379.3427270523977,4.1425723031939645,-204.6469419077064,-319.40653364540583,-1.0617770228358996e-09
882.8333178756744,379.8426463748342,4.142596632542085,-204.90885597957111,-319.832451052392,-1.0617770459069587e-09
883.3333178756744,380.34256591894706,4.142620898026025,-205.17077002044329,-320.25836847618353,-1.0617769352885307e-09
883.8333178756744,380.84248568386556,4.1426450998973,-205.43268403031377,-320.68428591679793,-1.061776705613581e-09
884.3333178756744,381.3424056687235,4.1426692384061035,-205.694598009174,-321.11020337425214,-1.0617767792458238e-09
884.8333178756744,381.8423258726591,4.14269331380132,-205.95651195701484,-321.5361208485634,-1.0617767391284376e-09
885.3333178756744,382.3422462948152,4.142717326330534,-206.21842587382727,-321.96203833974886,-1.0617767873027148e-09
885.8333178756744,382.84216693433905,4.142741276240035,-206.48033975960251,-322.3879558478254,-1.0617765124287638e-09
886.3333178756744,383.3420877903824,4.142765163774829,-206.74225361433153,-322.81387337281006,-1.0617769682791994e-09
886.8333178756744,383.84200886210124,4.142788989178646,-207.00416743800506,-323.2397909147198,-1.0617770040587911e-09
887.3333178756744,384.34193014865616,4.142812752693947,-207.26608123061436,-323.6657084735713,-1.0617769344048927e-09
887.8333178756744,384.84185164921195,4.142836454561936,-207.52799499215016,-324.09162604938155,-1.0617769287348554e-09
888.3333178756744,385.3417733629378,4.142860095022562,-207.78990872260326,-324.51754364216725,-1.061776954971553e-09
888.8333178756744,385.8416952890071,4.142883674314533,-208.05182242196477,-324.9434612519449,-1.0617768523708856e-09
889.3333178756744,386.34161742659757,4.142907192675322,-208.31373609022552,-325.36937887873125,-1.0617769590335275e-09
889.8333178756744,386.84153977489126,4.142930650341172,-208.5756497273766,-325.7952965225426,-1.061776795921864e-09
890.3333178756744,387.3414623330743,4.142954047547109,-208.8375633334086,-326.2212141833957,-1.0617769940686188e-09
890.8333178756744,387.841385100337,4.142977384526947,-209.09947690831237,-326.64713186130695,-1.0617767093153404e-09
891.3333178756744,388.3413080758739,4.143000661513296,-209.36139045207878,-327.0730495562926,-1.0617767367272462e-09
891.8333178756744,388.8412312588837,4.14302387873757,-209.62330396469872,-327.4989672683689,-1.0617768909621792e-09
892.3333178756744,389.34115464856905,4.143047036429994,-209.8852174461629,-327.9248849975522,-1.061777048109959e-09
892.8333178756744,389.8410782441369,4.143070134819614,-210.14713089646207,-328.3508027438588,-1.0617769114307655e-09
893.3333178756744,390.341002044798,4.1430931741343,-210.40904431558707,-328.7767205073046,-1.0617767643212462e-09
893.8333178756744,390.8409260497674,4.14311615460076,-210.6709577035285,-329.202638287906,-1.0617771580401792e-09
894.3333178756744,391.34085025826397,4.14313907644454,-210.93287106027717,-329.6285560856787,-1.061777046712717e-09
894.8333178756744,391.84077466951055,4.143161939890039,-211.1947843858236,-330.0544739006391,-1.0617769769803495e-09
895.3333178756744,392.340699282734,4.143184745160508,-211.45669768015875,-330.4803917328026,-1.0617766999547729e-09
895.8333178756744,392.8406240971652,4.143207492478066,-211.71861094327326,-330.9063095821854,-1.0617769522851668e-09
896.3333178756744,393.3405491120386,4.1432301820637,-211.9805241751576,-331.3322274488032,-1.0617768205784182e-09
896.8333178756744,393.8404743265929,4.143252814137278,-212.2424373758023,-331.75814533267203,-1.0617769172849723e-09
897.3333178756744,394.3403997400705,4.14327538891755,-212.50435054519838,-332.18406323380725,-1.0617769814928677e-09
897.8333178756744,394.8403253517176,4.14329790662216,-212.76626368333618,-332.60998115222463,-1.0617769676693605e-09
898.3333178756744,395.34025116078413,4.143320367467652,-213.02817679020632,-333.03589908793987,-1.0617769316181373e-09
898.8333178756744,395.84017716652403,4.1433427716694755,-213.29008986579925,-333.46181704096864,-1.061777333014652e-09
899.3333178756744,396.3401033681948,4.1433651194419925,-213.55200291010567,-333.88773501132613,-1.0617769853507402e-09
899.8333178756744,396.8400297650577,4.143387410998486,-213.8139159231161,-334.313652999028,-1.0617771567617254e-09
900.3333178756744,397.3399563563778,4.143409646551165,-214.07582890482104,-334.73957100408967,-1.0617770716616584e-09
900.8333178756744,397.83988314142374,4.143431826311172,-214.33774185521114,-335.16548902652636,-1.0617770646006408e-09
901.3333178756744,398.3398101194679,4.143453950488591,-214.5996547742768,-335.5914070663535,-1.061777160517972e-09
901.8333178756744,398.8397372897863,4.143476019292453,-214.86156766200818,-336.0173251235865,-1.0617768965241135e-09
902.3333178756744,399.33966465165844,4.143498032930739,-215.12348051839618,-336.4432431982402,-1.0617769716393882e-09
902.8333178756744,399.83959220436765,4.143519991610395,-215.38539334343088,-336.8691612903303,-1.0617771068035348e-09
903.3333178756744,400.3395199472006,4.1435418955373295,-215.64730613710293,-337.29507939987155,-1.0617770299166823e-09
903.8333178756744,400.8394478794476,4.143563744916426,-215.9092188994027,-337.720997526879,-1.0617772184834219e-09
904.3333178756744,401.3393760004026,4.143585539951546,-216.17113163032036,-338.14691567136794,-1.06177674857211e-09
904.8333178756744,401.8393043093629,4.143607280845539,-216.43304432984655,-338.5728338333533,-1.0617767313387243e-09
905.3333178756744,402.3392328056293,4.143628967800243,-216.69495699797167,-338.99875201284976,-1.0617768788799627e-09
905.8333178756744,402.83916148850614,4.143650601016497,-216.95686963468597,-339.4246702098723,-1.061777089116624e-09
906.3333178756744,403.33909035730113,4.143672180694144,-217.21878223997965,-339.85058842443607,-1.0617771717588292e-09
906.8333178756744,403.83901941132547,4.143693707032036,-217.48069481384306,-340.2765066565557,-1.0617772028302075e-09
907.3333178756744,404.33894864989367,4.143715180228044,-217.74260735626657,-340.7024249062458,-1.0617770784149954e-09
907.8333178756744,404.8388780723237,4.143736600479061,-218.00451986724036,-341.1283431735214,-1.0617769525617236e-09
908.3333178756744,405.33880767793687,4.143757967981007,-218.26643234675467,-341.55426145839704,-1.0617768847798625e-09
908.8333178756744,405.83873746605775,4.14377928292884,-218.52834479479978,-341.9801797608874,-1.061776928669372e-09
909.3333178756744,406.33866743601436,4.143800545516555,-218.79025721136603,-342.40609808100703,-1.0617770487593675e-09
909.8333178756744,406.8385975871379,4.143821755937197,-219.0521695964435,-342.8320164187704,-1.0617772073248044e-09
910.3333178756744,407.33852791876285,4.143842914382862,-219.3140819500224,-343.2579347741923,-1.061777037380483e-09
910.8333178756744,407.83845843022704,4.143864021044704,-219.57599427209277,-343.6838531472869,-1.0617769114722555e-09
911.3333178756744,408.3383891208714,4.143885076112942,-219.83790656264506,-344.10977153806886,-1.061776943814813e-09
911.8333178756744,408.8383199900402,4.143906079776863,-220.0998188216693,-344.53568994655234,-1.061777161273929e-09
912.3333178756744,409.33825103708085,4.143927032224831,-220.3617310491554,-344.961608372752,-1.0617771927155563e-09
912.8333178756744,409.83818226134395,4.1439479336442915,-220.6236432450938,-345.3875268166819,-1.061777456973587e-09
913.3333178756744,410.3381136621833,4.143968784221775,-220.8855554094745,-345.8134452783564,-1.0617772729258705e-09
913.8333178756744,410.83804523895566,4.143989584142905,-221.1474675422874,-346.2393637577899,-1.0617771286453175e-09
914.3333178756744,411.33797699102115,4.144010333592403,-221.40937964352273,-346.66528225499627,-1.0617773389466177e-09
914.8333178756744,411.8379089177428,4.144031032754094,-221.67129171317066,-347.09120076998994,-1.0617772282988897e-09
915.3333178756744,412.33784101848687,4.14405168181091,-221.93320375122093,-347.51711930278486,-1.0617777032618487e-09
915.8333178756744,412.83777329262256,4.1440722809449,-222.19511575766364,-347.9430378533953,-1.061777425467574e-09
916.3333178756744,413.3377057395222,4.144092830337229,-222.45702773248888,-348.3689564218352,-1.06177743581436e-09
916.8333178756744,413.8376383585611,4.144113330168189,-222.71893967568664,-348.79487500811854,-1.0617773612294384e-09
917.3333178756744,414.3375711491176,4.144133780617201,-222.9808515872468,-349.22079361225946,-1.0617774828520476e-09
917.8333178756744,414.837504110573,4.144154181862822,-223.24276346715942,-349.6467122342716,-1.0617773596890606e-09
918.3333178756744,415.3374372423116,4.144174534082749,-223.50467531541435,-350.0726308741692,-1.061777265613044e-09
918.8333178756744,415.8373705437206,4.144194837453824,-223.76658713200175,-350.4985495319658,-1.0617772525404524e-09
919.3333178756744,416.3373040141903,4.1442150921520415,-224.0284989169112,-350.9244682076755,-1.0617772295062514e-09
919.8333178756744,416.8372376531137,4.14423529835255,-224.29041067013276,-351.35038690131194,-1.0617773784783712e-09
920.3333178756744,417.33717145988675,4.14425545622966,-224.5523223916562,-351.7763056128889,-1.0617771958913968e-09
920.8333178756744,417.83710543390845,4.144275565956847,-224.81423408147134,-352.20222434242027,-1.0617771975572426e-09
921.3333178756744,418.3370395745805,4.144295627706758,-225.07614573956835,-352.6281430899195,-1.061777479195644e-09
921.8333178756744,418.83697388130753,4.144315641651216,-225.33805736593672,-353.0540618554004,-1.0617772103736788e-09
922.3333178756744,419.33690835349694,4.144335607961225,-225.59996896056637,-353.4799806388766,-1.0617774749831289e-09
922.8333178756744,419.836842990559,4.144355526806974,-225.86188052344693,-353.90589944036174,-1.0617771868744742e-09
923.3333178756744,420.33677779190674,4.144375398357842,-226.12379205456847,-354.3318182598693,-1.0617772123822496e-09
923.8333178756744,420.83671275695605,4.144395222782404,-226.3857035539205,-354.757737097413,-1.061777180996312e-09
924.3333178756744,421.33664788512544,4.1444150002484355,-226.647615021493,-355.18365595300594,-1.0617773593782818e-09
924.8333178756744,421.8365831758363,4.1444347309229155,-226.90952645727555,-355.6095748266619,-1.0617771321757775e-09
925.3333178756744,422.33651862851275,4.144454414972033,-227.171437861258,-356.03549371839415,-1.0617773797489674e-09
925.8333178756744,422.8364542425815,4.1444740525611925,-227.43334923342994,-356.46141262821624,-1.0617773018656265e-09
926.3333178756744,423.3363900174721,4.144493643855015,-227.695260573781,-356.8873315561414,-1.0617773320169882e-09
926.8333178756744,423.8363259526168,4.144513189017347,-227.95717188230094,-357.31325050218317,-1.061777167128116e-09
927.3333178756744,424.3362620474503,4.144532688211262,-228.2190831589795,-357.73916946635467,-1.061777164084759e-09
927.8333178756744,424.83619830141026,4.144552141599066,-228.48099440380608,-358.1650884486693,-1.061776959243212e-09
928.3333178756744,425.33613471393676,4.144571549342301,-228.74290561677054,-358.59100744914025,-1.0617772463161476e-09
928.8333178756744,425.83607128447255,4.144590911601754,-229.00481679786222,-359.0169264677808,-1.061777249888029e-09
929.3333178756744,426.336008012463,4.144610228537454,-229.2667279470709,-359.4428455046042,-1.0617772477186137e-09
929.8333178756744,426.83594489735617,4.144629500308683,-229.52863906438597,-359.86876455962346,-1.0617770519833451e-09
930.3333178756744,427.33588193860254,4.144648727073975,-229.79055014979713,-360.29468363285184,-1.061777151527658e-09
930.8333178756744,427.83581913565524,4.144667908991127,-230.05246120329403,-360.7206027243024,-1.0617771258183593e-09
931.3333178756744,428.33575648796995,4.144687046217196,-230.3143722248661,-361.1465218339882,-1.0617772271282447e-09
931.8333178756744,428.8356939950048,4.144706138908508,-230.57628321450272,-361.5724409619224,-1.0617772594703923e-09
932.3333178756744,429.3356316562205,4.144725187220661,-230.8381941721937,-361.9983601081177,-1.0617771391923912e-09
932.8333178756744,429.83556947108036,4.144744191308531,-231.10010509792812,-362.4242792725875,-1.0617772112188531e-09
933.3333178756744,430.33550743905,4.144763151326271,-231.3620159916957,-362.85019845534464,-1.061777062444329e-09
933.8333178756744,430.8354455595976,4.14478206742732,-231.62392685348598,-363.2761176564019,-1.061777027888983e-09
934.3333178756744,431.33538383219377,4.144800939764407,-231.88583768328817,-363.7020368757723,-1.0617770109831604e-09
934.8333178756744,431.8353222563116,4.144819768489552,-232.14774848109187,-364.12795611346877,-1.0617769158514669e-09
935.3333178756744,432.33526083142664,4.144838553754074,-232.40965924688635,-364.55387536950406,-1.0617772611419928e-09
935.8333178756744,432.8351995570168,4.144857295708591,-232.67156998066093,-364.9797946438911,-1.0617770234009971e-09
936.3333178756744,433.3351384325624,4.144875994503027,-232.93348068240513,-365.4057139366428,-1.0617773228955043e-09
936.8333178756744,433.8350774575462,4.144894650286616,-233.1953913521081,-365.83163324777195,-1.0617768477551884e-09
937.3333178756744,434.3350166314533,4.144913263207903,-233.45730198975937,-366.25755257729105,-1.0617769941266424e-09
937.8333178756744,434.8349559537711,4.144931833414752,-233.719212595348,-366.68347192521315,-1.0617769546981593e-09
938.3333178756744,435.33489542398945,4.144950361054345,-233.98112316886366,-367.1093912915507,-1.0617770140027974e-09
938.8333178756744,435.8348350416005,4.144968846273192,-234.24303371029535,-367.5353106763166,-1.0617765796617895e-09
939.3333178756744,436.3347748060987,4.14498728921713,-234.5049442196327,-367.9612300795232,-1.0617766954257892e-09
939.8333178756744,436.8347147169809,4.145005690031328,-234.7668546968646,-368.38714950118356,-1.06177666785393e-09
940.3333178756744,437.3346547737461,4.145024048860294,-235.02876514198033,-368.81306894131006,-1.0617768534687596e-09
940.8333178756744,437.83459497589564,4.145042365847872,-235.29067555496928,-369.2389883999153,-1.0617767599573628e-09
941.3333178756744,438.3345353229332,4.1450606411372535,-235.5525859358206,-369.66490787701184,-1.0617768277957092e-09
941.8333178756744,438.8344758143647,4.1450788748709755,-235.81449628452347,-370.09082737261224,-1.0617766605631994e-09
942.3333178756744,439.33441644969815,4.145097067190927,-236.07640660106696,-370.51674688672915,-1.0617765044395749e-09
942.8333178756744,439.834357228444,4.145115218238352,-236.33831688544052,-370.9426664193748,-1.061776594378701e-09
943.3333178756744,440.3342981501148,4.145133328153854,-236.60022713763303,-371.368585970562,-1.0617766230806982e-09
943.8333178756744,440.83423921422536,4.145151397077396,-236.86213735763374,-371.79450554030285,-1.0617769937094659e-09
944.3333178756744,441.3341804202926,4.14516942514831,-237.12404754543172,-372.22042512861015,-1.0617767877427707e-09
944.8333178756744,441.83412176783577,4.1451874125052965,-237.38595770101617,-372.6463447354959,-1.0617766685648353e-09
945.3333178756744,442.3340632563761,4.145205359286428,-237.6478678243762,-373.0722643609728,-1.0617769319780602e-09
945.8333178756744,442.83400488543714,4.145223265629155,-237.9097779155007,-373.4981840050531,-1.0617769290876748e-09
946.3333178756744,443.3339466545445,4.145241131670307,-238.17168797437884,-373.92410366774914,-1.0617767029346036e-09
946.8333178756744,443.8338885632259,4.1452589575460985,-238.43359800099958,-374.35002334907335,-1.0617765423322876e-09
947.3333178756744,444.3338306110113,4.14527674339213,-238.69550799535182,-374.77594304903806,-1.0617767235606673e-09
947.8333178756744,444.8337727974327,4.145294489343392,-238.9574179574248,-375.2018627676555,-1.0617768566889173e-09
948.3333178756744,445.3337151220241,4.14531219553427,-239.21932788720758,-375.62778250493767,-1.0617770491511619e-09
948.8333178756744,445.8336575843217,4.145329862098547,-239.481237784689,-376.0537022608971,-1.0617772415742892e-09
949.3333178756744,446.33360018386384,4.145347489169405,-239.743147649858,-376.479622035546,-1.0617771353955286e-09
949.8333178756744,446.8335429201907,4.145365076879432,-240.00505748270345,-376.9055418288966,-1.0617769925756935e-09
950.3333178756744,447.3334857928447,4.1453826253606225,-240.26696728321423,-377.3314616409611,-1.0617769854220537e-09
950.8333178756744,447.83342880137025,4.145400134744381,-240.52887705137957,-377.7573814717514,-1.0617769676880167e-09
951.3333178756744,448.33337194531373,4.145417605161529,-240.79078678718787,-378.18330132128,-1.0617768727012308e-09
951.8333178756744,448.83331522422367,4.145435036742301,-241.05269649062845,-378.6092211895588,-1.061777014772969e-09
952.3333178756744,449.33325863765043,4.145452429616354,-241.31460616169005,-379.03514107660004,-1.0617768640882114e-09
952.8333178756744,449.8332021851465,4.145469783912769,-241.5765158003615,-379.4610609824157,-1.0617767305126362e-09
953.3333178756744,450.3331458662663,4.145487099760054,-241.83842540663153,-379.8869809070179,-1.0617769851760794e-09
953.8333178756744,450.8330896805662,4.145504377286146,-242.10033498048884,-380.3129008504189,-1.06177673313043e-09
954.3333178756744,451.3330336276046,4.145521616618416,-242.36224452192263,-380.73882081263037,-1.0617767857425878e-09
954.8333178756744,451.8329777069418,4.145538817883672,-242.62415403092135,-381.1647407936646,-1.0617769841402348e-09
955.3333178756744,452.33292191814,4.14555598120816,-242.88606350747386,-381.59066079353346,-1.0617768141402473e-09
955.8333178756744,452.83286626076347,4.145573106717569,-243.14797295156913,-382.0165808122489,-1.0617768430285028e-09
956.3333178756744,453.33281073437826,4.145590194537034,-243.4098823631956,-382.44250084982303,-1.0617768414224103e-09
956.8333178756744,453.8327553385524,4.145607244791139,-243.67179174234192,-382.8684209062679,-1.061776795083788e-09
957.3333178756744,454.3327000728557,4.14562425760392,-243.93370108899697,-383.29434098159516,-1.0617768265483653e-09
957.8333178756744,454.83264493686005,4.145641233098866,-244.19561040314954,-383.72026107581684,-1.061776571407232e-09
958.3333178756744,455.3325899301391,4.145658171398925,-244.45751968478797,-384.1461811889449,-1.061776696430098e-09
958.8333178756744,455.8325350522683,4.145675072626506,-244.71942893390113,-384.5721013209912,-1.061776831303434e-09
959.3333178756744,456.33248030282516,4.145691936903481,-244.98133815047774,-384.99802147196755,-1.0617768836771251e-09
959.8333178756744,456.8324256813888,4.145708764351189,-245.24324733450607,-385.423941641886,-1.061776894842428e-09
960.3333178756744,457.3323711875404,4.145725555090438,-245.5051564859752,-385.849861830758,-1.0617767710437575e-09
960.8333178756744,457.83231682086273,4.145742309241509,-245.76706560487332,-386.2757820385957,-1.0617769411527037e-09
961.3333178756744,458.3322625809406,4.145759026924158,-246.02897469118915,-386.7017022654109,-1.0617767184809183e-09
961.8333178756744,458.83220846736054,4.145775708257619,-246.29088374491118,-387.12762251121535,-1.0617769755957492e-09
962.3333178756744,459.3321544797108,4.145792353360608,-246.55279276602806,-387.5535427760208,-1.0617767742391699e-09
962.8333178756744,459.83210061758155,4.145808962351322,-246.81470175452836,-387.97946305983885,-1.061776717797449e-09
963.3333178756744,460.3320468805646,4.1458255353474485,-247.0766107104003,-388.40538336268156,-1.0617767625801383e-09
963.8333178756744,460.8319932682536,4.145842072466161,-247.3385196336328,-388.8313036845603,-1.0617768023078135e-09
964.3333178756744,461.33193978024394,4.145858573824128,-247.60042852421387,-389.2572240254871,-1.0617771620623604e-09
964.8333178756744,461.8318864161328,4.145875039537511,-247.8623373821322,-389.6831443854736,-1.0617768751670643e-09
965.3333178756744,462.33183317551914,4.1458914697219695,-248.12424620737636,-390.1090647645314,-1.0617767563465195e-09
965.8333178756744,462.83178005800346,4.1459078644926635,-248.38615499993458,-390.53498516267217,-1.0617765732876586e-09
966.3333178756744,463.33172706318817,4.145924223964256,-248.64806375979538,-390.9609055799076,-1.0617769304565216e-09
966.8333178756744,463.8316741906773,4.145940548250916,-248.909972486947,-391.3868260162494,-1.0617768795986997e-09
967.3333178756744,464.3316214400766,4.145956837466321,-249.1718811813779,-391.81274647170926,-1.061776844544756e-09
967.8333178756744,464.83156881099353,4.1459730917236595,-249.43378984307623,-392.2386669462988,-1.061776654283683e-09
968.3333178756744,465.33151630303723,4.145989311135632,-249.69569847203067,-392.66458744002944,-1.061776830186653e-09
968.8333178756744,465.83146391581846,4.146005495814458,-249.9576070682294,-393.09050795291296,-1.0617767360963045e-09
969.3333178756744,466.3314116489497,4.146021645871873,-250.21951563166093,-393.51642848496067,-1.0617769964872128e-09
969.8333178756744,466.83135950204513,4.146037761419136,-250.4814241623132,-393.94234903618457,-1.0617769820305043e-09
970.3333178756744,467.33130747472046,4.146053842567031,-250.7433326601747,-394.3682696065959,-1.0617767482121484e-09
970.8333178756744,467.83125556659314,4.146069889425864,-251.0052411252337,-394.7941901962063,-1.0617767870034288e-09
971.3333178756744,468.33120377728216,4.146085902105476,-251.26714955747823,-395.2201108050273,-1.0617766990586732e-09
971.8333178756744,468.83115210640824,4.146101880715235,-251.52905795689668,-395.6460314330705,-1.0617767456345858e-09
972.3333178756744,469.3311005535936,4.146117825364044,-251.79096632347742,-396.0719520803472,-1.0617766408178144e-09
972.8333178756744,469.8310491184622,4.146133736160345,-252.05287465720824,-396.49787274686923,-1.061776638373547e-09
973.3333178756744,470.33099780063947,4.146149613212116,-252.31478295807756,-396.9237934326479,-1.0617765596175096e-09
973.8333178756744,470.83094659975245,4.146165456626878,-252.5766912260734,-397.3497141376947,-1.0617764391956985e-09
974.3333178756744,471.3308955154298,4.146181266511696,-252.83859946118417,-397.77563486202104,-1.061776620138611e-09
974.8333178756744,471.83084454730175,4.14619704297318,-253.10050766339776,-398.2015556056385,-1.0617766087456443e-09
975.3333178756744,472.33079369500007,4.14621278611749,-253.36241583270228,-398.6274763685584,-1.0617768444548197e-09
975.8333178756744,472.8307429581581,4.146228496050336,-253.624323969086,-399.05339715079225,-1.061776737956228e-09
976.3333178756744,473.3306923364107,4.146244172876982,-253.886232072537,-399.4793179523513,-1.0617769223460382e-09
976.8333178756744,473.8306418293943,4.1462598167022495,-254.1481401430432,-399.9052387732472,-1.0617768131630947e-09
977.3333178756744,474.33059143674683,4.146275427630515,-254.4100481805927,-400.33115961349114,-1.061776633338702e-09
977.8333178756744,474.83054115810774,4.146291005765718,-254.67195618517343,-400.7570804730948,-1.061777086480324e-09
978.3333178756744,475.330490993118,4.146306551211359,-254.93386415677375,-401.18300135206914,-1.0617768112885246e-09
978.8333178756744,475.8304409414202,4.146322064070506,-255.19577209538105,-401.60892225042596,-1.0617769940944196e-09
979.3333178756744,476.3303910026582,4.146337544445791,-255.4576800009839,-402.03484316817634,-1.061776965231163e-09
979.8333178756744,476.83034117647753,4.146352992439418,-255.71958787356982,-402.46076410533186,-1.0617770227408344e-09
980.3333178756744,477.3302914625251,4.146368408153163,-255.98149571312706,-402.8866850619036,-1.0617771712101611e-09
980.8333178756744,477.8302418604494,4.146383791688375,-256.24340351964327,-403.3126060379031,-1.0617772268125177e-09
981.3333178756744,478.3301923699003,4.146399143145979,-256.50531129310656,-403.73852703334165,-1.061777194859195e-09
981.8333178756744,478.83014299052917,4.146414462626481,-256.7672190335048,-404.1644480482305,-1.0617771704734017e-09
982.3333178756744,479.3300937219888,4.146429750229966,-257.02912674082575,-404.590369082581,-1.0617768800921886e-09
982.8333178756744,479.8300445639335,4.1464450060561004,-257.2910344150574,-405.01629013640445,-1.0617772302480507e-09
983.3333178756744,480.3299955160188,4.14646023020414,-257.55294205618736,-405.4422112097122,-1.0617770380249901e-09
983.8333178756744,480.829946577902,4.146475422772923,-257.8148496642036,-405.86813230251545,-1.061777109829503e-09
984.3333178756744,481.3298977492415,4.1464905838608805,-258.07675723909404,-406.29405341482544,-1.0617772558652019e-09
984.8333178756744,481.82984902969736,4.146505713566034,-258.3386647808462,-406.71997454665353,-1.0617772906846797e-09
985.3333178756744,482.32980041893086,4.146520811985998,-258.6005722894482,-407.14589569801086,-1.0617771197402165e-09
985.8333178756744,482.82975191660483,4.146535879217984,-258.86247976488784,-407.5718168689086,-1.0617771654353724e-09
986.3333178756744,483.3297035223834,4.146550915358801,-259.1243872071523,-407.9977380593584,-1.061777153057624e-09
986.8333178756744,483.8296552359321,4.146565920504857,-259.38629461622963,-408.42365926937117,-1.061777153180675e-09
987.3333178756744,484.3296070569178,4.146580894752163,-259.64820199210766,-408.8495804989582,-1.0617772324496308e-09
987.8333178756744,484.8295589850088,4.146595838196334,-259.91010933477395,-409.2755017481305,-1.0617772041311883e-09
988.3333178756744,485.3295110198749,4.146610750932591,-260.1720166442163,-409.7014230168996,-1.0617768032949762e-09
988.8333178756744,485.8294631611869,4.146625633055762,-260.4339239204222,-410.12734430527644,-1.061777081600961e-09
989.3333178756744,486.32941540861725,4.146640484660287,-260.69583116337947,-410.55326561327234,-1.0617770254627175e-09
989.8333178756744,486.82936776183965,4.146655305840217,-260.95773837307536,-410.9791869408986,-1.0617768601508812e-09
990.3333178756744,487.32932022052915,4.146670096689218,-261.21964554949784,-411.40510828816616,-1.0617769620109376e-09
990.8333178756744,487.8292727843621,4.146684857300571,-261.4815526926343,-411.8310296550864,-1.061776584065909e-09
991.3333178756744,488.3292254530162,4.146699587767175,-261.7434598024722,-412.2569510416705,-1.0617768886496111e-09
991.8333178756744,488.8291782261704,4.146714288181551,-262.0053668789994,-412.68287244792947,-1.0617770494598206e-09
992.3333178756744,489.3291311035051,4.14672895863584,-262.267273922203,-413.1087938738746,-1.0617766516284138e-09
992.8333178756744,489.82908408470195,4.146743599221806,-262.5291809320709,-413.53471531951703,-1.061776750496593e-09
993.3333178756744,490.3290371694437,4.146758210030843,-262.7910879085904,-413.9606367848678,-1.0617769194876277e-09
993.8333178756744,490.82899035741474,4.146772791153968,-263.05299485174896,-414.3865582699382,-1.061776894943681e-09
994.3333178756744,491.3289436483004,4.146787342681829,-263.31490176153414,-414.8124797747392,-1.0617769446324607e-09
994.8333178756744,491.82889704178757,4.146801864704708,-263.5768086379334,-415.2384012992819,-1.06177665713226e-09
995.3333178756744,492.3288505375642,4.146816357312517,-263.8387154809343,-415.66432284357757,-1.0617769602674816e-09
995.8333178756744,492.8288041353196,4.146830820594805,-264.1006222905238,-416.0902444076372,-1.061776921496314e-09
996.3333178756744,493.32875783474435,4.146845254640757,-264.36252906668994,-416.51616599147184,-1.0617769428994193e-09
996.8333178756744,493.8287116355302,4.146859659539199,-264.62443580941954,-416.94208759509286,-1.0617769802498294e-09
997.3333178756744,494.3286655373703,4.146874035378596,-264.8863425187003,-417.368009218511,-1.0617768462441402e-09
997.8333178756744,494.8286195399588,4.146888382247055,-265.1482491945191,-417.7939308617378,-1.0617769960491833e-09
998.3333178756744,495.32857364299133,4.146902700232329,-265.41015583686374,-418.21985252478385,-1.0617770249480463e-09
998.8333178756744,495.82852784616455,4.146916989421816,-265.6720624457214,-418.6457742076605,-1.0617765393550042e-09
999.3333178756744,496.32848214917647,4.146931249902562,-265.9339690210792,-419.0716959103789,-1.0617768183439182e-09
999.8333178756744,496.82843655172627,4.146945481761264,-266.1958755629244,-419.49761763295004,-1.0617766264396233e-09
1000.3333178756744,497.32839105351434,4.146959685084269,-266.4577820712445,-419.92353937538496,-1.0617769462294917e-09
1000.8333178756744,497.82834565424224,4.146973859957577,-266.71968854602665,-420.3494611376946,-1.0617769023380046e-09
1001.3333178756744,498.32830035361275,4.146988006466844,-266.98159498725806,-420.77538291989015,-1.0617771883352704e-09
1001.8333178756744,498.8282551513298,4.147002124697383,-267.24350139492583,-421.2013047219826,-1.0617768770553878e-09
1002.3333178756744,499.32821004709865,4.147016214734164,-267.5054077690171,-421.6272265439832,-1.0617770502594455e-09
1002.8333178756744,499.82816504062555,4.147030276661817,-267.76731410951913,-422.05314838590283,-1.0617769852194383e-09
1003.3333178756744,500.328120131618,4.1470443105646355,-268.0292204164192,-422.4790702477524,-1.0617768904885457e-09
1003.8333178756744,500.82807531978466,4.147058316526576,-268.29112668970396,-422.9049921295433,-1.0617768377224382e-09
1004.3333178756744,501.3280306048354,4.147072294631259,-268.55303292936117,-423.3309140312862,-1.0617768309050059e-09
1004.8333178756744,501.8279859864812,4.147086244961972,-268.81493913537724,-423.7568359529925,-1.061776745412234e-09
1005.3333178756744,502.32794146443416,4.147100167601673,-269.0768453077398,-424.1827578946729,-1.06177696327955e-09
1005.8333178756744,502.82789703840757,4.147114062632988,-269.3387514464355,-424.6086798563386,-1.0617769777466835e-09
1006.3333178756744,503.3278527081158,4.147127930138215,-269.6006575514517,-425.03460183800047,-1.061776792689289e-09
1006.8333178756744,503.82780847327444,4.147141770199326,-269.86256362277516,-425.4605238396697,-1.0617770878620982e-09
1007.3333178756744,504.32776433360016,4.147155582897968,-270.12446966039323,-425.88644586135706,-1.0617769320650045e-09
1007.8333178756744,504.8277202888107,4.147169368315464,-270.38637566429264,-426.3123679030738,-1.0617772401758583e-09
1008.0056127423153,505.0,4.147174112323366,-270.47662577650743,-426.45913627046986,-1.061777057812836e-09
