tau,r,phi,X,Y,H
0.0,500.0,0.0,500.0,0.0,-5.989173718143411e-17
0.004897346968538411,499.9951031252242,1.3718964420593873e-07,499.9951031252195,6.859415030246093e-05,-5.989643225850977e-17
0.05387081665392253,499.94613437797426,1.5092339319649724e-06,499.9461343774049,0.0007545356701576721,-1.7983021742822903e-16
0.5436055135077638,499.4564469563267,1.5244477472037238e-05,499.45644689829135,0.0076139525535945775,6.041542761553556e-17
1.0436055135077638,498.9564953180497,2.929544483075782e-05,498.95649510394173,0.014617152479447401,-0.0
1.5436055135077638,498.45654377663567,4.337460485043246e-05,498.45654330774846,0.021620355614644593,-6.139230282248809e-17
2.0436055135077638,497.95659233237603,5.748204246179111e-05,497.9565915097056,0.02862356196881552,-1.2377479008917019e-16
2.5436055135077638,497.4566409855632,7.161784293702423e-05,497.45663970980695,0.03562677155162808,-6.238698339984768e-17
3.0436055135077638,496.9566897364907,8.57820918915004e-05,496.9566879080461,0.0426299843727889,-0.0
3.5436055135077638,496.4567385854535,9.997487528549438e-05,496.45673610441696,0.049633200442043564,-0.0
4.043605513507764,495.95678753274746,0.00011419627942592554,495.95678429891325,0.05663641976917674,-2.556527276970802e-16
4.543605513507764,495.4568365786699,0.00012844639096810693,495.4568324915287,0.06363964236401246,-1.2886242804346493e-16
5.043605513507764,494.9568857235191,0.00014272529691750478,494.95688068225695,0.0706428682364142,1.2990794885755463e-16
5.543605513507764,494.45693496759475,0.00015703308463150894,494.45692887109163,0.07764609739628527,-0.0
6.043605513507764,493.9569843111976,0.00017136984182121378,493.95697705802644,0.08464932985356877,6.601387270917297e-17
6.543605513507764,493.4570337546296,0.00018573565655321004,493.4570252430549,0.09165256561824801,-6.655110819921176e-17
7.043605513507764,492.9570832981941,0.0002001306172513877,492.95707342617055,0.0986558047003466,2.012798017361821e-16
7.543605513507764,492.4571329421955,0.00021455481269874954,492.45712160736696,0.10565904710992863,-0.0
8.043605513507764,491.95718268693963,0.00022900833203923617,491.95716978663773,0.11266229285709896,-6.819255731374254e-17
8.543605513507764,491.4572325327333,0.00024349126477956175,491.4572179639762,0.11966554195200338,1.3749958080950605e-16
9.043605513507764,490.9572824798848,0.0002580037007910613,490.9572661393758,0.1266687944048288,-1.3862430240698833e-16
9.543605513507764,490.45733252870355,0.000272545730311549,490.4573143128302,0.13367205022580358,1.3975938438177862e-16
10.043605513507764,489.95738267950026,0.00028711744394718813,489.95736248433246,0.14067530942519743,-0.0
10.543605513507764,489.4574329325869,0.0003017189326743724,489.4574106538762,0.14767857201332205,1.4206105523957924e-16
11.043605513507764,488.9574832882768,0.00031635028784161856,488.9574588214546,0.154681838000531,-0.0
11.543605513507764,488.45753374688445,0.00033101160117147114,488.4575069870611,0.1616851073972201,-7.220272849923715e-17
12.043605513507764,487.95758430872564,0.00034570296476241837,487.9575551506888,0.16868838021382757,-7.279697860077825e-17
12.543605513507764,487.4576349741175,0.00036042447109082025,487.457603312331,0.17569165646083418,-7.339673645482573e-17
13.043605513507764,486.9576857433785,0.00037517621301284837,486.9576514719809,0.1826949361487637,-0.0
13.543605513507764,486.45773661682824,0.0003899582837664376,486.4576996296318,0.1896982192881828,-1.4922600634794782e-16
14.043605513507764,485.9577875947879,0.00040477077697325005,485.95774778527664,0.19670150588970162,-1.5045925507002757e-16
14.543605513507764,485.45783867757973,0.000419613786640651,485.4577959389087,0.20370479596397362,1.5170398131304532e-16
15.043605513507764,484.9578898655275,0.000434487407163697,484.957844090521,0.21070808952169612,-7.648015194202147e-17
15.543605513507764,484.45794115895615,0.00044939173332713653,484.4578922401066,0.2177113865736103,3.0845668588843516e-16
16.043605513507764,483.95799255819213,0.0004643268603074228,483.9579403876586,0.2247146871305017,1.5550822002577705e-16
16.543605513507764,483.4580440635631,0.00047929288367473905,483.4579885331699,0.23171799120320005,1.5680005804902177e-16
17.043605513507764,482.95809567539806,0.0004942898993950367,482.95803667663347,0.23872129880257983,-1.581039813396581e-16
17.543605513507764,482.45814739402755,0.000509318003832086,482.45808481804227,0.2457246099395604,-7.971005782317256e-17
18.043605513507764,481.9581992197833,0.0005243772937495393,481.9581329573892,0.2527279246251062,8.037429407924014e-17
18.543605513507764,481.45825115299846,0.000539467866313007,481.45818109466705,0.2597312428702269,8.104476376211244e-17
19.043605513507764,480.9583031940076,0.0005545898190921476,480.9582292298687,0.266734564685978,-0.0
19.543605513507764,480.45835534314665,0.0005697432500627692,480.45827736298696,0.2737378900834605,-8.240466440643882e-17
20.043605513507764,479.958407600753,0.0005849282576089451,479.9583254940146,0.28074121907382166,-0.0
20.543605513507764,479.4584599671653,0.0006001449405251426,479.4583736229443,0.2877445516682549,1.6758057857338257e-16
21.043605513507764,478.95851244272376,0.0006153933980183648,478.9584217497688,0.2947478878780002,-8.449291713963104e-17
21.543605513507764,478.45856502776996,0.0006306737297103057,478.4584698744807,0.3017512277143443,-8.520218020124178e-17
22.043605513507764,477.95861772264686,0.0006459860356395199,477.95851799707265,0.308754571188621,8.591814816414193e-17
22.543605513507764,477.4586705276989,0.000661330416263604,477.4585661175374,0.3157579183122112,-0.0
23.043605513507764,476.95872344327205,0.0006767069724613941,476.95861423586723,0.3227612690965435,8.7370481604673e-17
23.543605513507764,476.45877646971354,0.0006921158055351748,476.45866235205494,0.3297646235530941,-8.81069905386107e-17
24.043605513507764,475.95882960737214,0.0007075570172129038,475.95871046609284,0.33676798169338706,-0.0
24.543605513507764,475.45888285659817,0.00072303070965045,475.4587585779735,0.3437713435289951,1.7920211547314807e-16
25.043605513507764,474.9589362177433,0.0007385369854338453,474.95880668768933,0.35077470907153907,9.035876451103023e-17
25.543605513507764,474.45898969116075,0.0007540759475815514,474.45885479523264,0.3577780783326887,1.8224737436850613e-16
26.043605513507764,473.9590432772052,0.0007696476995467401,473.95890290059583,0.3647814513241626,-9.189590219020033e-17
26.543605513507764,473.4590969762328,0.0007852523452195891,473.4589510037712,0.37178482805772894,-2.7802646056300944e-16
27.043605513507764,472.9591507886012,0.0008008899889295912,472.95899910475106,0.3787882085452051,-3.73850077619952e-16
27.543605513507764,472.45920471466974,0.0008165607354478791,472.45904720352763,0.3857915927984584,-3.7702831593942126e-16
28.043605513507764,471.959258754799,0.0008322646899895645,471.9590953000931,0.3927949808294064,-3.8023698265073963e-16
28.543605513507764,471.4593129093513,0.0008480019582160921,471.4591433944397,0.3997983726500164,-2.8760730133530475e-16
29.043605513507764,470.9593671786904,0.0008637726462376087,470.9591914865596,0.4068017682723068,-2.9006017586581743e-16
29.543605513507764,470.4594215631816,0.0008795768606153476,470.4592395764447,0.4138051677083467,-3.900488124469481e-16
30.043605513507764,469.9594760631918,0.0008954147083640277,469.9592876640873,0.4208085709702562,-4.917280890370287e-16
30.543605513507764,469.4595306790894,0.0009112862969542683,469.4593357494793,0.427811978070207,-3.967482170215899e-16
31.043605513507764,468.95958541124446,0.0009271917343150196,468.95938383261273,0.4348153890204221,-5.001829916752525e-16
31.543605513507764,468.4596402600285,0.0009431311288360077,468.4594319134795,0.4418188038331768,-5.044716846905497e-16
32.043605513507764,467.9596952258147,0.0009591045893701969,467.95947999207146,0.4488222225207984,-5.08801789908808e-16
32.543605513507764,467.45975030897785,0.0009751122252362664,467.4595280683807,0.4558256450956668,-6.158085025310845e-16
33.043605513507764,466.95980550989424,0.0009911541462211033,466.9595761423988,0.46282907157021447,-6.211056255975951e-16
33.543605513507764,466.4598608289419,0.0010072304625823123,466.4596242141177,0.4698325019569272,-7.308630741199185e-16
34.043605513507764,465.9599162665004,0.0010233412850507403,465.95967228352924,0.4768359362683438,-8.424724923335532e-16
34.543605513507764,465.45997182295093,0.0010394867248330185,465.4597203506249,0.483839374517057,-6.373071022321667e-16
35.043605513507764,464.9600274986764,0.0010556668936141202,464.9597684153966,0.4908428167157132,-7.499483000343625e-16
35.543605513507764,464.46008329406135,0.0010718819035599354,464.45981647783583,0.49784626287701306,-8.644961616151935e-16
36.043605513507764,463.9601392094918,0.0010881318673198618,463.9598645379342,0.5048497130137117,-9.809783396066502e-16
36.543605513507764,463.46019524535564,0.0011044168980294123,463.45991259568336,0.5118531671386192,-7.695960192219539e-16
37.043605513507764,462.9602514020424,0.0011207371093128408,462.95996065107477,0.5188566252646002,-1.1089620464371825e-15
37.543605513507764,462.4603076799432,0.0011370926152857834,462.46000870409995,0.5258600874045753,-9.508052565856712e-16
38.043605513507764,461.96036407945087,0.0011534835305579171,461.96005675475027,0.5328635535715204,-9.026568135284346e-16
38.543605513507764,461.46042060096,0.0011699099702356366,461.4601048030171,0.5398670237784672,-1.0812357206456982e-15
39.043605513507764,460.96047724486687,0.0011863720499247481,460.96015284889194,0.5468704980385043,-8.610457483375132e-16
39.543605513507764,460.46053401156945,0.0012028698857331798,460.46020089236595,0.5538739763647763,-8.685573515111597e-16
40.043605513507764,459.96059090146747,0.0012194035942737112,459.96024893343053,0.5608774587704848,-8.76142754304621e-16
40.543605513507764,459.4606479149624,0.0012359732926667199,459.46029697207683,0.5678809452688885,-7.070422105620958e-16
41.043605513507764,458.9607050524574,0.0012525790985429463,458.9603450082961,0.574884435873304,-7.132305555158844e-16
41.543605513507764,458.46076231435745,0.0012692211300462765,458.4603930420795,0.5818879305971051,-7.794365573830664e-16
42.043605513507764,457.9608197010692,0.0012858995058365426,457.960441073418,0.5888914294537241,-8.467560618652345e-16
42.543605513507764,457.46087721300125,0.0013026143450923428,457.4604891023028,0.5958949324566516,-1.0372327094862723e-15
43.043605513507764,456.96093485056383,0.0013193657675138787,456.96053712872487,0.6028984396194371,-9.232508127675463e-16
43.543605513507764,456.460992614169,0.0013361538933258123,456.46058515267526,0.6099019509556889,-8.071924873834244e-16
44.043605513507764,455.9610505042306,0.001352978843280141,455.96063317414473,0.6169054664790747,-8.143040634751693e-16
44.543605513507764,455.4611085211644,0.0013698407386590916,455.46068119312434,0.6239089862033224,-7.582949557845415e-16
45.043605513507764,454.96116666538785,0.0013867397012780345,454.9607292096048,0.630912510142219,-8.287396820245683e-16
45.543605513507764,454.4612249373203,0.0014036758534884152,454.460777223577,0.6379160383096131,-7.074398620220372e-16
46.043605513507764,453.961283337383,0.0014206493181807066,453.96082523503173,0.6449195707194129,-7.137001623989425e-16
46.543605513507764,453.4613418659989,0.001437660218787381,453.4608732439596,0.651923107385588,-3.9273973845742347e-16
47.043605513507764,452.961400523593,0.0014547086792859,452.96092125035136,0.6589266483221696,-7.92445775973285e-16
47.543605513507764,452.46145931059203,0.0014717948242017266,452.4609692541975,0.6659301935432504,-5.329877708269513e-16
48.043605513507764,451.9615182274247,0.0014889187786113558,451.96101725548874,0.6729337430629851,-6.721565756419604e-16
48.543605513507764,451.46157727452146,0.0015060806681453656,451.4610652542155,0.6799372968955909,-8.815790339145528e-16
49.043605513507764,450.9616364523149,0.0015232806189914877,450.9611132503683,0.6869408550553476,-8.210145622503911e-16
49.543605513507764,450.46169576123935,0.0015405187578977008,450.46116124393757,0.6939444175565981,-8.283365931051147e-16
50.043605513507764,449.9617552017312,0.0015577952121753416,449.9612092349137,0.700947984413749,-6.267991247175729e-16
50.543605513507764,449.4618147742286,0.0015751101097022384,449.46125722328713,0.70795155564127,-6.324015775730217e-16
51.043605513507764,448.9618744791718,0.0015924635789258661,448.96130520904796,0.7149551312536956,-5.671648241736874e-16
51.543605513507764,448.46193431700294,0.00160985574886652,448.46135319218655,0.7219587112656245,-5.007149039417586e-16
52.043605513507764,447.9619942881662,0.0016272867491205136,447.9614011726931,0.7289622956917203,-4.330332336402863e-16
52.543605513507764,447.46205439310756,0.001644756709863395,447.4614491505577,0.7359658845467115,-6.553817105336915e-16
53.043605513507764,446.96211463227525,0.0016622657618531882,446.96149712577045,0.7429694778453927,-5.143230870138108e-16
53.543605513507764,446.4621750061193,0.001679814036433653,446.46154509832155,0.7499730756026239,-6.672230034624836e-16
54.043605513507764,445.9622355150919,0.0016974016655375687,445.9615930682008,0.7569766778333319,-5.984300187212391e-16
54.543605513507764,445.4622961596471,0.0017150287816900395,445.4616410353982,0.7639802845525095,-4.528703486990092e-16
55.043605513507764,444.9623569402412,0.0017326955180118218,444.96168899990374,0.7709838957752175,-5.331191815197632e-16
55.543605513507764,444.46241785733235,0.0017504020082226746,444.46173696170723,0.777987511516583,-3.8424152317692073e-16
56.043605513507764,443.96247891138086,0.0017681483866447314,443.96178492079844,0.7849911317918015,-6.20349876147876e-16
56.543605513507764,443.4625401028491,0.0017859347882058971,443.4618328771672,0.7919947566161367,-4.694775125110137e-16
57.043605513507764,442.96260143220155,0.0018037613484432652,442.9618808308031,0.7989983860049209,-5.52691563806894e-16
57.543605513507764,442.46266289990467,0.0018216282035065597,442.4619287816958,0.8060020199735546,-4.780372360647577e-16
58.043605513507764,441.96272450642715,0.0018395354901616008,441.961976729835,0.8130056585375086,-4.823828365718087e-16
58.543605513507764,441.46278625223977,0.0018574833457937925,441.46202467521016,0.820009301712323,-3.2451528536835116e-16
59.043605513507764,440.9628481378154,0.0018754719084116355,440.96207261781075,0.8270129495136076,-4.0934001432222783e-16
59.543605513507764,440.4629101636291,0.0018935013166502634,440.46212055762624,0.8340166019570435,-4.130738475069572e-16
60.043605513507764,439.96297233015804,0.0019115717097750028,439.962168494646,0.841020259058382,-1.6673841566434186e-16
60.543605513507764,439.46303463788166,0.0019296832276849579,439.4622164288594,0.8480239208334464,-3.36525622097249e-16
61.043605513507764,438.9630970872814,0.0019478360109166195,438.9622643602557,0.8550275872981307,-0.0
61.543605513507764,438.4631596788411,0.001966030200647499,438.46231228882414,0.8620312584684019,-1.713588703881374e-16
62.043605513507764,437.96322241304665,0.001984265938699788,437.9623602145539,0.8690349343602993,-2.593963442511836e-16
62.543605513507764,437.4632852903862,0.002002543367544039,437.46240813743395,0.8760386149899346,-8.725958218984282e-17
63.043605513507764,436.96334831135016,0.0020208626303028785,436.9624560574536,0.883042300373494,-0.0
63.543605513507764,436.46341147643113,0.0020392238707547384,436.46250397460165,0.8900459905272361,2.6661776574879953e-16
64.04360551350777,435.96347478612404,0.0020576272333376186,435.96255188886715,0.8970496854674946,-0.0
64.54360551350777,435.46353824092597,0.0020760728631528703,435.46259980023893,0.9040533852106774,-0.0
65.04360551350777,434.9636018413364,0.002094560905969011,434.9626477087059,0.9110570897732673,9.135537947235837e-17
65.54360551350777,434.4636655878571,0.0021130915082255616,434.4626956142568,0.9180607991718233,1.8440048577759788e-16
66.04360551350777,433.9637294809921,0.0021316648170369118,433.9627435168803,0.9250645134229795,9.305390627257906e-17
66.54360551350777,433.4637935212477,0.0021502809801962125,433.4627914165652,0.9320682325434468,-1.878329431643352e-16
67.04360551350777,432.9638577091326,0.002168940146179293,432.9628393133,0.9390719565500125,9.478804207694872e-17
67.54360551350777,432.46392204515786,0.0021876424641486085,432.4628872070732,0.9460756854595415,1.9133744467070003e-16
68.04360551350777,431.96398652983686,0.0022063880839572132,431.9629350978734,0.9530794192889758,-0.0
68.54360551350777,431.4640511636854,0.002225177156152761,431.462982985689,0.960083158055336,-2.923735114878954e-16
69.04360551350777,430.9641159472216,0.002244009831981534,430.9630308705083,0.9670869017757211,-9.836648765060038e-17
69.54360551350777,430.4641808809661,0.0022628862633925,430.4630787523197,0.9740906504673092,-9.928467977858037e-17
70.04360551350777,429.9642459654419,0.0022818066030413976,429.96312663111144,0.9810944041473577,-2.0042505000377244e-16
70.54360551350777,429.4643112011743,0.00230077100429485,429.46317450687167,0.9880981628332041,-3.0345040862867167e-16
71.04360551350777,428.96437658869127,0.002319779621234507,428.96322237958856,0.9951019265422655,-2.041952554890012e-16
71.54360551350777,428.46444212852305,0.0023388326086612172,428.4632702492501,1.002105695292041,-3.0916534627182177e-16
72.04360551350777,427.96450782120246,0.002357930122099228,427.9633181158444,1.0091094691001106,-4.160908662407193e-16
72.54360551350777,427.4645736672648,0.0023770723178004167,427.46336597935937,1.0161132479841357,-4.200021999267121e-16
73.04360551350777,426.96463966724787,0.0023962593527485495,426.9634138397829,1.0231170319618603,-3.1796620816335896e-16
73.54360551350777,426.4647058216919,0.002415491384663572,426.4634616971028,1.030120821051111,-3.209621901114266e-16
74.04360551350777,425.96477213113974,0.002434768572005929,425.9635095513068,1.037124615269798,-2.1599331087279497e-16
74.54360551350777,425.46483859613676,0.002454091073980916,425.46355740238255,1.0441284146359144,-1.0901663736261897e-16
75.04360551350777,424.9649052172309,0.0024734590505430584,424.96360525031776,1.0511322191675387,-1.1004746921936515e-16
75.54360551350777,424.46497199497276,0.0024928726624005256,424.46365309509997,1.058136028882833,-1.110892793931142e-16
76.04360551350777,423.96503892991535,0.002512332071019574,423.96370093671675,1.0651398438000448,-1.1214219794337994e-16
76.54360551350777,423.4651060226144,0.0025318374386290206,423.4637487751554,1.072143663937508,-0.0
77.04360551350777,422.96517327362824,0.002551388928224752,422.96379661040334,1.0791474893136417,5.71409444599655e-17
77.54360551350777,422.46524068351783,0.0025709867035742613,422.4638444424479,1.0861513199469521,-5.768446502328373e-17
78.04360551350777,421.9653082528468,0.002590630929221219,421.9638922712763,1.093155155856033,-5.823380849995396e-17
78.54360551350777,421.46537598218146,0.0026103217704900776,421.4639400968756,1.1001589970595658,-1.7636713285388487e-16
79.04360551350777,420.9654438720908,0.0026300593934907063,420.9639879192331,1.1071628435763194,-0.0
79.54360551350777,420.4655119231465,0.0026498439651230616,420.4640357383357,1.1141666954251523,1.1983494984700665e-16
80.04360551350777,419.9655801359229,0.0026696756530818887,419.9640835541704,1.121170552625012,1.209816263465657e-16
80.54360551350777,419.4656485109972,0.0026895546258614597,419.4641313667241,1.1281744151949358,1.2214066109789342e-16
81.04360551350777,418.9657170489492,0.0027094810527603414,418.96417917598353,1.135178283154051,-0.0
81.54360551350777,418.46578575036165,0.002729455103886201,418.4642269819356,1.1421821565215764,1.2449639996089134e-16
82.04360551350777,417.96585461581986,0.002749476950160645,417.96427478456684,1.149186035316822,6.28467031469206e-17
82.54360551350777,417.46592364591214,0.002769546763324092,417.464322583864,1.1561899195591896,2.5380675075595744e-16
83.04360551350777,416.9659928412295,0.0027896647159406833,416.96437037981354,1.1631938092681737,1.281264633714202e-16
83.54360551350777,416.4660622023658,0.002809830981403223,416.46441817240196,1.1701977044633616,1.9404424275602564e-16
84.04360551350777,415.9661317299178,0.0028300457339381626,415.96446596161564,1.177201605164435,4.571442088758171e-16
84.54360551350777,415.466201424485,0.002850309148610612,415.4645137474409,1.1842055113911685,4.615661177587298e-16
85.04360551350777,414.96627128667,0.0028706214013293953,414.9645615298641,1.1912094231634325,5.326128029800522e-16
85.54360551350777,414.4663413170781,0.002890982668852136,414.46460930887133,1.1982133405011923,2.0166644884216322e-16
86.04360551350777,413.9664115163176,0.002911393128790384,413.9646570844486,1.205217263424509,5.4299799257207e-16
86.54360551350777,413.4664818849997,0.0029318529596147787,413.46470485658216,1.2122211919535406,2.7413793759441904e-16
87.04360551350777,412.9665524237387,0.0029523623406602466,412.9647526252578,1.2192251261085416,4.152086543706596e-16
87.54360551350777,412.4666231331516,0.002972921452131241,412.46480039046145,1.2262290659098645,6.987571102357147e-16
88.04360551350777,411.96669401385856,0.002993530475107018,411.9648481521789,1.2332330113779595,6.350164148369647e-16
88.54360551350777,411.4667650664828,0.0030141895915469486,411.4648959103959,1.2402369625333767,4.2747922765679576e-16
89.04360551350777,410.9668362916505,0.003034898984295875,410.9649436650981,1.2472409193967642,5.755462250162402e-16
89.54360551350777,410.4669076899908,0.0030556588370895003,410.46499141627106,1.254244881988871,5.811815421243252e-16
90.04360551350777,409.9669792621361,0.0030764693345598213,409.96503916390026,1.2612488503305466,5.135191312680887e-16
90.54360551350777,409.4670510087216,0.0030973306622406006,409.4650869079711,1.2682528244427416,7.407992282284287e-16
91.04360551350777,408.9671229303859,0.0031182430065728765,408.96513464846896,1.2752568043465085,5.984634411324934e-16
91.54360551350777,408.4671950277706,0.0031392065549105163,408.46518238537914,1.2822607900630016,6.043519660169717e-16
92.04360551350777,407.9672673015203,0.003160221495525809,407.9652301186867,1.28926478161348,5.340175321674278e-16
92.54360551350777,407.46733975228295,0.0031812880176151,407.46527784837684,1.2962687790193044,3.8520350050275347e-16
93.04360551350777,406.9674123807096,0.003202406311304465,406.96532557443453,1.3032727823019412,3.1120616539329226e-16
93.54360551350777,406.46748518745454,0.003223576567655429,406.4653732968447,1.3102767914829614,4.714250756875503e-16
94.04360551350777,405.96755817317523,0.003244798978670725,405.9654210155922,1.3172808065840416,3.173948745171787e-16
94.54360551350777,405.4676313385323,0.0032660737373000973,405.46546873066177,1.3242848276269645,4.808115932980204e-16
95.04360551350777,404.96770468418987,0.0032874010374461466,404.9655164420382,1.3312888546336201,3.2372237725933834e-16
95.54360551350777,404.467778210815,0.0033087810739702178,404.46556414970604,1.3382928876260058,4.0867407000353143e-16
96.04360551350777,403.9678519190784,0.0033302140426983325,403.9656118536498,1.3452969266262271,1.6509607035055024e-16
96.54360551350777,403.46792580965376,0.003351700140427167,403.46565955385387,1.3523009716564987,1.667407398417921e-16
97.04360551350777,402.96799988321834,0.0033732395649300707,402.96570725030267,1.359305022739144,1.6840386371388615e-16
97.54360551350777,402.4680741404527,0.003394832514963134,402.46575494298037,1.366309079896598,1.7008567232566167e-16
98.04360551350777,401.9681485820407,0.0034164791902712988,401.96580263187116,1.3733131431514056,8.589319960141039e-17
98.54360551350777,401.46822320866977,0.0034381797915945143,401.46585031695923,1.3803172125262237,1.735062810854908e-16
99.04360551350777,400.96829802103053,0.003459934520673941,400.9658979982284,1.3873212880438213,8.762277898827574e-17
99.54360551350777,400.46837301981725,0.0034817435802581994,400.46594567566274,1.3943253697270805,1.7700447319074921e-16
100.04360551350777,399.96844820572755,0.003503607174109666,399.9659933492459,1.4013294575989976,8.939163670230762e-17
100.54360551350777,399.4685235794626,0.0035255255070108164,399.4660410189618,1.4083335516826825,9.029110435359875e-17
101.04360551350777,398.968599141727,0.0035474987847706175,398.966088684794,1.4153376520013605,-0.0
101.54360551350777,398.4686748932289,0.0035695272142309644,398.46613634672593,1.4223417585783729,-0.0
102.04360551350777,397.9687508346801,0.003591611003273171,397.9661840047412,1.4293458714371774,-9.305118915712329e-17
102.54360551350777,397.46882696679586,0.003613750360824504,397.46623165882306,1.436349990601349,-0.0
103.04360551350777,396.9689032902951,0.003635945496864771,396.9662793089549,1.4433541160945813,9.494395505613522e-17
103.54360551350777,396.46897980590023,0.0036581966224329535,396.4663269551198,1.4503582479406851,-0.0
104.04360551350777,395.96905651433747,0.003680503949633897,395.96637459730084,1.4573623861635925,-9.688014331785998e-17
104.54360551350777,395.46913341633666,0.003702867691645044,395.4664222354811,1.464366530787355,3.9145946553839935e-16
105.04360551350777,394.96921051263126,0.0037252880627232244,394.96646986964333,1.4713706818361447,1.9772172714998648e-16
105.54360551350777,394.4692878039585,0.0037477652782114935,394.46651749977036,1.4783748393342564,3.994731139455838e-16
106.04360551350777,393.96936529105926,0.003770299554546025,393.96656512584497,1.4853790033061065,2.017745134610837e-16
106.54360551350777,393.4694429746784,0.003792891109263054,393.4666127478497,1.492383173776236,1.0191794596440699e-16
107.04360551350777,392.9695208555642,0.003815540161005875,392.966660365767,1.4993873507693083,2.059209918431756e-16
107.54360551350777,392.4695989344691,0.003838246929531892,392.4667079795793,1.506391534310113,4.1606023377680313e-16
108.04360551350777,391.9696772121492,0.003861011635719723,391.966755589269,1.513395724423565,3.152453625459412e-16
108.54360551350777,391.46975568936443,0.00388383450157636,391.46680319481817,1.5203999211347055,4.2464335716767343e-16
109.04360551350777,390.9698343668787,0.00390671575024438,390.9668507962089,1.5274041244687024,2.1450474427690768e-16
109.54360551350777,390.4699132454597,0.00392965560600922,390.4668983934233,1.5344083344508532,1.0835654666089015e-16
110.04360551350777,389.9699923258791,0.003952654294306496,389.9669459864432,1.5414125511065824,2.1894705148276714e-16
110.54360551350777,389.47007160891263,0.0039757120417293875,389.46699357525034,1.5484167744614463,1.1060347457351224e-16
111.04360551350777,388.9701510953399,0.003998829076036077,388.96704115982646,1.55542100454113,1.6761984104715618e-16
111.54360551350777,388.47023078594447,0.004022005626157245,388.4670887401532,1.5624252413714508,5.645147701983339e-17
112.04360551350777,387.97031068151404,0.004045241922203623,387.96713631621196,1.5694294849783579,-0.0
112.54360551350777,387.4703907828403,0.004068538195473607,387.4671838879841,1.5764337353879336,-0.0
113.04360551350777,386.970471090719,0.0040918946784609285,386.9672314554509,1.583437992626394,3.4936113944623055e-16
113.54360551350777,386.4705516059501,0.004115311604862386,386.4672790185935,1.5904422567200909,1.7649762537985333e-16
114.04360551350777,385.9706323293376,0.004138789209585635,385.9673265773929,1.59744652769551,2.9722661984427503e-16
114.54360551350777,385.47071326168975,0.00416232772875704,385.4673741318301,1.6044508055792752,2.402611824578387e-16
115.04360551350777,384.9707944038189,0.00418592739972959,384.967421681886,1.6114550903981466,6.069255057172532e-17
115.54360551350777,384.4708757565416,0.004209588461090865,384.46746922754113,1.6184593821790227,4.2929028821951606e-16
116.04360551350777,383.9709573206788,0.004233311152671085,383.96751676877625,1.6254636809489422,2.4787717021733997e-16
116.54360551350777,383.47103909705555,0.004257095715551199,383.4675643055717,1.6324679867350833,1.8785692228030749e-16
117.04360551350777,382.9711210865013,0.004280942392071052,382.967611837908,1.6394722995647646,2.5310531206067847e-16
117.54360551350777,382.4712032898497,0.004304851425837614,382.4676593657653,1.6464766194654468,1.9182436536616498e-16
118.04360551350777,381.971285707939,0.004328823061733268,381.96770688912386,1.6534809464647342,-0.0
118.54360551350777,381.4713683416116,0.0043528575459241695,381.46775440796364,1.660485280590374,1.305908788356149e-16
119.04360551350777,380.9714511917144,0.004376955125868669,380.9678019222645,1.6674896218702582,3.2992252798864587e-16
119.54360551350777,380.4715342590987,0.004401116050325799,380.46784943200635,1.6744939703324249,2.0004528897665315e-16
120.04360551350777,379.97161754462036,0.004425340569363833,379.96789693716875,1.681498326005058,6.738731993174206e-17
120.54360551350777,379.47170104913965,0.004449628934368906,379.4679444377313,1.6885026889164894,1.3620257264951925e-16
121.04360551350777,378.97178477352145,0.00447398139805371,378.9679919336735,1.6955070590952002,-6.882377368282376e-17
121.54360551350777,378.4718687186351,0.004498398214466252,378.4680394249746,1.7025114365698193,-2.0866468543837424e-16
122.04360551350777,377.97195288535465,0.004522879638998684,377.9680869116138,1.7095158213691273,-7.029476550947166e-17
122.54360551350777,377.47203727455866,0.004547425928396208,377.4681343935702,1.7165202135220556,-2.841740049948999e-16
123.04360551350777,376.9721218871304,0.0045720373407660405,376.9681818708228,1.7235246130576896,7.180122054768582e-17
123.54360551350777,376.4722067239578,0.0045967141355864605,376.46822934335023,1.7305290200052654,7.256804332545316e-17
124.04360551350777,375.9722917859335,0.004621456573715922,375.9682768111314,1.7375334343941757,-7.334409126425505e-17
124.54360551350777,375.47237707395493,0.004646264917402244,375.4683242741447,1.7445378562539682,-7.41294878377649e-17
125.04360551350777,374.9724625889242,0.004671139430291868,374.9683717323688,1.7515422856143468,1.4984871667982198e-16
125.54360551350777,374.4725483317483,0.0046960803774391945,374.4684191857817,1.7585467225051727,-7.572882991418807e-17
126.04360551350777,373.9726343033391,0.004721088025315997,373.96846663436185,1.7655511669564656,-0.0
126.54360551350777,373.47272050461316,0.004746162641820902,373.46851407808725,1.7725556189984062,1.5473418856082466e-16
127.04360551350777,372.9728069364922,0.004771304496288956,372.9685615169358,1.7795600786613348,3.1280460351286154e-16
127.54360551350777,372.47289359990265,0.004796513859501261,372.46860895088525,1.7865645459757529,3.9522668111078486e-16
128.04360551350777,371.972980495776,0.004821791003694692,371.9686563799132,1.7935690209723258,1.5979957432301094e-16
128.54360551350777,371.4730676250488,0.004847136202571695,371.46870380399736,1.8005735036818822,8.076464258206412e-17
129.04360551350777,370.9731549886626,0.004872549731310158,370.968751223115,1.807577994135417,3.265601737571058e-16
129.54360551350777,370.47324258756396,0.004898031866573365,370.4687986372434,1.8145824923640896,1.6505226558383147e-16
130.04360551350777,369.9733304227046,0.0049235828865200355,369.9688460463597,1.8215869983992274,3.3369222334547513e-16
130.54360551350777,369.47341849504136,0.004949203070814436,369.4688934504409,1.8285915122723266,1.68661919883053e-16
131.04360551350777,368.97350680553626,0.004974892700636581,368.96894084946365,1.835596034015052,-0.0
131.54360551350777,368.47359535515653,0.005000652058692513,368.4689882434049,1.842600563659239,-0.0
132.04360551350777,367.97368414487465,0.005026481429224672,367.969035632241,1.8496051012368957,8.712206564778942e-17
132.54360551350777,367.4737731756684,0.00505238109802234,367.4690830159485,1.8566096467802031,-8.80754123908475e-17
133.04360551350777,366.9738624485208,0.0050783513524321824,366.9691303945036,1.863614200321515,-0.0
133.54360551350777,366.4739519644203,0.005104392481368864,366.4691777678825,1.8706187618933623,1.8003504464478564e-16
134.04360551350777,365.97404172436063,0.005130504775325762,365.9692251360611,1.8776233315284507,-0.0
134.54360551350777,365.47413172934114,0.00515668852638576,365.4692724990152,1.8846279092596647,-9.200794087522306e-17
135.04360551350777,364.9742219803665,0.005182944028232135,364.96931985672063,1.8916324951200678,9.302168267643652e-17
135.54360551350777,364.4743124784469,0.0052092715761595295,364.46936720915284,1.8986370891429025,-9.404800684816851e-17
136.04360551350777,363.97440322459806,0.0052356714670850225,363.9694145562872,1.9056416913615937,-2.8526126143515088e-16
136.54360551350777,363.4744942198413,0.0052621439995592795,363.469461898099,1.912646301809748,-1.9227819992927997e-16
137.04360551350777,362.97458546520346,0.005288689473777805,362.96950923456313,1.9196509205211558,-1.944084487826722e-16
137.54360551350777,362.47467696171725,0.005315308191592284,362.46955656565484,1.9266555475297942,-9.828264224108348e-17
138.04360551350777,361.97476871042085,0.005342000456522018,361.9696038913487,1.9336601828698246,-1.9874907621377262e-16
138.54360551350777,361.4748607123583,0.005368766573765453,361.4696512116193,1.9406648265755972,-1.004800994051429e-16
139.04360551350777,360.9749529685793,0.0053956068502118105,360.9696985264412,1.9476694786816504,-2.031990328456404e-16
139.54360551350777,360.4750454801395,0.005422521594452807,360.4697458357887,1.9546741392227136,-3.081989470964471e-16
140.04360551350777,359.9751382481003,0.005449511116794476,359.9697931396359,1.9616788082337069,-3.11642080218575e-16
140.54360551350777,359.47523127352895,0.005476575729269088,359.46984043795675,1.9686834857497435,-4.2017139494119237e-16
141.04360551350777,358.97532455749877,0.00550371574564717,358.9698877307251,1.9756881718061314,-4.248786024445402e-16
141.54360551350777,358.47541810108896,0.005530931481449624,358.46993501791457,1.9826928664383732,-4.296452176465562e-16
142.04360551350777,357.9755119053848,0.005558223253959948,357.9699822994988,1.9896975696821688,-2.172360373738239e-16
142.54360551350777,357.47560597147753,0.00558559138223656,357.470029575451,1.9967022815734163,-3.295200156382302e-16
143.04360551350777,356.97570030046455,0.005613036187125227,356.97007684574436,2.003707002148214,-4.44309916180454e-16
143.54360551350777,356.4757948934494,0.005640557991271593,356.47012411035183,2.0107117314428593,-5.616532928784679e-16
144.04360551350777,355.9758897515418,0.005668157119133818,355.9701713692463,2.0177164694938536,-3.4079929676510094e-16
144.54360551350777,355.47598487585765,0.005695833896995327,355.47021862240035,2.024721216337902,-4.020975886087563e-16
145.04360551350777,354.9760802675192,0.005723588652977652,354.97026586978643,2.0317259720119143,-4.0665333276049346e-16
145.54360551350777,354.476175927655,0.005751421717053399,354.470313111377,2.038730736553008,-5.287721465570848e-16
146.04360551350777,353.97627185739987,0.005779333421059317,353.970360347144,2.045735509998507,-3.565200783546107e-16
146.54360551350777,353.4763680578952,0.005807324098709477,353.4704075770595,2.0527402923859457,-3.6057666034815996e-16
147.04360551350777,352.97646453028864,0.005835394085608569,352.9704548010953,2.05974508375307,-3.6468524050319853e-16
147.54360551350777,352.47656127573447,0.0058635437192653015,352.4705020192229,2.066749884137838,-1.8442328021263252e-16
148.04360551350777,351.9766582953935,0.005891773339105929,351.9705492314138,2.0737546935784206,-3.7306137337057584e-16
148.54360551350777,351.4767555904331,0.005920083286487884,351.47059643763913,2.080759512113206,-3.1444203703831276e-16
149.04360551350777,350.97685316202717,0.005948473904713528,350.97064363786996,2.087764339780798,-3.8165455081260534e-16
149.54360551350777,350.4769510113565,0.005976945539044025,350.4706908320772,2.094769176620021,-2.5735632126225064e-16
150.04360551350777,349.97704913960854,0.006005498536713325,349.97073802023164,2.1017740226699173,-3.904710395843084e-16
150.54360551350777,349.47714754797744,0.0060341332469422805,349.4707852023036,2.108778877969752,-2.6331002564655235e-16
151.04360551350777,348.9772462376642,0.006062850020952867,348.9708323782634,2.115783742559013,-2.6634487069472945e-16
151.54360551350777,348.4773452098767,0.006091649211982543,348.47087954808126,2.122788616477414,-2.020643414622163e-16
152.04360551350777,347.9774444658298,0.006120531175298722,347.9709267117269,2.1297934997648937,-2.044000115494884e-16
152.54360551350777,347.4775440067453,0.006149496268213376,347.4709738691702,2.13679839246162,-6.892203235643005e-17
153.04360551350777,346.97764383385197,0.00617854485009776,346.9710210203807,2.1438032946079892,1.3944202581436686e-16
153.54360551350777,346.47774394838575,0.006207677282397269,346.47106816532767,2.1508082062446308,-0.0
154.04360551350777,345.9778443515897,0.0062368939286464205,345.97111530398024,2.1578131274124064,7.135042950505605e-17
154.54360551350777,345.4779450447139,0.006266195154483969,345.47116243630734,2.164818058152412,1.4436234247909355e-16
155.04360551350777,344.9780460290159,0.006295581327668148,344.9712095622778,2.1718229985059803,-0.0
155.54360551350777,344.47814730576033,0.006325052818092051,344.47125668186004,2.178827948514681,2.955020170289288e-16
156.04360551350777,343.97824887621925,0.006354609997799141,343.9713037950224,2.1858329082203256,1.4947883235358557e-16
156.54360551350777,343.47835074167205,0.006384253240998899,343.47135090173293,2.192837877664965,3.024588390700911e-16
157.04360551350777,342.97845290340564,0.006413982924082607,342.9713980019597,2.1998428568908954,5.355108631284629e-16
157.54360551350777,342.47855536271436,0.006443799425639269,342.4714450956703,2.206847845940655,4.644006722460933e-16
158.04360551350777,341.97865812090015,0.006473703126471674,341.97149218283215,2.2138528448570325,3.1324225018462385e-16
158.54360551350777,341.4787611792725,0.006503694409612602,341.47153926341264,2.220857853683062,1.5846615692637823e-16
159.04360551350777,340.9788645391487,0.006533773660341161,340.9715863373789,2.22786287246203,3.2067135081583166e-16
159.54360551350777,340.4789682018535,0.006563941266199283,340.47163340469757,2.2348679012374744,4.0557510535095176e-16
160.04360551350777,339.9790721687196,0.006594197617008359,339.9716804653354,2.2418729400531863,1.6414962460956223e-16
160.54360551350777,339.47917644108753,0.006624543104886014,339.4717275192587,2.2488779889532147,2.491421944321831e-16
161.04360551350777,338.9792810203057,0.006654978124263045,338.97177456643374,2.2558830479818637,8.403296837107443e-17
161.54360551350777,338.4793859077304,0.006685503071900496,338.4718216068265,2.2628881171837,5.101902952193088e-16
162.04360551350777,337.9794911047259,0.00671611834690689,337.97186864040253,2.2698931966035496,3.4417534672372444e-16
162.54360551350777,337.47959661266475,0.006746824350755614,337.4719156671275,2.276898286286502,4.353476502872769e-16
163.04360551350777,336.9797024329274,0.0067776214873024624,336.97196268696666,2.2839033862779146,3.524359940921022e-16
163.54360551350777,336.4798085669026,0.006808510162803326,336.472009699885,2.2909084966234086,5.34974687581051e-16
164.04360551350777,335.9799150159872,0.006839490785932049,335.9720567058473,2.297913617368877,3.609203500807367e-16
164.54360551350777,335.4800217815866,0.006870563767798443,335.47210370481827,2.3049187485604827,3.6524851993609466e-16
165.04360551350777,334.9801288651143,0.006901729521966461,334.9721506967621,2.311923890244663,4.620439576224526e-16
165.54360551350777,334.4802362679924,0.006932988464472533,334.4721976816429,2.31892904246813,3.7408116767822487e-16
166.04360551350777,333.98034399165147,0.006964341013844069,333.9722446594246,2.325934205277873,1.8929370917390864e-16
166.54360551350777,333.4804520375306,0.006995787591118128,333.47229163007074,2.332939378721161,3.8315482660014187e-16
167.04360551350777,332.98056040707746,0.007027328619860256,332.9723385935447,2.3399445628455444,3.877843160196561e-16
167.54360551350777,332.48066910174856,0.007058964526183489,332.4723855498096,2.3469497576988574,2.943576191668034e-16
168.04360551350777,331.980778123009,0.0070906957387675325,331.97243249882837,2.3539549633292194,4.965416372524353e-16
168.54360551350777,331.4808874723327,0.0071225226888781135,331.47247944056346,2.360960179785038,2.0102736964039814e-16
169.04360551350777,330.98099715120264,0.007154445810386508,330.9725263749774,2.3679654071150114,1.0173552518353217e-16
169.54360551350777,330.4811071611105,0.007186465539789242,330.47257330203223,2.374970645368128,1.0297409935481633e-16
170.04360551350777,329.9812175035572,0.00721858231622798,329.97262022168974,2.3819758945936735,-0.0
170.54360551350777,329.4813281800526,0.007250796581509584,329.47266713391167,2.3889811548412276,2.1100494695478722e-16
171.04360551350777,328.98143919211583,0.007283108780126362,328.97271403865926,2.3959864261606705,3.203783891661195e-16
171.54360551350777,328.48155054127506,0.007315519359276502,328.47276093589346,2.4029917086021824,2.1620179837325592e-16
172.04360551350777,327.9816622290679,0.007348028768884687,327.9728078255752,2.4099970022162465,2.1885410898553582e-16
172.54360551350777,327.48177425704137,0.0073806374616229055,327.472854707665,2.4170023070536533,2.215430790674472e-16
173.04360551350777,326.98188662675176,0.0074133458929314475,326.97290158212314,2.4240076231655,3.364039086781858e-16
173.54360551350777,326.48199933976497,0.007446154521040097,326.47294844890945,2.4310129506031943,1.7027494689450547e-16
174.04360551350777,325.9821123976565,0.007479063806989518,325.9729953079838,2.4380182894184568,1.7237672430426837e-16
174.54360551350777,325.4822258020115,0.007512074214652834,325.4730421593055,2.4450236396633227,1.163384875591596e-16
175.04360551350777,324.98233955442475,0.007545186210757417,324.9730890028339,2.452029001390145,1.1777894689280457e-16
175.54360551350777,324.4824536565009,0.0075784002649068654,324.4731358385275,2.4590343746515955,5.961975045289659e-17
176.04360551350777,323.9825681098545,0.007611716849603191,323.9731826663452,2.46603975950067,-0.0
176.54360551350777,323.48268291611004,0.007645136440269215,323.47322948624515,2.473045155990687,-6.111107303005858e-17
177.04360551350777,322.982798076902,0.007678659515271165,322.97327629818534,2.4800505641752943,-1.2374487718280707e-16
177.54360551350777,322.482913593875,0.0077122865559414895,322.4733231021236,2.4870559841084683,-1.2528898314891594e-16
178.04360551350777,321.9830294686839,0.007746018046601877,321.97336989801715,2.494061415844518,-1.2685479784197222e-16
178.54360551350777,321.48314570299374,0.007779854474586495,321.4734166858232,2.5010668594380863,-0.0
179.04360551350777,320.98326229847993,0.007813796330265445,320.97346346549864,2.5080723149441546,-1.9507937666861278e-16
179.54360551350777,320.4833792568283,0.007847844107068439,320.4735102369998,2.5150777824180444,1.9752887992873436e-16
180.04360551350777,319.98349657973523,0.00788199830150869,319.97355700028305,2.5220832619154185,1.333420249342949e-16
180.54360551350777,319.4836142689077,0.00791625941320704,319.4736037553042,2.529088753492287,-0.0
181.04360551350777,318.9837323260632,0.0079506279449163,318.9736505020189,2.5360942572050056,6.836250224378594e-17
181.54360551350777,318.4838507529302,0.007985104402545832,318.47369724038236,2.543099773110283,1.384526255314537e-16
182.04360551350777,317.98396955124787,0.008019689295186353,317.9737439703495,2.55010530126518,-2.804096851401632e-16
182.54360551350777,317.48408872276633,0.008054383135134978,317.473790691875,2.5571108417271136,1.419820452776326e-16
183.04360551350777,316.9842082692467,0.008089186437920504,316.97383740491324,2.564116394553859,-7.189231506482686e-17
183.54360551350777,316.4843281924613,0.008124099722328922,316.47388410941807,2.5711219598035564,-7.280650026638154e-17
184.04360551350777,315.9844484941935,0.008159123510429182,315.9739308053432,2.5781275375347055,-0.0
184.54360551350777,315.484569176238,0.008194258327599199,315.473977492642,2.5851331278061784,2.240231206066971e-16
185.04360551350777,314.9846902404008,0.008229504702552102,314.97402417126744,2.5921387306772137,-0.0
185.54360551350777,314.4848116884995,0.008264863167362746,314.4740708411722,2.5991443462074257,3.0638531173366575e-16
186.04360551350777,313.9849335223632,0.00830033425749446,313.97411750230856,2.606149974456804,7.757812856724599e-17
186.54360551350777,313.4850557438324,0.008335918511826062,313.4741641546285,2.613155615485716,1.571482175545467e-16
187.04360551350777,312.9851783547597,0.008371616472679137,312.9742107980836,2.6201612693549143,2.3875348937387464e-16
187.54360551350777,312.48530135700923,0.00840742868584556,312.47425743262534,2.6271669361255334,1.6121904707803284e-16
188.04360551350777,311.98542475245716,0.008443355700615303,311.9743040582044,2.634172615859098,-0.0
188.54360551350777,311.4855485429917,0.008479398069804493,311.47435067477153,2.641178308617524,-0.0
189.04360551350777,310.98567273051304,0.008515556349783751,310.97439728227675,2.648184014463121,8.37748226613588e-17
189.54360551350777,310.4857973169337,0.008551831100506804,310.47444388067015,2.655189733458596,2.545824303396988e-16
190.04360551350777,309.98592230417853,0.008588222885539365,309.97449046990107,2.6621954656670574,1.719253198668246e-16
190.54360551350777,309.4860476941846,0.008624732272088308,309.4745370499187,2.6692012111520182,2.612418898837379e-16
191.04360551350777,308.98617348890167,0.008661359831031109,308.97458362067175,2.6762069699773963,1.7642996530711592e-16
191.54360551350777,308.48629969029196,0.008698106136945584,308.4746301821086,2.6832127422075214,3.5746394069999077e-16
192.04360551350777,307.9864263003305,0.008734971768139916,307.9746767341773,2.690218527907137,3.6213563796123647e-16
192.54360551350777,307.48655332100503,0.008771957306682971,307.4747232768254,2.6972243271414036,9.17190324585615e-17
193.04360551350777,306.98668075431635,0.008809063338434913,306.97476981000017,2.7042301399759023,2.7876490778816273e-16
193.54360551350777,306.48680860227813,0.008846290453078113,306.47481633364845,2.711235966476637,9.414200684127523e-17
194.04360551350777,305.98693686691723,0.008883639244148372,305.9748628477167,2.718241806710039,9.538043732195932e-17
194.54360551350777,305.4870655502737,0.008921110309066437,305.4749093521509,2.725247660742972,2.8991167437288877e-16
195.04360551350777,304.987194654401,0.008958704249169839,304.9749558468969,2.7322535286427305,2.9373801619300956e-16
195.54360551350777,304.4873241813659,0.008996421669745035,304.4750023318997,2.7392594104770502,1.984141749232945e-16
196.04360551350777,303.98745413324895,0.009034263180059872,303.9750488071043,2.7462653063141067,4.0208313966107784e-16
196.54360551350777,303.4875845121441,0.009072229393396372,303.4750952724552,2.7532712162225184,6.111245044921803e-16
197.04360551350777,302.98771532015934,0.009110320927083838,302.97514172789624,2.760277140271356,4.128292418290548e-16
197.54360551350777,302.48784655941637,0.009148538402532293,302.4751881733712,2.7672830785301397,2.0916159098266765e-16
198.04360551350777,301.987978232051,0.009186882445266246,301.97523460882314,2.7742890310688457,5.298743835433832e-16
198.54360551350777,301.48811034021304,0.009225353684958795,301.47528103419495,2.781294997957911,6.443393869765684e-16
199.04360551350777,300.9882428860667,0.009263952755466074,300.97532744942885,2.7883009792682336,5.441310444684596e-16
199.54360551350777,300.4883758717905,0.009302680294862038,300.47537385446674,2.795306975071182,6.617049983310864e-16
200.04360551350777,299.98850929957734,0.0093415369454736,299.97542024925013,2.8023129854385926,8.382310003321894e-16
200.54360551350777,299.48864317163486,0.009380523353916117,299.4754666337201,2.8093190104427785,8.494985972550957e-16
201.04360551350777,298.9887774901853,0.00941964017112923,298.9755130078171,2.81632505015653,8.609368633154902e-16
201.54360551350777,298.48891225746587,0.009458888052413074,298.4755593714813,2.8233311046531226,5.235292053120648e-16
202.04360551350777,297.9890474757286,0.009498267657464837,297.9756057246524,2.830337174006316,9.432927619313217e-16
202.54360551350777,297.4891831472408,0.009537779650415698,297.47565206726955,2.8373432582903626,7.767974193616447e-16
203.04360551350777,296.9893192742848,0.00957742469986814,296.97569839927155,2.8443493575800085,8.47891302646408e-16
203.54360551350777,296.48945585915845,0.009617203478933628,296.4757447205967,2.8513554719504994,8.594047644738348e-16
204.04360551350777,295.98959290417497,0.009657116665270684,295.9757910311829,2.858361601477584,9.955364541753373e-16
204.54360551350777,295.4897304116632,0.009697164941123335,295.47583733096724,2.865367746237519,1.1352384019453254e-15
205.04360551350777,294.9898683839677,0.009737348993359958,294.9758836198867,2.8723739063070703,1.2146621735893829e-15
205.54360551350777,294.490006823449,0.009777669513512525,294.4759298978777,2.8793800817635233,1.1016614503746012e-15
206.04360551350777,293.9901457324836,0.009818127197816237,293.9759761648761,2.8863862726846814,1.1824399195840393e-15
206.54360551350777,293.4902851134641,0.009858722747249572,293.4760224208173,2.8933924791488734,9.988844206030035e-16
207.04360551350777,292.9904249687994,0.009899456867574739,292.97606866563615,2.900398701234957,1.0801186264931103e-15
207.54360551350777,292.4905653009148,0.009940330269378548,292.47611489926703,2.9074049390223213,1.0949872748817404e-15
208.04360551350777,291.9907061122522,0.0099813436681137,291.9761611216439,2.9144111925908973,1.2488473892376837e-15
208.54360551350777,291.4908474052702,0.010022497784140499,291.47620733269997,2.921417462021157,9.847429273706564e-16
209.04360551350777,290.9909891824442,0.010063793342768997,290.9762535323683,2.928423747394118,1.2123051615322531e-15
209.54360551350777,290.49113144626665,0.010105231074301571,290.47629972058104,2.935430048791353,1.0122074528734886e-15
210.04360551350777,289.9912741992471,0.010146811714075945,289.97634589727005,2.9424363662949884,1.099566539485948e-15
210.54360551350777,289.4914174439123,0.010188536002508646,289.4763920623666,2.949442699987712,1.4121569041259978e-15
211.04360551350777,288.99156118280666,0.01023040468513893,288.97643821580147,2.95644904995278,1.1303946113434297e-15
211.54360551350777,288.4917054184919,0.010272418512673149,288.4764843575047,2.9634554162740177,1.1461724141274319e-15
212.04360551350777,287.99185015354766,0.01031457824102958,287.9765304874061,2.9704617990358253,1.3171581690800667e-15
212.54360551350777,287.49199539057145,0.010356884631383732,287.4765766054346,2.9774681983231877,1.3356071157384057e-15
213.04360551350777,286.9921411321787,0.010399338450214119,286.9766227115188,2.9844746142216705,1.3543472613015033e-15
213.54360551350777,286.49228738100317,0.010441940469348508,286.47666880558677,2.9914810468174347,1.4541709991220918e-15
214.04360551350777,285.9924341396969,0.010484691466010667,285.97671488756566,2.998487496197234,1.3927217106595394e-15
214.54360551350777,285.4925814109305,0.010527592222867583,285.4767609573824,3.0054939624484236,1.4954469298564889e-15
215.04360551350777,284.9927291973932,0.010570643528077194,284.97680701496324,3.0125004456589672,1.3480693110883048e-15
215.54360551350777,284.49287750179315,0.010613846175336616,284.4768530602338,3.0195069459174375,1.708939446629858e-15
216.04360551350777,283.99302632685743,0.010657200963930883,283.9768990931191,3.026513463313025,1.4731968368460806e-15
216.54360551350777,283.4931756753324,0.010700708698782197,283.4769451135436,3.0335199979355436,1.2304553114998322e-15
217.04360551350777,282.99332554998364,0.0107443701904997,282.9769911214312,3.040526549875433,1.5153867940541506e-15
217.54360551350777,282.4934759535963,0.010788186255429787,282.477037116705,3.0475331192237665,1.446579075553207e-15
218.04360551350777,281.9936268889753,0.010832157715706933,281.9770830992878,3.0545397060722568,1.2838336118665535e-15
218.54360551350777,281.4937783589453,0.01087628539930508,281.47712906910147,3.0615463105132603,1.58124464008995e-15
219.04360551350777,280.99393036635104,0.010920570140089559,280.9771750260674,3.068552932639784,1.5095605395125513e-15
219.54360551350777,280.4940829140575,0.010965012777869576,280.4772209701064,3.075559572545489,1.339830937665672e-15
220.04360551350777,279.99423600495004,0.011009614158451256,279.9772669011385,3.0825662303247,1.2620244786337346e-15
220.54360551350777,279.4943896419346,0.011054375133691256,279.4773128190831,3.0895729060724073,1.477165757229765e-15
221.04360551350777,278.9945438279379,0.011099296561550951,278.9773587238591,3.096579599884275,1.398590840503573e-15
221.54360551350777,278.4946985659075,0.011144379306151213,278.47740461538444,3.1035863118566462,1.418817434655424e-15
222.04360551350777,277.9948538588123,0.011189624237827768,277.9774504935768,3.110593042086549,1.3365612796162014e-15
222.54360551350777,277.4950097096423,0.011235032233187163,277.47749635835277,3.1175997906717035,1.5645702578069567e-15
223.04360551350777,276.9951661214092,0.01128060417516333,276.9775422096286,3.1246065577105253,1.3756778276698418e-15
223.54360551350777,276.49532309714635,0.011326340953074766,276.47758804731967,3.1316133433021367,1.3957178697955684e-15
224.04360551350777,275.9954806399089,0.011372243462682336,275.9776338713407,3.138620147546366,1.198227385261432e-15
224.54360551350777,275.4956387527743,0.011418312606247705,275.4776796816056,3.1456269705437623,1.4367909596754994e-15
225.04360551350777,274.99579743884215,0.011464549292592401,274.9777254780278,3.152633812395594,1.682118637085656e-15
225.54360551350777,274.49595670123455,0.01151095443715753,274.47777126051983,3.159640673203859,1.5930155702994344e-15
226.04360551350777,273.99611654309643,0.011557528962064143,273.9778170289936,3.1666475530712925,1.6741645545185372e-15
226.54360551350777,273.49627696759563,0.011604273796174262,273.4778627833603,3.1736544521013714,1.4059216489891014e-15
227.04360551350777,272.996437977923,0.011651189875152576,272.9779085235302,3.1806613703983206,1.4861109556803409e-15
227.54360551350777,272.49659957729284,0.011698278141528823,272.477954249413,3.187668308067123,1.5080795382240305e-15
228.04360551350777,271.9967617689429,0.011745539544760845,271.97799996091766,3.1946752652135215,1.2855478580257032e-15
228.54360551350777,271.49692455613484,0.011792975041298356,271.47804565795224,3.2016822419440314,1.3667469007603733e-15
229.04360551350777,270.99708794215417,0.011840585594647405,270.9780913404241,3.208689238365943,1.5762085482710233e-15
229.54360551350777,270.49725193031065,0.011888372175435551,270.47813700823986,3.2156962545873307,1.3437332114786013e-15
230.04360551350777,269.99741652393857,0.011936335761477776,269.97818266130537,3.22270329071706,1.2338981745375204e-15
230.54360551350777,269.49758172639673,0.011984477337843111,269.4782282995256,3.2297103468647936,1.2523427546949568e-15
231.04360551350777,268.9977475410689,0.012032797896922024,268.97827392280476,3.2367174231410014,1.4048978664833058e-15
231.54360551350777,268.49791397136397,0.012081298438494545,268.47831953104617,3.243724519656964,1.6296883535162603e-15
232.04360551350777,267.99808102071614,0.012129979969799164,267.97836512415256,3.250731636524784,1.1717154556099578e-15
232.54360551350777,267.4982486925852,0.01217884350560249,267.4784107020256,3.2577387738573913,1.4692122777333398e-15
233.04360551350777,266.9984169904568,0.01222789006826971,266.97845626456615,3.26474593176855,1.4203632016251297e-15
233.54360551350777,266.49858591784266,0.012277120687835813,266.47850181167433,3.27175311037287,1.2255603190260134e-15
234.04360551350777,265.99875547828077,0.01232653640207765,265.97854734324943,3.2787603097858105,1.2441228903227593e-15
234.54360551350777,265.49892567533567,0.012376138256586776,265.4785928591897,3.2857675301236897,1.4858850977757967e-15
235.04360551350777,264.9990965125988,0.012425927304843138,264.9786383593926,3.292774771503693,1.357628472519221e-15
235.54360551350777,264.49926799368853,0.012475904608289588,264.4786838437549,3.299782034043881,1.454881460552395e-15
236.04360551350777,263.99944012225063,0.012526071236407244,263.97872931217216,3.3067893178631973,1.3993440720870627e-15
236.54360551350777,263.49961290195847,0.01257642826679171,263.47877476453925,3.3137966230814775,1.4207412174983198e-15
237.04360551350777,262.9997863365131,0.012626976785230162,262.97882020075,3.3208039498194544,1.5226464004911397e-15
237.54360551350777,262.4999604296439,0.012677717885779314,262.47886562069755,3.327811298198773,1.3832794623215458e-15
238.04360551350777,262.00013518510843,0.012728652670844285,261.9789110242738,3.334818668341992,1.3219321064570736e-15
238.54360551350777,261.5003106066929,0.012779782251258351,261.4789564113699,3.341826060372596,1.2584073540321708e-15
239.04360551350777,261.0004866982125,0.012831107746363634,260.97900178187604,3.348833474415005,1.3630239919099495e-15
239.54360551350777,260.5006634635116,0.012882630284092707,260.47904713568136,3.3558409105945803,1.2110939643793832e-15
240.04360551350777,260.000840906464,0.01293435100105114,259.97909247267415,3.3628483690376365,1.4055583497630055e-15
240.54360551350777,259.50101903097334,0.012986271042601007,259.47913779274177,3.3698558498714495,1.2489610095995717e-15
241.04360551350777,259.0011978409731,0.01303839156294535,258.97918309577034,3.3768633532242625,1.4495916574089073e-15
241.54360551350777,258.5013773404272,0.013090713725213629,258.4792283816451,3.3838708792253005,1.6562123225219502e-15
242.04360551350777,258.00155753333024,0.013143238701548167,257.97927365025043,3.3908784280047755,1.308284979730128e-15
242.54360551350777,257.50173842370765,0.013195967673191587,257.4793189014695,3.3978859996939006,1.233847656703407e-15
243.04360551350777,257.00192001561607,0.013248901830575288,256.97936413518454,3.4048935944248924,1.5423933559412771e-15
243.54360551350777,256.50210231314367,0.013302042373408941,256.4794093512766,3.4119012123309878,1.3707975854174653e-15
244.04360551350777,256.0022853204104,0.01335539051077104,255.97945454962584,3.4189088535464487,1.094010072840175e-15
244.54360551350777,255.50246904156847,0.01340894746120051,255.47949973011129,3.425916518206577,1.4143382008243276e-15
245.04360551350777,255.0026534808024,0.013462714452789393,254.97954489261087,3.4329242064477192,1.2314488982285282e-15
245.54360551350777,254.5028386423295,0.013516692723276635,254.47959003700143,3.439931918407278,1.1467034265418975e-15
246.04360551350777,254.00302453040018,0.013570883520142962,253.97963516315875,3.4469396542237263,1.0589979476067317e-15
246.54360551350777,253.5032111492983,0.013625288100706894,253.4796802709574,3.4539474140366124,1.183417443414285e-15
247.04360551350777,253.0033985033414,0.013679907732221887,252.97972536027095,3.460955197986575,1.0929718252059345e-15
247.54360551350777,252.5035865968811,0.013734743691974633,252.47977043097166,3.4679630062153493,1.221459055486276e-15
248.04360551350777,252.0037754343034,0.013789797267384524,251.9798154829308,3.4749708388657816,1.2974031866236037e-15
248.54360551350777,251.50396502002914,0.01384506975610431,251.47986051601842,3.4819786960818386,1.3181946230047248e-15
249.04360551350777,251.00415535851417,0.013900562466121943,250.97990553010334,3.4889865780086176,1.3975947333291027e-15
249.54360551350777,250.5043464542498,0.013956276715863665,250.47995052505323,3.495994484792359,1.3609117280037294e-15
250.04360551350777,250.00453831176313,0.014012213834298303,249.97999550073456,3.5030024165804567,1.5632247552880395e-15
250.54360551350777,249.50473093561743,0.014068375161042836,249.48004045701254,3.510010373521469,1.4662876494449238e-15
251.04360551350777,249.00492433041245,0.014124762046469232,248.9800853937512,3.517018355765132,1.303770192440837e-15
251.54360551350777,248.50511850078485,0.01418137585181256,248.48013031081328,3.5240263634623705,1.2618263207752551e-15
252.04360551350777,248.0053134514085,0.01423821794928042,247.98017520806022,3.531034396765307,1.0258679800745357e-15
252.54360551350777,247.50550918699497,0.014295289722163705,247.4802200853523,3.538042455827278,1.1728974200007199e-15
253.04360551350777,247.00570571229375,0.01435259256494868,246.98026494254842,3.5450505408028437,1.3244871253427031e-15
253.54360551350777,246.50590303209276,0.014410127883430457,246.48030977950623,3.552058651847801,1.278838813896348e-15
254.04360551350777,246.00610115121867,0.014467897094827827,245.98035459608198,3.5590667891191936,1.5050247862462327e-15
254.54360551350777,245.50630007453734,0.014525901627899506,245.4803993921306,3.566074952775328,1.1125360094716956e-15
255.04360551350777,245.00649980695417,0.014584142923061802,244.98044416750577,3.5730831429757846,1.0601636100615223e-15
255.54360551350777,244.50670035341457,0.01464262243250772,244.48048892205972,3.580091359881429,1.221328725240733e-15
256.04360551350777,244.0069017189043,0.014701341620327534,243.98053365564328,3.587099603654427,1.3145366750122832e-15
256.54360551350777,243.50710390844986,0.014760301962630841,243.48057836810588,3.594107874458258,1.113583040479011e-15
257.04360551350777,243.0073069271191,0.014819504947670122,242.98062305929565,3.601116172457726,1.1320573015133093e-15
257.54360551350777,242.50751078002133,0.014878952075965825,242.48066772905918,3.608124497818975,1.2276021804059396e-15
258.04360551350777,242.00771547230804,0.014938644860433004,241.98071237724162,3.615132850709501,1.0140428663812484e-15
258.54360551350777,241.50792100917315,0.014998584826509525,241.48075700368662,3.6221412312981696,1.0309709892609003e-15
259.04360551350777,241.00812739585353,0.01505877351228587,240.98080160823648,3.629149639755223,1.0482176637359586e-15
259.54360551350777,240.50833463762947,0.015119212468636548,240.4808461907319,3.6361580762523014,1.0657895636482636e-15
260.04360551350777,240.008542739825,0.015179903259353167,239.9808907510121,3.643166540962453,1.1670545567162532e-15
260.54360551350777,239.5087517078085,0.015240847461279147,239.48093528891476,3.6501750340601493,1.1019365095977487e-15
261.04360551350777,239.00896154699305,0.01530204666444614,238.980979804276,3.6571835557212995,9.481371219193323e-16
261.54360551350777,238.50917226283696,0.015363502472212156,238.48102429693031,3.664192106123267,1.1394683708367075e-15
262.04360551350777,238.0093838608442,0.015425216501401433,237.98106876671068,3.6712006854448824,1.1587720378643044e-15
262.54360551350777,237.50959634656493,0.015487190382446064,237.48111321344848,3.67820929386646,1.087794784303823e-15
263.04360551350777,237.00980972559597,0.015549425759529422,236.98115763697342,3.685217931569811,8.297260230354248e-16
263.54360551350777,236.51002400358124,0.015611924290731405,236.4812020371136,3.692226598738263,9.376357260593548e-16
264.04360551350777,236.0102391862123,0.01567468764817551,235.98124641369543,3.6992352955566714,8.582901634984521e-16
264.54360551350777,235.51045527922884,0.015737717518177798,235.48129076654362,3.70624402221144,1.0669827311807289e-15
265.04360551350777,235.01067228841922,0.015801015601397742,234.98133509548123,3.7132527788905305,1.0852908377331208e-15
265.54360551350777,234.51089021962096,0.015864583612991014,234.4813794003295,3.7202615657834857,1.0035937099923466e-15
266.04360551350777,234.01110907872126,0.015928423282764226,233.98142368090802,3.727270383081443,1.122977087831782e-15
266.54360551350777,233.51132887165753,0.01599253635533165,233.48146793703455,3.7342792309771524,1.0385187874392413e-15
267.04360551350777,233.01154960441795,0.016056924590273965,232.9815121685251,3.7412881096649886,9.508432988678364e-16
267.54360551350777,232.51177128304198,0.01612158976229903,232.48155637519383,3.7482970193409764,9.673353022327674e-16
268.04360551350777,232.01199391362093,0.016186533661404767,231.9816005568531,3.7553059602028007,1.0934997500023727e-15
268.54360551350777,231.51221750229854,0.01625175809304412,231.4816447133134,3.76231493244983,1.1125485972917062e-15
269.04360551350777,231.01244205527146,0.01631726487829216,230.98168884438334,3.7693239362831292,1.075372955371133e-15
269.54360551350777,230.51266757878994,0.016383055854015383,230.4817329498696,3.77633297190548,1.0941878970708393e-15
270.04360551350777,230.01289407915831,0.016449132873043195,229.98177702957705,3.7833420395214006,1.1133739505576508e-15
270.54360551350777,229.51312156273562,0.01651549780434163,229.48182108330843,3.7903511393371616,1.19256764851876e-15
271.04360551350777,229.01335003593624,0.01658215253318936,228.98186511086467,3.7973602715608075,1.2135707276248327e-15
271.54360551350777,228.5135795052304,0.016649098961356006,228.48190911204463,3.804369436402171,8.644935718667274e-16
272.04360551350777,228.0138099771449,0.01671633900728278,227.98195308664515,3.8113786340728986,1.0054697083543533e-15
272.54360551350777,227.5140414582636,0.01678387460626552,227.48199703446105,3.8183878647864664,1.0232953013569145e-15
273.04360551350777,227.0142739552282,0.01685170771064015,226.98204095528502,3.8253971287582,1.1716618184600939e-15
273.54360551350777,226.5145074747387,0.016919840289970563,226.48208484890773,3.832406426205294,1.325029061266972e-15
274.04360551350777,226.01474202355425,0.016988274331239013,225.98212871511768,3.839415757346836,1.483544776795551e-15
274.54360551350777,225.5149776084936,0.017057011839039047,225.48217255370125,3.8464251224038217,1.2355208049965165e-15
275.04360551350777,225.01521423643587,0.01712605483577099,224.98221636444262,3.85343452159918,1.117928956287762e-15
275.54360551350777,224.5154519143212,0.01719540536184004,224.48226014712378,3.8604439551577907,1.2091410616521926e-15
276.04360551350777,224.01569064915142,0.01726506547585703,223.98230390152446,3.867453423306511,1.5205419499415039e-15
276.54360551350777,223.51593044799077,0.017335037254841847,223.48234762742217,3.8744629262741896,1.2531308175114582e-15
277.04360551350777,223.0161713179665,0.01740532279442962,222.9823913245921,3.8814724642916976,1.2007517853203863e-15
277.54360551350777,222.5164132662697,0.01747592420907967,222.48243499280713,3.888482037591942,1.0697062495900575e-15
278.04360551350777,222.01665630015594,0.017546843632287267,221.9824786318378,3.8954916464098943,1.1669400459109744e-15
278.54360551350777,221.51690042694602,0.017618083216798277,221.48252224145227,3.902501290982612,1.1089800539041216e-15
279.04360551350777,221.0171456540267,0.017689645134826692,220.9825658214163,3.909510971549258,1.048564555141069e-15
279.54360551350777,220.51739198885141,0.01776153157827514,220.48260937149323,3.9165206883511288,1.2320178162222525e-15
280.04360551350777,220.01763943894107,0.01783374475895838,219.98265289144385,3.923530441631678,1.170969385615092e-15
280.54360551350777,219.51788801188482,0.01790628690882986,219.48269638102656,3.930540231636535,1.1924914272160459e-15
281.04360551350777,219.01813771534074,0.017979160280211355,218.98273983999715,3.9375500586135366,1.2144594565283353e-15
281.54360551350777,218.51838855703676,0.018052367146025785,218.48278326810885,3.9445599228127457,9.71837243822711e-16
282.04360551350777,218.01864054477136,0.018125909800033202,217.98282666511238,3.9515698244864814,1.2597749053369967e-15
282.54360551350777,217.51889368641437,0.018199790557070043,217.4828700307557,3.9585797638893405,1.283143700131692e-15
283.04360551350777,217.01914798990788,0.01827401175329168,216.9829133647841,3.965589741278223,1.4003584800177709e-15
283.54360551350777,216.51940346326697,0.01834857574641833,216.4829566669403,3.972599756912362,1.33135893206605e-15
284.04360551350777,216.01966011458063,0.018423484915984376,215.98299993696426,3.979609811053347,1.259354968508104e-15
284.54360551350777,215.51991795201255,0.018498741663591153,215.48304317459304,3.986619903965152,1.381621710509112e-15
285.04360551350777,215.020176983802,0.018574348413163255,214.98308637956097,3.9936300359141614,1.3070117036492406e-15
285.54360551350777,214.52043721826476,0.01865030761120841,214.4831295515996,4.000640207169198,1.126737145986119e-15
286.04360551350777,214.02069866379392,0.018726621727081026,213.98317269043744,4.0076504180015515,1.3567066758044682e-15
286.54360551350777,213.52096132886084,0.018803293253249392,213.4832157958002,4.014660668685006,1.169679679968682e-15
287.04360551350777,213.02122522201608,0.018880324705566675,212.98325886741063,4.0216709594958715,9.751411343458827e-16
287.54360551350777,212.52149035189026,0.018957718623545707,212.4833019049884,4.028681290713006,1.3248785426931039e-15
288.04360551350777,212.02175672719508,0.019035477570637675,211.98334490825022,4.035691662617855,1.1250813089129845e-15
288.54360551350777,211.5220243567242,0.019113604134514746,211.48338787690963,4.042702075494468,1.2612030465437847e-15
289.04360551350777,211.02229324935422,0.019192100927356716,210.9834308106772,4.049712529629545,1.1100531299608916e-15
289.54360551350777,210.52256341404575,0.019270970586141724,210.48347370926018,4.056723025312453,1.2504225702605736e-15
290.04360551350777,210.02283485984427,0.01935021577294112,209.98351657236267,4.063733562835266,1.15307633183561e-15
290.54360551350777,209.52310759588119,0.019429839175218563,209.4835593996855,4.070744142492792,1.2990037215369347e-15
291.04360551350777,209.02338163137495,0.01950984350613336,208.9836021909263,4.077754764582605,1.1979843242497323e-15
291.54360551350777,208.52365697563192,0.019590231504848225,208.48364494577925,4.084765429405081,8.998122236230657e-16
292.04360551350777,208.0239336380476,0.019671005936841426,207.9836876639352,4.091776137263429,9.172721067673147e-16
292.54360551350777,207.52421162810754,0.019752169594223448,207.48373034508157,4.098786888463723,1.0019078641873989e-15
293.04360551350777,207.02449095538853,0.019833725296058244,206.98377298890227,4.105797683314935,8.852510007669618e-16
293.54360551350777,206.52477162955967,0.019915675888689137,206.48381559507774,4.112808522128976,9.025541018528143e-16
294.04360551350777,206.02505366038343,0.019998024246069473,205.98385816328485,4.119819405220721,7.786634029541196e-16
294.54360551350777,205.52533705771688,0.020080773270098086,205.48390069319672,4.126830332908052,9.383137575761807e-16
295.04360551350777,205.02562183151278,0.020163925890959652,204.98394318448294,4.133841305511893,8.095909355980133e-16
295.54360551350777,204.5259079918207,0.02024748506747005,204.4839856368094,4.140852323356239,1.0507269576878814e-15
296.04360551350777,204.02619554878828,0.02033145378742678,203.98402804983803,4.147863386768202,9.184441247622713e-16
296.54360551350777,203.52648451266242,0.02041583506796454,203.4840704232271,4.154874496078045,1.2488837130970573e-15
297.04360551350777,203.02677489379045,0.020500631955916053,202.98411275663105,4.161885651619216,1.273718624553543e-15
297.54360551350777,202.52706670262137,0.02058584752817822,202.48415504970018,4.168896853728395,1.0555272302697533e-15
298.04360551350777,202.02735994970712,0.02067148489208372,201.9841973020809,4.175908102745523,1.2422559933418971e-15
298.54360551350777,201.5276546457039,0.02075754718577811,201.48423951341567,4.182919399013848,1.0137155871306414e-15
299.04360551350777,201.02795080137335,0.020844037578602568,200.98428168334274,4.189930742879965,1.2064222563489042e-15
299.54360551350777,200.52824842758395,0.020930959271482336,200.48432381149618,4.196942134693855,9.669898440655294e-16
300.04360551350777,200.02854753531227,0.021018315497320975,199.98436589750594,4.203953574808923,9.865098800041697e-16
300.54360551350777,199.5288481356444,0.021106109521400563,199.48440794099758,4.21096506358205,1.006474269705077e-15
301.04360551350777,199.0291502397773,0.021194344641787887,198.98444994159246,4.217976601373622,1.1202483046681413e-15
301.54360551350777,198.5294538590201,0.021283024189746782,198.48449189890735,4.224988188547585,1.1430343525046834e-15
302.04360551350777,198.02975900479564,0.021372151530156695,197.9845338125548,4.2319998254714815,1.0691478069126217e-15
302.54360551350777,197.5300656886418,0.021461730061937613,197.48457568214258,4.239011512516498,1.289370101880452e-15
303.04360551350777,197.03037392221302,0.02155176321848142,196.984617507274,4.246023250057512,1.2145822543983824e-15
303.54360551350777,196.53068371728173,0.02164225446808985,196.4846592875478,4.253035038473128,1.2395405830778687e-15
304.04360551350777,196.03099508573987,0.021733207314419144,195.9847010225578,4.260046878145741,1.2650772889653945e-15
304.54360551350777,195.53130803960036,0.021824625296931473,195.4847427118931,4.267058769461565,9.684054755551204e-16
305.04360551350777,195.03162259099875,0.02191651199135334,194.98478435513798,4.274070712810696,1.0982883099820921e-15
305.54360551350777,194.53193875219466,0.022008871010141002,194.48482595187176,4.281082708587148,1.233200003180734e-15
306.04360551350777,194.03225653557348,0.022101706002953116,193.98486750166873,4.288094757188913,1.0299846835757741e-15
306.54360551350777,193.53257595364792,0.022195020657130648,193.48490900409809,4.295106859018007,1.1098961882822905e-15
307.04360551350777,193.03289701905965,0.02228881869818428,192.98495045872394,4.302119014480516,1.133120375298131e-15
307.54360551350777,192.533219744581,0.022383103890289354,192.48499186510512,4.309131223986653,1.0351144468380291e-15
308.04360551350777,192.03354414311664,0.022477880036788564,191.98503322279512,4.316143487950813,1.056887601606196e-15
308.54360551350777,191.53387022770528,0.0225731509807025,191.48507453134212,4.3231558067916165,1.2061393059211933e-15
309.04360551350777,191.0341980115214,0.02266892060524818,190.98511579028877,4.330168180931972,1.2316438307548718e-15
309.54360551350777,190.5345275078771,0.022765192834365757,190.4851569991722,4.337180610799128,1.125361161892967e-15
310.04360551350777,190.03485873022382,0.022861971633253507,189.9851981575239,4.344193096824727,1.0816789466871945e-15
310.54360551350777,189.5351916921542,0.02295926100891128,189.48523926486965,4.3512056394448635,1.0356883665446316e-15
311.04360551350777,189.03552640740395,0.023057065010692546,188.98528032072946,4.358218239100143,9.167793338887936e-16
311.54360551350777,188.53586288985366,0.023155387730865232,188.48532132461733,4.365230896235737,1.0804897510914121e-15
312.04360551350777,188.03620115353084,0.023254233305181463,187.98536227604146,4.372243611301441,1.1037050188772512e-15
312.54360551350777,187.53654121261178,0.023353605913456425,187.48540317450383,4.37925638475174,8.268207639041034e-16
313.04360551350777,187.03688308142353,0.023453509780156475,186.98544401950033,4.386269217045865,9.214707680803806e-16
313.54360551350777,186.53722677444594,0.023553949174996706,186.48548481052057,4.393282108647859,1.0983349604975722e-15
314.04360551350777,186.03757230631373,0.02365492841354812,185.98552554704793,4.400295060026631,9.618767659929484e-16
314.54360551350777,185.53791969181847,0.02375645185785462,185.48556622855915,4.407308071656031,1.0647264736083437e-15
315.04360551350777,185.03826894591074,0.02385852391705993,184.9856068545245,4.414321144014907,1.0879772014366414e-15
315.54360551350777,184.5386200837023,0.02396114904804478,184.48564742440766,4.4213342775871745,1.1973237220103969e-15
316.04360551350777,184.03897312046826,0.024064331756074364,183.98568793766552,4.4283474728618835,1.1362123789559717e-15
316.54360551350777,183.53932807164918,0.024168076595456417,183.48572839374805,4.435360730333283,1.0719034424843022e-15
317.04360551350777,183.03968495285352,0.024272388170210032,182.98576879209844,4.442374050500893,1.1868663294874682e-15
317.54360551350777,182.54004377985976,0.02437727113474547,182.48580913215264,4.449387433869576,1.1198237225599921e-15
318.04360551350777,182.04040456861878,0.024482730194555116,181.98584941333948,4.456400880949603,1.240074550357123e-15
318.54360551350777,181.54076733525622,0.024588770106915864,181.48588963508053,4.463414392256731,1.1701672017775041e-15
319.04360551350777,181.04113209607485,0.0246953956816031,180.9859297967899,4.470427968312276,1.0965992517144545e-15
319.54360551350777,180.54149886755707,0.024802611781616517,180.48596989787418,4.477441609643181,1.223070773492508e-15
320.04360551350777,180.04186766636732,0.024910423323918036,179.9860099377324,4.484455316782104,1.5631596204182975e-15
320.54360551350777,179.5422385093547,0.02501883528018198,179.48604991575579,4.4914690902674845,1.2786798846208395e-15
321.04360551350777,179.04261141355533,0.025127852677557835,178.98608983132763,4.498482930643625,1.634433689853814e-15
321.54360551350777,178.54298639619523,0.02523748059944577,178.48612968382326,4.505496838460774,1.2257200284082792e-15
322.04360551350777,178.04336347469277,0.025347724186285222,177.9861694726099,4.512510814275203,1.4814661869205025e-15
322.54360551350777,177.5437426666614,0.025458588636356763,177.48620919704643,4.519524858649289,1.3403660568427387e-15
323.04360551350777,177.0441239899124,0.025570079206597523,176.9862488564834,4.526538972151602,1.251755821314931e-15
323.54360551350777,176.54450746245774,0.025682201213430452,176.48628845026278,4.533553155356985,1.2194465404034055e-15
324.04360551350777,176.0448931025128,0.025794960033607674,175.98632797771782,4.540567408846642,1.0603323195337234e-15
324.54360551350777,175.54528092849924,0.025908361105068226,175.48636743817315,4.547581733208229,1.2123695125255146e-15
325.04360551350777,175.0456709590481,0.026022409927810464,174.98640683094416,4.554596129035939,1.2403707444833935e-15
325.54360551350777,174.54606321300255,0.026137112064779422,174.48644615533738,4.561610596930596,1.135511882471044e-15
326.04360551350777,174.04645770942113,0.026252473142769458,173.98648541065,4.568625137499741,1.2985830028519595e-15
326.54360551350777,173.54685446758063,0.026368498853342432,173.48652459616972,4.575639751357737,1.5386534386102514e-15
327.04360551350777,173.04725350697942,0.0264851949537618,172.98656371117485,4.582654439125853,1.4314592057416663e-15
327.54360551350777,172.54765484734045,0.026602567267942884,172.48660275493384,4.589669201432366,1.3917538402318855e-15
328.04360551350777,172.04805850861467,0.026720621687419708,171.98664172670536,4.596684038912661,1.2745203135292659e-15
328.54360551350777,171.54846451098425,0.026839364172328663,171.48668062573796,4.6036989522093315,8.441291028750972e-16
329.04360551350777,171.04887287486585,0.026958800752409407,170.98671945127,4.610713941972272,1.0997452078068792e-15
329.54360551350777,170.54928362091422,0.02707893752802334,170.48675820252956,4.617729008858797,1.4474850267247439e-15
330.04360551350777,170.04969677002555,0.027199780671189985,169.98679687873405,4.624744153533735,1.152595699670511e-15
330.54360551350777,169.55011234334103,0.02732133642664166,169.48683547909022,4.631759376669537,1.2643800365302886e-15
331.04360551350777,169.05053036225044,0.027443611112896855,168.98687400279385,4.638774678946392,1.2946287469861071e-15
331.54360551350777,168.55095084839587,0.027566611123352628,168.48691244902966,4.64579006105233,1.2373142701507521e-15
332.04360551350777,168.0513738236754,0.027690342927396486,167.9869508169711,4.652805523683342,1.1765866058227974e-15
332.54360551350777,167.55179931024688,0.027814813071538103,167.48698910578017,4.6598210675434855,1.297680831815199e-15
333.04360551350777,167.05222733053185,0.02794002818056133,166.9870273146071,4.666836693345012,1.1392297927763593e-15
333.54360551350777,166.5526579072194,0.028065994958696897,166.48706544259036,4.673852401808476,1.2641388743689922e-15
334.04360551350777,166.0530910632703,0.028192720190816256,165.9871034888563,4.680868193662866,1.19532313819389e-15
334.54360551350777,165.55352682192085,0.028320210743646986,165.48714145251898,4.687884069645717,1.1224859112327464e-15
335.04360551350777,165.05396520668728,0.028448473567010253,164.98717933268003,4.694900030503239,1.1499970052014742e-15
335.54360551350777,164.55440624136978,0.028577515695080772,164.48721712842823,4.701916076990449,1.3924995268354663e-15
336.04360551350777,164.0548499500569,0.028707344247669735,163.98725483883962,4.708932209871296,1.0975680244765046e-15
336.54360551350777,163.55529635712995,0.028837966431531234,163.4872924629769,4.715948429918793,1.1809533574752335e-15
337.04360551350777,163.05574548726733,0.028969389541692633,162.9873299998896,4.72296473791515,1.2678871078107657e-15
337.54360551350777,162.55619736544918,0.02910162096280946,162.48736744861338,4.729981134651913,1.1222474155686653e-15
338.04360551350777,162.05665201696198,0.029234668170545278,161.98740480817023,4.7369976209301035,1.2713474891380954e-15
338.54360551350777,161.55710946740325,0.02936853873297715,161.48744207756795,4.7440141975603565,9.929056362272765e-16
339.04360551350777,161.05756974268635,0.02950324031202719,160.98747925580003,4.751030865363065,1.0814668057053462e-15
339.54360551350777,160.55803286904535,0.02963878066492079,160.48751634184535,4.75804762516853,7.8262778931145e-16
340.04360551350777,160.05849887303998,0.02977516764567212,159.98755333466784,4.765064477817101,1.0698857977083915e-15
340.54360551350777,159.55896778156077,0.029912409206597487,159.4875902332164,4.772081424159341,1.0970204636254473e-15
341.04360551350777,159.05943962183417,0.030050513399857127,158.98762703642447,4.779098465056167,9.843151863258175e-16
341.54360551350777,158.5599144214278,0.030189488379026134,158.48766374320982,4.786115601379018,9.373358273204735e-16
342.04360551350777,158.06039220825582,0.030329342400695077,157.98770035247426,4.793132834010007,1.1092344934323887e-15
342.54360551350777,157.56087301058437,0.030470083826101054,157.4877368631033,4.8001501638420905,8.343336890254998e-16
343.04360551350777,157.06135685703723,0.030611721122789776,156.98777327396596,4.807167591779231,9.336375155634005e-16
343.54360551350777,156.5618437766013,0.030754262866309435,156.48780958391438,4.814185118736564,1.1174040088892681e-15
344.04360551350777,156.0623337986326,0.030897717741937024,155.98784579178357,4.821202745640576,8.188469636468707e-16
344.54360551350777,155.56282695286197,0.031042094546437863,155.487881896391,4.828220473429274,7.561386624392068e-16
345.04360551350777,155.06332326940114,0.031187402189859072,154.98791789653635,4.835238303052368,8.620867995269773e-16
345.54360551350777,154.56382277874891,0.03133364969735775,154.48795379100127,4.84225623547145,8.846656269889568e-16
346.04360551350777,154.0643255117973,0.03148084621106464,153.9879895785488,4.84927427166018,7.263294110810126e-16
346.54360551350777,153.56483149983796,0.0316290009919841,153.4880252579233,4.8562924126044775,7.454777524830512e-16
347.04360551350777,153.06534077456857,0.03177812342193124,152.98806082784995,4.863310659302707,1.0521441552564066e-15
347.54360551350777,152.5658533680995,0.03192822300550694,152.48809628703432,4.870329012765882,1.0800656479922218e-15
348.04360551350777,152.0663693129606,0.03207930937211184,151.98813163416222,4.877347474017855,9.072190710024891e-16
348.54360551350777,151.56688864210793,0.03223139227799998,151.48816686789905,4.884366044095528,1.1384450476114896e-15
349.04360551350777,151.0674113889309,0.032384481608373136,150.9882019868898,4.891384724049063,9.564216553843559e-16
349.54360551350777,150.56793758725934,0.032538587379516745,150.48823698975818,4.898403514942079,1.091270523421873e-15
350.04360551350777,150.06846727137076,0.0326937197409784,149.98827187510668,4.905422417851876,1.0086459470999709e-15
350.54360551350777,149.56900047599785,0.032849888977789926,149.48830664151578,4.912441433869662,9.78402408835815e-16
351.04360551350777,149.069537236336,0.033007105512733996,148.9883412875438,4.919460564100755,8.27632943616169e-16
351.54360551350777,148.57007758805102,0.03316537990865639,148.4883758117263,4.926479809664832,1.032378256130751e-15
352.04360551350777,148.07062156728705,0.03332472287082497,147.9884102125758,4.933499171696147,1.060616446836808e-15
352.54360551350777,147.5711692106746,0.03348514524933643,147.48844448858114,4.9405186513437735,8.333201365334462e-16
353.04360551350777,147.0717205553388,0.033646658041571985,146.98847863820725,4.947538249771844,7.904032281468959e-16
353.54360551350777,146.5722756389076,0.03380927239470319,146.4885126598944,4.954557968159795,6.091847480728898e-16
354.04360551350777,146.0728344995205,0.033972999608249,145.98854655205804,4.961577807702618,5.565138058043781e-16
354.54360551350777,145.57339717583721,0.0341378511366854,145.48858031308802,4.968597769611114,4.2900002374650053e-16
355.04360551350777,145.0739637070465,0.03430383859210882,144.98861394134826,4.975617855112157,5.144760491326111e-16
355.54360551350777,144.57453413287527,0.03447097374695457,144.48864743517623,4.982638065448953,6.0444862098101e-16
356.04360551350777,144.07510849359792,0.03463926853677176,143.9886807928823,4.989658401881315,1.5536142428589048e-16
356.54360551350777,143.57568683004567,0.034808735063055984,143.4887140127493,4.996678865685941,4.792366702654469e-16
357.04360551350777,143.0762691836163,0.03497938559614117,142.988747093032,5.003699458156688,4.106733102090607e-16
357.54360551350777,142.576855596284,0.03515123257815212,142.48878003195654,5.010720180604868,5.06813052011094e-16
358.04360551350777,142.07744611060937,0.03532428862601909,141.9888128277197,5.017741034359533,6.081452597889408e-16
358.54360551350777,141.57804076974975,0.03549856653455613,141.48884547848843,5.024762020767779,4.468224804910775e-16
359.04360551350777,141.0786396174697,0.03567407927960456,140.9888779823993,5.031783141195044,4.596571524116546e-16
359.54360551350777,140.5792426981517,0.03585084002124336,140.48891033755777,5.038804397025431,5.674895434892425e-16
360.04360551350777,140.07985005680706,0.03602886210706803,139.9889425420377,5.045825789662009,6.812258919808882e-16
360.54360551350777,139.58046173908716,0.03620815907553965,139.4889745938804,5.052847320527149,4.0057496247657153e-16
361.04360551350777,139.08107779129475,0.036388744659405975,138.98900649109433,5.059868991062845,5.15310560752815e-16
361.54360551350777,138.58169826039574,0.03657063278919626,138.48903823165418,5.066890802731061,3.1822944993468813e-16
362.04360551350777,138.08232319403098,0.036753837596791766,137.9890698135002,5.073912757014061,1.0919037473167796e-16
362.54360551350777,137.5829526405285,0.036938373419073814,137.48910123453766,5.080934855414774,5.620372477315099e-16
363.04360551350777,137.08358664891594,0.03712425480165138,136.9891324926358,5.0879570994571415,4.629260788428999e-16
363.54360551350777,136.58422526893318,0.03731149650267025,136.48916358562744,5.0949794906864865,2.3833310523655153e-16
364.04360551350777,136.08486855104533,0.03750011349670585,135.9891945113079,5.102002030669883,2.4543335607679333e-16
364.54360551350777,135.58551654645606,0.037690120978741824,135.4892252674343,5.109024720996545,1.8957929308704025e-16
365.04360551350777,135.08616930712108,0.03788153436823668,134.98925585172495,5.1160475632782045,1.9526937206592478e-16
365.54360551350777,134.586826885762,0.03807436931328069,134.4892862618582,5.1230705591495145,1.3410149797808168e-16
366.04360551350777,134.0874893358805,0.03826864169484547,133.98931649547185,5.130093710268451,1.381568008520701e-16
366.54360551350777,133.58815671177277,0.038464367631128565,133.48934655016214,5.137117018316729,2.847010962840469e-16
367.04360551350777,133.08882906854436,0.03866156348199558,132.98937642348278,5.1441404850002215,2.933760194374272e-16
367.54360551350777,132.58950646212523,0.03886024585352245,132.4894061129443,5.151164112049391,-0.0
368.04360551350777,132.0901889492853,0.03906043160264041,131.98943561601286,5.1581879012197325,2.3372440882853754e-16
368.54360551350777,131.5908765876502,0.039262137841886466,131.4894649301094,5.165211854292221,4.818562858621194e-16
369.04360551350777,131.09156943571747,0.03946538194426207,130.98949405260856,5.17223597307377,3.311767277175423e-16
369.54360551350777,130.5922675528731,0.03967018154820301,130.48952298083788,5.179260259397703,1.707315623777431e-16
370.04360551350777,130.09297099940838,0.039876554562663355,129.98955171207638,5.186284715124227,5.281653580726346e-16
370.54360551350777,129.59367983653738,0.040084519172316646,129.4895802435539,5.193309342140928,5.446982622131974e-16
371.04360551350777,129.09439412641444,0.04029409384287742,128.98960857244973,5.200334142363272,2.8090773535865613e-16
371.54360551350777,128.59511393215246,0.040505297326546306,128.4896366958916,5.207359117735106,4.829500093814982e-16
372.04360551350777,128.0958393178413,0.04071814866758216,127.98966461095443,5.214384270229189,4.982465945023114e-16
372.54360551350777,127.59657034856686,0.040932667208004564,127.48969231465932,5.221409601847728,5.140902136182326e-16
373.04360551350777,127.09730709043039,0.04114887259343037,126.98971980397211,5.22843511462291,2.1220107302814068e-16
373.54360551350777,126.59804961056842,0.041366784779047906,126.48974707580228,5.235460810617473,2.1900271108926919e-16
374.04360551350777,126.09879797717306,0.041586424035732705,125.98977412700164,5.242486691925268,4.521010258153233e-16
374.54360551350777,125.5995522595128,0.041807810956308616,125.48980095436295,5.249512760671842,3.5003162097623706e-16
375.04360551350777,125.10031252795386,0.04203096646195837,124.98982755461863,5.256539019015034,2.4092479256199984e-16
375.54360551350777,124.60107885398195,0.0422559118087878,124.48985392443934,5.263565469145581,3.1096561403700496e-16
376.04360551350777,124.10185131022465,0.04248266859454799,123.98988006043257,5.270592113287745,2.5690883966949167e-16
376.54360551350777,123.60262997047424,0.042711258765519795,123.48990595914115,5.2776189536999425,2.653456786191076e-16
377.04360551350777,123.10341490971118,0.04294170462356537,122.98993161704173,5.284645992675398,2.7409538511331533e-16
377.54360551350777,122.60420620412802,0.04317402883335136,122.48995703054325,5.291673232542809,2.123781743120081e-16
378.04360551350777,122.10500393115403,0.043408254429748765,121.98998219598538,5.298700675667024,4.3887862707936067e-16
378.54360551350777,121.60580816948038,0.0436444048254144,121.49000710963678,5.305728324449739,2.267655700218405e-16
379.04360551350777,121.10661899908588,0.0438825038185593,120.99003176769352,5.31275618133021,3.124907279871041e-16
379.54360551350777,120.60743650126344,0.04412257560090932,120.49005616627731,5.319784248785973,4.037639284159162e-16
380.04360551350777,120.10826075864713,0.04436464476586365,119.99008030143371,5.326812529333601,5.008973163449859e-16
380.54360551350777,119.60909185523997,0.04460873631685688,119.4901041691303,5.333841025529456,3.452688948377454e-16
381.04360551350777,119.10992987644228,0.044854875675930585,118.99012776525481,5.340869739970469,5.355614268533787e-16
381.54360551350777,118.61077490908092,0.045103088692520645,118.49015108561318,5.34789867529494,2.7694972886972216e-16
382.04360551350777,118.11162704143914,0.04535340165246655,117.99017412592755,5.354927834183348,5.729466396154864e-16
382.54360551350777,117.61248636328719,0.04560584128724934,117.49019688183425,5.3619572193591925,5.927335624038624e-16
383.04360551350777,117.11335296591378,0.045860434783464896,116.99021934888167,5.368986833589841,4.0886151547074853e-16
383.54360551350777,116.61422694215825,0.046117209792539686,116.49024152252801,5.376016679687413,4.2310423488393863e-16
384.04360551350777,116.11510838644365,0.04637619444069611,115.99026339813926,5.38304676050966,2.1895366453519282e-16
384.54360551350777,115.61599739481056,0.04663741733917506,115.49028497098665,5.3900770789608945,4.532953928941385e-16
385.04360551350777,115.1168940649519,0.046900907594723436,114.99030623624442,5.3971076379929235,2.3464710668602187e-16
385.54360551350777,114.61779849624853,0.0471666948203546,114.49032718898744,5.404138440606005,1.2148270824123078e-16
386.04360551350777,114.11871078980587,0.04743480914639012,113.99034782418849,5.411169489849836,3.145210103271953e-16
386.54360551350777,113.61963104849146,0.04770528123179144,113.49036813671592,5.418200788824557,3.2577020132333767e-16
387.04360551350777,113.12055937697339,0.04797814227579036,112.99038812133085,5.425232340681785,2.024843159962813e-16
387.54360551350777,112.6214958817599,0.04825342402982747,112.4904077726844,5.432264148625665,3.496524699383382e-16
388.04360551350777,112.12244067123993,0.04853115880980827,111.99042708531502,5.439296215913952,2.1739652067465069e-16
388.54360551350777,111.62339385572477,0.04881137950868662,111.4904460536454,5.446328545859124,3.7552163215779193e-16
389.04360551350777,111.12435554749086,0.04909411960938605,110.99046467197958,5.453361141829514,1.5570339034051795e-16
389.54360551350777,110.62532586082365,0.04937941319806918,110.49048293449984,5.460394007250463,3.2285037997609977e-16
390.04360551350777,110.12630491206272,0.049667294977766646,109.99050083526353,5.467427145605532,4.184613017130935e-16
390.54360551350777,109.62729281964809,0.04995780028237652,109.49051836819972,5.4744605604377,3.4718476893735213e-16
391.04360551350777,109.12828970416776,0.050250965091046346,108.99053552710586,5.4814942553506265,9.003017313846021e-17
391.54360551350777,108.6292956884066,0.05054682604294983,108.49055230564433,5.488528234009934,-0.0
392.04360551350777,108.13031089739655,0.05084542045247092,107.99056869733876,5.495562500144515,-9.691291472842413e-17
392.54360551350777,107.6313354584682,0.051146786324808444,107.49058469557033,5.50259705754788,-0.0
393.04360551350777,107.13236950130378,0.05145096237201492,106.990600293574,5.509631910079542,1.0439299789967233e-16
393.54360551350777,106.6334131579917,0.05175798802948366,106.4906154844345,5.516667061666428,2.167499432506245e-16
394.04360551350777,106.13446656308247,0.05206790347289886,105.99063026108225,5.523702516304328,-0.0
394.54360551350777,105.63552985364633,0.052380749635663866,105.49064461628915,5.530738278059383,-0.0
395.04360551350777,105.13660316933242,0.05269656822682348,104.99065854266424,5.53777435106961,-6.069199758802785e-17
395.54360551350777,104.63768665242966,0.05301540174949659,104.49067203264924,5.544810739546467,1.891555508621875e-16
396.04360551350777,104.13878044792934,0.05333729351983619,103.99068507851388,5.5518474477764554,1.9654614124386258e-16
396.54360551350777,103.63988470358949,0.05366228768653446,103.49069767235108,5.558884480122763,-0.0
397.04360551350777,103.14099957000114,0.05399042925089124,102.99070980607209,5.565921841026955,2.1232224398752122e-16
397.54360551350777,102.64212520065645,0.054321764087464953,102.49072147140134,5.5729595350107015,7.358026104823964e-17
398.04360551350777,102.14326175201882,0.05465633896532572,101.99073265987113,5.5799975666775525,1.5302433960527715e-16
398.54360551350777,101.64440938359502,0.05499420156993128,101.4907433628162,5.587035940714764,2.3872828394044606e-16
399.04360551350777,101.14556825800953,0.05533540052564705,100.99075357136815,5.594074661895162,3.311146800240052e-16
399.54360551350777,100.64673854108094,0.05567998541893251,100.49076327644953,5.6011137350790605,2.5838069612417737e-16
400.04360551350777,100.14792040190062,0.056028006822217084,99.99077246876783,5.608153165216235,3.585126976042564e-16
400.54360551350777,99.64911401291384,0.056379516318489364,99.4907811388093,5.6151929573479356,1.8658061091078807e-16
401.04360551350777,99.1503195500032,0.05673456652662475,98.99078927683249,5.622233116608968,1.9424308091335335e-16
401.54360551350777,98.65153719257457,0.05709321112747743,98.49079687286151,5.629273648229815,2.0226119080829024e-16
402.04360551350777,98.15276712364565,0.05745550489076367,97.99080391667928,5.6363145575388245,1.0532668273782793e-16
402.54360551350777,97.65400952993723,0.05782150370276456,97.49081039782028,5.643355849964452,1.0971954232761679e-16
403.04360551350777,97.15526460196715,0.05819126459487741,96.99081630556316,5.650397531037565,-1.1431947456767417e-16
403.54360551350777,96.65653253414722,0.05856484577304629,96.49082162892316,5.657439606393804,1.191373757309299e-16
404.04360551350777,96.15781352488307,0.05894230664810331,95.99082635664422,5.664482081776016,1.8627716362600234e-16
404.54360551350777,95.65910777667708,0.0593237078670537,95.4908304771907,5.671524963036746,4.531585751331889e-16
405.04360551350777,95.1604154962345,0.05970911134533912,94.9908339787389,5.678568256140797,4.725616193560331e-16
405.54360551350777,94.66173689457298,0.06009858030011482,94.49083684916839,5.685611967167862,2.112444617696779e-16
406.04360551350777,94.16307218713536,0.06049217928457817,93.99083907605271,5.692656102315228,3.6731120777893113e-16
406.54360551350777,93.66442159390617,0.06088997422338726,93.49084064665014,5.6997006679005535,3.0663498938993916e-16
407.04360551350777,93.16578533953175,0.06129203244921025,92.99084154789375,5.706745670364714,8.001248089760012e-17
407.54360551350777,92.66716365344422,0.06169842274044759,92.49084176638135,5.713791116274741,8.353207674640657e-17
408.04360551350777,92.1685567699894,0.0621092153601713,91.99084128836495,5.720837012326827,1.744533871537867e-16
408.54360551350777,91.66996492855887,0.06252448209632717,91.49084009973986,5.727883365349426,2.7331814728151497e-16
409.04360551350777,91.1713883737263,0.06294429630324795,90.99083818603336,5.734930182306426,-0.0
409.54360551350777,90.67282735538824,0.06336873294452747,90.49083553239302,5.7419774703004265,-0.0
410.04360551350777,90.17428212890943,0.06379786863730799,89.99083212357448,5.749025236576089,-1.0395891495003158e-16
410.54360551350777,89.67575295527301,0.06423178169803534,89.49082794392882,5.7560734885236,-1.086869506459172e-16
411.04360551350777,89.17724010123564,0.06467055218973869,88.99082297738946,5.763122233682209,-0.0
411.54360551350777,88.67874383948774,0.06511426197089458,88.4908172074585,5.770171479743884,5.944317397099385e-17
412.04360551350777,88.18026444881916,0.06556299474593731,87.99081061719265,5.777221234557067,-1.2438651710681922e-16
412.54360551350777,87.68180221429041,0.06601683611748052,87.49080318918847,5.7842715061305245,-1.3017441048136672e-16
413.04360551350777,87.18335742740963,0.06647587364031801,86.99079490556709,5.791322302637314,-2.0440025594049526e-16
413.54360551350777,86.68493038631564,0.06694019687727472,86.49078574795848,5.798373632418875,-3.5670423133680486e-16
414.04360551350777,86.18652139596719,0.06740989745698198,85.99077569748479,5.805425503989199,-2.241570507924178e-16
414.54360551350777,85.68813076833877,0.06788506913365484,85.49076473474332,5.8124779260391675,-1.5655616443193493e-16
415.04360551350777,85.18975882262318,0.06836580784895259,84.99075283978866,5.819530907440974,-4.101443054123131e-16
415.54360551350777,84.69140588544113,0.06885221179600741,84.49073999211413,5.8265844572526895,-2.5794866395341274e-16
416.04360551350777,84.19307229105819,0.06934438148571036,83.99072617063257,5.833638584722955,-3.6060985904787894e-16
416.54360551350777,83.69475838160933,0.06984241981534767,83.49071135365614,5.8406932992958085,-9.455071663053662e-17
417.04360551350777,83.19646450733151,0.07034643213968499,82.99069551887558,5.8477486106156515,-1.9838330524037837e-16
417.54360551350777,82.69819102680445,0.0708565263446018,82.49067864333834,5.854804528532354,-3.1227069253804495e-16
418.04360551350777,82.19993830720003,0.07137281292338316,81.99066070342602,5.86186106310651,-2.1852485805762804e-16
418.54360551350777,81.70170672454076,0.07189540505578108,81.49064167483068,5.868918224614847,-1.720879810844512e-16
419.04360551350777,81.20349666396751,0.07242441868996315,80.99062153253043,5.875976023555773,-1.2049715775164343e-16
419.54360551350777,80.70530852001708,0.07295997262747196,80.4906002507636,5.8830344706551125,-1.8989618909498562e-16
420.04360551350777,80.20714269690991,0.07350218861132496,79.99057780300228,5.890093576871988,-3.991413268268697e-16
420.54360551350777,79.70899960884839,0.07405119141739037,79.49055416192428,5.897153353404865,-3.496711455741519e-16
421.04360551350777,79.2108796803263,0.07460710894918215,78.99052929938429,5.904213811697796,-2.2062816141209278e-16
421.54360551350777,78.71278334644978,0.07517007233622354,78.49050318638344,5.911274963446817,-2.3208554310902345e-16
422.04360551350777,78.21471105327034,0.07574021603613666,77.99047579303785,5.918336820606553,-4.070267444709532e-16
422.54360551350777,77.71666325813045,0.07631767794062341,77.49044708854552,5.92539939539699,-4.2843976654363144e-16
423.04360551350777,77.2186404300224,0.07690259948551123,76.99041704115204,5.93246270031046,-4.511272992413327e-16
423.54360551350777,76.72064304996074,0.07749512576504645,76.49038561811459,5.939526748118818,-5.70208933634881e-16
424.04360551350777,76.22267161136917,0.0780954056506272,75.99035278566433,5.94659155188083,-5.006712090877408e-16
424.54360551350777,75.72472662048239,0.07870359191417757,75.49031850896729,5.953657124949764,-5.277163395391799e-16
425.04360551350777,75.22680859676368,0.07931984135637588,74.99028275208326,5.960723480981213,-6.676974463604266e-16
425.54360551350777,74.7289180733388,0.07994431493996026,74.490245477923,5.967790633941119,-4.695029819632643e-16
426.04360551350777,74.23105559744717,0.08057717792834738,73.99020664820335,5.974858598114049,-5.573073256111781e-16
426.54360551350777,73.73322173091086,0.0812186000298119,73.49016622340042,5.98192738811169,-5.228801119885849e-16
427.04360551350777,73.23541705062244,0.08186875554748821,72.99012416270045,5.988997018881588,-6.901287747603176e-16
427.54360551350777,72.73764214905255,0.08252782353546954,72.4900804239485,5.996067505716136,-5.102774846895378e-16
428.04360551350777,72.2398976347779,0.08319598796129483,71.99003496359465,6.003138864261805,-6.162245330690449e-16
428.54360551350777,71.74218413303107,0.0838734378751293,71.48998773663773,6.010211110528641,-4.885460354931321e-16
429.04360551350777,71.24450228627272,0.0845603675859618,70.98993869656631,6.017284260900024,-6.027322107287752e-16
429.54360551350777,70.74685275478761,0.08525697684515962,70.48988779529687,6.024358332142686,-4.554468067865864e-16
430.04360551350777,70.24923621730544,0.0859634710377405,69.98983498310895,6.031433341417004,-4.820038281206857e-16
430.54360551350777,69.75165337164776,0.08668006138174192,69.48978020857729,6.0385093062875885,-3.0618823214166696e-16
431.04360551350777,69.25410493540221,0.08740696513608887,68.98972341850039,6.045586244734122,-2.1620233337195978e-16
431.54360551350777,68.75659164662547,0.08814440581738454,68.48966455782588,6.052664175162519,-1.7181602497728633e-16
432.04360551350777,68.25911426457631,0.08889261342607235,67.9896035695718,6.0597431164163496,-3.6426473871195113e-16
432.54360551350777,67.7616735704804,0.08965182468244356,67.48954039474425,6.066823087788577,-2.5753330313893386e-16
433.04360551350777,67.26427036832814,0.09042228327299265,66.98947497225078,6.073904109033576,-2.0492215160780324e-16
433.54360551350777,66.76690548570768,0.09120424010765152,66.48940723880922,6.08098620037947,-0.0
434.04360551350777,66.2695797746745,0.09199795358846515,65.98933712885224,6.0880693825407475,-0.0
434.54360551350777,65.77229411265967,0.09280368989030463,65.48926457442651,6.095153676731204,1.6357926887814286e-16
435.04360551350777,65.27504940341875,0.09362172325424907,64.98918950508697,6.102239104677164,-0.0
435.54360551350777,64.77784657802349,0.09445233629430587,64.48911184778545,6.10932568863102,9.243515958020269e-17
436.04360551350777,64.28068659589847,0.09529582031817954,63.98903152675338,6.116413451385061,-0.0
436.54360551350777,63.783570445905276,0.09615247566284248,63.4889484633783,6.123502416285598,2.0932552188346875e-16
437.04360551350777,63.286499147476526,0.09702261204570745,62.9888625760738,6.130592607247371,-0.0
437.54360551350777,62.789473751802674,0.0979065489322513,62.4887737801424,6.137684048768252,5.936881819671405e-17
438.04360551350777,62.29249534307424,0.09880461592099214,61.988681987630926,6.144776765944198,-0.0
438.54360551350777,61.79556503978271,0.0997171531467793,61.48858710717804,6.151870784484476,-1.3497463362105778e-16
439.04360551350777,61.298683996083135,0.100644511703416,60.988489043853306,6.1589661307271255,-0.0
439.54360551350777,60.801853403222104,0.10158705408669984,60.4883876989873,6.1660628316546475,7.687427409054129e-17
440.04360551350777,60.305074491034546,0.10254515465903616,59.988282969992184,6.173160914909894,8.211171028353112e-17
440.54360551350777,59.80834852951336,0.10351920013685416,59.48817475017209,6.180260408812136,2.632601579744221e-16
441.04360551350777,59.31167683045603,0.10450959010213606,58.98806292852275,6.187361342373272,9.383421214003838e-17
441.54360551350777,58.8150607491926,0.10551673753945615,58.48794738951953,6.194463745314166,2.007848791576421e-16
442.04360551350777,58.318501686399735,0.10654106940001884,57.98782801289322,6.201567648081019,2.1494002027175518e-16
442.54360551350777,57.82200109000597,0.10758302719428538,57.48770467339269,6.208673081861806,-1.1511294793122152e-16
443.04360551350777,57.325560457193326,0.10864306761488514,56.98757724053352,6.215780078602645,-0.0
443.54360551350777,56.82918133650127,0.10972166319162374,56.487445578331695,6.222888671024085,-3.307552590100317e-16
444.04360551350777,56.3328653300389,0.11081930298052395,55.98730954502134,6.229998892637223,-2.8392994316826653e-16
444.54360551350777,55.836614095812045,0.11193649328896946,55.48716899275536,6.237110777759565,-7.621383078883324e-17
445.04360551350777,55.3404293501722,0.11307375843916607,54.98702376728776,6.244224361530544,-2.4564641842041417e-16
445.54360551350777,54.84431287039481,0.11423164157229031,54.4868737076365,6.251339679926587,-1.7605653801588577e-16
446.04360551350777,54.34826649739483,0.11541070549586373,53.98671864572526,6.258456769775589,-1.893946207494043e-16
446.54360551350777,53.85229213858826,0.1166115335770728,53.486558406002935,6.265575668770695,-1.0193907060033345e-16
447.04360551350777,53.35639177090871,0.11783473068495015,52.9863928050389,6.272696415483184,-1.0980861493117017e-16
447.54360551350777,52.8605674439889,0.11908092418454531,52.48622165109253,6.279819049374314,-1.7755031557311463e-16
448.04360551350777,52.36482128351771,0.12035076498644265,51.986044743654965,6.28694361080591,-2.55362693181698e-16
448.54360551350777,51.869155494784025,0.1216449286552325,51.48586187296114,6.294070141049458,-2.06740266909578e-16
449.04360551350777,51.3735723664196,0.12296411658081123,50.985672819469734,6.301198682293464,-2.233295987246182e-16
449.54360551350777,50.8780742743541,0.1243090572166773,50.48547735330876,6.308329277648766,-4.828567051498981e-16
450.04360551350777,50.38266368599628,0.12568050738970798,49.98527523368404,6.315461971151482,-2.611903410209357e-16
450.54360551350777,49.887343164656585,0.12707925368624465,49.48506620824782,6.322596807763209,-2.82786755539342e-16
451.04360551350777,49.39211537422742,0.1285061139196885,48.98485001242434,6.329733833368059,-3.064083258246152e-16
451.54360551350777,48.89698308413867,0.12996193868521508,48.48462636868901,6.3368730947660366,-3.322677720780162e-16
452.04360551350777,48.40194917460747,0.13144761300765767,47.984394985797586,6.34401463966224,-2.4040172896199656e-16
452.54360551350777,47.90701664220273,0.13296405808909117,47.484155557961195,6.351158516651267,-1.9583912130596231e-16
453.04360551350777,47.41218860574638,0.13451223316317257,46.983907763963025,6.358304775196123,-7.096529077847083e-17
453.54360551350777,46.91746831257538,0.1360931374638662,46.4836512662117,6.365453465600873,1.5442527589345325e-16
454.04360551350777,46.422859145190195,0.13770781231680596,45.983385709726385,6.372604638976135,3.363357623803715e-16
454.54360551350777,45.9283646283177,0.13935734336222882,45.48311072104767,6.379758347196456,9.16490284936207e-17
455.04360551350777,45.43398843641883,0.1410428629191588,44.982825907068225,6.386914642848396,-9.998640114745526e-17
455.54360551350777,44.93973440167368,0.14276555250133616,44.48253085377627,6.3940735791680785,2.1836882416828948e-16
456.04360551350777,44.4456065224797,0.14452664549627928,43.982225124904396,6.401235209966779,1.193426298983392e-16
456.54360551350777,43.95160897250149,0.14632743001984425,43.48190826047564,6.408399589542873,1.3057340470865695e-16
457.04360551350777,43.45774611031423,0.1481692519597206,42.98157977523768,6.415566772578343,2.860073474028636e-16
457.54360551350777,42.96402248968627,0.15005351822247867,42.48123915697528,6.422736814017723,2.3516556810317266e-16
458.04360551350777,42.47044287055045,0.1519817002000776,41.980885864690194,6.429909768927115,4.301405235459479e-16
458.54360551350777,41.97701223071823,0.15395533747316567,41.48051932663646,6.437085692330577,6.61590044051185e-16
459.04360551350777,41.48373577839544,0.15597604177007007,40.98013893819776,6.4442646390208145,8.3158106744017555e-16
459.54360551350777,40.99061896556386,0.15804550120209748,40.4797440595925,6.451446663340712,8.01161782454823e-16
460.04360551350777,40.49766750229876,0.16016548479766857,39.979334013390314,6.458631818931722,1.0092872238782e-15
460.54360551350777,40.00488737209897,0.16233784735990828,39.47890808182231,6.4658201584446315,1.1834580166997553e-15
461.04360551350777,39.51228484831329,0.16456453467463167,38.97846550386515,6.473011733207536,1.5383725104874154e-15
461.54360551350777,39.01986651175494,0.16684758909822917,38.47800547207743,6.480206592845207,1.361475497457158e-15
462.04360551350777,38.52763926960459,0.1691891555577926,37.977527129163796,6.487404784843127,1.7907925185107643e-15
462.54360551350777,38.03561037571222,0.17159148799896737,37.47702956424026,6.494606354048599,1.8815799532134203e-15
463.04360551350777,37.54378745241883,0.17405695632050347,36.97651180877044,6.501811342100153,2.089543959554175e-15
463.54360551350777,37.05217851403113,0.17658805383834977,36.47597283213976,6.50901978677528,2.5172533608725214e-15
464.04360551350777,36.5607919920954,0.17918740532643884,35.975411536830364,6.5162317212450205,2.9468540035418894e-15
464.54360551350777,36.06963676263201,0.18185777568609726,35.47482675315544,6.523447173222254,3.366284469984646e-15
465.04360551350777,35.578722175507984,0.18460207930134884,34.974217233506714,6.5306661639885935,3.669798397137205e-15
465.54360551350777,35.088058086144066,0.18742339014332296,34.47358164606353,6.537888707282473,4.404678903870109e-15
466.04360551350777,34.59765488977276,0.19032495269361735,33.97291856790558,6.545114808028455,5.045923572660701e-15
466.54360551350777,34.107523558487216,0.19331019376387953,33.472226477464496,6.55234446088463,5.346438805158063e-15
467.04360551350777,33.61767568134633,0.19638273529716727,32.97150374624146,6.559577648581487,6.1491012777788235e-15
467.54360551350777,33.1281235078304,0.19954640824593917,32.470748629709085,6.5668143400214065,6.841569401186419e-15
468.04360551350777,32.638879994973955,0.20280526763194356,31.96995925730533,6.574054488103084,7.893011464653105e-15
468.54360551350777,32.14995885853872,0.20616360890496657,31.469133621415722,6.581298027229478,8.712035963788602e-15
469.04360551350777,31.661374628630675,0.20962598573054142,30.96826956522675,6.588544870451203,1.0029287500745828e-14
469.54360551350777,31.173142710211096,0.21319722935150417,30.467364769317893,6.595794906189403,1.1368750370858166e-14
470.04360551350777,30.685279449003342,0.2168824696849345,29.9664167368425,6.603047994472909,1.2837825375868946e-14
470.54360551350777,30.197802203355987,0.22068715833479788,29.465422777127547,6.610303962613583,1.452461847765221e-14
471.04360551350777,29.71072942268895,0.22461709372180674,28.96437998749948,6.6175626002308725,1.6561322518755682e-14
471.54360551350777,29.224080733224458,0.22867844855597938,28.463285233116803,6.624823653521333,1.8922790772520496e-14
472.04360551350777,28.73787703178974,0.23287779990448995,27.9621351245599,6.632086818650815,2.1479313079558835e-14
472.54360551350777,28.25214058857487,0.23722216213811684,27.46092599289332,6.639351734125529,2.443304715227657e-14
473.04360551350777,27.766895159839056,0.2417190230744282,26.95965386187561,6.646617971972602,2.7771233765607084e-14
473.54360551350777,27.282166111683605,0.24637638367538442,26.45831441694475,6.653885027530223,3.144433961565393e-14
474.04360551350777,26.79798055615227,0.2512028017019723,25.956902970553415,6.661152307610935,3.578755730305819e-14
474.54360551350777,26.314367501082298,0.2562074397795987,25.4554144233653,6.668419116757887,4.082251837961125e-14
475.04360551350777,25.83135801531537,0.26140011838616733,24.953843220751107,6.67568464126127,4.704468166846657e-14
475.54360551350777,25.348985411090357,0.2667913743410748,24.452183303937886,6.682947930538809,5.383822065928756e-14
476.04360551350777,24.867285445683578,0.27239252544898634,23.950428055066936,6.690207875407819,6.176269493869843e-14
476.54360551350777,24.386296544642,0.2782157420385454,23.44857023530035,6.697463182683797,7.09136715279486e-14
477.04360551350777,23.90606004927625,0.28427412623469295,22.946601914982136,6.70471234542841,8.148808808911998e-14
477.54360551350777,23.426620491449953,0.2905817999157988,22.444514394703017,6.7119536080333395,9.420388357333489e-14
478.04360551350777,22.948025899127778,0.2971540024353402,21.942298115934417,6.7191849251602065,1.0910933832049092e-13
478.54360551350777,22.470328136635295,0.3040071993346805,21.439942559682496,6.726403913353626,1.2633064596184516e-13
479.04360551350777,21.993583284150223,0.31115920344113024,20.937436131361498,6.733607793895494,1.4681309227894173e-13
479.54360551350777,21.51785206159873,0.3186293099367296,20.434766029790744,6.740793325162767,1.7095188982354486e-13
480.04360551350777,21.043200302886472,0.3264384472011484,19.931918097874213,6.7479567223742425,1.991635628446288e-13
480.54360551350777,20.569699487268096,0.33460934548004523,19.42887665211661,6.755093562146671,2.3265135742561994e-13
481.04360551350777,20.097427335670083,0.3431667257116015,18.925624287655946,6.762198668704323,2.7251392502852335e-13
481.54360551350777,19.626468480951,0.3521375111621775,18.422141654937978,6.769265977871021,3.198434908903568e-13
482.04360551350777,19.156915222435362,0.36155106488032146,17.91840720351109,6.77628837408338,3.7582095988196554e-13
482.54360551350777,18.68886837661924,0.3714394563792838,17.414396887666996,6.783257494553243,4.429923531284301e-13
483.04360551350777,18.22243823774801,0.38183776140314085,16.91008382778017,6.790163493317988,5.234701714159552e-13
483.54360551350777,17.75774566404191,0.392784399119958,16.40543792019344,6.796994756175588,6.202903692575503e-13
484.04360551350777,17.294923307728148,0.4043215116131282,15.90042538734797,6.803737555313143,7.366463382113007e-13
484.54360551350777,16.834117009763812,0.4164953910998739,15.395008258556869,6.810375629683368,8.772758139141031e-13
485.04360551350777,16.37548738323448,0.4293569608767062,14.88914377037589,6.816889673711057,1.0474457423921957e-12
485.54360551350777,15.919211612915067,0.4429623165462525,14.382783673952249,6.823256712528308,1.2543103238588827e-12
486.04360551350777,15.465485502394706,0.45737333457156787,13.875873435078898,6.829449336399869,1.5067218510831675e-12
486.54360551350777,15.014525804485642,0.4726583555604782,13.368351311036857,6.835434760003517,1.8155491295042214e-12
487.04360551350777,14.566572875307804,0.4888929497943589,12.860147286828177,6.8411736633957,2.194723827747648e-12
487.54360551350777,14.121893697355285,0.5061607722210202,12.351181852347159,6.846618760355591,2.6626437067636e-12
488.04360551350777,13.68078532180376,0.5245545131935592,11.84136460182374,6.851713025802884,3.241945861634522e-12
488.54360551350777,13.243578784963931,0.5441769493156369,11.330592638150755,6.856387496475871,3.964029396826067e-12
489.04360551350777,12.810643557573227,0.5651420953646563,10.818748768470574,6.860558537313772,4.869786673892969e-12
489.54360551350777,12.382392587696915,0.5875764527290314,10.305699485140535,6.864124439273051,6.014015337204388e-12
490.04360551350777,11.959287997109865,0.6116203411765004,9.791292740126444,6.866961181990421,7.472292990066083e-12
490.54360551350777,11.541847485299279,0.6374292877948847,9.275355544187871,6.868917156496547,9.350133255259116e-12
491.04360551350777,11.130651482029311,0.6651754279269027,8.757691459458476,6.869806599557907,1.179684461942496e-11
491.54360551350777,10.726351065079951,0.6950488456843115,8.238078111469356,6.869401444134072,1.5027887020287325e-11
492.04360551350777,10.329676619377414,0.7272587434961318,7.7162649327034085,6.867421244487925,1.93570822694487e-11
492.54360551350777,9.941447150848024,0.7620342780331519,7.191971475067556,6.8635207987532825,2.5246644563591757e-11
493.04360551350777,9.562580074988409,0.7996248305881801,6.664886805761339,6.85727508249113,3.3376354718534065e-11
493.54360551350777,9.19410116715382,0.8402993910867307,6.134670742661536,6.84816115106762,4.4738702562758764e-11
494.04360551350777,8.837154179490964,0.8843446260048384,5.600958000500968,6.835536809111544,6.075547547582587e-11
494.54360551350777,8.49300939078934,0.9320610759014403,5.063366704905678,6.8186161443278595,8.338728133814069e-11
495.04360551350777,8.163070058700088,0.9837568009771326,4.521513158790796,6.796442564910524,1.1516875514222647e-10
495.54360551350777,7.848875399369801,1.0397376900732416,3.9750351374786312,6.767860865195345,1.5901209534691518e-10
496.04360551350777,7.55209835907003,1.1002936171926465,3.4236261903654155,6.73149116717182,2.1749063196728035e-10
496.54360551350777,7.274536128292219,1.1656797423807164,2.8670831765366622,6.6857093820064595,2.911772299631373e-10
497.04360551350777,7.018091182100074,1.2360926062170268,2.305368183329324,6.628640990396422,3.7556753927325036e-10
497.54360551350777,6.78474074973099,1.3116413611448374,1.7386836329445836,6.558177053540936,4.564819552869435e-10
498.0314384422736,6.5812470799158325,1.3902925329152438,1.1814997319424536,6.474324019565331,4.964224230997432e-10
498.49451517315975,6.411864316774606,1.4693331369730387,0.6494525380783409,6.378888258741572,4.760512770340165e-10
498.93612707545486,6.273320944605113,1.5484420234953937,0.14022403973681835,6.271753573977622,4.031837214931019e-10
499.3590235272957,6.1628190968991134,1.6272852619361324,-0.34794597008485956,6.152988934087734,2.9013433312178497e-10
499.76467750513854,6.0780861339416985,1.7053623620327512,-0.8154377502784086,6.02313807969195,1.5364572650279862e-10
500.15309311281817,6.01711661448458,1.781944835222108,-1.2610855852388771,5.883481579728885,1.3813985588713804e-11
500.52255440735286,5.977867172250091,1.8560185224656844,-1.6819965333777758,5.736356299147609,-1.0928547932716205e-10
500.86920852550884,5.957917513099837,1.9262119163304883,-2.073236203392515,5.5855593039412215,-2.0069599596549042e-10
501.1402131702305,5.953790691070201,1.9813010590126525,-2.3759922161661957,5.459146873073834,-2.2192074966004014e-10
501.4110678653618,5.9597431239535466,2.0363426945171628,-2.675394780363428,5.325485975262324,-2.426183982523371e-10
501.69004725252216,5.976381064525132,2.0928202502819397,-2.9800358713922783,5.180397362522474,-2.6586700112382175e-10
502.00351318142583,6.0077094052595355,2.155773297766265,-3.3173380764298237,5.008776336063805,-3.0755868135084367e-10
502.3427029267971,6.056483709314427,2.2229878949320634,-3.6758593736796525,4.813424226693765,-3.635162566194319e-10
502.7024796887022,6.12479720995457,2.2929107634705215,-4.048324620936186,4.596107986828548,-4.258167760511301e-10
503.0798215909139,6.214304357203698,2.364371490890422,-4.429960633437695,4.358099061535105,-4.866870031830575e-10
503.47326684512853,6.326443823433246,2.4364883166276083,-4.817864915853942,4.100252321948048,-5.415283597345754e-10
503.88265287375225,6.4626629173663455,2.508619574936271,-5.210666521268332,3.8229525745993045,-5.899430861191453e-10
504.30893805148247,6.624621263027076,2.580319010678525,-5.608257840996306,3.52605315720763,-6.35102051968355e-10
504.7540688958417,6.814365360942157,2.6512906425914253,-6.011569640014315,3.2088324567771505,-6.824479036509004e-10
505.2209047964162,7.03448427459324,2.7213481302088405,-6.4224082128401,2.869955009602695,-7.384842633728688e-10
505.71321559975183,7.288267153494436,2.7903822725418035,-6.843369373020416,2.5074157463635838,-8.099304798775795e-10
506.21321559975183,7.5668598113180146,2.85551540957477,-7.259329164966403,2.135300325202028,-8.785959006713188e-10
506.71321559975183,7.864572387514191,2.915830227960492,-7.664998810342246,1.7604806377528277,-9.349780745557536e-10
507.21321559975183,8.179613689358034,2.9715842040420144,-8.061690958273328,1.3839143761184813,-9.790432814583212e-10
507.71321559975183,8.51031746593533,3.023068443762421,-8.45061099121938,1.006318660309024,-1.011971247715967e-09
508.21321559975183,8.855151468637294,3.070589245233798,-8.832839292658614,0.6282177668414942,-1.0356144353985645e-09
508.71321559975183,9.212719365006185,3.1144544869924045,-9.209327081033301,0.24998562539996694,-1.0519851209746444e-09
509.21321559975183,9.581757541915767,3.1549641280573977,-9.580900963139614,-0.12811840839667024,-1.0629325488109289e-09
509.71321559975183,9.961128515472343,3.1924040027024136,-9.948272494868947,-0.5059206158975973,-1.0699911179285774e-09
510.21321559975183,10.349812304164915,3.227042129393805,-10.31205012802702,-0.883310188156686,-1.0743528728699214e-09
510.71321559975183,10.746896779283116,3.259126858545871,-10.672751822482516,-1.2602217742373532,-1.0768988632150961e-09
511.21321559975183,11.151567712657068,3.2888863114106277,-11.030817278938422,-1.6366223170448169,-1.0782575478061433e-09
511.71321559975183,11.563099006131884,3.316528686406627,-11.38661922065629,-2.0125012669285245,-1.0788632851092794e-09
512.2132155997518,11.980843407841562,3.3422431171159914,-11.74047346415309,-2.3878633965823366,-1.079009553756622e-09
512.7132155997518,12.40422388962259,3.366200854041596,-12.09264771234508,-2.762723585340944,-1.0788890924507863e-09
513.2132155997518,12.832725768345163,3.388556610528989,-12.443369115436475,-3.137103074900734,-1.078626442210457e-09
513.7132155997518,13.265889592388449,3.4094499645748946,-12.792830703048548,-3.511026812853838,-1.0782992081059287e-09
514.2132155997518,13.703304775057765,3.4290067457438105,-13.141196815691563,-3.884521593372711,-1.0779541110309825e-09
514.7132155997518,14.144603933091533,3.447340363168418,-13.488607668337398,-4.257614777513108,-1.0776191381611998e-09
515.2132155997518,14.589457875668652,3.4645530492710197,-13.835183172465529,-4.630333431863922,-1.0773078803411336e-09
515.7132155997518,15.037571183900072,3.4807370065582774,-14.181026131131839,-5.002703766866248,-1.0770271469691313e-09
516.2132155997518,15.488678320080513,3.495975453274933,-14.526224907726482,-5.374750787997417,-1.07677898144826e-09
516.7132155997518,15.9425402081694,3.5103435691071567,-14.87085565507814,-5.746498096661001,-1.07656247836463e-09
517.2132155997518,16.398941230819,3.523909345425325,-15.214984178452882,-6.117967795051214,-1.0763752168931474e-09
517.7132155997518,16.857686592940773,3.5367343464166616,-15.55866749425844,-6.489180462039939,-1.0762146593821267e-09
518.2132155997518,17.318600006758835,3.548874388355762,-15.901955136047834,-6.860155176468607,-1.076077442212024e-09
518.7132155997518,17.7815216582055,3.5603801445299155,-16.244890250689384,-7.230909571021352,-1.0759606233910552e-09
519.2132155997518,18.246306419169468,3.571297683208331,-16.587510520212433,-7.601459904785842,-1.0758612581394138e-09
519.7132155997518,18.71282227440565,3.5816689456787167,-16.929848938690863,-7.971821146174827,-1.0757771220230188e-09
520.2132155997518,19.180948935809518,3.591532170878233,-17.271934468422643,-8.342007060452904,-1.0757053213088947e-09
520.7132155997518,19.650576620239697,3.6009222725894454,-17.613792595444384,-8.71203029796038,-1.075644787448261e-09
521.2132155997518,20.121604970153026,3.60987117460116,-17.95544580094149,-9.081902480446457,-1.0755931129756187e-09
521.7132155997518,20.593942099023607,3.618408108677385,-18.296913962251885,-9.4516342838627,-1.0755493879339678e-09
522.2132155997518,21.067503745883712,3.6265598796518166,-18.638214694806965,-9.821235516629566,-1.0755121290777796e-09
522.7132155997518,21.54221252538488,3.6343511014790653,-18.979363644417774,-10.190715192850895,-1.0754803784540217e-09
523.2132155997518,22.017997261566702,3.641804407631161,-19.320374737722215,-10.560081600269193,-1.0754533544506094e-09
523.7132155997518,22.494792395071315,3.648940638829183,-19.661260397298097,-10.929342362969315,-1.0754304313624355e-09
524.2132155997518,22.972537454883618,3.6557790107437023,-20.002031726866708,-11.298504498978984,-1.0754107327298288e-09
524.7132155997518,23.451176586837875,3.662337263981459,-20.34269867111985,-11.66757447300301,-1.0753937837724985e-09
525.2132155997518,23.930658132134912,3.6686317983961243,-20.68327015396645,-12.036558244579531,-1.0753794080356422e-09
525.7132155997518,24.41093424998173,3.6746777935146717,-21.02375419838435,-12.405461311972543,-1.0753669920197126e-09
526.2132155997518,24.891960579215695,3.6804893166543664,-21.36415803055691,-12.774288752123098,-1.0753562488622808e-09
526.7132155997518,25.37369593442488,3.6860794201154197,-21.704488170553017,-13.143045256978068,-1.0753472090322398e-09
527.2132155997518,25.856102032638223,3.6914602286678435,-22.044750511458655,-13.511735166504034,-1.0753394074058187e-09
527.7132155997518,26.339143247146563,3.6966430184052355,-22.3849503885758,-13.880362498678002,-1.0753325785249576e-09
528.2132155997518,26.822786385438224,3.7016382879105523,-22.72509264005957,-14.248930976728056,-1.0753264493794844e-09
528.7132155997518,27.30700048859987,3.706455822567174,-23.065181660159688,-14.61744405387709,-1.0753214491205503e-09
529.2132155997518,27.791756649852516,3.71110475275071,-23.405221446059823,-14.98590493582296,-1.075316893064532e-09
529.7132155997518,28.27702785017031,3.7155936065512756,-23.74521563916384,-15.354316601168428,-1.0753132297184625e-09
530.2132155997518,28.762788809171777,3.7199303576008695,-24.085167561555195,-15.722681819995804,-1.0753099191513132e-09
530.7132155997518,29.249015849684532,3.7241224685146004,-24.425080248252737,-16.09100317076319,-1.0753070060294466e-09
531.2132155997518,29.735686774568943,3.728176930396704,-24.764956475798424,-16.459283055682707,-1.0753042205699717e-09
531.7132155997518,30.22278075454787,3.732100298811525,-25.10479878763824,-16.82752371472602,-1.0753022773156263e-09
532.2132155997518,30.710278225931017,3.735898726574985,-25.44460951669424,-17.195727238388194,-1.0753000651199697e-09
532.7132155997518,31.198160797246615,3.739577993682787,-25.78439080547195,-17.563895579328328,-1.0752983037473386e-09
533.2132155997518,31.686411163902235,3.743143534656991,-26.124144624001136,-17.932030562993717,-1.0752968480452269e-09
533.7132155997518,32.1750130300925,3.746600463562077,-26.4638727858688,-18.30013389732367,-1.0752955486939153e-09
534.2132155997518,32.66395103725592,3.749953596914681,-26.80357696256924,-18.66820718161976,-1.075294180429835e-09
534.7132155997518,33.15321069845776,3.753207474687363,-27.14325869636718,-19.036251914660664,-1.075293018218514e-09
535.2132155997518,33.64277833814165,3.75636637958571,-27.48291941184509,-19.40426950213178,-1.0752923015892135e-09
535.7132155997518,34.13264103675085,3.7594343547594056,-27.822560426283978,-19.77226126343329,-1.0752914656319246e-09
536.2132155997518,34.62278657977177,3.7624152200913543,-28.162182959008646,-20.140228437923618,-1.075290475921345e-09
536.7132155997518,35.11320341079822,3.765312587194246,-28.50178813981227,-20.508172190649958,-1.0752899089478514e-09
537.2132155997518,35.603880588255116,3.768129873230892,-28.841377016561015,-20.87609361761236,-1.075289511100567e-09
537.7132155997518,36.094807745456926,3.770870313663038,-29.180950562067512,-21.24399375060323,-1.0752890643730376e-09
538.2132155997518,36.5859750537081,3.773536974022997,-29.520509680311427,-21.611873561660275,-1.075288801625678e-09
538.7132155997518,37.07737318818137,3.776132760793221,-29.860055212076066,-21.97973396716711,-1.0752882897119343e-09
539.2132155997518,37.56899329633551,3.778660431470672,-30.199587940062074,-22.34757583163239,-1.075287953034772e-09
539.7132155997518,38.06082696865688,3.7811226038854815,-30.539108593532298,-22.715399971175525,-1.0752877452488965e-09
540.2132155997518,38.55286621152967,3.783521764836792,-30.87861785253561,-23.083207156744386,-1.0752873405354136e-09
540.7132155997518,39.04510342205798,3.785860278102762,-31.218116351752276,-23.450998117087913,-1.0752870669169567e-09
541.2132155997518,39.53753136467936,3.788140391876407,-31.557604683998623,-23.818773541504445,-1.0752870294441319e-09
541.7132155997518,40.0301431494241,3.790364245674195,-31.89708340342469,-24.186534082384647,-1.0752866846182976e-09
542.2132155997518,40.52293221168794,3.792533876760032,-32.236553028434834,-24.554280357566267,-1.0752867077616842e-09
542.7132155997518,41.01589229339767,3.794651226123421,-32.57601404435802,-24.922012952516244,-1.075286467847683e-09
543.2132155997518,41.509017425459966,3.7967181440471136,-32.91546690589184,-25.289732422354295,-1.0752863191676703e-09
543.7132155997518,42.00230191139332,3.7987363952964395,-33.254912039341534,-25.657439293731017,-1.0752860434910499e-09
544.2132155997518,42.49574031205184,3.800707663959681,-33.59434984467327,-26.02513406657206,-1.0752859891248686e-09
544.7132155997518,42.98932743135754,3.802633557966311,-33.93378069739884,-26.39281721569927,-1.0752857371410307e-09
545.2132155997518,43.483058302964714,3.8045156133075975,-34.273204950307324,-26.760489192338362,-1.0752857865085233e-09
545.7132155997518,43.97692817778687,3.806355297982001,-34.61262293505743,-27.128150425522204,-1.0752857262416026e-09
546.2132155997518,44.470932512322015,3.8081540156858917,-34.95203496364318,-27.495801323397796,-1.0752857169398375e-09
546.7132155997518,44.96506695771794,3.8099131092684,-35.29144132974409,-27.86344227444427,-1.0752857935006072e-09
547.2132155997518,45.45932734952353,3.811633863967652,-35.630842309970134,-28.2310736486089,-1.0752858312374868e-09
547.7132155997518,45.95370969807689,3.813317510444237,-35.97023816501055,-28.598695798367185,-1.0752855964691702e-09
548.2132155997518,46.44821017948478,3.8149652276264545,-36.309629140694724,-28.966309059712916,-1.0752855076711989e-09
548.7132155997518,46.94282512715164,3.8165781453807193,-36.64901546897294,-29.333913753083166,-1.0752855050165976e-09
549.2132155997518,47.43755102381979,3.8181573470194463,-36.98839736882344,-29.70151018422332,-1.075285339100397e-09
549.7132155997518,47.9323844940854,3.819703871657744,-37.32777504709221,-30.069098644996302,-1.0752852523239013e-09
550.2132155997518,48.42732229735747,3.821218716429375,-37.66714869927096,-30.436679414140205,-1.075285489438747e-09
550.7132155997518,48.92236132122989,3.822702838571622,-38.006518510218434,-30.804252757977984,-1.0752853698975429e-09
551.2132155997518,49.41749857523853,3.824157157387953,-38.34588465482964,-31.171818931082655,-1.0752854138968557e-09
551.7132155997518,49.912731184977766,3.8255825560967094,-38.685247298657224,-31.539378176901103,-1.0752852034140375e-09
552.2132155997518,50.408056386552666,3.8269798835734132,-39.02460659848879,-31.906930728339546,-1.0752851925457476e-09
552.7132155997518,50.90347152134478,3.8283499559937186,-39.36396270288369,-32.2744768083131,-1.0752851010302262e-09
553.2132155997518,51.39897403107114,3.8296935583835188,-39.70331575267245,-32.64201663026225,-1.0752853595941061e-09
553.7132155997518,51.89456145311765,3.8310114460822295,-40.04266588142175,-33.00955039863807,-1.0752852690668507e-09
554.2132155997518,52.39023141612927,3.832304346124841,-40.38201321586762,-33.377078309358815,-1.0752852136687928e-09
554.7132155997518,52.8859816358407,3.833572958547914,-40.72135787631925,-33.744600550239326,-1.0752852567291348e-09
555.2132155997518,53.38180991113267,3.834817957624338,-41.06069997703569,-34.11211730139546,-1.0752854083038117e-09
555.7132155997518,53.87771412029949,3.8360399930313105,-41.40003962657743,-34.479628735625,-1.0752852767378211e-09
556.2132155997518,54.37369221751509,3.837239690955694,-41.739376928134824,-34.84713501876657,-1.0752852744976893e-09
556.7132155997518,54.86974222948529,3.8384176551406117,-42.07871197983493,-35.21463631003816,-1.0752851804839248e-09
557.2132155997518,55.365862252274944,3.839574467876875,-42.41804487502846,-35.58213276235638,-1.0752853231914797e-09
557.7132155997518,55.86205044829957,3.8407106909425828,-42.757375702558264,-35.94962452263787,-1.0752854020085497e-09
558.2132155997518,56.35830504347154,3.8418268664940207,-43.09670454701064,-36.31711173208385,-1.075285164728859e-09
558.7132155997518,56.85462432449173,3.842923517910752,-43.43603148895072,-36.684594526448954,-1.0752853634027869e-09
559.2132155997518,57.35100663627808,3.8440011505976224,-43.77535660514307,-37.05207303629541,-1.075285177601128e-09
559.7132155997518,57.84745037952306,3.8450602527461992,-44.114679968758594,-37.41954738723321,-1.0752853652360203e-09
560.2132155997518,58.343954008372656,3.8461012960580137,-44.45400164956854,-37.787017700147516,-1.0752852594922742e-09
560.7132155997518,58.840516028219845,3.8471247364318066,-44.79332171412667,-38.15448409141375,-1.0752852083757931e-09
561.2132155997518,59.337134993606085,3.848131014616846,-45.13264022594035,-38.52194667310134,-1.0752851831152525e-09
561.7132155997518,59.83380950622471,3.8491205568342424,-45.471957245631266,-38.88940555316665,-1.07528526553721e-09
562.2132155997518,60.33053821302053,3.8500937753680704,-45.81127283108654,-39.256860835635884,-1.0752851418191641e-09
562.7132155997518,60.82731980438029,3.851051069127985,-46.150587037600815,-39.6243126207785,-1.0752852716103628e-09
563.2132155997518,61.32415301240895,3.8519928241849177,-46.489899918009996,-39.99176100527158,-1.0752852595665246e-09
563.7132155997518,61.82103660928717,3.852919414281335,-46.829211522817154,-40.3592060823559,-1.0752852165165639e-09
564.2132155997518,62.31796940570549,3.853831201317456,-47.168521900311106,-40.72664794198409,-1.0752850088762059e-09
564.7132155997518,62.814950249371115,3.8547285358147305,-47.50783109667812,-41.09408667096121,-1.0752852361173683e-09
565.2132155997518,63.31197802358345,3.855611757357805,-47.84713915610721,-41.46152235307847,-1.075285522320836e-09
565.7132155997518,63.809051645874675,3.8564811950161286,-48.18644612088956,-41.82895506924012,-1.0752852692853554e-09
566.2132155997518,64.30617006671199,3.85733716774628,-48.52575203151218,-42.19638489758425,-1.0752850105544608e-09
566.7132155997518,64.80333226825823,3.858179984776033,-48.86505692674639,-42.5638119135976,-1.0752851660718933e-09
567.2132155997518,65.30053726318793,3.8590099459711134,-49.20436084373142,-42.93123619022479,-1.075285229388293e-09
567.7132155997518,65.79778409355582,3.8598273421855542,-49.543663818053254,-43.29865779797231,-1.0752851589659635e-09
568.2132155997518,66.2950718297152,3.8606324555964875,-49.88296588381926,-43.66607680500759,-1.0752853191275711e-09
568.7132155997518,66.79239956928365,3.8614255600241743,-50.22226707372878,-44.03349327725317,-1.0752850450541326e-09
569.2132155997518,67.28976643615357,3.8622069212380246,-50.5615674191398,-44.400907278476645,-1.07528536175563e-09
569.7132155997518,67.78717157954544,3.862976797249315,-50.900866950132055,-44.76831887037627,-1.075285222377545e-09
570.2132155997518,68.28461417310159,3.8637354385912692,-51.24016569556683,-45.13572811266262,-1.0752852541691727e-09
570.7132155997518,68.78209341401845,3.8644830885871317,-51.57946368314353,-45.50313506313645,-1.0752851750267968e-09
571.2132155997518,69.27960852221553,3.865219983606832,-51.91876093945331,-45.87053977776297,-1.075285352292961e-09
571.7132155997518,69.77715873953917,3.8659463533127982,-52.25805749002981,-46.23794231074289,-1.0752854302157504e-09
572.2132155997518,70.27474332899953,3.8666624208954445,-52.59735335939745,-46.6053427145799,-1.0752852118607524e-09
572.7132155997518,70.77236157403902,3.867368403298845,-52.936648571117004,-46.97274104014553,-1.0752852297599958e-09
573.2132155997518,71.27001277783091,3.8680645114370544,-53.27594314782891,-47.34013733674083,-1.075285447006997e-09
573.7132155997518,71.76769626260649,3.8687509504015307,-53.61523711129451,-47.7075316521554,-1.0752853662503497e-09
574.2132155997518,72.26541136900954,3.8694279196600796,-53.954530482435,-48.074924032723814,-1.0752855044993358e-09
574.7132155997518,72.76315745547682,3.870095613247722,-54.293823281368525,-48.44231452337963,-1.0752853557986698e-09
575.2132155997518,73.26093389764324,3.870754219949863,-54.63311552744542,-48.80970316770687,-1.0752854755998378e-09
575.7132155997518,73.75874008777087,3.871403923478122,-54.97240723928167,-49.1770900079896,-1.0752855489327186e-09
576.2132155997518,74.25657543420029,3.8720449026391606,-55.311698434790756,-49.54447508525893,-1.075285621704641e-09
576.7132155997518,74.75443936082358,3.872677331496837,-55.65098913121389,-49.911858439338474,-1.0752855699665983e-09
577.2132155997518,75.25233130657791,3.8733013795279847,-55.9902793451488,-50.27924010888759,-1.0752858301383972e-09
577.7132155997518,75.75025072495859,3.8739172117721083,-56.32956909257713,-50.64662013144282,-1.0752858549421873e-09
578.2132155997518,76.24819708355099,3.8745249889752738,-56.668858388890484,-51.01399854345777,-1.0752856695062483e-09
578.7132155997518,76.74616986358036,3.875124867728447,-57.008147248915265,-51.38137538034113,-1.0752857039317497e-09
579.2132155997518,77.24416855947871,3.875717000600534,-57.347435686936336,-51.74875067649324,-1.0752858018249716e-09
579.7132155997518,77.74219267846807,3.8763015362663564,-57.68672371671948,-52.116124465341144,-1.075285794777582e-09
580.2132155997518,78.24024174015945,3.8768786196297795,-58.02601135153295,-52.48349677937207,-1.075285678260652e-09
580.7132155997518,78.73831527616667,3.8774483919422162,-58.36529860416782,-52.85086765016586,-1.075285502887002e-09
581.2132155997518,79.23641282973465,3.8780109909166955,-58.70458548695761,-53.218237108425754,-1.0752855849413382e-09
581.7132155997518,79.73453395538121,3.878566550837698,-59.04387201179674,-53.58560518400818,-1.075285396337659e-09
582.2132155997518,80.23267821855224,3.8791152026669296,-59.383158190158476,-53.952971905951216,-1.0752854237875568e-09
582.7132155997518,80.73084519528918,3.8796570741452205,-59.72244403311165,-54.32033730250202,-1.0752854812844018e-09
583.2132155997518,81.22903447190873,3.8801922898906986,-60.061729551337,-54.687701401143094,-1.075285522127419e-09
583.7132155997518,81.72724564469402,3.880720971493407,-60.40101475514256,-55.055064228617596,-1.0752853779280435e-09
584.2132155997518,82.2254783195968,3.8812432376065082,-60.74029965447835,-55.42242581095365,-1.0752853846087137e-09
584.7132155997518,82.72373211195027,3.8817592040342213,-61.0795842589505,-55.78978617348769,-1.075285379635232e-09
585.2132155997518,83.22200664619203,3.882268983816621,-61.41886857783476,-56.15714534088688,-1.0752854015405311e-09
585.7132155997518,83.72030155559683,3.8827726873114377,-61.75815262008928,-56.52450333717077,-1.075285498732432e-09
586.2132155997518,84.21861648201862,3.8832704222729735,-62.09743639436695,-56.891860185732085,-1.0752854502900746e-09
586.7132155997518,84.71695107564153,3.8837622939282546,-62.43671990902721,-57.25921590935669,-1.07528546363089e-09
587.2132155997518,85.21530499473955,3.8842484050505326,-62.776003172147185,-57.62657053024282,-1.0752851315256945e-09
587.7132155997518,85.71367790544438,3.8847288560302413,-63.11528619153252,-57.99392407001969,-1.0752853959821973e-09
588.2132155997518,86.2120694815213,3.8852037449435093,-63.454568974727756,-58.3612765497652,-1.0752852961304802e-09
588.7132155997518,86.71047940415254,3.885673167618329,-63.793851529026014,-58.72862799002328,-1.0752855398418142e-09
589.2132155997518,87.20890736172811,3.8861372176984714,-64.13313386147861,-59.09597841082032,-1.0752856552084387e-09
589.7132155997518,87.70735304964356,3.8865959867052378,-64.47241597890397,-59.463327831681156,-1.0752854337450129e-09
590.2132155997518,88.20581617010451,3.8870495640971328,-64.81169788789637,-59.830676271644464,-1.0752855836119946e-09
590.7132155997518,88.70429643193772,3.887498037327539,-65.15097959483417,-60.198023749277525,-1.0752857117893044e-09
591.2132155997518,89.20279355040839,3.8879414919004716,-65.49026110588784,-60.565370282690544,-1.0752857063335373e-09
591.7132155997518,89.70130724704342,3.8883800114244846,-65.82954242702755,-60.932715889550366,-1.0752853726784863e-09
592.2132155997518,90.19983724946053,3.8888136776648063,-66.16882356403042,-61.30006058709388,-1.0752856616068887e-09
592.7132155997518,90.69838329120289,3.889242570593761,-66.50810452248761,-61.66740439214071,-1.0752859579664965e-09
593.2132155997518,91.19694511157907,3.889666768439551,-66.84738530781098,-62.03474732110563,-1.075285507211572e-09
593.7132155997518,91.69552245550824,3.890086347733458,-67.18666592523961,-62.40208939001052,-1.0752855119021181e-09
594.2132155997518,92.19411507337021,3.8905013833555198,-67.52594637984592,-62.76943061449581,-1.075285474169685e-09
594.7132155997518,92.69272272086035,3.8909119485787445,-67.86522667654161,-63.13677100983169,-1.075285672248049e-09
595.2132155997518,93.19134515884897,3.891318115111915,-68.2045068200834,-63.504110590928846,-1.0752855364227728e-09
595.7132155997518,93.68998215324532,3.891719953141032,-68.54378681507849,-63.87144937234868,-1.0752854749468548e-09
596.2132155997518,94.18863347486567,3.892117531369451,-68.88306666598974,-64.23878736831352,-1.0752856230808375e-09
596.7132155997518,94.68729889930563,3.892510917056758,-69.22234637714092,-64.60612459271621,-1.0752856541679753e-09
597.2132155997518,95.18597820681637,3.8929001760564304,-69.5616259527213,-64.97346105912946,-1.0752855185168488e-09
597.7132155997518,95.68467118218467,3.8932853728523287,-69.90090539679045,-65.34079678081491,-1.0752853640372028e-09
598.2132155997518,96.18337761461669,3.893666570594056,-70.24018471328279,-65.70813177073187,-1.0752854700988475e-09
598.7132155997518,96.68209729762522,3.894043831131233,-70.57946390601172,-66.07546604154568,-1.0752856578667302e-09
599.2132155997518,97.18083002892044,3.894417215046723,-70.91874297867389,-66.4427996056361,-1.0752856959051224e-09
599.7132155997518,97.67957561030393,3.8947867816888415,-71.25802193485316,-66.81013247510491,-1.0752855075576839e-09
600.2132155997518,98.17833384756588,3.895152589202596,-71.59730077802432,-67.17746466178386,-1.0752854345201889e-09
600.7132155997518,98.67710455038542,3.895514694559977,-71.93657951155691,-67.54479617724185,-1.0752855257343483e-09
601.2132155997518,99.17588753223386,3.895873153589343,-72.27585813871876,-67.91212703279217,-1.0752852771845973e-09
601.7132155997518,99.67468261028081,3.896228021003928,-72.61513666267929,-68.2794572394994,-1.0752854868289894e-09
602.2132155997518,100.17348960530315,3.8965793504295028,-72.95441508651285,-68.64678680818618,-1.0752855691525353e-09
602.7132155997518,100.67230834159655,3.8969271944312145,-73.29369341320191,-69.01411574943964,-1.0752852547370972e-09
603.2132155997518,101.17113864688967,3.897271604539641,-73.63297164564005,-69.38144407361769,-1.0752853418730161e-09
603.7132155997518,101.66998035226085,3.8976126312760786,-73.97224978663498,-69.74877179085514,-1.0752852498479814e-09
604.2132155997518,102.16883329205712,3.8979503241770956,-74.3115278389111,-70.11609891106961,-1.0752853160982876e-09
604.7132155997518,102.66769730381567,3.8982847318183707,-74.65080580511265,-70.48342544396716,-1.0752855069631732e-09
605.2132155997518,103.16657222818752,3.898615901837845,-74.99008368780596,-70.85075139904791,-1.0752853947838006e-09
605.7132155997518,103.66545790886329,3.8989438809582087,-75.32936148948212,-71.21807678561134,-1.0752853019594834e-09
606.2132155997518,104.16435419250124,3.899268715008746,-75.66863921255934,-71.58540161276164,-1.0752851659349753e-09
606.7132155997518,104.66326092865721,3.899590448946555,-76.00791685938543,-71.95272588941252,-1.0752850306872462e-09
607.2132155997518,105.16217796971657,3.899909126877168,-76.34719443223993,-72.32004962429224,-1.0752849499232955e-09
607.7132155997518,105.66110517082811,3.900224792074592,-76.68647193333635,-72.68737282594834,-1.0752852596702716e-09
608.2132155997518,106.16004238983975,3.900537487000785,-77.02574936482425,-73.05469550275225,-1.07528516127864e-09
608.7132155997518,106.65898948723598,3.900847253324589,-77.3650267287912,-73.42201766290368,-1.0752854527563698e-09
609.2132155997518,107.15794632607718,3.9011541319401344,-77.70430402726493,-73.78933931443497,-1.0752852598103191e-09
609.7132155997518,107.6569127719404,3.9014581629847385,-78.04358126221496,-74.15666046521535,-1.0752852282774927e-09
610.2132155997518,108.15588869286195,3.901759385856308,-78.38285843555462,-74.52398112295495,-1.075285308090499e-09
610.7132155997518,108.65487395928145,3.9020578392302645,-78.72213554914278,-74.89130129520869,-1.0752853236737154e-09
611.2132155997518,109.1538684439874,3.9023535610760094,-79.06141260478539,-75.25862098938029,-1.0752854322312329e-09
611.7132155997518,109.65287202206432,3.9026465886729396,-79.40068960423729,-75.62594021272582,-1.0752852723816924e-09
612.2132155997518,110.15188457084113,3.90293695862603,-79.73996654920369,-75.99325897235744,-1.0752851275383321e-09
612.7132155997518,110.65090596984113,3.903224706880996,-80.07924344134184,-76.36057727524677,-1.0752851573955884e-09
613.2132155997518,111.14993610073311,3.903509868739052,-80.41852028226224,-76.72789512822851,-1.0752851707173278e-09
613.7132155997518,111.64897484728391,3.9037924788712695,-80.75779707353034,-77.0952125380035,-1.0752848977187822e-09
614.2132155997518,112.14802209531213,3.904072571332561,-81.09707381666773,-77.46252951114212,-1.075284933822546e-09
614.7132155997518,112.64707773264314,3.904350179575289,-81.4363505131535,-77.82984605408743,-1.0752847642544196e-09
615.2132155997518,113.14614164906521,3.9046253364625154,-81.7756271644257,-78.19716217315799,-1.0752848256455077e-09
615.7132155997518,113.64521373628682,3.9048980742809087,-82.11490377188228,-78.56447787455107,-1.075284839005619e-09
616.2132155997518,114.14429388789502,3.905168424753308,-82.45418033688253,-78.93179316434538,-1.0752849848291088e-09
616.7132155997518,114.64338199931495,3.9054364190509623,-82.79345686074814,-79.29910804850385,-1.0752850882519585e-09
617.2132155997518,115.14247796777038,3.905702087805455,-83.13273334476432,-79.6664225328764,-1.0752851941656342e-09
617.7132155997518,115.64158169224517,3.9059654611203176,-83.47200979018095,-80.03373662320253,-1.0752852380676569e-09
618.2132155997518,116.14069307344585,3.906226568582346,-83.81128619821347,-80.40105032511394,-1.0752851084063812e-09
618.7132155997518,116.63981201376507,3.9064854392726276,-84.1505625700441,-80.76836364413697,-1.0752853313171941e-09
619.2132155997518,117.138938417246,3.9067421017772888,-84.4898389068227,-81.13567658569502,-1.0752851688189694e-09
619.7132155997518,117.6380721895476,3.9069965841979672,-84.82911520966776,-81.50298915511091,-1.0752851332149708e-09
620.2132155997518,118.1372132379108,3.907248914162022,-85.16839147966722,-81.87030135760925,-1.075285393799456e-09
620.7132155997518,118.63636147112553,3.9074991188324857,-85.50766771787953,-82.23761319831857,-1.0752853588217759e-09
621.2132155997518,119.13551679949848,3.907747224917767,-85.84694392533434,-82.60492468227355,-1.0752853054137475e-09
621.7132155997518,119.63467913482181,3.907993258681113,-86.18622010303348,-82.97223581441708,-1.075285285108806e-09
622.2132155997518,120.13384839034252,3.9082372459498336,-86.52549625195162,-83.33954659960246,-1.0752853161919555e-09
622.7132155997518,120.6330244807326,3.908479212124301,-86.86477237303716,-83.7068570425952,-1.0752853800292758e-09
623.2132155997518,121.1322073220599,3.908719182186725,-87.20404846721293,-84.07416714807515,-1.0752854184502707e-09
623.7132155997518,121.63139683175976,3.9089571807097125,-87.54332453537698,-84.44147692063822,-1.0752854075011264e-09
624.2132155997518,122.13059292860729,3.909193231864622,-87.88260057840321,-84.80878636479844,-1.075285490379174e-09
624.7132155997518,122.62979553269031,3.909427359429708,-88.22187659714211,-85.17609548498957,-1.0752856601213518e-09
625.2132155997518,123.12900456538297,3.9096595867980755,-88.56115259242138,-85.54340428556696,-1.075285637770238e-09
625.7132155997518,123.62821994932,3.9098899369854356,-88.90042856504662,-85.91071277080925,-1.075285570449035e-09
626.2132155997518,124.12744160837156,3.910118432637679,-89.2397045158019,-86.27802094492,-1.0752856380066944e-09
626.7132155997518,124.6266694676187,3.910345096038267,-89.5789804454505,-86.64532881202933,-1.0752856046085908e-09
627.2132155997518,125.12590345332939,3.910569949115444,-89.91825635473525,-87.0126363761955,-1.0752855369914632e-09
627.7132155997518,125.62514349293514,3.910793013449283,-90.25753224437933,-87.37994364140644,-1.075285751902741e-09
628.2132155997518,126.12438951500816,3.911014310278559,-90.59680811508673,-87.74725061158131,-1.0752856975204297e-09
628.7132155997518,126.62364144923905,3.911233860507465,-90.93608396754273,-88.11455729057184,-1.0752858285362582e-09
629.2132155997518,127.12289922641497,3.911451684712167,-91.27535980241451,-88.48186368216386,-1.0752855940956302e-09
629.7132155997518,127.62216277839845,3.911667803147207,-91.61463562035165,-88.84916979007866,-1.0752856874076674e-09
630.2132155997518,128.1214320381065,3.9118822357517575,-91.95391142198643,-89.21647561797435,-1.0752857629594345e-09
630.7132155997518,128.6207069394904,3.912095002155729,-92.29318720793465,-89.58378116944716,-1.0752857894432574e-09
631.2132155997518,129.11998741751577,3.912306121685736,-92.63246297879576,-89.95108644803277,-1.0752858113692057e-09
631.7132155997518,129.6192734081433,3.9125156133709305,-92.9717387351534,-90.31839145720755,-1.075285478544144e-09
632.2132155997518,130.1185648483097,3.912723495948692,-93.31101447757597,-90.68569620038973,-1.0752855938005954e-09
632.7132155997518,130.6178616759092,3.912929787870198,-93.6502902066169,-91.0530006809407,-1.0752855492188701e-09
633.2132155997518,131.11716382977554,3.9131345073058603,-93.989565922815,-91.42030490216608,-1.075285675826145e-09
633.7132155997518,131.6164712496642,3.9133376721506408,-94.32884162669507,-91.78760886731693,-1.0752854981773058e-09
634.2132155997518,132.11578387623513,3.913539300029246,-94.66811731876808,-92.15491257959086,-1.0752855581594931e-09
634.7132155997518,132.6151016510359,3.9137394083012063,-95.00739299953165,-92.52221604213298,-1.0752856014336533e-09
635.2132155997518,133.11442451648514,3.913938014065839,-95.34666866947033,-92.8895192580372,-1.0752858578379917e-09
635.7132155997518,133.6137524158564,3.9141351341671022,-95.68594432905606,-93.25682223034707,-1.0752857584183705e-09
636.2132155997518,134.1130852932623,3.9143307851983384,-96.02521997874841,-93.62412496205677,-1.0752859774670625e-09
636.7132155997518,134.61242309363914,3.914524983506916,-96.36449561899492,-93.99142745611229,-1.0752858392111586e-09
637.2132155997518,135.11176576273184,3.9147177451987654,-96.70377125023145,-94.35872971541227,-1.075285909947844e-09
637.7132155997518,135.61111324707906,3.9149090861428153,-97.04304687288254,-94.72603174280881,-1.0752856719612598e-09
638.2132155997518,136.1104654939988,3.9150990219753337,-97.38232248736162,-95.09333354110866,-1.0752855712371642e-09
638.7132155997518,136.6098224515742,3.9152875681041723,-97.72159809407125,-95.46063511307386,-1.0752858658213523e-09
639.2132155997518,137.1091840686398,3.9154747397129186,-98.06087369340362,-95.82793646142281,-1.0752858940036861e-09
639.7132155997518,137.60855029476798,3.915660551764958,-98.40014928574057,-96.19523758883108,-1.0752857713689437e-09
640.2132155997518,138.10792108025566,3.915845019007447,-98.73942487145409,-96.56253849793201,-1.0752860618275842e-09
640.7132155997518,138.6072963761114,3.916028155975204,-99.07870045090638,-96.92983919131792,-1.0752861197992896e-09
641.2132155997518,139.10667613404271,3.916209976994512,-99.41797602445027,-97.2971396715406,-1.0752857460082193e-09
641.7132155997518,139.6060603064436,3.916390496186842,-99.75725159242933,-97.66443994111225,-1.0752857745958683e-09
642.2132155997518,140.10544884638244,3.9165697274724995,-100.09652715517826,-98.03174000250607,-1.0752859811660914e-09
642.7132155997518,140.60484170759017,3.9167476845741884,-100.43580271302295,-98.39903985815725,-1.0752857884876568e-09
643.2132155997518,141.10423884444847,3.9169243810205034,-100.7750782662808,-98.76633951046347,-1.0752856904184406e-09
643.7132155997518,141.60364021197853,3.9170998301493474,-101.11435381526093,-99.13363896178576,-1.0752855854386239e-09
644.2132155997518,142.10304576582985,3.917274045111276,-101.4536293602644,-99.50093821444916,-1.0752856331225358e-09
644.7132155997518,142.60245546226923,3.9174470388727736,-101.79290490158444,-99.86823727074324,-1.0752854557383998e-09
645.2132155997518,143.10186925817018,3.91761882421946,-102.13218043950654,-100.23553613292299,-1.0752855199886703e-09
645.7132155997518,143.6012871110024,3.91778941375923,-102.47145597430882,-100.60283480320932,-1.0752856637283245e-09
646.2132155997518,144.10070897882147,3.9179588199253303,-102.81073150626209,-100.97013328378986,-1.0752855634745577e-09
646.7132155997518,144.60013482025894,3.9181270549793688,-103.15000703563003,-101.33743157681933,-1.075285508486673e-09
647.2132155997518,145.09956459451232,3.9182941310142643,-103.48928256266949,-101.70472968442031,-1.075285435214995e-09
647.7132155997518,145.59899826133554,3.9184600599571366,-103.8285580876305,-102.0720276086839,-1.07528554118273e-09
648.2132155997518,146.09843578102945,3.9186248535721355,-104.16783361075656,-102.4393253516701,-1.0752853436616989e-09
648.7132155997518,146.59787711443266,3.9187885234632116,-104.50710913228484,-102.80662291540855,-1.0752851187514872e-09
649.2132155997518,147.09732222291237,3.9189510810768335,-104.8463846524462,-103.17392030189896,-1.0752852072143337e-09
649.7132155997518,147.59677106835548,3.919112537704648,-105.18566017146546,-103.54121751311177,-1.0752852968091558e-09
650.2132155997518,148.09622361316,3.919272904486087,-105.52493568956146,-103.90851455098857,-1.0752851895860544e-09
650.7132155997518,148.59567982022637,3.91943219241092,-105.8642112069474,-104.27581141744265,-1.0752850887426689e-09
651.2132155997518,149.09513965294923,3.919590412321762,-106.20348672383068,-104.6431081143596,-1.0752851303778875e-09
651.7132155997518,149.59460307520914,3.919747574916521,-106.54276224041332,-105.0104046435977,-1.075285100811851e-09
652.2132155997518,150.09407005136458,3.9199036907508074,-106.88203775689196,-105.37770100698847,-1.0752850385359626e-09
652.7132155997518,150.5935405462441,3.920058770240286,-107.22131327345802,-105.74499720633709,-1.0752849815494241e-09
653.2132155997518,151.0930145251385,3.9202128236629887,-107.56058879029787,-106.11229324342285,-1.0752852827609911e-09
653.7132155997518,151.5924919537934,3.9203658611615793,-107.89986430759281,-106.4795891199998,-1.075285222286825e-09
654.2132155997518,152.09197279840174,3.9205178927455706,-108.23913982551942,-106.84688483779689,-1.0752853568306117e-09
654.7132155997518,152.5914570255965,3.920668928293503,-108.57841534424954,-107.21418039851865,-1.0752850023575237e-09
655.2132155997518,153.09094460244359,3.9208189775550775,-108.91769086395031,-107.58147580384554,-1.0752852542236953e-09
655.7132155997518,153.59043549643488,3.920968050153248,-109.25696638478452,-107.94877105543436,-1.07528559527314e-09
656.2132155997518,154.0899296754813,3.921116155586273,-109.59624190691049,-108.31606615491873,-1.0752856354542181e-09
656.7132155997518,154.58942710790612,3.9212633032297264,-109.93551743048229,-108.68336110390929,-1.0752855376942856e-09
657.2132155997518,155.08892776243835,3.9214095023384727,-110.27479295564984,-109.05065590399434,-1.075285602714703e-09
657.7132155997518,155.58843160820626,3.9215547620486007,-110.61406848255902,-109.41795055674011,-1.0752856608476676e-09
658.2132155997518,156.08793861473112,3.9216990913793217,-110.95334401135169,-109.78524506369112,-1.075285618260811e-09
658.7132155997518,156.5874487519208,3.921842499234832,-111.29261954216588,-110.15253942637062,-1.0752855256618505e-09
659.2132155997518,157.0869619900638,3.9219849944061385,-111.63189507513587,-110.51983364628092,-1.0752857136968867e-09
659.7132155997518,157.58647829982323,3.922126585572851,-111.97117061039219,-110.88712772490366,-1.0752854674929183e-09
660.2132155997518,158.08599765223087,3.9222672813049404,-112.31044614806183,-111.2544216637004,-1.0752857383521627e-09
660.7132155997518,158.58552001868148,3.9224070900644614,-112.64972168826829,-111.62171546411265,-1.0752856250290441e-09
661.2132155997518,159.08504537092705,3.922546020207247,-112.98899723113158,-111.98900912756241,-1.0752856864988556e-09
661.7132155997518,159.58457368107133,3.9226840799845677,-113.32827277676853,-112.35630265545245,-1.0752857092392898e-09
662.2132155997518,160.08410492156432,3.9228212775447613,-113.66754832529256,-112.72359604916663,-1.0752857326310695e-09
662.7132155997518,160.5836390651969,3.9229576209348322,-114.006823876814,-113.09088931007018,-1.0752856260118245e-09
663.2132155997518,161.0831760850957,3.9230931181020203,-114.34609943144008,-113.45818243951011,-1.0752854885311846e-09
663.7132155997518,161.58271595471768,3.923227776895342,-114.68537498927496,-113.82547543881537,-1.075285805601859e-09
664.2132155997518,162.0822586478454,3.9233616050671016,-115.02465055041989,-114.19276830929728,-1.0752855248513132e-09
664.7132155997518,162.58180413858182,3.9234946102743753,-115.36392611497322,-114.5600610522497,-1.0752857193871424e-09
665.2132155997518,163.08135240134544,3.9236268000804686,-115.70320168303051,-114.92735366894942,-1.0752855343500552e-09
665.7132155997518,163.58090341086563,3.923758181956346,-116.0424772546846,-115.29464616065637,-1.075285502012042e-09
666.2132155997518,164.08045714217783,3.923888763282035,-116.38175283002562,-115.66193852861402,-1.0752854036906955e-09
666.7132155997518,164.58001357061895,3.9240185513480057,-116.72102840914108,-116.02923077404932,-1.0752854254092932e-09
667.2132155997518,165.0795726718228,3.9241475533565233,-117.060303992116,-116.39652289817344,-1.0752854299317357e-09
667.7132155997518,165.57913442171576,3.9242757764229776,-117.39957957903285,-116.7638149021817,-1.07528524750549e-09
668.2132155997518,166.07869879651227,3.9244032275771885,-117.73885516997173,-117.13110678725386,-1.0752853750670654e-09
668.7132155997518,166.57826577271055,3.924529913764687,-118.07813076501031,-117.49839855455443,-1.075285245025459e-09
669.2132155997518,167.0778353270885,3.9246558418479753,-118.41740636422402,-117.86569020523294,-1.0752852436904645e-09
669.7132155997518,167.57740743669942,3.9247810186077614,-118.75668196768596,-118.23298174042408,-1.0752852109419011e-09
670.2132155997518,168.07698207886799,3.9249054507441747,-119.09595757546708,-118.60027316124804,-1.0752851338762868e-09
670.7132155997518,168.5765592311863,3.9250291448779584,-119.4352331876362,-118.9675644688107,-1.0752851286440778e-09
671.2132155997518,169.07613887150993,3.925152107551641,-119.77450880425997,-119.33485566420383,-1.0752850789732157e-09
671.7132155997518,169.57572097795398,3.925274345230688,-120.11378442540301,-119.70214674850536,-1.0752851663214955e-09
672.2132155997518,170.0753055288894,3.9253958643046305,-120.453060051128,-120.06943772277953,-1.0752851763558953e-09
672.7132155997518,170.57489250293926,3.925516671088179,-120.7923356814956,-120.43672858807719,-1.0752851850750994e-09
673.2132155997518,171.07448187897498,3.9256367718223117,-121.13161131656462,-120.80401934543592,-1.0752852892955486e-09
673.7132155997518,171.57407363611284,3.9257561726753503,-121.47088695639195,-121.17130999588029,-1.0752852958151484e-09
674.2132155997518,172.07366775371042,3.925874879744011,-121.81016260103269,-121.53860054042214,-1.075285277056654e-09
674.7132155997518,172.5732642113631,3.92599289905444,-122.1494382505402,-121.90589098006052,-1.0752852473565384e-09
675.2132155997518,173.07286298890065,3.9261102365632343,-122.48871390496606,-122.2731813157822,-1.0752853108342949e-09
675.7132155997518,173.57246406638396,3.926226898158437,-122.82798956436022,-122.64047154856168,-1.075285300389517e-09
676.2132155997518,174.0720674241016,3.926342889660524,-123.16726522877096,-123.00776167936135,-1.0752854211028309e-09
676.7132155997518,174.57167304256666,3.9264582168233675,-123.5065408982449,-123.37505170913184,-1.0752852066269164e-09
677.2132155997518,175.0712809025136,3.926572885335187,-123.84581657282712,-123.74234163881206,-1.0752853534763985e-09
677.7132155997518,175.570890984895,3.926686900819482,-124.18509225256119,-124.10963146932936,-1.0752854235632794e-09
678.2132155997518,176.07050327087862,3.9268002688359482,-124.52436793748919,-124.47692120159982,-1.0752851511982826e-09
678.7132155997518,176.57011774184429,3.9269129948813823,-124.86364362765165,-124.84421083652843,-1.0752852160780287e-09
679.2132155997518,177.06973437938092,3.9270250843905656,-125.20291932308774,-125.21150037500907,-1.075285351229985e-09
679.7132155997518,177.56935316528364,3.927136542737137,-125.54219502383525,-125.57878981792484,-1.0752854922262955e-09
680.2132155997518,178.0689740815509,3.9272473752344492,-125.88147072993064,-125.94607916614814,-1.0752852423125641e-09
680.7132155997518,178.56859711038155,3.927357587136413,-126.22074644140896,-126.31336842054094,-1.0752852996033978e-09
681.2132155997518,179.06822223417223,3.9274671836383246,-126.56002215830395,-126.68065758195489,-1.0752852684934092e-09
681.7132155997518,179.5678494355145,3.9275761698776797,-126.8992978806482,-127.0479466512313,-1.0752850002256772e-09
682.2132155997518,180.06747869719217,3.9276845509349765,-127.23857360847292,-127.41523562920163,-1.0752853468978954e-09
682.7132155997518,180.5671100021787,3.927792331834502,-127.57784934180822,-127.7825245166873,-1.0752855568128297e-09
683.2132155997518,181.0667433336346,3.927899517545107,-127.91712508068305,-128.1498133145,-1.0752857356215562e-09
683.7132155997518,181.56637867490477,3.9280061129809694,-128.2564008251251,-128.51710202344188,-1.0752852936473702e-09
684.2132155997518,182.0660160095161,3.928112123002343,-128.59567657516098,-128.88439064430557,-1.0752857832490973e-09
684.7132155997518,182.56565532117492,3.928217552416294,-128.93495233081632,-129.2516791778744,-1.075285447619445e-09
685.2132155997518,183.06529659376466,3.928322405977428,-129.27422809211552,-129.6189676249225,-1.0752857729496246e-09
685.7132155997518,183.5649398113433,3.928426688388602,-129.61350385908202,-129.986255986215,-1.0752856122982707e-09
686.2132155997518,184.06458495814113,3.9285304043016267,-129.9527796317382,-130.35354426250808,-1.0752858273095371e-09
686.7132155997518,184.56423201855839,3.928633558317956,-130.29205541010543,-130.720832454549,-1.075285744335435e-09
687.2132155997518,185.063880977163,3.928736154989368,-130.63133119420417,-131.08812056307656,-1.075285905970943e-09
687.7132155997518,185.56353181868832,3.928838198818631,-130.97060698405394,-131.45540858882086,-1.075285815676789e-09
688.2132155997518,186.0631845280309,3.928939694260164,-131.30988277967327,-131.8226965325036,-1.0752856467236563e-09
688.7132155997518,186.56283909024833,3.9290406457206806,-131.64915858107983,-132.18998439483826,-1.0752857801476796e-09
689.2132155997518,187.06249549055713,3.929141057559827,-131.9884343882904,-132.55727217653006,-1.0752858606300828e-09
689.7132155997518,187.5621537143306,3.929240934090809,-132.32771020132088,-132.92455987827614,-1.0752857728897481e-09
690.2132155997518,188.06181374709678,3.929340279581008,-132.66698602018633,-133.29184750076578,-1.0752855432971985e-09
690.7132155997518,188.56147557453636,3.9294390982525864,-133.00626184490102,-133.65913504468037,-1.075285828176527e-09
691.2132155997518,189.06113918248076,3.929537394283087,-133.34553767547837,-134.02642251069352,-1.0752860151532164e-09
691.7132155997518,189.56080455691003,3.9296351718060185,-133.68481351193108,-134.39370989947128,-1.0752858008418854e-09
692.2132155997518,190.06047168395105,3.9297324349114353,-134.0240893542711,-134.76099721167216,-1.0752859028716587e-09
692.7132155997518,190.56014054987548,3.9298291876465066,-134.36336520250953,-135.12828444794727,-1.0752857056096655e-09
693.2132155997518,191.05981114109798,3.929925434016076,-134.7026410566568,-135.49557160894042,-1.075285790870438e-09
693.7132155997518,191.5594834441743,3.930021177983213,-135.04191691672278,-135.86285869528814,-1.0752857861670065e-09
694.2132155997518,192.05915744579946,3.9301164234697583,-135.38119278271634,-136.23014570761998,-1.0752858265150384e-09
694.7132155997518,192.55883313280594,3.9302111743568555,-135.72046865464594,-136.59743264655845,-1.0752857728027868e-09
695.2132155997518,193.05851049216196,3.9303054344854784,-136.05974453251926,-136.96471951271906,-1.0752856556487907e-09
695.7132155997518,193.55818951096967,3.9303992076569503,-136.39902041634332,-137.33200630671064,-1.0752856577010939e-09
696.2132155997518,194.05787017646347,3.930492497633452,-136.7382963061246,-137.6992930291351,-1.0752857542180185e-09
696.7132155997518,194.55755247600834,3.930585308138525,-137.07757220186895,-138.06657968058795,-1.075285956730944e-09
697.2132155997518,195.05723639709817,3.930677642857568,-137.4168481035816,-138.43386626165804,-1.0752859246539056e-09
697.7132155997518,195.55692192735404,3.9307695054383203,-137.75612401126716,-138.80115277292776,-1.0752858063309675e-09
698.2132155997518,196.0566090545227,3.9308608994913445,-138.09539992492964,-139.16843921497323,-1.0752860320503022e-09
698.7132155997518,196.55629776647498,3.9309518285904965,-138.4346758445727,-139.53572558836413,-1.0752859944740903e-09
699.2132155997518,197.05598805120414,3.931042296273392,-138.77395177019923,-139.90301189366411,-1.075285768571575e-09
699.7132155997518,197.55567989682444,3.9311323060418646,-139.11322770181178,-140.27029813143065,-1.0752858463402314e-09
700.2132155997518,198.0553732915695,3.931221861362415,-139.45250363941219,-140.63758430221515,-1.075285734731262e-09
700.7132155997518,198.55506822379095,3.931310965666658,-139.79177958300195,-141.00487040656319,-1.0752857644105008e-09
701.2132155997518,199.05476468195678,3.931399622351758,-140.13105553258202,-141.37215644501433,-1.075285889562375e-09
701.7132155997518,199.55446265465008,3.931487834780861,-140.47033148815288,-141.73944241810247,-1.0752856320728125e-09
702.2132155997518,200.05416213056742,3.931575606283519,-140.80960744971452,-142.10672832635566,-1.07528582607975e-09
702.7132155997518,200.5538630985176,3.9316629401561083,-141.14888341726652,-142.4740141702965,-1.0752858545644486e-09
703.2132155997518,201.05356554742022,3.9317498396622415,-141.488159390808,-142.8412999504419,-1.0752859411686044e-09
703.7132155997518,201.55326946630422,3.9318363080331733,-141.82743537033758,-143.2085856673033,-1.0752858029936589e-09
704.2132155997518,202.05297484430665,3.9319223484682,-142.1667113558536,-143.57587132138678,-1.0752860226585603e-09
704.7132155997518,202.5526816706713,3.9320079641350554,-142.50598734735388,-143.94315691319304,-1.0752858548977402e-09
705.2132155997518,203.05238993474737,3.932093158170295,-142.84526334483587,-144.31044244321748,-1.075285739539856e-09
705.7132155997518,203.5520996259882,3.932177933679683,-143.18453934829665,-144.67772791195026,-1.0752857842390022e-09
706.2132155997518,204.05181073395005,3.932262293738566,-143.52381535773293,-145.04501331987652,-1.0752857947052974e-09
706.7132155997518,204.55152324829075,3.9323462413922456,-143.86309137314097,-145.41229866747628,-1.0752857528750817e-09
707.2132155997518,205.05123715876854,3.932429779656344,-144.20236739451678,-145.77958395522447,-1.0752857263479977e-09
707.7132155997518,205.55095245524083,3.932512911517164,-144.54164342185598,-146.1468691835912,-1.0752857874648004e-09
708.2132155997518,206.050669127663,3.9325956399320456,-144.8809194551538,-146.5141543530416,-1.0752857998819785e-09
708.7132155997518,206.5503871660873,3.9326779678297155,-145.22019549440517,-146.8814394640361,-1.0752859926597466e-09
709.2132155997518,207.05010656066148,3.9327598981106315,-145.55947153960471,-147.2487245170303,-1.0752859726869971e-09
709.7132155997518,207.5498273016279,3.9328414336473236,-145.89874759074675,-147.61600951247507,-1.0752859172330543e-09
710.2132155997518,208.04954937932217,3.932922577284729,-146.23802364782517,-147.98329445081677,-1.0752858656668838e-09
710.7132155997518,208.5492727841723,3.933003331840522,-146.57729971083376,-148.35057933249715,-1.0752859882977312e-09
711.2132155997518,209.0489975066973,3.93308370010544,-146.91657577976582,-148.71786415795333,-1.0752856914038466e-09
711.7132155997518,209.54872353750633,3.933163684843605,-147.25585185461455,-149.0851489276181,-1.0752858513942467e-09
712.2132155997518,210.0484508672975,3.933243288792839,-147.59512793537272,-149.45243364191984,-1.0752858276448424e-09
712.7132155997518,210.5481794868569,3.933322514664977,-147.93440402203285,-149.81971830128253,-1.0752856247709774e-09
713.2132155997518,211.0479093870575,3.933401365146173,-148.2736801145874,-150.1870029061258,-1.0752857750152377e-09
713.7132155997518,211.5476405588582,3.933479842897205,-148.6129562130283,-150.55428745686524,-1.075285799143559e-09
714.2132155997518,212.0473729933028,3.9335579505537734,-148.95223231734738,-150.92157195391204,-1.0752855353677486e-09
714.7132155997518,212.54710668151887,3.9336356907267946,-149.29150842753614,-151.28885639767347,-1.075285496687977e-09
715.2132155997518,213.04684161471704,3.9337130660026918,-149.63078454358603,-151.6561407885525,-1.075285887933843e-09
715.7132155997518,213.54657778418976,3.9337900789436824,-149.9700606654881,-152.0234251269482,-1.0752858887378562e-09
716.2132155997518,214.04631518131055,3.93386673208806,-150.30933679323314,-152.3907094132557,-1.0752855720715525e-09
716.7132155997518,214.54605379753295,3.9339430279504723,-150.6486129268119,-152.75799364786613,-1.0752857723805076e-09
717.2132155997518,215.0457936243896,3.934018969022196,-150.9878890662148,-153.12527783116667,-1.0752857044062693e-09
717.7132155997518,215.54553465349142,3.9340945577714077,-151.3271652114321,-153.49256196354077,-1.0752853770545978e-09
718.2132155997518,216.04527687652654,3.934169796643452,-151.6664413624538,-153.8598460453681,-1.0752854254728695e-09
718.7132155997518,216.54502028525962,3.934244688061102,-152.00571751926987,-154.22713007702453,-1.0752855330434087e-09
719.2132155997518,217.0447648715308,3.934319234424822,-152.34499368186982,-154.59441405888222,-1.075285542080175e-09
719.7132155997518,217.5445106272549,3.9343934381130223,-152.68426985024328,-154.96169799130982,-1.0752855313442058e-09
720.2132155997518,218.04425754442062,3.9344673014823117,-153.02354602437947,-155.32898187467222,-1.0752854349217985e-09
720.7132155997518,218.5440056150896,3.9345408268677464,-153.3628222042676,-155.69626570933073,-1.0752856725573298e-09
721.2132155997518,219.04375483139566,3.934614016583077,-153.70209838989658,-156.06354949564334,-1.0752856320627422e-09
721.7132155997518,219.54350518554395,3.9346868729209894,-154.04137458125524,-156.4308332339644,-1.075285548066426e-09
722.2132155997518,220.04325666981018,3.9347593981533446,-154.3806507783323,-156.79811692464475,-1.075285507718969e-09
722.7132155997518,220.54300927653978,3.934831594531415,-154.7199269811162,-157.1654005680321,-1.0752854628861562e-09
723.2132155997518,221.04276299814714,3.9349034642861165,-155.0592031895953,-157.5326841644706,-1.075285322217174e-09
723.7132155997518,221.54251782711484,3.934975009628237,-155.39847940375788,-157.8999677143011,-1.075285271292049e-09
724.2132155997518,222.04227375599285,3.9350462327486646,-155.73775562359197,-158.2672512178613,-1.0752852036317599e-09
724.7132155997518,222.54203077739783,3.93511713581861,-156.07703184908556,-158.6345346754855,-1.0752851275194623e-09
725.2132155997518,223.04178888401233,3.9351877209898274,-156.41630808022646,-159.00181808750494,-1.0752851556723681e-09
725.7132155997518,223.54154806858415,3.9352579903948306,-156.75558431700236,-159.36910145424764,-1.0752850536674649e-09
726.2132155997518,224.04130832392545,3.935327946147109,-157.09486055940084,-159.73638477603853,-1.075285065748857e-09
726.7132155997518,224.54106964291222,3.935397590341339,-157.4341368074093,-160.1036680531995,-1.0752850200132833e-09
727.2132155997518,225.04083201848346,3.9354669250535914,-157.77341306101508,-160.47095128604929,-1.0752852017649681e-09
727.7132155997518,225.54059544364048,3.9355359523415387,-158.1126893202055,-160.8382344749036,-1.0752850103661679e-09
728.2132155997518,226.04035991144633,3.9356046742446584,-158.45196558496767,-161.2055176200753,-1.0752849897293218e-09
728.7132155997518,226.54012541502496,3.9356730927844334,-158.79124185528855,-161.57280072187424,-1.075285206817606e-09
729.2132155997518,227.0398919475607,3.93574120996455,-159.13051813115513,-161.9400837806074,-1.0752853565805476e-09
729.7132155997518,227.5396595022975,3.9358090277710924,-159.4697944125542,-162.30736679657886,-1.07528524116051e-09
730.2132155997518,228.0394280725383,3.9358765481727374,-159.80907069947244,-162.67464977008981,-1.0752852632816098e-09
730.7132155997518,228.53919765164443,3.9359437731209423,-160.14834699189663,-163.04193270143872,-1.075285263733303e-09
731.2132155997518,229.03896823303492,3.9360107045501347,-160.48762328981329,-163.4092155909212,-1.0752854780527582e-09
731.7132155997518,229.53873981018592,3.936077344377897,-160.82689959320885,-163.7764984388302,-1.0752853109306157e-09
732.2132155997518,230.03851237663005,3.9361436945051484,-161.1661759020698,-164.14378124545587,-1.0752852219210136e-09
732.7132155997518,230.53828592595582,3.9362097568163277,-161.50545221638245,-164.51106401108578,-1.0752852548603117e-09
733.2132155997518,231.03806045180698,3.9362755331795696,-161.84472853613298,-164.87834673600486,-1.0752851286359208e-09
733.7132155997518,231.53783594788197,3.9363410254468807,-162.18400486130764,-165.24562942049525,-1.0752849315482061e-09
734.2132155997518,232.03761240793335,3.936406235454314,-162.52328119189252,-165.6129120648367,-1.0752850900756258e-09
734.7132155997518,232.53738982576715,3.93647116502214,-162.86255752787363,-165.98019466930637,-1.075284836022902e-09
735.2132155997518,233.03716819524234,3.936535815955015,-163.2018338692371,-166.3474772341787,-1.0752849986250275e-09
735.7132155997518,233.53694751027032,3.9366001900421486,-163.54111021596879,-166.71475975972584,-1.0752849649969158e-09
736.2132155997518,234.03672776481423,3.9366642890574703,-163.88038656805452,-167.08204224621744,-1.0752850441176467e-09
736.7132155997518,234.53650895288854,3.9367281147597892,-164.21966292548018,-167.44932469392057,-1.075284885893999e-09
737.2132155997518,235.0362910685584,3.936791668892957,-164.55893928823147,-167.81660710310004,-1.0752846201269413e-09
737.7132155997518,235.53607410593915,3.936854953186025,-164.89821565629418,-168.18388947401817,-1.0752848166006068e-09
738.2132155997518,236.03585805919585,3.9369179693534027,-165.23749202965394,-168.55117180693495,-1.0752848276274512e-09
738.7132155997518,236.53564292254262,3.9369807190950104,-165.57676840829635,-168.9184541021081,-1.0752845748690342e-09
739.2132155997518,237.03542869024227,3.9370432040964327,-165.91604479220703,-169.2857363597928,-1.0752846871272493e-09
739.7132155997518,237.53521535660568,3.9371054260290697,-166.25532118137158,-169.65301858024225,-1.0752847202523118e-09
740.2132155997518,238.03500291599133,3.9371673865502856,-166.5945975757754,-170.02030076370718,-1.0752848479404083e-09
740.7132155997518,238.53479136280484,3.9372290873035554,-166.93387397540403,-170.38758291043618,-1.0752847601444073e-09
741.2132155997518,239.03458069149843,3.93729052991861,-167.2731503802429,-170.75486502067554,-1.0752846498977213e-09
741.7132155997518,239.5343708965705,3.93735171601158,-167.61242679027737,-171.12214709466951,-1.0752849179758117e-09
742.2132155997518,240.03416197256502,3.9374126471851367,-167.9517032054928,-171.48942913266004,-1.0752848223271339e-09
742.7132155997518,240.53395391407122,3.9374733250286327,-168.29097962587468,-171.85671113488695,-1.0752848648214685e-09
743.2132155997518,241.03374671572303,3.937533751118239,-168.63025605140814,-172.22399310158804,-1.0752848372386483e-09
743.7132155997518,241.53354037219864,3.9375939270170814,-168.96953248207865,-172.59127503299894,-1.075284749846365e-09
744.2132155997518,242.03333487822005,3.9376538542753767,-169.30880891787132,-172.9585569293533,-1.0752845019351551e-09
744.7132155997518,242.53313022855255,3.937713534430563,-169.64808535877148,-173.32583879088259,-1.0752844272433657e-09
745.2132155997518,243.03292641800442,3.9377729690074332,-169.98736180476433,-173.69312061781633,-1.075284579752565e-09
745.7132155997518,243.53272344142638,3.937832159518264,-170.32663825583515,-174.0604024103821,-1.0752849780059536e-09
746.2132155997518,244.0325212937112,3.937891107462944,-170.6659147119691,-174.42768416880534,-1.07528473198409e-09
746.7132155997518,244.5323199697932,3.9379498143291,-171.00519117315133,-174.79496589330967,-1.075284700800477e-09
747.2132155997518,245.03211946464796,3.9380082815922224,-171.34446763936705,-175.16224758411673,-1.0752846691547173e-09
747.7132155997518,245.5319197732918,3.9380665107157893,-171.68374411060134,-175.52952924144634,-1.075284682634121e-09
748.2132155997518,246.03172089078137,3.9381245031513865,-172.02302058683944,-175.89681086551616,-1.0752844117034451e-09
748.7132155997518,246.53152281221332,3.93818226033883,-172.36229706806645,-176.26409245654222,-1.0752846611202215e-09
749.2132155997518,247.0313255327238,3.938239783706284,-172.70157355426755,-176.6313740147386,-1.0752844339131476e-09
749.7132155997518,247.53112904748812,3.938297074670379,-173.04085004542782,-176.99865554031754,-1.0752842642125724e-09
750.2132155997518,248.03093335172036,3.938354134636328,-173.38012654153235,-177.36593703348953,-1.075284366853616e-09
750.7132155997518,248.53073844067296,3.9384109649980403,-173.71940304256634,-177.7332184944632,-1.0752844723681382e-09
751.2132155997518,249.03054430963633,3.938467567138236,-174.05867954851485,-178.1004999234454,-1.0752844852485128e-09
751.7132155997518,249.53035095393847,3.9385239424285574,-174.397956059363,-178.46778132064117,-1.0752847146351807e-09
752.2132155997518,250.03015836894465,3.9385800922296803,-174.7372325750959,-178.83506268625396,-1.0752845204938631e-09
752.7132155997518,250.529966550057,3.938636017891423,-175.0765090956987,-179.20234402048544,-1.0752846937456718e-09
753.2132155997518,251.02977549271412,3.9386917207528533,-175.4157856211565,-179.56962532353552,-1.0752845512536998e-09
753.7132155997518,251.52958519239073,3.9387472021423977,-175.75506215145444,-179.93690659560238,-1.0752846845867657e-09
754.2132155997518,252.02939564459734,3.9388024633779444,-176.09433868657766,-180.30418783688265,-1.0752846062454966e-09
754.7132155997518,252.52920684487992,3.9388575057669493,-176.43361522651134,-180.67146904757124,-1.0752848302187213e-09
755.2132155997518,253.02901878881946,3.9389123306065383,-176.7728917712405,-181.03875022786156,-1.0752847191898578e-09
755.7132155997518,253.52883147203167,3.938966939183609,-177.11216832075038,-181.40603137794517,-1.0752846159055124e-09
756.2132155997518,254.0286448901667,3.939021332774931,-177.45144487502606,-181.7733124980122,-1.0752847624100605e-09
756.7132155997518,254.52845903890875,3.9390755126472463,-177.79072143405284,-182.14059358825116,-1.0752848382474424e-09
757.2132155997518,255.0282739139757,3.9391294800573666,-178.12999799781588,-182.50787464884888,-1.0752848238820242e-09
757.7132155997518,255.52808951111885,3.9391832362522714,-178.46927456630024,-182.87515567999088,-1.0752844730455e-09
758.2132155997518,256.02790582612255,3.9392367824692025,-178.80855113949127,-183.24243668186094,-1.0752845226880033e-09
758.7132155997518,256.5277228548039,3.9392901199357597,-179.14782771737418,-183.60971765464134,-1.0752846603996704e-09
759.2132155997518,257.0275405930125,3.9393432498699954,-179.48710429993415,-183.97699859851298,-1.0752847596950784e-09
759.7132155997518,257.5273590366299,3.939396173480505,-179.8263808871565,-184.34427951365507,-1.0752849609445797e-09
760.2132155997518,258.0271781815696,3.9394488919665207,-180.16565747902646,-184.7115604002456,-1.0752848105111519e-09
760.7132155997518,258.5269980237765,3.939501406518001,-180.50493407552923,-185.07884125846095,-1.075284868897485e-09
761.2132155997518,259.02681855922685,3.9395537183157194,-180.84421067665025,-185.44612208847605,-1.075284913637613e-09
761.7132155997518,259.52663978392764,3.9396058285313544,-181.1834872823748,-185.81340289046446,-1.075284889341529e-09
762.2132155997518,260.0264616939165,3.9396577383275755,-181.52276389268826,-186.18068366459818,-1.0752851585202898e-09
762.7132155997518,260.5262842852614,3.939709448858131,-181.8620405075759,-186.54796441104807,-1.0752848272936783e-09
763.2132155997518,261.02610755406033,3.939760961267931,-182.20131712702323,-186.9152451299834,-1.0752849045448863e-09
763.7132155997518,261.52593149644093,3.939812276693136,-182.54059375101556,-187.28252582157205,-1.075284889619154e-09
764.2132155997518,262.0257561085604,3.939863396261235,-182.87987037953837,-187.64980648598075,-1.0752851962137417e-09
764.7132155997518,262.5255813866051,3.9399143210911323,-183.21914701257708,-188.0170871233747,-1.0752849700077197e-09
765.2132155997518,263.0254073267902,3.9399650522932275,-183.5584236501172,-188.38436773391786,-1.0752849861822283e-09
765.7132155997518,263.5252339253595,3.9400155909694954,-183.89770029214418,-188.75164831777272,-1.075285004220492e-09
766.2132155997518,264.02506117858525,3.9400659382135674,-184.23697693864358,-189.11892887510072,-1.0752850855769935e-09
766.7132155997518,264.52488908276774,3.9401160951108087,-184.57625358960092,-189.48620940606182,-1.0752851122014805e-09
767.2132155997518,265.02471763423506,3.940166062738397,-184.91553024500178,-189.85348991081477,-1.0752853272699886e-09
767.7132155997518,265.52454682934285,3.9402158421654,-185.25480690483178,-190.22077038951707,-1.075285194647036e-09
768.2132155997518,266.02437666447406,3.9402654344528494,-185.59408356907662,-190.58805084232478,-1.0752850652832965e-09
768.7132155997518,266.52420713603874,3.9403148406538198,-185.9333602377219,-190.955331269393,-1.0752848873029703e-09
769.2132155997518,267.02403824047366,3.9403640618135003,-186.27263691075328,-191.3226116708755,-1.0752850157566599e-09
769.7132155997518,267.5238699742422,3.940413098969269,-186.61191358815645,-191.68989204692477,-1.0752852035931827e-09
770.2132155997518,268.0237023338339,3.9404619531507663,-186.95119026991725,-192.05717239769206,-1.075285403065982e-09
770.7132155997518,268.52353531576455,3.940510625379966,-187.2904669560213,-192.42445272332762,-1.0752851406181374e-09
771.2132155997518,269.02336891657563,3.9405591166712473,-187.6297436464545,-192.79173302398036,-1.0752850189592416e-09
771.7132155997518,269.5232031328343,3.940607428031464,-187.96902034120276,-193.15901329979803,-1.0752851235762284e-09
772.2132155997518,270.02303796113284,3.940655560460016,-188.30829704025183,-193.52629355092725,-1.0752851244189253e-09
772.7132155997518,270.5228733980889,3.9407035149489174,-188.64757374358769,-193.89357377751358,-1.075285201265064e-09
773.2132155997518,271.02270944034484,3.9407512924828634,-188.98685045119606,-194.26085397970132,-1.0752849987728035e-09
773.7132155997518,271.5225460845677,3.9407988940392986,-189.32612716306312,-194.62813415763364,-1.075284906738359e-09
774.2132155997518,272.02238332744895,3.9408463205884843,-189.66540387917476,-194.99541431145272,-1.0752850885877177e-09
774.7132155997518,272.52222116570425,3.9408935730935633,-190.00468059951697,-195.3626944412995,-1.0752851353557316e-09
775.2132155997518,273.0220595960733,3.940940652510625,-190.34395732407592,-195.72997454731393,-1.0752851167157924e-09
775.7132155997518,273.5218986153194,3.9409875597887707,-190.68323405283763,-196.09725462963476,-1.0752851955736013e-09
776.2132155997518,274.02173822022957,3.9410342958701765,-191.02251078578826,-196.46453468839974,-1.0752851018516165e-09
776.7132155997518,274.5215784076141,3.9410808616901574,-191.36178752291394,-196.83181472374568,-1.0752850730245138e-09
777.2132155997518,275.0214191743063,3.941127258177228,-191.70106426420085,-197.1990947358081,-1.0752852014556706e-09
777.7132155997518,275.5212605171625,3.9411734862531653,-192.0403410096352,-197.56637472472167,-1.0752850025386384e-09
778.2132155997518,276.02110243306174,3.94121954683307,-192.37961775920328,-197.93365469062,-1.075284979838345e-09
778.7132155997518,276.52094491890546,3.941265440825426,-192.71889451289144,-198.30093463363548,-1.0752848918747404e-09
779.2132155997518,277.0207879716175,3.94131116913216,-193.05817127068585,-198.66821455389982,-1.0752849677381832e-09
779.7132155997518,277.5206315881437,3.9413567326487016,-193.397448032573,-199.03549445154354,-1.0752850919587577e-09
780.2132155997518,278.0204757654519,3.9414021322640402,-193.73672479853926,-199.40277432669612,-1.0752850340807315e-09
780.7132155997518,278.52032050053157,3.9414473688607843,-194.07600156857106,-199.77005417948612,-1.0752851658287649e-09
781.2132155997518,279.02016579039366,3.941492443315217,-194.41527834265494,-200.13733401004112,-1.0752852205549122e-09
781.7132155997518,279.52001163207046,3.941537356497355,-194.75455512077735,-200.50461381848777,-1.075285125112914e-09
782.2132155997518,280.0198580226155,3.9415821092710015,-195.09383190292485,-200.8718936049517,-1.0752850834614652e-09
782.7132155997518,280.519704959103,3.941626702493804,-195.433108689084,-201.23917336955768,-1.0752850788593977e-09
783.2132155997518,281.01955243862824,3.941671137017307,-195.77238547924145,-201.60645311242948,-1.0752848890014223e-09
783.7132155997518,281.5194004583068,3.941715413687009,-196.11166227338384,-201.97373283368987,-1.0752851228547789e-09
784.2132155997518,282.0192490152748,3.9417595333424122,-196.45093907149794,-202.3410125334609,-1.0752852379497119e-09
784.7132155997518,282.51909810668855,3.941803496817079,-196.79021587357045,-202.70829221186352,-1.075285065785663e-09
785.2132155997518,283.0189477297243,3.9418473049386833,-197.12949267958803,-203.0755718690179,-1.0752853208148537e-09
785.7132155997518,283.5187978815783,3.941890958529061,-197.46876948953766,-203.44285150504322,-1.07528543084872e-09
786.2132155997518,284.01864855946627,3.9419344584042633,-197.80804630340612,-203.8101311200578,-1.0752853577334944e-09
786.7132155997518,284.5184997606237,3.9419778053746066,-198.14732312118025,-204.17741071417916,-1.0752852193302723e-09
787.2132155997518,285.0183514823052,3.9420210002447233,-198.486599942847,-204.5446902875239,-1.0752855311578898e-09
787.7132155997518,285.5182037217847,3.9420640438136103,-198.8258767683934,-204.91196984020763,-1.07528543494181e-09
788.2132155997518,286.01805647635496,3.94210693687468,-199.1651535978064,-205.27924937234536,-1.075285412871319e-09
788.7132155997518,286.5179097433277,3.9421496802158074,-199.50443043107302,-205.646528884051,-1.0752852583655375e-09
789.2132155997518,287.0177635200334,3.9421922746193796,-199.84370726818037,-206.01380837543783,-1.0752852374325373e-09
789.7132155997518,287.51761780382077,3.9422347208623423,-200.1829841091156,-206.38108784661813,-1.0752855066440325e-09
790.2132155997518,288.0174725920571,3.942277019716248,-200.52226095386584,-206.74836729770345,-1.0752852684656893e-09
790.7132155997518,288.51732788212786,3.9423191719473025,-200.8615378024183,-207.1156467288045,-1.0752855091599346e-09
791.2132155997518,289.01718367143644,3.9423611783164105,-201.2008146547602,-207.48292614003125,-1.0752854884524343e-09
791.7132155997518,289.5170399574042,3.9424030395792222,-201.5400915108788,-207.8502055314928,-1.0752853816459319e-09
792.2132155997518,290.01689673747023,3.9424447564861778,-201.8793683707615,-208.21748490329733,-1.0752852656442906e-09
792.7132155997518,290.51675400909113,3.942486329782553,-202.2186452343956,-208.5847642555525,-1.075285269796882e-09
793.2132155997518,291.0166117697409,3.942527760208503,-202.55792210176847,-208.95204358836503,-1.0752853582966864e-09
793.7132155997518,291.51647001691094,3.9425690484991063,-202.89719897286753,-209.3193229018409,-1.0752854114218275e-09
794.2132155997518,292.0163287481097,3.942610195384408,-203.23647584768042,-209.68660219608518,-1.0752857165244676e-09
794.7132155997518,292.51618796086257,3.942651201589464,-203.57575272619448,-210.05388147120254,-1.0752853674959673e-09
795.2132155997518,293.0160476527119,3.9426920678343813,-203.9150296083974,-210.4211607272965,-1.075285313468666e-09
795.7132155997518,293.5159078212166,3.9427327948343627,-204.25430649427668,-210.7884399644701,-1.0752853729646823e-09
796.2132155997518,294.01576846395227,3.9427733832997465,-204.59358338382003,-211.1557191828255,-1.0752853591015205e-09
796.7132155997518,294.51562957851075,3.942813833936049,-204.9328602770151,-211.5229983824642,-1.0752853391756134e-09
797.2132155997518,295.01549116250027,3.942854147444004,-205.27213717384947,-211.89027756348707,-1.0752854260633834e-09
797.7132155997518,295.5153532135452,3.9428943245196053,-205.61141407431117,-212.25755672599394,-1.0752853337726775e-09
798.2132155997518,296.0152157292859,3.9429343658541445,-205.9506909783878,-212.6248358700843,-1.075285398818046e-09
798.7132155997518,296.5150787073785,3.942974272134252,-206.28996788606722,-212.99211499585667,-1.0752854959666642e-09
799.2132155997518,297.014942145495,3.9430140440419357,-206.62924479733735,-213.35939410340896,-1.07528543167364e-09
799.7132155997518,297.51480604132297,3.9430536822546203,-206.96852171218612,-213.72667319283846,-1.0752851875975403e-09
800.2132155997518,298.0146703925654,3.9430931874451853,-207.3077986306014,-214.0939522642417,-1.0752854393482349e-09
800.7132155997518,298.51453519694064,3.943132560282003,-207.64707555257132,-214.4612313177145,-1.0752853593673465e-09
801.2132155997518,299.0144004521823,3.943171801428976,-207.9863524780839,-214.82851035335204,-1.0752853541960228e-09
801.7132155997518,299.514266156039,3.9432109115455756,-208.32562940712717,-215.19578937124882,-1.0752853424420198e-09
802.2132155997518,300.0141323062744,3.9432498912868774,-208.6649063396893,-215.5630683714987,-1.0752852331733802e-09
802.7132155997518,300.51399890066693,3.9432887413035984,-209.0041832757584,-215.93034735419482,-1.0752852021048732e-09
803.2132155997518,301.01386593700977,3.9433274622421335,-209.3434602153227,-216.29762631942978,-1.0752852390146929e-09
803.7132155997518,301.5137334131107,3.943366054744591,-209.6827371583704,-216.66490526729547,-1.0752851059985682e-09
804.2132155997518,302.0136013267919,3.943404519448827,-210.0220141048898,-217.03218419788314,-1.0752851996173564e-09
804.7132155997518,302.51346967589,3.9434428569884834,-210.36129105486916,-217.39946311128335,-1.0752852553218731e-09
805.2132155997518,303.0133384582559,3.943481067993019,-210.70056800829695,-217.7667420075861,-1.0752851121395058e-09
805.7132155997518,303.51320767175446,3.9435191530877467,-211.03984496516162,-218.13402088688068,-1.0752850115485342e-09
806.2132155997518,304.01307731426465,3.9435571128938665,-211.3791219254515,-218.50129974925588,-1.0752850690305853e-09
806.7132155997518,304.5129473836794,3.9435949480284997,-211.71839888915508,-218.86857859479989,-1.0752851827188688e-09
807.2132155997518,305.0128178779052,3.9436326591047215,-212.057675856261,-219.2358574236001,-1.0752851451655243e-09
807.7132155997518,305.5126887948624,3.943670246731595,-212.39695282675765,-219.60313623574353,-1.0752848434275243e-09
808.2132155997518,306.0125601324848,3.9437077115142034,-212.73622980063374,-219.97041503131635,-1.07528482504423e-09
808.7132155997518,306.5124318887197,3.9437450540536827,-213.07550677787788,-220.33769381040443,-1.0752849381421574e-09
809.2132155997518,307.0123040615277,3.943782274947254,-213.41478375847876,-220.70497257309287,-1.0752849330367385e-09
809.7132155997518,307.5121766488826,3.943819374788254,-213.75406074242514,-221.07225131946615,-1.075284835330154e-09
810.2132155997518,308.0120496487714,3.9438563541661695,-214.09333772970567,-221.4395300496083,-1.0752850188838966e-09
810.7132155997518,308.511923059194,3.943893213666665,-214.4326147203093,-221.80680876360273,-1.0752849329493702e-09
811.2132155997518,309.01179687816324,3.9439299538716157,-214.7718917142247,-222.1740874615322,-1.0752848360568448e-09
811.7132155997518,309.5116711037049,3.9439665753591377,-215.11116871144097,-222.54136614347897,-1.0752847874504311e-09
812.2132155997518,310.01154573385725,3.944003078703619,-215.45044571194686,-222.90864480952484,-1.0752847453374833e-09
812.7132155997518,310.5114207666713,3.9440394644757477,-215.78972271573147,-223.2759234597508,-1.0752848276149763e-09
813.2132155997518,311.01129620021044,3.944075733242544,-216.1289997227836,-223.64320209423767,-1.075284966756449e-09
813.7132155997518,311.5111720325506,3.944111885567387,-216.4682767330924,-224.01048071306536,-1.0752850867115902e-09
814.2132155997518,312.0110482617798,3.944147922010046,-216.80755374664702,-224.37775931631342,-1.0752851034687463e-09
814.7132155997518,312.5109248859986,3.9441838431267096,-217.14683076343647,-224.7450379040608,-1.0752853283771848e-09
815.2132155997518,313.0108019033193,3.9442196494700115,-217.48610778345,-225.11231647638598,-1.0752852500717059e-09
815.7132155997518,313.5106793118664,3.944255341589062,-217.8253848066768,-225.47959503336685,-1.075285235157969e-09
816.2132155997518,314.0105571097763,3.944290920029475,-218.16466183310598,-225.84687357508093,-1.0752853103045951e-09
816.7132155997518,314.51043529519717,3.9443263853333943,-218.50393886272693,-226.21415210160507,-1.075285336261524e-09
817.2132155997518,315.0103138662889,3.944361738039523,-218.84321589552897,-226.5814306130155,-1.075285244969019e-09
817.7132155997518,315.5101928212231,3.9443969786831503,-219.1824929315014,-226.9487091093882,-1.0752854083180018e-09
818.2132155997518,316.0100721581827,3.944432107796178,-219.5217699706336,-227.3159875907985,-1.0752855788656476e-09
818.7132155997518,316.5099518753624,3.9444671259071478,-219.8610470129151,-227.68326605732128,-1.0752852192291673e-09
819.2132155997518,317.009831970968,3.944502033541267,-220.2003240583353,-228.05054450903086,-1.0752852448552018e-09
819.7132155997518,317.5097124432166,3.944536831220436,-220.5396011068837,-228.4178229460011,-1.0752852377129912e-09
820.2132155997518,318.0095932903366,3.9445715194632727,-220.8788781585499,-228.7851013683054,-1.0752854900270187e-09
820.7132155997518,318.5094745105675,3.9446060987851403,-221.21815521332337,-229.15237977601674,-1.0752854383989953e-09
821.2132155997518,319.0093561021596,3.9446405696981706,-221.55743227119382,-229.51965816920742,-1.0752854930024509e-09
821.7132155997518,319.5092380633743,3.9446749327112904,-221.89670933215098,-229.88693654794938,-1.0752856957545987e-09
822.2132155997518,320.0091203924838,3.944709188330247,-222.23598639618442,-230.2542149123141,-1.0752852095734276e-09
822.7132155997518,320.509003087771,3.944743337057632,-222.57526346328393,-230.62149326237258,-1.0752855312745954e-09
823.2132155997518,321.00888614752955,3.944777379392906,-222.9145405334393,-230.98877159819534,-1.0752854090797137e-09
823.7132155997518,321.50876957006363,3.9448113158324243,-223.2538176066403,-231.35604991985247,-1.0752856958613091e-09
824.2132155997518,322.0086533536879,3.9448451468694588,-223.59309468287677,-231.7233282274136,-1.0752852272807758e-09
824.7132155997518,322.50853749672757,3.9448788729942232,-223.93237176213867,-232.09060652094783,-1.0752852021934847e-09
825.2132155997518,323.008421997518,3.944912494693897,-224.27164884441595,-232.4578848005239,-1.0752852666947037e-09
825.7132155997518,323.5083068544049,3.9449460124526476,-224.6109259296985,-232.82516306621005,-1.0752853180293873e-09
826.2132155997518,324.00819206574425,3.9449794267516554,-224.95020301797635,-233.1924413180741,-1.075285248276552e-09
826.7132155997518,324.508077629902,3.945012738069135,-225.28948010923958,-233.55971955618344,-1.0752850043203695e-09
827.2132155997518,325.0079635452542,3.945045946880359,-225.6287572034781,-233.92699778060506,-1.0752851730973122e-09
827.7132155997518,325.50784981018677,3.9450790536576803,-225.96803430068215,-234.29427599140539,-1.0752851984914007e-09
828.2132155997518,326.00773642309565,3.9451120588705546,-226.30731140084185,-234.66155418865057,-1.0752850007097172e-09
828.7132155997518,326.50762338238644,3.9451449629855624,-226.64658850394738,-235.02883237240627,-1.07528511807298e-09
829.2132155997518,327.0075106864745,3.945177766466431,-226.98586560998902,-235.39611054273763,-1.075285156569989e-09
829.7132155997518,327.507398333785,3.9452104697740564,-227.32514271895698,-235.7633886997096,-1.0752853955964317e-09
830.2132155997518,328.00728632275235,3.945243073366525,-227.66441983084158,-236.1306668433864,-1.0752855992710985e-09
830.7132155997518,328.5071746518208,3.9452755776991344,-228.00369694563318,-236.49794497383215,-1.0752853713398973e-09
831.2132155997518,329.0070633194438,3.9453079832244153,-228.34297406332215,-236.86522309111035,-1.0752853924720595e-09
831.7132155997518,329.50695232408424,3.9453402903921524,-228.68225118389887,-237.2325011952842,-1.075285141482293e-09
832.2132155997518,330.0068416642144,3.945372499649405,-229.0215283073537,-237.59977928641655,-1.0752853626947515e-09
832.7132155997518,330.50673133831566,3.9454046114405266,-229.36080543367717,-237.9670573645698,-1.0752854175745604e-09
833.2132155997518,331.00662134487857,3.945436626207187,-229.70008256285993,-238.33433542980575,-1.075285400339639e-09
833.7132155997518,331.50651168240273,3.945468544388392,-230.03935969489234,-238.70161348218608,-1.075285491999097e-09
834.2132155997518,332.00640234939686,3.9455003664205033,-230.3786368297651,-239.068891521772,-1.0752855579893456e-09
834.7132155997518,332.50629334437855,3.9455320927372575,-230.7179139674689,-239.43616954862426,-1.0752854609603947e-09
835.2132155997518,333.00618466587423,3.945563723769788,-231.05719110799413,-239.80344756280343,-1.0752856423732566e-09
835.7132155997518,333.5060763124192,3.945595259946642,-231.39646825133175,-240.17072556436935,-1.0752854606633738e-09
836.2132155997518,334.0059682825576,3.9456267016938016,-231.73574539747236,-240.53800355338186,-1.0752856199035775e-09
836.7132155997518,334.505860574842,3.9456580494347024,-232.07502254640673,-240.90528152990015,-1.0752857538919758e-09
837.2132155997518,335.0057531878339,3.9456893035902523,-232.4142996981257,-241.2725594939832,-1.075285689407161e-09
837.7132155997518,335.505646120103,3.9457204645788506,-232.75357685262003,-241.63983744568958,-1.0752858001788174e-09
838.2132155997518,336.00553937022784,3.9457515328164066,-233.09285400988065,-242.00711538507744,-1.0752856220194124e-09
838.7132155997518,336.50543293679516,3.9457825087163574,-233.43213116989858,-242.3743933122045,-1.0752857731553345e-09
839.2132155997518,337.00532681840014,3.945813392689688,-233.7714083326646,-242.7416712271284,-1.0752857774736816e-09
839.7132155997518,337.50522101364623,3.9458441851449484,-234.1106854981696,-243.1089491299062,-1.0752859556169295e-09
840.2132155997518,338.00511552114517,3.9458748864882702,-234.44996266640476,-243.47622702059456,-1.0752859167238568e-09
840.7132155997518,338.5050103395168,3.945905497123387,-234.78923983736098,-243.84350489924998,-1.075285959518529e-09
841.2132155997518,339.00490546738916,3.9459360174516505,-235.1285170110295,-244.21078276592843,-1.0752861924147035e-09
841.7132155997518,339.50480090339835,3.945966447872048,-235.46779418740132,-244.5780606206856,-1.075286129281586e-09
842.2132155997518,340.00469664618845,3.9459967887812217,-235.8070713664676,-244.945338463577,-1.0752859544545184e-09
842.7132155997518,340.5045926944115,3.9460270405734827,-236.1463485482195,-245.31261629465754,-1.0752864030007917e-09
843.2132155997518,341.0044890467273,3.9460572036408306,-236.48562573264832,-245.6798941139819,-1.0752861644738384e-09
843.7132155997518,341.5043857018037,3.9460872783729695,-236.8249029197452,-246.04717192160444,-1.0752861188810666e-09
844.2132155997518,342.00428265831613,3.946117265157325,-237.16418010950142,-246.4144497175792,-1.0752863931878885e-09
844.7132155997518,342.5041799149478,3.946147164379061,-237.50345730190833,-246.7817275019598,-1.075286558714231e-09
845.2132155997518,343.00407747038963,3.9461769764210946,-237.84273449695738,-247.14900527479958,-1.0752864277443696e-09
845.7132155997518,343.50397532334006,3.9462067016641154,-238.18201169463978,-247.51628303615155,-1.0752862667244118e-09
846.2132155997518,344.0038734725051,3.9462363404865997,-238.52128889494696,-247.88356078606859,-1.0752863219838695e-09
846.7132155997518,344.50377191659834,3.946265893264826,-238.86056609787045,-248.2508385246029,-1.0752865252170243e-09
847.2132155997518,345.0036706543406,3.9462953603728925,-239.19984330340165,-248.6181162518066,-1.0752862193890099e-09
847.7132155997518,345.5035696844604,3.9463247421827323,-239.5391205115321,-248.9853939677315,-1.0752862847040753e-09
848.2132155997518,346.00346900569326,3.9463540390641283,-239.8783977222534,-249.35267167242895,-1.0752863411574421e-09
848.7132155997518,346.50336861678215,3.94638325138473,-240.21767493555703,-249.71994936595007,-1.0752863706379197e-09
849.2132155997518,347.00326851647725,3.946412379510068,-240.55695215143456,-250.0872270483457,-1.0752864178348218e-09
849.7132155997518,347.50316870353595,3.9464414238035688,-240.8962293698778,-250.45450471966637,-1.075286448853858e-09
850.2132155997518,348.0030691767227,3.9464703846265716,-241.23550659087832,-250.8217823799623,-1.0752865598977188e-09
850.7132155997518,348.502969934809,3.9464992623383415,-241.57478381442783,-251.18906002928324,-1.0752865659377102e-09
851.2132155997518,349.0028709765735,3.9465280572960855,-241.91406104051805,-251.55633766767895,-1.0752864824345091e-09
851.7132155997518,349.5027723008016,3.9465567698549666,-242.25333826914073,-251.92361529519866,-1.0752864482945484e-09
852.2132155997518,350.0026739062859,3.9465854003681184,-242.59261550028774,-252.2908929118914,-1.0752864586268831e-09
852.7132155997518,350.5025757918257,3.9466139491866605,-242.93189273395078,-252.658170517806,-1.0752863727131591e-09
853.2132155997518,351.00247795622704,3.946642416659711,-243.27116997012186,-253.02544811299066,-1.0752864938228152e-09
853.7132155997518,351.50238039830293,3.946670803134402,-243.6104472087928,-253.3927256974936,-1.075286601403599e-09
854.2132155997518,352.00228311687306,3.946699108955895,-243.9497244499555,-253.76000327136276,-1.0752863531750319e-09
854.7132155997518,352.5021861107637,3.9467273344673917,-244.28900169360202,-254.12728083464557,-1.075286398103676e-09
855.2132155997518,353.0020893788079,3.9467554800101503,-244.6282789397242,-254.49455838738945,-1.0752864377196012e-09
855.7132155997518,353.5019929198451,3.9467835459234983,-244.96755618831412,-254.86183592964127,-1.075286419886802e-09
856.2132155997518,354.0018967327215,3.9468115325448467,-245.30683343936383,-255.22911346144784,-1.0752866440066886e-09
856.7132155997518,354.50180081628963,3.946839440209703,-245.6461106928654,-255.59639098285567,-1.0752863907656782e-09
857.2132155997518,355.0017051694086,3.9468672692516846,-245.98538794881097,-255.9636684939108,-1.0752865335350593e-09
857.7132155997518,355.50160979094375,3.946895020002532,-246.3246652071927,-256.33094599465915,-1.075286349806113e-09
858.2132155997518,356.0015146797669,3.946922692792123,-246.66394246800274,-256.69822348514634,-1.0752863910504637e-09
858.7132155997518,356.5014198347562,3.946950287948485,-247.0032197312332,-257.0655009654178,-1.0752865599202076e-09
859.2132155997518,357.001325254796,3.9469778057978067,-247.34249699687638,-257.4327784355186,-1.0752865898546638e-09
859.7132155997518,357.50123093877687,3.9470052466644536,-247.68177426492454,-257.8000558954936,-1.0752864936787946e-09
860.2132155997518,358.00113688559566,3.9470326108709783,-248.02105153537005,-258.16733334538725,-1.075286602590951e-09
860.7132155997518,358.50104309415525,3.9470598987381353,-248.36032880820505,-258.53461078524407,-1.0752866896296368e-09
861.2132155997518,359.00094956336466,3.9470871105848913,-248.69960608342205,-258.9018882151079,-1.075286424875551e-09
861.7132155997518,359.50085629213896,3.947114246728439,-249.03888336101332,-259.2691656350225,-1.0752867461374062e-09
862.2132155997518,360.0007632793993,3.94714130748421,-249.37816064097132,-259.6364430450317,-1.0752867783215908e-09
862.7132155997518,360.50067052407263,3.9471682931658845,-249.7174379232885,-260.0037204451785,-1.075286704748894e-09
863.2132155997518,361.000578025092,3.9471952040854066,-250.05671520795724,-260.3709978355061,-1.0752866942441407e-09
863.7132155997518,361.5004857813963,3.947222040552994,-250.3959924949702,-260.73827521605716,-1.0752868012828677e-09
864.2132155997518,362.00039379193026,3.9472488028771506,-250.73526978431974,-261.1055525868743,-1.07528677343102e-09
864.7132155997518,362.5003020556444,3.947275491364679,-251.07454707599854,-261.4728299479998,-1.0752863627920136e-09
865.2132155997518,363.00021057149496,3.9473021063206915,-251.41382436999908,-261.8401072994757,-1.0752867832270806e-09
865.7132155997518,363.50011933844405,3.947328648048621,-251.753101666314,-262.2073846413438,-1.0752867871064766e-09
866.2132155997518,364.00002835545934,3.9473551168502348,-252.09237896493593,-262.57466197364573,-1.0752866950445097e-09
866.7132155997518,364.4999376215142,3.9473815130256433,-252.4316562658575,-262.94193929642285,-1.0752866195709647e-09
867.2132155997518,364.99984713558763,3.9474078368733134,-252.77093356907147,-263.3092166097161,-1.0752868479962984e-09
867.7132155997518,365.49975689666417,3.9474340886900783,-253.11021087457064,-263.67649391356633,-1.0752868212185e-09
868.2132155997518,365.9996669037339,3.94746026877115,-253.4494881823476,-264.04377120801433,-1.0752867256908192e-09
868.7132155997518,366.4995771557924,3.94748637741013,-253.7887654923952,-264.4110484931003,-1.0752870935834876e-09
869.2132155997518,366.9994876518407,3.9475124148990184,-254.1280428047063,-264.7783257688645,-1.0752868260032017e-09
869.7132155997518,367.4993983908853,3.9475383815282283,-254.46732011927358,-265.1456030353469,-1.0752869779037129e-09
870.2132155997518,367.99930937193807,3.9475642775865936,-254.80659743609007,-265.51288029258717,-1.0752865501613263e-09
870.7132155997518,368.49922059401615,3.9475901033613803,-255.1458747551486,-265.8801575406247,-1.075286733830883e-09
871.2132155997518,368.9991320561421,3.9476158591382986,-255.48515207644206,-266.2474347794988,-1.0752866179947518e-09
871.7132155997518,369.49904375734377,3.947641545201512,-255.82442939996346,-266.61471200924854,-1.0752866731818126e-09
872.2132155997518,369.9989556966541,3.947667161833648,-256.16370672570565,-266.9819892299128,-1.0752869269841161e-09
872.7132155997518,370.49886787311135,3.9476927093158083,-256.50298405366175,-267.34926644152995,-1.0752870698406791e-09
873.2132155997518,370.998780285759,3.9477181879275802,-256.8422613838247,-267.71654364413854,-1.0752867178600114e-09
873.7132155997518,371.49869293364554,3.947743597947045,-257.1815387161877,-268.08382083777667,-1.0752867086043632e-09
874.2132155997518,371.99860581582465,3.9477689396507905,-257.5208160507436,-268.45109802248226,-1.0752866403784647e-09
874.7132155997518,372.4985189313551,3.9477942133139177,-257.86009338748573,-268.81837519829304,-1.0752865966599556e-09
875.2132155997518,372.9984322793006,3.947819419210054,-258.19937072640704,-269.1856523652466,-1.0752869642448006e-09
875.7132155997518,373.4983458587299,3.947844557611362,-258.5386480675009,-269.55292952338016,-1.0752866384935058e-09
876.2132155997518,373.9982596687168,3.9478696287885477,-258.8779254107602,-269.9202066727309,-1.0752866213879402e-09
876.7132155997518,374.4981737083399,3.947894633010873,-259.2172027561784,-270.2874838133357,-1.0752865803140405e-09
877.2132155997518,374.99808797668277,3.9479195705461625,-259.5564801037486,-270.65476094523126,-1.075286415596662e-09
877.7132155997518,375.4980024728339,3.947944441660815,-259.89575745346417,-271.0220380684539,-1.0752864707067176e-09
878.2132155997518,375.9979171958865,3.947969246619813,-260.2350348053183,-271.3893151830401,-1.0752862626861963e-09
878.7132155997518,376.4978321449387,3.947993985686731,-260.5743121593044,-271.7565922890259,-1.0752863387143505e-09
879.2132155997518,376.9977473190933,3.9480186591237456,-260.91358951541565,-272.1238693864471,-1.075286284547333e-09
879.7132155997518,377.49766271745796,3.9480432671916437,-261.25286687364553,-272.4911464753394,-1.07528640779604e-09
880.2132155997518,377.9975783391449,3.948067810149833,-261.5921442339875,-272.8584235557383,-1.0752862951294602e-09
880.7132155997518,378.4974941832712,3.948092288256351,-261.93142159643486,-273.2257006276791,-1.0752862402303273e-09
881.2132155997518,378.9974102489585,3.9481167017678733,-262.2706989609812,-273.59297769119684,-1.0752863815706856e-09
881.7132155997518,379.49732653533295,3.948141050939723,-262.60997632761985,-273.96025474632637,-1.0752862337964733e-09
882.2132155997518,379.99724304152545,3.948165336025879,-262.94925369634433,-274.3275317931026,-1.075286336686668e-09
882.7132155997518,380.49715976667136,3.9481895572789867,-263.288531067148,-274.6948088315599,-1.0752864024896439e-09
883.2132155997518,380.99707670991063,3.9482137149503638,-263.6278084400247,-275.0620858617326,-1.075286479775573e-09
883.7132155997518,381.4969938703877,3.9482378092900112,-263.96708581496785,-275.42936288365485,-1.075286152998056e-09
884.2132155997518,381.9969112472515,3.948261840546621,-264.30636319197106,-275.7966398973606,-1.0752863102745444e-09
884.7132155997518,382.4968288396553,3.9482858089675856,-264.645640571028,-276.16391690288356,-1.0752862000430286e-09
885.2132155997518,382.9967466467568,3.948309714799005,-264.9849179521322,-276.5311939002574,-1.0752862348961284e-09
885.7132155997518,383.49666466771816,3.9483335582856958,-265.3241953352773,-276.8984708895155,-1.0752864923290964e-09
886.2132155997518,383.99658290170595,3.9483573396711997,-265.66347272045715,-277.2657478706911,-1.0752863600909469e-09
886.7132155997518,384.49650134789084,3.9483810591977924,-266.00275010766524,-277.63302484381717,-1.0752862880614612e-09
887.2132155997518,384.99642000544804,3.9484047171064898,-266.3420274968956,-278.00030180892657,-1.075286459980103e-09
887.7132155997518,385.49633887355685,3.948428313637059,-266.6813048881417,-278.3675787660521,-1.0752862664533217e-09
888.2132155997518,385.99625795140093,3.9484518490280234,-267.0205822813975,-278.73485571522605,-1.0752864251667375e-09
888.7132155997518,386.4961772381681,3.948475323516673,-267.35985967665675,-279.10213265648093,-1.0752865609764002e-09
889.2132155997518,386.99609673305036,3.948498737339072,-267.6991370739134,-279.4694095898487,-1.0752864835852553e-09
889.7132155997518,387.4960164352439,3.9485220907300653,-268.0384144731611,-279.8366865153615,-1.0752865815439103e-09
890.2132155997518,387.99593634394904,3.948545383923288,-268.37769187439386,-280.2039634330512,-1.0752867095640803e-09
890.7132155997518,388.49585645837016,3.9485686171511727,-268.71696927760553,-280.5712403429492,-1.0752865540389065e-09
891.2132155997518,388.9957767777158,3.948591790644956,-269.05624668279006,-280.9385172450871,-1.0752862002076208e-09
891.7132155997518,389.49569730119845,3.948614904634689,-269.3955240899413,-281.30579413949624,-1.0752865542005403e-09
892.2132155997518,389.99561802803476,3.948637959349241,-269.7348014990535,-281.67307102620765,-1.0752862920702097e-09
892.7132155997518,390.4955389574453,3.948660955016311,-270.07407891012036,-282.04034790525236,-1.075286521288559e-09
893.2132155997518,390.9954600886547,3.9486838918624327,-270.413356323136,-282.4076247766611,-1.075286584594315e-09
893.7132155997518,391.4953814208913,3.948706770112982,-270.7526337380945,-282.7749016404646,-1.0752863769724322e-09
894.2132155997518,391.9953029533877,3.948729589992186,-271.0919111549899,-283.1421784966932,-1.0752866332375613e-09
894.7132155997518,392.4952246853802,3.9487523517231287,-271.43118857381626,-283.5094553453773,-1.0752865983458183e-09
895.2132155997518,392.995146616109,3.948775055527759,-271.7704659945677,-283.87673218654703,-1.0752865719935426e-09
895.7132155997518,393.49506874481824,3.9487977016268982,-272.1097434172384,-284.24400902023234,-1.0752865316291953e-09
896.2132155997518,393.99499107075576,3.948820290240246,-272.4490208418225,-284.61128584646303,-1.0752863501259846e-09
896.7132155997518,394.4949135931733,3.948842821586389,-272.7882982683142,-284.9785626652688,-1.0752863999574366e-09
897.2132155997518,394.9948363113263,3.948865295882807,-273.1275756967075,-285.34583947667915,-1.0752864411858194e-09
897.7132155997518,395.4947592244741,3.94888771334588,-273.46685312699685,-285.71311628072357,-1.0752864344690754e-09
898.2132155997518,395.9946823318796,3.9489100741908953,-273.80613055917627,-286.08039307743115,-1.0752863374977252e-09
898.7132155997518,396.4946056328095,3.948932378632054,-274.14540799324027,-286.44766986683095,-1.0752863927267653e-09
899.2132155997518,396.99452912653425,3.948954626882478,-274.48468542918306,-286.8149466489518,-1.075286259046675e-09
899.7132155997518,397.4944528123278,3.948976819154218,-274.8239628669989,-287.1822234238225,-1.0752865438945758e-09
900.2132155997518,397.9943766894678,3.948998955658258,-275.16324030668204,-287.5495001914716,-1.0752866169759265e-09
900.7132155997518,398.49430075723564,3.949021036604524,-275.502517748227,-287.9167769519276,-1.0752865130559117e-09
901.2132155997518,398.99422501491614,3.9490430622018895,-275.841795191628,-288.28405370521875,-1.0752865346629244e-09
901.7132155997518,399.4941494617978,3.9490650326581824,-276.18107263687955,-288.65133045137327,-1.0752866069714648e-09
902.2132155997518,399.99407409717264,3.9490869481801916,-276.520350083976,-289.0186071904192,-1.0752863856587235e-09
902.7132155997518,400.4939989203362,3.9491088089736732,-276.8596275329117,-289.38588392238427,-1.0752863318358044e-09
903.2132155997518,400.99392393058747,3.949130615243357,-277.1989049836813,-289.75316064729617,-1.075286796528038e-09
903.7132155997518,401.493849127229,3.9491523671929536,-277.53818243627904,-290.1204373651825,-1.0752865516699873e-09
904.2132155997518,401.9937745095668,3.9491740650251597,-277.8774598906996,-290.4877140760708,-1.0752864737135245e-09
904.7132155997518,402.4937000769103,3.9491957089416645,-278.2167373469375,-290.8549907799881,-1.0752867205040847e-09
905.2132155997518,402.9936258285723,3.9492172991431573,-278.5560148049873,-291.2222674769617,-1.0752867660390709e-09
905.7132155997518,403.4935517638691,3.949238835829332,-278.8952922648434,-291.58954416701863,-1.0752868506524827e-09
906.2132155997518,403.9934778821203,3.9492603191988946,-279.23456972650047,-291.95682085018564,-1.0752866235503175e-09
906.7132155997518,404.49340418264893,3.949281749449568,-279.57384718995314,-292.3240975264894,-1.07528647879637e-09
907.2132155997518,404.9933306647813,3.9493031267780987,-279.9131246551959,-292.6913741959568,-1.0752864673815783e-09
907.7132155997518,405.493257327847,3.9493244513802632,-280.2524021222236,-293.058650858614,-1.075286634107396e-09
908.2132155997518,405.993184171179,3.949345723450874,-280.5916795910307,-293.42592751448746,-1.0752867798997412e-09
908.7132155997518,406.4931111941135,3.9493669431837843,-280.930957061612,-293.79320416360326,-1.075286709296927e-09
909.2132155997518,406.99303839598997,3.949388110771895,-281.27023453396225,-294.1604808059874,-1.0752868525175066e-09
909.7132155997518,407.49296577615104,3.949409226407161,-281.6095120080759,-294.5277574416658,-1.0752869259799139e-09
910.2132155997518,407.9928933339427,3.9494302902805956,-281.94878948394796,-294.8950340706644,-1.0752868817802419e-09
910.7132155997518,408.49282106871397,3.949451302582277,-282.2880669615731,-295.2623106930087,-1.0752868964126825e-09
911.2132155997518,408.99274897981724,3.9494722635013537,-282.62734444094605,-295.62958730872424,-1.0752868364657812e-09
911.7132155997518,409.4926770666079,3.949493173226051,-282.96662192206173,-295.99686391783644,-1.0752868658783973e-09
912.2132155997518,409.9926053284445,3.9495140319436763,-283.30589940491484,-296.36414052037054,-1.075286918318003e-09
912.7132155997518,410.4925337646887,3.949534839840623,-283.6451768895003,-296.73141711635145,-1.0752867082033053e-09
913.2132155997518,410.9924623747054,3.9495555971023792,-283.9844543758131,-297.0986937058044,-1.0752868199787324e-09
913.7132155997518,411.49239115786236,3.9495763039135308,-284.32373186384774,-297.4659702887542,-1.0752868147166343e-09
914.2132155997518,411.9923201135306,3.9495969604577676,-284.66300935359936,-297.83324686522565,-1.0752867600799602e-09
914.7132155997518,412.49224924108404,3.949617566917889,-285.0022868450629,-298.2005234352433,-1.075286856985768e-09
915.2132155997518,412.9921785398997,3.949638123475809,-285.3415643382332,-298.5677999988317,-1.0752868797666235e-09
915.7132155997518,413.4921080093577,3.9496586303125616,-285.6808418331054,-298.9350765560151,-1.0752868815494243e-09
916.2132155997518,413.9920376488409,3.949679087608307,-286.0201193296742,-299.3023531068178,-1.0752868417956301e-09
916.7132155997518,414.4919674577353,3.949699495542336,-286.35939682793463,-299.6696296512641,-1.075287005725924e-09
917.2132155997518,414.9918974354299,3.9497198542930745,-286.6986743278818,-300.0369061893778,-1.0752870730343854e-09
917.7132155997518,415.4918275813165,3.94974016403809,-287.03795182951086,-300.40418272118285,-1.0752866851723294e-09
918.2132155997518,415.9917578947898,3.949760424954097,-287.37722933281657,-300.77145924670305,-1.0752869949391334e-09
918.7132155997518,416.49168837524763,3.949780637216961,-287.7165068377942,-301.13873576596205,-1.0752870387221467e-09
919.2132155997518,416.99161902209045,3.949800801001704,-288.05578434443873,-301.5060122789833,-1.0752869742437662e-09
919.7132155997518,417.4915498347217,3.949820916482509,-288.3950618527453,-301.8732887857903,-1.0752866959603368e-09
920.2132155997518,417.99148081254765,3.9498409838327264,-288.734339362709,-302.2405652864062,-1.0752867268924963e-09
920.7132155997518,418.4914119549774,3.9498610032248784,-289.073616874325,-302.60784178085436,-1.0752866955395287e-09
921.2132155997518,418.99134326142297,3.949880974830663,-289.4128943875885,-302.9751182691578,-1.0752869186371358e-09
921.7132155997518,419.491274731299,3.9499008988209603,-289.7521719024945,-303.3423947513394,-1.0752869037694484e-09
922.2132155997518,419.9912063640229,3.9499207753658356,-290.0914494190386,-303.70967122742184,-1.0752868990234899e-09
922.7132155997518,420.49113815901507,3.949940604634547,-290.43072693721547,-304.0769476974282,-1.075286840167208e-09
923.2132155997518,420.99107011569845,3.9499603867955475,-290.77000445702066,-304.4442241613809,-1.0752868397922702e-09
923.7132155997518,421.4910022334988,3.9499801220164903,-291.1092819784494,-304.8115006193023,-1.0752869439462297e-09
924.2132155997518,421.9909345118446,3.9499998104642353,-291.44855950149696,-305.17877707121494,-1.0752867277317376e-09
924.7132155997518,422.490866950167,3.950019452304852,-291.78783702615857,-305.5460535171411,-1.075286758876987e-09
925.2132155997518,422.9907995478998,3.950039047703625,-292.12711455242936,-305.91332995710303,-1.0752868950037753e-09
925.7132155997518,423.4907323044796,3.9500585968250572,-292.4663920803049,-306.28060639112255,-1.0752866560397443e-09
926.2132155997518,423.99066521934543,3.9500780998328775,-292.8056696097803,-306.6478828192219,-1.0752866412812344e-09
926.7132155997518,424.4905982919392,3.9500975568900416,-293.1449471408511,-307.0151592414226,-1.0752864804375404e-09
927.2132155997518,424.9905315217053,3.9501169681587394,-293.48422467351264,-307.3824356577466,-1.0752866385267403e-09
927.7132155997518,425.49046490809076,3.950136333800398,-293.82350220776016,-307.7497120682155,-1.075286415669362e-09
928.2132155997518,425.9903984505452,3.950155653975687,-294.1627797435892,-308.1169884728507,-1.0752865379079889e-09
928.7132155997518,426.4903321485208,3.9501749288445223,-294.50205728099525,-308.48426487167376,-1.0752866315740118e-09
929.2132155997518,426.9902660014723,3.950194158566071,-294.84133481997344,-308.851541264706,-1.075286227482714e-09
929.7132155997518,427.4902000088571,3.950213343298756,-295.1806123605194,-309.21881765196855,-1.0752864448555096e-09
930.2132155997518,427.9901341701349,3.950232483200258,-295.51988990262873,-309.58609403348254,-1.0752862786534934e-09
930.7132155997518,428.4900684847682,3.9502515784275247,-295.85916744629674,-309.953370409269,-1.0752864057163338e-09
931.2132155997518,428.9900029522217,3.9502706291367695,-296.198444991519,-310.32064677934864,-1.075286147960557e-09
931.7132155997518,429.4899375719628,3.9502896354834798,-296.53772253829106,-310.6879231437424,-1.0752862644715523e-09
932.2132155997518,429.9898723434613,3.9503085976224197,-296.87700008660835,-311.0551995024711,-1.0752860807795158e-09
932.7132155997518,430.4898072661895,3.950327515707634,-297.2162776364664,-311.42247585555526,-1.0752861348090548e-09
933.2132155997518,430.989742339622,3.9503463898924527,-297.5555551878609,-311.7897522030152,-1.0752863515549533e-09
933.7132155997518,431.48967756323606,3.950365220329495,-297.8948327407873,-312.1570285448716,-1.0752861683858846e-09
934.2132155997518,431.9896129365112,3.9503840071706744,-298.2341102952413,-312.5243048811446,-1.0752863913216495e-09
934.7132155997518,432.4895484589294,3.950402750567201,-298.5733878512184,-312.8915812118545,-1.0752862636708636e-09
935.2132155997518,432.989484129975,3.950421450669586,-298.9126654087145,-313.25885753702124,-1.075286000665344e-09
935.7132155997518,433.48941994913463,3.9504401076276476,-299.251942967725,-313.62613385666486,-1.0752861820902716e-09
936.2132155997518,433.9893559158975,3.950458721590513,-299.59122052824563,-313.99341017080536,-1.0752860611935684e-09
936.7132155997518,434.48929202975495,3.9504772927066227,-299.9304980902721,-314.3606864794625,-1.0752863897901161e-09
937.2132155997518,434.9892282902008,3.9504958211237353,-300.2697756538001,-314.72796278265616,-1.0752861542081006e-09
937.7132155997518,435.4891646967311,3.9505143069889304,-300.6090532188252,-315.09523908040586,-1.0752862745796144e-09
938.2132155997518,435.98910124884424,3.950532750448613,-300.9483307853432,-315.46251537273105,-1.0752862001432407e-09
938.7132155997518,436.48903794604087,3.9505511516485172,-301.2876083533499,-315.8297916596513,-1.0752859299958051e-09
939.2132155997518,436.988974787824,3.95056951073371,-301.6268859228411,-316.1970679411858,-1.0752864285045287e-09
939.7132155997518,437.4889117736989,3.9505878278485964,-301.9661634938125,-316.564344217354,-1.075286267013716e-09
940.2132155997518,437.98884890317294,3.9506061031369204,-302.3054410662598,-316.931620488175,-1.0752863125411473e-09
940.7132155997518,438.48878617575593,3.9506243367417713,-302.64471864017884,-317.29889675366786,-1.0752863701609456e-09
941.2132155997518,438.9887235909598,3.950642528805586,-302.9839962155656,-317.6661730138515,-1.0752865035040477e-09
941.7132155997518,439.4886611482987,3.950660679470154,-303.3232737924159,-318.03344926874485,-1.0752865186063644e-09
942.2132155997518,439.9885988472891,3.9506787888766195,-303.66255137072534,-318.40072551836664,-1.0752867254903695e-09
942.7132155997518,440.4885366874495,3.950696857165487,-304.00182895048994,-318.7680017627358,-1.0752864291143662e-09
943.2132155997518,440.9884746683006,3.950714884476622,-304.34110653170563,-319.13527800187086,-1.0752865931174188e-09
943.7132155997518,441.48841278936544,3.950732870949258,-304.6803841143682,-319.5025542357904,-1.0752866028707717e-09
944.2132155997518,441.98835105016894,3.950750816721998,-305.01966169847356,-319.86983046451275,-1.075286505661985e-09
944.7132155997518,442.4882894502384,3.950768721932818,-305.3589392840177,-320.2371066880563,-1.075286503487702e-09
945.2132155997518,442.98822798910317,3.950786586719072,-305.6982168709966,-320.60438290643935,-1.0752863146922869e-09
945.7132155997518,443.48816666629466,3.950804411217494,-306.037494459406,-320.97165911968017,-1.0752863686983104e-09
946.2132155997518,443.98810548134645,3.950822195564202,-306.3767720492421,-321.3389353277968,-1.075286456637898e-09
946.7132155997518,444.48804443379424,3.9508399398947027,-306.7160496405008,-321.7062115308073,-1.0752864509737974e-09
947.2132155997518,444.9879835231757,3.950857644343892,-307.0553272331779,-322.0734877287296,-1.0752865303638699e-09
947.7132155997518,445.48792274903076,3.950875309046061,-307.3946048272698,-322.4407639215815,-1.075286260715202e-09
948.2132155997518,445.9878621109012,3.9508929341348993,-307.7338824227722,-322.80804010938084,-1.0752862673554004e-09
948.7132155997518,446.4878016083309,3.9509105197434966,-308.0731600196812,-323.1753162921453,-1.0752862613839784e-09
949.2132155997518,446.98774124086594,3.9509280660043475,-308.412437617993,-323.5425924698924,-1.0752862550462693e-09
949.7132155997518,447.48768100805427,3.9509455730493546,-308.7517152177037,-323.9098686426397,-1.0752861117867926e-09
950.2132155997518,447.9876209094458,3.9509630410098318,-309.090992818809,-324.27714481040476,-1.075286057822619e-09
950.7132155997518,448.48756094459264,3.950980470016507,-309.4302704213054,-324.64442097320494,-1.0752863086138819e-09
951.2132155997518,448.9875011130487,3.950997860199526,-309.7695480251888,-325.01169713105736,-1.075286147951562e-09
951.7132155997518,449.48744141437004,3.9510152116884556,-310.1088256304553,-325.37897328397946,-1.0752863570907037e-09
952.2132155997518,449.9873818481145,3.9510325246122866,-310.4481032371011,-325.74624943198813,-1.0752862947858482e-09
952.7132155997518,450.4873224138421,3.951049799099437,-310.7873808451224,-326.11352557510054,-1.0752861675734088e-09
953.2132155997518,450.9872631111146,3.951067035277756,-311.12665845451534,-326.4808017133336,-1.0752858985410813e-09
953.7132155997518,451.4872039394958,3.9510842332745253,-311.4659360652761,-326.8480778467042,-1.075285953084787e-09
954.2132155997518,451.98714489855143,3.9511013932164643,-311.80521367740096,-327.2153539752291,-1.0752861728874553e-09
954.7132155997518,452.4870859878491,3.9511185152297323,-312.1444912908859,-327.58263009892516,-1.075286069438276e-09
955.2132155997518,452.9870272069584,3.9511355994399313,-312.4837689057273,-327.9499062178089,-1.0752860927932538e-09
955.7132155997518,453.48696855545063,3.9511526459721096,-312.8230465219213,-328.317182331897,-1.0752862166741523e-09
956.2132155997518,453.98691003289923,3.9511696549507644,-313.1623241394642,-328.68445844120606,-1.0752862833297811e-09
956.7132155997518,454.4868516388794,3.951186626499845,-313.5016017583523,-329.05173454575225,-1.075286137874775e-09
957.2132155997518,454.98679337296807,3.9512035607427567,-313.84087937858175,-329.4190106455522,-1.0752863291833561e-09
957.7132155997518,455.48673523474423,3.9512204578023615,-314.18015700014894,-329.786286740622,-1.075286247464744e-09
958.2132155997518,455.9866772237886,3.951237317800983,-314.5194346230502,-330.15356283097776,-1.0752865537354788e-09
958.7132155997518,456.4866193396838,3.9512541408604105,-314.8587122472817,-330.52083891663597,-1.0752862697889104e-09
959.2132155997518,456.9865615820142,3.9512709271018975,-315.19798987283997,-330.8881149976123,-1.0752864175427985e-09
959.7132155997518,457.486503950366,3.95128767664617,-315.53726749972117,-331.255391073923,-1.0752866392713433e-09
960.2132155997518,457.98644644432727,3.951304389613425,-315.87654512792176,-331.6226671455838,-1.0752866474390444e-09
960.7132155997518,458.4863890634878,3.9513210661233362,-316.21582275743805,-331.9899432126107,-1.0752867013118924e-09
961.2132155997518,458.9863318074392,3.951337706295056,-316.5551003882662,-332.3572192750195,-1.0752865734315085e-09
961.7132155997518,459.48627467577484,3.9513543102472166,-316.8943780204031,-332.7244953328256,-1.0752865128504655e-09
962.2132155997518,459.9862176680898,3.9513708780979364,-317.2336556538447,-333.0917713860449,-1.0752863488700192e-09
962.7132155997518,460.48616078398106,3.95138740996482,-317.5729332885876,-333.45904743469293,-1.0752865508406116e-09
963.2132155997518,460.98610402304723,3.951403905964961,-317.9122109246282,-333.826323478785,-1.0752867087719399e-09
963.7132155997518,461.48604738488865,3.9514203662149465,-318.25148856196296,-334.1935995183367,-1.075286765515936e-09
964.2132155997518,461.98599086910747,3.9514367908308587,-318.5907662005884,-334.5608755533633,-1.0752867198431529e-09
964.7132155997518,462.4859344753075,3.951453179928278,-318.93004384050084,-334.9281515838802,-1.0752865681545364e-09
965.2132155997518,462.9858782030942,3.951469533622285,-319.2693214816968,-335.29542760990245,-1.0752865262682776e-09
965.7132155997518,463.4858220520749,3.951485852027464,-319.60859912417277,-335.66270363144525,-1.0752863056669198e-09
966.2132155997518,463.98576602185847,3.9515021352579054,-319.9478767679253,-336.0299796485237,-1.0752867147810187e-09
966.7132155997518,464.4857101120555,3.9515183834272083,-320.2871544129509,-336.39725566115277,-1.0752867497100446e-09
967.2132155997518,464.9856543222782,3.951534596648483,-320.6264320592461,-336.7645316693473,-1.0752869375753632e-09
967.7132155997518,465.4855986521406,3.9515507750343546,-320.9657097068074,-337.13180767312235,-1.075286617313264e-09
968.2132155997518,465.98554310125826,3.951566918696964,-321.30498735563134,-337.49908367249265,-1.075286832248733e-09
968.7132155997518,466.4854876692484,3.9515830277479713,-321.6442650057146,-337.8663596674729,-1.0752869180571455e-09
969.2132155997518,466.98543235572987,3.9515991022985593,-321.98354265705353,-338.2336356580778,-1.0752866444254825e-09
969.7132155997518,467.4853771603232,3.951615142459434,-322.322820309645,-338.60091164432197,-1.0752868124952443e-09
970.2132155997518,467.98532208265044,3.951631148340829,-322.66209796348534,-338.96818762621996,-1.07528697331782e-09
970.7132155997518,468.48526712233536,3.951647120052507,-323.00137561857133,-339.33546360378614,-1.0752869932812325e-09
971.2132155997518,468.9852122790033,3.951663057703763,-323.3406532748996,-339.7027395770352,-1.0752869409865836e-09
971.7132155997518,469.4851575522811,3.951678961403426,-323.6799309324667,-340.0700155459811,-1.0752867813056178e-09
972.2132155997518,469.9851029417974,3.951694831259862,-324.01920859126926,-340.43729151063843,-1.075286772938679e-09
972.7132155997518,470.4850484471821,3.9517106673809765,-324.35848625130404,-340.80456747102136,-1.075286871159819e-09
973.2132155997518,470.984994068067,3.9517264698742167,-324.6977639125676,-341.1718434271439,-1.0752867404875602e-09
973.7132155997518,471.4849398040853,3.951742238846574,-325.0370415750568,-341.5391193790204,-1.0752866294423715e-09
974.2132155997518,471.9848856548717,3.9517579744045865,-325.376319238768,-341.9063953266648,-1.0752868709911754e-09
974.7132155997518,472.48483162006244,3.951773676654341,-325.71559690369827,-342.273671270091,-1.0752867482268599e-09
975.2132155997518,472.9847776992954,3.9517893457014766,-326.0548745698441,-342.64094720931286,-1.0752868739496086e-09
975.7132155997518,473.48472389221,3.951804981651185,-326.3941522372024,-343.00822314434436,-1.0752867265991295e-09
976.2132155997518,473.98467019844713,3.951820584608215,-326.7334299057696,-343.37549907519934,-1.0752868102666718e-09
976.7132155997518,474.4846166176491,3.951836154676873,-327.0727075755427,-343.74277500189146,-1.075286608061462e-09
977.2132155997518,474.98456314945986,3.9518516919610276,-327.4119852465185,-344.11005092443435,-1.0752867923153905e-09
977.7132155997518,475.48450979352475,3.951867196564109,-327.75126291869356,-344.47732684284165,-1.0752864881602e-09
978.2132155997518,475.9844565494907,3.9518826685891133,-328.0905405920648,-344.84460275712684,-1.0752865351448487e-09
978.7132155997518,476.48440341700604,3.951898108138605,-328.429818266629,-345.21187866730367,-1.0752865097548223e-09
979.2132155997518,476.98435039572064,3.951913515314718,-328.76909594238293,-345.5791545733854,-1.075286524337941e-09
979.7132155997518,477.48429748528577,3.9519288902191576,-329.1083736193235,-345.9464304753854,-1.0752866853580746e-09
980.2132155997518,477.98424468535416,3.951944232953205,-329.4476512974475,-346.31370637331696,-1.0752864923943545e-09
980.7132155997518,478.48419199558,3.951959543617717,-329.7869289767516,-346.6809822671934,-1.0752863963341541e-09
981.2132155997518,478.9841394156189,3.95197482231313,-330.1262066572329,-347.0482581570278,-1.0752864087659216e-09
981.7132155997518,479.48408694512807,3.9519900691394607,-330.4654843388882,-347.4155340428335,-1.075286371226604e-09
982.2132155997518,479.9840345837659,3.95200528419631,-330.8047620217143,-347.7828099246234,-1.0752865436593997e-09
982.7132155997518,480.4839823311923,3.952020467582863,-331.14403970570805,-348.15008580241073,-1.075286433967329e-09
983.2132155997518,480.9839301870686,3.9520356193978943,-331.4833173908664,-348.5173616762084,-1.0752864627522862e-09
983.7132155997518,481.4838781510576,3.9520507397397657,-331.8225950771863,-348.8846375460292,-1.0752865486369363e-09
984.2132155997518,481.9838262228234,3.952065828706433,-332.1618727646645,-349.2519134118862,-1.075286369788142e-09
984.7132155997518,482.4837744020315,3.9520808863954446,-332.5011504532981,-349.619189273792,-1.0752866487108176e-09
985.2132155997518,482.9837226883488,3.9520959129039457,-332.840428143084,-349.98646513175953,-1.075286501716561e-09
985.7132155997518,483.4836710814436,3.952110908328679,-333.17970583401916,-350.35374098580144,-1.075286482653005e-09
986.2132155997518,483.9836195809856,3.9521258727659885,-333.51898352610044,-350.7210168359303,-1.0752865034543592e-09
986.7132155997518,484.4835681866457,3.9521408063118195,-333.85826121932485,-351.08829268215885,-1.0752863997909344e-09
987.2132155997518,484.98351689809635,3.9521557090617216,-334.19753891368947,-351.4555685244994,-1.0752865458299131e-09
987.7132155997518,485.4834657150112,3.9521705811108516,-334.5368166091912,-351.8228443629647,-1.0752865432715864e-09
988.2132155997518,485.9834146370654,3.952185422553974,-334.876094305827,-352.190120197567,-1.0752866063714202e-09
988.7132155997518,486.48336366393517,3.9522002334854642,-335.21537200359387,-352.5573960283187,-1.0752867166653202e-09
989.2132155997518,486.98331279529833,3.9522150139993095,-335.5546497024889,-352.9246718552322,-1.0752865583924993e-09
989.7132155997518,487.4832620308339,3.952229764189112,-335.89392740250906,-353.2919476783198,-1.0752864844125736e-09
990.2132155997518,487.9832113702222,3.95224448414809,-336.23320510365136,-353.65922349759364,-1.0752865431023727e-09
990.7132155997518,488.4831608131449,3.9522591739690798,-336.57248280591295,-354.02649931306576,-1.0752865627422945e-09
991.2132155997518,488.9831103592849,3.9522738337445387,-336.91176050929084,-354.3937751247485,-1.0752865899569e-09
991.7132155997518,489.48306000832656,3.952288463566546,-337.2510382137822,-354.7610509326539,-1.075286667910725e-09
992.2132155997518,489.98300975995534,3.9523030635268044,-337.59031591938395,-355.1283267367939,-1.0752862730303804e-09
992.7132155997518,490.482959613858,3.952317633716644,-337.9295936260932,-355.49560253718045,-1.0752865033728317e-09
993.2132155997518,490.98290956972266,3.9523321742270214,-338.2688713339072,-355.8628783338254,-1.0752866874777967e-09
993.7132155997518,491.4828596272387,3.9523466851485245,-338.6081490428229,-356.23015412674073,-1.0752865858634296e-09
994.2132155997518,491.9828097860967,3.952361166571372,-338.94742675283754,-356.5974299159382,-1.0752866465536786e-09
994.7132155997518,492.4827600459885,3.952375618585417,-339.2867044639479,-356.96470570142975,-1.0752864899067496e-09
995.2132155997518,492.98271040660734,3.952390041280147,-339.6259821761516,-357.3319814832269,-1.0752865513927623e-09
995.7132155997518,493.48266086764744,3.952404434744688,-339.96525988944546,-357.6992572613414,-1.0752867184020372e-09
996.2132155997518,493.98261142880443,3.9524187990678037,-340.30453760382676,-358.0665330357849,-1.075286616056332e-09
996.7132155997518,494.4825620897751,3.9524331343379,-340.6438153192927,-358.4338088065688,-1.0752866651089176e-09
997.2132155997518,494.98251285025754,3.9524474406430254,-340.98309303584034,-358.8010845737047,-1.0752867515610405e-09
997.7132155997518,495.482463709951,3.9524617180708725,-341.32237075346706,-359.16836033720404,-1.0752865699571203e-09
998.2132155997518,495.9824146685559,3.9524759667087808,-341.66164847216993,-359.5356360970783,-1.075286589438855e-09
998.7132155997518,496.482365725774,3.952490186643738,-342.0009261919461,-359.9029118533389,-1.0752866919574872e-09
999.2132155997518,496.9823168813081,3.952504377962381,-342.3402039127928,-360.27018760599714,-1.0752866984807907e-09
999.7132155997518,497.4822681348623,3.9525185407509995,-342.6794816347073,-360.63746335506426,-1.0752863714955193e-09
1000.2132155997518,497.9822194861418,3.9525326750955356,-343.01875935768686,-361.00473910055143,-1.0752863453703855e-09
1000.7132155997518,498.48217093485306,3.9525467810815873,-343.35803708172864,-361.3720148424699,-1.0752863733319498e-09
1001.2132155997518,498.9821224807037,3.952560858794409,-343.69731480683,-361.73929058083087,-1.0752863363379078e-09
1001.7132155997518,499.4820741234025,3.952574908318914,-344.0365925329881,-362.1065663156454,-1.0752864192797706e-09
1002.2132155997518,499.98202586265944,3.9525889297396763,-344.3758702602002,-362.4738420469245,-1.07528655974086e-09
1002.7132155997518,500.4819776981855,3.952602923140931,-344.71514798846374,-362.84111777467916,-1.0752864577388438e-09
1003.2132155997518,500.981929629693,3.9526168886065776,-345.05442571777587,-363.2083934989203,-1.0752865875035239e-09
1003.7132155997518,501.4818816568953,3.952630826220181,-345.393703448134,-363.57566921965895,-1.0752864121611426e-09
1004.2132155997518,501.981833779507,3.952644736064973,-345.7329811795352,-363.9429449369059,-1.0752865125308572e-09
1004.7132155997518,502.48178599724366,3.952658618223854,-346.0722589119769,-364.3102206506721,-1.0752865858654684e-09
1005.2132155997518,502.98173830982216,3.952672472779395,-346.4115366454565,-364.6774963609682,-1.0752865656076976e-09
1005.7132155997518,503.4816907169604,3.952686299813839,-346.75081437997125,-365.04477206780496,-1.0752863289155225e-09
1006.2132155997518,503.9816432183773,3.9527000994091024,-347.09009211551853,-365.412047771193,-1.0752862609951202e-09
1006.7132155997518,504.4815958137932,3.9527138716467767,-347.4293698520957,-365.7793234711431,-1.0752863986315722e-09
1007.2132155997518,504.98154850292923,3.9527276166081307,-347.76864758970015,-366.14659916766567,-1.0752864990524589e-09
1007.2316688411105,504.99999999999994,3.952728123365449,-347.78116913767906,-366.16015402174634,-1.0752865505748625e-09
