tau,r,phi,X,Y,H
0.0,500.0,0.0,500.0,0.0,-0.0
0.004889124540300846,499.99511134372705,1.3709184434922632e-07,499.99511134372233,6.85452519797081e-05,-1.208035683820705e-16
0.05378036994330931,499.94622478150393,1.5081576369458915e-06,499.9462247809353,0.0007539977169662066,-6.044897499618914e-17
0.5426928239733939,499.4573592099538,1.523356648502446e-05,499.45735915200135,0.007608516887665301,-1.2184634567383243e-16
1.042692823973394,498.95740725113734,2.9298036641068045e-05,498.95740703699107,0.014618472397884776,6.141246039447005e-17
1.542692823973394,498.4574553891834,4.339069920367655e-05,498.4574549199473,0.02162841750583525,-0.0
2.042692823973394,497.95750362438326,5.751163910352185e-05,497.95750280086395,0.028638352221548893,-1.248087297849073e-16
2.542692823973394,497.4575519570294,7.166094161273451e-05,497.4575506797349,0.03564827655509582,-6.290707151443011e-17
3.042692823973394,496.9576003874154,8.583869234662136e-05,496.95759855655376,0.042658190516584295,-2.5365736667895066e-16
3.542692823973394,496.4576489158361,0.00010004497726539359,496.45764643131446,0.04966809411616093,-3.196311072684022e-16
4.042692823973394,495.9576975425875,0.00011427988267590517,495.9576943040106,0.0566779873640109,-4.510993023205533e-16
4.542692823973394,495.45774626796674,0.00012854349523340182,495.457742174636,0.06368787027035804,-1.9489199057678988e-16
5.042692823973394,494.95779509227225,0.00014283590194328065,494.9577900431843,0.07069774284546518,-2.6195994903944537e-16
5.542692823973394,494.45784401580363,0.00015715719016286045,494.4578379096492,0.07770760509963429,-1.9806233058415782e-16
6.042692823973394,493.95789303886164,0.00017150744760316257,493.9578857740242,0.08471745704320656,-3.327820719297673e-16
6.542692823973394,493.45794216174835,0.00018588676233070292,493.45793363630304,0.09172729868656286,-4.0258169460481305e-16
7.042692823973394,492.95799138476696,0.00020029522276929462,492.9579814964792,0.09873713004012365,-3.3821215412306113e-16
7.542692823973394,492.458040708222,0.0002147329177018618,492.4580293545462,0.10574695111434944,-2.727716397369872e-16
8.042692823973393,491.9580901324191,0.00022919993627226425,491.9580772104977,0.11275676191974077,-3.437421868579135e-16
8.542692823973393,491.45813965766524,0.00024369636798713358,491.458125064327,0.11976656246683863,-4.851634525530209e-16
9.042692823973393,490.95818928426866,0.0002582223027177201,490.9581729160277,0.1267763527662245,-4.192490631813182e-16
9.542692823973393,490.45823901253874,0.0002727778307017514,490.45822076559307,0.13378613282852067,-2.817833107590456e-16
10.042692823973393,489.95828884278626,0.00028736304254530214,489.9582686130166,0.1407959026643903,-5.681765552090122e-16
10.542692823973393,489.45833877532317,0.0003019780292246753,489.45831645829173,0.14780566228453784,-5.012253600918955e-16
11.042692823973393,488.9583888104627,0.00031662288208829506,488.9583643014115,0.15481541169970905,-5.775243406221106e-16
11.542692823973393,488.45843894851936,0.0003312976928586111,488.4584121423695,0.16182515092069133,-4.366973017176907e-16
12.042692823973393,487.95848918980903,0.000346002553634015,487.9584599811589,0.16883487995831398,-2.2014210514460324e-16
12.542692823973393,487.4585395346488,0.0003607375568907678,487.458507817773,0.1758445988234482,-2.219521596398792e-16
13.042692823973393,486.9585899833572,0.0003755027954849402,486.95855565220495,0.18285430752700751,-1.4918599020637718e-16
13.542692823973393,486.45864053625377,0.00039029836265436403,486.45860348444796,0.18986400607994794,-7.520758501928082e-17
14.042692823973393,485.9586911936596,0.0004051243520205963,485.9586513144951,0.19687369449326814,-1.5165576250146716e-16
14.542692823973393,485.4587419558971,0.000419980857590895,485.4586991423396,0.20388337277800975,-1.5290788549852836e-16
15.042692823973393,484.9587928232899,0.0004348679737602072,484.9587469679745,0.21089304094525746,-3.8542914568684486e-16
15.542692823973393,484.4588437961631,0.0004497857953131699,484.45879479139285,0.2179026990061394,-2.3317080214997833e-16
16.042692823973393,483.95889487484294,0.00046473441742612254,483.9588426125878,0.22491234697182727,-3.1346927390524253e-16
16.542692823973393,483.4589460596572,0.00047971393566913255,483.4588904315521,0.23192198485353652,-2.3705113230487074e-16
17.042692823973393,482.9589973509349,0.0004947244460080332,482.95893824827886,0.23893161266252683,-2.390185199481106e-16
17.542692823973393,482.45904874900646,0.0005097660448064743,482.45898606276097,0.24594123041010174,-2.4100430766976616e-16
18.042692823973393,481.9591002542037,0.0005248388288279858,481.95903387499135,0.2529508381076099,-0.0
18.542692823973393,481.45915186685977,0.0005399428952380534,481.4590816849629,0.25996043576644423,-2.450318514575985e-16
19.042692823973393,480.9592035873092,0.0005550783416062084,480.95912949266835,0.26697002339804277,8.235799903083563e-17
19.542692823973393,480.459255415888,0.0005702452659081295,480.45917729810066,0.2739796010138887,8.304510733287115e-17
20.042692823973393,479.95930735293337,0.0005854437665277589,479.9592251012524,0.28098916862551077,8.373867553316853e-17
20.542692823973393,479.45935939878416,0.0006006739422594295,479.4592729021164,0.2879987262444833,-0.0
21.042692823973393,478.9594115537805,0.0006159358923100083,478.95932070068545,0.2950082738824267,-1.7029092542866917e-16
21.542692823973393,478.45946381826394,0.000631229716301051,478.459368496952,0.30201781155100726,-1.7171763838878926e-16
22.042692823973393,477.9595161925775,0.000646555514270971,477.95941629090885,0.30902733926193793,8.657891059082867e-17
22.542692823973393,477.4595686770656,0.000661913386677222,477.4594640825486,0.3160368570269782,8.730580765415862e-17
23.042692823973393,476.9596212720741,0.0006773034343984941,476.95951187186375,0.3230463648579344,1.7607916390701694e-16
23.542692823973393,476.4596739779504,0.0006927257587369242,476.45955965884684,0.33005586276666027,1.7756061177389913e-16
24.042692823973393,475.9597267950432,0.0007081804614203196,475.95960744349037,0.33706535076505656,4.47640263459934e-16
24.542692823973393,475.45977972370275,0.0007236676446043961,475.45965522578683,0.34407482886507196,3.6113158582475814e-16
25.042692823973393,474.9598327642808,0.0007391874108750306,474.9597030057286,0.3510842970787029,5.4626947276780575e-16
25.542692823973393,474.4598859171305,0.0007547398632505268,474.45975078330815,0.3580937554179941,2.7544252658248947e-16
26.042692823973393,473.9599391826066,0.0007703251051838964,473.95979855851766,0.3651032038950385,2.7777229007337536e-16
26.542692823973393,473.4599925610652,0.0007859432405651544,473.4598463313496,0.37211264252197784,3.7349901286374996e-16
27.042692823973393,472.960046052864,0.0008015943737236284,472.95989410179624,0.3791220713110028,4.708311180223383e-16
27.542692823973393,472.46009965836225,0.0008172786094302834,472.45994186984973,0.3861314902743531,4.748262697145349e-16
28.042692823973393,471.9601533779206,0.0008329960529000607,471.95998963550244,0.393140899424318,2.8731577373840776e-16
28.542692823973393,471.4602072119013,0.0008487468097942322,471.46003739874635,0.4001502987732366,6.76104217620432e-16
29.042692823973393,470.9602611606682,0.0008645309862227693,470.9600851595738,0.40715968833349764,5.844510771275739e-16
29.542692823973393,470.46031522458657,0.0008803486887467273,470.46013291797675,0.41416906811754045,4.911929797030387e-16
30.042692823973393,469.96036940402325,0.0008962000243806443,469.9601806739474,0.42117843813785455,4.953832512209614e-16
30.542692823973393,469.4604236993467,0.0009120851005949566,469.46022842747755,0.42818779840698046,5.995365656294928e-16
31.042692823973393,468.9604781109269,0.0009280040253184283,468.96027617855935,0.43519714893750977,3.023310425941403e-16
31.542692823973393,468.4605326391354,0.0009439569069405972,468.4603239271848,0.4422064897420852,4.0655798885643914e-16
32.0426928239734,467.9605872843454,0.0009599438543142362,467.96037167334566,0.4492158208334012,4.1004119282112026e-16
32.5426928239734,467.4606420469317,0.0009759649767578304,467.4604194170339,0.4562251422242042,2.0677901286392913e-16
33.0426928239734,466.9606969272706,0.0009920203840580704,466.9604671582413,0.4632344539272925,6.256632732573982e-16
33.5426928239734,466.46075192574006,0.0010081101864723614,466.46051489695975,0.4702437559555171,2.1034701384420898e-16
34.0426928239734,465.9608070427197,0.0010242344947313483,465.9605626331809,0.4772530483217815,4.2431393214409344e-16
34.5426928239734,465.46086227859075,0.0010403934200414573,465.4606103668966,0.4842623310390426,3.2097670234259e-16
35.0426928239734,464.960917633736,0.001056587074087454,464.96065809809846,0.49127160412031007,4.316594193205106e-16
35.5426928239734,464.46097310854003,0.0010728155690350176,464.46070582677817,0.49828086757864753,2.1769288196469624e-16
36.0426928239734,463.96102870338893,0.0010890790175333326,463.96075355292726,0.5052901214271723,4.391483580360841e-16
36.5426928239734,463.4610844186705,0.001105377532717696,463.46080127653727,0.512299365679056,3.322106955082435e-16
37.0426928239734,462.9611402547743,0.0011217112282121422,462.9608489975998,0.5193086003475245,4.467838689023383e-16
37.5426928239734,462.4611962120914,0.0011380802181320854,462.4608967161063,0.5263178254458586,5.069897825592176e-16
38.0426928239734,461.9612522910147,0.0011544846170869778,461.96094443204817,0.5333270409873938,4.545691473826834e-16
38.5426928239734,461.46130849193884,0.0011709245401829863,461.4609921454169,0.5403362469855219,4.585189690097531e-16
39.0426928239734,460.96136481525997,0.001187400103025686,460.9610398562038,0.5473454434536889,2.890671660972413e-16
39.5426928239734,460.46142126137613,0.0012039114217227715,460.4610875644002,0.554354630405398,-5.831688237357413e-17
40.0426928239734,459.961477830687,0.0012204586128867856,459.9611352699974,0.5613638078542079,2.9412635945853024e-16
40.5426928239734,459.461534523594,0.0012370417936378663,459.4611829729865,0.5683729758137344,4.1537059002106917e-16
41.0426928239734,458.96159134050043,0.0012536610816065111,458.9612306733588,0.5753821342976498,5.985708844253882e-17
41.5426928239734,458.46164828181116,0.0012703165949363602,458.46127837110544,0.5823912833196838,2.4152250126759113e-16
42.0426928239734,457.96170534793293,0.0012870084522869968,457.96132606621757,0.5894004228936233,3.6545593353446355e-16
42.5426928239734,457.4617625392742,0.0013037367728367668,457.46137375868614,0.5964095530333133,-0.0
43.0426928239734,456.9618198562453,0.001320501676285617,456.96142144850234,0.6034186737526571,1.8594727011195994e-16
43.5426928239734,456.4618772992583,0.0013373032828579512,456.461469135657,0.6104277850656159,6.252694278653104e-17
44.0426928239734,455.961934868727,0.0013541417133055053,455.96151682014107,0.6174368869862101,6.30768527646914e-17
44.5426928239734,455.46199256506713,0.0013710170889102413,455.4615645019456,0.6244459795285191,3.181610634204025e-16
45.0426928239734,454.9620503886962,0.001387929531487262,454.9616121810612,0.6314550627066816,3.2096541322034435e-16
45.5426928239734,454.4621083400335,0.0014048791633877414,454.46165985747876,0.6384641365348962,3.885571408439883e-16
46.0426928239734,453.9621664195003,0.0014218661075018786,453.96170753118906,0.6454732010274213,3.919895804571903e-16
46.5426928239734,453.4622246275196,0.0014388904872618682,453.46175520218287,0.6524822561985764,3.2954682384572874e-16
47.0426928239734,452.9622829645163,0.0014559524266448908,452.9618028704507,0.6594913020627408,5.319431250460801e-16
47.5426928239734,452.4623414309172,0.0014730520501761255,452.46185053598333,0.6665003386343556,3.3541119087590174e-16
48.0426928239734,451.962400027151,0.0014901894829317795,451.9618981987712,0.6735093659279231,4.060648321781198e-16
48.5426928239734,451.46245875364815,0.0015073648505421397,451.461945858805,0.6805183839580073,2.0483597283530747e-16
49.0426928239734,450.9625176108412,0.001524578279194644,450.961993516075,0.6875273927392344,2.7554344455872714e-16
49.5426928239734,450.4625765991645,0.0015418298956369728,450.4620411705718,0.6945363922862927,4.1699489785889025e-16
50.0426928239734,449.9626357190544,0.001559119827180162,449.96208882228575,0.7015453826139341,4.2071154584534665e-16
50.5426928239734,449.4626949709491,0.0015764482017017354,449.46213647120715,0.7085543637369727,3.537212690915811e-16
51.0426928239734,448.96275435528884,0.0015938151476488597,448.9621841173264,0.715563335670287,4.282572462321601e-16
51.5426928239734,448.4628138725157,0.0016112207940415187,448.4622317606336,0.7225722984288185,2.8805809208465836e-16
52.0426928239734,447.9628735230739,0.0016286652704757105,447.96227940111896,0.7295812520275736,2.906370840756717e-16
52.5426928239734,447.46293330740946,0.0016461487071266648,447.46232703877274,0.7365901964816228,-7.331052383086277e-17
53.0426928239734,446.96299322597054,0.001663671234752083,446.962374673585,0.743599131806102,1.4793670896028352e-16
53.5426928239734,446.46305327920726,0.0016812329846953994,446.4624223055458,0.750608058016212,7.46328368928164e-17
54.0426928239734,445.96311346757165,0.0016988340888890636,445.962469934645,0.7576169751272195,2.259121377301844e-16
54.5426928239734,445.46317379151793,0.0017164746798578464,445.4625175608728,0.7646258831544569,7.5982057300538e-17
55.0426928239734,444.96323425150223,0.0017341548907221676,444.96256518421893,0.7716347821133235,-7.666694777294812e-17
55.5426928239734,444.4632948479828,0.0017518748552014453,444.4626128046733,0.778643672019285,-0.0
56.0426928239734,443.96335558141993,0.0017696347076174691,443.9626604222256,0.7856525528878746,1.5611535515040618e-16
56.5426928239734,443.46341645227596,0.0017874345828977956,443.4627080368658,0.7926614247346927,7.876367513824659e-17
57.0426928239734,442.9634774610154,0.0018052746165791664,442.9627556485835,0.7996702875754078,2.384306048281405e-16
57.5426928239734,442.46353860810467,0.0018231549448109498,442.4628032573682,0.8066791414257566,1.6039467718476867e-16
58.0426928239734,441.96359989401253,0.0018410757043586061,441.9628508632097,0.8136879863015447,2.4277550613114843e-16
58.5426928239734,441.4636613192097,0.0018590370326071763,441.46289846609744,0.8206968222186466,3.2664176914566935e-16
59.0426928239734,440.96372288416904,0.0018770390675647937,440.96294606602095,0.8277056491930062,3.296129760969108e-16
59.5426928239734,440.4637845893656,0.0018950819478662205,440.46299366296967,0.8347144672406375,4.157682984462076e-16
60.0426928239734,439.96384643527665,0.0019131658127764081,439.96304125693297,0.8417232763776248,1.6782355224621855e-16
60.5426928239734,439.46390842238145,0.0019312908021940813,439.46308884790017,0.8487320766201226,1.6935536251691143e-16
61.0426928239734,438.9639705511616,0.001949457056655348,438.9631364358606,0.8557408679843571,1.7090292826770015e-16
61.5426928239734,438.4640328221008,0.0019676647173373324,438.4631840208034,0.8627496504866258,3.449328596359972e-16
62.0426928239734,437.9640952356851,0.0019859139260618337,437.9632316027178,0.8697584241432975,-0.0
62.5426928239734,437.4641577924025,0.0020042048252990104,437.46327918159295,0.8767671889708143,-0.0
63.0426928239734,436.96422049274344,0.0020225375581710884,436.9633267574179,0.8837759449856899,1.7725438674507778e-16
63.5426928239734,436.4642833372005,0.0020409122684560965,436.4633743301816,0.8907846922045123,1.788834806221531e-16
64.0426928239734,435.9643463262687,0.0020593291005916257,435.96342189987297,0.8977934306439419,3.6105889325114566e-16
64.5426928239734,435.46440946044504,0.0020777881996786158,435.463469466481,0.9048021603207138,1.8219247919239234e-16
65.0426928239734,434.96447274022904,0.002096289711485168,434.9635170299945,0.9118108812516379,1.8387277522774107e-16
65.5426928239734,434.4645361661224,0.0021148337824503823,434.4635645904022,0.9188195934535976,1.8557053413904337e-16
66.0426928239734,433.96459973862915,0.0021334205596882233,433.96361214769286,0.9258282969435528,-0.0
66.5426928239734,433.46466345825564,0.002152050190991412,433.46365970185514,0.9328369917385382,9.45096254698027e-17
67.0426928239734,432.9647273255106,0.0021707228248353445,432.96370725287767,0.9398456778556653,9.538531023520822e-17
67.5426928239734,432.464791340905,0.002189438610382038,432.4637548007489,0.9468543553121218,1.9254027623240102e-16
68.0426928239734,431.96485550495225,0.0022081976974841037,431.9638023454575,0.9538630241251727,1.9432843067605563e-16
68.5426928239734,431.46491981816814,0.0022270002366887483,431.46384988699174,0.9608716843121599,9.806764948529615e-17
69.0426928239734,430.9649842810708,0.0022458463792418026,430.96389742534006,0.967880335890504,3.9592219808388337e-16
69.5426928239734,430.4650488941809,0.002264736277091778,430.4639449604907,0.9748889788777031,5.994181548339917e-16
70.0426928239734,429.96511365802127,0.002283670082893953,429.96399249243206,0.9818976132913348,3.025055703516704e-16
70.5426928239734,429.46517857311744,0.0023026479500144843,429.46404002115224,0.988906239149056,4.0710862268239625e-16
71.0426928239734,428.9652436399972,0.002321670032534553,428.9640875466393,0.9959148564686027,3.081871114141138e-16
71.5426928239734,428.4653088591909,0.002340736485254532,428.46413506888143,1.0029234652677914,4.147638026782697e-16
72.0426928239734,427.9653742312313,0.0023598474636981896,427.96418258786656,1.0099320655645199,5.233150695689913e-16
72.5426928239734,427.46543975665367,0.002379003124116919,427.4642301035827,1.0169406573767659,6.338720762342656e-16
73.0426928239734,426.96550543599585,0.0023982036234939984,426.9642776160177,1.0239492407225899,3.199142032642941e-16
73.5426928239734,426.4655712697981,0.002417449119548879,426.46432512515935,1.0309578156201342,2.1528260266666974e-16
74.0426928239734,425.9656372586032,0.002436739770741507,425.96437263099546,1.037966382087623,2.17310341264301e-16
74.5426928239734,425.46570340295654,0.002456075736276674,425.46442013351367,1.0449749401433643,2.1935960223214115e-16
75.0426928239734,424.96576970340607,0.0024754571761083977,424.96446763270166,1.0519834898057494,4.4286127952082156e-16
75.5426928239734,424.4658361605023,0.002494884250944334,424.46451512854696,1.058992031093254,3.352855670191661e-16
76.0426928239734,423.96590277479834,0.002514357122250221,423.96456262103703,1.0660005640244372,5.076879251400215e-16
76.5426928239734,423.46596954684986,0.0025338759522543523,423.4646101101594,1.0730090886179449,3.9860975611512774e-16
77.0426928239734,422.96603647721525,0.0025534409039520865,422.96465759590143,1.0800176048925072,2.8742219501417627e-16
77.5426928239734,422.46610356645544,0.0025730521411103826,422.4647050782503,1.0870261128669405,2.3212160659226916e-16
78.0426928239734,421.96617081513403,0.0025927098282723725,421.9647525571933,1.0940346125601481,2.343288299875456e-16
78.5426928239734,421.46623822381736,0.0026124141307619646,421.4648000327177,1.1010431039911202,1.7741977841054553e-16
79.0426928239734,420.96630579307435,0.0026321652146884798,420.9648475048105,1.1080515871789347,2.9851814034172577e-16
79.5426928239734,420.4663735234767,0.0026519632469513194,420.4648949734587,1.1150600621427569,2.410935388707323e-16
80.0426928239734,419.9664414155988,0.0026718083952446702,419.96494243864936,1.1220685289018424,2.433970738014699e-16
80.5426928239734,419.4665094700178,0.002691700828062238,419.4649899003693,1.129076987475534,1.2286270516918334e-16
81.0426928239734,418.96657768731353,0.0027116407147020198,418.9650373586053,1.1360854378832652,3.100985570246862e-16
81.5426928239734,418.46664606806866,0.002731628225271107,418.4650848133443,1.14309388014456,4.383009412340144e-16
82.0426928239734,417.9667146128686,0.002751663530690525,417.9651322645728,1.1501023142790328,3.792933309477576e-16
82.5426928239734,417.4667833223016,0.0027717468027001054,417.4651797122775,1.1571107403063887,5.744087425624854e-16
83.0426928239734,416.9668521969586,0.0027918782138633964,416.96522715644494,1.1641191582464256,6.443741384803339e-16
83.5426928239734,416.46692123743355,0.0028120579375726057,416.4652745970615,1.1711275681190338,7.156412469527987e-16
84.0426928239734,415.96699044432313,0.00283228614805358,415.9653220341137,1.178135969944196,8.53916933861787e-16
84.5426928239734,415.46705981822697,0.002852563020370821,415.4653694675879,1.1851443637419887,5.968832736138039e-16
85.0426928239734,414.9671293597475,0.0028728887304325375,414.96541689747016,1.1921527495325825,8.035405793919098e-16
85.5426928239734,414.4671990694901,0.002893263454995732,414.4654643237468,1.1991611273362426,7.437106079457577e-16
86.0426928239734,413.96726894806307,0.002913687371671329,413.9655117464039,1.2061694971733292,7.509201638519495e-16
86.5426928239734,413.4673389960776,0.0029341606589293346,413.4655591654275,1.213177859064299,8.96064563576266e-16
87.0426928239734,412.9674092141479,0.0029546834961040372,412.9656065808036,1.2201862130297045,7.655765043515075e-16
87.5426928239734,412.4674796028911,0.0029752560633992467,412.46565399251796,1.2271945590901954,8.433002361306866e-16
88.0426928239734,411.96755016292735,0.0029958785418935678,411.96570140055644,1.2342028972665184,8.515151960141684e-16
88.5426928239734,411.46762089487976,0.0030165511135457164,411.46574880490476,1.241211227579519,6.44865251233631e-16
89.0426928239734,410.96769179937456,0.003037273961199872,410.9657962055487,1.2482195500501416,8.6821675457405685e-16
89.5426928239734,410.4677628770409,0.00305804726859107,410.4658436024737,1.2552278646994293,8.767055711746833e-16
90.0426928239734,409.96783412851113,0.0030788712203506322,409.9658909956652,1.2622361715485257,1.1803838882563633e-15
90.5426928239734,409.46790555442055,0.0030997460020116404,409.46593838510876,1.269244470618674,1.042959092349665e-15
91.0426928239734,408.96797715540765,0.0031206718000144464,408.9659857707896,1.2762527619312203,1.1284222420692588e-15
91.5426928239734,408.468048932114,0.003141648801712224,408.46603315269306,1.2832610455076108,1.0635422771536616e-15
92.0426928239734,407.96812088518436,0.0031626771953765626,407.96608053080433,1.2902693213693948,9.972903931759471e-16
92.5426928239734,407.46819301526654,0.0031837571702031013,407.46612790510846,1.2972775895382245,1.084583789218568e-15
93.0426928239734,406.9682653230116,0.003204888916317204,406.9661752755904,1.3042858500358563,1.3299828076244298e-15
93.5426928239734,406.46833780907383,0.003226072624779676,406.46622264223515,1.31129410288415,1.1060949990772573e-15
94.0426928239734,405.96841047411067,0.0032473084875925253,405.96627000502764,1.318302348105071,9.574546103903112e-16
94.5426928239734,405.46848331878283,0.0032685966977047645,405.4663173639525,1.3253105857206906,9.669322186091642e-16
95.0426928239734,404.96855634375424,0.0032899374490182546,404.96636471899444,1.3323188157531851,1.0578918426034512e-15
95.5426928239734,404.4686295496922,0.003311330936393595,404.4664120701382,1.339327038224839,9.040220822220043e-16
96.0426928239734,403.96870293726715,0.0033327773556560557,403.96645941736807,1.3463352531580437,8.300038594927943e-16
96.5426928239734,403.468776507153,0.0033542769036015536,403.46650676066866,1.3533434605752988,8.382608883078593e-16
97.0426928239734,402.9688502600269,0.0033758297780026726,402.9665541000242,1.3603516604992132,8.466104820898011e-16
97.5426928239734,402.4689241965694,0.00339743617761473,402.466601435419,1.367359852952505,9.405591751055308e-16
98.0426928239734,401.9689983174644,0.0034190963021818875,401.9666487668373,1.3743680379580028,8.635919992688429e-16
98.5426928239734,401.4690726233993,0.0034408103524433084,401.4666960942631,1.3813762155386462,8.722262799290663e-16
99.0426928239734,400.9691471150648,0.0034625785301393586,400.9667434176804,1.3883843857174858,9.690536246188946e-16
99.5426928239734,400.46922179315504,0.0034844010380178578,400.46679073707315,1.3953925485176855,8.897879007943072e-16
100.0426928239734,399.9692966583677,0.003506278079840374,399.9668380524251,1.402400703962521,9.88589466801373e-16
100.5426928239734,399.4693717114038,0.003528209860388568,399.46688536372,1.4094088520753831,8.169736347194789e-16
101.0426928239734,398.96944695296816,0.0035501965854705833,398.96693267094145,1.4164169928797758,9.1688152950387e-16
101.5426928239734,398.46952238376883,0.0035722384619274856,398.4669799740731,1.4234251263993194,9.261181250780796e-16
102.0426928239734,397.9695980045176,0.003594335697639751,397.9670272730983,1.4304332526577495,8.419136185515925e-16
102.5426928239734,397.4696738159297,0.0036164885015338008,397.4670745680006,1.437441371678918,9.449072073552057e-16
103.0426928239734,396.969749818724,0.00363869708358859,396.96712185876294,1.4444494834867943,6.681236531552714e-16
103.5426928239734,396.469826013623,0.0036609616548422407,396.46716914536876,1.4514575881054663,1.0605390408556727e-15
104.0426928239734,395.9699024013529,0.0036832824273987297,395.96721642780096,1.4584656855591405,1.07129077600413e-15
104.5426928239734,395.4699789826435,0.0037056596144346247,395.46726370604273,1.4654737758721428,1.2789226784079633e-15
105.0426928239734,394.9700557582283,0.0037280934302058723,394.9673109800768,1.4724818590689197,1.0931643041941149e-15
105.5426928239734,394.4701327288445,0.0037505840900546364,394.467358249886,1.4794899351740385,1.2046791733038915e-15
106.0426928239734,393.970209895233,0.003773131810416192,393.96740551545304,1.4864980042121883,1.318367537957759e-15
106.5426928239734,393.4702872581385,0.003795736808825867,393.46745277676047,1.4935060662081814,1.22937108483087e-15
107.0426928239734,392.9703648183095,0.003818399303926041,392.9675000337908,1.5005141211869528,1.138436087863906e-15
107.5426928239734,392.47044257649833,0.003841119515473195,392.4675472865265,1.5075221691735619,1.2546340554319839e-15
108.0426928239734,391.97052053346107,0.003863897664345016,391.96759453494985,1.5145302101931937,1.1618605811563989e-15
108.5426928239734,391.4705986899577,0.0038867339725475554,391.467641779043,1.521538244271158,9.603621006030018e-16
109.0426928239734,390.970677046752,0.003909628663222445,390.967689018788,1.5285462714328917,1.293631551700728e-15
109.5426928239734,390.4707556046117,0.003932581960654163,390.4677362541669,1.5355542917039589,1.4158434928163816e-15
110.0426928239734,389.97083436430864,0.003955594090277362,389.96778348516165,1.5425623051100517,1.2103551805182137e-15
110.5426928239734,389.47091332661836,0.0039786652786842494,389.46783071175395,1.5495703116769926,1.0004989372275679e-15
111.0426928239734,388.9709924923205,0.0040017957536320255,388.96787793392554,1.5565783114307317,9.546688654828239e-16
111.5426928239734,388.4710718621986,0.00402498574405038,388.467925151658,1.5635863043973515,1.0780102793194734e-15
112.0426928239734,387.97115143704036,0.004048235480049046,387.9679723649328,1.570594290603065,1.1464906754064352e-15
112.5426928239734,387.47123121763747,0.004071545192925413,387.46801957373117,1.5776022700742183,1.2162891644159393e-15
113.0426928239734,386.9713112047857,0.004094915115172194,386.96806677803454,1.5846102428372901,1.2289087772914454e-15
113.5426928239734,386.47139139928504,0.004118345480485164,386.4681139778241,1.591618208918894,1.4190582177012806e-15
114.0426928239734,385.9714718019394,0.004141836523770943,385.96816117308066,1.5986261683457776,1.3143350772979982e-15
114.5426928239734,385.47155241355705,0.004165388481154854,385.4682083637854,1.6056341211448248,1.4487549993956412e-15
115.0426928239734,384.97163323495033,0.004189001589988831,384.968255549919,1.6126420673430564,1.1588932994264553e-15
115.5426928239734,384.47171426693586,0.004212676088859396,384.46830273146224,1.6196500069676298,1.1709961542733899e-15
116.0426928239734,383.97179551033446,0.004236412217595694,383.9683499083957,1.6266579400458423,1.2455173101204248e-15
116.5426928239734,383.4718769659712,0.0042602102172775965,383.4683970806998,1.6336658666051291,1.321486934337268e-15
117.0426928239734,382.97195863467556,0.004284070330243858,382.968444248355,1.6406737866730665,1.3353422749662706e-15
117.5426928239734,382.47204051728124,0.00430799280010035,382.4684914113415,1.6476817002773725,1.4136166201195563e-15
118.0426928239734,381.97212261462636,0.004331977871728346,381.96853856963946,1.6546896074459057,1.23368467472643e-15
118.5426928239734,381.4722049275534,0.004356025791292883,381.468585723229,1.661697508206669,1.2466706678564907e-15
119.0426928239734,380.97228745690916,0.0043801368062511845,380.96863287208987,1.6687054025878092,9.28281569169167e-16
119.5426928239734,380.47237020354504,0.004404311165361145,380.468680016202,1.6757132906176169,1.2061011861070935e-15
120.0426928239734,379.97245316831686,0.00442854911868989,379.9687271555449,1.6827211723245301,1.2865610504049252e-15
120.5426928239734,379.4725363520849,0.004452850917622397,379.46877429009834,1.6897290477371327,1.4370361038339053e-15
121.0426928239734,378.972619755714,0.0044772168148701896,378.9688214198417,1.6967369168841564,1.5214185074756584e-15
121.5426928239734,378.4727033800735,0.004501647064480098,378.4688685447542,1.7037447797944814,1.3278936794259381e-15
122.0426928239734,377.9727872260374,0.004526141921843085,377.96891566481503,1.7107526364971386,1.20073836733403e-15
122.5426928239734,377.4728712944843,0.004550701643703155,377.4689627800033,1.7177604870213088,9.993632092000463e-16
123.0426928239734,376.9729555862975,0.004575326488166316,376.969009890298,1.7247683313963251,1.226439713906815e-15
123.5426928239734,376.47304010236485,0.004600016714709627,376.469056995678,1.7317761696516727,1.0207829447938386e-15
124.0426928239734,375.97312484357906,0.0046247725841903125,375.96910409612184,1.7387840018169909,1.105378095448573e-15
124.5426928239734,375.47320981083743,0.004649594358854951,375.46915119160815,1.7457918279220739,1.3406409533200945e-15
125.0426928239734,374.9732950050422,0.004674482302348732,374.9691982821154,1.7527996479968708,1.2797214584728745e-15
125.5426928239734,374.47338042710027,0.004699436679724796,374.46924536762185,1.7598074620714887,1.2173606419078426e-15
126.0426928239734,373.9734660779235,0.004724457757453642,373.9692924481058,1.766815270176192,1.230433665130208e-15
126.5426928239734,373.4735519584285,0.004749545803432614,373.46933952354516,1.7738230723414041,1.0104777270042293e-15
127.0426928239734,372.97363806953695,0.004774701086995461,372.9693865939179,1.7808308685977081,1.0999244037523683e-15
127.5426928239734,372.4737244121753,0.004799923878921981,372.46943365920185,1.7878386589758481,1.2706105272998676e-15
128.0426928239734,371.973810987275,0.004825214451447733,371.9694807193746,1.794846443506731,1.0435175454437503e-15
128.5426928239734,371.4738977957726,0.004850573078273831,371.46952777441373,1.8018542222214262,1.298214966593413e-15
129.0426928239734,370.97398483860957,0.004876000034576824,370.9695748242966,1.808861995151168,9.842023703356884e-16
129.5426928239734,370.47407211673254,0.004901495597018646,370.4696218690005,1.8158697623273554,1.326496162108879e-15
130.0426928239734,369.97415963109324,0.004927060043756651,369.9696689085025,1.8228775237815549,1.4247023184155538e-15
130.5426928239734,369.47424738264846,0.004952693654453729,369.46971594277954,1.829885279545499,1.1860385274253646e-15
131.0426928239734,368.9743353723602,0.00497839671028851,368.9697629718085,1.8368930296510904,1.1989490359759946e-15
131.5426928239734,368.4744236011957,0.005004169493965637,368.4698099955661,1.8439007741304017,1.2120179178773476e-15
132.0426928239734,367.9745120701275,0.005030012289726138,367.9698570140289,1.8509085130156764,1.4002826687068435e-15
132.5426928239734,367.47460078013324,0.005055925383357874,367.46990402717324,1.857916246339329,1.415587979658829e-15
133.0426928239734,366.97468973219605,0.005081909062206073,366.9699510349754,1.8649239741339492,1.6099670400113795e-15
133.5426928239734,366.4747789273043,0.005107963615183952,366.4699980374116,1.8719316964322998,1.2659209096806507e-15
134.0426928239734,365.97486836645186,0.005134089332783427,365.9700450344577,1.8789394132673203,1.5540607636084984e-15
134.5426928239734,365.47495805063784,0.005160286507085911,365.4700920260896,1.8859471246721264,1.571140518656196e-15
135.0426928239734,364.97504798086703,0.0051865554317731925,364.970139012283,1.8929548306800128,1.5884318133005385e-15
135.5426928239734,364.47513815814955,0.005212896402138419,364.47018599301333,1.8999625313244528,1.3225368167594274e-15
136.0426928239734,363.9752285835012,0.005239309715097155,363.97023296825614,1.9069702266391002,1.4326418191020402e-15
136.5426928239734,363.47531925794317,0.005265795669198545,363.4702799379865,1.913977916657792,1.2553444750804614e-15
137.0426928239734,362.97541018250246,0.0052923545646365545,362.9703269021795,1.9209856014145468,1.4645041496974956e-15
137.5426928239734,362.47550135821166,0.005318986703261318,362.47037386081024,1.9279932809435676,1.3820182301857032e-15
138.0426928239734,361.97559278610896,0.005345692388590572,361.9704208138533,1.935000955279244,1.1977329391658882e-15
138.5426928239734,361.47568446723835,0.005372471925821187,361.4704677612834,1.9420086244561514,1.211043227504514e-15
139.0426928239734,360.9757764026496,0.005399325621840792,360.9705147030749,1.9490162885090538,1.1224768569193173e-15
139.5426928239734,360.47586859339833,0.0054262537852395,360.47056163920223,1.956023947472905,1.2381662024661717e-15
140.0426928239734,359.9759610405459,0.005453256726321726,359.97060856963947,1.9630316013828488,1.0433196425796655e-15
140.5426928239734,359.4760537451596,0.0054803347571181086,359.4706554943606,1.9700392502742223,1.2659747085413477e-15
141.0426928239734,358.97614670831274,0.005507488191397528,358.9707024133394,1.9770468941825547,1.2801420467844365e-15
141.5426928239734,358.4762399310844,0.005534717344679224,358.47074932654954,1.9840545331435702,1.186614050693922e-15
142.0426928239734,357.97633341456,0.005562022534245021,357.97079623396456,1.9910621671931892,1.3090152417011872e-15
142.5426928239734,357.4764271598306,0.005589404079151649,357.47084313555774,1.9980697963675307,1.5443471777506626e-15
143.0426928239734,356.9765211679938,0.005616862300243168,356.9708900313023,2.0050774207029107,1.3386233730753528e-15
143.5426928239734,356.4766154401529,0.005644397520163507,356.4709369211711,2.0120850402358466,1.2409004022713682e-15
144.0426928239734,355.9767099774178,0.005672010063369092,355.970983805137,2.0190926550030572,1.2549050149644857e-15
144.5426928239734,355.4768047809043,0.005699700256141598,355.4710306831727,2.026100265041464,1.2690877458534015e-15
145.0426928239734,354.97689985173463,0.005727468426600795,354.9710775552507,2.0331078703881937,1.3417898031404151e-15
145.5426928239734,354.47699519103736,0.005755314904717511,354.47112442134323,2.0401154710805787,1.2389977911507134e-15
146.0426928239734,353.97709079994735,0.005783240022326701,353.9711712814224,2.047123067156157,1.1337214120139804e-15
146.5426928239734,353.4771866796059,0.005811244113140627,353.4712181354603,2.054130658652679,1.2069553338726237e-15
147.0426928239734,352.9772828311607,0.005839327512762153,352.9712649834285,2.061138245608101,1.0986241108279341e-15
147.5426928239734,352.47737925576604,0.00586749055869815,352.4713118252988,2.068145828060595,1.172877414401118e-15
148.0426928239734,351.97747595458264,0.005895733590373014,351.9713586610424,2.0751534060485444,1.0613957599431884e-15
148.5426928239734,351.4775729287779,0.005924056949142305,351.47140549063073,2.0821609796105465,1.1998265160002733e-15
149.0426928239734,350.9776701795258,0.005952460978306498,350.9714523140347,2.089168548785416,1.2774335579958974e-15
149.5426928239734,350.477767708007,0.00598094602312485,350.47149913122524,2.0961761136121866,1.3566822827133257e-15
150.0426928239734,349.9778655154089,0.006009512430829393,349.971545942173,2.1031836741301086,1.4376036153296406e-15
150.5426928239734,349.4779636029257,0.006038160550639038,349.4715927468484,2.1101912303786547,1.3880352335851208e-15
151.0426928239734,348.9780619717584,0.006066890733773809,348.9716395452219,2.1171987823975207,1.4040168958391224e-15
151.5426928239734,348.4781606231149,0.006095703333469192,348.4716863372634,2.1242063302266248,1.0820616616889293e-15
152.0426928239734,347.97825955821,0.006124598704990614,347.97173312294296,2.131213873906113,1.1629662223972504e-15
152.5426928239734,347.47835877826554,0.006153577205648039,347.4717799022303,2.138221413476357,1.1764146894651711e-15
153.0426928239734,346.9784582845103,0.006182639194810702,346.9718266750949,2.1452289489779575,1.1900384187362415e-15
153.5426928239734,346.4785580781801,0.006211785033921956,346.4718734415061,2.152236480451746,1.203839952118012e-15
154.0426928239734,345.97865816051797,0.006241015086514262,345.971920201433,2.159244007938787,1.289458452847181e-15
154.5426928239734,345.4787585327742,0.006270329718224298,345.4719669548446,2.166251531480378,1.2319868026299592e-15
155.0426928239734,344.9788591962061,0.0062997292968082035,344.9720137017096,2.173259051118052,1.0263955137074002e-15
155.5426928239734,344.47896015207834,0.006329214192156962,344.47206044199646,2.180266566893579,9.641996010908109e-16
156.0426928239734,343.97906140166305,0.006358784776311906,343.97210717567356,2.187274078848969,1.1255351740714299e-15
156.5426928239734,343.47916294623957,0.006388441423480369,343.472153902709,2.194281587026472,1.1387034649177783e-15
157.0426928239734,342.9792647870948,0.006418184510051464,342.9722006230707,2.2012890914685808,9.216363048626092e-16
157.5426928239734,342.47936692552304,0.0064480144146120116,342.4722473367263,2.2082965922180318,9.324507762458694e-16
158.0426928239734,341.97946936282625,0.0064779315179625966,341.97229404364333,2.2153040893178084,7.075561929282919e-16
158.5426928239734,341.47957210031393,0.006507936203133773,341.4723407437891,2.2223115828111406,5.567979973056806e-16
159.0426928239734,340.97967513930325,0.006538028855402407,340.9723874371306,2.2293190727415086,7.243205256869262e-16
159.5426928239734,340.47977848111907,0.006568209862308171,340.4724341236346,2.236326559152644,8.142999799618983e-16
160.0426928239734,339.979882127094,0.00659847961367017,339.97248080326784,2.2433340420885304,6.591405910173367e-16
160.5426928239734,339.47998607856863,0.0066288385016037305,339.47252747599674,2.250341521593409,8.336797312432166e-16
161.0426928239734,338.9800903368913,0.006659286920537326,338.97257414178733,2.257348997711776,7.592074727449905e-16
161.5426928239734,338.4801949034183,0.006689825267229659,338.4726208006057,2.264356470488387,6.828640425144586e-16
162.0426928239734,337.980299779514,0.006720453940786891,337.97266745241745,2.2713639399682584,6.046111951249003e-16
162.5426928239734,337.48040496655074,0.006751173342680026,337.4727140971882,2.2783714061966682,5.244099188967312e-16
163.0426928239734,336.98051046590905,0.006781983876762454,336.9727607348831,2.2853788692191603,3.537763360785303e-16
163.5426928239734,336.4806162789776,0.006812885949287643,336.4728073654672,2.2923863290815447,5.370031602071775e-16
164.0426928239734,335.9807224071534,0.0068438799689269905,335.9728539889054,2.2993937858298996,6.3399833562406525e-16
164.5426928239734,335.48082885184164,0.006874966346787843,335.47290060516224,2.3064012395105746,7.332503151222433e-16
165.0426928239734,334.980935614456,0.006906145496431664,334.97294721420195,2.313408690170191,5.565362342549155e-16
165.5426928239734,334.4810426964184,0.006937417833892374,334.4729938159888,2.3204161378556445,5.63223959526476e-16
166.0426928239734,333.9811500991595,0.006968783777694851,333.9730404104864,2.3274235826141076,6.650026308240868e-16
166.5426928239734,333.4812578241183,0.007000243748873603,333.4730869976586,2.334431024493031,8.653087286288637e-16
167.0426928239734,332.9813658727426,0.007031798170991596,332.97313357746856,2.3414384635401473,7.784480527697998e-16
167.5426928239734,332.48147424648863,0.007063447470159269,332.4731801498794,2.34844589980347,7.878591030874056e-16
168.0426928239734,331.98158294682173,0.007095192075053706,331.97322671485415,2.3554533333312992,8.970731749732637e-16
168.5426928239734,331.48169197521577,0.00712703241693799,331.47327327235536,2.3624607641722215,8.070678211364648e-16
169.0426928239734,330.98180133315356,0.00715896892968073,330.9733198223453,2.3694681923751117,1.0210867626068407e-15
169.5426928239734,330.48191102212695,0.007191002049775762,330.4733663647861,2.3764756179891378,9.30155798844632e-16
170.0426928239734,329.98202104363673,0.007223132216362035,329.97341289963964,2.38348304106376,1.0460963725934621e-15
170.5426928239734,329.4821313991928,0.007255359871243674,329.4734594268675,2.3904904616487337,9.529732334602524e-16
171.0426928239734,328.9822420903142,0.007287685458910225,328.973505946431,2.397497879794114,1.0717974112907924e-15
171.5426928239734,328.48235311852915,0.007320109426557089,328.4735524582912,2.404505295550255,8.679310776816338e-16
172.0426928239734,327.9824644853753,0.0073526322241061395,327.9735989624088,2.411512708967814,9.883900678546455e-16
172.5426928239734,327.48257619239956,0.007385254304226529,327.47364545874444,2.4185201200977517,1.0005229857555365e-15
173.0426928239734,326.98268824115826,0.007417976122355688,326.9736919472583,2.4255275289913376,9.565557710355003e-16
173.5426928239734,326.4828006332173,0.007450798136720514,326.47373842791046,2.4325349357001507,1.0822557993546318e-15
174.0426928239734,325.9829133701522,0.007483720808358761,325.9737849006606,2.43954234027608,9.80275953468428e-16
174.5426928239734,325.4830264535479,0.007516744601140618,325.473831365468,2.44654974277133,1.0507592617077666e-15
175.0426928239734,324.98313988499933,0.007549869981790492,324.9738778222919,2.4535571432384207,1.1819530409951972e-15
175.5426928239734,324.4832536661111,0.007583097419908993,324.47392427109116,2.4605645417301925,1.136767292768575e-15
176.0426928239734,323.9833677984978,0.00761642738799512,323.97397071182434,2.4675719382998067,8.480120201940498e-16
176.5426928239734,323.48348228378376,0.007649860361468652,323.4740171444497,2.4745793330007477,1.1038517977073052e-15
177.0426928239734,322.98359712360354,0.007683396818692751,322.9740635689252,2.4815867258868267,1.1175922309991348e-15
177.5426928239734,322.48371231960175,0.007717037240996767,322.4741099852086,2.4885941170121844,9.429378563929628e-16
178.0426928239734,321.9838278734332,0.007750782112699267,321.9741563932574,2.495601506431292,1.0820069309950407e-15
178.5426928239734,321.48394378676295,0.007784631921131269,321.47420279302855,2.502608894198956,1.031095290786531e-15
179.0426928239734,320.98406006126635,0.007818587156659696,320.9742491844789,2.509616280370318,9.135092989812923e-16
179.5426928239734,320.48417669862926,0.007852648312711052,320.4742955675649,2.5166236650008584,8.589004859449893e-16
180.0426928239734,319.98429370054805,0.00788681588579532,319.974341942243,2.5236310481464015,1.003491697955877e-15
180.5426928239734,319.48441106872957,0.007921090375530073,319.47438830846875,2.5306384298631133,1.016120722516345e-15
181.0426928239734,318.98452880489145,0.007955472284664833,318.9744346661979,2.5376458102075095,1.0289288754857483e-15
181.5426928239734,318.4846469107621,0.00798996211910564,318.4744810153858,2.5446531892364543,9.724577190483938e-16
182.0426928239734,317.9847653880806,0.008024560387939859,317.97452735598716,2.5516605670071644,1.0550939271602948e-15
182.5426928239734,317.4848842385971,0.008059267603461227,317.47457368795676,2.5586679435772117,9.972261880194394e-16
183.0426928239734,316.98500346407275,0.008094084281195128,316.97462001124893,2.5656753190045265,1.154144076255961e-15
183.5426928239734,316.4851230662798,0.00812901093992411,316.4746663258177,2.5726826933474007,1.0227067963751135e-15
184.0426928239734,315.98524304700163,0.008164048101713653,315.9747126316165,2.5796900666644884,9.617411651017862e-16
184.5426928239734,315.48536340803287,0.008199196291938167,315.4747589285988,2.58669743901481,8.24153290698174e-16
185.0426928239734,314.9854841511796,0.00823445603930725,314.97480521671764,2.593704810457757,9.864336130672707e-16
185.5426928239734,314.48560527825936,0.008269827875892186,314.47485149592563,2.600712181053092,1.0758965421138682e-15
186.0426928239734,313.9857267911011,0.008305312337152709,313.974897766175,2.6077195508609545,1.1675096962221875e-15
186.5426928239734,313.4858486915455,0.008340909961964009,313.4749440274178,2.61472691994186,7.883241319534034e-16
187.0426928239734,312.98597098144506,0.008376621292644004,312.9749902796056,2.6217342883567065,9.581433790949762e-16
187.5426928239734,312.4860936626639,0.008412446874980876,312.4750365226897,2.628741656166776,8.896009893942009e-16
188.0426928239734,311.98621673707817,0.008448387258260867,311.9750827566211,2.635749023433737,7.372373082727324e-16
188.5426928239734,311.486340206576,0.008484442995296342,311.4751289813502,2.64275639021965,9.95674079530876e-16
189.0426928239734,310.98646407305773,0.008520614642454127,310.9751751968274,2.6497637565869687,1.0085497506499595e-15
189.5426928239734,310.4865883384357,0.008556902759684118,310.47522140300237,2.656771122598542,9.364786584492782e-16
190.0426928239734,309.98671300463474,0.008593307910548164,309.97526759982475,2.6637784883176208,9.486281912054654e-16
190.5426928239734,309.486838073592,0.008629830662249238,309.4753137872436,2.6707858538078564,9.609553768189113e-16
191.0426928239734,308.9869635472572,0.008666471585660881,308.9753599652076,2.677793219133308,6.194765223804676e-16
191.5426928239734,308.4870894275925,0.008703231255356941,308.47540613366516,2.6848005843584444,1.165455109826307e-15
192.0426928239734,307.9872157165729,0.008740110249641593,307.9754522925643,2.6918079495481466,8.173898379361464e-16
192.5426928239734,307.4873424161862,0.00877710915057966,307.4754984418526,2.698815314767711,8.280812109733494e-16
193.0426928239734,306.9874695284331,0.008814228544027228,306.9755445814774,2.705822680082856,6.525012643677935e-16
193.5426928239734,306.4875970553273,0.008851469019662554,306.4755907113853,2.71283004555972,8.499393823638746e-16
194.0426928239734,305.9877249988956,0.008888831171017282,305.975636831523,2.7198374112648693,9.567904443394986e-16
194.5426928239734,305.48785336117805,0.00892631559550797,305.47568294183634,2.726844777265298,8.724489303252396e-16
195.0426928239734,304.9879821442281,0.008963922894467919,304.97572904227115,2.7338521436284378,5.893031352698958e-16
195.5426928239734,304.48811135011255,0.009001653673179318,304.4757751327725,2.740859510422151,6.966022750680726e-16
196.0426928239734,303.9882409809118,0.009039508540905709,303.9758212132854,2.747866877714746,5.041567447806211e-16
196.5426928239734,303.48837103871995,0.009077488110924768,303.4758672837542,2.754874245574971,5.108386201101305e-16
197.0426928239734,302.9885015256448,0.009115593000561412,302.97591334412294,2.7618816140720237,8.281924950483818e-16
197.5426928239734,302.4886324438081,0.009153823831221238,302.47595939433523,2.768888983275554,6.294041667267029e-16
198.0426928239734,301.9887637953456,0.009192181228424289,301.9760054343342,2.7758963532556615,7.440857182120889e-16
198.5426928239734,301.4888955824072,0.009230665821839157,301.4760514640626,2.782903724082912,8.61729615653031e-16
199.0426928239734,300.9890278071571,0.009269278245317427,300.97609748346287,2.7899110958283275,8.732461729838627e-16
199.5426928239734,300.4891604717736,0.009308019136928466,300.47614349247675,2.7969184685633994,8.849362058428522e-16
200.0426928239734,299.9892935784497,0.009346889138994553,299.97618949104583,2.8039258423600866,8.407524588722761e-16
200.5426928239734,299.48942712939305,0.00938588889812637,299.47623547911104,2.8109332172908257,7.384393137458116e-16
201.0426928239734,298.98956112682583,0.009425019065258845,298.9762814566129,2.817940593428527,1.03621107714702e-15
201.5426928239734,298.4896955729852,0.009464280295687348,298.4763274234917,2.8249479708465857,7.584606871238101e-16
202.0426928239734,297.9898304701233,0.009503673249104262,297.9763733796869,2.8319553496188816,7.6869991784774405e-16
202.5426928239734,297.4899658205072,0.00954319858963592,297.47641932513784,2.8389627298197833,9.588860917156376e-16
203.0426928239734,296.9901016264194,0.009582856985879908,296.97646525978325,2.8459701115241556,7.289062346959989e-16
203.5426928239734,296.49023789015763,0.009622649110942754,296.47651118356134,2.8529774948073587,9.234957924036942e-16
204.0426928239734,295.9903746140351,0.009662575642477994,295.97655709641003,2.8599848797452587,9.984510588164332e-16
204.5426928239734,295.4905118003806,0.009702637262724623,295.4766029982665,2.8669922664142233,1.0120450536565392e-15
205.0426928239734,294.9906494515388,0.009742834658545944,294.9766488890677,2.873999654891135,1.0899631395910339e-15
205.5426928239734,294.49078756987006,0.0097831685214688,294.47669476874995,2.881007045253389,1.0398624436518835e-15
206.0426928239734,293.9909261577509,0.009823639547723221,293.9767406372492,2.8880144375788994,9.223314036479379e-16
206.5426928239734,293.4910652175739,0.009864248438282465,293.4767864945008,2.8950218319461065,1.0685431270126136e-15
207.0426928239734,292.99120475174794,0.009904995898903472,292.9768323404395,2.902029228433976,1.0155154643306642e-15
207.5426928239734,292.4913447626983,0.009945882640167734,292.47687817499985,2.9090366271220076,8.922200443675502e-16
208.0426928239734,291.9914852528669,0.009986909377522585,291.9769239981157,2.9160440280902384,1.2524045479931554e-15
208.5426928239734,291.4916262247122,0.010028076831322908,291.4769698097203,2.923051431419245,1.128615010738903e-15
209.0426928239734,290.9917676807097,0.010069385726873287,290.9770156097466,2.9300588371901517,1.0727068233742634e-15
209.5426928239734,290.4919096233517,0.010110836794470581,290.47706139812686,2.937066245484634,1.3775824482479495e-15
210.0426928239734,289.99205205514784,0.010152430769446937,289.97710717479293,2.944073656384923,1.3966967517497424e-15
210.5426928239734,289.49219497862487,0.010194168392213264,289.47715293967605,2.9510810699738075,1.2670457833372764e-15
211.0426928239734,288.992338396327,0.010236050408303138,288.9771986927069,2.9580884863346455,1.2846876527237152e-15
211.5426928239734,288.49248231081606,0.01027807756841718,288.4772444338156,2.9650959055513613,1.1493585837074152e-15
212.0426928239734,287.99262672467165,0.010320250628467883,287.9772901629319,2.972103327708456,1.1654178058579633e-15
212.5426928239734,287.4927716404912,0.010362570349624919,287.4773358799848,2.9791107528910103,1.2605119416624193e-15
213.0426928239734,286.99291706089014,0.010405037498360905,286.9773815849029,2.9861181811846897,1.4379593231148872e-15
213.5426928239734,286.4930629885022,0.010447652846497662,286.477427277614,2.9931256126757475,1.2961395170607659e-15
214.0426928239734,285.9932094259794,0.010490417171252948,285.9774729580456,3.0001330474510346,1.3143772119922037e-15
214.5426928239734,285.49335637599233,0.010533331255287689,285.4775186261245,3.0071404855980015,1.3329041591729072e-15
215.0426928239734,284.9935038412302,0.0105763958867537,284.9775642817768,3.0141479272047014,1.2672426236961105e-15
215.5426928239734,284.4936518244011,0.010619611859341923,284.47760992492823,3.021155372359801,9.424568562228335e-16
216.0426928239734,283.99380032823217,0.010662979972331153,283.9776555555039,3.0281628211525815,8.689200498770014e-16
216.5426928239734,283.4939493554696,0.010706501030637292,283.4777011734281,3.0351702736729456,1.0575060801164972e-15
217.0426928239734,282.9940989088791,0.010750175844863128,282.97774677862475,3.0421777300114226,1.340681188428556e-15
217.5426928239734,282.4942489912457,0.010794005231348637,282.477792371017,3.0491851902591733,1.2691290389298821e-15
218.0426928239734,281.99439960537427,0.010837990012221816,281.97783795052766,3.056192654507997,1.1033502010102179e-15
218.5426928239734,281.49455075408946,0.010882131015450065,281.4778835170785,3.0632001228503345,1.3056461464812549e-15
219.0426928239734,280.99470244023604,0.010926429074892113,280.977929070591,3.0702075953792787,1.0405583515190939e-15
219.5426928239734,280.49485466667886,0.010970885030350498,280.4779746109858,3.0772150721885727,1.151442652491195e-15
220.0426928239734,279.99500743630335,0.011015499727624615,279.97802013818307,3.0842225533726246,1.0706613325917651e-15
220.5426928239734,279.49516075201535,0.011060274018564324,279.47806565210215,3.0912300390265055,1.2835483851291675e-15
221.0426928239734,278.99531461674155,0.01110520876112414,278.9781111526619,3.0982375292459596,1.001588857154463e-15
221.5426928239734,278.4954690334296,0.011150304819418005,278.47815663978037,3.105245024127409,1.0160644318692266e-15
222.0426928239734,277.9956240050481,0.011195563063774656,277.97820211337506,3.1122525237679595,1.2369309945494616e-15
222.5426928239734,277.4957795345873,0.011240984370793574,277.4782475733627,3.1192600282654075,1.2548727894902484e-15
223.0426928239734,276.99593562505873,0.011286569623401561,276.97829301965936,3.126267537718246,1.273107937614288e-15
223.5426928239734,276.4960922794957,0.011332319710909918,276.4783384521806,3.133275052225671,1.1840049634175306e-15
224.0426928239734,275.99624950095347,0.01137823552907224,275.97838387084096,3.1402825718875866,1.2012731114238432e-15
224.5426928239734,275.4964072925093,0.011424317980142849,275.47842927555456,3.1472900968046105,1.329627432436668e-15
225.0426928239734,274.99656565726275,0.011470567972935863,274.9784746662346,3.1542976270780843,1.4615146753709174e-15
225.5426928239734,274.496724598336,0.011516986422884908,274.4785200427937,3.1613051628100766,1.2548017637604452e-15
226.0426928239734,273.99688411887394,0.011563574252103475,273.9785654051438,3.168312704103392,1.0996138190691408e-15
226.5426928239734,273.4970442220443,0.011610332389445957,273.4786107531959,3.175320251061574,9.396201092594784e-16
227.0426928239734,272.9972049110379,0.01165726177056934,272.9786560868605,3.1823278037889153,1.1322524754656793e-15
227.5426928239734,272.49736618906906,0.011704363337995577,272.47870140604715,3.1893353623904646,8.466165223827943e-16
228.0426928239734,271.9975280593755,0.011751638041174656,271.9787467106648,3.1963429269720294,7.977793558800588e-16
228.5426928239734,271.4976905252188,0.011799086836548359,271.4787920006216,3.203350497640189,9.341641409484856e-16
229.0426928239734,270.9978535898844,0.011846710687614719,270.97883727582473,3.2103580745022953,8.848390039260045e-16
229.5426928239734,270.49801725668215,0.011894510564993207,270.47888253618095,3.2173656576664826,8.338649224702162e-16
230.0426928239734,269.9981815289462,0.011942487446490634,269.97892778159604,3.2243732472416795,7.811988835232164e-16
230.5426928239734,269.49834641003537,0.011990642317167781,269.478973011975,3.231380843337607,7.928692189129982e-16
231.0426928239734,268.99851190333334,0.01203897616940678,268.9790182272219,3.2383884460647905,8.047360829634457e-16
231.5426928239734,268.498678012249,0.012087490002979248,268.47906342724025,3.245396055534569,6.80669300013236e-16
232.0426928239734,267.9988447402165,0.012136184825115174,267.9791086119326,3.2524036718591005,6.218056578991961e-16
232.5426928239734,267.4990120906956,0.012185061650572586,267.4791537812006,3.259411295151368,5.61035381876008e-16
233.0426928239734,266.99918006717195,0.012234121501707999,266.97919893494526,3.266418925525191,6.406827485722681e-16
233.5426928239734,266.49934867315716,0.012283365408547652,266.47924407306664,3.2734265630952297,5.780999904572479e-16
234.0426928239734,265.9995179121892,0.012332794408859548,265.9792891954639,3.2804342079769944,8.06919774963871e-16
234.5426928239734,265.49968778783267,0.012382409548226316,265.4793343020354,3.287441860286854,5.957508198932823e-16
235.0426928239734,264.9998583036788,0.012432211880118879,264.9793793926786,3.2944495201420403,4.536022877870574e-16
235.5426928239734,264.5000294633461,0.01248220246597098,264.4794244672901,3.3014571876606627,5.372590412105046e-16
236.0426928239734,264.0002012704802,0.012532382375254536,263.9794695257656,3.3084648629617104,3.8960976490009967e-16
236.5426928239734,263.50037372875437,0.012582752685555854,263.47951456799984,3.3154725461650627,3.1645097113131047e-16
237.0426928239734,263.0005468418698,0.012633314482652723,262.97955959388685,3.322480237391498,6.425923704383649e-16
237.5426928239734,262.5007206135556,0.012684068860592377,262.47960460331944,3.3294879367627015,4.0778128484546975e-16
238.0426928239734,262.00089504756943,0.012735016921770351,261.9796495961898,3.3364956444012748,3.3123910605843873e-16
238.5426928239734,261.5010701476975,0.012786159777010251,261.4796945723889,3.3435033604307427,6.726801215044615e-16
239.0426928239734,261.0012459177549,0.012837498545644425,260.979739531807,3.350511084975563,7.684415274681667e-16
239.5426928239734,260.5014223615859,0.012889034355595573,260.4797844743332,3.3575188181611355,6.06916342418806e-16
240.0426928239734,260.0015994830644,0.012940768343459292,259.9798293998558,3.364526560113811,5.28271681384759e-16
240.5426928239734,259.5017772860938,0.012992701654587583,259.47987430826197,3.371534310960898,7.152934002956642e-16
241.0426928239734,259.00195577460767,0.013044835443173312,258.97991919943803,3.378542070830677,9.080197489049468e-16
241.5426928239734,258.5021349525699,0.013097170872335659,258.47996407326923,3.3855498398524033,8.299498085863913e-16
242.0426928239734,258.00231482397504,0.013149709114206558,257.9800089296398,3.3925576181563226,6.555931351414701e-16
242.5426928239734,257.5024953928484,0.013202451350018145,257.48005376843287,3.3995654058736755,8.560890991433047e-16
243.0426928239734,257.00267666324663,0.01325539877019122,256.98009858953077,3.4065732031367095,7.728935060703512e-16
243.5426928239734,256.50285863925785,0.013308552574424743,256.48014339281457,3.413581010078688,8.831583081908381e-16
244.0426928239734,256.00304132500196,0.013361913971786392,255.9801881781643,3.4205888268339,7.973805356626944e-16
244.5426928239734,255.5032247246311,0.01341548418080416,255.48023294545902,3.427596653537671,8.099505249524344e-16
245.0426928239734,255.00340884232978,0.013469264429559051,254.98027769457664,3.4346044903263717,7.199009132409947e-16
245.5426928239734,254.50359368231526,0.013523255955778852,254.48032242539404,3.4416123373374288,6.268238123900767e-16
246.0426928239734,254.0037792488379,0.013577460006933018,253.98036713778689,3.4486201947093353,6.367639411473764e-16
246.5426928239734,253.5039655461815,0.013631877840328682,253.48041183162985,3.4556280625816598,7.546954019335761e-16
247.0426928239734,253.00415257866354,0.013686510723207793,252.98045650679637,3.462635941095059,7.667109860233383e-16
247.5426928239734,252.5043403506356,0.013741359932845415,252.48050116315883,3.469643830391286,8.902196959027168e-16
248.0426928239734,252.00452886648367,0.013796426756649197,251.9805458005884,3.476651730613203,7.913934552761183e-16
248.5426928239734,251.5047181306285,0.013851712492260014,251.4805904189551,3.483659641904792,8.04069054696388e-16
249.0426928239734,251.0049081475259,0.01390721844765383,250.9806350181278,3.490667564411162,8.753287863981671e-16
249.5426928239734,250.5050989216671,0.013962945941244762,250.4806795979741,3.497675498278566,7.708178162743413e-16
250.0426928239734,250.0052904575792,0.014018896301989393,249.9807241583605,3.5046834436544096,7.229894052297582e-16
250.5426928239734,249.50548275982538,0.01407507086949233,249.48076869915218,3.51169140068726,1.2856601649908285e-15
251.0426928239734,249.00567583300537,0.014131470994113033,248.9808132202131,3.518699369526862,1.1820358996858382e-15
251.5426928239734,248.50586968175574,0.014188098037073936,248.48085772140607,3.5257073503241445,1.2011987233785864e-15
252.0426928239734,248.00606431075036,0.014244953370569871,247.9809022025925,3.5327153432312395,9.637198277229349e-16
252.5426928239734,247.5062597247007,0.014302038377878822,247.48094666363264,3.5397233484014845,1.3058760019817633e-15
253.0426928239734,247.00645592835622,0.014359354453474017,246.98099110438537,3.5467313659894435,1.1280996630946473e-15
253.5426928239734,246.50665292650476,0.014416903003137384,246.48103552470832,3.553739396150914,1.2139810468075407e-15
254.0426928239734,246.00685072397295,0.014474685444074398,245.98107992445773,3.5607474390429403,1.0967674304215725e-15
254.5426928239734,245.50704932562658,0.014532703205030313,245.48112430348857,3.5677554948238273,8.360751895798685e-16
255.0426928239734,245.00724873637103,0.014590957726407831,244.9811686616544,3.5747635636531516,8.498245796351455e-16
255.5426928239734,244.50744896115162,0.01464945046038621,244.4812129988075,3.5817716456917763,7.918431477624047e-16
256.0426928239734,244.00765000495403,0.014708182871041827,243.98125731479868,3.5887797411018605,7.317444820021095e-16
256.5426928239734,243.5078518728048,0.014767156434470229,243.48130160947738,3.5957878500468756,8.182381455418594e-16
257.0426928239734,243.0080545697716,0.014826372638909702,242.98134588269167,3.6027959726916188,9.830432652504189e-16
257.5426928239734,242.50825810096376,0.014885832984866346,242.48139013428812,3.6098041092022237,6.150015813805326e-16
258.0426928239734,242.00846247153268,0.014945538985240711,241.9814343641119,3.6168122597461747,8.597074287673493e-16
258.5426928239734,241.50866768667225,0.015005492165456005,241.48147857200667,3.623820424492325,7.151334574727954e-16
259.0426928239734,241.00887375161926,0.01506569406358789,240.98152275781467,3.6308286036109023,8.886664236416014e-16
259.5426928239734,240.50908067165392,0.015126146230495897,240.4815669213766,3.637836797273532,8.214148555088231e-16
260.0426928239734,240.0092884521002,0.015186850229956491,239.98161106253164,3.6448450056532447,8.35206853116779e-16
260.5426928239734,239.50949709832645,0.01524780763879779,239.48165518111745,3.651853228924493,7.643339444722737e-16
261.0426928239734,239.00970661574564,0.015309020047035972,238.98169927697012,3.6588614672631676,7.772216528699669e-16
261.5426928239734,238.50991700981606,0.015370489058013408,238.48174334992422,3.66586972084661,9.659886634262736e-16
262.0426928239734,238.0101282860416,0.015432216288538522,237.98178739981267,3.672877989853627,6.251289759586261e-16
262.5426928239734,237.51034044997238,0.015494203369027423,237.4818314264668,3.6798862744645087,7.265561256134778e-16
263.0426928239734,237.0105535072051,0.015556451943647328,236.98187542971633,3.6868945748610416,8.312749515964535e-16
263.5426928239734,236.51076746338362,0.015618963670461792,236.48191940938932,3.6939028912265246,9.39378604429128e-16
264.0426928239734,236.01098232419946,0.0156817402215778,235.9819633653122,3.7009112237457864,8.598787073433748e-16
264.5426928239734,235.51119809539225,0.015744783283294712,235.48200729730962,3.707919572605196,1.0689490342640375e-15
265.0426928239734,235.01141478275025,0.01580809455625512,234.9820512052046,3.7149279379926887,1.0872822585708895e-15
265.5426928239734,234.51163239211093,0.015871675755597628,234.48209508881848,3.721936320097771,1.1059699941063367e-15
266.0426928239734,234.0118509293614,0.015935528611111586,233.98213894797072,3.7289447191115466,1.3295689421524488e-15
266.5426928239734,233.51207040043903,0.015999654867393815,233.4821827824791,3.735953135226726,1.352519660905175e-15
267.0426928239734,233.01229081133192,0.01606405628400735,232.98222659215963,3.74296156863765,1.375917058752446e-15
267.5426928239734,232.51251216807944,0.016128734635642215,232.48227037682645,3.7499700195403025,1.2920961378402031e-15
268.0426928239734,232.01273447677283,0.016193691712278285,231.98231413629188,3.7569784881323267,1.4240908441865194e-15
268.5426928239734,231.51295774355577,0.016258929319350263,231.4823578703664,3.7639869746130494,1.1145286862982864e-15
269.0426928239734,231.01318197462484,0.01632444927791478,230.9824015788586,3.77099547918349,1.3040739501673083e-15
269.5426928239734,230.51340717623017,0.016390253424819676,230.4824452615752,3.7780040020463854,1.3268799669392102e-15
270.0426928239734,230.01363335467607,0.01645634361287549,229.98248891832094,3.7850125434062067,1.3501356807415372e-15
270.5426928239734,229.51386051632147,0.016522721711029188,229.48253254889863,3.792021103469175,1.3141183149293524e-15
271.0426928239734,229.0140886675807,0.016589389604540147,228.98257615310914,3.799029682443283,1.0333309081612408e-15
271.5426928239734,228.51431781492388,0.016656349195158477,228.48261973075134,3.8060382805383144,9.897050059038723e-16
272.0426928239734,228.01454796487772,0.016723602401305666,227.982663281622,3.81304689796586,1.0701548856819517e-15
272.5426928239734,227.51477912402606,0.0167911511582576,227.482706805516,3.820055534939341,1.0250530750881653e-15
273.0426928239734,227.01501129901047,0.016858997418330014,226.98275030222595,3.8270641916740247,1.1084618181351109e-15
273.5426928239734,226.5152444965309,0.01692714315106639,226.48279377154256,3.834072868387049,9.29099371708466e-16
274.0426928239734,226.01547872334638,0.016995590343428346,225.98283721325427,3.841081565297439,1.0807702195763249e-15
274.5426928239734,225.51571398627559,0.017064340999988548,225.48288062714744,3.848090282626131,8.938260580276613e-16
275.0426928239734,225.01595029219754,0.017133397143126197,224.9829240130062,3.8550990205959863,9.798307391574647e-16
275.5426928239734,224.51618764805232,0.017202760813225134,224.48296737061253,3.8621077794318244,9.974280859755431e-16
276.0426928239734,224.01642606084167,0.017272434068874583,223.98301069974622,3.8691165593604313,7.97799978482021e-16
276.5426928239734,223.5166655376297,0.017342418987072575,223.48305400018467,3.8761253606105917,8.121927705756083e-16
277.0426928239734,223.01690608554367,0.01741271766343213,222.98309727170312,3.8831341834131012,8.268783435414055e-16
277.5426928239734,222.5171477117745,0.0174833322123902,222.4831405140744,3.8901430280007983,9.94929389713475e-16
278.0426928239734,222.0173904235777,0.017554264767419434,221.98318372706902,3.8971518946085792,1.0130008049150856e-15
278.5426928239734,221.51763422827395,0.017625517481242806,221.48322691045513,3.9041607834734244,1.0314423412612127e-15
279.0426928239734,221.01787913324992,0.017697092526051162,220.98327006399848,3.9111696948344226,8.886836034627138e-16
279.5426928239734,220.51812514595898,0.0177689920937237,220.48331318746233,3.9181786289327896,9.872028521229961e-16
280.0426928239734,220.01837227392193,0.017841218396051482,219.98335628060755,3.925187586011898,8.377485856608382e-16
280.5426928239734,219.5186205247278,0.01791377366496398,219.48339934319245,3.9321965663172955,8.531398086981259e-16
281.0426928239734,219.0188699060346,0.017986660152758717,218.98344237497278,3.9392055700967346,9.557348754322563e-16
281.5426928239734,218.51912042557018,0.018059880132334068,218.48348537570186,3.9462145976001923,1.1503520289310896e-15
282.0426928239734,218.01937209113288,0.01813343589742525,217.98352834513025,3.953223649079899,9.913818421125111e-16
282.5426928239734,217.51962491059246,0.018207329762843574,217.48357128300594,3.960232724790362,1.1933580807752839e-15
283.0426928239734,217.0198788918909,0.018281564064718994,216.98361418907433,3.9672418249883914,1.3090401974632612e-15
283.5426928239734,216.52013404304319,0.018356141160746003,216.48365706307797,3.974250949933125,1.142936676889708e-15
284.0426928239734,216.02039037213817,0.018431063430432954,215.98369990475675,3.981260099886059,1.1642779856092911e-15
284.5426928239734,215.52064788733946,0.01850633327535484,215.48374271384785,3.988269275111067,1.2849077077827144e-15
285.0426928239734,215.02090659688622,0.0185819531194096,214.98378549008547,3.9952784758744384,1.2083192172323837e-15
285.5426928239734,214.52116650909412,0.018657925409077993,214.48382823320117,4.002287702444893,1.2310404868676387e-15
286.0426928239734,214.02142763235614,0.01873425261368713,213.9838709429235,4.00929695509362,1.4632841439265708e-15
286.5426928239734,213.52168997514354,0.018810937225677674,213.48391361897805,4.016306234094299,1.2779397901894775e-15
287.0426928239734,213.02195354600678,0.01888798176087484,212.98395626108766,4.02331553972313,1.3021408756101994e-15
287.5426928239734,212.52221835357636,0.018965388758763163,212.48399886897187,4.030324872258869,1.3268587868543746e-15
288.0426928239734,212.02248440656385,0.019043160782765193,211.98404144234743,4.037334231982844,1.239430331279268e-15
288.5426928239734,211.5227517137628,0.01912130042052412,211.48408398092786,4.044343619179,1.2056577550643755e-15
289.0426928239734,211.02302028404972,0.0191998102841904,210.98412648442363,4.051353034133918,1.170198347163316e-15
289.5426928239734,210.52329012638506,0.019278693010712486,210.48416895254206,4.058362477136851,1.132993291699142e-15
290.0426928239734,210.0235612498142,0.019357951262131676,209.98421138498716,4.065371948479753,1.0939818214867156e-15
290.5426928239734,209.52383366346848,0.0194375877258812,209.4842537814598,4.072381448457315,1.1769954052901395e-15
291.0426928239734,209.02410737656615,0.019517605115089584,208.98429614165758,4.079390977366987,9.47143512776114e-16
291.5426928239734,208.5243823984135,0.019598006168888366,208.4843384652746,4.086400535509024,9.011058746634756e-16
292.0426928239734,208.0246587384059,0.01967879365272426,207.98438075200173,4.093410123186506,9.185843958295376e-16
292.5426928239734,207.52493640602873,0.01975997035867581,207.48442300152632,4.10041974070538,8.695563006913685e-16
293.0426928239734,207.02521541085872,0.01984153910577463,206.98446521353233,4.1074293883744915,8.183123506561652e-16
293.5426928239734,206.5254957625648,0.019923502740331313,206.4845073877001,4.114439066505614,9.733514472021301e-16
294.0426928239734,206.0257774709093,0.020005864136266056,205.98454952370645,4.121448775413493,1.2050767942959888e-15
294.5426928239734,205.5260605457492,0.02008862619544414,205.4845916212246,4.128458515415874,1.0841807559764393e-15
295.0426928239734,205.02634499703709,0.020171791848016263,204.9846336799241,4.1354682868335395,9.581179899227966e-16
295.5426928239734,204.52663083482244,0.02025536405276391,204.48467569947067,4.142478089990347,1.1273344602632485e-15
296.0426928239734,204.02691806925273,0.020339345797449754,203.98471767952637,4.149487925213268,8.430646221076456e-16
296.5426928239734,203.52720671057472,0.020423740099173228,203.48475961974938,4.156497792832417,9.37944107627751e-16
297.0426928239734,203.0274967691356,0.020508550004731344,202.98480151979408,4.163507693181099,7.174418980622809e-16
297.5426928239734,202.52778825538425,0.020593778590984848,202.48484337931077,4.170517626595844,9.756522885051622e-16
298.0426928239734,202.0280811798725,0.0206794289652298,201.9848851979459,4.177527593416441,9.122151670137542e-16
298.5426928239734,201.5283755532563,0.02076550426557468,201.48492697534184,4.184537593985987,9.304849699166838e-16
299.0426928239734,201.02867138629722,0.020852007661323124,200.98496871113676,4.191547628650922,7.765915438708247e-16
299.5426928239734,200.52896868986358,0.020938942353362338,200.48501040496484,4.198557697761068,7.922233366545225e-16
300.0426928239734,200.0292674749318,0.021026311574557376,199.98505205645588,4.205567801669672,9.878122137106188e-16
300.5426928239734,199.52956775258784,0.021114118590151314,199.48509366523552,4.212577940733452,8.245604860257683e-16
301.0426928239734,199.02986953402845,0.021202366698171438,198.98513523092498,4.2195881153126304,9.347600431357456e-16
301.5426928239734,198.53017283056266,0.02129105922984157,198.4851767531411,4.226598325770988,6.676367696751235e-16
302.0426928239734,198.03047765361313,0.021380199550000638,197.98521823149633,4.233608572475899,7.7856756763462305e-16
302.5426928239734,197.5307840147176,0.021469791057527575,197.48525966559848,4.2406188557983775,9.930991142464531e-16
303.0426928239734,197.03109192553032,0.021559837185772694,196.98530105505083,4.2476291761131275,9.121025029425475e-16
303.5426928239734,196.53140139782357,0.021650341402995616,196.48534239945198,4.254639533798582,9.308390077035144e-16
304.0426928239734,196.0317124434891,0.021741307212809913,195.98538369839585,4.261649929236953,7.388963639478633e-16
304.5426928239734,195.53202507453972,0.021832738154634546,195.48542495147143,4.26866036281428,8.618893467621189e-16
305.0426928239734,195.03233930311077,0.021924637804152228,194.98546615826302,4.275670834920471,1.2096311851297572e-15
305.5426928239734,194.53265514146173,0.02201700977377487,194.4855073183499,4.282681345949361,1.2347373415289636e-15
306.0426928239734,194.03297260197778,0.022109857713116188,193.9855484313063,4.289691896298751,1.317723547375203e-15
306.5426928239734,193.53329169717145,0.022203185309471626,193.48558949670144,4.296702486370467,1.2282405008572436e-15
307.0426928239734,193.03361243968428,0.022296996288305736,192.9856305140994,4.303713116570407,1.1345106247874608e-15
307.5426928239734,192.53393484228837,0.022391294413747133,192.4856714830589,4.310723787308587,1.2192678661280285e-15
308.0426928239734,192.03425891788822,0.022486083489091153,191.98571240313348,4.3177344989992035,8.714345485025894e-16
308.5426928239734,191.53458467952237,0.022581367357310405,191.48575327387127,4.324745252060681,6.99134269715269e-16
309.0426928239734,191.03491214036512,0.02267714990157329,190.9857940948149,4.331756046915726,6.490120456886182e-16
309.5426928239734,190.5352413137284,0.022773435045770687,190.48583486550146,4.33876688399138,7.953213917604203e-16
310.0426928239734,190.0355722130634,0.022870226755050953,189.9858755854624,4.345777763719081,7.445377056033309e-16
310.5426928239734,189.5359048519626,0.02296752903636334,189.4859162542235,4.352788686534716,8.295296434789571e-16
311.0426928239734,189.0362392441615,0.023065345939010044,188.98595687130464,4.3597996528786735,5.648348569157485e-16
311.5426928239734,188.5365754035405,0.023163681555207028,188.48599743621992,4.366810663195913,7.211683447411446e-16
312.0426928239734,188.0369133441269,0.02326254002065375,187.98603794847745,4.373821717936016,9.576561514910415e-16
312.5426928239734,187.5372530800968,0.023361925515112018,187.48607840757919,4.380832817553245,6.020192867025352e-16
313.0426928239734,187.03759462577705,0.023461842262994085,186.986118813021,4.387843962506611,6.150200519495181e-16
313.5426928239734,186.53793799564727,0.023562294533960207,186.48615916429242,4.394855153259926,7.068796906710816e-16
314.0426928239734,186.03828320434195,0.0236632866435258,185.9861994608768,4.401866390281878,8.024752912365058e-16
314.5426928239734,185.5386302666525,0.023764822953678412,185.48623970225088,4.408877674046085,9.839356399910616e-16
315.0426928239734,185.03897919752924,0.023866907873504664,184.98627988788493,4.415889005031162,7.54061850343844e-16
315.5426928239734,184.53933001208372,0.023969545859827374,184.48632001724255,4.422900383720789,8.56187430900114e-16
316.0426928239734,184.0396827255908,0.024072741417853035,183.9863600897806,4.429911810603776,1.0499775010786251e-15
316.5426928239734,183.5400373534909,0.024176499101829875,183.48640010494904,4.4369232861741335,8.942404189431733e-16
317.0426928239734,183.0403939113922,0.024280823515716653,182.98644006219098,4.443934810931137,1.0053755487441342e-15
317.5426928239734,182.5407524150729,0.024385719313862457,182.48647996094235,4.4509463853794,9.342065359095463e-16
318.0426928239734,182.04111288048367,0.02449119120169765,181.98651980063198,4.457958010028947,8.594463082725195e-16
318.5426928239734,181.54147532374995,0.024597243936436235,181.48655958068136,4.464969685395282,1.0738125629369585e-15
319.0426928239734,181.04183976117426,0.02470388232778983,180.98659930050465,4.471981411999464,9.97979703981778e-16
319.5426928239734,180.5422062092387,0.024811111238693475,180.48663895950833,4.478993190368182,1.0203146613213493e-15
320.0426928239734,180.04257468460756,0.02491893558604351,179.9866785570914,4.486005021033828,1.0432134953968262e-15
320.5426928239734,179.54294520412958,0.025027360341447764,179.48671809264505,4.493016904534579,9.600228598326075e-16
321.0426928239734,179.04331778484072,0.025136390531988292,178.9867575655526,4.5000288414144745,9.816900541901546e-16
321.5426928239734,178.54369244396668,0.02524603124099687,178.48679697518926,4.507040832223488,1.0039089038605839e-15
322.0426928239734,178.04406919892557,0.025356287608843574,177.98683632092227,4.514052877517622,1.0266950572117603e-15
322.5426928239734,177.54444806733056,0.025467164833738624,177.48687560211042,4.521064977858975,9.33390801960336e-16
323.0426928239734,177.04482906699272,0.025578668172547794,176.98691481810422,4.52807713381584,9.546971850245681e-16
323.5426928239734,176.5452122159237,0.025690802941621658,176.48695396824567,4.535089345962776,8.544832085166671e-16
324.0426928239734,176.0455975323386,0.02580357451763892,175.986993051868,4.542101614880706,6.867930463899715e-16
324.5426928239734,175.54598503465886,0.025916988338464148,175.4870320682957,4.549113941156993,7.026056275229172e-16
325.0426928239734,175.04637474151517,0.02603104990402014,174.98707101684423,4.556126325385542,8.495250952411165e-16
325.5426928239734,174.54676667175045,0.026145764777175298,174.48710989682002,4.563138768166881,7.354748302171942e-16
326.0426928239734,174.0471608444229,0.026261138584646213,173.9871487075202,4.570151270108256,8.209697493179003e-16
326.5426928239734,173.54755727880908,0.026377177017915865,173.4871874482325,4.577163831823725,7.700839049846246e-16
327.0426928239734,173.04795599440698,0.026493885834167667,172.98722611823513,4.584176453934255,7.880727992433671e-16
327.5426928239734,172.54835701093933,0.026611270857235733,172.48726471679655,4.591189137067817,5.865714703390974e-16
328.0426928239734,172.04876034835672,0.02672933797857168,171.98730324317532,4.598201881859485,4.502654963584161e-16
328.5426928239734,171.549166026841,0.026848093158228288,171.48734169662004,4.605214688951536,5.376891455695688e-16
329.0426928239734,171.04957406680853,0.026967542425860365,170.98738007636902,4.61222755899355,7.076541584825514e-16
329.5426928239734,170.54998448891374,0.027087691881743203,170.48741838165023,4.61924049264252,7.244294091287502e-16
330.0426928239734,170.05039731405247,0.02720854769780894,169.9874566116811,4.6262534905629495,8.240592374270861e-16
330.5426928239734,169.55081256336558,0.027330116118701214,169.48749476566826,4.633266553426965,5.905971885969108e-16
331.0426928239734,169.05123025824255,0.027452403462848503,168.98753284280755,4.6402796819144205,6.047230041895094e-16
331.5426928239734,168.5516504203251,0.027575416123556514,168.4875708422836,4.647292876713015,4.4230714866939937e-16
332.0426928239734,168.05207307151096,0.027699160570120025,167.98760876326983,4.654306138518399,4.529497589491947e-16
332.5426928239734,167.55249823395766,0.02782364334895459,167.4876466049282,4.66131946803429,7.422100681802733e-16
333.0426928239734,167.05292593008636,0.02794887108474852,166.98768436640887,4.6683328659725944,2.8506629392208517e-16
333.5426928239734,166.55335618258582,0.028074850481635556,166.48772204685034,4.67534633305352,5.839756591262332e-16
334.0426928239734,166.05378901441634,0.028201588324388686,165.98775964537884,4.682359870005699,2.9909898301410963e-16
334.5426928239734,165.55422444881395,0.028329091479635526,165.48779716110843,4.689373477566312,2.0427036188964237e-16
335.0426928239734,165.05466250929447,0.028457366897095764,164.98783459314066,4.696387156481211,3.1391349252658296e-16
335.5426928239734,164.55510321965772,0.028586421610841066,164.48787194056433,4.703400907505048,-2.1441934514569426e-16
336.0426928239734,164.05554660399187,0.028716262740578005,163.98790920245537,4.710414731401405,3.2955851363426976e-16
336.5426928239734,163.55599268667777,0.028846897492954434,163.48794637787648,4.717428628942925,3.9399335834099076e-16
337.0426928239734,163.05644149239347,0.028978333162889846,162.9879834658771,4.724442600911442,3.460860934459093e-16
337.5426928239734,162.55689304611872,0.029110577134930215,162.48802046549292,4.731456648098125,1.1823269575958463e-16
338.0426928239734,162.05734737313955,0.02924363688462786,161.98805737574583,4.738470771303612,2.423679259129737e-16
338.5426928239734,161.55780449905308,0.029377519979946858,161.4880941956436,4.745484971338151,3.1054588703406235e-16
339.0426928239734,161.05826444977222,0.029512234082694565,160.98813092417964,4.752499249021744,1.9100772070456184e-16
339.5426928239734,160.55872725153063,0.02964778694997983,160.48816756033284,4.759513605184298,2.610940788326661e-16
340.0426928239734,160.0591929308876,0.029784186435698443,159.9882041030671,4.766528040665767,6.692341246070193e-17
340.5426928239734,159.55966151473322,0.029921440492046456,159.48824055133116,4.773542556316307,6.862036379674169e-17
341.0426928239734,159.06013303029346,0.03005955717106196,158.98827690405852,4.7805571529964315,1.407317390933524e-16
341.5426928239734,158.5606075051355,0.03019854462619595,158.48831316016685,4.787571831577166,-7.21614779996691e-17
342.0426928239734,158.06108496717303,0.030338411113912937,157.98834931855797,4.794586592940211,-7.400879191664715e-17
342.5426928239734,157.56156544467174,0.03047916499532194,157.48838537811727,4.801601437978103,-0.0
343.0426928239734,157.0620489662549,0.030620814737838536,156.98842133771382,4.8086163675943805,-0.0
343.5426928239734,156.56253556090897,0.0307633689168787,156.48845719619962,4.815631382703752,-1.597557115810501e-16
344.0426928239734,156.06302525798938,0.030906836217585075,155.98849295240964,4.82264648423227,-1.6389836774028748e-16
344.5426928239734,155.56351808722653,0.03105122543658646,155.48852860516132,4.829661673117507,-4.204056242080619e-16
345.0426928239734,155.06401407873167,0.03119654548379124,154.98856415325437,4.836676950308731,-3.4510262217817813e-16
345.5426928239734,154.56451326300305,0.031342805384215515,154.48859959547028,4.843692316767087,-3.5413929582552553e-16
346.0426928239734,154.06501567093215,0.03149001427984675,153.9886349305721,4.850707773465789,-4.54303759968092e-16
346.5426928239734,153.56552133381007,0.031638181431543656,153.4886701573041,4.8577233213902975,-6.527894690302813e-16
347.0426928239734,153.06603028333396,0.03178731622097331,152.9887052743914,4.864738961538519,-4.786088097875089e-16
347.5426928239734,152.56654255161365,0.03193742815258615,152.4887402805396,4.871754694921002,-4.913074216753726e-16
348.0426928239734,152.06705817117842,0.03208852685562985,151.98877517443435,4.878770522561134,-5.043862686632967e-16
348.5426928239734,151.56757717498377,0.03224062208620297,151.48880995474113,4.885786445495345,-3.1071482452644487e-16
349.0426928239734,151.0680995964185,0.03239372372934921,150.98884462010474,4.892802464773311,-3.1904153746859226e-16
349.5426928239734,150.56862546931188,0.0325478418011933,150.48887916914896,4.899818581458174,-5.460334770084188e-16
350.0426928239734,150.06915482794082,0.032702986451119444,149.9889136004761,4.906834796626747,-3.364589604143985e-16
350.5426928239734,149.5696877070374,0.03285916796399332,149.4889479126667,4.9138511113697385,-5.183504483801433e-16
351.0426928239734,149.07022414179636,0.03301639676242866,148.988982104279,4.920867526791976,-5.324298538205402e-16
351.5426928239734,148.5707641678829,0.03317468340909946,148.4890161738485,4.92788404401263,-5.469408713202491e-16
352.0426928239734,148.07130782144057,0.03333403860909888,147.98905011988768,4.934900664165447,-6.867645270796826e-16
352.5426928239734,147.57185513909917,0.03349447321234593,147.48908394088528,4.941917388398987,-6.414636587075107e-16
353.0426928239734,147.07240615798315,0.03365599821604113,146.98911763530623,4.9489342178768645,-8.568645010266696e-16
353.5426928239734,146.57296091571985,0.03381862476717223,146.4891512015907,4.955951153777992,-6.09604513750874e-16
354.0426928239734,146.07351945044806,0.03398236416507122,145.9891846381541,4.962968197296833,-8.353417241277354e-16
354.5426928239734,145.5740818008268,0.03414722786402393,145.48921794338625,4.969985349643656,-9.301312116313466e-16
355.0426928239734,145.07464800604413,0.034313227475933294,144.989251115651,4.9770026120447906,-5.883689453101284e-16
355.5426928239734,144.57521810582625,0.034480374773037815,144.48928415328572,4.9840199857429,-8.316729261422449e-16
356.0426928239734,144.0757921404468,0.034648681690686356,143.98931705460078,4.991037471997249,-9.32787605811844e-16
356.5426928239734,143.57637015073627,0.03481816033017076,143.489349817879,4.998055072083973,-8.791797045204195e-16
357.0426928239734,143.07695217809172,0.03498882296161764,142.98938244137503,5.005072787296375,-9.040723739050718e-16
357.5426928239734,142.57753826448652,0.03516068202694084,142.4894149233149,5.0120906189451935,-1.0142842784130118e-15
358.0426928239734,142.0781284524805,0.03533375014285592,141.9894472618954,5.0191085683589085,-9.562726921803715e-16
358.5426928239734,141.57872278523027,0.03550804010395845,141.4894794552835,5.026126636884036,-8.047948443181788e-16
359.0426928239734,141.0793213064995,0.0356835648858674,140.98951150161557,5.033144825885432,-9.19897783534689e-16
359.5426928239734,140.5799240606699,0.03586033764843541,140.4895433989971,5.040163136746602,-8.517704580638688e-16
360.0426928239734,140.0805310927519,0.03603837173902759,139.98957514550182,5.0471815708700225,-6.816516650842618e-16
360.5426928239734,139.58114244839604,0.03621768069587052,139.48960673917105,5.054200129677458,-8.016467937631971e-16
361.0426928239734,139.08175817390423,0.03639827825147322,138.98963817801317,5.0612188146102985,-6.187532162248107e-16
361.5426928239734,138.5823783162415,0.036580178336121885,138.48966946000277,5.068237627129883,-7.429887833777833e-16
362.0426928239734,138.0830029230478,0.036763395081450316,137.98970058308015,5.0752565687178635,-7.64795688578682e-16
362.5426928239734,137.58363204265024,0.036947942824087865,137.48973154515042,5.082275640876533,-5.623750830638914e-16
363.0426928239734,137.08426572407552,0.03713383610938695,136.9897623440828,5.089294845129201,-6.369029518299474e-16
363.5426928239734,136.5849040170626,0.037321089695232075,136.48979297771004,5.096314183020547,-6.55803805620761e-16
364.0426928239734,136.08554697207563,0.03750971855593259,135.9898234438274,5.103333656117,-5.525491680430801e-16
364.5426928239734,135.5861946403173,0.037699737886201144,135.489853740192,5.110353266007115,-6.322989124448794e-16
365.0426928239734,135.0868470737423,0.037891163105220234,134.98988386452197,5.117373014301964,-7.164012283139658e-16
365.5426928239734,134.58750432507122,0.03808400986079899,134.4899138144957,5.12439290263553,-6.038024669556048e-16
366.0426928239734,134.08816644780472,0.03827829403362263,133.98994358775087,5.131412932665114,-4.838235881925608e-16
366.5426928239734,133.58883349623798,0.038474031741596935,133.48997318188367,5.1384331060717505,-6.40938522946455e-16
367.0426928239734,133.08950552547543,0.03867123934429027,132.99000259444782,5.145453424560619,-4.403100389299871e-16
367.5426928239734,132.59018259144597,0.038869933447475725,132.49003182295368,5.15247388986149,-1.5125849377226554e-16
368.0426928239734,132.0908647509184,0.039070130907775946,131.99006086486742,5.159494503729151,-2.3385292422134075e-16
368.5426928239734,131.5915520615172,0.03927184883741347,131.4900897176099,5.166515267943865,-1.607063466720197e-16
369.0426928239734,131.09224458173878,0.039475104609069306,130.9901183785557,5.173536184311827,-8.283895275040516e-17
369.5426928239734,130.59294237096793,0.03967991586085264,130.49014684503226,5.180557254665633,-2.5623466726128297e-16
370.0426928239734,130.09364548949478,0.03988630050138468,129.9901751143186,5.187578480864755,-3.52297456027601e-16
370.5426928239734,129.59435399853214,0.04009427671499968,129.49020318364447,5.194599864796041,-2.72492713722785e-16
371.0426928239734,129.09506796023317,0.0403038629670663,128.9902310501891,5.201621408374201,-9.368485676887007e-17
371.5426928239734,128.59578743770945,0.04051507800943259,128.49025871108012,5.208643113542329,-1.932801186953012e-16
372.0426928239734,128.09651249504958,0.04072794088599794,127.99028616339245,5.2156649822724175,-2.9910155422940934e-16
372.5426928239734,127.59724319733813,0.040942470938415416,127.49031340414707,5.222687016565896,-1.0287041368543606e-16
373.0426928239734,127.09797961067503,0.04115868781192815,126.99034043030981,5.229709218454172,-3.1846233070866237e-16
373.5426928239734,126.59872180219543,0.04137661146134338,126.49036723879007,5.2367315899991915,-4.382246556978556e-16
374.0426928239734,126.09946984009005,0.04159626215714799,125.99039382643957,5.243754133294006,-5.088659955377324e-16
374.5426928239734,125.60022379362599,0.041817660491769444,125.49042019005104,5.250776850463355,-2.334691684457281e-16
375.0426928239734,125.100983733168,0.04204082738598618,124.99044632635682,5.257799743664259,-3.0130277426624273e-16
375.5426928239734,124.60174973020032,0.04226578409549164,124.49047223202754,5.264822815086634,-6.222316556873683e-17
376.0426928239734,124.10252185734905,0.042492552217616206,123.99049790367059,5.271846066953905,-1.9277387166386504e-16
376.5426928239734,123.60330018840492,0.04272115369821153,123.49052333782873,5.278869501523644,-1.3273578111217097e-16
377.0426928239734,123.10408479834682,0.04295161083870184,122.99054853097857,5.285893121088225,-3.427803020568598e-16
377.5426928239734,122.60487576336573,0.04318394630330697,122.49057347952902,5.292916927975482,-2.833028094747746e-16
378.0426928239734,122.10567316088928,0.04341818312644194,121.99059817981959,5.299940924549393,-1.4636039952358028e-16
378.5426928239734,121.606477069607,0.04365434472029824,121.49062262811897,5.306965113210772,-3.7811545532523325e-16
379.0426928239734,121.10728756949598,0.04389245488261198,120.99064682062316,5.3139894963979835,-7.815807768372585e-17
379.5426928239734,120.60810474184744,0.04413253780462427,120.49067075345377,5.321014076587667,-2.423670965087985e-16
380.0426928239734,120.10892866929368,0.044374618079239474,119.9906944226563,5.328038856295483,-2.505600206612769e-16
380.5426928239734,119.6097594358359,0.044618720709387015,119.49071782419828,5.335063838076871,-3.454209726265799e-16
381.0426928239734,119.11059712687262,0.04486487111659274,118.9907409539674,5.342089024527833,-5.357950854222413e-16
381.5426928239734,118.61144182922882,0.04511309514976594,118.49076380776951,5.349114418285725,-2.770694065307623e-16
382.0426928239734,118.11229363118584,0.04536341909420839,117.9907863813267,5.356140022030076,-3.821279009373563e-16
382.5426928239734,117.61315262251199,0.045615869680852024,117.49080867027524,5.363165838483425,-9.883079923192289e-17
383.0426928239734,117.114018894494,0.045870474095731896,116.99083067016343,5.370191870412165,-3.0677484865238814e-16
383.5426928239734,116.61489253996916,0.04612725998970166,116.49085237644951,5.377218120627428,-2.116400476042048e-16
384.0426928239734,116.11577365335846,0.04638625548839859,115.99087378449929,5.384244591985972,-0.0
384.5426928239734,115.61666233070035,0.04664748920246585,115.49089488958398,5.3912712873911035,-1.7005504020432984e-16
385.0426928239734,115.1175586696856,0.04691099023803965,114.99091568687783,5.398298209793609,-1.17370886301924e-16
385.5426928239734,114.61846276969287,0.04717678820750936,114.49093617145553,5.405325362192718,6.076561434345812e-17
386.0426928239734,114.11937473182533,0.04744491324055895,113.99095633828993,5.412352747637083,-2.517162924595303e-16
386.5426928239734,113.6202946589482,0.04771539599549827,113.49097618224923,5.419380369225794,-6.51795397719178e-17
387.0426928239734,113.12122265572722,0.04798826767089313,112.99099569809452,5.426408230109397,-6.752091816206582e-17
387.5426928239734,112.62215882866825,0.04826356001750343,112.49101488047691,5.433436333490959,-1.3991461118412526e-16
388.0426928239734,112.12310328615776,0.048541305350538834,111.99103372393473,5.440464682627146,7.249300332931648e-17
388.5426928239734,111.62405613850456,0.04882153656224184,111.49105222289067,5.447493280829332,-1.5026505544685726e-16
389.0426928239734,111.1250174979825,0.04910428713480863,110.99107037164872,5.454522131464729,-0.0
389.5426928239734,110.6259874788744,0.04938959115365814,110.49108816439107,5.4615512379575515,1.6148453736153562e-16
390.0426928239734,110.1269661975172,0.04967748332106044,109.99110559517504,5.468580603790213,-0.0
390.5426928239734,109.62795377234815,0.04996799897013579,109.49112265792964,5.475610232504536,-2.6048227951483825e-16
391.0426928239734,109.12895032395247,0.050261174079236165,108.99113934645231,5.482640127703009,9.006222259111113e-17
391.5426928239734,108.62995597511217,0.05055704528672143,108.49115565440536,5.489670293050068,-0.0
392.0426928239734,108.13097085085626,0.05085564990614298,107.99117157531235,5.496700732273403,-9.694666819030039e-17
392.5426928239734,107.63199507851233,0.05115702594184781,107.49118710255448,5.503731449165316,-0.0
393.0426928239734,107.13302878775959,0.05146121210501679,106.9912022293666,5.510762447584086,-1.044285590392201e-16
393.5426928239734,106.63407211068326,0.05176824783015125,106.49121694883344,5.517793731455397,-1.084114776418286e-16
394.0426928239734,106.1351251818307,0.05207817329202246,105.99123125388536,5.524825304773778,-1.1256603353624366e-16
394.5426928239734,105.63618813826886,0.052391029423099346,105.49124513729426,5.531857171604096,-1.7535072085682245e-16
395.0426928239734,105.13726111964354,0.05270685793147015,104.99125859166911,5.538889336083077,-1.8213526665194216e-16
395.5426928239734,104.63834426824022,0.05302570131927443,104.49127160945163,5.54592180242087,-3.153607037801434e-16
396.0426928239734,104.13943772904668,0.053347602901662454,103.9912841829115,5.552954574902654,-6.553621968098931e-17
396.5426928239734,103.64054164981737,0.05367260682629962,103.49129630414161,5.559987657890276,-3.4054538062931874e-16
397.0426928239734,103.14165618113964,0.05400075809343419,102.99130796505321,5.567021055823944,-0.0
397.5426928239734,102.6427814765019,0.05433210257654751,102.49131915737068,5.574054773223955,-1.4720570003212223e-16
398.0426928239734,102.14391769236366,0.0546666870436064,101.99132987262631,5.581088814692465,-2.296061351747472e-16
398.5426928239734,101.6450649882278,0.05500455917893828,101.49134010215485,5.58812318491532,-2.387998262333377e-16
399.0426928239734,101.14622352671473,0.05534576760575046,100.99134983708784,5.595157888663917,-8.280317614866047e-17
399.5426928239734,100.6473934736389,0.0556903619093157,100.49135906834785,5.602192930797125,-2.584562523104456e-16
400.0426928239734,100.14857499808745,0.05603839266084722,99.99136778664236,5.609228316263255,-8.965406028505788e-17
400.5426928239734,99.64976827250132,0.056389911442087035,99.4913759824576,5.61626405010207,-9.331691378259506e-17
401.0426928239734,99.15097347275864,0.05674497087063273,98.99138364605213,5.623300137446871,-3.8859557570158355e-16
401.5426928239734,98.65219077826072,0.057103624626028464,98.49139076745007,5.630336583526617,-1.0115871748198079e-16
402.0426928239734,98.1534203720206,0.05746592747664729,97.99139733643435,5.637373393668113,-3.1606679306416375e-16
402.5426928239734,97.6546624407543,0.05783193530739289,97.49140334253941,5.644410573298248,-4.3899710094543176e-16
403.0426928239734,97.15591717497473,0.058201705148249926,96.99140877504401,5.651448127946302,-3.4305015411558826e-16
403.5426928239734,96.65718476908869,0.05857529520371348,96.49141362296335,5.658486063246309,-2.383376464941214e-16
404.0426928239734,96.15846542149662,0.058952764883129234,95.99141787504139,5.665524384939487,-4.968684868173612e-16
404.5426928239734,95.65975933469562,0.059334174831977386,95.49142151974254,5.672563098876727,-5.180286066629118e-16
405.0426928239734,95.16106671538554,0.05971958696413472,94.99142454524315,5.679602211021158,-4.0515550597405737e-16
405.5426928239734,94.66238777457845,0.060109064495150556,94.4914269394228,5.686641727450776,-2.8172971670061204e-16
406.0426928239734,94.16372272771147,0.06050267197657394,93.9914286898551,5.693681654361146,-6.613232369905892e-16
406.5426928239734,93.66507179476329,0.060900475331370954,93.49142978379838,5.70072199806818,-3.8338695676296125e-16
407.0426928239734,93.16643520037424,0.06130254189047261,92.99143020818578,5.707762765010983,-5.602216740392054e-16
407.5426928239734,92.66781317397026,0.06170894043049567,92.49142994961515,5.714803961754793,-5.848627671343273e-16
408.0426928239734,92.16920594989085,0.06211974121268039,91.9914289943386,5.72184559499398,-6.107291336378674e-16
408.5426928239734,91.67061376752109,0.06253501602309121,91.49142732825153,5.72888767155515,-5.467618300390176e-16
409.0426928239734,91.17203687142798,0.06295483821412826,90.99142493688129,5.735930198400319,-5.712119782631438e-16
409.5426928239734,90.67347551150121,0.06337928274739986,90.49142180537557,5.742973182630186,-9.948304453466246e-16
410.0426928239734,90.17492994309849,0.06380842623800809,89.99141791849009,5.750016631487481,-6.238904827465116e-16
410.5426928239734,89.67640042719573,0.06424234700030212,89.49141326057604,5.757060552360432,-6.522627660958271e-16
411.0426928239734,89.17788723054215,0.06468112509515615,88.99140781556699,5.7641049527863055,-5.6841159319247365e-16
411.5426928239734,88.67939062582057,0.06512484237883141,88.4914015669652,5.7711498404550525,-6.540120474257749e-16
412.0426928239734,88.180910891813,0.06557358255348457,87.99139449782747,5.778195223213069,-6.842670824333282e-16
412.5426928239734,87.68244831357188,0.06602743121938716,87.49138659075055,5.785241109067044,-5.859038729223748e-16
413.0426928239734,87.18400318259708,0.06648647592892429,86.99137782785577,5.792287506187929,-8.177644972680872e-16
413.5426928239734,86.68557579701888,0.06695080624244323,86.49136819077323,5.799334422915016,-7.135487963505063e-16
414.0426928239734,86.1871664617873,0.06742051378602638,85.9913576606253,5.806381867760129,-4.484008448605087e-16
414.5426928239734,85.68877548886782,0.06789569231126608,85.49134621800945,5.813429849411939,-7.829297695299376e-16
415.0426928239734,85.19040319744398,0.06837643775712252,84.99133384298055,5.8204783767403985,-7.383978669692989e-16
415.5426928239734,84.69204991412698,0.06886284831394983,84.49132051503216,5.827527458801299,-5.159922029179166e-16
416.0426928239734,84.19371597317256,0.0693550244897792,83.9913062130773,5.834577104840968,-5.410125501581222e-16
416.5426928239734,83.69540171670562,0.06985306917895232,83.49129091542848,5.841627324301094,-4.728375335648793e-16
417.0426928239734,83.19710749495273,0.0703570877332025,82.99127459977666,5.84867812682369,-5.952537301012092e-16
417.5426928239734,82.69883366648293,0.07086718803528609,82.49125724316964,5.8557295222562,-6.246483709820485e-16
418.0426928239734,82.2005805984571,0.07138348057527086,81.9912388219893,5.862781520656751,-6.556848319196193e-16
418.5426928239734,81.70234866688641,0.07190607852959394,81.49121931192812,5.86983413229956,-5.737212974301589e-16
419.0426928239734,81.20413825690007,0.07243509784300692,80.99119868796447,5.87688736768049,-6.628417212791236e-16
419.5426928239734,80.70594976302286,0.0729706573135316,80.49117692433717,5.883941237522777,-7.597054582377885e-16
420.0426928239734,80.2077835894628,0.07351287868055587,79.99115399451863,5.8909957527829,-7.318731339432616e-16
420.5426928239734,79.70964015040957,0.07406188671620564,79.49112987118716,5.898050924656653,-9.092838777713671e-16
421.0426928239734,79.21151987034376,0.07461780932013562,78.99110452619784,5.905106764585359,-8.826447894717479e-16
421.5426928239734,78.71342318435796,0.07518077761788838,78.49107793055235,5.912163284262289,-8.511051667189223e-16
422.0426928239734,78.21535053848969,0.07575092606297944,77.99105005436728,5.919220495639239,-7.327534095129569e-16
422.5426928239734,77.717302390067,0.07632839254287327,77.49102086684121,5.926278410933332,-7.713000673020938e-16
423.0426928239734,77.21927920806732,0.07691331848902411,76.99099033622029,5.933337042633978,-6.316651737718673e-16
423.5426928239734,76.72128147348984,0.07750584899116408,76.49095842976227,5.9403964035100625,-8.554286058561492e-16
424.0426928239734,76.22330967974241,0.07810613291603055,75.99092511369899,5.947456506617327,-7.010320208700194e-16
424.5426928239734,75.72536433304342,0.07871432303073464,75.49089035319714,5.954517365305961,-7.388980026997405e-16
425.0426928239734,75.22744595283923,0.07933057613098342,74.99085411231722,5.961578993228419,-7.790783563539624e-16
425.5426928239734,74.72955507223823,0.07995505317437933,74.49081635397074,5.968641404347455,-9.391213389454244e-16
426.0426928239734,74.23169223846182,0.08058791941903225,73.99077703987537,5.975704612944383,-8.050960231070582e-16
426.5426928239734,73.7338580133135,0.08122934456773216,73.49073613050803,5.982768633627578,-9.151472781950675e-16
427.0426928239734,73.23605297366663,0.08187950291794369,72.99069358505582,5.989833481341215,-1.03531129708859e-15
427.5426928239734,72.738277711972,0.08253857351789763,72.49064936136476,5.996899171374247,-8.019538051828918e-16
428.0426928239734,72.24053283678586,0.08320674032907001,71.99060341588596,6.003965719369644,-8.47400529949669e-16
428.5426928239734,71.74281897331954,0.08388419239535434,71.49055570361924,6.011033141333882,-9.771951207910006e-16
429.0426928239734,71.24513676401179,0.08457112401925038,70.99050617805426,6.0181014536466995,-7.750209248222112e-16
429.5426928239734,70.7474868691247,0.08526773494540973,70.49045479110868,6.025170673071117,-8.198860275365065e-16
430.0426928239734,70.2498699673645,0.08597423055189848,69.99040149306326,6.032240816763731,-6.748707528814005e-16
430.5426928239734,69.75228675652848,0.08669082204955636,69.490346232494,6.039311902285289,-9.186511101441287e-16
431.0426928239734,69.25473795417913,0.08741772668985413,68.99028895620083,6.046383947611538,-6.486661869172569e-16
431.5426928239734,68.75722429834714,0.08815516798167324,68.49022960913273,6.053456971144379,-9.737102483164505e-16
432.0426928239734,68.25974654826435,0.08890337591745615,67.9901681343093,6.06053099172328,-8.500238437236731e-16
432.5426928239734,67.7623054851285,0.08966258720920199,67.49010447273825,6.067606028637024,-1.094607211181514e-15
433.0426928239734,67.2649019129011,0.09043304553480906,66.99003856332875,6.0746821016357195,-9.563799345091183e-16
433.5426928239734,66.76753665914033,0.09121500179529558,66.48997034280048,6.081759230943125,-9.426017882930218e-16
434.0426928239734,66.27021057587062,0.09200871438346127,65.9898997455879,6.08883743726928,-1.000928329174835e-15
434.5426928239734,65.77292454049085,0.09281444946458549,65.48982670373972,6.095916741823436,-8.1795503712368415e-16
435.0426928239734,65.2756794567232,0.09363248126979351,64.98975114681296,6.102997166327275,-1.217097185645003e-15
435.5426928239734,64.77847625560474,0.09446309240276034,64.48967300176162,6.110078733028442,-1.0168541402188324e-15
436.0426928239734,64.28131589652415,0.09530657416046215,63.98959219281946,6.117161464714381,-9.834193106872667e-16
436.5426928239734,63.78419936830566,0.0961632268687288,63.48950864137649,6.124245384726447,-7.326838838156391e-16
437.0426928239734,63.28712769034317,0.09703336023339705,62.989422265848894,6.131330516974317,-7.80201527412102e-16
437.5426928239734,62.79010191378689,0.09791729370791394,62.48933298154189,6.138416885950682,-1.0686979239983596e-15
438.0426928239734,62.29312312278556,0.09881535687829254,61.98924070050522,6.145504516746205,-6.328532736585032e-16
438.5426928239734,61.7961924357872,0.09972788986637933,61.48914533138058,6.152593435064734,-6.7490691263211095e-16
439.0426928239734,61.29931100690173,0.10065524375245291,60.989046779240745,6.159683667238769,-7.20125983516285e-16
439.5426928239734,60.8024800273288,0.10159778101823931,60.48894494541971,6.1667752402451415,-9.225324660882237e-16
440.0426928239734,60.3057007268545,0.10255587601149871,59.98883972733322,6.173868181720898,-4.92690936388721e-16
440.5426928239734,59.808974375420924,0.10352991543341336,59.48873101828923,6.18096251997937,-6.142978421456369e-16
441.0426928239734,59.31230228477269,0.10452029885008696,58.988618707287465,6.188058284026377,-4.691882507338159e-16
441.5426928239734,58.81568581018479,0.10552743922955214,58.48850267880755,6.19515550357655,-5.0197925730318725e-16
442.0426928239734,58.31912635227658,0.10655176350577526,57.988382812584774,6.202254209069716,-6.448402677796628e-16
442.5426928239734,57.822625358916845,0.10759371317124765,57.48825898337276,6.209354431687312,-6.906975063467975e-16
443.0426928239734,57.32618432722539,0.10865374489985954,56.988131060692105,6.21645620336876,-6.785625586255204e-16
443.5426928239734,56.829804805676794,0.10973233120186855,56.48799890856414,6.223559556827749,-6.615260133660937e-16
444.0426928239734,56.33348839631249,0.11082996111289842,55.987862385228624,6.230664525568339,-7.098396193217759e-16
444.5426928239734,55.83723675706773,0.11194714091903822,55.48772134284443,6.237771143900827,-5.335065100454918e-16
445.0426928239734,55.34105160422035,0.11308439492025617,54.98757562717191,6.2448794469572535,-6.550673028056812e-16
445.5426928239734,54.84493471496888,0.11424226623449785,54.4874250772357,6.251989470706456,-4.401470380684833e-16
446.0426928239734,54.34888793014798,0.11542131764500717,53.98726952496663,6.259101251968555,-7.575863019108236e-16
446.5426928239734,53.852913157089745,0.11662213249358935,53.48710879482111,6.2662148284287085,-6.116391393839559e-16
447.0426928239734,53.357012372640085,0.11784531562273177,52.98694270337652,6.273330238650009,-8.784734012117595e-16
447.5426928239734,52.86118762634005,0.11909149436971038,52.48677105890072,6.280447522085305,-8.285702070465703e-16
448.0426928239734,52.36544104378261,0.12036131961603914,51.98659366089388,6.287566719087793,-5.107253306540499e-16
448.5426928239734,51.869774830156295,0.12165546689586831,51.486410299600486,6.294687870920099,-6.202191184377406e-16
449.0426928239734,51.37419127398782,0.12297463756720661,50.98622075548939,6.3018110197616295,-6.699852352567147e-16
449.5426928239734,50.87869275109683,0.12431956005013452,50.48602479869941,6.308936208713879,-5.633283627858835e-16
450.0426928239734,50.383281728776836,0.12569099113649243,49.98582218844787,6.31606348180337,-6.09437718245321e-16
450.5426928239734,49.887960770217475,0.12708971737587152,49.48561267239923,6.323192883981842,-3.7704405984233276e-16
451.0426928239734,49.392732539184465,0.1285165565431086,48.98539598599072,6.3303244611232765,-5.106725123773634e-16
451.5426928239734,48.89759980497479,0.12997235919289266,48.48517185171163,6.337458260017271,-4.430155752146269e-16
452.0426928239734,48.402565447666106,0.131458010307533,47.98493997833243,6.344594328358233,-5.408925648123545e-16
452.5426928239734,47.907632463680855,0.13297443104441958,47.48470006007998,6.351732714729771,-3.9166901951027795e-16
453.0426928239734,47.412803971687104,0.13452258059023123,46.9844517757542,6.358873468583594,-5.677074742537144e-16
453.5426928239734,46.91808321886009,0.13610345812951924,46.48419478778161,6.366016640212161,-4.632624958239415e-16
454.0426928239734,46.423473587530204,0.13771810493591768,45.98392874120041,6.373162280714164,-5.044878029346663e-16
454.5426928239734,45.928978602245415,0.13936760659491376,45.483653262571565,6.38031044195189,-4.582295508831821e-16
455.0426928239734,45.43460193727831,0.14105309536785682,44.98336795880949,6.3874611764993015,-3.999309440618776e-16
455.5426928239734,44.94034742461064,0.1427757527076994,44.48307241592564,6.394614537579582,-3.275403652418951e-16
456.0426928239734,44.44621906243084,0.14453681193785684,43.98276619767747,6.401770578990705,-5.96688123594956e-16
456.5426928239734,43.95222102418315,0.14633756110654927,43.482448844114614,6.408929355017383,-1.305675821069758e-16
457.0426928239734,43.45835766821032,0.14817934603006308,42.982119870013214,6.416090920327573,-2.144953742834268e-16
457.5426928239734,42.96463354803533,0.15006357353954566,42.48177876318856,6.4232553298514,-3.9192304574124266e-16
458.0426928239734,42.471053423331924,0.15199171494724126,41.981424982675115,6.430422638640183,-3.4409431636804845e-16
458.5426928239734,41.97762227163777,0.15396530974949743,41.48105795676196,6.437592901702808,-1.8901527402060944e-16
459.0426928239734,41.484345300869215,0.15598596958543745,40.98067708087046,6.4447661738164275,-0.0
459.5426928239734,40.991227962701764,0.15805538247191792,40.48028171525944,6.451942509307984,-1.7166710052075538e-16
460.0426928239734,40.49827596688647,0.16017531733729223,39.97987118254201,6.459121961802605,-6.307644894617731e-17
460.5426928239734,40.00549529657871,0.16234762887859913,39.479444764996,6.466304583934367,3.4805284543330777e-16
461.0426928239734,39.512892224763235,0.16457426276911336,38.9790017016484,6.4734904270142835,6.153065696772284e-16
461.5426928239734,39.02047333186712,0.16685726124575892,38.478541185111965,6.4806795406496835,8.508611410456887e-16
462.0426928239734,38.52824552466121,0.16919876910872284,37.978062358149785,6.4878719723082625,1.1309425497401288e-15
462.5426928239734,38.036216056560164,0.17160104016875077,37.47756430994084,6.495067766819209,1.1497654686085963e-15
463.0426928239734,37.544392549442314,0.17406644418109304,36.977046072016776,6.502266965802633,1.4509558272366918e-15
463.5426928239734,37.05278301712223,0.17659747430894038,36.47650661383651,6.509469607017355,1.936187916640728e-15
464.0426928239734,36.561395890622386,0.1791967551634914,35.975944837961656,6.5166757236155135,2.084181021121016e-15
464.5426928239734,36.070240045405136,0.18186705147258092,35.475359574791376,6.523885343290926,2.4844177808686588e-15
465.0426928239734,35.57932483074268,0.1846112774351295,34.974749576810574,6.531098487306039,2.953469064828838e-15
465.5426928239734,35.08866010142111,0.18743250682461945,34.474113512299574,6.538315169380098,3.603486733595291e-15
466.0426928239734,34.59825625199533,0.19033398391143788,33.97344995844767,6.545535394418557,4.0363442913831844e-15
466.5426928239734,34.10812425383436,0.19331913528134195,33.47275739380552,6.552759157060591,4.591184742953866e-15
467.0426928239734,33.61827569522266,0.1963915826355963,32.97203419000376,6.5599864400181085,5.159055006074644e-15
467.5426928239734,33.128722824811526,0.19955515666762205,32.47127860265584,6.567217212175412,5.88630234617133e-15
468.0426928239734,32.6394785987473,0.20281391212141245,31.97048876135316,6.574451426413818,6.9953083639595106e-15
468.5426928239734,32.1505567318393,0.20617214414866164,31.469662658648584,6.58168901711986,7.799428028324852e-15
469.0426928239734,31.661971753171244,0.2096344060946917,30.9687981379113,6.58892989732895,8.939352352798968e-15
469.5426928239734,31.173739066606117,0.21320552885804497,30.46789287992043,6.596173955448599,1.0003302732594835e-14
470.0426928239734,30.68587501668623,0.2168906419852593,29.96694438804777,6.603421051495978,1.1655901700625671e-14
470.5426928239734,30.198396960488797,0.22069519668111895,29.465949971859587,6.610671012773744,1.3599369097893694e-14
471.0426928239734,29.711323346063804,0.22462499093587188,28.964906728944722,6.617923628895151,1.5410560111123536e-14
471.5426928239734,29.22467379815579,0.22868619699486278,28.463811524749815,6.62517864605426,1.804534380522782e-14
472.0426928239734,28.73846921199637,0.23288539142314046,27.962660970171985,6.6324357604189155,2.0349335515168207e-14
472.5426928239734,28.252731856050794,0.23722958804830863,27.461451396624465,6.639694610502775,2.3279989165381204e-14
473.0426928239734,27.767485484711692,0.24172627409971498,26.960178828250076,6.646954768346984,2.6775548178946092e-14
473.5426928239734,27.282755462058088,0.24638344990160885,26.458838950910934,6.654215729311667,3.0677520921967697e-14
474.0426928239734,26.798568897940196,0.2512096725228256,25.95742707752842,6.661476900240819,3.512154281368971e-14
474.5426928239734,26.31495479781312,0.2562141038366615,25.45593810928497,6.668737585720466,4.0050873549141555e-14
475.0426928239734,25.8319442279284,0.261406563502789,24.954366492126187,6.6759969720973595,4.570385061527509e-14
475.5426928239734,25.349570497705084,0.26679758744936655,24.452706167917217,6.683254108862183,5.270798209348117e-14
476.0426928239734,24.867869361345672,0.27239849250910714,23.950950519508638,6.690507886924858,6.074497540535074e-14
476.5426928239734,24.38687924104204,0.27822144794935166,23.449092308852162,6.697757013216998,7.001670711745516e-14
477.0426928239734,23.906641474437777,0.28427955473470035,22.94712360717225,6.704999980944554,8.071166810572327e-14
477.5426928239734,23.42720058938305,0.29058693347326164,22.44503571604289,6.712235034677242,9.377880743158302e-14
478.0426928239734,22.948604609443727,0.29715882212609457,21.9428190780354,6.719460129295186,1.0831754116796553e-13
478.5426928239734,22.47090539411733,0.30401168470621237,21.440463175388327,6.726672881610076,1.2579210742582857e-13
479.0426928239734,21.994159018274647,0.3111633323611201,20.93795641489909,6.733870513229226,1.4610439306369598e-13
479.5426928239734,21.518426195999837,0.31863305842408723,20.43528599694206,6.741049782925192,1.7026829003465789e-13
480.0426928239734,21.04377275475774,0.3264417892372788,19.93243776617253,6.7482069063969226,1.985392682458338e-13
480.5426928239734,20.570270166691042,0.3346122527977785,19.429396041071033,6.7553374608432994,2.3184235761615376e-13
481.0426928239734,20.097996144860844,0.3431691675588711,18.92614341900857,6.76243627119397,2.714670430710604e-13
481.5426928239734,19.62703531341327,0.3521394540371369,18.42266055295907,6.769497274127333,3.1866075727190784e-13
482.0426928239734,19.157479962006583,0.36155247223414955,17.91892589533827,6.776513355115544,3.749031067960568e-13
482.5426928239734,18.689430896394967,0.37144028828243847,17.41491540369571,6.7834761526259335,4.419352902792758e-13
483.0426928239734,18.222998398867087,0.38183797417028,16.910602202113697,6.790375822219254,5.226428407550843e-13
483.5426928239734,17.758303314312542,0.39278394488816076,16.405956191162268,6.797200751543849,6.191758278234761e-13
484.0426928239734,17.295478280071883,0.4043203378674239,15.900943598109802,6.803937215037278,7.355668718229608e-13
484.5426928239734,16.834669120451103,0.4164934401394382,15.395526457790375,6.8105689543933465,8.760845328304597e-13
485.0426928239734,16.376036429881616,0.42935416921444197,14.889662013083393,6.817076667381055,1.0464260214078948e-12
485.5426928239734,15.919757372207945,0.44295861423387994,14.383302022388554,6.823437383219879,1.2533281792785938e-12
486.0426928239734,15.466027727500105,0.4573686444418775,13.876391959825911,6.829623697179873,1.5056384707457148e-12
486.5426928239734,15.01506422210544,0.4726525923781565,13.368870092245855,6.8356028300805445,1.8143742701834706e-12
487.0426928239734,14.567107182326025,0.4888860193069392,12.860666415653682,6.841335469530195,2.1933009200683885e-12
487.5426928239734,14.122423557022096,0.5061525701022772,12.351701432597835,6.846774338613274,2.660916790968074e-12
488.0426928239734,13.68131035939506,0.5245449238733887,11.84188475185604,6.851862423739255,3.2404002732917613e-12
488.5426928239734,13.244098582850267,0.5441658446936283,11.331113493029292,6.856530775862235,3.9621952147704075e-12
489.0426928239734,12.81115764962849,0.5651293334098535,10.819270482413936,6.860695777543347,4.8673596511583535e-12
489.5426928239734,12.382900452976696,0.5875618759767318,10.306222234260506,6.864255741620124,6.0116360990175055e-12
490.0426928239734,11.959789052733397,0.611603775145655,9.791816725449204,6.867086674936822,7.46931897350451e-12
490.5426928239734,11.542341078480154,0.6374105393684664,9.275880994913335,6.869037002388034,9.346501932777199e-12
491.0426928239734,11.131136881222332,0.6651542837647666,8.75821863636223,6.869921002907191,1.179227511999291e-11
491.5426928239734,10.726827450249628,0.6950250707764297,8.238607310272196,6.86951066194372,1.5022245975309406e-11
492.0426928239734,10.330143071454371,0.7272320800170435,7.716796487115028,6.867525599017881,1.934966646335387e-11
492.5426928239734,9.941902640531472,0.7620044447297594,7.192505759039629,6.863620693190179,2.5237053956897767e-11
493.0426928239734,9.563023451185988,0.7995915230260654,6.665424234245517,6.857371019965721,3.3363608480376414e-11
493.5426928239734,9.194531145535722,0.840262283196843,6.135211769845712,6.8482537573729765,4.4721428656876066e-11
494.0426928239734,8.837569331883516,0.8843033735107269,5.601503114085975,6.835626859237798,6.073151571409897e-11
494.5426928239734,8.493408136450167,0.9320153223575365,5.063916414498945,6.818704592463737,8.335386261029947e-11
495.0426928239734,8.163450658898112,0.9837061872880726,4.52206797598879,6.7965305767575765,1.1512307703585634e-10
495.5426928239734,7.8492359571148365,1.0396818684496398,3.9755955448141305,6.767949850177563,1.5895028655106457e-10
496.0426928239734,7.552436826244187,1.100232270459528,3.424192596245199,6.731582806311524,2.174105620292051e-10
496.5426928239734,7.2748503227322425,1.1656126092903423,2.8676558539627712,6.685805644901029,2.910811922505254e-10
497.0426928239734,7.018378817222445,1.236019512807051,2.3059471920745627,6.628744132141485,3.7546522950384424e-10
497.5426928239734,6.784999478900585,1.311562257117179,1.7392687284333648,6.558289580292639,4.563984849876532e-10
498.0305571195463,6.58146306645351,1.3902128824610014,1.182054202994431,6.47444236643395,4.964139965021396e-10
498.49366122123257,6.4120417057803305,1.469253361952565,0.649979393619609,6.379012903618883,4.761112758882391e-10
498.93529647857264,6.2734634994569465,1.548362437364134,0.1407263816869099,6.271884913207186,4.0329991848213753e-10
499.35821371652696,6.16292980582803,1.6272063414438043,-0.3474666138665696,6.153126907825941,2.902889236924131e-10
499.76388755113146,6.0781674938704935,1.7052848207428422,-0.8149816149506501,6.023281916931694,1.5381637459758247e-10
500.1523239701727,6.017170972761324,1.7818696916772858,-1.2606548645959426,5.883629477440948,1.3976031611111906e-11
500.521809265992,5.977897113559682,1.8559471679499282,-1.681595636726673,5.736505034848919,-1.0915384608055366e-10
500.8684935289396,5.957926277946625,1.9261462328503995,-2.0728723693989046,5.585703686522362,-2.006075952664559e-10
501.1395706057005,5.953785011987806,1.9812500948643073,-2.375711726211212,5.459262749026941,-2.2186688114900346e-10
501.41049769784007,5.959728417199611,2.0363066567147023,-2.675196258263252,5.3255692453061645,-2.4259891063098094e-10
501.6894372085588,5.976353735012608,2.0927765522057094,-2.979795868717827,5.1805038892728685,-2.65829579465927e-10
502.00287451624547,6.0076663799072785,2.155724610791997,-3.3170704543332166,5.008901968820896,-3.0750469150934197e-10
502.3420419967435,6.056422684439117,2.2229359806157505,-3.6755724478118443,4.813566548150672,-3.634518957619777e-10
502.70180030443026,6.124716412552623,2.292856921495088,-4.048023749911183,4.596265315921881,-4.2575056650084595e-10
503.0791258627349,6.214202334209161,2.3643167074674767,-4.4296491504946784,4.358270190570148,-4.86625489231335e-10
503.47255552180883,6.326319221660213,2.4364333225922583,-4.8175445338643375,4.100436508297784,-5.414736590784986e-10
503.88192554327344,6.462514274170964,2.50856488931113,-5.210337610833515,3.823149581823494,-5.898935337752147e-10
504.30819329442056,6.624446825236703,2.5802649854365662,-5.607919666778042,3.526263284463127,-6.350533119297035e-10
504.7533043905482,6.814162929799773,2.6512375053459807,-6.011220545206985,3.209056557734511,-6.823939261188273e-10
505.2201173618799,7.034251061167485,2.721296020323875,-6.422045734712912,2.870194518284706,-7.384188725882251e-10
505.7124011626848,7.287999621724844,2.790331268469828,-6.84299027957627,2.5076727298206487,-8.098472534852617e-10
506.2124011626848,7.566572879748557,2.8554693397799653,-7.258955517985515,2.1355537765305774,-8.78524380057757e-10
506.7124011626848,7.864267895256376,2.915788850677547,-7.664629197318247,1.7607296203496996,-9.349190305313696e-10
507.2124011626848,8.17929335554551,2.9715472351601373,-8.061324077333113,1.38415819770732,-9.789960132451448e-10
507.7124011626848,8.509982877196599,3.023035577483707,-8.450245672666846,1.006556824900882,-1.0119343513793425e-09
508.2124011626848,8.854804074654052,3.0705601696471407,-8.832474505181152,0.6284499310485717,-1.0355854771816024e-09
508.7124011626848,9.212360480007483,3.1144288951782144,-9.208961927830197,0.25021156123897914,-1.0519621578516408e-09
509.2124011626848,9.58138835023431,3.154941725529493,-9.580534672124246,-0.1278988437434132,-1.0629138747967142e-09
509.7124011626848,9.960750079645651,3.1923845120047156,-9.947904405940303,-0.5057075038343315,-1.0699755638951885e-09
510.2124011626848,10.349425574423172,3.2270252925841714,-10.311679679410053,-0.8831035668403828,-1.0743393545844147e-09
510.7124011626848,10.746502603585125,3.2591124381747303,-10.672378537369788,-1.2600216521753032,-1.076886989747762e-09
511.2124011626848,11.1511668466984,3.288874090472359,-11.030440753119217,-1.6364286830877472,-1.0782465646192001e-09
511.7124011626848,11.562692122952969,3.3165184676244923,-11.386239111454898,-2.012314097494071,-1.0788529136756056e-09
512.2124011626847,11.98043110681428,3.342234721823854,-11.740089480769404,-2.3876826607928407,-1.0789993103613256e-09
512.7124011626847,12.403806704701362,3.3661941208486064,-12.092259607557489,-2.7625492486158616,-1.0788791210925523e-09
513.2124011626847,12.832304175540912,3.388551393894828,-12.442976678556146,-3.1369351014186715,-1.078616759178987e-09
513.7124011626847,13.265464016472464,3.4094461333800523,-12.792433753984438,-3.510865167198162,-1.0782894975010039e-09
514.2124011626847,13.702875595531056,3.4290041819082973,-13.140795199978156,-3.884366241593557,-1.0779445349416626e-09
514.7124011626847,14.144171489472091,3.447338960350544,-13.488201252983835,-4.257465687777235,-1.0776092671337878e-09
515.2124011626847,14.589022472156758,3.4645527116629236,-13.834771842497785,-4.630190574817121,-1.0772980407747996e-09
515.7124011626847,15.037133093483936,3.4807376477848866,-14.180609786715184,-5.002567115798379,-1.077017478003356e-09
516.2124011626847,15.48823778814312,3.4959769953965742,-14.525803461771233,-5.374620318874565,-1.076769146233092e-09
516.7124011626847,15.942097455653915,3.5103459417220186,-14.870429031246596,-5.746373788070653,-1.0765527669392528e-09
517.2124011626847,16.3984964570055,3.5239124848656553,-15.21455230949854,-6.117849628092752,-1.0763655142955226e-09
517.7124011626847,16.857239977882017,3.536738195031386,-15.558230320640199,-6.489068420182955,-1.0762047515948761e-09
518.2124011626847,17.318151713417716,3.5488788938717817,-15.901512604771698,-6.860049245394656,-1.0760674584128307e-09
518.7124011626847,17.781071834331886,3.560385259484368,-16.244442314338432,-7.2308097384595715,-1.0759506271860572e-09
519.2124011626847,18.2458551989497,3.5713033644444225,-16.587057136132774,-7.601366160349512,-1.0758511546745746e-09
519.7124011626847,18.712369779913704,3.5816751538982246,-16.92939006830698,-7.971733481203232,-1.0757668340139277e-09
520.2124011626847,19.18049527828523,3.5915388702443476,-17.271470076660183,-8.341925467861351,-1.0756952457966355e-09
520.7124011626847,19.650121901216124,3.6009294303742037,-17.613322650242406,-8.711954772099743,-1.0756344970302718e-09
521.2124011626847,20.121149282452155,3.6098787608723177,-17.95497027283931,-9.081833016973032,-1.0755828891478226e-09
521.7124011626847,20.593485527637025,3.618416096020131,-18.296432824038238,-9.451570879618465,-1.0755391457510006e-09
522.2124011626847,21.067046368752724,3.6265682429212407,-18.637727921221323,-9.821178169532638,-1.0755020730082745e-09
522.7124011626847,21.54175441409262,3.634359817579773,-18.978871211895537,-10.190663901795684,-1.075470197825539e-09
523.2124011626847,22.0175384819531,3.6418134553208477,-19.319876624176697,-10.560036365035705,-1.0754434597158145e-09
523.7124011626847,22.494333007780412,3.648949998543364,-19.660756581933605,-10.929303184140966,-1.0754205650794856e-09
524.2124011626847,22.97207751585139,3.655788664439133,-20.001522190017873,-11.298471377868225,-1.0754009070540835e-09
524.7124011626847,23.450716147727753,3.6623471949960757,-20.34218339411325,-11.667547411584085,-1.0753840260322473e-09
525.2124011626847,23.93019724072721,3.668641991323607,-20.682749119001034,-12.036537245427775,-1.075369549452225e-09
525.7124011626847,24.410472950522365,3.6746882340919487,-21.023227388428054,-12.405446378209554,-1.0753570812916873e-09
526.2124011626847,24.891498912728984,3.680499991660602,-21.3636254292569,-12.774279887367275,-1.0753466289582418e-09
526.7124011626847,25.3732339389945,3.686090317281183,-21.703949762157695,-13.14304246529993,-1.0753375630614186e-09
527.2124011626847,25.855639743659964,3.691471336593333,-22.04420628074971,-13.511738452385904,-1.0753298239952024e-09
527.7124011626847,26.33868069755606,3.696654326486551,-22.384400320808894,-13.88037186697759,-1.0753229745385698e-09
528.2124011626847,26.82232360591641,3.701649786273139,-22.72453672091245,-14.248946432645544,-1.0753169554672842e-09
528.7124011626847,27.306537507758616,3.706467502005663,-23.064619875686684,-14.61746560292539,-1.0753117603211155e-09
529.2124011626847,27.791293494402602,3.711116604674467,-23.404653782651923,-14.985932583800764,-1.0753072089805589e-09
529.7124011626847,28.276564545073605,3.7156056229350543,-23.744642083513526,-15.354350354135862,-1.0753035774906134e-09
530.2124011626847,28.762325377779312,3.7199425309400356,-24.08458810062545,-15.722721684252349,-1.075299998180178e-09
530.7124011626847,29.24855231386193,3.72413479178445,-24.42449486924966,-16.09104915282764,-1.075296915272121e-09
531.2124011626847,29.735223154810512,3.728189397015457,-24.76436516614705,-16.45933516227499,-1.0752941608832918e-09
531.7124011626847,30.22231707008054,3.7321129026066227,-25.104201534961028,-16.827581952750723,-1.0752919711460614e-09
532.2124011626847,30.709814494809088,3.7359114617523583,-25.44400630879203,-17.195791614919557,-1.0752899070348143e-09
532.7124011626847,31.197697036438292,3.7395908547988,-25.783781630306997,-17.563966101596584,-1.0752883028067338e-09
533.2124011626847,31.685947389368728,3.7431565165927974,-26.12352946968204,-17.93210723837265,-1.0752867401092402e-09
533.7124011626847,32.174549256860395,3.7466135615001592,-26.46325164063698,-18.300216733319306,-1.0752852393460465e-09
534.2124011626847,32.66348727948351,3.7499668063173566,-26.802949814786903,-18.668296185860026,-1.0752841900702217e-09
534.7124011626847,33.1527469694959,3.753220791277076,-27.142625534506568,-19.036347094885922,-1.0752831970967692e-09
535.2124011626847,33.64231465058959,3.7563797993269388,-27.48228022447877,-19.404370866186262,-1.0752820730498804e-09
535.7124011626847,34.132177402507594,3.7594478738420354,-27.82191520207618,-19.772368819257146,-1.0752815361122342e-09
536.2124011626847,34.622323010083356,3.7624288349153816,-28.161531686707477,-20.14034219354572,-1.0752809879498112e-09
536.7124011626847,35.112739916301216,3.7653262943556944,-28.50113080824266,-20.50829215418129,-1.0752802546290197e-09
537.2124011626847,35.603417179016766,3.76814366950883,-28.840713614618398,-20.8762197972399,-1.0752801647358825e-09
537.7124011626847,36.09434443101221,3.7708841960075996,-29.180281078712117,-21.244126154584425,-1.075279301988749e-09
538.2124011626847,36.58551184309395,3.7735509395443207,-29.51983410456307,-21.61201219831792,-1.075279109811475e-09
538.7124011626847,37.076910089968315,3.776146806751224,-29.85937353300949,-21.979878844884624,-1.0752785090439767e-09
539.2124011626847,37.568530318656975,3.778674555265587,-30.19890014680271,-22.347726958849474,-1.0752780426090461e-09
539.7124011626847,38.060364119236326,3.7811368030490957,-30.53841467525241,-22.715557356384192,-1.0752780651651652e-09
540.2124011626847,38.552403497705754,3.7835360370243265,-30.877917798450788,-23.083370808485288,-1.0752776617723446e-09
540.7124011626847,39.04464085080792,3.785874621085337,-31.217410151118237,-23.451168043946954,-1.075277426321506e-09
541.2124011626847,39.537068942640616,3.7881548035340464,-31.55689232610834,-23.818949752109592,-1.0752771876875969e-09
541.7124011626847,40.02968088291454,3.7903787239893267,-31.896364877605723,-24.18671658540311,-1.075276930185154e-09
542.2124011626847,40.5224701067246,3.792548419811443,-32.2358283240469,-24.55446916170179,-1.0752767993847094e-09
542.7124011626847,41.01543035571423,3.7946658320806312,-32.575283150790824,-24.922208066506624,-1.0752765662633494e-09
543.2124011626847,41.50855566052302,3.796732811165135,-32.914729812563,-25.289933854969135,-1.075276392386349e-09
543.7124011626847,42.001840324417564,3.7987511219108905,-33.25416873569478,-25.65764705376954,-1.0752760783650917e-09
544.2124011626847,42.495278908014235,3.8007224484822295,-33.59360032017672,-26.025348162861192,-1.07527612158838e-09
544.7124011626847,42.98886621501052,3.8026483988804194,-33.93302494154343,-26.393037657091767,-1.0752760896626881e-09
545.2124011626847,43.48259727884859,3.804530509164549,-34.272442952605374,-26.760715987711183,-1.0752757623715793e-09
545.7124011626847,43.97646735024135,3.806370247397183,-34.611854685041315,-27.128383583774887,-1.075275755672321e-09
546.2124011626847,44.47047188549707,3.8081690173353193,-34.95126045086414,-27.496040853450978,-1.0752758047671584e-09
546.7124011626847,44.9646065355839,3.809928161885461,-35.2906605437711,-27.863688185238363,-1.0752757628571066e-09
547.2124011626847,45.45886713588062,3.811648966340058,-35.630055240388856,-28.231325949102807,-1.075275490048351e-09
547.7124011626847,45.95324969656411,3.8133326614111667,-35.96944480142234,-28.59895449753715,-1.0752756673914752e-09
548.2124011626847,46.447750393588265,3.81498042607587,-36.30882947271582,-28.966574166551375,-1.0752754552897504e-09
548.7124011626847,46.94236556021253,3.8165933902468514,-36.64820948623362,-29.334185276597747,-1.0752755418970831e-09
549.2124011626847,47.43709167904159,3.81817263728043,-36.98758506096721,-29.701788133435876,-1.0752752885501968e-09
549.7124011626847,47.93192537454091,3.819719206333397,-37.32695640377517,-30.069383028942028,-1.0752753865117407e-09
550.2124011626847,48.42686340599532,3.8212340945791103,-37.66632371016109,-30.43697024186681,-1.075275380430149e-09
550.7124011626847,48.92190266088066,3.8227182592924804,-38.00568716499501,-30.804550038544882,-1.0752752088306741e-09
551.2124011626847,49.41704014862054,3.8241726198127544,-38.34504694318269,-31.17212267356028,-1.075275175732304e-09
551.7124011626847,49.912272994702526,3.825598059392309,-38.68440321028695,-31.539688390370188,-1.0752751820003073e-09
552.2124011626847,50.40759843513,3.826995426939059,-39.02375612310511,-31.90724742189048,-1.07527525849237e-09
552.7124011626847,50.90301381118768,3.828365538659502,-39.363105830205775,-32.27479999104539,-1.0752751460854882e-09
553.2124011626847,51.39851656450034,3.8297091796089133,-39.70245247242828,-32.642346311283895,-1.0752753726989393e-09
553.7124011626847,51.89410423236595,3.83102710515471,-40.041796183347756,-33.00988658706507,-1.0752754521215584e-09
554.2124011626847,52.38977444334557,3.832320042358581,-40.38113708970825,-33.377421014314656,-1.0752756692512568e-09
554.7124011626847,52.88552491309394,3.8335886912825536,-40.72047531182666,-33.74494978085455,-1.0752753669733917e-09
555.2124011626847,53.381353440415396,3.83483372622382,-41.05981096396938,-34.112473066807226,-1.0752751930540053e-09
555.7124011626847,53.877257903531344,3.836055796882777,-41.39914415470399,-34.47999104497664,-1.0752751805845527e-09
556.2124011626847,54.373236256546086,3.8372555294684463,-41.73847498722757,-34.84750388120728,-1.0752752008018668e-09
556.7124011626847,54.869286526098875,3.838433527745121,-42.0778035596737,-35.215011734722545,-1.0752752940549528e-09
557.2124011626847,55.365406808190954,3.8395903740238477,-42.41712996539933,-35.5825147584442,-1.075275167645857e-09
557.7124011626847,55.861595265177,3.840726630102075,-42.7564542932533,-35.95001309929368,-1.0752753622638674e-09
558.2124011626847,56.35785012291119,3.841842838154596,-43.09577662782767,-36.31750689847671,-1.0752751192089895e-09
558.7124011626847,56.85416966803869,3.8429395215786863,-43.43509704969313,-36.684996291752164,-1.0752751460321285e-09
559.2124011626847,57.35055224542412,3.8440171857961456,-43.77441563561961,-37.05248140968621,-1.075275026279494e-09
559.7124011626847,57.84699625570888,3.845076319014778,-44.11373245878318,-37.41996237789258,-1.0752752477263964e-09
560.2124011626847,58.343500152990025,3.8461173929516677,-44.453047588960075,-37.78743931725988,-1.075274996443129e-09
560.7124011626847,58.84006244261364,3.847140863520462,-44.79236109270885,-38.15491234416683,-1.0752751666353924e-09
561.2124011626847,59.33668167907623,3.848147171484717,-45.131673033541546,-38.52238157068588,-1.0752751115072058e-09
561.7124011626847,59.83335646402801,3.8491367430792476,-45.470983472084335,-38.88984710477627,-1.0752751061941837e-09
562.2124011626847,60.33008544437242,3.850109990601273,-45.81029246622868,-39.25730905046688,-1.0752751526181912e-09
562.7124011626847,60.826867310456514,3.851067312973062,-46.14960007127345,-39.624767508029635,-1.0752753371005754e-09
563.2124011626847,61.323700794347154,3.8520090962776554,-46.48890634005864,-39.99222257414395,-1.0752750547141895e-09
563.7124011626847,61.8205846681884,3.852935714269147,-46.8282113230913,-40.35967434205279,-1.0752750720177152e-09
564.2124011626847,62.317517742635644,3.8538475288589247,-47.16751506866406,-40.727122901710814,-1.0752750633767437e-09
564.7124011626847,62.81449886536232,3.8547448905791697,-47.50681762296691,-41.09456833992497,-1.0752750067000729e-09
565.2124011626847,63.31152691963536,3.855628139024843,-47.84611903019253,-41.46201074048823,-1.075275334698742e-09
565.7124011626847,63.80860082295575,3.8564976032753098,-48.185419332635604,-41.82945018430647,-1.075275133841898e-09
566.2124011626847,64.30571952576068,3.857353602296686,-48.524718570786575,-42.196886749519315,-1.0752749894971408e-09
566.7124011626847,64.80288201018409,3.8581964453259197,-48.86401678342009,-42.564320511614895,-1.0752749026741538e-09
567.2124011626847,65.30008728887273,3.859026432237566,-49.20331400767861,-42.93175154353915,-1.075275002481648e-09
567.7124011626847,65.79733440385458,3.859843853894155,-49.54261027915126,-43.299179915799805,-1.0752746817316363e-09
568.2124011626847,66.29462242545719,3.860648992481001,-49.88190563194855,-43.66660569656533,-1.075275174597415e-09
568.7124011626847,66.79195045127335,3.8614421218262445,-50.2212000987728,-44.03402895175932,-1.0752750450003873e-09
569.2124011626847,67.28931760517158,3.862223507706888,-50.5604937109849,-44.40144974515032,-1.0752747858450817e-09
569.7124011626847,67.78672303634931,3.8629934081415223,-50.89978649866747,-44.768868138437455,-1.0752749358702655e-09
570.2124011626847,68.2841659184267,3.863752073670422,-51.239078490684555,-45.13628419133206,-1.0752749396550124e-09
570.7124011626847,68.78164544857876,3.86449974762363,-51.578369714738315,-45.50369796163561,-1.0752750730535641e-09
571.2124011626847,69.2791608467044,3.865236666377632,-51.917660197422514,-45.87110950531402,-1.0752751193763828e-09
571.7124011626847,69.77671135463007,3.865963059601179,-52.25694996427346,-46.2385188765685,-1.075275081786041e-09
572.2124011626847,70.27429623534671,3.8666791504907874,-52.59623903981807,-46.60592612790333,-1.0752750985081203e-09
572.7124011626847,70.77191477227821,3.86738515599642,-52.93552744761961,-46.97333131019048,-1.0752753296786446e-09
573.2124011626847,71.26956626857995,3.8680812870378163,-53.274815210320966,-47.34073447273144,-1.0752751005827925e-09
573.7124011626847,71.76725004646596,3.8687677487119236,-53.61410234968584,-47.70813566331616,-1.0752751224188726e-09
574.2124011626847,72.26496544656334,3.869444740491849,-53.953388886637754,-48.07553492827955,-1.0752752588875068e-09
574.7124011626847,72.76271182729272,3.870112456417734,-54.29267484129715,-48.44293231255539,-1.0752749935322753e-09
575.2124011626847,73.2604885642735,3.8707710852799333,-54.6319602330166,-48.81032785972802,-1.0752751527170934e-09
575.7124011626847,73.75829504975268,3.871420810794848,-54.971245080414285,-49.1777216120816,-1.075275182276534e-09
576.2124011626847,74.25613069205627,3.8720618117737633,-55.31052940140584,-49.54511361064745,-1.0752750626129897e-09
576.7124011626847,74.75399491506236,3.872694262285008,-55.64981321323457,-49.912503895249266,-1.0752752065175334e-09
577.2124011626847,75.25188715769448,3.873318331809739,-55.98909653250027,-50.27989250454649,-1.075275147896347e-09
577.7124011626847,75.7498068734348,3.8739341853916436,-56.328379375186614,-50.64727947607573,-1.0752749354791087e-09
578.2124011626847,76.247753529856,3.874541983780834,-56.6676617566872,-51.01466484629061,-1.0752750274247157e-09
578.7124011626847,76.745726608171,3.8751418835721925,-57.00694369183039,-51.382048650599806,-1.0752749672147368e-09
579.2124011626847,77.24372560279988,3.8757340373384155,-57.34622519490295,-51.749430923403594,-1.0752753262533966e-09
579.7124011626847,77.74175002095319,3.8763185937579943,-57.68550627967258,-52.116811698128956,-1.0752751565481407e-09
580.2124011626847,78.23979938223073,3.876895697738348,-58.024786959409354,-52.484191007263036,-1.0752752075927923e-09
580.7124011626847,78.73787321823553,3.877465490534332,-58.36406724690618,-52.85156888238556,-1.0752750609878207e-09
581.2124011626847,79.23597107220203,3.8780281098623104,-58.703347154498346,-53.218945354199654,-1.0752753879511853e-09
581.7124011626847,79.73409249863793,3.878583690009993,-59.04262669408207,-53.58632045256156,-1.07527518145379e-09
582.2124011626847,80.23223706297925,3.8791323619422187,-59.38190587713227,-53.953694206509205,-1.0752750728752684e-09
582.7124011626847,80.73040434125792,3.879674253402851,-59.72118471471956,-54.32106664428951,-1.0752751238901165e-09
583.2124011626847,81.22859391978142,3.8802094890129615,-60.06046321752633,-54.68843779338478,-1.0752750701330226e-09
583.7124011626847,81.7268053948239,3.880738190365446,-60.39974139586222,-55.055807680537974,-1.0752750824501185e-09
584.2124011626847,82.22503837232844,3.881260476116235,-60.739019259678905,-55.42317633177694,-1.0752750656056663e-09
584.7124011626847,82.72329246761981,3.881776462072231,-61.0782968185841,-55.79054377243785,-1.0752751292467514e-09
585.2124011626847,83.22156730512746,3.8822862612761138,-61.41757408185512,-56.157910027187604,-1.0752752891449194e-09
585.7124011626847,83.7198625181182,3.8827899840881406,-61.75685105845167,-56.52527512004546,-1.075275245524657e-09
586.2124011626847,84.2181777484383,3.8832877382650666,-62.09612775702817,-56.89263907440384,-1.0752752143970103e-09
586.7124011626847,84.7165126462644,3.883779629036299,-62.4354041859455,-57.26000191304831,-1.0752752492778928e-09
587.2124011626847,85.21486686986327,3.884265759177402,-62.77468035328229,-57.62736365817679,-1.0752750625356543e-09
587.7124011626847,85.71324008535957,3.884746229081053,-63.11395626684569,-57.99472433141812,-1.075275305166645e-09
588.2124011626847,86.21163196651175,3.885221136825562,-63.4532319341816,-58.36208395384992,-1.0752751506475713e-09
588.7124011626847,86.7100421944954,3.885690578241039,-63.792507362584594,-58.72944254601574,-1.0752752782023768e-09
589.2124011626847,87.20847045769409,3.8861546469733126,-64.13178255910732,-59.096800127941606,-1.0752752619232785e-09
589.7124011626847,87.7069164514971,3.886613434545684,-64.47105753056962,-59.46415671915202,-1.0752751930743842e-09
590.2124011626847,88.20537987810397,3.8870670304186006,-64.81033228356715,-59.831512338685236,-1.0752751592030572e-09
590.7124011626847,88.70386044633555,3.887515522047334,-65.14960682447956,-60.198867005108156,-1.0752750851568626e-09
591.2124011626847,89.2023578714513,3.887958994937735,-65.48888115947867,-60.5662207365306,-1.0752748989547263e-09
591.7124011626847,89.70087187497253,3.888397532700145,-65.82815529453588,-60.933573550619094,-1.0752751998841558e-09
592.2124011626847,90.19940218451154,3.8888312171015276,-66.16742923542964,-61.30092546461004,-1.0752748983864372e-09
592.7124011626847,90.6979485336062,3.889260128115896,-66.50670298775236,-61.66827649532268,-1.0752752088713555e-09
593.2124011626847,91.19651066155996,3.8896843439730957,-66.84597655691717,-62.03562665917142,-1.0752748621625974e-09
593.7124011626847,91.69508831328699,3.8901039412060063,-67.18524994816433,-62.402975972177686,-1.0752751760492444e-09
594.2124011626847,92.19368123916225,3.8905189946962215,-67.52452316656749,-62.770324449981516,-1.075274964679072e-09
594.7124011626847,92.69228919487634,3.8909295777182638,-67.86379621703952,-63.137672107852694,-1.0752751850005025e-09
595.2124011626847,93.19091194129501,3.8913357619823885,-68.20306910433837,-63.50501896070142,-1.0752750385033204e-09
595.7124011626847,93.68954924432302,3.8917376176760308,-68.54234183307234,-63.87236502308872,-1.0752752783795076e-09
596.2124011626847,94.18820087477228,3.892135213503943,-68.88161440770554,-64.23971030923649,-1.0752752288834767e-09
596.7124011626847,94.68686660823415,3.892528616727071,-69.22088683256275,-64.60705483303714,-1.075275290862892e-09
597.2124011626847,95.18554622495569,3.892917893200217,-69.56015911183447,-64.97439860806291,-1.0752753539303905e-09
597.7124011626847,95.68423950971963,3.893303107408531,-69.89943124958134,-65.34174164757503,-1.0752751914367948e-09
598.2124011626847,96.18294625172823,3.8936843225028728,-70.23870324973886,-65.70908396453237,-1.075274955089713e-09
598.7124011626847,96.68166624449044,3.8940616003340884,-70.5779751161215,-66.07642557159987,-1.0752753133624917e-09
599.2124011626847,97.18039928571275,3.8944350014862334,-70.91724685242698,-66.4437664811568,-1.0752752655905198e-09
599.7124011626847,97.6791451771931,3.8948045853087874,-71.25651846224018,-66.81110670530455,-1.0752750722908515e-09
600.2124011626847,98.17790372471816,3.89517040994789,-71.595789949037,-67.17844625587438,-1.0752750989214124e-09
600.7124011626847,98.67667473796361,3.8955325323766368,-71.93506131618801,-67.54578514443472,-1.0752753138312047e-09
601.2124011626847,99.17545803039741,3.8958910084244636,-72.274332566962,-67.91312338229845,-1.0752752422006742e-09
601.7124011626847,99.6742534191859,3.8962458928056556,-72.6136037045294,-68.28046098052975,-1.0752750559947935e-09
602.2124011626847,100.17306072510277,3.896597239147007,-72.95287473196557,-68.64779794995079,-1.0752753422419109e-09
602.7124011626847,100.67187977244059,3.896945100014664,-73.29214565225394,-69.01513430114822,-1.0752752789460004e-09
603.2124011626847,101.170710388925,3.8972895269401797,-73.6314164682891,-69.38247004447955,-1.0752751118231466e-09
603.7124011626847,101.66955240563136,3.8976305704458007,-73.97068718287962,-69.74980519007914,-1.0752753027408574e-09
604.2124011626847,102.16840565690384,3.8979682800690227,-74.30995779875099,-70.11713974786414,-1.0752750903879244e-09
604.7124011626847,102.66726998027683,3.8983027043864293,-74.64922831854828,-70.48447372754018,-1.0752749767617019e-09
605.2124011626847,103.16614521639856,3.8986338910368454,-74.98849874483875,-70.85180713860693,-1.0752749933197422e-09
605.7124011626847,103.66503120895702,3.8989618867438236,-75.32776908011444,-71.21913999036346,-1.0752751736239509e-09
606.2124011626847,104.16392780460784,3.8992867373374893,-75.66703932679444,-71.5864722919135,-1.0752749459322211e-09
606.7124011626847,104.6628348529043,3.8996084877757617,-76.00630948722745,-71.95380405217027,-1.0752751806259216e-09
607.2124011626847,105.1617522062293,3.899927182164976,-76.34557956369392,-72.32113527986166,-1.0752750016405296e-09
607.7124011626847,105.66067971972919,3.9002428637799222,-76.68484955840822,-72.68846598353477,-1.0752749432879613e-09
608.2124011626847,106.15961725124951,3.900555575083324,-77.02411947352073,-73.05579617156054,-1.07527494147063e-09
608.7124011626847,106.65856466127248,3.9008653577447694,-77.36338931111993,-73.42312585213828,-1.0752751794248351e-09
609.2124011626847,107.15752181285617,3.9011722526591197,-77.70265907323434,-73.79045503329993,-1.0752750372436481e-09
609.7124011626847,107.65648857157545,3.9014762999644046,-78.04192876183437,-74.15778372291423,-1.0752751796746104e-09
610.2124011626847,108.15546480546448,3.9017775390592275,-78.38119837883417,-74.52511192869092,-1.0752750889236588e-09
610.7124011626847,108.65445038496074,3.902076008619691,-78.72046792609338,-74.89243965818444,-1.0752751221400945e-09
611.2124011626847,109.15344518285072,3.902371746615861,-79.05973740541879,-75.25976691879814,-1.0752749068885472e-09
611.7124011626847,109.65244907421688,3.9026647903277856,-79.39900681856601,-75.62709371778764,-1.075274927747427e-09
612.2124011626847,110.15146193638621,3.9029551763610737,-79.73827616724112,-75.99442006226461,-1.075274859410369e-09
612.7124011626847,110.65048364888007,3.9032429406620635,-80.07754545310203,-76.36174595920036,-1.0752749818387772e-09
613.2124011626847,111.1495140933654,3.903528118532575,-80.41681467776012,-76.7290714154291,-1.075274819718742e-09
613.7124011626847,111.64855315360717,3.9038107446442747,-80.75608384278154,-77.09639643765126,-1.0752752100046676e-09
614.2124011626847,112.14760071542223,3.9040908530526557,-81.09535294968862,-77.46372103243687,-1.0752753866348104e-09
614.7124011626847,112.64665666663417,3.9043684772106473,-81.43462199996131,-77.83104520622844,-1.0752749158505752e-09
615.2124011626847,113.14572089702958,3.904643649981868,-81.77389099503827,-78.19836896534424,-1.0752751173945385e-09
615.7124011626847,113.64479329831522,3.9049164036535284,-82.11315993631828,-78.56569231598107,-1.0752751098532995e-09
616.2124011626847,114.14387376407655,3.9051867699489993,-82.45242882516132,-78.93301526421722,-1.0752749925273756e-09
616.7124011626847,114.64296218973708,3.9054547800400496,-82.7916976628898,-79.3003378160152,-1.0752753107960995e-09
617.2124011626847,115.14205847251901,3.905720464558772,-83.13096645078964,-79.6676599772246,-1.075275093223074e-09
617.7124011626847,115.64116251140469,3.9059838536091944,-83.4702351901114,-80.03498175358446,-1.0752753760079022e-09
618.2124011626847,116.14027420709914,3.9062449767786003,-83.80950388207127,-80.40230315072608,-1.0752753628725442e-09
618.7124011626847,116.63939346199355,3.9065038631485542,-84.14877252785212,-80.76962417417543,-1.0752753552895795e-09
619.2124011626847,117.13852018012963,3.9067605413056485,-84.48804112860451,-81.13694482935544,-1.0752753916101968e-09
619.7124011626847,117.63765426716496,3.907015039351978,-84.82730968544756,-81.50426512158865,-1.0752754758214921e-09
620.2124011626847,118.13679563033911,3.907267384915349,-85.16657819946992,-81.8715850560992,-1.0752753349147365e-09
620.7124011626847,118.63594417844062,3.907517605159231,-85.50584667173068,-82.23890463801523,-1.0752751931356398e-09
621.2124011626847,119.13509982177492,3.9077657267924626,-85.84511510326014,-82.60622387237109,-1.0752752373903427e-09
621.7124011626847,119.63426247213286,3.9080117760787094,-86.1843834950608,-82.97354276410927,-1.0752751812679091e-09
622.2124011626847,120.13343204276018,3.9082557788456933,-86.52365184810793,-83.34086131808266,-1.075275499533745e-09
622.7124011626847,120.63260844832762,3.9084977604941886,-86.86292016335062,-83.70817953905639,-1.075275361961859e-09
623.2124011626847,121.13179160490184,3.908737746006799,-87.20218844171232,-84.07549743170992,-1.0752753299509756e-09
623.7124011626847,121.63098142991699,3.9089757599565185,-87.54145668409167,-84.44281500063883,-1.0752753181861222e-09
624.2124011626847,122.13017784214702,3.909211826515083,-87.8807248913632,-84.8101322503567,-1.0752755626801817e-09
624.7124011626847,122.62938076167862,3.9094459694611188,-88.219993064378,-85.17744918529698,-1.075275289086506e-09
625.2124011626847,123.12859010988484,3.9096782121880933,-88.55926120396443,-85.54476580981465,-1.0752755340674071e-09
625.7124011626847,123.6278058093993,3.909908577712074,-88.89852931092861,-85.91208212818795,-1.07527560872106e-09
626.2124011626847,124.12702778409111,3.9101370886793005,-89.23779738605525,-86.27939814462012,-1.075275280944229e-09
626.7124011626847,124.62625595904026,3.9103637673735756,-89.57706543010816,-86.64671386324088,-1.0752753230091864e-09
627.2124011626847,125.12549026051373,3.9105886357234794,-89.91633344383084,-87.01402928810813,-1.0752756634325478e-09
627.7124011626847,125.624730615942,3.9108117153094124,-90.25560142794701,-87.38134442320948,-1.0752754475672122e-09
628.2124011626847,126.1239769538963,3.9110330273704728,-90.59486938316117,-87.7486592724637,-1.0752752989670416e-09
628.7124011626847,126.62322920406626,3.9112525928111683,-90.93413731015924,-88.11597383972216,-1.0752755033929262e-09
629.2124011626847,127.12248729723812,3.911470432207975,-91.27340520960892,-88.4832881287704,-1.0752755194925958e-09
629.7124011626847,127.62175116527345,3.9116865658157387,-91.61267308216033,-88.8506021433293,-1.0752753303278966e-09
630.2124011626847,128.1210207410884,3.911901013573929,-91.95194092844632,-89.21791588705666,-1.0752753606574651e-09
630.7124011626847,128.6202959586333,3.9121137951127483,-92.29120874908321,-89.5852293635484,-1.0752753899014234e-09
631.2124011626847,129.119576752873,3.912324929759098,-92.63047654467098,-89.95254257633978,-1.0752752960010658e-09
631.7124011626847,129.61886305976725,3.9125344365424097,-92.96974431579385,-90.31985552890688,-1.0752753082294956e-09
632.2124011626847,130.11815481625194,3.9127423342003396,-93.30901206302072,-90.6871682246676,-1.0752751574957204e-09
632.7124011626847,130.6174519602205,3.9129486411843346,-93.6482797869055,-91.05448066698297,-1.0752751674506523e-09
633.2124011626847,131.11675443050584,3.913153375665072,-93.98754748798758,-91.4217928591583,-1.0752748382344585e-09
633.7124011626847,131.61606216686263,3.913356555537773,-94.32681516679223,-91.78910480444432,-1.0752753688990452e-09
634.2124011626847,132.11537510995012,3.9135581984274004,-94.66608282383095,-92.15641650603828,-1.07527504315499e-09
634.7124011626847,132.61469320131508,3.9137583216937344,-95.00535045960184,-92.52372796708504,-1.0752750860396541e-09
635.2124011626847,133.11401638337537,3.913956942436338,-95.34461807458999,-92.8910391906781,-1.07527520521336e-09
635.7124011626847,133.61334459940383,3.914154077499411,-95.68388566926775,-93.25835017986076,-1.0752750807817231e-09
636.2124011626847,134.11267779351238,3.914349743476532,-96.02315324409524,-93.62566093762686,-1.075274918567799e-09
636.7124011626847,134.61201591063664,3.914543956715302,-96.36242079952048,-93.99297146692211,-1.0752751694242982e-09
637.2124011626847,135.11135889652078,3.914736733321879,-96.70168833597985,-94.3602817706447,-1.0752748611922711e-09
637.7124011626847,135.6107066977028,3.9149280891654166,-97.04095585389828,-94.72759185164657,-1.0752750809931739e-09
638.2124011626847,136.11005926150003,3.9151180398824024,-97.38022335368967,-95.09490171273413,-1.0752751230500486e-09
638.7124011626847,136.609416535995,3.915306600880904,-97.71949083575707,-95.46221135666913,-1.0752750571855975e-09
639.2124011626847,137.10877847002158,3.91549378734472,-98.05875830049314,-95.82952078616964,-1.0752751550468052e-09
639.7124011626847,137.6081450131515,3.915679614237445,-98.39802574828018,-96.19683000391086,-1.0752750138216455e-09
640.2124011626847,138.1075161156811,3.9158640963064393,-98.73729317949059,-96.56413901252596,-1.075275173810045e-09
640.7124011626847,138.60689172861834,3.916047248086722,-99.07656059448706,-96.9314478146069,-1.075275074691349e-09
641.2124011626847,139.1062718036701,3.9162290839047733,-99.41582799362286,-97.29875641270517,-1.075275263422731e-09
641.7124011626847,139.60565629322983,3.9164096178822585,-99.755095377242,-97.6660648093327,-1.0752752359581183e-09
642.2124011626847,140.10504515036536,3.9165888639396726,-100.09436274567956,-98.03337300696244,-1.0752752307264495e-09
642.7124011626847,140.604438328807,3.916766835799907,-100.43363009926188,-98.40068100802925,-1.0752752731399555e-09
643.2124011626847,141.1038357829359,3.9169435469917397,-100.77289743830677,-98.76798881493055,-1.0752752917312271e-09
643.7124011626847,141.60323746777274,3.9171190108532534,-101.11216476312387,-99.13529643002701,-1.0752753955126035e-09
644.2124011626847,142.10264333896646,3.9172932405351815,-101.4514320740146,-99.50260385564344,-1.0752752378474615e-09
644.7124011626847,142.60205335278334,3.9174662490041823,-101.79069937127258,-99.86991109406914,-1.0752752568287056e-09
645.2124011626847,143.10146746609638,3.917638049046047,-102.12996665518375,-100.23721814755883,-1.0752754164640044e-09
645.7124011626847,143.60088563637478,3.917808653268839,-102.46923392602659,-100.6045250183332,-1.075275504884502e-09
646.2124011626847,144.10030782167365,3.9179780741059695,-102.80850118407231,-100.9718317085795,-1.0752756208889672e-09
646.7124011626847,144.599733980624,3.9181463238192094,-103.14776842958501,-101.33913822045227,-1.075275374311967e-09
647.2124011626847,145.09916407242287,3.918313414501637,-103.48703566282192,-101.70644455607379,-1.0752752706118955e-09
647.7124011626847,145.59859805682376,3.9184793580805293,-103.82630288403351,-102.07375071753492,-1.075275302272448e-09
648.2124011626847,146.09803589412707,3.9186441663201896,-104.16557009346366,-102.44105670689535,-1.075275220252082e-09
648.7124011626847,146.5974775451709,3.918807850824721,-104.50483729134987,-102.8083625261845,-1.075275104469985e-09
649.2124011626847,147.09692297132202,3.918970423040741,-104.84410447792345,-103.17566817740176,-1.0752751862951613e-09
649.7124011626847,147.59637213446692,3.919131894260043,-105.18337165340951,-103.5429736625174,-1.0752749918206122e-09
650.2124011626847,148.09582499700312,3.919292275622203,-105.52263881802733,-103.91027898347268,-1.0752753643467076e-09
650.7124011626847,148.5952815218307,3.919451578117133,-105.86190597199047,-104.2775841421807,-1.0752751330394318e-09
651.2124011626847,149.09474167234387,3.9196098125875865,-106.20117311550663,-104.6448891405268,-1.075275153080907e-09
651.7124011626847,149.59420541242278,3.9197669897316096,-106.54044024877827,-105.01219398036902,-1.07527505102096e-09
652.2124011626847,150.0936727064255,3.9199231201049463,-106.87970737200237,-105.37949866353854,-1.075275170722249e-09
652.7124011626847,150.5931435191802,3.9200782141233947,-107.21897448537074,-105.74680319184037,-1.0752755514876184e-09
653.2124011626847,151.09261781597726,3.920232282065118,-107.55824158907001,-106.11410756705358,-1.0752753789163056e-09
653.7124011626847,151.59209556256195,3.920385334072907,-107.8975086832819,-106.48141179093194,-1.0752751620184642e-09
654.2124011626847,152.09157672512683,3.920537380156402,-108.23677576818332,-106.84871586520423,-1.075275454977651e-09
654.7124011626847,152.5910612703045,3.9206884301942666,-108.57604284394644,-107.21601979157467,-1.0752750792514963e-09
655.2124011626847,153.09054916516052,3.9208384939363246,-108.91530991073877,-107.58332357172351,-1.0752752611475855e-09
655.7124011626847,153.5900403771864,3.92098758100565,-109.25457696872338,-107.95062720730735,-1.0752751351687523e-09
656.2124011626847,154.0895348742927,3.9211357009006194,-109.59384401805896,-108.3179306999595,-1.075275269818468e-09
656.7124011626847,154.58903262480237,3.9212828629969234,-109.93311105889994,-108.68523405129045,-1.0752751875162208e-09
657.2124011626847,155.08853359744407,3.921429076549541,-110.2723780913965,-109.05253726288826,-1.0752753018585437e-09
657.7124011626847,155.58803776134576,3.921574350694674,-110.6116451156949,-109.41984033631893,-1.075275293003795e-09
658.2124011626847,156.08754508602834,3.921718694451644,-110.9509121319373,-109.78714327312674,-1.0752755054827984e-09
658.7124011626847,156.5870555413994,3.921862116724757,-111.29017914026205,-110.15444607483477,-1.0752753478964086e-09
659.2124011626847,157.0865690977471,3.9220046263051276,-111.6294461408037,-110.52174874294506,-1.0752751952505026e-09
659.7124011626847,157.58608572573422,3.922146231872471,-111.96871313369314,-110.88905127893912,-1.0752752071745613e-09
660.2124011626847,158.08560539639228,3.922286941996862,-112.3079801190577,-111.25635368427817,-1.075275350616323e-09
660.7124011626847,158.5851280811157,3.9224267651404583,-112.64724709702112,-111.62365596040357,-1.0752752045908685e-09
661.2124011626847,159.0846537516562,3.9225657096591937,-112.98651406770377,-111.99095810873713,-1.0752750606160096e-09
661.7124011626847,159.58418238011723,3.9227037838044385,-113.3257810312227,-112.35826013068146,-1.0752752176531743e-09
662.2124011626847,160.08371393894848,3.922840995724628,-113.66504798769168,-112.72556202762014,-1.0752753091341582e-09
662.7124011626847,160.5832484009406,3.922977353466863,-114.00431493722132,-113.09286380091825,-1.0752752288387754e-09
663.2124011626847,161.08278573921984,3.923112864978478,-114.34358187991916,-113.46016545192252,-1.0752751623714937e-09
663.7124011626847,161.582325927243,3.923247538108583,-114.68284881588961,-113.82746698196176,-1.0752751157359696e-09
664.2124011626847,162.0818689387923,3.923381380609574,-115.02211574523423,-114.19476839234704,-1.0752751764092667e-09
664.7124011626847,162.58141474797043,3.9235144001386186,-115.36138266805166,-114.56206968437209,-1.075275088127609e-09
665.2124011626847,163.0809633291957,3.923646604259111,-115.70064958443774,-114.92937085931351,-1.075274981576399e-09
665.7124011626847,163.58051465719717,3.9237780004421032,-116.03991649448558,-115.29667191843099,-1.0752749896792593e-09
666.2124011626847,164.08006870701,3.9239085960677103,-116.37918339828553,-115.66397286296777,-1.0752750253705776e-09
666.7124011626847,164.57962545397092,3.9240383984264864,-116.7184502959255,-116.03127369415073,-1.075274859092187e-09
667.2124011626847,165.07918487371347,3.9241674147207815,-117.05771718749071,-116.39857441319079,-1.075275075126722e-09
667.7124011626847,165.57874694216375,3.924295652066068,-117.39698407306385,-116.76587502128305,-1.075274882370862e-09
668.2124011626847,166.07831163553598,3.924423117492247,-117.73625095272534,-117.13317551960711,-1.0752751117313963e-09
668.7124011626847,166.57787893032818,3.9245498179449303,-118.07551782655314,-117.5004759093273,-1.0752749146333837e-09
669.2124011626847,167.07744880331796,3.9246757602866986,-118.41478469462282,-117.867776191593,-1.0752749934238228e-09
669.7124011626847,167.57702123155843,3.9248009512983386,-118.75405155700784,-118.23507636753871,-1.075274918542278e-09
670.2124011626847,168.07659619237407,3.924925397680056,-119.0933184137794,-118.60237643828444,-1.0752748855494265e-09
670.7124011626847,168.57617366335674,3.92504910605267,-119.43258526500651,-118.9696764049359,-1.0752749352619118e-09
671.2124011626847,169.07575362236176,3.925172082958784,-119.77185211075607,-119.33697626858472,-1.0752747967679117e-09
671.7124011626847,169.57533604750407,3.9252943348639358,-120.11111895109306,-119.70427603030855,-1.0752751018797602e-09
672.2124011626847,170.07492091715437,3.92541586815773,-120.4503857860803,-120.07157569117153,-1.0752748104243898e-09
672.7124011626847,170.57450820993552,3.9255366891549475,-120.78965261577872,-120.43887525222435,-1.075274776635852e-09
673.2124011626847,171.07409790471874,3.925656804096638,-121.12891944024734,-120.80617471450441,-1.0752746272878221e-09
673.7124011626847,171.57368998062014,3.9257762191511922,-121.46818625954332,-121.17347407903615,-1.075274739341835e-09
674.2124011626847,172.0732844169971,3.925894940415394,-121.80745307372204,-121.54077334683116,-1.0752749545099224e-09
674.7124011626847,172.57288119344477,3.926012973915458,-122.14671988283702,-121.90807251888839,-1.0752748572191721e-09
675.2124011626847,173.07248028979276,3.926130325608047,-122.48598668694008,-122.27537159619447,-1.0752746620778707e-09
675.7124011626847,173.57208168610177,3.92624700138127,-122.8252534860814,-122.64267057972373,-1.0752747928055873e-09
676.2124011626847,174.07168536266016,3.9263630070556665,-123.16452028030949,-123.0099694704384,-1.0752744893617235e-09
676.7124011626847,174.57129129998086,3.926478348385174,-123.50378706967115,-123.37726826928899,-1.075274543652704e-09
677.2124011626847,175.0708994787981,3.9265930310580734,-123.84305385421176,-123.74456697721415,-1.0752747108081437e-09
677.7124011626847,175.57050988006438,3.9267070606979266,-124.18232063397504,-124.11186559514124,-1.0752745869485164e-09
678.2124011626847,176.0701224849472,3.9268204428644906,-124.52158740900332,-124.47916412398607,-1.0752744999538226e-09
678.7124011626847,176.56973727482622,3.9269331830546217,-124.86085417933732,-124.84646256465348,-1.0752744523816214e-09
679.2124011626847,177.06935423129022,3.9270452867031604,-125.20012094501648,-125.2137609180372,-1.0752745127882846e-09
679.7124011626847,177.56897333613415,3.9271567591838044,-125.53938770607878,-125.58105918502024,-1.075274457462512e-09
680.2124011626847,178.06859457135627,3.9272676058099645,-125.87865446256085,-125.94835736647487,-1.0752744851144683e-09
680.7124011626847,178.5682179191553,3.927377831835608,-126.21792121449793,-126.31565546326284,-1.0752746126317868e-09
681.2124011626847,179.06784336192771,3.9274874424560866,-126.55718796192409,-126.68295347623568,-1.075274529713377e-09
681.7124011626847,179.56747088226487,3.9275964428089525,-126.89645470487196,-127.05025140623462,-1.0752742730230314e-09
682.2124011626847,180.06710046295046,3.927704837974758,-127.23572144337304,-127.41754925409089,-1.0752741881516844e-09
682.7124011626847,180.5667320869578,3.9278126329778438,-127.5749881774576,-127.78484702062588,-1.0752742828993574e-09
683.2124011626847,181.06636573744723,3.927919832787114,-127.9142549071548,-128.15214470665106,-1.0752741619732959e-09
683.7124011626847,181.5660013977635,3.928026442316799,-128.25352163249255,-128.51944231296847,-1.075274337492815e-09
684.2124011626847,182.06563905143335,3.9281324664272046,-128.5927883534976,-128.88673984037064,-1.0752742229281668e-09
684.7124011626847,182.56527868216298,3.9282379099254476,-128.9320550701958,-129.25403728964073,-1.075274022242848e-09
685.2124011626847,183.06492027383567,3.928342777566184,-129.2713217826117,-129.62133466155282,-1.0752740978370923e-09
685.7124011626847,183.56456381050924,3.9284470740523205,-129.61058849076892,-129.9886319568718,-1.0752742369376895e-09
686.2124011626847,184.06420927641386,3.9285508040357167,-129.94985519469003,-130.3559291763538,-1.0752744102480296e-09
686.7124011626847,184.56385665594965,3.928653972117875,-130.2891218943967,-130.723226320746,-1.0752745809993453e-09
687.2124011626847,185.06350593368435,3.9287565828506206,-130.6283885899094,-131.09052339078693,-1.075274370061011e-09
687.7124011626847,185.56315709435123,3.9288586407367703,-130.96765528124791,-131.45782038720665,-1.0752746478953373e-09
688.2124011626847,186.06281012284666,3.928960150230788,-131.30692196843094,-131.82511731072677,-1.075274596262518e-09
688.7124011626847,186.56246500422813,3.9290611157394335,-131.6461886514763,-132.19241416206057,-1.0752745508500833e-09
689.2124011626847,187.06212172371204,3.929161541622399,-131.98545533040095,-132.55971094191324,-1.0752747292766605e-09
689.7124011626847,187.56178026667158,3.9292614321929347,-132.32472200522096,-132.9270076509818,-1.0752747151041875e-09
690.2124011626847,188.0614406186346,3.9293607917184654,-132.66398867595157,-133.2943042899554,-1.0752747003010565e-09
690.7124011626847,188.56110276528173,3.929459624421198,-133.00325534260716,-133.6616008595153,-1.075274629496012e-09
691.2124011626847,189.06076669244422,3.929557934478717,-133.34252200520143,-134.02889736033495,-1.0752745769204486e-09
691.7124011626847,189.56043238610206,3.9296557260245746,-133.68178866374717,-134.39619379308039,-1.0752744559388335e-09
692.2124011626847,190.06009983238198,3.9297530031488668,-134.02105531825643,-134.76349015840995,-1.075274575576627e-09
692.7124011626847,190.5597690175555,3.9298497698988037,-134.36032196874052,-135.13078645697468,-1.0752742746350678e-09
693.2124011626847,191.05943992803722,3.92994603027927,-134.6995886152101,-135.49808268941825,-1.0752742895375517e-09
693.7124011626847,191.5591125503827,3.9300417882533756,-135.038855257675,-135.8653788563771,-1.0752745795359803e-09
694.2124011626847,192.0587868712869,3.9301370477430004,-135.37812189614448,-136.23267495848071,-1.0752745277215933e-09
694.7124011626847,192.5584628775822,3.930231812629328,-135.71738853062695,-136.59997099635143,-1.0752745221743106e-09
695.2124011626847,193.05814055623668,3.9303260867533703,-136.05665516113032,-136.9672669706047,-1.0752744822362458e-09
695.7124011626847,193.5578198943524,3.9304198739164886,-136.39592178766185,-137.3345628818492,-1.075274488584159e-09
696.2124011626847,194.05750087916368,3.930513177880902,-136.7351884102281,-137.70185873068687,-1.0752744800612027e-09
696.7124011626847,194.55718349803536,3.93060600237019,-137.0744550288349,-138.06915451771303,-1.0752744352476764e-09
697.2124011626847,195.0568677384612,3.9306983510697866,-137.4137216434878,-138.4364502435164,-1.0752745875674201e-09
697.7124011626847,195.55655358806223,3.9307902276274684,-137.75298825419154,-138.80374590867936,-1.0752746991688347e-09
698.2124011626847,196.0562410345851,3.9308816356538334,-138.09225486095033,-139.17104151377782,-1.0752745815174768e-09
698.7124011626847,196.5559300659005,3.9309725787227734,-138.4315214637678,-139.5383370593815,-1.075274503796956e-09
699.2124011626847,197.05562067000162,3.9310630603719394,-138.77078806264703,-139.90563254605394,-1.0752744380682699e-09
699.7124011626847,197.5553128350026,3.9311530841031987,-139.1100546575907,-140.27292797435246,-1.0752746826856411e-09
700.2124011626847,198.05500654913703,3.931242653383087,-139.44932124860088,-140.64022334482843,-1.0752744678519443e-09
700.7124011626847,198.55470180075636,3.931331771643252,-139.78858783567912,-141.00751865802727,-1.0752746331633896e-09
701.2124011626847,199.05439857832854,3.9314204422808925,-140.12785441882644,-141.37481391448853,-1.075274574325771e-09
701.7124011626847,199.55409687043655,3.9315086686591867,-140.46712099804355,-141.74210911474603,-1.0752746712555724e-09
702.2124011626847,200.0537966657769,3.9315964541077193,-140.80638757333054,-142.10940425932773,-1.0752747564753694e-09
702.7124011626847,200.55349795315828,3.9316838019228992,-141.14565414468703,-142.47669934875617,-1.0752746069631784e-09
703.2124011626847,201.05320072150016,3.93177071536837,-141.48492071211234,-142.84399438354808,-1.0752748977614016e-09
703.7124011626847,201.55290495983144,3.931857197675418,-141.82418727560525,-143.21128936421493,-1.075274578481873e-09
704.2124011626847,202.05261065728908,3.9319432520433715,-142.16345383516406,-143.57858429126267,-1.0752747679115113e-09
704.7124011626847,202.55231780311678,3.932028881639993,-142.5027203907869,-143.94587916519188,-1.0752746456388718e-09
705.2124011626847,203.05202638666367,3.9321140896018694,-142.84198694247127,-144.31317398649796,-1.0752746633919869e-09
705.7124011626847,203.551736397383,3.9321988790347944,-143.18125349021435,-144.68046875567097,-1.0752748614170612e-09
706.2124011626847,204.05144782483092,3.9322832530141447,-143.52052003401283,-145.047763473196,-1.0752748297998764e-09
706.7124011626847,204.5511606586652,3.9323672145852506,-143.8597865738633,-145.41505813955294,-1.0752750277795844e-09
707.2124011626847,205.05087488864402,3.932450766763763,-144.1990531097618,-145.78235275521672,-1.0752751541474258e-09
707.7124011626847,205.5505905046247,3.9325339125360137,-144.538319641704,-146.14964732065732,-1.0752748684263335e-09
708.2124011626847,206.05030749656254,3.932616654859371,-144.87758616968523,-146.5169418363399,-1.075274715674337e-09
708.7124011626847,206.55002585450967,3.9326989966625887,-145.21685269370064,-146.8842363027247,-1.0752750000671525e-09
709.2124011626847,207.04974556861384,3.9327809408461527,-145.5561192137448,-147.25153072026734,-1.0752749199938645e-09
709.7124011626847,207.5494666291173,3.93286249028262,-145.89538572981226,-147.61882508941864,-1.0752746101378782e-09
710.2124011626847,208.04918902635563,3.932943647816954,-146.234652241897,-147.9861194106248,-1.075274857512019e-09
710.7124011626847,208.5489127507567,3.9330244162668566,-146.57391874999283,-148.35341368432756,-1.075274980699494e-09
711.2124011626847,209.0486377928395,3.933104798423091,-146.91318525409324,-148.72070791096402,-1.0752751110208668e-09
711.7124011626847,209.54836414321304,3.9331847970498046,-147.2524517541914,-149.08800209096685,-1.075274817484905e-09
712.2124011626847,210.04809179257543,3.9332644148848455,-147.59171825028037,-149.4552962247643,-1.0752749805518194e-09
712.7124011626847,210.5478207317127,3.933343654640074,-147.93098474235265,-149.82259031278045,-1.075274750154915e-09
713.2124011626847,211.04755095149775,3.9334225190016694,-148.2702512304007,-150.18988435543483,-1.0752746279199587e-09
713.7124011626847,211.54728244288938,3.9335010106304344,-148.6095177144167,-150.55717835314292,-1.0752747937785929e-09
714.2124011626847,212.0470151969313,3.9335791321620937,-148.9487841943925,-150.92447230631592,-1.0752748526002251e-09
714.7124011626847,212.5467492047511,3.933656886207588,-149.28805067031962,-151.29176621536098,-1.075274660094942e-09
715.2124011626847,213.04648445755927,3.933734275353364,-149.6273171421897,-151.65906008068106,-1.0752745169601092e-09
715.7124011626847,213.54622094664822,3.9338113021616636,-149.96658360999373,-152.02635390267525,-1.0752745954900847e-09
716.2124011626847,214.0459586633914,3.933887969170803,-150.30585007372278,-152.39364768173843,-1.0752744279677999e-09
716.7124011626847,214.5456975992423,3.9339642788954534,-150.64511653336757,-152.76094141826187,-1.0752745534900257e-09
717.2124011626847,215.0454377457335,3.9340402338269143,-150.9843829889186,-153.1282351126326,-1.0752745145444755e-09
717.7124011626847,215.54517909447583,3.934115836433385,-151.32364944036624,-153.49552876523407,-1.075274526674731e-09
718.2124011626847,216.04492163715742,3.934191089160232,-151.66291588770062,-153.86282237644588,-1.0752744481806205e-09
718.7124011626847,216.54466536554278,3.934265994430251,-152.0021823309116,-154.23011594664385,-1.0752742875538766e-09
719.2124011626847,217.04441027147206,3.9343405546439283,-152.34144876998897,-154.59740947620017,-1.0752744699539604e-09
719.7124011626847,217.54415634686004,3.934414772179695,-152.6807152049223,-154.96470296548335,-1.0752743312995562e-09
720.2124011626847,218.04390358369528,3.934488649394182,-153.019981635701,-155.33199641485825,-1.0752744668349934e-09
720.7124011626847,218.54365197403942,3.9345621886224666,-153.35924806231418,-155.69928982468625,-1.0752744080080582e-09
721.2124011626847,219.04340151002623,3.93463539217832,-153.69851448475097,-156.0665831953252,-1.0752744528532835e-09
721.7124011626847,219.5431521838608,3.934708262354449,-154.03778090300025,-156.43387652712937,-1.0752743190268524e-09
722.2124011626847,220.04290398781876,3.9347808014227352,-154.3770473170507,-156.80116982044976,-1.075274450381785e-09
722.7124011626847,220.5426569142455,3.9348530116344707,-154.71631372689097,-157.16846307563375,-1.0752743081167363e-09
723.2124011626847,221.04241095555537,3.9349248952205915,-155.0555801325094,-157.53575629302568,-1.0752744752799561e-09
723.7124011626847,221.54216610423086,3.934996454391906,-155.3948465338943,-157.90304947296636,-1.0752743377576652e-09
724.2124011626847,222.04192235282193,3.935067691339321,-155.73411293103382,-158.2703426157933,-1.0752744470231407e-09
724.7124011626847,222.54167969394516,3.9351386082340674,-156.07337932391601,-158.63763572184098,-1.0752743529074473e-09
725.2124011626847,223.0414381202831,3.9352092072279174,-156.41264571252873,-159.00492879144042,-1.0752742680089208e-09
725.7124011626847,223.5411976245834,3.935279490453405,-156.75191209685968,-159.3722218249197,-1.0752743457457496e-09
726.2124011626847,224.04095819965826,3.935349460024038,-157.09117847689654,-159.7395148226038,-1.07527432230968e-09
726.7124011626847,224.54071983838358,3.9354191180345106,-157.4304448526268,-160.10680778481438,-1.0752744781125164e-09
727.2124011626847,225.0404825336983,3.9354884665609124,-157.76971122403782,-160.47410071187028,-1.0752741915763901e-09
727.7124011626847,225.54024627860375,3.9355575076609344,-158.10897759111697,-160.8413936040872,-1.0752740095636728e-09
728.2124011626847,226.04001106616286,3.9356262433740716,-158.4482439538514,-161.20868646177792,-1.07527412878864e-09
728.7124011626847,226.53977688949956,3.935694675721825,-158.78751031222816,-161.5759792852523,-1.0752739605230668e-09
729.2124011626847,227.03954374179813,3.935762806707898,-159.12677666623426,-161.9432720748172,-1.0752740224939689e-09
729.7124011626847,227.53931161630246,3.9358306383183925,-159.4660430158565,-162.31056483077677,-1.0752744353199886e-09
730.2124011626847,228.03908050631549,3.9358981725220024,-159.80530936108178,-162.6778575534322,-1.0752743892898498e-09
730.7124011626847,228.53885040519845,3.9359654112702023,-160.14457570189668,-163.0451502430819,-1.0752741403968209e-09
731.2124011626847,229.03862130637037,3.9360323564974364,-160.48384203828792,-163.41244290002152,-1.0752741909540124e-09
731.7124011626847,229.53839320330735,3.936099010121304,-160.82310837024193,-163.77973552454392,-1.0752743123818377e-09
732.2124011626847,230.03816608954196,3.9361653740427407,-161.1623746977452,-164.1470281169393,-1.0752743691037082e-09
732.7124011626847,230.53793995866263,3.9362314501462015,-161.50164102078415,-164.51432067749514,-1.0752744260636373e-09
733.2124011626847,231.03771480431314,3.936297240299837,-161.84090733934502,-164.88161320649635,-1.0752741650005412e-09
733.7124011626847,231.53749062019185,3.9363627463556705,-162.18017365341402,-165.24890570422517,-1.0752744201456071e-09
734.2124011626847,232.03726740005126,3.9364279701497704,-162.51943996297732,-165.6161981709612,-1.0752742890549658e-09
734.7124011626847,232.5370451376974,3.9364929135024225,-162.85870626802102,-165.98349060698163,-1.0752742369904744e-09
735.2124011626847,233.03682382698915,3.936557578218299,-163.19797256853113,-166.35078301256095,-1.0752744489692535e-09
735.7124011626847,233.5366034618379,3.9366219660866255,-163.53723886449364,-166.71807538797125,-1.0752745402452104e-09
736.2124011626847,234.03638403620675,3.936686078881346,-163.87650515589445,-167.08536773348214,-1.0752743191809836e-09
736.7124011626847,234.5361655441101,3.936749918361284,-164.21577144271936,-167.45266004936073,-1.0752743742976508e-09
737.2124011626847,235.0359479796131,3.936813486270307,-164.55503772495425,-167.8199523358718,-1.0752745271243118e-09
737.7124011626847,235.53573133683108,3.936876784337481,-164.89430400258485,-168.18724459327765,-1.0752741863803619e-09
738.2124011626847,236.03551560992898,3.9369398142772294,-165.23357027559683,-168.55453682183827,-1.0752741011603011e-09
738.7124011626847,236.53530079312097,3.9370025777894875,-165.57283654397582,-168.92182902181136,-1.0752742785170027e-09
739.2124011626847,237.03508688066975,3.937065076559854,-165.91210280770747,-169.28912119345225,-1.0752743203593156e-09
739.7124011626847,237.5348738668862,3.9371273122597437,-166.25136906677733,-169.65641333701396,-1.0752742737013104e-09
740.2124011626847,238.03466174612873,3.937189286546534,-166.59063532117094,-170.02370545274727,-1.0752742372832206e-09
740.7124011626847,238.53445051280298,3.937251001063714,-166.92990157087382,-170.3909975409007,-1.07527426912324e-09
741.2124011626847,239.0342401613611,3.937312457441028,-167.2691678158714,-170.75828960172066,-1.0752740442317648e-09
741.7124011626847,239.53403068630143,3.937373657294621,-167.60843405614912,-171.1255816354513,-1.0752741587874112e-09
742.2124011626847,240.03382208216797,3.9374346022271776,-167.9477002916923,-171.4928736423347,-1.0752738012152846e-09
742.7124011626847,240.53361434354989,3.937495293828063,-168.2869665224864,-171.86016562261057,-1.0752739034699602e-09
743.2124011626847,241.03340746508107,3.9375557336734617,-168.62623274851674,-172.22745757651668,-1.0752738508788322e-09
743.7124011626847,241.53320144143967,3.937615923326513,-168.96549896976862,-172.59474950428879,-1.0752739092841155e-09
744.2124011626847,242.03299626734764,3.937675864337446,-169.30476518622729,-172.9620414061604,-1.0752739044984323e-09
744.7124011626847,242.5327919375703,3.937735558243712,-169.64403139787805,-173.32933328236317,-1.0752739487670445e-09
745.2124011626847,243.03258844691584,3.937795006570117,-169.9832976047061,-173.69662513312653,-1.0752738130443009e-09
745.7124011626847,243.53238579023494,3.937854210828949,-170.3225638066967,-174.06391695867802,-1.0752739205354357e-09
746.2124011626847,244.03218396242036,3.93791317252011,-170.66183000383506,-174.43120875924316,-1.0752739046936442e-09
746.7124011626847,244.53198295840642,3.9379718931312393,-171.00109619610635,-174.79850053504563,-1.0752736791245346e-09
747.2124011626847,245.03178277316863,3.938030374137839,-171.34036238349583,-175.16579228630695,-1.0752739107997563e-09
747.7124011626847,245.53158340172328,3.9380886170033986,-171.67962856598857,-175.5330840132469,-1.075273661703771e-09
748.2124011626847,246.031384839127,3.938146623179517,-172.01889474356972,-175.90037571608337,-1.075273735814398e-09
748.7124011626847,246.53118708047643,3.938204394106022,-172.35816091622448,-176.26766739503233,-1.0752737776669293e-09
749.2124011626847,247.03099012090763,3.938261931211089,-172.69742708393792,-176.6349590503078,-1.075273490725429e-09
749.7124011626847,247.53079395559595,3.93831923591136,-173.03669324669528,-177.00225068212202,-1.0752735465977657e-09
750.2124011626847,248.0305985797554,3.93837630961206,-173.37595940448165,-177.36954229068556,-1.0752736462237481e-09
750.7124011626847,248.5304039886384,3.938433153707109,-173.71522555728205,-177.73683387620704,-1.0752737327978237e-09
751.2124011626847,249.03021017753534,3.938489769579239,-174.05449170508174,-178.10412543889333,-1.0752736620569698e-09
751.7124011626847,249.53001714177418,3.938546158600104,-174.39375784786571,-178.47141697894955,-1.075273576180513e-09
752.2124011626847,250.0298248767202,3.9386023221303894,-174.73302398561918,-178.83870849657913,-1.0752737005221738e-09
752.7124011626847,250.52963337777544,3.9386582615199255,-175.07229011832717,-179.20599999198367,-1.0752735662679699e-09
753.2124011626847,251.0294426403785,3.938713978107791,-175.41155624597485,-179.57329146536318,-1.0752738139347246e-09
753.7124011626847,251.5292526600041,3.9387694732224228,-175.75082236854738,-179.94058291691587,-1.0752738110187943e-09
754.2124011626847,252.02906343216267,3.93882474818172,-176.09008848602983,-180.30787434683842,-1.0752736711798743e-09
754.7124011626847,252.52887495240017,3.938879804293149,-176.4293545984073,-180.6751657553257,-1.0752736407403664e-09
755.2124011626847,253.02868721629758,3.938934642853846,-176.76862070566503,-181.0424571425711,-1.0752737047596412e-09
755.7124011626847,253.52850021947063,3.9389892651507186,-177.10788680778813,-181.40974850876628,-1.0752738222259747e-09
756.2124011626847,254.02831395756937,3.9390436724605475,-177.44715290476168,-181.7770398541014,-1.0752739279148965e-09
756.7124011626847,254.528128426278,3.9390978660500844,-177.78641899657092,-182.14433117876487,-1.0752738297664462e-09
757.2124011626847,255.02794362131436,3.9391518471761513,-178.125685083201,-182.5116224829438,-1.0752739380433526e-09
757.7124011626847,255.52775953842976,3.9392056170857375,-178.4649511646371,-182.8789137668235,-1.0752736000530893e-09
758.2124011626847,256.0275761734085,3.9392591770160945,-178.80421724086446,-183.24620503058782,-1.075273771059701e-09
758.7124011626847,256.52739352206765,3.9393125281948325,-179.14348331186827,-183.61349627441916,-1.0752737532166015e-09
759.2124011626847,257.0272115802568,3.939365671840013,-179.4827493776337,-183.9807874984984,-1.0752736380571114e-09
759.7124011626847,257.52703034385746,3.9394186091602417,-179.822015438146,-184.3480787030048,-1.0752735815097016e-09
760.2124011626847,258.02684980878314,3.9394713413547597,-180.1612814933905,-184.71536988811636,-1.0752737049755835e-09
760.7124011626847,258.52666997097873,3.939523869613535,-180.5005475433524,-185.08266105400938,-1.0752734524430298e-09
761.2124011626847,259.0264908264204,3.939576195117351,-180.839813588017,-185.4499522008591,-1.0752737288633556e-09
761.7124011626847,259.5263123711151,3.9396283190378947,-181.17907962736965,-185.81724332883877,-1.0752737515671002e-09
762.2124011626847,260.0261346011005,3.9396802425378454,-181.5183456613956,-186.18453443812072,-1.0752737285593043e-09
762.7124011626847,260.52595751244456,3.9397319667709603,-181.8576116900802,-186.55182552887564,-1.0752736580909028e-09
763.2124011626847,261.0257811012452,3.9397834928821593,-182.19687771340887,-186.919116601273,-1.0752736852967046e-09
763.7124011626847,261.52560536363,3.9398348220076103,-182.53614373136696,-187.28640765548064,-1.0752735867289416e-09
764.2124011626847,262.0254302957562,3.9398859552748124,-182.87540974393985,-187.6536986916653,-1.0752734598153634e-09
764.7124011626847,262.52525589381014,3.9399368938026784,-183.21467575111305,-188.0209897099922,-1.0752735358536128e-09
765.2124011626847,263.02508215400695,3.9399876387016164,-183.55394175287194,-188.3882807106254,-1.0752733668899732e-09
765.7124011626847,263.5249090725905,3.94003819107361,-183.89320774920202,-188.75557169372752,-1.0752734573724067e-09
766.2124011626847,264.0247366458329,3.9400885520122992,-184.2324737400888,-189.12286265945986,-1.0752737916400002e-09
766.7124011626847,264.52456487003445,3.9401387226030575,-184.57173972551777,-189.49015360798248,-1.0752734116591339e-09
767.2124011626847,265.0243937415232,3.9401887039230714,-184.91100570547442,-189.85744453945424,-1.075273660392734e-09
767.7124011626847,265.5242232566548,3.940238497041416,-185.25027167994443,-190.2247354540325,-1.075273546497638e-09
768.2124011626847,266.0240534118122,3.9402881030191326,-185.58953764891336,-190.5920263518736,-1.075273581006055e-09
768.7124011626847,266.5238842034054,3.9403375229093034,-185.9288036123668,-190.95931723313262,-1.0752735007981117e-09
769.2124011626847,267.0237156278711,3.9403867577571257,-186.26806957029044,-191.3266080979633,-1.075273605483538e-09
769.7124011626847,267.5235476816727,3.940435808599985,-186.60733552266996,-191.6938989465181,-1.0752735947025266e-09
770.2124011626847,268.0233803612998,3.9404846764675305,-186.94660146949104,-192.06118977894855,-1.0752733712975294e-09
770.7124011626847,268.5232136632681,3.9405333623817436,-187.2858674107394,-192.42848059540475,-1.0752735028108294e-09
771.2124011626847,269.02304758411907,3.940581867357011,-187.62513334640087,-192.79577139603575,-1.0752734300974184e-09
771.7124011626847,269.5228821204198,3.940630192400195,-187.96439927646125,-193.16306218098933,-1.0752735298863267e-09
772.2124011626847,270.0227172687627,3.9406783385107027,-188.30366520090635,-193.53035295041215,-1.0752732903905768e-09
772.7124011626847,270.5225530257652,3.940726306680556,-188.642931119722,-193.89764370444982,-1.075273170424168e-09
773.2124011626847,271.02238938806977,3.940774097894457,-188.98219703289405,-194.2649344432467,-1.0752736448499173e-09
773.7124011626847,271.5222263523434,3.9408217131298593,-189.32146294040842,-194.632225166946,-1.0752735221203194e-09
774.2124011626847,272.02206391527756,3.9408691533570304,-189.66072884225113,-194.99951587568992,-1.0752736217253467e-09
774.7124011626847,272.5219020735879,3.9409164195391204,-189.99999473840816,-195.36680656961943,-1.0752734268744376e-09
775.2124011626847,273.02174082401405,3.940963512632227,-190.3392606288655,-195.73409724887463,-1.0752733834286464e-09
775.7124011626847,273.52158016331936,3.941010433585458,-190.6785265136091,-196.1013879135943,-1.0752734810342832e-09
776.2124011626847,274.0214200882908,3.9410571833409973,-191.01779239262524,-196.4686785639163,-1.075273690078845e-09
776.7124011626847,274.5212605957386,3.941103762834166,-191.35705826589992,-196.8359691999773,-1.0752736209850056e-09
777.2124011626847,275.0211016824962,3.941150172993487,-191.69632413341924,-197.20325982191312,-1.0752738982591005e-09
777.7124011626847,275.52094334541977,3.9411964147407437,-192.03558999516943,-197.5705504298583,-1.0752737627261143e-09
778.2124011626847,276.02078558138834,3.941242488991044,-192.37485585113663,-197.9378410239466,-1.0752736798503285e-09
778.7124011626847,276.5206283873034,3.9412883966528782,-192.7141217013072,-198.30513160431053,-1.0752735857672901e-09
779.2124011626847,277.02047176008875,3.9413341386281804,-193.05338754566733,-198.67242217108168,-1.0752736134012123e-09
779.7124011626847,277.5203156966902,3.941379715812386,-193.39265338420338,-199.03971272439065,-1.0752737648557123e-09
780.2124011626847,278.0201601940756,3.9414251290944926,-193.7319192169017,-199.40700326436712,-1.0752737143842245e-09
780.7124011626847,278.52000524923426,3.9414703793571144,-194.0711850437486,-199.77429379113963,-1.0752735423891673e-09
781.2124011626847,279.0198508591773,3.941515467476542,-194.41045086473062,-200.14158430483585,-1.075273506762104e-09
781.7124011626847,279.519697020937,3.941560394322797,-194.74971667983414,-200.50887480558242,-1.0752736353349863e-09
782.2124011626847,280.01954373156667,3.9416051607596905,-195.08898248904575,-200.8761652935051,-1.0752736443619862e-09
782.7124011626847,280.5193909881408,3.941649767644876,-195.42824829235187,-201.24345576872875,-1.0752738233929212e-09
783.2124011626847,281.01923878775443,3.941694215829905,-195.76751408973905,-201.61074623137716,-1.0752736716741157e-09
783.7124011626847,281.5190871275232,3.941738506160281,-196.10677988119406,-201.97803668157317,-1.0752735376352598e-09
784.2124011626847,282.0189360045833,3.941782639475514,-196.44604566670336,-202.34532711943893,-1.0752736409704777e-09
784.7124011626847,282.51878541609085,3.9418266166091724,-196.78531144625364,-202.71261754509544,-1.0752733562604693e-09
785.2124011626847,283.01863535922223,3.941870438388935,-197.1245772198318,-203.07990795866286,-1.0752735047379584e-09
785.7124011626847,283.51848583117356,3.9419141056366453,-197.46384298742433,-203.44719836026053,-1.075273523826716e-09
786.2124011626847,284.0183368291607,3.94195761916836,-197.80310874901818,-203.81448875000686,-1.0752735595921537e-09
786.7124011626847,284.518188350419,3.942000979794402,-198.14237450460016,-204.18177912801934,-1.0752737331231002e-09
787.2124011626847,285.0180403922031,3.942044188319408,-198.48164025415716,-204.5490694944146,-1.0752735509363919e-09
787.7124011626847,285.51789295178685,3.942087245542383,-198.82090599767596,-204.91635984930855,-1.0752736124215362e-09
788.2124011626847,286.0177460264631,3.9421301522567442,-199.16017173514368,-205.28365019281597,-1.075273646490758e-09
788.7124011626847,286.51759961354355,3.942172909250373,-199.4994374665471,-205.65094052505114,-1.0752734613314347e-09
789.2124011626847,287.01745371035855,3.9422155173056614,-199.83870319187344,-206.01823084612715,-1.0752734980778842e-09
789.7124011626847,287.5173083142569,3.942257977199562,-200.17796891110953,-206.38552115615653,-1.0752734488840569e-09
790.2124011626847,288.0171634226059,3.942300289703632,-200.51723462424266,-206.75281145525082,-1.0752735500330705e-09
790.7124011626847,288.5170190327909,3.942342455584084,-200.85650033125984,-207.1201017435209,-1.0752733962712472e-09
791.2124011626847,289.0168751422154,3.9423844756018274,-201.19576603214827,-207.48739202107672,-1.0752737213558582e-09
791.7124011626847,289.51673174830063,3.942426350512518,-201.53503172689523,-207.85468228802733,-1.075273713557698e-09
792.2124011626847,290.0165888484857,3.9424680810666017,-201.87429741548792,-208.2219725444813,-1.0752736179351776e-09
792.7124011626847,290.51644644022724,3.94250966800936,-202.2135630979136,-208.58926279054617,-1.0752737957803874e-09
793.2124011626847,291.01630452099926,3.9425511120809533,-202.55282877415962,-208.95655302632878,-1.0752736441951727e-09
793.7124011626847,291.51616308829307,3.9425924140164654,-202.89209444421334,-209.3238432519351,-1.0752737053816905e-09
794.2124011626847,292.0160221396171,3.9426335745459475,-203.23136010806212,-209.6911334674705,-1.0752737122202009e-09
794.7124011626847,292.5158816724969,3.9426745943944597,-203.57062576569353,-210.0584236730395,-1.0752738768439156e-09
795.2124011626847,293.0157416844746,3.942715474282115,-203.909891417095,-210.42571386874582,-1.0752737759604162e-09
795.7124011626847,293.5156021731092,3.9427562149241218,-204.2491570622539,-210.79300405469257,-1.0752737282297349e-09
796.2124011626847,294.0154631359762,3.942796817030823,-204.58842270115792,-211.160294230982,-1.075273691286188e-09
796.7124011626847,294.51532457066753,3.9428372813077397,-204.92768833379472,-211.5275843977157,-1.0752739349825757e-09
797.2124011626847,295.0151864747914,3.942877608455612,-205.26695396015182,-211.89487455499446,-1.07527405922732e-09
797.7124011626847,295.5150488459721,3.9429177991704374,-205.606219580217,-212.26216470291845,-1.0752740498971326e-09
798.2124011626847,296.01491168185004,3.942957854143513,-205.94548519397796,-212.62945484158698,-1.075273941638556e-09
798.7124011626847,296.51477498008137,3.9429977740614746,-206.2847508014225,-212.99674497109882,-1.0752736914745287e-09
799.2124011626847,297.014638738338,3.943037559606335,-206.6240164025383,-213.36403509155198,-1.0752738515741761e-09
799.7124011626847,297.51450295430755,3.9430772114555235,-206.9632819973133,-213.73132520304375,-1.075273912407048e-09
800.2124011626847,298.0143676256929,3.943116730281925,-207.3025475857352,-214.09861530567082,-1.0752735544488954e-09
800.7124011626847,298.5142327502125,3.943156116753916,-207.64181316779215,-214.46590539952905,-1.0752738606205556e-09
801.2124011626847,299.01409832559983,3.943195371535405,-207.9810787434719,-214.8331954847137,-1.0752738867399548e-09
801.7124011626847,299.5139643496036,3.943234495285867,-208.32034431276264,-215.20048556131943,-1.0752741434940965e-09
802.2124011626847,300.01383081998745,3.943273488660383,-208.65960987565225,-215.56777562944015,-1.0752739807780571e-09
802.7124011626847,300.5136977345297,3.943312352309674,-208.99887543212898,-215.93506568916902,-1.0752740956020633e-09
803.2124011626847,301.0135650910237,3.9433510868801402,-209.33814098218076,-216.30235574059878,-1.0752740987033638e-09
803.7124011626847,301.513432887277,3.943389693013894,-209.67740652579585,-216.6696457838214,-1.075273769132781e-09
804.2124011626847,302.013301121112,3.9434281713487973,-210.01667206296239,-217.0369358189283,-1.0752739466195405e-09
804.7124011626847,302.5131697903653,3.943466522518495,-210.35593759366867,-217.40422584601006,-1.0752739461302352e-09
805.2124011626847,303.01303889288755,3.9435047471524514,-210.69520311790293,-217.77151586515674,-1.0752740360721469e-09
805.7124011626847,303.5129084265438,3.943542845875984,-211.03446863565344,-218.13880587645787,-1.0752742536583809e-09
806.2124011626847,304.012778389213,3.9435808193102964,-211.37373414690873,-218.50609588000214,-1.075274016476989e-09
806.7124011626847,304.51264877878793,3.943618668072515,-211.712999651657,-218.8733858758779,-1.0752740523631268e-09
807.2124011626847,305.0125195931752,3.9436563927757193,-212.05226514988675,-219.24067586417266,-1.075274057233839e-09
807.7124011626847,305.5123908302952,3.943693994028977,-212.39153064158646,-219.6079658449736,-1.0752740204788022e-09
808.2124011626847,306.0122624880816,3.9437314724373755,-212.73079612674456,-219.97525581836697,-1.0752739194037465e-09
808.7124011626847,306.51213456448176,3.943768828602055,-213.07006160534974,-220.34254578443864,-1.0752740030802465e-09
809.2124011626847,307.01200705745623,3.9438060631202405,-213.40932707739051,-220.70983574327383,-1.0752739363051934e-09
809.7124011626847,307.51187996497885,3.943843176585274,-213.74859254285545,-221.07712569495723,-1.0752739403359386e-09
810.2124011626847,308.0117532850365,3.9438801695866457,-214.08785800173328,-221.44441563957278,-1.0752739405087768e-09
810.7124011626847,308.5116270156292,3.9439170427100243,-214.4271234540127,-221.81170557720415,-1.075273764097378e-09
811.2124011626847,309.01150115476975,3.9439537965372895,-214.76638889968243,-222.17899550793416,-1.075273677293757e-09
811.7124011626847,309.5113757004838,3.9439904316465615,-215.1056543387313,-222.54628543184512,-1.0752738333596454e-09
812.2124011626847,310.0112506508098,3.944026948612232,-215.44491977114822,-222.91357534901894,-1.075273762304694e-09
812.7124011626847,310.5111260037986,3.9440633480049936,-215.7841851969218,-223.28086525953682,-1.0752740270283496e-09
813.2124011626847,311.0110017575137,3.94409963039187,-216.1234506160412,-223.64815516347952,-1.0752738900761262e-09
813.7124011626847,311.51087791003096,3.9441357963362447,-216.46271602849518,-224.01544506092714,-1.075273800458513e-09
814.2124011626847,312.0107544594385,3.944171846397891,-216.8019814342729,-224.3827349519593,-1.0752739273292862e-09
814.7124011626847,312.5106314038366,3.9442077811330014,-217.14124683336317,-224.7500248366551,-1.0752739346192397e-09
815.2124011626847,313.0105087413378,3.9442436010942137,-217.48051222575518,-225.11731471509307,-1.0752740501537909e-09
815.7124011626847,313.5103864700665,3.944279306830642,-217.81977761143793,-225.48460458735136,-1.07527400610754e-09
816.2124011626847,314.0102645881591,3.944314898887904,-218.15904299040056,-225.85189445350736,-1.075273925637239e-09
816.7124011626847,314.51014309376376,3.9443503778081475,-218.49830836263232,-226.21918431363818,-1.0752739912580366e-09
817.2124011626847,315.0100219850404,3.9443857441300794,-218.83757372812235,-226.5864741678202,-1.0752741375265544e-09
817.7124011626847,315.5099012601605,3.9444209983889924,-219.17683908685993,-226.95376401612938,-1.075273841713981e-09
818.2124011626847,316.0097809173072,3.944456141116792,-219.5161044388344,-227.3210538586412,-1.0752738530835305e-09
818.7124011626847,316.5096609546749,3.944491172842024,-219.855369784035,-227.68834369543055,-1.0752739234763914e-09
819.2124011626847,317.00954137046966,3.944526094089899,-220.19463512245116,-228.055633526572,-1.075274094296964e-09
819.7124011626847,317.5094221629085,3.9445609053823216,-220.53390045407224,-228.42292335213952,-1.0752739667830399e-09
820.2124011626847,318.0093033302198,3.9445956072379134,-220.87316577888765,-228.7902131722066,-1.0752737838458169e-09
820.7124011626847,318.5091848706429,3.944630200172041,-221.2124310968869,-229.15750298684628,-1.0752737657197773e-09
821.2124011626847,319.0090667824283,3.944664684696839,-221.55169640805943,-229.52479279613098,-1.075273631110823e-09
821.7124011626847,319.50894906383735,3.9446990613212396,-221.8909617123949,-229.89208260013288,-1.075273778940646e-09
822.2124011626847,320.0088317131422,3.944733330550992,-222.2302270098828,-230.25937239892343,-1.0752737755064164e-09
822.7124011626847,320.5087147286257,3.944767492888692,-222.56949230051288,-230.62666219257372,-1.0752737921415413e-09
823.2124011626847,321.00859810858157,3.944801548833804,-222.9087575842747,-230.99395198115445,-1.075273590089396e-09
823.7124011626847,321.50848185131395,3.944835498882686,-223.248022861158,-231.36124176473584,-1.0752735760410244e-09
824.2124011626847,322.00836595513755,3.944869343528614,-223.58728813115246,-231.72853154338765,-1.0752735539661537e-09
824.7124011626847,322.50825041837743,3.944903083261805,-223.92655339424795,-232.09582131717897,-1.075273515564928e-09
825.2124011626847,323.0081352393691,3.944936718569442,-224.2658186504342,-232.46311108617883,-1.075273628905693e-09
825.7124011626847,323.50802041645824,3.944970249935696,-224.6050838997011,-232.8304008504555,-1.0752737372293146e-09
826.2124011626847,324.0079059480007,3.9450036778417497,-224.94434914203853,-233.19769061007688,-1.0752734996728042e-09
826.7124011626847,324.50779183236256,3.945037002765822,-225.28361437743644,-233.56498036511053,-1.075273598567734e-09
827.2124011626847,325.00767806791976,3.945070225183189,-225.62287960588463,-233.9322701156235,-1.0752739053621393e-09
827.7124011626847,325.50756465305835,3.945103345566206,-225.96214482737332,-234.29955986168247,-1.075273879252458e-09
828.2124011626847,326.0074515861741,3.9451363643843322,-226.30141004189244,-234.66684960335343,-1.0752738602628343e-09
828.7124011626847,326.50733886567275,3.945169282104152,-226.64067524943204,-235.03413934070247,-1.0752737069266281e-09
829.2124011626847,327.0072264899696,3.9452020991893955,-226.9799404499822,-235.4014290737947,-1.0752734998821597e-09
829.7124011626847,327.50711445748965,3.945234816100962,-227.31920564353308,-235.76871880269516,-1.0752734174077345e-09
830.2124011626847,328.0070027666676,3.9452674332969413,-227.6584708300749,-236.1360085274684,-1.0752734000750902e-09
830.7124011626847,328.50689141594745,3.945299951232634,-227.99773600959782,-236.5032982481784,-1.075273544346209e-09
831.2124011626847,329.0067804037828,3.9453323703605743,-228.33700118209205,-236.87058796488907,-1.0752736647045764e-09
831.7124011626847,329.5066697286365,3.9453646911305493,-228.67626634754802,-237.23787767766348,-1.0752736808727095e-09
832.2124011626847,330.00655938898075,3.9453969139896214,-229.01553150595592,-237.60516738656463,-1.0752737161953672e-09
832.7124011626847,330.50644938329697,3.945429039382148,-229.3547966573061,-237.9724570916551,-1.075273465697666e-09
833.2124011626847,331.0063397100757,3.9454610677498017,-229.69406180158902,-238.3397467929968,-1.075273548234236e-09
833.7124011626847,331.50623036781656,3.945492999531591,-230.03332693879506,-238.7070364906516,-1.0752737373934772e-09
834.2124011626847,332.0061213550282,3.945524835163881,-230.37259206891463,-239.07432618468084,-1.0752734097632004e-09
834.7124011626847,332.50601267022824,3.945556575080411,-230.71185719193835,-239.44161587514532,-1.0752735373865299e-09
835.2124011626847,333.00590431194314,3.9455882197123175,-231.05112230785664,-239.80890556210562,-1.0752737729920961e-09
835.7124011626847,333.5057962787082,3.9456197694881507,-231.39038741666016,-240.17619524562195,-1.0752736804743128e-09
836.2124011626847,334.00568856906744,3.9456512248338957,-231.7296525183395,-240.54348492575414,-1.0752735950570878e-09
836.7124011626847,334.5055811815736,3.945682586172991,-232.06891761288512,-240.91077460256164,-1.0752736397652925e-09
837.2124011626847,335.00547411478794,3.9457138539263474,-232.4081827002879,-241.27806427610332,-1.0752736448576281e-09
837.7124011626847,335.5053673672804,3.945745028512367,-232.7474477805384,-241.6453539464381,-1.07527353138826e-09
838.2124011626847,336.0052609376294,3.945776110346962,-233.08671285362743,-242.0126436136241,-1.0752734870245999e-09
838.7124011626847,336.5051548244216,3.9458070998435733,-233.42597791954572,-242.37993327771937,-1.0752735925424135e-09
839.2124011626847,337.00504902625227,3.9458379974131876,-233.76524297828408,-242.7472229387815,-1.0752735626776214e-09
839.7124011626847,337.50494354172486,3.9458688034643576,-234.10450802983337,-243.11451259686777,-1.0752734663532805e-09
840.2124011626847,338.0048383694511,3.9458995184032184,-234.44377307418446,-243.48180225203495,-1.0752734471647316e-09
840.7124011626847,338.5047335080508,3.945930142633506,-234.7830381113282,-243.84909190433962,-1.0752735482436032e-09
841.2124011626847,339.00462895615203,3.945960676556575,-235.12230314125563,-244.21638155383803,-1.0752735493147957e-09
841.7124011626847,339.50452471239083,3.9459911205714158,-235.4615681639577,-244.58367120058585,-1.0752733153046785e-09
842.2124011626847,340.0044207754113,3.9460214750746725,-235.80083317942535,-244.9509608446388,-1.0752733679865492e-09
842.7124011626847,340.5043171438654,3.9460517404606597,-236.1400981876496,-245.31825048605185,-1.075273464216303e-09
843.2124011626847,341.00421381641314,3.9460819171213792,-236.47936318862165,-245.68554012487996,-1.0752735246496508e-09
843.7124011626847,341.50411079172216,3.946112005446538,-236.81862818233253,-246.05282976117746,-1.0752733064534656e-09
844.2124011626847,342.00400806846795,3.946142005823565,-237.15789316877334,-246.42011939499864,-1.075273512871226e-09
844.7124011626847,342.50390564533376,3.946171918637625,-237.49715814793532,-246.78740902639726,-1.0752736417126076e-09
845.2124011626847,343.0038035210104,3.94620174427164,-237.83642311980958,-247.15469865542678,-1.0752735895606594e-09
845.7124011626847,343.5037016941964,3.9462314831063012,-238.1756880843875,-247.52198828214043,-1.0752736292217035e-09
846.2124011626847,344.00360016359775,3.9462611355200865,-238.51495304166025,-247.88927790659085,-1.0752736381203555e-09
846.7124011626847,344.503498927928,3.946290701889278,-238.85421799161924,-248.25656752883077,-1.0752734172718641e-09
847.2124011626847,345.003397985908,3.946320182587977,-239.19348293425566,-248.62385714891238,-1.075273501778715e-09
847.7124011626847,345.50329733626614,3.946349577988118,-239.53274786956084,-248.99114676688754,-1.075273597756074e-09
848.2124011626847,346.0031969777381,3.946378888459487,-239.87201279752634,-249.35843638280778,-1.0752736316669844e-09
848.7124011626847,346.5030969090668,3.946408114369736,-240.21127771814358,-249.72572599672435,-1.0752735256440602e-09
849.2124011626847,347.00299712900244,3.9464372560843977,-240.55054263140389,-250.0930156086883,-1.075273477629023e-09
849.7124011626847,347.5028976363023,3.946466313966902,-240.88980753729888,-250.4603052187502,-1.0752738073091144e-09
850.2124011626847,348.0027984297309,3.94649528837859,-241.22907243581994,-250.82759482696045,-1.075273513094926e-09
850.7124011626847,348.5026995080597,3.9465241796787294,-241.56833732695878,-251.19488443336905,-1.075273523887759e-09
851.2124011626847,349.0026008700674,3.94655298822453,-241.9076022107068,-251.5621740380258,-1.0752735832355016e-09
851.7124011626847,349.5025025145394,3.946581714371156,-242.24686708705588,-251.9294636409801,-1.0752736368970108e-09
852.2124011626847,350.0024044402682,3.946610358471745,-242.58613195599747,-252.29675324228106,-1.0752735603598936e-09
852.7124011626847,350.50230664605317,3.9466389208774175,-242.92539681752334,-252.66404284197765,-1.075273743957036e-09
853.2124011626847,351.0022091307004,3.946667401937295,-243.2646616716251,-253.03133244011838,-1.0752734040549006e-09
853.7124011626847,351.50211189302286,3.9466958019985126,-243.6039265182946,-253.39862203675156,-1.0752732997747947e-09
854.2124011626847,352.0020149318401,3.9467241214062323,-243.9431913575236,-253.7659116319251,-1.0752732130401801e-09
854.7124011626847,352.5019182459786,3.9467523605036594,-244.28245618930384,-254.1332012256868,-1.075273545235415e-09
855.2124011626847,353.0018218342712,3.9467805196320542,-244.62172101362717,-254.5004908180841,-1.0752733304768515e-09
855.7124011626847,353.5017256955575,3.9468085991307467,-244.9609858304855,-254.86778040916408,-1.075273569031462e-09
856.2124011626847,354.00162982868363,3.9468365993371495,-245.30025063987077,-255.2350699989736,-1.0752734204046562e-09
856.7124011626847,354.5015342325021,3.946864520586773,-245.63951544177473,-255.60235958755928,-1.0752733128163302e-09
857.2124011626847,355.00143890587196,3.9468923632132364,-245.97878023618958,-255.9696491749674,-1.0752732987208741e-09
857.7124011626847,355.50134384765863,3.9469201275482835,-246.31804502310703,-256.33693876124414,-1.0752734789048664e-09
858.2124011626847,356.00124905673397,3.9469478139217937,-246.65730980251922,-256.70422834643523,-1.0752733725834812e-09
858.7124011626847,356.501154531976,3.9469754226617964,-246.99657457441822,-257.0715179305862,-1.0752733026650748e-09
859.2124011626847,357.00106027226917,3.947002954094483,-247.33583933879606,-257.43880751374223,-1.075273069311899e-09
859.7124011626847,357.500966276504,3.9470304085442205,-247.67510409564494,-257.8060970959483,-1.075273191389982e-09
860.2124011626847,358.0008725435774,3.9470577863335645,-248.0143688449569,-258.17338667724914,-1.075273340366899e-09
860.7124011626847,358.5007790723921,3.9470850877832713,-248.35363358672413,-258.54067625768926,-1.0752730875317066e-09
861.2124011626847,359.0006858618573,3.94711231321231,-248.6928983209387,-258.9079658373129,-1.0752731893012585e-09
861.7124011626847,359.5005929108879,3.9471394629378755,-249.032163047593,-259.2752554161639,-1.0752730969410872e-09
862.2124011626847,360.00050021840514,3.947166537275401,-249.37142776667923,-259.6425449942859,-1.0752731133411173e-09
862.7124011626847,360.50040778333596,3.9471935365385695,-249.71069247818957,-260.0098345717226,-1.075273418451246e-09
863.2124011626847,361.00031560461343,3.947220461039327,-250.04995718211646,-260.377124148517,-1.0752730558201407e-09
863.7124011626847,361.50022368117635,3.947247311087893,-250.38922187845213,-260.74441372471205,-1.0752731217296318e-09
864.2124011626847,362.00013201196947,3.9472740869927745,-250.72848656718895,-261.1117033003505,-1.0752732616330698e-09
864.7124011626847,362.50004059594335,3.947300789060775,-251.0677512483194,-261.4789928754747,-1.075273031190942e-09
865.2124011626847,362.9999494320542,3.9473274175970094,-251.40701592183586,-261.84628245012703,-1.075273365238364e-09
865.7124011626847,363.4998585192642,3.9473539729049127,-251.7462805877308,-262.2135720243493,-1.0752735108439038e-09
866.2124011626847,363.9997678565409,3.947380455286254,-252.08554524599663,-262.5808615981833,-1.0752733140682343e-09
866.7124011626847,364.4996774428578,3.947406865041146,-252.42480989662587,-262.9481511716705,-1.075273188021144e-09
867.2124011626847,364.9995872771937,3.947433202468057,-252.764074539611,-263.3154407448521,-1.0752735217636586e-09
867.7124011626847,365.4994973585333,3.9474594678638235,-253.10333917494472,-263.68273031776914,-1.0752733879713426e-09
868.2124011626847,365.9994076858666,3.947485661523659,-253.4426038026194,-264.0500198904625,-1.075273263668173e-09
868.7124011626847,366.4993182581892,3.947511783741166,-253.7818684226278,-264.4173094629727,-1.0752733281811242e-09
869.2124011626847,366.9992290745022,3.9475378348083483,-254.12113303496264,-264.78459903533997,-1.0752732999665041e-09
869.7124011626847,367.499140133812,3.9475638150156196,-254.46039763961642,-265.1518886076044,-1.0752734340368812e-09
870.2124011626847,367.9990514351304,3.947589724651816,-254.79966223658187,-265.519178179806,-1.0752732686166133e-09
870.7124011626847,368.4989629774747,3.9476155640042063,-255.13892682585174,-265.88646775198424,-1.0752733940766661e-09
871.2124011626847,368.9988747598674,3.947641333358502,-255.4781914074187,-266.2537573241787,-1.0752734279949944e-09
871.7124011626847,369.49878678133626,3.9476670329988686,-255.81745598127563,-266.6210468964285,-1.0752735063251232e-09
872.2124011626847,369.99869904091435,3.947692663207935,-256.1567205474153,-266.9883364687725,-1.0752734182630294e-09
872.7124011626847,370.4986115376399,3.947718224266806,-256.4959851058306,-267.35562604124965,-1.0752735361804522e-09
873.2124011626847,370.9985242705563,3.94774371645507,-256.83524965651424,-267.72291561389835,-1.0752736369065296e-09
873.7124011626847,371.4984372387121,3.9477691400508106,-257.17451419945917,-268.090205186757,-1.0752735819788623e-09
874.2124011626847,371.998350441161,3.9477944953306165,-257.51377873465833,-268.4574947598637,-1.0752734737610543e-09
874.7124011626847,372.4982638769617,3.9478197825695918,-257.85304326210473,-268.8247843332563,-1.0752736426891814e-09
875.2124011626847,372.9981775451779,3.9478450020413653,-258.1923077817911,-269.19207390697244,-1.0752736141554093e-09
875.7124011626847,373.4980914448784,3.947870154018101,-258.5315722937106,-269.5593634810497,-1.0752736271043806e-09
876.2124011626847,373.998005575137,3.9478952387705073,-258.8708367978562,-269.92665305552526,-1.0752735973137114e-09
876.7124011626847,374.49791993503226,3.9479202565678477,-259.21010129422086,-270.2939426304363,-1.0752738947479515e-09
877.2124011626847,374.9978345236478,3.947945207677949,-259.54936578279774,-270.6612322058196,-1.075273814750091e-09
877.7124011626847,375.497749340072,3.9479700923672114,-259.88863026357984,-271.0285217817118,-1.0752737933741095e-09
878.2124011626847,375.9976643833982,3.9479949109006194,-260.2278947365604,-271.3958113581494,-1.0752739482754516e-09
878.7124011626847,376.4975796527245,3.948019663541749,-260.56715920173247,-271.7631009351686,-1.0752737307066708e-09
879.2124011626847,376.99749514715364,3.9480443505527787,-260.9064236590891,-272.1303905128055,-1.075273618975826e-09
879.7124011626847,377.4974108657933,3.9480689721944975,-261.2456881086237,-272.49768009109596,-1.0752738519436374e-09
880.2124011626847,377.99732680775577,3.948093528726315,-261.5849525503294,-272.86496967007554,-1.0752738763755235e-09
880.7124011626847,378.497242972158,3.94811802040627,-261.9242169841993,-273.2322592497799,-1.0752739250779839e-09
881.2124011626847,378.9971593581216,3.94814244749104,-262.26348141022675,-273.599548830244,-1.075273870228368e-09
881.7124011626847,379.4970759647729,3.94816681023595,-262.60274582840503,-273.9668384115031,-1.0752738575834113e-09
882.2124011626847,379.99699279124263,3.9481911088949806,-262.94201023872756,-274.3341279935921,-1.0752738184997773e-09
882.7124011626847,380.49690983666625,3.9482153437207783,-263.28127464118757,-274.7014175765456,-1.0752740167459886e-09
883.2124011626847,380.9968271001837,3.948239514964663,-263.62053903577845,-275.0687071603981,-1.0752741696511204e-09
883.7124011626847,381.4967445809393,3.9482636228766372,-263.9598034224937,-275.4359967451839,-1.0752739353854536e-09
884.2124011626847,381.9966622780821,3.9482876677053955,-264.29906780132643,-275.8032863309373,-1.0752741493322773e-09
884.7124011626847,382.4965801907653,3.948311649698331,-264.6383321722702,-276.1705759176921,-1.075273680484002e-09
885.2124011626847,382.99649831814673,3.9483355691015456,-264.9775965353186,-276.5378655054821,-1.075273790965904e-09
885.7124011626847,383.49641665938844,3.9483594261598576,-265.31686089046497,-276.9051550943407,-1.075273736014381e-09
886.2124011626847,383.99633521365695,3.9483832211168104,-265.65612523770295,-277.2724446843016,-1.0752738544575669e-09
886.7124011626847,384.496253980123,3.948406954214681,-265.995389577026,-277.6397342753977,-1.075273850118555e-09
887.2124011626847,384.9961729579618,3.9484306256944874,-266.33465390842764,-278.00702386766227,-1.0752739216266003e-09
887.7124011626847,385.4960921463526,3.948454235795998,-266.6739182319014,-278.37431346112805,-1.0752738924535636e-09
888.2124011626847,385.99601154447913,3.948477784757739,-267.01318254744086,-278.74160305582785,-1.075273827161554e-09
888.7124011626847,386.49593115152913,3.9485012728170004,-267.3524468550398,-279.108892651794,-1.0752737827410886e-09
889.2124011626847,386.9958509666946,3.9485247002098487,-267.6917111546917,-279.4761822490589,-1.0752738674056988e-09
889.7124011626847,387.4957709891718,3.9485480671711306,-268.03097544639036,-279.8434718476548,-1.0752735432139203e-09
890.2124011626847,387.9956912181609,3.9485713739344828,-268.3702397301293,-280.2107614476136,-1.07527354982961e-09
890.7124011626847,388.49561165286644,3.948594620732339,-268.7095040059023,-280.57805104896704,-1.0752737413413305e-09
891.2124011626847,388.9955322924969,3.9486178077959377,-269.0487682737033,-280.9453406517469,-1.0752734676266477e-09
891.7124011626847,389.4954531362648,3.948640935355331,-269.3880325335258,-281.31263025598463,-1.075273822424159e-09
892.2124011626847,389.9953741833868,3.948664003639391,-269.7272967853637,-281.6799198617114,-1.0752736507591335e-09
892.7124011626847,390.49529543308336,3.948687012875817,-270.06656102921085,-282.04720946895856,-1.0752737990356533e-09
893.2124011626847,390.9952168845791,3.9487099632911447,-270.4058252650609,-282.414499077757,-1.07527394338623e-09
893.7124011626847,391.49513853710255,3.948732855110752,-270.7450894929077,-282.78178868813757,-1.0752737682177012e-09
894.2124011626847,391.99506038988613,3.948755688558867,-271.0843537127453,-283.1490783001309,-1.0752735994825117e-09
894.7124011626847,392.4949824421662,3.9487784638585754,-271.4236179245676,-283.5163679137674,-1.0752736409159169e-09
895.2124011626847,392.99490469318295,3.9488011812318278,-271.76288212836835,-283.8836575290774,-1.075273462696539e-09
895.7124011626847,393.4948271421805,3.9488238408994465,-272.10214632414153,-284.2509471460913,-1.0752736716175901e-09
896.2124011626847,393.9947497884067,3.9488464430811336,-272.4414105118811,-284.6182367648389,-1.0752735277660415e-09
896.7124011626847,394.4946726311133,3.9488689879954766,-272.780674691581,-284.9855263853501,-1.075273620718138e-09
897.2124011626847,394.9945956695558,3.9488914758599565,-273.1199388632354,-285.35281600765467,-1.0752733199765884e-09
897.7124011626847,395.4945189029934,3.9489139068909553,-273.4592030268381,-285.72010563178213,-1.0752733923799272e-09
898.2124011626847,395.9944423306891,3.9489362813037614,-273.79846718238326,-286.0873952577618,-1.075273401544072e-09
898.7124011626847,396.4943659519095,3.9489585993125775,-274.1377313298649,-286.45468488562295,-1.0752735021106608e-09
899.2124011626847,396.99428976592515,3.9489808611305275,-274.4769954692771,-286.82197451539474,-1.0752731702988339e-09
899.7124011626847,397.4942137720099,3.9490030669696625,-274.8162596006141,-287.189264147106,-1.0752735043625094e-09
900.2124011626847,397.99413796944157,3.949025217040969,-275.1555237238699,-287.55655378078546,-1.0752736844471138e-09
900.7124011626847,398.4940623575014,3.949047311554374,-275.49478783903857,-287.923843416462,-1.0752735666646055e-09
901.2124011626847,398.9939869354742,3.9490693507187524,-275.83405194611447,-288.2911330541638,-1.075273375145591e-09
901.7124011626847,399.4939117026485,3.9490913347419334,-276.17331604509167,-288.6584226939194,-1.0752733208945285e-09
902.2124011626847,399.99383665831635,3.949113263830707,-276.51258013596447,-289.0257123357569,-1.075273422573423e-09
902.7124011626847,400.49376180177325,3.9491351381908313,-276.851844218727,-289.39300197970437,-1.0752735158536924e-09
903.2124011626847,400.9936871323182,3.9491569580270376,-277.1911082933736,-289.7602916257898,-1.0752732624571983e-09
903.7124011626847,401.4936126492538,3.9491787235430373,-277.5303723598984,-290.12758127404084,-1.075273466595692e-09
904.2124011626847,401.993538351886,3.949200434941529,-277.86963641829595,-290.4948709244851,-1.0752734291833479e-09
904.7124011626847,402.4934642395242,3.949222092424203,-278.20890046856033,-290.86216057715006,-1.0752735853511207e-09
905.2124011626847,402.9933903114813,3.9492436961917505,-278.548164510686,-291.2294502320631,-1.0752735027672505e-09
905.7124011626847,403.49331656707346,3.9492652464438667,-278.8874285446671,-291.5967398892514,-1.0752735997281372e-09
906.2124011626847,403.9932430056204,3.949286743379258,-279.2266925704983,-291.964029548742,-1.0752736103305868e-09
906.7124011626847,404.4931696264451,3.9493081871956495,-279.5659565881738,-292.33131921056184,-1.07527384991202e-09
907.2124011626847,404.9930964288738,3.949329578089789,-279.905220597688,-292.6986088747377,-1.0752737226356195e-09
907.7124011626847,405.4930234122362,3.9493509162574543,-280.2444845990355,-293.0658985412962,-1.075273859919099e-09
908.2124011626847,405.9929505758652,3.9493722018934587,-280.58374859221067,-293.4331882102637,-1.0752739872892066e-09
908.7124011626847,406.49287791909705,3.9493934351916575,-280.92301257720794,-293.80047788166684,-1.0752737578603095e-09
909.2124011626847,406.9928054412712,3.949414616344953,-281.26227655402187,-294.1677675555317,-1.0752738508348568e-09
909.7124011626847,407.49273314173024,3.9494357455453004,-281.6015405226468,-294.5350572318845,-1.0752739084165952e-09
910.2124011626847,407.99266101982016,3.949456822983715,-281.9408044830775,-294.902346910751,-1.0752738126419185e-09
910.7124011626847,408.4925890748901,3.949477848850276,-282.2800684353084,-295.2696365921572,-1.0752741295595137e-09
911.2124011626847,408.99251730629226,3.9494988233341344,-282.619332379334,-295.636926276129,-1.0752739706560699e-09
911.7124011626847,409.4924457133821,3.9495197466235155,-282.95859631514907,-296.0042159626915,-1.0752739670379734e-09
912.2124011626847,409.99237429551823,3.949540618905728,-283.2978602427481,-296.3715056518705,-1.0752741317145857e-09
912.7124011626847,410.4923030520623,3.9495614403671673,-283.63712416212564,-296.7387953436912,-1.0752737429738221e-09
913.2124011626847,410.99223198237917,3.9495822111933228,-283.97638807327644,-297.106085038179,-1.0752739833272024e-09
913.7124011626847,411.49216108583664,3.9496029315687813,-284.3156519761951,-297.4733747353589,-1.075274123896707e-09
914.2124011626847,411.99209036180565,3.9496236016772337,-284.6549158708764,-297.84066443525563,-1.0752740981439403e-09
914.7124011626847,412.4920198096602,3.949644221701481,-284.9941797573149,-298.20795413789415,-1.0752739085614731e-09
915.2124011626847,412.9919494287772,3.949664791823438,-285.3334436355054,-298.5752438432991,-1.0752739712076302e-09
915.7124011626847,413.49187921853684,3.9496853122241413,-285.6727075054426,-298.9425335514953,-1.0752737867756527e-09
916.2124011626847,413.991809178322,3.949705783083751,-286.01197136712136,-299.30982326250694,-1.0752741676925273e-09
916.7124011626847,414.4917393075187,3.949726204581559,-286.3512352205364,-299.6771129763584,-1.075273999367588e-09
917.2124011626847,414.99166960551577,3.949746576895993,-286.69049906568245,-300.04440269307395,-1.0752740799953168e-09
917.7124011626847,415.49160007170514,3.949766900204622,-287.0297629025544,-300.4116924126775,-1.07527404682502e-09
918.2124011626847,415.9915307054816,3.949787174684161,-287.369026731147,-300.7789821351933,-1.0752741380625172e-09
918.7124011626847,416.4914615062428,3.949807400510477,-287.70829055145526,-301.146271860645,-1.0752739939344713e-09
919.2124011626847,416.9913924733893,3.9498275778585934,-288.0475543634738,-301.51356158905656,-1.0752739731561246e-09
919.7124011626847,417.4913236063245,3.9498477069026947,-288.3868181671976,-301.88085132045137,-1.0752740344734865e-09
920.2124011626847,417.9912549044547,3.949867787816132,-288.7260819626216,-302.248141054853,-1.075274071331001e-09
920.7124011626847,418.491186367189,3.949887820771429,-289.06534574974074,-302.61543079228494,-1.0752739775761361e-09
921.2124011626847,418.9911179939393,3.949907805940285,-289.4046095285498,-302.9827205327703,-1.0752738954696442e-09
921.7124011626847,419.4910497841204,3.9499277434935802,-289.74387329904397,-303.35001027633234,-1.075273958359522e-09
922.2124011626847,419.99098173714964,3.949947633601383,-290.083137061218,-303.71730002299404,-1.0752737435876402e-09
922.7124011626847,420.49091385244736,3.949967476432951,-290.4224008150669,-304.0845897727784,-1.075273684318681e-09
923.2124011626847,420.9908461294366,3.9499872721567386,-290.76166456058587,-304.45187952570814,-1.0752738955652465e-09
923.7124011626847,421.4907785675431,3.9500070209404012,-291.10092829776977,-304.819169281806,-1.0752738932913503e-09
924.2124011626847,421.9907111661953,3.9500267229507995,-291.4401920266137,-305.18645904109474,-1.0752738522052306e-09
924.7124011626847,422.4906439248243,3.9500463783540036,-291.7794557471126,-305.55374880359665,-1.0752737630460795e-09
925.2124011626847,422.9905768428641,3.9500659873152992,-292.1187194592617,-305.9210385693342,-1.075273843291726e-09
925.7124011626847,423.490509919751,3.950085549999191,-292.45798316305604,-306.2883283383295,-1.0752737296466957e-09
926.2124011626847,423.9904431549243,3.950105066569409,-292.79724685849055,-306.655618110605,-1.075273914704943e-09
926.7124011626847,424.4903765478258,3.9501245371889095,-293.1365105455606,-307.0229078861826,-1.0752739197314106e-09
927.2124011626847,424.99031009789985,3.950143962019884,-293.47577422426116,-307.39019766508426,-1.0752737783790567e-09
927.7124011626847,425.49024380459355,3.9501633412237602,-293.81503789458765,-307.7574874473317,-1.0752736293753088e-09
928.2124011626847,425.9901776673565,3.9501826749612095,-294.1543015565349,-308.12477723294677,-1.0752736572713317e-09
928.7124011626847,426.49011168564084,3.9502019633921486,-294.4935652100983,-308.49206702195113,-1.0752737136123736e-09
929.2124011626847,426.9900458589014,3.950221206675746,-294.8328288552729,-308.8593568143663,-1.075273758655816e-09
929.7124011626847,427.4899801865954,3.9502404049704247,-295.17209249205405,-309.2266466102137,-1.075274278795155e-09
930.2124011626847,427.98991466818273,3.950259558433868,-295.5113561204371,-309.5939364095146,-1.0752738559685655e-09
930.7124011626847,428.4898493031257,3.9502786672230235,-295.850619740417,-309.9612262122902,-1.0752739196674395e-09
931.2124011626847,428.9897840908892,3.9502977314941066,-296.18988335198924,-310.32851601856174,-1.0752738925389768e-09
931.7124011626847,429.48971903094053,3.9503167514026054,-296.52914695514903,-310.69580582835016,-1.0752739272707857e-09
932.2124011626847,429.9896541227495,3.9503357271032846,-296.86841054989173,-311.06309564167634,-1.0752736637545278e-09
932.7124011626847,430.4895893657884,3.9503546587501908,-297.2076741362126,-311.43038545856115,-1.0752740500938536e-09
933.2124011626847,430.9895247595319,3.9503735464966545,-297.546937714107,-311.79767527902527,-1.075273819720177e-09
933.7124011626847,431.4894603034572,3.950392390495297,-297.88620128357024,-312.1649651030894,-1.0752737097671072e-09
934.2124011626847,431.98939599704374,3.9504111908980315,-298.2254648445977,-312.532254930774,-1.0752740388219457e-09
934.7124011626847,432.48933183977357,3.95042994785607,-298.5647283971847,-312.8995447620995,-1.0752738595851954e-09
935.2124011626847,432.98926783113103,3.950448661519925,-298.9039919413268,-313.2668345970862,-1.075273972396572e-09
935.7124011626847,433.48920397060283,3.950467332039415,-299.24325547701943,-313.63412443575425,-1.075274011694619e-09
936.2124011626847,433.98914025767806,3.9504859595636685,-299.58251900425785,-314.001414278124,-1.0752739964797544e-09
936.7124011626847,434.48907669184814,3.9505045442411277,-299.9217825230375,-314.3687041242154,-1.0752741274695384e-09
937.2124011626847,434.9890132726068,3.9505230862195515,-300.2610460333539,-314.73599397404837,-1.0752741354943654e-09
937.7124011626847,435.48894999945014,3.9505415856460204,-300.6003095352026,-315.10328382764266,-1.0752742133580062e-09
938.2124011626847,435.98888687187656,3.950560042666941,-300.93957302857905,-315.4705736850182,-1.0752741829190914e-09
938.7124011626847,436.4888238893867,3.9505784574280485,-301.2788365134785,-315.8378635461947,-1.0752741376578993e-09
939.2124011626847,436.9887610514836,3.950596830074411,-301.61809998989685,-316.2051534111916,-1.0752739874868222e-09
939.7124011626847,437.48869835767243,3.9506151607504334,-301.95736345782944,-316.5724432800284,-1.075274257052886e-09
940.2124011626847,437.9886358074607,3.9506334495998616,-302.2966269172719,-316.93973315272444,-1.075274144213326e-09
940.7124011626847,438.48857340035806,3.950651696765786,-302.63589036821963,-317.3070230292991,-1.075274251884066e-09
941.2124011626847,438.98851113587654,3.950669902390645,-302.9751538106683,-317.6743129097716,-1.0752741333444256e-09
941.7124011626847,439.4884490135303,3.950688066616228,-303.31441724461354,-318.04160279416107,-1.0752739474718674e-09
942.2124011626847,439.98838703283576,3.950706189583681,-303.65368067005096,-318.4088926824865,-1.075274012289131e-09
942.7124011626847,440.48832519331137,3.9507242714335087,-303.9929440869761,-318.77618257476684,-1.075274132716681e-09
943.2124011626847,440.98826349447796,3.9507423123055787,-304.3322074953846,-319.1434724710209,-1.0752741176838371e-09
943.7124011626847,441.48820193585846,3.9507603123391246,-304.67147089527225,-319.51076237126756,-1.0752740249450913e-09
944.2124011626847,441.98814051697786,3.9507782716727506,-305.01073428663454,-319.8780522755254,-1.075273826443819e-09
944.7124011626847,442.4880792373634,3.950796190444434,-305.3499976694673,-320.245342183813,-1.075273893088567e-09
945.2124011626847,442.98801809654447,3.9508140687915296,-305.6892610437661,-320.61263209614907,-1.075274023540136e-09
945.7124011626847,443.4879570940525,3.9508319068507722,-306.02852440952677,-320.9799220125518,-1.0752741781717199e-09
946.2124011626847,443.98789622942104,3.9508497047582813,-306.36778776674487,-321.34721193303966,-1.0752740038101568e-09
946.7124011626847,444.48783550218576,3.9508674626495637,-306.70705111541633,-321.71450185763086,-1.075273853007286e-09
947.2124011626847,444.9877749118844,3.9508851806595167,-307.04631445553673,-322.0817917863435,-1.0752739863868405e-09
947.7124011626847,445.48771445805676,3.950902858922433,-307.3855777871019,-322.4490817191958,-1.0752741208014192e-09
948.2124011626847,445.98765414024473,3.950920497572002,-307.7248411101077,-322.81637165620566,-1.0752741308366274e-09
948.7124011626847,446.4875939579922,3.9509380967413152,-308.0641044245497,-323.18366159739116,-1.0752739673649972e-09
949.2124011626847,446.9875339108452,3.950955656562868,-308.40336773042395,-323.5509515427699,-1.0752740239043904e-09
949.7124011626847,447.4874739983516,3.950973177168564,-308.74263102772613,-323.91824149235987,-1.0752742376174897e-09
950.2124011626847,447.9874142200615,3.950990658689718,-309.0818943164521,-324.2855314461786,-1.0752743998075183e-09
950.7124011626847,448.48735457552687,3.9510081012570586,-309.42115759659765,-324.6528214042438,-1.0752745223347851e-09
951.2124011626847,448.9872950643017,3.951025505000733,-309.7604208681588,-325.0201113665729,-1.075274185867886e-09
951.7124011626847,449.4872356859419,3.951042870050308,-310.09968413113126,-325.38740133318333,-1.0752741853594301e-09
952.2124011626847,449.98717644000556,3.951060196534776,-310.438947385511,-325.7546913040925,-1.0752740235472537e-09
952.7124011626847,450.48711732605244,3.9510774845825565,-310.7782106312939,-326.1219812793177,-1.0752741904818087e-09
953.2124011626847,450.98705834364443,3.9510947343214986,-311.1174738684758,-326.4892712588761,-1.0752743988941266e-09
953.7124011626847,451.4869994923453,3.9511119458788855,-311.45673709705284,-326.8565612427848,-1.0752744370967444e-09
954.2124011626847,451.9869407717208,3.9511291193814375,-311.7960003170208,-327.22385123106085,-1.0752743687826403e-09
954.7124011626847,452.48688218133856,3.9511462549553147,-312.1352635283756,-327.5911412237212,-1.0752742528347143e-09
955.2124011626847,452.9868237207681,3.95116335272612,-312.47452673111326,-327.95843122078287,-1.0752742099474233e-09
955.7124011626847,453.4867653895808,3.951180412818903,-312.81378992522974,-328.3257212222627,-1.0752742881023261e-09
956.2124011626847,453.98670718735,3.951197435358161,-313.153053110721,-328.6930112281772,-1.0752744656626243e-09
956.7124011626847,454.48664911365097,3.951214420467845,-313.49231628758315,-329.0603012385433,-1.0752745896456428e-09
957.2124011626847,454.98659116806067,3.9512313682713605,-313.8315794558122,-329.4275912533773,-1.075274445634966e-09
957.7124011626847,455.486533350158,3.951248278891571,-314.170842615404,-329.794881272696,-1.0752745238125836e-09
958.2124011626847,455.98647565952376,3.951265152450801,-314.5101057663548,-330.1621712965157,-1.075274664300778e-09
958.7124011626847,456.4864180957405,3.95128198907084,-314.84936890866044,-330.52946132485283,-1.0752746476618369e-09
959.2124011626847,456.9863606583926,3.951298788872944,-315.1886320423172,-330.89675135772376,-1.0752743214971592e-09
959.7124011626847,457.4863033470663,3.951315551977838,-315.52789516732105,-331.26404139514455,-1.075274457502335e-09
960.2124011626847,457.98624616134964,3.9513322785057206,-315.8671582836681,-331.63133143713145,-1.075274276080093e-09
960.7124011626847,458.4861891008324,3.9513489685762666,-316.20642139135447,-331.99862148370045,-1.0752743498208636e-09
961.2124011626847,458.9861321651062,3.9513656223086286,-316.5456844903763,-332.3659115348677,-1.0752742717868736e-09
961.7124011626847,459.4860753537644,3.9513822398214407,-316.8849475807298,-332.73320159064895,-1.0752742396907174e-09
962.2124011626847,459.9860186664022,3.9513988212328215,-317.2242106624108,-333.1004916510603,-1.0752743831929755e-09
962.7124011626847,460.4859621026164,3.951415366660376,-317.56347373541587,-333.4677817161174,-1.0752743003670946e-09
963.2124011626847,460.9859056620057,3.9514318762212,-317.9027367997409,-333.83507178583596,-1.0752742363257473e-09
963.7124011626847,461.4858493441704,3.9514483500318804,-318.24199985538223,-334.2023618602317,-1.0752742535062377e-09
964.2124011626847,461.9857931487127,3.9514647882085008,-318.58126290233594,-334.5696519393202,-1.0752742961665726e-09
964.7124011626847,462.48573707523633,3.951481190866642,-318.9205259405982,-334.93694202311696,-1.0752741391106448e-09
965.2124011626847,462.98568112334686,3.9514975581213854,-319.2597889701654,-335.3042321116375,-1.0752738415908322e-09
965.7124011626847,463.4856252926515,3.9515138900873166,-319.5990519910336,-335.6715222048971,-1.0752740119567861e-09
966.2124011626847,463.9855695827592,3.951530186878527,-319.938315003199,-336.03881230291125,-1.0752740830797824e-09
966.7124011626847,464.4855139932805,3.951546448608616,-320.277578006658,-336.40610240569515,-1.075274048714549e-09
967.2124011626847,464.9854585238277,3.9515626753906954,-320.61684100140684,-336.77339251326384,-1.0752740083724692e-09
967.7124011626847,465.48540317401466,3.9515788673373904,-320.9561039874417,-337.14068262563256,-1.0752741627953598e-09
968.2124011626847,465.9853479434571,3.951595024560843,-321.2953669647589,-337.5079727428163,-1.0752739612890822e-09
968.7124011626847,466.48529283177214,3.9516111471727142,-321.63462993335486,-337.8752628648301,-1.075274025964888e-09
969.2124011626847,466.9852378385787,3.9516272352841875,-321.97389289322575,-338.2425529916889,-1.0752739132056605e-09
969.7124011626847,467.48518296349727,3.95164328900597,-322.313155844368,-338.6098431234076,-1.0752741221998867e-09
970.2124011626847,467.9851282061499,3.951659308448296,-322.65241878677773,-338.9771332600008,-1.0752742107139025e-09
970.7124011626847,468.4850735661604,3.951675293720929,-322.9916817204516,-339.3444234014834,-1.0752741555119375e-09
971.2124011626847,468.98501904315407,3.951691244933165,-323.3309446453856,-339.7117135478701,-1.0752741333775546e-09
971.7124011626847,469.4849646367578,3.9517071621938338,-323.67020756157643,-340.0790036991754,-1.0752744127610684e-09
972.2124011626847,469.9849103466001,3.951723045611302,-324.0094704690202,-340.44629385541396,-1.075274161354936e-09
972.7124011626847,470.484856172311,3.951738895293476,-324.34873336771346,-340.81358401660003,-1.0752742420028125e-09
973.2124011626847,470.9848021135223,3.9517547113478035,-324.6879962576527,-341.1808741827482,-1.075274220556319e-09
973.7124011626847,471.48474816986703,3.951770493881277,-325.0272591388342,-341.5481643538727,-1.0752741578953724e-09
974.2124011626847,471.98469434098,3.9517862430004356,-325.36652201125423,-341.91545452998804,-1.0752743021225215e-09
974.7124011626847,472.48464062649754,3.951801958811367,-325.7057848749094,-342.28274471110836,-1.075274131373402e-09
975.2124011626847,472.98458702605745,3.95181764141971,-326.0450477297963,-342.65003489724756,-1.0752742685884156e-09
975.7124011626847,473.48453353929915,3.9518332909306584,-326.38431057591106,-343.0173250884202,-1.0752743803231485e-09
976.2124011626847,473.9844801658635,3.951848907448961,-326.72357341325045,-343.38461528463995,-1.0752743271335342e-09
976.7124011626847,474.48442690539287,3.9518644910789256,-327.06283624181077,-343.75190548592104,-1.075274155635558e-09
977.2124011626847,474.98437375753116,3.951880041924421,-327.40209906158856,-344.1191956922773,-1.0752742728025567e-09
977.7124011626847,475.4843207219237,3.9518955600888783,-327.7413618725803,-344.48648590372255,-1.075274438146256e-09
978.2124011626847,475.9842677982175,3.951911045675295,-328.0806246747824,-344.8537761202707,-1.07527441696291e-09
978.7124011626847,476.4842149860608,3.9519264987862357,-328.4198874681916,-345.2210663419354,-1.0752744239474723e-09
979.2124011626847,476.9841622851035,3.951941919523835,-328.75915025280426,-345.5883565687305,-1.0752744885572695e-09
979.7124011626847,477.48410969499685,3.9519573079897996,-329.09841302861696,-345.9556468006695,-1.0752743753224215e-09
980.2124011626847,477.9840572153936,3.9519726642854107,-329.43767579562643,-346.32293703776594,-1.0752743737379398e-09
980.7124011626847,478.48400484594794,3.9519879885115268,-329.776938553829,-346.6902272800334,-1.0752743325072459e-09
981.2124011626847,478.9839525863155,3.9520032807685843,-330.11620130322126,-347.05751752748546,-1.0752744436654562e-09
981.7124011626847,479.4839004361535,3.952018541156601,-330.45546404379996,-347.4248077801353,-1.0752743843718142e-09
982.2124011626847,479.9838483951202,3.9520337697751784,-330.79472677556157,-347.79209803799637,-1.0752746774008987e-09
982.7124011626847,480.4837964628757,3.952048966723503,-331.13398949850273,-348.1593883010821,-1.0752747470516787e-09
983.2124011626847,480.9837446390813,3.952064132100349,-331.47325221261997,-348.5266785694056,-1.0752745284319175e-09
983.7124011626847,481.48369292339964,3.95207926600408,-331.81251491791,-348.8939688429801,-1.0752745283277184e-09
984.2124011626847,481.98364131549494,3.9520943685326517,-332.1517776143695,-349.2612591218186,-1.0752745870855577e-09
984.7124011626847,482.48358981503264,3.952109439783614,-332.491040301995,-349.6285494059343,-1.0752744679013741e-09
985.2124011626847,482.9835384216797,3.9521244798541124,-332.83030298078324,-349.9958396953401,-1.0752744972086554e-09
985.7124011626847,483.48348713510444,3.9521394888408907,-333.1695656507309,-350.36312999004906,-1.0752745148260575e-09
986.2124011626847,483.9834359549764,3.9521544668402933,-333.5088283118345,-350.7304202900741,-1.0752743637753532e-09
986.7124011626847,484.4833848809667,3.9521694139482664,-333.8480909640909,-351.0977105954281,-1.0752745894651422e-09
987.2124011626847,484.98333391274764,3.9521843302603608,-334.1873536074966,-351.4650009061239,-1.0752744075375139e-09
987.7124011626847,485.4832830499929,3.952199215871733,-334.5266162420486,-351.8322912221741,-1.0752744328464177e-09
988.2124011626847,485.9832322923776,3.952214070877149,-334.8658788677434,-352.1995815435913,-1.0752745002981322e-09
988.7124011626847,486.48318163957805,3.9522288953709848,-335.2051414845778,-352.5668718703884,-1.0752743729797035e-09
989.2124011626847,486.983131091272,3.9522436894472284,-335.5444040925484,-352.93416220257797,-1.075274341684851e-09
989.7124011626847,487.48308064713854,3.9522584531994824,-335.8836666916521,-353.30145254017253,-1.0752745379166322e-09
990.2124011626847,487.9830303068579,3.952273186720966,-336.2229292818855,-353.6687428831844,-1.075274500098519e-09
990.7124011626847,488.4829800701118,3.952287890104517,-336.5621918632455,-354.0360332316262,-1.0752745072133666e-09
991.2124011626847,488.98292993658316,3.952302563442592,-336.9014544357289,-354.4033235855103,-1.0752742500198392e-09
991.7124011626847,489.4828799059562,3.9523172068272716,-337.2407169993325,-354.7706139448487,-1.0752742862936694e-09
992.2124011626847,489.98282997791654,3.9523318203502598,-337.57997955405295,-355.1379043096541,-1.0752745149242974e-09
992.7124011626847,490.4827801521509,3.9523464041028866,-337.91924209988713,-355.50519467993865,-1.0752744839857276e-09
993.2124011626847,490.9827304283474,3.95236095817611,-338.25850463683184,-355.87248505571444,-1.075274592400735e-09
993.7124011626847,491.4826808061954,3.952375482660518,-338.5977671648839,-356.2397754369935,-1.0752745315554468e-09
994.2124011626847,491.9826312853855,3.9523899776463307,-338.9370296840402,-356.60706582378816,-1.0752746193784055e-09
994.7124011626847,492.4825818656095,3.952404443223401,-339.27629219429747,-356.9743562161103,-1.0752745482121278e-09
995.2124011626847,492.9825325465606,3.952418879481218,-339.61555469565263,-357.34164661397205,-1.0752743564910307e-09
995.7124011626847,493.4824833279331,3.952433286508907,-339.9548171881026,-357.70893701738504,-1.0752744149544692e-09
996.2124011626847,493.9824342094226,3.9524476643952338,-340.2940796716441,-358.07622742636136,-1.0752743487532956e-09
996.7124011626847,494.48238519072595,3.952462013228605,-340.633342146274,-358.44351784091293,-1.0752745851093e-09
997.2124011626847,494.98233627154116,3.9524763330970694,-340.97260461198925,-358.81080826105153,-1.0752743573567517e-09
997.7124011626847,495.4822874515675,3.95249062408832,-341.3118670687869,-359.17809868678876,-1.075274480044829e-09
998.2124011626847,495.98223873050546,3.952504886289698,-341.65112951666356,-359.54538911813637,-1.0752743227343917e-09
998.7124011626847,496.48219010805667,3.95251911978819,-341.9903919556165,-359.9126795551059,-1.0752745512839296e-09
999.2124011626847,496.98214158392403,3.9525333246704357,-342.3296543856422,-360.27996999770926,-1.0752743505565344e-09
999.7124011626847,497.48209315781156,3.952547501022724,-342.66891680673785,-360.64726044595767,-1.0752742500932574e-09
1000.2124011626847,497.9820448294245,3.952561648930998,-343.0081792189004,-361.0145508998629,-1.0752743241999512e-09
1000.7124011626847,498.4819965984694,3.9525757684808567,-343.3474416221267,-361.3818413594362,-1.0752741479348204e-09
1001.2124011626847,498.9819484646537,3.952589859757555,-343.68670401641384,-361.7491318246891,-1.0752740447335646e-09
1001.7124011626847,499.48190042768636,3.952603922846007,-344.02596640175875,-362.1164222956329,-1.075274265136292e-09
1002.2124011626847,499.98185248727714,3.952617957830787,-344.3652287781582,-362.4837127722791,-1.0752743853571226e-09
1002.7124011626847,500.48180464313725,3.9526319647961317,-344.70449114560944,-362.8510032546387,-1.0752744127620292e-09
1003.2124011626847,500.9817568949789,3.9526459438259405,-345.0437535041093,-363.21829374272323,-1.0752744122226913e-09
1003.7124011626847,501.4817092425155,3.952659895003779,-345.38301585365497,-363.58558423654364,-1.075274503824328e-09
1004.2124011626847,501.9816616854615,3.9526738184128796,-345.72227819424324,-363.95287473611114,-1.0752745095224076e-09
1004.7124011626847,502.48161422353263,3.9526877141361436,-346.0615405258713,-364.32016524143677,-1.0752743712622927e-09
1005.2124011626847,502.9815668564457,3.9527015822561427,-346.40080284853605,-364.6874557525318,-1.0752743767075009e-09
1005.7124011626847,503.48151958391855,3.9527154228551202,-346.74006516223454,-365.05474626940696,-1.0752744027720771e-09
1006.2124011626847,503.98147240567033,3.9527292360149935,-347.07932746696395,-365.4220367920734,-1.0752745552595822e-09
1006.7124011626847,504.4814253214211,3.952743021817355,-347.4185897627211,-365.78932732054204,-1.0752745974705383e-09
1007.2124011626847,504.98137833089214,3.9527567803434738,-347.7578520495033,-366.1566178548237,-1.0752745216261885e-09
1007.2310245802342,504.99999999999994,3.952757292279193,-347.7704884957809,-366.1702982649,-1.0752745074949306e-09
