tau,r,phi,X,Y,H
0.0,500.0,0.0,500.0,0.0,-2.0593384277889398e-16
0.004394357933625373,499.99560592498443,1.3325345737454854e-07,499.99560592498,6.662614316158629e-05,-3.0891859600877645e-16
0.0483379372698791,499.9516651752377,1.4659000642234907e-06,499.9516651747005,0.0007328791780887596,2.0606465742539983e-16
0.4877737306324164,499.51225771870804,1.4803581952354953e-05,499.512257663975,0.007394570643074661,-0.0
0.9877737306324164,499.01229005170325,3.0004356275786433e-05,499.0122898270825,0.014972542534460849,1.0431401306962925e-16
1.4877737306324164,498.51232248152917,4.5231678139471784e-05,498.5123219715748,0.022548548911356395,3.1501319122273473e-16
1.9877737306324164,498.012355008477,6.048563876544888e-05,498.0123540974848,0.03012259538740591,-0.0
2.4877737306324166,497.5123876328391,7.57663296831734e-05,497.51238620484503,0.03769468754678783,1.064025776652617e-16
2.9877737306324166,497.0124203549089,9.107384273148177e-05,497.0124182936878,0.04526483094442164,-3.2133145392205803e-16
3.4877737306324166,496.51245317498115,0.00010640827006056235,496.51245036404543,0.05283303110617344,-3.234730319472411e-16
3.9877737306324166,496.0124860933517,0.00012176970413393479,496.0124824159496,0.06039929352905949,4.3417684950376016e-16
4.487773730632417,495.51251911031767,0.00013715823773043773,495.5125144494323,0.06796362368144807,5.463507355792034e-16
4.987773730632417,495.01255222617726,0.00015257396394622498,495.0125464645246,0.07552602700325953,1.100022061129626e-16
5.487773730632417,494.51258544122993,0.00016801697619677025,494.51257846125793,0.08308650890616452,4.4296179160682686e-16
5.987773730632417,494.01261875577643,0.00018348736821888044,494.01261043966326,0.09064507477378064,4.459397265896224e-16
6.487773730632417,493.5126521701186,0.00019898523407271774,493.5126423997715,0.09820172996186718,6.734143029227824e-16
6.987773730632417,493.0126856845596,0.00021451066814383063,493.012674341613,0.10575647979851822,3.389785946117818e-16
7.487773730632417,492.5127192994037,0.00023006376514519365,492.5127062652182,0.11330932958435411,1.1375643590115262e-16
7.987773730632417,492.01275301495656,0.0002456446201192563,492.0127381706171,0.12086028459271109,-3.4357947603072477e-16
8.487773730632416,491.512786831525,0.00026125332844000114,491.5127700578398,0.12840935006982965,-6.918185737914595e-16
8.987773730632416,491.012820749417,0.000276889985815011,491.0128019269159,0.1359565312350406,-6.965178592647594e-16
9.487773730632416,490.51285476894196,0.00029255468828754566,490.5128337778748,0.14350183328095026,-0.0
9.987773730632416,490.01288889041047,0.00030824753223862773,490.01286561074573,0.1510452613736235,-1.1767282612023835e-16
10.487773730632416,489.51292311413437,0.0003239686143891385,489.51289742555787,0.15858682065276547,-2.3695251559909226e-16
10.987773730632416,489.01295744042676,0.00033971803180192305,489.01292922233995,0.1661265162319017,1.1928655948357913e-16
11.487773730632416,488.51299186960205,0.0003554958818839051,488.5129610011206,0.17366435319855644,-1.2010379779317153e-16
11.987773730632416,488.01302640197594,0.000371302262388212,488.0129927619281,0.18120033661442994,2.4185608015295275e-16
12.487773730632416,487.51306103786544,0.00038713727141630964,487.5130245047908,0.18873447151557374,2.4351870883539424e-16
12.987773730632416,487.01309577758883,0.0004030010074201469,487.0130562297367,0.1962667629125647,-2.451956192918661e-16
13.487773730632416,486.5131306214657,0.000418893569204311,486.5130879367935,0.20379721579067733,-6.172173767207083e-16
13.987773730632416,486.01316556981686,0.0004348150559281927,486.01311962598874,0.21132583511005515,2.485928437164369e-16
14.487773730632416,485.51320062296463,0.00045076556710816175,485.5131512973498,0.21885262580587972,-2.5031344061239493e-16
14.987773730632416,485.01323578123254,0.00046674520261975324,485.01318295090385,0.22637759278853933,-0.0
15.487773730632416,484.51327104494544,0.0004827540626998642,484.51321458667786,0.23390074094379512,-0.0
15.987773730632416,484.01330641442956,0.0004987922479489609,484.01324620469853,0.24142207513294678,-1.2778245021256291e-16
16.487773730632416,483.5133418900125,0.0005148598593332973,483.5132778049924,0.24894160019299613,-2.573457666961739e-16
16.987773730632416,483.0133774720232,0.0005309569981871439,483.013309387586,0.2564593209368097,-3.88713107761017e-16
17.487773730632416,482.51341316079186,0.0005470837662150277,482.5133409525052,0.2639752421532798,-2.609539677605928e-16
17.987773730632416,482.01344895665017,0.0005632402654939839,482.0133724997761,0.2714893686074843,-2.627816080379405e-16
18.487773730632416,481.51348485993117,0.000579426598475818,481.51340402942446,0.2790017050408452,-1.3231257397762611e-16
18.987773730632416,481.0135208709693,0.0005956428679893797,481.01343554147576,0.2865122561712852,2.664847445162821e-16
19.487773730632416,480.51355699010026,0.000611889177242848,480.5134670359554,0.29402102669338404,-0.0
19.987773730632416,480.0135932176613,0.0006281656298260284,480.01349851288853,0.30152802127853257,-0.0
20.487773730632416,479.51362955399105,0.000644472329712661,479.51352997230003,0.3090332445750861,4.0824220554044935e-16
20.987773730632416,479.0136659994295,0.0006608093812627409,479.01356141421485,0.3165367012085163,-0.0
21.487773730632416,478.5137025543181,0.0006771768892248506,478.5135928386575,0.32403839578156163,-2.760291952624921e-16
21.987773730632416,478.01373921899966,0.0006935749587385037,478.01362424565224,0.3315383328743769,1.3899426391669835e-16
22.487773730632416,477.51377599381846,0.0007100036953365018,477.5136556352234,0.3390365170446814,1.3998253303370761e-16
22.987773730632416,477.0138128791202,0.0007264632049473025,477.01368700739494,0.3465329528279057,1.4097949075886274e-16
23.487773730632416,476.51384987525216,0.000742953593897401,476.5137183621906,0.35402764473733733,5.679408953161072e-16
23.987773730632416,476.0138869825629,0.0007594749689137228,476.0137496996341,0.3615205972642656,4.2899945985950266e-16
24.487773730632416,475.5139242014025,0.0007760274371260302,475.5137810197488,0.36901181487812446,2.8804673564868955e-16
24.987773730632416,475.0139615321226,0.0007926111060693407,475.01381232255807,0.37650130202663484,-0.0
25.487773730632416,474.5139989750762,0.0008092260836863588,474.51384360808487,0.38398906313594555,4.3829303572073543e-16
25.987773730632416,474.0140365306179,0.00082587247832992,474.0138748763521,0.39147510261077323,1.471486238683931e-16
26.487773730632416,473.5140741991036,0.0008425503987654492,473.5139061273824,0.3989594248345409,-1.482088857688906e-16
26.987773730632416,473.01411198089096,0.0008592599541734306,473.0139373611984,0.4064420341695154,-4.478356742224908e-16
27.487773730632416,472.51414987633893,0.0008760012541518922,472.5139685778223,0.41392293495694404,-1.5035773564280664e-16
27.987773730632416,472.0141878858081,0.0008927744087189031,472.0139997772762,0.4214021315171896,-1.5144651440608688e-16
28.487773730632416,471.51422600966055,0.0009095795283150845,471.51403095958216,0.4288796281498648,-3.050899827625868e-16
28.987773730632416,471.0142642482599,0.0009264167238061347,471.0140621247619,0.43635542913396524,-1.5365326468526794e-16
29.487773730632416,470.51430260197134,0.0009432861064853674,470.51409327283704,0.4438295387280015,-1.5477143354812047e-16
29.987773730632416,470.01434107116154,0.0009601877880762641,470.014124403829,0.45130196117013033,-1.5589959832713129e-16
30.487773730632416,469.51437965619886,0.0009771218807350407,469.514155517759,0.4587727006782841,-6.281514420833683e-16
30.987773730632416,469.01441835745305,0.0009940884970532282,469.014186614648,0.4662417614502997,-1.5818632278334063e-16
31.487773730632416,468.51445717529555,0.0010110877500602675,468.51421769451696,0.47370914766404715,1.5934508893873991e-16
31.987773730632416,468.0144961100994,0.0010281197532261191,468.01424875738667,0.4811748634775556,-0.0
32.48777373063241,467.51453516223916,0.0010451846204638866,467.5142798032775,0.488638913029139,-6.467758166523434e-16
32.98777373063241,467.01457433209106,0.0010622824661324565,467.01431083220984,0.49610130043752176,-3.257685337269826e-16
33.48777373063241,466.5146136200329,0.0010794134050391502,466.51434184420384,0.5035620298019617,-4.922559322502641e-16
33.98777373063241,466.014653026444,0.0010965775524423935,466.01437283927953,0.5110211052023734,-1.6529719572134642e-16
34.48777373063241,465.5146925517056,0.0011137750240544,465.51440381745675,0.5184785306994498,-4.995600988107114e-16
34.98777373063241,465.0147321962002,0.0011310059360438694,465.01443477875506,0.5259343103347826,-5.032618045004865e-16
35.48777373063241,464.51477196031226,0.0011482704050387025,464.5144657231939,0.5333884481309832,-1.6899901514110374e-16
35.98777373063241,464.0148118444277,0.00116556854812873,464.0144966507927,0.5408409480918007,-3.4051077779866125e-16
36.48777373063241,463.5148518489342,0.0011829004828684583,463.5145275615705,0.5482918142022405,-1.7152317247399702e-16
36.98777373063241,463.0148919742211,0.0012002663272798304,463.0145584555463,0.555741050428681,-3.4560496714794196e-16
37.48777373063241,462.5149322206793,0.0012176661998550028,462.5145893327388,0.5631886607189901,-1.7409344126822987e-16
37.98777373063241,462.01497258870165,0.001235100219559139,462.0146201931667,0.57063464900264,-1.7539616600315901e-16
38.48777373063241,461.5150130786824,0.0012525685058332172,461.51465103684836,0.5780790191908219,-1.7671077962009003e-16
38.98777373063241,461.01505369101767,0.001270071178596858,461.01468186380214,0.5855217751765595,-0.0
39.48777373063241,460.5150944261053,0.0012876083582511648,460.51471267404605,0.592962920834821,-0.0
39.98777373063241,460.0151352843448,0.001305180165681583,460.01474346759807,0.6004024600226318,-0.0
40.48777373063241,459.51517626613753,0.0013227867222607753,459.514774244476,0.6078403965791842,1.8209060956036903e-16
40.98777373063241,459.0152173718864,0.0013404281498515139,459.0148050046974,0.6152767343259478,-0.0
41.48777373063241,458.51525860199627,0.0013581045708095899,458.51483574827967,0.6227114770667787,9.242756562757451e-17
41.98777373063241,458.0152999568736,0.00137581610798674,458.01486647524007,0.630144628588028,-0.0
42.48777373063241,457.51534143692675,0.00139356288473359,457.5148971855957,0.6375761926586483,2.8150617587269203e-16
42.98777373063241,457.0153830425658,0.0014113450249026171,457.0149278793636,0.6450061730303013,6.618434182430171e-16
43.48777373063241,456.51542477420264,0.0014291626528511274,456.5149585565604,0.6524345734374628,1.905386431359212e-16
43.98777373063241,456.015466632251,0.001447015893444254,456.01498921720275,0.659861397597528,8.639662196007243e-16
44.48777373063241,455.51550861712633,0.0014649048720579716,455.5150198613072,0.667286649210916,9.672990493265402e-17
44.98777373063241,455.01555072924594,0.0014828297145821289,455.01505048888976,0.6747103319611716,5.848222040574382e-16
45.48777373063241,454.51559296902906,0.0015007905474235005,454.51508109996684,0.6821324495150701,6.875239387161085e-16
45.98777373063241,454.01563533689665,0.0015187874975088561,454.01511169455415,0.6895530055227173,2.9691597605727436e-16
46.48777373063241,453.5156778332716,0.0015368206922880487,453.5151422726676,0.6969720036176511,5.983998011147077e-16
46.98777373063241,453.0157204585786,0.0015548902597371213,453.0151728343228,0.7043894474169418,-0.0
47.48777373063241,452.5157632132442,0.0015729963283614334,452.5152033795352,0.7118053405212912,-0.0
47.98777373063241,452.01580609769695,0.0015911390271988054,452.01523390832006,0.7192196865151316,2.0412020321730157e-16
48.48777373063241,451.5158491123672,0.0016093184858226829,451.5152644206926,0.7266324889667238,6.171014866643676e-16
48.98777373063241,451.01589225768726,0.00162753483434532,451.0152949166677,0.734043751428254,6.218867744728699e-16
49.48777373063241,450.5159355340912,0.0016457882034209828,450.51532539626027,0.7414534774359302,6.267169455851222e-16
49.98777373063241,450.0159789420153,0.0016640787242491717,450.0153558594849,0.7488616705100782,6.315924781300271e-16
50.48777373063241,449.5160224818975,0.001682406528577865,449.51538630635605,0.756268334155237,6.365138559312801e-16
50.98777373063241,449.01606615417785,0.0017007717487067804,449.0154167368882,0.7636734718602518,4.2765437905468496e-16
51.48777373063241,448.5161099592983,0.0017191745174906588,448.5154471510955,0.7710770870983692,8.619948153607825e-16
51.98777373063241,448.0161538977028,0.001737614968342568,448.0154775489919,0.7784791833273286,9.77336979160886e-16
52.48777373063241,447.5161979698372,0.0017560932352372258,447.51550793059124,0.7858797639894555,5.472230830851862e-16
52.98777373063241,447.01624217614943,0.0017746094527143453,447.01553829590733,0.7932788325117522,5.515214714538211e-16
53.48777373063241,446.5162865170894,0.0017931637558820008,446.5155686449536,0.8006763923059899,4.4468846922168e-16
53.98777373063241,446.016330993109,0.0018117562804200141,446.01559897774354,0.8080724467687967,4.481926932030629e-16
54.48777373063241,445.51637560466224,0.0018303871625833627,445.51562929429036,0.8154669992817493,7.905278567926322e-16
54.98777373063241,445.01642035220505,0.0018490565392056096,445.0156595946072,0.8228600532114599,7.967773805290911e-16
55.48777373063241,444.5164652361954,0.0018677645477023542,444.51568987870684,0.830251611909666,1.0325396831366798e-15
55.98777373063241,444.0165102570935,0.0018865113260747057,444.0157201466021,0.8376416787133167,5.781825853100707e-16
56.48777373063241,443.5165554153614,0.0019052970129127779,443.51575039830567,0.8450302569446602,8.158856295313478e-16
56.98777373063241,443.01660071146335,0.0019241217473992065,443.01578063382993,0.8524173499113296,7.048946654918522e-16
57.48777373063241,442.5166461458657,0.0019429856693126892,442.5158108531872,0.8598029609064286,8.289307272768787e-16
57.98777373063241,442.01669171903694,0.0019618889190315472,442.01584105638966,0.8671870932086168,7.1618327781108615e-16
58.48777373063241,441.51673743144755,0.0019808316375373113,441.5158712434492,0.8745697500821935,6.015907741091539e-16
58.98777373063241,441.01678328357025,0.0019998139664183286,441.0159014143778,0.8819509347771816,7.276895982930885e-16
59.48777373063241,440.51682927587984,0.002018836047873395,440.51593156918705,0.8893306505294102,6.1127157174626035e-16
59.98777373063241,440.0168754088533,0.0020378980247154088,440.0159617078885,0.8967089005605986,4.929455998995661e-16
60.48777373063241,439.5169216829698,0.00205700004037505,439.5159918304935,0.9040856880784361,7.453677544767232e-16
60.98777373063241,439.0169680987106,0.0020761422389044804,439.0160219370132,0.9114610162766648,2.504581908034284e-16
61.48777373063241,438.5170146565593,0.0020953247649810715,438.5160520274589,0.9188348883351599,7.574394836941545e-16
61.98777373063241,438.0170613570016,0.002114547763911153,438.0160821018413,0.9262073074200093,2.545210420287835e-16
62.48777373063241,437.5171082005254,0.0021338113816337886,437.51611216017125,0.9335782766835938,8.98037169356505e-16
62.98777373063241,437.01715518762086,0.002153115764724573,437.0161422024593,0.9409477992646658,9.05320726826124e-16
63.48777373063241,436.51720231878045,0.0021724610603994572,436.5161722287161,0.948315878288427,6.519107794956626e-16
63.98777373063241,436.01724959449876,0.002191847416518598,436.0162022389517,0.9556825168666075,3.9432901887411663e-16
64.48777373063241,435.51729701527273,0.00221127498159023,435.5162322331763,0.9630477180975426,3.975425897000374e-16
64.98777373063241,435.0173445816016,0.0022307439047745668,435.0162622114001,0.9704114850662484,8.015750466285657e-16
65.48777373063241,434.51739229398686,0.002250254335887724,434.5162921736327,0.9777738208444995,6.734402784885799e-16
65.98777373063241,434.0174401529323,0.0022698064254056726,434.01632211988397,0.9851347284909034,8.147457454153411e-16
66.48777373063241,433.51748815894405,0.0022894003244682145,433.5163520501634,0.9924942110509767,2.7380933078803904e-16
66.98777373063241,433.0175363125305,0.0023090361848829865,433.01638196448033,0.9998522715572183,5.521171972706397e-16
67.48777373063241,432.5175846142026,0.002328714159129489,432.5164118628441,1.0072089130291846,8.349898858594725e-16
67.98777373063241,432.0176330644734,0.002348434400363145,432.01644174526376,1.0145641384735624,7.01559167592219e-16
68.48777373063241,431.51768166385847,0.0023681970624193803,431.5164716117483,1.0219179508842413,1.4146998162281526e-16
68.98777373063241,431.0177304128757,0.0023880022998177377,431.0165014623064,1.0292703532423875,5.705582060884515e-16
69.48777373063241,430.5177793120455,0.002407850267766013,430.5165312969467,1.0366213485165143,5.752826840915822e-16
69.98777373063241,430.0178283618905,0.0024277411221644216,430.0165611156778,1.0439709396625547,4.3504040858237533e-16
70.48777373063241,429.517877562936,0.0024476750196097924,429.51659091850803,1.051319129623931,4.3865423416726326e-16
70.98777373063241,429.01792691570955,0.0024676521173997894,429.0166207054455,1.0586659213316263,2.9486925853528615e-16
71.48777373063241,428.5179764207412,0.002487672573537163,428.51665047649834,1.0660113177042534,5.946530299418918e-16
71.98777373063241,428.0180260785635,0.002507736546734028,428.0166802316743,1.073355321648126,4.497122961510111e-16
72.48777373063241,427.5180758897115,0.0025278441964161715,427.5167099709813,1.0806979360573254,4.53471872036016e-16
72.98777373063241,427.0181258547227,0.002547995682727391,427.01673969442675,1.0880391638137705,7.621148640960434e-16
73.48777373063241,426.5181759741372,0.0025681911665338597,426.5167694020182,1.0953790077872851,6.14805145374442e-16
73.98777373063241,426.0182262484975,0.002588430809428522,426.0167990937629,1.1027174708356648,4.649771227124229e-16
74.48777373063241,425.5182766783488,0.002608714773735521,425.516828769668,1.110054555804746,7.814819064584944e-16
74.98777373063241,425.01832726423874,0.0026290432225146527,425.01685842974047,1.1173902655284706,7.880672706377989e-16
75.48777373063241,424.51837800671757,0.002649416319565854,424.51688807398716,1.1247246028289521,4.768312236664928e-16
75.98777373063241,424.01842890633816,0.0026698342294337193,424.0169177024148,1.1320575705165425,8.014369646714622e-17
76.48777373063241,423.5184799636559,0.0026902971174120466,423.5169473150298,1.1393891713898967,1.6164456153062984e-16
76.98777373063241,423.01853117922894,0.0027108051495484194,423.0169769118387,1.1467194082360366,4.0753850303099754e-16
77.48777373063241,422.51858255361793,0.0027313584926488155,422.5170064928476,1.1540482838304171,4.932002044271911e-16
77.98777373063241,422.01863408738626,0.0027519573142822493,422.01703605806273,1.1613758009369881,5.802955216535538e-16
78.48777373063241,421.5186857811,0.002772601782785447,421.51706560748994,1.1687019623082595,5.852403142993752e-16
78.98777373063241,421.01873763532774,0.002793292067267552,421.01709514113503,1.1760267706853622,9.275124322899038e-16
79.48777373063241,420.518789650641,0.0028140283376148646,420.5171246590037,1.183350228798113,3.401604036092535e-16
79.98777373063241,420.01884182761387,0.0028348107644956136,420.01715416110136,1.1906723393650744,6.861456720715183e-16
80.48777373063241,419.5188941668232,0.0028556395193647614,419.5171836474334,1.197993105093618,7.785334854721565e-16
80.98777373063241,419.0189466688486,0.0028765147744688416,419.017213118005,1.205312528679985,5.2348032625624e-16
81.48777373063241,418.51899933427245,0.0028974367028508324,418.51724257282115,1.212630612809347,6.159810772696725e-16
81.98777373063241,418.0190521636799,0.0029184054783550615,418.0172720118868,1.219947360155867,6.212887470319063e-16
82.48777373063241,417.5191051576588,0.0029394212756321462,417.5173014352067,1.2272627733827584,5.371291520094973e-16
82.98777373063241,417.0191583168001,0.0029604842701439686,417.0173308427854,1.2345768551423457,5.417721402625574e-16
83.48777373063241,416.5192116416972,0.0029815946381686847,416.5173602346273,1.2418896080761226,5.464627224034496e-16
83.98777373063241,416.01926513294666,0.0030027525568057704,416.0173896107368,1.249201034814812,4.593345428285099e-16
84.48777373063241,415.5193187911477,0.0030239582039811,415.517418971118,1.256511137978424,3.7065925823779027e-16
84.98777373063241,415.0193726169026,0.0030452117584520632,415.0174483157748,1.2638199201763125,5.608255976744766e-16
85.48777373063241,414.51942661081637,0.0030665133998127167,414.51747764471116,1.2711273840072355,7.542828761286622e-16
85.98777373063241,414.01948077349704,0.0030878633084989726,414.0175069579307,1.2784335320594098,3.8043276522807517e-16
86.48777373063241,413.5195351055555,0.003109261665793824,413.51753625543694,1.28573836691057,2.878185798539669e-16
86.98777373063241,413.01958960760567,0.0031307086538326064,413.01756553723334,1.2930418911280224,5.806767901762617e-16
87.48777373063241,412.5196442802644,0.0031522044556082976,412.517594803323,1.300344107268704,5.857686445252321e-16
87.98777373063241,412.01969912415154,0.0031737492549768547,412.01762405370914,1.3076450178792365,7.878844479209013e-16
88.48777373063241,411.51975413989,0.0031953432366625895,411.5176532883946,1.314944625495982,6.954633999013535e-16
88.98777373063241,411.01980932810557,0.003216986586263581,411.0176825073823,1.3222429326450975,8.018182972483118e-16
89.48777373063241,410.51986468942715,0.003238679490257128,410.5177117106747,1.3295399418425902,7.077824663675672e-16
89.98777373063241,410.0199202244868,0.0032604221360052403,410.0177408982743,1.3368356555943721,1.020055031942396e-15
90.48777373063241,409.5199759339195,0.0032822147117601698,409.51777007018353,1.3441300763963127,7.203599416105279e-16
90.98777373063241,409.0200318183635,0.0033040574066699785,409.0177992264046,1.3514232067342935,9.34389639919039e-16
91.48777373063241,408.52008787846006,0.0033259504107841504,408.5178283669394,1.358715049084261,9.426882528842272e-16
91.98777373063241,408.0201441148535,0.0033478939150592413,408.0178574917897,1.366005605912279,1.0567488085739443e-15
92.48777373063241,407.5202005281915,0.00336988811136457,407.5178866009575,1.373294879674582,8.529312879531329e-16
92.98777373063241,407.0202571191247,0.003391933192487951,407.0179156944442,1.380582872817627,7.529749226214825e-16
93.48777373063241,406.5203138883071,0.0034140293521414673,406.51794477225116,1.3878695877781444,8.682344332312289e-16
93.98777373063241,406.02037083639584,0.0034361767849672865,406.01797383437975,1.395155026983191,7.665063333758347e-16
94.48777373063241,405.5204279640513,0.0034583756865435187,405.51800288083103,1.4024391928502007,6.628966145892591e-16
94.98777373063241,405.0204852719371,0.0034806262533901163,405.01803191160593,1.409722087787034,5.573750996187756e-16
95.48777373063241,404.5205427607202,0.0035029286829748167,404.5180609267053,1.41700371419203,6.748666899557031e-16
95.98777373063241,404.0206004310708,0.0035252831737191304,404.01808992612973,1.4242840744540564,5.6745590189471e-16
96.48777373063241,403.52065828366244,0.0035476899250043692,403.5181189098798,1.4315631709525587,4.580613753627413e-16
96.98777373063241,403.0207163191719,0.0035701491371777213,403.01814787795564,1.4388410060576096,6.933024090660233e-16
97.48777373063241,402.52077453827945,0.0035926610115583706,402.5181768303576,1.4461175821299588,4.6638593836017e-16
97.98777373063241,402.0208329416687,0.0036152257504436587,402.0182057670857,1.4533929015210818,2.353074520742457e-16
98.48777373063241,401.5208915300266,0.003637843557115295,401.51823468813984,1.4606669665732286,7.123335635800527e-16
98.98777373063241,401.02095030404354,0.0036605146358456102,401.0182635935196,1.4679397796194706,3.594066744737662e-16
99.48777373063241,400.5210092644134,0.0036832391919038574,400.5182924832246,1.4752113429837501,4.835750284599202e-16
99.98777373063241,400.0210684118335,0.003706017431562558,400.01832135725425,1.482481658980928,1.219969977273998e-16
100.48777373063241,399.5211277470045,0.003728849562103897,399.51835021560777,1.4897507299168287,3.6933626644341704e-16
100.98777373063241,399.0211872706309,0.0037517357918261628,399.01837905828427,1.4970185580882909,6.211958722499239e-16
101.48777373063241,398.5212469834204,0.003774676330050236,398.51840788528267,1.5042851457832114,2.5075680131485683e-16
101.98777373063241,398.02130688608435,0.003797671387126128,398.0184366966017,1.5115504952805923,1.2652991543900301e-16
102.48777373063241,397.52136697933776,0.0038207211744395635,397.51846549224007,1.5188146088505874,3.8308160641527224e-16
102.98777373063241,397.02142726389917,0.0038438259044186185,397.0184942721962,1.5260774887545487,2.5774082560841674e-16
103.48777373063241,396.52148774049067,0.003866985790540401,396.51852303646837,1.5333391372450698,5.202388062137868e-16
103.98777373063241,396.0215484098381,0.0038902010473377867,396.0185517850547,1.5405995565660335,5.250475650776176e-16
104.48777373063241,395.5216092726709,0.003913471890406203,395.51858051795324,1.5478587489526556,5.299085611985038e-16
104.98777373063241,395.0216703297222,0.003936798536410463,395.0186092351617,1.5551167166315298,4.011168274636606e-16
105.48777373063241,394.5217315817289,0.003960181203091654,394.51863793667786,1.5623734618206722,5.397898421599961e-16
105.98777373063241,394.0217930294315,0.003983620109274071,394.01866662249915,1.5696289867295647,-1.362028593901485e-16
106.48777373063241,393.52185467357435,0.0040071154748722105,393.51869529262297,1.5768832935592005,4.124159187033183e-16
106.98777373063241,393.02191651490557,0.004030667520897813,393.01872394704645,1.5841363845021261,-1.3875497056498968e-16
107.48777373063241,392.5219785541771,0.004054276469466956,392.5187525857666,1.5913882617424855,-0.0
107.98777373063241,392.02204079214465,0.004077942543807206,392.0187812087803,1.5986389274560624,2.827266160171283e-16
108.48777373063241,391.52210322956785,0.004101665968264822,391.51880981608423,1.6058883838103246,1.4268899856730264e-16
108.98777373063241,391.0221658672101,0.00412544696831201,391.0188384076749,1.6131366329644647,-0.0
109.48777373063241,390.52222870583887,0.004149285770554241,390.5188669835487,1.6203836770694435,-0.0
109.98777373063241,390.0222917462254,0.004173182602737615,390.01889554370183,1.6276295182680307,1.4675431346970483e-16
110.48777373063241,389.52235498914496,0.00419713769375629,389.5189240881304,1.6348741586948499,-0.0
110.98777373063241,389.0224184353767,0.0042211512736599595,389.0189526168302,1.6421176004764144,3.738497652513865e-16
111.48777373063241,388.522482085704,0.004245223573661391,388.5189811297969,1.6493598457311742,1.5095588474284522e-16
111.98777373063241,388.022545940914,0.004269354826144026,388.0190096270261,1.656600896569554,3.809689416353327e-16
112.48777373063241,387.522610001798,0.004293545264669629,387.51903810851326,1.6638407550939944,2.3075276850057095e-16
112.98777373063241,387.0226742691515,0.004317795123986004,387.01906657425343,1.6710794233989925,3.105977833986925e-16
113.48777373063241,386.5227387437739,0.0043421046400347624,386.51909502424184,1.6783169035711414,5.487262111197612e-16
113.98777373063241,386.0228034264689,0.00436647404995916,386.01912345847325,1.6855531976891722,3.9568865459844556e-16
114.48777373063241,385.52286831804423,0.004390903592111982,385.5191518769424,1.6927883078239911,3.195774665166417e-16
114.98777373063241,385.02293341931187,0.004415393506063502,385.01918027964376,1.7000222360387205,1.6131894307371935e-16
115.48777373063241,384.522998731088,0.004439944032609494,384.51920866657184,1.707254984388739,5.700320696338563e-16
115.98777373063241,384.0230642541931,0.004464555413779305,384.0192370377207,1.7144865549217179,4.932931146184183e-16
116.48777373063241,383.52312998945183,0.004489227892844002,383.5192653930845,1.7217169496776625,7.470601256950304e-16
116.98777373063241,383.0231959376932,0.0045139617143245625,383.019293732657,1.7289461706889495,5.866472440510136e-16
117.48777373063241,382.5232620997505,0.00453875712400015,382.519322056432,1.7361742199803656,6.769267039231488e-16
117.98777373063241,382.0233284764615,0.004563614368916435,382.0193503644029,1.7434010995691445,2.5630218627700556e-16
118.48777373063241,381.5233950686681,0.004588533697394,381.5193786565631,1.750626811465007,5.175692281396806e-16
118.98777373063241,381.02346187721685,0.004613515359036788,381.0194069329058,1.757851357670197,3.483935360175749e-16
119.48777373063241,380.5235289029587,0.0046385596047406365,380.519435193424,1.76507474017952,5.276683196188617e-16
119.98777373063241,380.0235961467489,0.004663666686701867,380.0194634381105,1.772296960980378,3.552026697047419e-16
120.48777373063241,379.5236636094474,0.004688836858425946,379.51949166695795,1.7795180220528097,5.379980988761606e-16
120.98777373063241,379.0237312919186,0.0047140703747362124,379.01951987995886,1.7867379253695252,9.054189219481251e-17
121.48777373063241,378.52379919503136,0.004739367491782676,378.51954807710547,1.793956672895943,5.48564528751432e-16
121.98777373063241,378.0238673196593,0.004764728467050878,378.01957625839003,1.801174266590226,5.539383978316224e-16
122.48777373063241,377.52393566668053,0.0047901535593708345,377.51960442380437,1.8083907084033193,6.526027009600424e-16
122.98777373063241,377.0240042369779,0.004815643028926035,377.01963257334023,1.8156060002789838,-0.0
123.48777373063241,376.5240730314388,0.0048411971372625245,376.51966070698927,1.822820144153833,5.704320551255685e-16
123.98777373063241,376.02414205095545,0.004866816147298051,376.01968882474284,1.8300331419573692,4.800472034665606e-16
124.48777373063241,375.5242112964248,0.004892500323331286,375.5197169265923,1.837244995612017,8.726189358002186e-16
124.98777373063241,375.0242807687486,0.004918249931051123,375.01974501252863,1.8444557070331604,3.916672236688093e-16
125.48777373063241,374.5243504688333,0.00494406523754604,374.51977308254266,1.8516652781291763,3.955480883195171e-16
125.98777373063241,374.02442039759023,0.004969946511313549,374.0198011366251,1.858873710801469,4.99342261570643e-16
126.48777373063241,373.5244905559356,0.00499589402226971,373.51982917476647,1.8660810069445064,7.060287010216886e-16
126.98777373063241,373.0245609447905,0.005021908041758729,373.01985719695705,1.8732871684458527,6.11193255921666e-16
127.48777373063241,372.524631565081,0.0050479888425626245,372.5198852031871,1.880492197186203,1.028815019300062e-16
127.98777373063241,372.0247024177381,0.005074136698910981,372.01991319344637,1.8876960950394173,4.156370947542839e-16
128.4877737306324,371.5247735036979,0.005100351886490772,371.51994116772477,1.894898863872553,2.0989802602513796e-16
128.9877737306324,371.0248448239013,0.005126634682456268,371.01996912601186,1.902100505545901,-0.0
129.4877737306324,370.52491637929444,0.005152985365439021,370.5199970682971,1.9093010219130164,4.282601041569889e-16
129.9877737306324,370.0249881708286,0.005179404215557929,370.0200249945695,1.9165004148207534,6.488497282031589e-16
130.4877737306324,369.52506019946003,0.0052058915144293835,369.52005290481816,1.9236986861092975,2.184616551710629e-16
130.9877737306324,369.0251324661503,0.0052324475451775,369.0200807990319,1.930895837612198,2.206656229191441e-16
131.4877737306324,368.5252049718661,0.005259072592444426,368.52010867719946,1.9380918711564008,5.572387110249061e-16
131.9877737306324,368.02527771757946,0.00528576694240074,368.02013653930914,1.9452867885622815,2.251515830546509e-16
132.4877737306324,367.52535070426757,0.005312530882755926,367.52016438534923,1.9524805916436765,2.2743426732462044e-16
132.9877737306324,367.025423932913,0.005339364702768942,367.0201922153078,1.9596732822079157,4.594877816669093e-16
133.4877737306324,366.52549740450365,0.005366268693258868,366.5202200291728,1.9668648620558542,4.641616248404927e-16
133.9877737306324,366.0255711200328,0.005393243146615645,366.0202478269317,1.974055332981904,1.172226981172025e-16
134.4877737306324,365.52564508049915,0.005420288356810897,365.5202756085721,1.9812446967740651,3.552570177329415e-16
134.9877737306324,365.02571928690685,0.005447404619408847,365.02030337408127,1.988432955213958,4.785180684268029e-16
135.4877737306324,364.5257937402656,0.005474592231577316,364.5203311234463,1.995620110076853,2.417088440130566e-16
135.9877737306324,364.0258684415906,0.0055018514920988195,364.02035885665396,2.002806163131704,1.2209391374503867e-16
136.4877737306324,363.52594339190256,0.0055291827013817475,363.52038657369104,2.0099911161411748,6.1674094167756455e-16
136.9877737306324,363.0260185922279,0.005556586161471642,363.02041427454395,2.017174970861675,2.492348894341162e-16
137.4877737306324,362.5260940435986,0.005584062176062565,362.520441959199,2.024357729043387,3.777056544076989e-16
137.9877737306324,362.02616974705245,0.005611611050508557,362.0204696276422,2.031539392430297,2.544034270550604e-16
138.4877737306324,361.52624570363287,0.005639233091835202,361.52049727985957,2.038719962760227,3.855514166991914e-16
138.9877737306324,361.02632191438903,0.00566692860875127,361.0205249158367,2.0458994417648606,-0.0
139.4877737306324,360.52639838037595,0.005694697911660469,360.5205525355589,2.053077831169778,5.247825091310936e-16
139.9877737306324,360.0264751026545,0.005722541312673294,360.02058013901166,2.0602551326944814,1.3255912213036057e-16
140.4877737306324,359.5265520822914,0.005750459125618967,359.52060772617983,2.0674313480524265,-0.0
140.9877737306324,359.02662932035935,0.005778451666057483,359.0206352970484,2.0746064789510537,-1.3533571725125027e-16
141.4877737306324,358.526706817937,0.005806519251291752,358.52066285160186,2.0817805270918117,1.3674926920679335e-16
141.9877737306324,358.026784576109,0.005834662200379845,358.0206903898247,2.0889534941701924,1.3817996425301941e-16
142.4877737306324,357.52686259596595,0.005862880834147341,357.5207179117011,2.0961253818757566,1.396280368751809e-16
142.9877737306324,357.02694087860476,0.005891175475199777,357.0207454172151,2.1032961918921638,1.4109372512016305e-16
143.4877737306324,356.52701942512834,0.0059195464479352075,356.52077290635043,2.1104659258972007,1.4257727065588308e-16
143.9877737306324,356.0270982366458,0.005947994078556855,356.02080037909064,2.1176345855628087,7.203945941588322e-17
144.4877737306324,355.52717731427254,0.0059765186950858865,355.5208278354191,2.1248021725551136,7.279945937016169e-17
144.9877737306324,355.0272566591301,0.006005120627374281,355.0208552753189,2.131968688534453,2.2070628491976964e-16
145.4877737306324,354.5273362723464,0.006033800207117814,354.52088269877305,2.1391341351554045,1.486949892182509e-16
145.9877737306324,354.02741615505573,0.006062557767869149,354.02091010576413,2.146298514066812,-2.2540736588712165e-16
146.4877737306324,353.5274963083988,0.006091393645051041,353.52093749627466,2.153461826911817,-2.278013281540576e-16
146.9877737306324,353.0275767335226,0.006120308175969648,353.0209648702869,2.1606240753278816,-2.3022477378558374e-16
147.4877737306324,352.5276574315809,0.0061493016998279615,352.52099222778276,2.1677852609468204,-2.326781121444102e-16
147.9877737306324,352.0277384037338,0.006178374557739345,352.0210195687442,2.1749453853948246,7.838725296780534e-17
148.4877737306324,351.527819651148,0.006207527092741191,351.52104689315263,2.1821044502924902,-7.922537871747744e-17
148.9877737306324,351.0279011749969,0.006236759649808693,351.0210742009896,2.1892624572548454,8.007389083566454e-17
149.4877737306324,350.52798297646046,0.006266072575868734,350.52110149223597,2.1964194078913764,-0.0
149.9877737306324,350.02806505672555,0.006295466219813898,350.02112876687283,2.203575303806055,4.0901328381667547e-16
150.4877737306324,349.5281474169857,0.0063249409325165954,349.5211560248807,2.210730146597365,1.6536641505675713e-16
150.9877737306324,349.02823005844124,0.006354497066843311,349.02118326624014,2.2178839378583293,-0.0
151.4877737306324,348.5283129822994,0.006384134977668978,348.52121049093114,2.2250366791765335,2.5343221333480555e-16
151.9877737306324,348.02839618977436,0.006413855021891472,348.0212376989339,2.232188372134157,-0.0
152.4877737306324,347.5284796820872,0.006443657558446227,347.52126489022794,2.239339018307994,3.452670775679276e-16
152.9877737306324,347.0285634604661,0.0064735429483209865,347.0212920647928,2.2464886192694826,8.725378937770223e-17
153.4877737306324,346.5286475261463,0.0065035115545706715,346.52131922260776,2.2536371765847294,-1.7640517157454805e-16
153.9877737306324,346.02873188037006,0.006533563742332381,346.02134636365184,2.2607846918145356,8.916332539261394e-17
154.4877737306324,345.5288165243869,0.0065636998788405265,345.52137348790365,2.2679311665144217,-0.0
154.9877737306324,345.0289014594536,0.006593920333442089,345.0214005953418,2.275076602234655,2.7336394328852455e-16
155.4877737306324,344.5289866868341,0.006624225477612017,344.5214276859445,2.2822210005202717,-0.0
155.9877737306324,344.0290722077998,0.006654615684968753,344.0214547596899,2.289364362911106,2.793874317232497e-16
156.4877737306324,343.52915802362935,0.006685091331289896,343.52148181655565,2.2965066909418113,1.883043888270595e-16
156.9877737306324,343.02924413560896,0.006715652794528003,343.0215088565193,2.303647986141888,-0.0
157.4877737306324,342.5293305450323,0.006746300454826526,342.5215358795582,2.310788250035707,-9.623748298156634e-17
157.9877737306324,342.02941725320045,0.006777034694535887,342.0215628856493,2.3179274841425346,9.730009620066508e-17
158.4877737306324,341.5295042614223,0.006807855898229698,341.52158987476935,2.3250656899765567,-0.0
158.9877737306324,341.0295915710142,0.006838764452721121,341.02161684689486,2.3322028690469043,-0.0
159.4877737306324,340.52967918330035,0.0068697607470793705,340.5216438020021,2.3393390228576783,1.0057012570873257e-16
159.9877737306324,340.0297670996127,0.006900845172646363,340.02167074006707,2.3464741529079705,1.0168819301051776e-16
160.4877737306324,339.52985532129094,0.006932018123053513,339.52169766106545,2.353608260691892,-0.0
160.9877737306324,339.02994384968275,0.006963279994238675,339.0217245649728,2.360741347698594,2.0793527368843113e-16
161.4877737306324,338.53003268614367,0.006994631184463238,338.5217514517643,2.367873415412293,2.1025886507271042e-16
161.9877737306324,338.0301218320373,0.007026072094329372,338.02177832141484,2.375004465312296,2.126124582827693e-16
162.4877737306324,337.53021128873525,0.0070576031267974215,337.52180517389917,2.382134498873021,4.299929790503839e-16
162.9877737306324,337.03030105761724,0.007089224687203461,337.02183200919154,2.389263517564023,2.1741140204277773e-16
163.4877737306324,336.53039114007123,0.007120937183277001,336.52185882726627,2.3963915228500166,4.397152924781896e-16
163.9877737306324,336.03048153749336,0.007152741025158856,336.0218856280971,2.4035185161909003,3.3350351970815056e-16
164.4877737306324,335.5305722512881,0.0071846366254191656,335.52191241165775,2.4106444990417786,3.372689517753133e-16
164.9877737306324,335.03066328286826,0.007216624399075585,335.0219391779213,2.417769472852985,2.2738898303086194e-16
165.4877737306324,334.53075463365514,0.007248704763611628,334.52196592686096,2.424893439070107,2.299652056883156e-16
165.9877737306324,334.0308463050784,0.007280878138995186,334.02199265844945,2.4320163991340067,1.1628756199201813e-16
166.4877737306324,333.53093829857636,0.007313144947697204,333.5220193726592,2.439138354480845,1.1760961701987701e-16
166.9877737306324,333.0310306155959,0.007345505614710528,333.02204606946236,2.4462593065421046,3.5684706011985214e-16
167.4877737306324,332.53112325759264,0.007377960567568918,332.52207274883096,2.4533792567446113,4.812241091536479e-16
167.9877737306324,332.03121622603084,0.007410510236366244,332.02209941073653,2.460498206510558,3.65042697598236e-16
168.4877737306324,331.5313095223837,0.007443155053775839,331.5221260551504,2.467616157257526,2.4614780096109337e-16
168.9877737306324,331.03140314813317,0.00747589545507004,331.02215268204355,2.4747331103985095,1.2448530018980137e-16
169.4877737306324,330.5314971047702,0.007508731878139899,330.5221792913868,2.481849067341935,6.295768590700022e-16
169.9877737306324,330.0315913937948,0.007541664763515075,330.0222058831506,2.4889640294916844,2.547287866975963e-16
170.4877737306324,329.531686016716,0.0075746945543839084,329.522232457305,2.496077998247119,2.5766529476048207e-16
170.9877737306324,329.0317809750519,0.007607821696613673,329.0222590138199,2.5031909750030987,1.3032042116793489e-16
171.4877737306324,328.53187627033003,0.007641046638771016,328.52228555266487,2.510302961150007,1.3182800672985204e-16
171.9877737306324,328.031971904087,0.0076743698321425895,328.02231207380913,2.5174139580737687,2.6671140185762716e-16
172.4877737306324,327.5320678778689,0.007707791730755856,327.5223385772216,2.5245239671558757,2.698076111213611e-16
172.9877737306324,327.03216419323115,0.007741312791400102,327.02236506287085,2.5316329897734065,4.77654196055023e-16
173.4877737306324,326.5322608517388,0.00777493347364763,326.5223915307253,2.538741027299048,2.761249570263799e-16
173.9877737306324,326.03235785496634,0.007808654239875154,326.02241798075295,2.5458480811011173,2.095105138637407e-16
174.4877737306324,325.532455204498,0.007842475555285389,325.5224444129214,2.552954152543583,3.532663551941105e-16
174.9877737306324,325.03255290192766,0.007876397887928835,325.02247082719805,2.5600592429860862,2.1444210729756301e-16
175.4877737306324,324.5326509488591,0.007910421708725772,324.52249722355,2.5671633537839638,1.4463859761796668e-16
175.9877737306324,324.03274934690586,0.007944547491488443,324.0225236019439,2.5742664862882636,1.4633845928447755e-16
176.4877737306324,323.53284809769144,0.007978775712943465,323.5225499623462,2.5813686418457737,2.9612266903468563e-16
176.9877737306324,323.03294720284947,0.00801310685275442,323.022576304723,2.588469821799038,1.4980757377937297e-16
177.4877737306324,322.5330466640236,0.008047541393544678,322.52260262903997,2.5955700274863776,-7.578876672543516e-17
177.9877737306324,322.0331464828676,0.008082079820920423,322.0226289352627,2.602669260241913,2.300573639088608e-16
178.4877737306324,321.5332466610456,0.008116722623493892,321.522655223356,2.609767521395584,3.103801395816261e-16
178.9877737306324,321.0333472002321,0.008151470292906835,321.0226814932849,2.6168648122731715,1.5703338980491873e-16
179.4877737306324,320.53344810211183,0.008186323323854194,320.5227077450137,2.623961134196316,2.3835287572541005e-16
179.9877737306324,320.03354936838025,0.008221282214107999,320.02273397850644,2.6310564884825403,8.039801974185948e-17
180.4877737306324,319.5336510007432,0.008256347464541491,319.5227601937268,2.6381508764452675,4.88148453214117e-16
180.9877737306324,319.03375300091733,0.008291519579153474,319.0227863906383,2.6452442993938443,2.4699397936835244e-16
181.4877737306324,318.53385537062996,0.008326799065092892,318.5228125692039,2.6523367586335604,4.1658988216079563e-16
181.9877737306324,318.0339581116193,0.008362186432683634,318.0228387293863,2.659428255465665,1.6863646577333926e-16
182.4877737306324,317.53406122563445,0.008397682195449587,317.5228648711478,2.6665187911873938,4.266615340101072e-16
182.9877737306324,317.03416471443546,0.008433286870139906,317.02289099445045,2.673608367091981,1.727208255742097e-16
183.4877737306324,316.5342685797935,0.008469000976754541,316.5229170992557,2.680696984468687,3.4961107658281517e-16
183.9877737306324,316.03437282349097,0.008504825038569995,316.0229431855249,2.6877846446028144,6.192171856239189e-16
184.4877737306324,315.5344774473215,0.00854075958216533,315.522969253219,2.694871348775727,1.7906225018631194e-16
184.9877737306324,315.03458245309,0.00857680513744842,315.0229953022984,2.701957098264872,5.437054823955035e-16
185.4877737306324,314.534687842613,0.008612962237682455,314.52302133272326,2.7090418943437986,2.751575929805897e-16
185.9877737306324,314.0347936177184,0.008649231419512694,314.0230473444534,2.716125738282177,5.570172883804539e-16
186.4877737306324,313.5348997802458,0.008685613222993478,313.52307333744824,2.7232086313458206,-9.396887359868597e-17
186.9877737306324,313.03500633204646,0.008722108191615499,313.02309931166667,2.730290574796702,2.85352261411243e-16
187.4877737306324,312.53511327498353,0.008758716872333334,312.5231252670674,2.7373715698929737,3.851284233789832e-16
187.9877737306324,312.0352206109321,0.008795439815593234,312.0231512036088,2.74445161788899,2.923895537953356e-16
188.4877737306324,311.53532834177906,0.008832277575361194,311.5231771212485,2.7515307200353227,1.9732183213890174e-16
188.9877737306324,311.03543646942364,0.008869230709151282,311.02320301994416,2.758608877578783,9.987556414251584e-17
189.4877737306324,310.5355449957771,0.008906299778054242,310.5232288996528,2.7656860917624395,2.0221479467327682e-16
189.9877737306324,310.0356539227631,0.008943485346766382,310.023254760331,2.7727623638256373,1.0235668889432122e-16
190.4877737306324,309.5357632523176,0.008980787983618736,309.52328060193514,2.779837695004018,3.1087115061810235e-16
190.9877737306324,309.03587298638917,0.009018208260606501,309.023306424421,2.7869120865295383,4.196350569463559e-16
191.4877737306324,308.5359831269388,0.009055746753418777,308.52333222774416,2.793985539630488,3.186363568604134e-16
191.9877737306324,308.0360936759403,0.00909340404146858,308.02335801185956,2.8010580555315108,3.226022222715109e-16
192.4877737306324,307.53620463538033,0.009131180707923158,307.52338377672197,2.8081296354536236,6.532495674813485e-16
192.9877737306324,307.03631600725834,0.009169077339734598,307.02340952228553,2.815200280614231,7.716448879185012e-16
193.4877737306324,306.5364277935868,0.009207094527670727,306.52343524850403,2.822269992227149,6.696873077025124e-16
193.9877737306324,306.03653999639135,0.009245232866346332,306.02346095533085,2.8293387715026217,1.017125498494677e-15
194.4877737306324,305.5366526177108,0.00928349295425467,305.523486642719,2.8364066196473408,4.577339322496102e-16
194.9877737306324,305.0367656595973,0.009321875393799287,305.02351231062096,2.8434735378644627,8.111144542160554e-16
195.4877737306324,304.5368791241164,0.009360380791326168,304.52353795898875,2.8505395273536283,7.040058427617422e-16
195.9877737306324,304.03699301334734,0.009399009757156181,304.02356358777416,2.8576045893109816,9.505300934160112e-16
196.4877737306324,303.5371073293829,0.00943776290561786,303.52358919692836,2.8646687249291882,7.219182047529834e-16
196.9877737306324,303.0372220743295,0.009476640855080501,303.02361478640194,2.8717319353974515,7.310698460717655e-16
197.4877737306324,302.5373372503078,0.009515644227987584,302.52364035614545,2.878794221901537,6.169621926088068e-16
197.9877737306324,302.0374528594521,0.009554773650890538,302.02366590610853,2.8858555856237835,9.996996475547684e-16
198.4877737306324,301.53756890391105,0.009594029754482834,301.52369143624077,2.8929160277431247,8.858877706057356e-16
198.9877737306324,301.0376853858474,0.009633413173634413,301.023716946491,2.899975549435109,7.690298038456368e-16
199.4877737306324,300.5378023074383,0.00967292454742647,300.5237424368077,2.9070341518719167,7.788693190575686e-16
199.9877737306324,300.0379196708754,0.009712564519186569,300.02376790713885,2.9140918362223744,9.203288015797925e-16
200.4877737306324,299.53803747836486,0.009752333736524127,299.5237933574321,2.9211486036519814,8.655660030775638e-16
200.9877737306324,299.03815573212756,0.009792232851366236,299.02381878763435,2.928204455322918,9.44141305611967e-16
201.4877737306324,298.53827443439934,0.009832262519993858,298.5238441976923,2.935259392394073,6.147717353878107e-16
201.9877737306324,298.03839358743085,0.009872423403078378,298.02386958755204,2.9423134160210536,5.535210196005849e-16
202.4877737306324,297.53851319348786,0.009912716165718526,297.52389495715914,2.9493665273562093,6.307681370676159e-16
202.9877737306324,297.03863325485133,0.009953141477477667,297.0239203064586,2.956418727548646,4.969569582764264e-16
203.4877737306324,296.5387537738177,0.00999370001242148,296.5239456353952,2.9634700177442483,3.595792827710132e-16
203.9877737306324,296.03887475269863,0.010034392449156005,296.0239709439129,2.970520399085692,4.371095400439726e-16
204.4877737306324,295.5389961938216,0.010075219470866082,295.52399623195544,2.977569872712467,4.4280768621243544e-16
204.9877737306324,295.03911809952973,0.010116181765354178,295.02402149946585,2.98461843976089,3.7382581690756676e-16
205.4877737306324,294.539240472182,0.010157280025079615,294.5240467463867,2.991666101364128,3.7871737562199044e-16
205.9877737306324,294.0393633141533,0.01019851494719819,294.0240719726601,2.9987128586522127,2.3020937629994925e-16
206.4877737306324,293.5394866278349,0.010239887233602205,293.5240971782276,3.005758712752058,4.664661679489532e-16
206.9877737306324,293.039610415634,0.0102813975909609,293.02412236303,3.012803664787479,4.726046065294337e-16
207.4877737306324,292.5397346799745,0.010323046730761306,292.5241475270081,3.019847715879209,3.990296718989628e-16
207.9877737306324,292.0398594232967,0.01036483536934952,292.02417267010156,3.0268908671449193,4.851607339134342e-16
208.4877737306324,291.5399846480576,0.010406764227972395,291.52419779224994,3.033933119699232,4.0965132126626007e-16
208.9877737306324,291.0401103567311,0.01044883403281966,291.024222893392,3.0409744746537437,5.811164183488475e-16
209.4877737306324,290.5402365518079,0.01049104551506649,290.524247973466,3.048014933117038,1.6823899849091693e-16
209.9877737306324,290.04036323579606,0.010533399410916489,290.02427303240984,3.0550544961947064,2.557174491699055e-16
210.4877737306324,289.5404904112208,0.010575896461645145,289.5242980701605,3.0620931649893643,3.4550347699602626e-16
210.9877737306324,289.04061808062465,0.01061853741364372,289.0243230866547,3.0691309406006693,3.5011979946525653e-16
211.4877737306324,288.5407462465679,0.010661323018463597,288.52434808182846,3.076167824125338,8.870168915232363e-17
211.9877737306324,288.0408749116284,0.01070425403286109,288.02437305561716,3.0832038166571634,8.989139033242698e-17
212.4877737306324,287.541004078402,0.010747331218842726,287.5243980079557,3.0902389192870348,9.109936239784019e-17
212.9877737306324,287.04113374950254,0.01079055534371099,287.02442293877846,3.097273133102951,2.7697776067738285e-16
213.4877737306324,286.541263927562,0.01083392718011056,286.524447848019,3.1043064591900422,9.357138470245119e-17
213.9877737306324,286.04139461523073,0.010877447506075014,286.0244727356106,3.111338898630584,2.845082485458322e-16
214.4877737306324,285.5415258151775,0.010921117105074034,285.5244976014854,3.118370452504016,3.8448139179311247e-16
214.9877737306324,285.04165753009,0.010964936766061112,285.02452244557554,3.1254011218869624,1.9484903936032105e-16
215.4877737306324,284.54178976267445,0.011008907283521743,284.5245472678123,3.132430907853243,1.9749788850433561e-16
215.9877737306324,284.0419225156562,0.011053029457522139,284.02457206812613,3.1394598114738947,2.0018794907797706e-16
216.4877737306324,283.54205579177983,0.011097304093758456,283.5245968464472,3.1464878338171904,-1.0145997022281835e-16
216.9877737306324,283.0421895938091,0.011141732003606542,283.0246216027048,3.153514975948653,1.0284729793731982e-16
217.4877737306324,282.5423239245274,0.011186314004172202,282.52464633682774,3.1605412389310743,2.085126628297843e-16
217.9877737306324,282.0424587867377,0.011231050918342015,282.02467104874404,3.1675666238245315,-0.0
218.4877737306324,281.5425941832629,0.01127594357483468,281.5246957383812,3.1745911316864057,3.214231409699551e-16
218.9877737306324,281.04273011694585,0.011320992808252914,281.0247204056659,3.1816147635714005,2.1723502683885525e-16
219.4877737306324,280.54286659064957,0.0113661994591359,280.5247450505243,3.1886375205315542,4.404690183793883e-16
219.9877737306324,280.0430036072576,0.011411564374012301,280.024769672882,3.195659403616264,1.116406820731321e-16
220.4877737306324,279.54314116967396,0.01145708840545384,279.52479427266354,3.2026804138722986,2.2637643093563227e-16
220.9877737306324,279.04327928082336,0.011502772412129455,279.0248188497931,3.2097005523438167,-0.0
221.4877737306324,278.5434179436515,0.011548617258860043,278.52484340419414,3.2167198200723854,1.163573197850211e-16
221.9877737306324,278.0435571611252,0.011594623816673779,278.0248679357893,3.2237382180969973,-0.0
222.4877737306324,277.5436969362326,0.01164079296286205,277.5248924445006,3.2307557474540864,-1.1962809225853876e-16
222.9877737306324,277.0438372719833,0.011687125581035981,277.02491693024933,3.2377724091775466,-0.0
223.4877737306324,276.54397817140864,0.011733622561183583,276.52494139295607,3.2447882042987497,-1.2300419799935663e-16
223.9877737306324,276.0441196375618,0.011780284799727515,276.0249658325406,3.2518031338465616,2.494658721758397e-16
224.4877737306324,275.54426167351806,0.011827113199583473,275.5249902489222,3.2588171988473604,1.2648944865870179e-16
224.9877737306324,275.044404282375,0.011874108670219223,275.0250146420192,3.2658304003250547,1.9241135418082648e-16
225.4877737306324,274.5445474672527,0.011921272127714273,274.52503901174913,3.2728427393010975,6.504390443101894e-17
225.9877737306324,274.04469123129394,0.011968604494820196,274.025063358029,3.2798542167945097,6.596534373479624e-17
226.4877737306324,273.54483557766434,0.012016106701021616,273.5250876807749,3.28686483382189,-0.0
226.9877737306324,273.04498050955266,0.012063779682597867,273.0251119799022,3.293874591397439,1.3570649696317868e-16
227.4877737306324,272.54512603017105,0.012111624382685326,272.52513625532555,3.3008834905329745,4.1292156614399517e-16
227.9877737306324,272.04527214275504,0.012159641751340428,272.0251605069586,3.3078915322379445,4.886211465458701e-16
228.4877737306324,271.5454188505641,0.01220783274560339,271.52518473471457,3.3148987175194544,4.248108943917863e-16
228.9877737306324,271.0455661568815,0.012256198329562623,271.02520893850556,3.3219050473822747,4.3090163245018783e-16
229.4877737306324,270.5457140650148,0.012304739474419873,270.5252331182431,3.3289105228288656,3.6424344615180787e-16
229.9877737306324,270.04586257829595,0.012353457158556073,270.02525727383767,3.335915144859389,5.17281607742402e-16
230.4877737306324,269.5460117000815,0.012402352367597933,269.5252814051991,3.3429189144717295,4.497798011806089e-16
230.9877737306324,269.0461614337529,0.012451426094485272,269.0253055122363,3.3499218326615137,4.562807406171811e-16
231.4877737306324,268.5463117827167,0.012500679339539099,268.5253295948575,3.3569239004221227,4.62888999746294e-16
231.9877737306324,268.04646275040477,0.012550113110530456,268.02535365296995,3.3639251187447146,3.913388038158951e-16
232.4877737306324,267.5466143402745,0.012599728422750034,267.52537768648,3.3709254886182394,6.352472824001858e-16
232.9877737306324,267.0467665558092,0.012649526299078565,267.0254016952933,3.3779250110294567,3.2225183978698485e-16
233.4877737306324,266.54691940051816,0.012699507770058014,266.5254256793144,3.3849236869629573,4.904355690125998e-16
233.9877737306324,266.0470728779369,0.012749673873963564,266.0254496384473,3.3919215174011743,8.293517401142808e-17
234.4877737306324,265.54722699162755,0.01280002565687642,265.52547357259476,3.3989185033244067,2.52453191790739e-16
234.9877737306324,265.047381745179,0.01285056417275743,265.0254974816589,3.405914645710835,-0.0
235.4877737306324,264.54753714220715,0.012901290483521552,264.52552136554067,3.41290994553654,5.198656792739103e-16
235.9877737306324,264.0476931863553,0.012952205659113147,264.02554522414044,3.419904403775519,4.3961188699945253e-16
236.4877737306324,263.5478498812941,0.013003310777582149,263.5255690573574,3.4268980213997056,2.676659870054967e-16
236.9877737306324,263.0480072307222,0.013054606925161083,263.0255928650899,3.433890799378986,9.054354078923501e-17
237.4877737306324,262.54816523836627,0.013106095196342982,262.52561664723527,3.4408827386812204,3.6754970938535053e-16
237.9877737306324,262.0483239079813,0.013157776693960179,262.02564040369,3.4478738402722566,9.325407859789271e-17
238.4877737306324,261.54848324335086,0.013209652529264008,261.5256641343495,3.454864105115952,2.839317800240768e-16
238.9877737306324,261.0486432482875,0.013261723822005423,261.0256878391083,3.461853534174189,2.8817223835215575e-16
239.4877737306324,260.5488039266328,0.013313991700516541,260.52571151785986,3.4688421284068953,2.924849622561546e-16
239.9877737306324,260.0489652822579,0.01336645730179312,260.0257351704967,3.4758298887720604,9.895711057100379e-17
240.4877737306324,259.5491273190636,0.013419121771578,259.52575879691034,3.482816816225757,1.0044425195229223e-16
240.9877737306324,259.04929004098074,0.013471986264445504,259.0257823969913,3.4898029117221547,2.0391378243611484e-16
241.4877737306324,258.5494534519704,0.01352505194388681,258.525805970629,3.4967881762135438,3.1048655459564264e-16
241.9877737306324,258.0496175560244,0.01357831998239633,258.0258295177118,3.503772610650349,3.1518189940585997e-16
242.4877737306324,257.54978235716516,0.01363179156155908,257.5258530381272,3.510756215981151,4.2661098769421846e-16
242.9877737306324,257.0499478594466,0.013685467872139076,257.0258765317614,3.5177389931527054,2.1654476272201055e-16
243.4877737306324,256.55011406695394,0.01373935011416876,256.5258999984997,3.5247209431099584,2.1984013880518983e-16
243.9877737306324,256.0502809838042,0.013793439497039478,256.02592343822624,3.531702066796069,2.2319271084397935e-16
244.4877737306324,255.55044861414657,0.013847737239593006,255.525946850824,3.5386823651524235,2.2660359095926686e-16
244.9877737306324,255.05061696216262,0.013902244570214167,255.025970236175,3.5456618391186616,2.300739151953137e-16
245.4877737306324,254.55078603206667,0.01395696272692453,254.52599359416007,3.5526404896326893,2.3360484408363615e-16
245.9877737306324,254.05095582810605,0.014011892957477215,254.02601692465888,3.5596183176306972,3.557963448320046e-16
246.4877737306324,253.55112635456155,0.014067036519452816,253.52604022755003,3.566595324047185,2.4085328386428357e-16
246.9877737306324,253.0512976157476,0.014122394680356467,253.0260635027109,3.5735715098149763,2.4457324353555744e-16
247.4877737306324,252.55146961601267,0.014177968717716061,252.52608675001778,3.5805468758652403,-0.0
247.9877737306324,252.05164235973967,0.014233759919181618,252.02610996934567,3.58752142312751,5.044219303047248e-16
248.4877737306324,251.55181585134616,0.014289769582625865,251.52613316056843,3.5944951525296998,3.2016417397292958e-16
248.9877737306324,251.0519900952848,0.014345999016245994,251.02615632355878,3.60146806499813,5.202423554484834e-16
249.4877737306324,250.55216509604364,0.014402449538666649,250.52617945818815,3.6084401614575414,4.623182538457648e-16
249.9877737306324,250.0523408581465,0.01445912247904414,250.0262025643267,3.615411442831118,4.024721892605324e-16
250.4877737306324,249.55251738615328,0.01451601917717192,249.5262256418434,3.6223819100405037,2.725214180283604e-16
250.9877737306324,249.05269468466045,0.01457314098358731,249.026248690606,3.6293515640058276,2.7680320644668767e-16
251.4877737306324,248.55287275830125,0.01463048925967954,248.52627171048087,3.6363204056457175,2.8116166214194295e-16
251.9877737306324,248.05305161174613,0.014688065377799066,248.02629470133323,3.6432884358773228,-0.0
252.4877737306324,247.55323124970317,0.014745870721368235,247.5263176630268,3.6502556556163372,2.175860691089862e-16
252.9877737306324,247.05341167691842,0.01480390668499327,247.0263405954242,3.657222065777015,4.4206886637833156e-16
253.4877737306324,246.55359289817625,0.014862174674577639,246.5263634983866,3.664187667272193,5.239384865973031e-16
253.9877737306324,246.0537749182998,0.014920676107436782,246.02638637177384,3.671152461013311,3.0415896758429746e-16
254.4877737306324,245.55395774215134,0.014979412412414257,245.5264092154444,3.6781164479104316,2.3175820045318863e-16
254.9877737306324,245.05414137463262,0.015038385029999294,245.02643202925537,3.685079628872262,3.139510747766057e-16
255.4877737306324,244.5543258206854,0.015097595412445802,244.5264548130625,3.692042004806175,3.189811843164948e-16
255.9877737306324,244.0545110852917,0.015157045023892816,244.02647756672008,3.6990035766182268,2.430773228649319e-16
256.4877737306324,243.55469717347435,0.01521673534048645,243.52650029008097,3.7059643452131823,1.6465934462967883e-16
256.9877737306324,243.05488409029738,0.01527666785050334,243.02652298299665,3.7129243114945343,3.3462987900621605e-16
257.4877737306324,242.5550718408663,0.015336844054475616,242.5265456453171,3.719883476364522,3.400386282138772e-16
257.9877737306324,242.05526043032876,0.015397265465317413,242.02656827689086,3.7268418407241573,3.4554694322915377e-16
258.4877737306324,241.5554498638748,0.015457933608452972,241.5265908775649,3.7337994054732437,3.511568760327673e-16
258.9877737306324,241.05564014673735,0.015518850021946308,241.0266134471848,3.740756171510396,3.5687052537643143e-16
259.4877737306324,240.5558312841927,0.015580016256632514,240.52663598559448,3.7477121397330664,3.626900379507352e-16
259.9877737306324,240.0560232815609,0.01564143387625069,240.02665849263644,3.754667311037563,4.607720119809164e-16
260.4877737306324,239.55621614420627,0.01570310445757854,239.52668096815162,3.761621686319072,4.683193580977098e-16
260.9877737306324,239.05640987753785,0.015765029590568663,239.0267034119793,3.768575266471682,2.8560447485046326e-16
261.4877737306324,238.55660448700976,0.015827210878486545,238.52672582395715,3.7755280523884047,1.9353570016261462e-16
261.9877737306324,238.05679997812186,0.01588964993805029,238.0267482039214,3.7824800449611953,9.836354827451182e-17
262.4877737306324,237.55699635642006,0.01595234839957212,237.5267705517064,3.789431245080979,-0.0
262.9877737306324,237.05719362749687,0.016015307907101664,237.026792867145,3.796381653637672,2.0329087760532842e-16
263.4877737306324,236.55739179699196,0.01607853011857105,236.52681515006842,3.803331271520205,-1.0333290463769073e-16
263.9877737306324,236.05759087059255,0.01614201670594185,236.02683740030608,3.8102800996165413,-0.0
264.4877737306324,235.55779085403393,0.01620576935535389,235.52685961768572,3.8172281388137095,1.0680417314133352e-16
264.9877737306324,235.0579917531,0.016269789767275968,235.02688180203336,3.8241753899978184,2.1717868094109583e-16
265.4877737306324,234.5581935736238,0.01633407965665847,234.5269039531733,3.831121854054083,-0.0
265.9877737306324,234.05839632148806,0.016398640753087966,234.02692607092803,3.8380675318668507,-0.0
266.4877737306324,233.55860000262555,0.01646347480094379,233.52694815511822,3.8450124243196195,2.283030051240211e-16
266.9877737306324,233.05880462301985,0.01652858355955661,233.02697020556278,3.851956532295069,2.3215382087433333e-16
267.4877737306324,232.55901018870574,0.01659396880336906,232.5269922220788,3.85889985667508,2.360785453765107e-16
267.9877737306324,232.05921670576978,0.01665963232209845,232.0270142044814,3.865842398340758,4.801575322929174e-16
268.4877737306324,231.55942418035096,0.016725575920901556,231.52703615258395,3.872784158172463,3.6623416260695606e-16
268.9877737306324,231.05963261864113,0.01679180142054158,231.02705806619784,3.8797251370498267,1.241561180285053e-16
269.4877737306324,230.55984202688563,0.016858310657557253,230.52707994513256,3.8866653358517858,1.2627442635187073e-16
269.9877737306324,230.0600524113839,0.01692510548443416,230.02710178919568,3.893604755456599,3.853015540147158e-16
270.4877737306324,229.56026377849,0.01699218776977828,229.52712359819273,3.9005433967418774,5.878587872364842e-16
270.9877737306324,229.06047613461325,0.01705955939849183,229.02714537192728,3.9074812605846097,3.986389350223065e-16
271.4877737306324,228.56068948621885,0.017127222271951372,228.52716711020088,3.9144183478611865,4.055035941822312e-16
271.9877737306324,228.0609038398284,0.017195178308188286,228.02718881281302,3.9213546594474256,3.4375226082311487e-16
272.4877737306324,227.56111920202062,0.01726342944207162,227.52721047956115,3.928290196218598,6.294588575352424e-16
272.9877737306324,227.06133557943193,0.017331977625493343,227.02723211024065,3.935224959049458,3.557634905146675e-16
273.4877737306324,226.56155297875708,0.017400824827556054,226.5272537046446,3.942158948814264,5.067260979709721e-16
273.9877737306324,226.06177140674978,0.017469973034763178,226.02727526256422,3.9490921663868104,5.155544398718039e-16
274.4877737306324,225.5619908702234,0.017539424251211685,225.52729678378833,3.956024612640452,8.243049528472894e-16
274.9877737306324,225.0622113760516,0.017609180498787378,225.02731826810358,3.9629562884481313,6.862368182739447e-16
275.4877737306324,224.56243293116896,0.017679243817362786,224.52733971529446,3.969887194682405,6.206909292913499e-16
275.9877737306324,224.06265554257172,0.0177496162649977,224.02736112514322,3.9768173322154743,7.895088771615973e-16
276.4877737306324,223.56287921731843,0.01782029991814241,223.52738249742973,3.9837467019192117,8.837696534781878e-16
276.9877737306324,223.06310396253068,0.017891296871843654,223.02740383193162,3.9906753046651886,8.176240076868823e-16
277.4877737306324,222.56332978539376,0.017962609239953343,222.52742512842414,3.9976031413247046,9.153169107677753e-16
277.9877737306324,222.06355669315738,0.018034239155340113,222.0274463866802,4.004530212768814,8.46880192682791e-16
278.4877737306324,221.56378469313645,0.01810618877010373,221.52746760647028,4.011456519868357,6.895618463649566e-16
278.9877737306324,221.06401379271173,0.018178460255792405,221.02748878756242,4.018382063493991,5.263976170335683e-16
279.4877737306324,220.56424399933064,0.01825105580362305,220.52750992972227,4.025306844516215,5.358109532689655e-16
279.9877737306324,220.06447532050797,0.018323977624704543,220.0275310327129,4.0322308638054,5.454156379649526e-16
280.4877737306324,219.56470776382668,0.018397227950264047,219.5275520962949,4.039154122231825,6.477520257263275e-16
280.9877737306324,219.06494133693863,0.0184708090318764,219.02757312022626,4.046076620665701,4.710138048546178e-16
281.4877737306324,218.56517604756544,0.018544723141696667,218.52759410426248,4.052998359977203,3.83614561310498e-16
281.9877737306324,218.06541190349918,0.0186189725726959,218.02761504815632,4.059919341036505,5.858365386301735e-16
282.4877737306324,217.56564891260325,0.018693559638900105,217.5276359516579,4.066839564713803,5.964654626523841e-16
282.9877737306324,217.0658870828132,0.018768486675632544,217.02765681451476,4.073759031879355,7.085324666366844e-16
283.4877737306324,216.56612642213753,0.018843756039759376,216.52767763647154,4.080677743403511,5.153215277678745e-16
283.9877737306324,216.06636693865852,0.018919370109938695,216.0276984172703,4.087595700156737,8.395833561646098e-16
284.4877737306324,215.56660864053313,0.018995331286873047,215.52771915665014,4.094512903009661,4.274826064554351e-16
284.9877737306324,215.0668515359938,0.019071641993565452,215.02773985434746,4.101429352833095,8.706672834636226e-16
285.4877737306324,214.56709563334942,0.019148304675579007,214.52776051009567,4.108345050498074,6.650227674354782e-16
285.9877737306324,214.0673409409861,0.019225321801300106,214.02778112362537,4.115259996875885,7.901793196173889e-16
286.4877737306324,213.56758746736813,0.01930269586220538,213.5278016946642,4.122174192838106,9.197702969957064e-16
286.9877737306324,213.0678352210389,0.01938042937313238,213.0278222229367,4.129087639256633,1.0539334383652967e-15
287.4877737306324,212.56808421062186,0.019458524872554044,212.52784270816457,4.1360003370037255,8.349675368998045e-16
287.9877737306324,212.06833444482137,0.0195369849228571,212.02786315006628,4.14291228695203,7.89778794511127e-16
288.4877737306324,211.5685859324237,0.019615812110624357,211.5278835483573,4.149823489974621,6.807617379729192e-16
288.9877737306324,211.068838682298,0.01969500904692103,211.02790390274993,4.156733946945039,8.196076592701406e-16
289.4877737306324,210.56909270339727,0.01977457836758514,210.52792421295322,4.163643658737319,6.423072382234768e-16
289.9877737306324,210.06934800475938,0.019854522733522038,210.02794447867308,4.170552626226035,7.198395611907484e-16
290.4877737306324,209.569604595508,0.019934844831003155,209.52796469961208,4.17746085028633,1.0001258144270076e-15
290.9877737306324,209.0698624848537,0.02001554737196903,209.0279848754695,4.1843683317939595,9.51112745551476e-16
291.4877737306324,208.570121682095,0.020096633094336673,208.5280050059413,4.191275071625325,9.691542827408171e-16
291.9877737306324,208.0703821966193,0.020178104762311383,208.02802509071995,4.1981810706575144,9.875844920655849e-16
292.4877737306324,207.57064403790412,0.02025996516670304,207.52804512949447,4.205086329768336,6.469796160778893e-16
292.9877737306324,207.070907215518,0.020342217125246996,207.02806512195045,4.211990849836365,7.326061619847042e-16
293.4877737306324,206.57117173912172,0.02042486348292958,206.52808506776987,4.218894631740976,8.95973170674279e-16
293.9877737306324,206.07143761846942,0.02050790711231839,206.02810496663113,4.225797676362386,9.131855019466598e-16
294.4877737306324,205.57170486340965,0.02059135091389735,205.52812481820905,4.232699984581697,8.532088639423121e-16
294.9877737306324,205.07197348388652,0.02067519781640669,205.02814462217464,4.239601557280931,9.487457409096192e-16
295.4877737306324,204.57224348994097,0.020759450777187882,204.5281643781952,4.246502395343075,6.447414739319975e-16
295.9877737306324,204.07251489171182,0.020844112782533657,204.0281840859343,4.253402499652123,8.215686456763393e-16
296.4877737306324,203.57278769943704,0.020929186848043173,203.52820374505157,4.260301871093117,9.213106402943398e-16
296.9877737306324,203.07306192345493,0.021014676018982402,203.02822335520275,4.26720051055219,9.392842574870384e-16
297.4877737306324,202.5733375742054,0.021100583370649864,202.52824291603972,4.27409841891661,7.835366919512321e-16
297.9877737306324,202.07361466223117,0.02118691200874778,202.0282624272102,4.280995597074823,8.876687229454843e-16
298.4877737306324,201.57389319817904,0.021273665069758727,201.52828188835792,4.287892045916496,9.051211812543559e-16
298.9877737306324,201.07417319280123,0.021360845721327928,201.02830129912252,4.294787766332565,9.229631579407843e-16
299.4877737306324,200.57445465695662,0.021448457162651223,200.52832065913938,4.3016827592152795,1.129445246143618e-15
299.9877737306324,200.07473760161213,0.021536502624868864,200.02833996803963,4.308577025458246,1.1518257714802957e-15
300.4877737306324,199.575022037844,0.021624985371465223,199.52835922545017,4.315470565956476,1.1747096809750315e-15
300.9877737306324,199.07530797683927,0.0217139086986745,199.02837843099348,4.322363381606435,1.0982671621162984e-15
301.4877737306324,198.57559542989705,0.021803275935892572,198.52839758428766,4.329255473306086,9.165289734167409e-16
301.9877737306324,198.07588440842997,0.021893090446095036,198.0284166849463,4.336146841954945,1.0387583760923103e-15
302.4877737306324,197.57617492396562,0.021983355626261622,197.52843573257837,4.3430374884541205,1.1655761663228176e-15
302.9877737306324,197.076466988148,0.022074074907807044,197.0284547267883,4.34992741370637,1.1890408882537443e-15
303.4877737306324,196.576760612739,0.022165251757018403,196.5284736671759,4.356816618616148,1.4335947303241349e-15
303.9877737306324,196.07705580961985,0.022256889675499297,196.02849255333604,4.363705104089656,1.1250838876655951e-15
304.4877737306324,195.57735259079269,0.022348992200620706,195.52851138485892,4.370592871034898,1.1479151904029362e-15
304.9877737306324,195.07765096838204,0.02244156290597881,195.02853016132977,4.377479920361722,1.0541450199162404e-15
305.4877737306324,194.57795095463652,0.022534605401859864,194.52854888232898,4.3843662529818905,9.561348654325623e-16
305.9877737306324,194.0782525619302,0.022628123335712225,194.02856754743172,4.391251869809115,9.756944959295598e-16
306.4877737306324,193.5785558027645,0.022722120392625698,193.52858615620823,4.398136771759125,8.090128623248942e-16
306.9877737306324,193.0788606897695,0.022816600295818314,193.02860470822344,4.405020959749714,1.0796992942872714e-15
307.4877737306324,192.5791672357059,0.022911566807130673,192.52862320303714,4.411904434700799,8.426802400873733e-16
307.9877737306324,192.07947545346656,0.023007023727527994,192.0286416402037,4.418787197534475,6.616203889327903e-16
308.4877737306324,191.5797853560782,0.023102974897610026,191.52866001927205,4.425669249175076,9.45475588135446e-16
308.9877737306324,191.08009695670322,0.02319942419812893,191.02867833978573,4.43255059054923,5.51505413223777e-16
309.4877737306324,190.58041026864143,0.02329637555051531,190.52869660128266,4.439431222585916,7.037550566405099e-16
309.9877737306324,190.08072530533187,0.023393832917412545,190.0287148032951,4.446311146216527,5.029278157626975e-16
310.4877737306324,189.58104208035456,0.02349180030321952,189.52873294534953,4.453190362374928,5.868244062209407e-16
310.9877737306324,189.08136060743246,0.023590281754642003,189.02875102696666,4.460068871997521,5.991607233918264e-16
311.4877737306324,188.58168090043327,0.023689281361252743,188.52876904766129,4.466946676023301,3.8236950874283707e-16
311.9877737306324,188.0820029733714,0.023788803256060496,188.0287870069421,4.4738237753939245,4.685427881758676e-16
312.4877737306324,187.5823268404099,0.02388885161608814,187.52880490431193,4.480700171053772,4.784747284101675e-16
312.9877737306324,187.0826525158624,0.02398943066296003,187.02882273926713,4.48757586395001,3.2576364182429525e-16
313.4877737306324,186.58298001419516,0.024090544663498786,186.528840511298,4.4944508550326585,4.990614072057028e-16
313.9877737306324,186.08330935002905,0.02419219793033169,186.02885821988832,4.501325145254658,4.2477430696720405e-16
314.4877737306324,185.58364053814174,0.02429439482250686,185.52887586451547,4.508198735571937,1.7355184980978605e-16
314.9877737306324,185.08397359346966,0.024397139746119404,185.02889344465027,4.515071626943479,8.864125945632566e-17
315.4877737306324,184.58430853111025,0.024500437154947697,184.52891095975684,4.521943820331397,9.055206772507928e-17
315.9877737306324,184.08464536632408,0.02460429155110005,184.02892840929255,4.528815316700994,2.775287654723982e-16
316.4877737306324,183.58498411453704,0.02470870748567191,183.5289457927078,4.535686117020844,2.835452934667797e-16
316.9877737306324,183.08532479134263,0.02481368955941379,183.02896310944615,4.542556222262861,3.862796412264017e-16
317.4877737306324,182.58566741250425,0.02491924242341018,182.52898035894398,4.549425633402372,1.9735076064522977e-16
317.9877737306324,182.08601199395744,0.0250253707797696,182.02899754063046,4.556294351418191,1.0083290335979705e-16
318.4877737306324,181.58635855181234,0.02513207938232605,181.52901465392745,4.563162377292699,-0.0
318.9877737306324,181.08670710235603,0.025239373037352034,181.02903169824947,4.570029712011916,-1.0530990425799239e-16
319.4877737306324,180.58705766205495,0.02534725660428342,180.52904867300336,4.576896356565582,2.1526478239909078e-16
319.9877737306324,180.0874102475574,0.025455734996456356,180.02906557758837,4.583762311947234,1.1001295231121591e-16
320.4877737306324,179.58776487569602,0.025564813181856452,179.5290824113959,4.590627579154289,4.498128406070485e-16
320.9877737306324,179.08812156349046,0.02567449618388051,179.02909917380956,4.597492159188125,3.44864512112007e-16
321.4877737306324,178.58848032814984,0.025784789082111,178.5291158642048,4.604356053054159,5.87597792008123e-16
321.9877737306324,178.08884118707547,0.025895697013103573,178.029132481949,4.611219261761941,2.4029830243647647e-16
322.4877737306324,177.58920415786355,0.02600722517118783,177.52914902640117,4.618081786325231,7.370726949268263e-16
322.9877737306324,177.08956925830785,0.026119378809281658,177.02916549691193,4.624943627762086,3.1402585698089255e-16
323.4877737306324,176.58993650640252,0.02623216323971934,176.52918189282337,4.631804787094954,5.137831276788007e-16
323.9877737306324,176.09030592034495,0.026345583835093767,176.02919821346885,4.638665265350759,3.9406133268165814e-16
324.4877737306324,175.59067751853857,0.026459646029112986,175.52921445817285,4.645525063560992,4.0300921224418805e-16
324.9877737306324,175.09105131959583,0.026574355317471408,175.02923062625092,4.652384182761804,2.7479160275214897e-16
325.4877737306324,174.5914273423412,0.026689717258735954,174.52924671700947,4.6592426239941,4.2160253139799077e-16
325.9877737306324,174.0918056058141,0.02680573747524743,174.02926272974565,4.666100388303632,5.031383321495759e-16
326.4877737306324,173.59218612927208,0.026922421654037448,173.52927866374714,4.672957476741098,4.411711438694619e-16
326.9877737306324,173.09256893219387,0.027039775547761203,173.02929451829206,4.679813890362241,4.513389569620228e-16
327.4877737306324,172.59295403428263,0.02715780497564643,172.5293102926488,4.686669630227945,7.696206278490092e-16
327.9877737306324,172.09334145546913,0.027276515824458863,172.02932598607583,4.69352469740434,3.93732628686257e-16
328.4877737306324,171.59373121591508,0.02739591404948454,171.5293415978215,4.7003790929628995,7.252009370304903e-16
328.9877737306324,171.0941233360165,0.027516005675529275,171.0293571271241,4.707232817980553,5.772025554312116e-16
329.4877737306324,170.59451783640708,0.027636796797935705,170.52937257321128,4.714085873539788,5.907077759805675e-16
329.9877737306324,170.0949147379617,0.02775829358361819,170.02938793530032,4.720938260728754,6.909384089650359e-16
330.4877737306324,169.59531406179988,0.027880502272115987,169.52940321259757,4.72778998064138,7.072036105053549e-16
330.9877737306324,169.09571582928956,0.028003429176665106,169.02941840429858,4.734641034377482,9.048784077025183e-16
331.4877737306324,168.59612006205052,0.028127080685289123,168.52943350958776,4.7414914230428735,8.336797732982115e-16
331.9877737306324,168.09652678195826,0.02825146326190948,168.02944852763815,4.748341147749487,1.0431504206566042e-15
332.4877737306324,167.59693601114776,0.028376583447475578,167.52946345761134,4.7551902096154866,6.79643139511018e-16
332.9877737306324,167.09734777201732,0.0285024478611151,167.0294782986572,4.76203860976539,8.947163682758107e-16
333.4877737306324,166.59776208723244,0.028629063201305035,166.52949304991375,4.768886349330184,8.143748462278209e-16
333.9877737306324,166.0981789797299,0.02875643624706378,166.02950771050683,4.775733429447453,7.2971890248813e-16
334.4877737306324,165.59859847272185,0.02888457385916477,165.52952227955006,4.782579851261507,1.0676100108928361e-15
334.9877737306324,165.09902058969976,0.029013482981372147,165.02953675614447,4.789425615923496,8.747617488633725e-16
335.4877737306324,164.5994453544389,0.02914317064169884,164.52955113937844,4.796270724591555,1.1200031046743895e-15
335.9877737306324,164.0998727910024,0.02927364395368764,164.0295654283273,4.8031151784309225,9.178275836484535e-16
336.4877737306324,163.60030292374583,0.02940491011771568,163.52957962205323,4.809958978614085,1.2928506344175968e-15
336.9877737306324,163.10073577732143,0.02953697642232284,163.02959371960506,4.816802126320903,1.0235097789331551e-15
337.4877737306324,162.60117137668286,0.02966985024556463,162.52960772001794,4.823644622738759,1.23373965947056e-15
337.9877737306324,162.10160974708964,0.029803539056390004,162.0296216223131,4.83048646906269,1.1377575922192843e-15
338.4877737306324,161.60205091411194,0.02993805041604473,161.52963542549764,4.837327666495533,1.1659150367291063e-15
338.9877737306324,161.10249490363537,0.030073391979500794,161.0296491285644,4.844168216248077,9.957182712869736e-16
339.4877737306324,160.6029417418658,0.030209571496912436,160.52966273049137,4.851008119539201,8.844499310364155e-16
339.9877737306324,160.1033914553344,0.03034659681509942,160.02967623024182,4.857847377596033,1.1157544734094979e-15
340.4877737306324,159.60384407090262,0.030484475879058073,159.52968962676385,4.864685991654097,9.292766852852044e-16
340.9877737306324,159.10429961576745,0.03062321673350079,159.02970291899004,4.871523962957476,1.099209505252072e-15
341.4877737306324,158.60475811746656,0.030762827524424524,158.52971610583734,4.878361292758965,1.2020746318052204e-15
341.9877737306324,158.10521960388368,0.030903316500708995,158.02972918620668,4.885197982320231,1.2325047076368494e-15
342.4877737306324,157.60568410325413,0.031044692015745223,157.52974215898269,4.8920340329119885,1.1058314410365691e-15
342.9877737306324,157.10615164417027,0.031186962529095075,157.02975502303343,4.898869445814154,1.053008563224046e-15
343.4877737306324,156.60662225558718,0.031330136608182506,156.5297677772101,4.905704222316022,1.246071729352452e-15
343.9877737306324,156.10709596682852,0.03147422293001724,156.02978042034675,4.9125383637164415,1.2780330376373782e-15
344.4877737306324,155.60757280759228,0.031619230282951535,155.52979295125985,4.919371871323986,1.2235280366352161e-15
344.9877737306324,155.10805280795685,0.031765167568470885,155.02980536874807,4.926204746457139,1.4344228651176233e-15
345.4877737306324,154.6085359983871,0.03191204380301934,154.529817671592,4.9330369904444735,1.379609867227796e-15
345.9877737306324,154.10902240974065,0.032059868119860266,154.02982985855365,4.93986860462484,1.4154705231897823e-15
346.4877737306324,153.6095120732741,0.03220864977097332,153.52984192837624,4.9466995903475555,1.6460384912415893e-15
346.9877737306324,153.11000502064962,0.03235839812898851,153.02985387978381,4.953529948972595,1.4903937228390164e-15
347.4877737306324,152.61050128394152,0.03250912268915817,152.52986571148085,4.960359681870794,1.5295269537361507e-15
347.9877737306324,152.1110008956429,0.03266083307136766,152.02987742215197,4.96718879042404,1.4651689566378424e-15
348.4877737306324,151.61150388867256,0.032813539022185804,151.5298890104615,4.974017276025487,1.7187447007371711e-15
348.9877737306324,151.11201029638204,0.032967250416955855,151.029900475053,4.980845140079752,1.5437938557135875e-15
349.4877737306324,150.61252015256264,0.03312197726192801,150.52991181454914,4.987672384003137,1.4716784245812852e-15
349.9877737306324,150.11303349145277,0.03327772969643441,150.029923027551,4.994499009223837,1.6272136230081436e-15
350.4877737306324,149.61355034774533,0.03343451799510761,149.5299341126379,5.001325017182165,1.3127895382111519e-15
350.9877737306324,149.1140707565953,0.03359235257014357,149.02994506836683,5.008150409330775,1.4093709840463676e-15
351.4877737306324,148.61459475362744,0.03375124397361012,148.52995589327202,5.014975187134885,1.4474041937380867e-15
351.9877737306324,148.1151223749441,0.03391120289980213,148.0299665858646,5.021799352072513,1.5512344160449935e-15
352.4877737306324,147.61565365713335,0.03407224018764429,147.5299771446321,5.028622905634719,1.3942146660999918e-15
352.9877737306324,147.1161886372771,0.034234366823142834,147.029987568038,5.035445849325835,1.5686374553897995e-15
353.4877737306324,146.61672735295951,0.03439759394188716,146.5299978545212,5.042268184663719,1.6115636886541743e-15
353.9877737306324,146.11726984227545,0.034561932831602755,146.03000800249572,5.049089913180006,1.2958591747580282e-15
354.4877737306324,145.61781614383926,0.03472739493475644,145.53001801034995,5.055911036420358,1.4055477921018066e-15
354.9877737306324,145.11836629679357,0.03489399185121538,145.0300278764463,5.06273155594473,1.2923762774064868e-15
355.4877737306324,144.61892034081842,0.03506173534096102,144.5300375991208,5.06955147332763,1.3282463310514286e-15
355.9877737306324,144.1194783161405,0.03523063732685932,144.03004717668225,5.076370790158393,1.1243182962512995e-15
356.4877737306324,143.62004026354248,0.03540070989748872,143.53005660741204,5.083189508041458,1.1557475868831e-15
356.9877737306324,143.12060622437286,0.035571965310027105,143.0300658895633,5.090007628596648,1.442779844593653e-15
357.4877737306324,142.6211762405556,0.035744415993199344,142.5300750213606,5.09682515345945,1.3961435520363285e-15
357.9877737306324,142.12175035460027,0.03591807455028679,142.03008400099915,5.10364208428132,1.4355954700850997e-15
358.4877737306324,141.62232860961228,0.03609295376220036,141.5300928266443,5.110458422729976,1.4763095875749509e-15
358.9877737306324,141.12291104930338,0.03626906659061868,141.03010149643103,5.117274170489695,1.518331002805423e-15
359.4877737306324,140.62349771800228,0.03644642618119292,140.5301100084631,5.124089329261634,1.1712799458446008e-15
359.9877737306324,140.12408866066562,0.03662504586682004,140.03011836081265,5.130903900764137,1.405674461267463e-15
360.4877737306324,139.62468392288912,0.03680493917098612,139.53012655151946,5.137717886733067,1.0329482432720371e-15
360.9877737306324,139.12528355091894,0.036986119811181474,139.03013457859018,5.144531288922129,1.2753416721133945e-15
361.4877737306324,138.62588759166334,0.03716860170238942,138.53014243999783,5.151344109103204,1.312316269927647e-15
361.9877737306324,138.12649609270457,0.037352398960650575,138.030150133681,5.158156349066699,1.3505044433567873e-15
362.4877737306324,137.62710910231098,0.037537525906704526,137.5301576575431,5.164968010621894,1.389950675728419e-15
362.9877737306324,137.12772666944943,0.03772399706971087,137.03016500945174,5.171779095597293,1.3114761476403942e-15
363.4877737306324,136.62834884379797,0.03791182719105167,136.5301721872379,5.178589605840991,1.5955380334212048e-15
363.9877737306324,136.1289756757588,0.03810103122821738,136.0301791886951,5.185399543221055,1.642669239478933e-15
364.4877737306324,135.6296072164715,0.038291624358778406,135.53018601157876,5.192208909625887,1.3661117950369038e-15
364.9877737306324,135.13024351782653,0.03848362198444446,135.0301926536053,5.199017706964623,1.540751155134704e-15
365.4877737306324,134.6308846324791,0.03867703973521408,134.53019911245138,5.2058259371675275,1.7247664353617926e-15
365.9877737306324,134.13153061386325,0.03887189347361654,134.03020538575285,5.212633602186384,1.6343760369327253e-15
366.4877737306324,133.63218151620632,0.03906819929904864,133.53021147110414,5.219440703994925,1.683582712256088e-15
366.9877737306324,133.13283739454369,0.03926597355220881,133.03021736605723,5.2262472445892385,1.6590548258123009e-15
367.4877737306324,132.6334983047339,0.03946523281963115,132.53022306812068,5.233053225988205,1.5539921351905443e-15
367.9877737306324,132.13416430347417,0.03966599393832193,132.03022857475887,5.2398586502339315,1.4411918078072504e-15
368.4877737306324,131.63483544831595,0.03986827400050138,131.53023388339085,5.246663519392199,1.5677738150548678e-15
368.9877737306324,131.13551179768135,0.040072090358453466,131.03023899138944,5.253467835552925,1.4458049124020714e-15
369.4877737306324,130.63619341087943,0.04027746062948664,130.53024389608024,5.260271600830621,1.753365926558276e-15
369.9877737306324,130.13688034812319,0.04048440270100838,130.0302485947405,5.267074817364876,1.3557100831222443e-15
370.4877737306324,129.63757267054683,0.040692934735716745,129.53025308459812,5.273877487320842,1.3978205571385723e-15
370.9877737306324,129.1382704402234,0.040903075176911996,129.03025736283055,5.280679612889734,1.3453174863306596e-15
371.4877737306324,128.6389737201829,0.04111484275393152,128.53026142656364,5.2874811962893284,1.2883358132777089e-15
371.9877737306324,128.13968257443074,0.041328256487711504,128.03026527287048,5.2942822397644935,1.4310523778204442e-15
372.4877737306324,127.64039706796673,0.04154333569647871,127.53026889877023,5.301082745587716,1.3707738513781478e-15
372.9877737306324,127.1411172668044,0.04176010000157599,127.03027230122694,5.307882716059639,1.196640561471707e-15
373.4877737306324,126.64184323799086,0.04197856933342517,126.53027547714822,5.314682153509623,1.3469605721744606e-15
373.9877737306324,126.14257504962703,0.04219876393763111,126.030278423384,5.321481060296307,1.3899908307373646e-15
374.4877737306324,125.64331277088849,0.04242070438123086,125.53028113672526,5.328279438808185,1.4943510406769477e-15
374.9877737306324,125.14405647204669,0.04264441155909195,125.03028361390257,5.335077291464207,1.4807819069403985e-15
375.4877737306324,124.64480622449075,0.04286990670046394,124.53028585158478,5.341874620714374,1.3375872894507591e-15
375.9877737306324,124.14556210074973,0.04309721137568756,124.03028784637758,5.348671429040358,1.4467872983439886e-15
376.4877737306324,123.64632417451544,0.04332634750306589,123.53028959482197,5.355467718956137,1.4260577202335596e-15
376.9877737306324,123.14709252066586,0.04355733735590212,123.03029109339286,5.362263493008639,1.2623599429378609e-15
377.4877737306324,122.64786721528907,0.043790203569708655,122.53029233849749,5.3690587537784005,1.6660536135348846e-15
377.9877737306324,122.14864833570773,0.04402496914959239,122.03029332647371,5.375853503880246,1.3469208914056005e-15
378.4877737306324,121.64943596050428,0.04426165747782125,121.53029405358855,5.382647745963975,1.4688928337103376e-15
378.9877737306324,121.15023016954659,0.0445002923215772,121.03029451603639,5.389441482715073,1.4379205773526108e-15
379.4877737306324,120.65103104401439,0.04474089784090104,120.53029470993725,5.396234716855426,9.90669879742696e-16
379.9877737306324,120.15183866642627,0.04498349859683461,120.0302946313351,5.40302745114407,1.194595822858038e-15
380.4877737306324,119.65265312066738,0.04522811955976611,119.5302942761959,5.409819688377939,1.3230914888419702e-15
380.9877737306324,119.15347449201779,0.045474786117984445,119.03029364040586,5.416611431392638,1.2767128501748012e-15
381.4877737306324,118.65430286718161,0.04572352408644878,118.53029271976934,5.423402683063244,1.2258477827965715e-15
381.9877737306324,118.15513833431679,0.04597435971577958,118.03029151000705,5.430193446305102,1.2677291599574865e-15
382.4877737306324,117.6559809830657,0.04622731970147774,117.53029000675386,5.43698372407467,1.2103661258450088e-15
382.9877737306324,117.1568309045865,0.046482431193378485,117.03028820555676,5.44377351937035,1.14774012491367e-15
383.4877737306324,116.65768819158521,0.046739721805347155,116.53028610187263,5.450562835233367,1.079517667259532e-15
383.9877737306324,116.15855293834876,0.04699921962522404,116.03028369106615,5.457351674748653,1.1170501655147176e-15
384.4877737306324,115.65942524077877,0.04726095322502575,115.5302809684073,5.464140041045758,9.82650590600425e-16
384.9877737306324,115.16030519642621,0.047524951671410895,115.03027792906919,5.470927937299781,1.1966106296684891e-15
385.4877737306324,114.66119290452697,0.04779124453641811,114.53027456812548,5.47771536673232,1.0529558224866986e-15
385.9877737306324,114.16208846603843,0.04805986190848464,114.03027088054799,5.484502332612451,1.2184829899844852e-15
386.4877737306324,113.66299198367682,0.04833083440375414,113.53026686120404,5.491288838257727,9.2974830033521e-16
386.9877737306324,113.16390356195572,0.048604193177682525,113.03026250485384,5.498074887035196,9.629512675661465e-16
387.4877737306324,112.66482330722549,0.04887996993695114,112.53025780614769,5.5048604823624565,9.974961845624623e-16
387.9877737306324,112.16575132771375,0.04915819695169662,112.03025275962328,5.511645627708725,8.858088249560873e-16
388.4877737306324,111.66668773356693,0.04943890706806751,111.53024735970261,5.518430326595935,9.943674014269171e-16
388.9877737306324,111.16763263689298,0.04972213372111765,111.03024160068921,5.525214582599866,1.109803689931219e-15
389.4877737306324,110.66858615180513,0.05000791094804706,110.53023547676486,5.5319983993512984,7.395128005529046e-16
389.9877737306324,110.16954839446693,0.05029627340180115,110.0302289819865,5.538781780537184,7.666582931591127e-16
390.4877737306324,109.67051948313842,0.05058725636503974,109.53022211028293,5.545564729901874,7.949314929204918e-16
390.9877737306324,109.17149953822363,0.05088089576448755,109.03021485545149,5.552347251248342,5.495898182740464e-16
391.4877737306324,108.6724886823193,0.05117722818567842,108.5302072111545,5.559129348439471,6.650567841055793e-16
391.9877737306324,108.17348704026496,0.05147629088810585,108.03019917091568,5.565911025399342,4.928078785595477e-16
392.4877737306324,107.67449473919446,0.05177812182079301,107.53019072811642,5.572692286114583,5.113272713626687e-16
392.9877737306324,107.17551190858877,0.05208275963829584,107.03018187599203,5.579473134635725,5.306342974236766e-16
393.4877737306324,106.67653868033044,0.0523902437171532,106.53017260762773,5.586253575078617,5.507663741846217e-16
393.9877737306324,106.17757518875936,0.05270061417279889,106.03016291595458,5.593033611625853,5.71762884057043e-16
394.4877737306324,105.67862157073031,0.05301391187695055,105.53015279374532,5.5998132485282595,2.968326437630088e-16
394.9877737306324,105.17967796567194,0.05333017847549127,105.03014223360996,5.606592490106394,3.699103460037664e-16
395.4877737306324,104.68074451564752,0.05364945640686022,104.53013122799133,5.613371340752108,5.122917890111271e-16
395.9877737306324,104.1818213654174,0.05397178892096926,104.03011976916054,5.620149804930132,4.656793490431922e-16
396.4877737306324,103.68290866250324,0.054297220098663154,103.530107849212,5.626927887179702,4.147456357486737e-16
396.9877737306324,103.18400655725407,0.054625794871741656,103.0300954600587,5.633705592116245,5.02864662450209e-16
397.4877737306324,102.68511520291429,0.05495755904356248,102.53008259342697,5.640482924433079,2.2401571150970713e-16
397.9877737306324,102.18623475569363,0.05529255931024484,102.03006924085132,5.647259888903189,3.8816270397124056e-16
398.4877737306324,101.6873653748391,0.055630843282494104,101.53005539366886,5.654036490381025,3.2290412611198447e-16
398.9877737306324,101.18850722270909,0.05597245950806881,101.03004104301378,5.660812733804352,3.358361433133974e-16
399.4877737306324,100.68966046484967,0.05631745749491224,100.53002617981153,5.667588624196163,4.3669291291742503e-16
399.9877737306324,100.19082527007306,0.056665887734971464,100.03001079477279,5.674364166666619,4.543604610217653e-16
400.4877737306324,99.69200181053851,0.0570178017287279,99.5299948783872,5.681139366415061,1.891348010658221e-16
400.9877737306324,99.19319026183554,0.057373252010464115,99.02997842091703,5.6879142287320565,1.9686556867918755e-16
401.4877737306324,98.69439080306968,0.05773229217429291,98.52996141239043,5.694688759001519,1.0247698852432698e-16
401.9877737306324,98.19560361695085,0.058094976900975454,98.02994384259463,5.701462962702867,2.1341851028848517e-16
402.4877737306324,97.6968288898843,0.05846136198555654,97.52992570106879,5.708236845413253,2.2227870880168007e-16
402.9877737306324,97.19806681206445,0.05883150436584616,97.0299069770966,5.71501041280984,1.736664265945837e-16
403.4877737306324,96.69931757757148,0.05920546215177759,96.52988765969872,5.721783670672155,-6.031748657364513e-17
403.9877737306324,96.20058138447095,0.059583294655673746,96.02986773762478,5.728556624884489,6.286149151049026e-17
404.4877737306324,95.7018584349165,0.05996506242345455,95.52984719934537,5.735329281438369,-1.3105388444287876e-16
404.9877737306324,95.20314893525573,0.06035082726681965,95.02982603304338,5.742101646435104,-1.3664063240089072e-16
405.4877737306324,94.70445309613932,0.060740652296442176,94.52980422660539,5.748873726088386,-7.124847297863195e-17
405.9877737306324,94.20577113263369,0.06113460195621062,94.02978176761246,5.755645526726973,-0.0
406.4877737306324,93.70710326433709,0.06153274205855776,93.52975864333082,5.762417054797435,-7.753863322027323e-17
406.9877737306324,93.20844971549948,0.061935139820916835,93.02973484070199,5.76918831686699,-8.091649711905946e-17
407.4877737306324,92.70981071514613,0.06234186390334725,92.52971034633279,5.775959319626404,-0.0
407.9877737306324,92.21118649720523,0.0627529844473736,92.02968514648477,5.782730069892971,-2.6454326711844525e-16
408.4877737306324,91.71257730063961,0.06316857311608387,91.52965922706336,5.789500574613591,-2.7626019169985083e-16
408.9877737306324,91.2139833695827,0.06358870313553475,91.02963257360656,5.79627084086791,-2.8856454246685307e-16
409.4877737306324,90.71540495347894,0.06401344933751356,90.52960517127332,5.803040875871567,-3.014892280366398e-16
409.9877737306324,90.21684230722873,0.06444288820370934,90.02957700483121,5.80981068697952,-3.15069195988217e-16
410.4877737306324,89.71829569133823,0.06487709791134708,89.52954805864408,5.81658028168947,-3.293415714066816e-16
410.9877737306324,89.21976537207401,0.06531615838034188,89.02951831665872,5.8233496676453775,-3.443458056790347e-16
411.4877737306324,88.72125162162297,0.06576015132203264,88.52948776239144,5.830118852641075,-4.20144475756445e-16
411.9877737306324,88.22275471825746,0.06620916028955673,88.02945637891386,5.83688784462399,-3.7672025901849343e-16
412.4877737306324,87.7242749465061,0.06666327072993072,87.52942414883839,5.843656651698965,-3.9418251197808314e-16
412.9877737306324,87.2258125973302,0.06712257003790471,87.02939105430278,5.850425282132188,-3.438008959156089e-16
413.4877737306324,86.7273679683064,0.06758714761166082,86.52935707695455,5.857193744355234,-7.198494727548219e-16
413.9877737306324,86.22894136381531,0.06805709491043005,86.02932219793436,5.863962046969213,-4.522855585996329e-16
414.4877737306324,85.73053309523685,0.06853250551410471,85.52928639785905,5.8707301987490625,-5.527079303625549e-16
414.9877737306324,85.23214348115218,0.06901347518492729,85.0292496568037,5.877498208647916,-3.309112848209467e-16
415.4877737306324,84.73377284755274,0.06950010193134064,84.5292119542833,5.884266085801645,-6.936088281170498e-16
415.9877737306324,84.2354215280566,0.06999248607408795,84.02917326923343,5.891033839533495,-3.635617202668956e-16
416.4877737306324,83.73708986413237,0.0704907303146555,83.52913357999024,5.897801479358874,-4.765446535175179e-16
416.9877737306324,83.23877820533107,0.07099493980615522,83.02909286426966,5.904569014990267,-4.998530901566851e-16
417.4877737306324,82.74048690952625,0.07150522222674907,82.52905109914572,5.911336456342296,-6.293427151847807e-16
417.9877737306324,82.2422163431627,0.07202168785572192,82.02900826102787,5.918103813536926,-4.4033765159130176e-16
418.4877737306324,81.74396688151404,0.07254444965231471,81.52896432563755,5.924871096908815,-4.0449350224986084e-16
418.9877737306324,81.24573890894986,0.07307362333743525,81.02891926798368,5.931638317010826,-3.640925383362743e-16
419.4877737306324,80.74753281921228,0.07360932747836965,80.52887306233711,5.938405484619687,-4.462071243344883e-16
419.9877737306324,80.24934901570293,0.07415168357662338,80.02882568220394,5.945172610741826,-2.0094173942566417e-16
420.4877737306324,79.75118791178036,0.07470081615902736,79.52877710029792,5.951939706619362,-4.928236292966585e-16
420.9877737306324,79.2530499310685,0.0752568528722512,79.02872728851132,5.958706783736276,-3.701211146261032e-16
421.4877737306324,78.75493550777671,0.07581992458087271,78.52867621788491,5.965473853824761,-1.5571186596460455e-16
421.9877737306324,78.25684508703172,0.07639016546916051,78.02862385857635,5.972240928871738,-4.095611702075573e-16
422.4877737306324,77.75877912522229,0.07696771314673433,77.5285701798274,5.9790080211255905,-3.448313736109282e-16
422.9877737306324,77.26073809035684,0.07755270875827576,77.02851514992955,5.985775143103058,-4.537927280006026e-16
423.4877737306324,76.7627224624348,0.07814529709747169,76.5284587361882,5.992542307596352,-4.779063866438593e-16
423.9877737306324,76.26473273383228,0.07874562672538124,76.02840090488522,5.999309527680465,-4.027768789429785e-16
424.4877737306324,75.76676940970272,0.07935385009342759,75.52834162123986,6.0060768167206895,-5.305844938359429e-16
424.9877737306324,75.26883300839307,0.07997012367122608,75.02828084936787,6.012844188380349,-4.474811773333935e-16
425.4877737306324,74.77092406187643,0.08059460807947148,74.5282185522388,6.019611656628762,-3.5393087739252126e-16
425.9877737306324,74.27304311620165,0.0812274682281187,74.0281546916312,6.0263792357494115,-6.223057402386308e-16
426.4877737306324,73.77519073196095,0.08186887346010399,73.52808922808605,6.03314694034836,-6.567447958624871e-16
426.9877737306324,73.27736748477616,0.08251899770086678,73.02802212085773,6.039914785362907,-4.853397063700167e-16
427.4877737306324,72.7795739658046,0.08317801961394615,72.52795332786292,6.04668278607046,-3.661249820492138e-16
427.9877737306324,72.28181078226545,0.08384612276294116,72.02788280562696,6.0534509580976925,-3.0945216488552103e-16
428.4877737306324,71.78407855798764,0.08452349578013965,71.52781050922773,6.060219317429922,-6.541276459649527e-16
428.9877737306324,71.28637793398026,0.08521033254213708,71.0277363922369,6.066987880420773,-6.051689043203292e-16
429.4877737306324,70.78870956902655,0.0859068323527848,70.52766040665826,6.073756663802079,-4.572186951494854e-16
429.9877737306324,70.29107414030268,0.08661320013382577,70.02758250286314,6.080525684694074,-4.838058372720004e-16
430.4877737306324,69.79347234402249,0.0873296466235962,69.52750262952274,6.087294960615851,-6.14573152518101e-16
430.9877737306324,69.2959048961094,0.08805638858419261,69.02742073353704,6.094064509496093,-7.593083327603609e-16
431.4877737306324,68.79837253289706,0.0887936490175267,68.52733675996025,6.100834349684095,-6.320619755061912e-16
431.9877737306324,68.30087601185978,0.08954165739071455,68.02725065192256,6.10760449996107,-5.481102783488053e-16
432.4877737306324,67.80341611237473,0.0903006498712723,67.52716235054801,6.114374979551743,-7.103310436610394e-16
432.9877737306324,67.30599363651706,0.09107086957261805,67.02707179486816,6.121145808136234,-5.480089460663244e-16
433.4877737306324,66.80860940988987,0.0918525668104088,66.52697892173137,6.127917005862243,-5.088793771754532e-16
433.9877737306324,66.31126428249084,0.0926459993702724,66.02688366570752,6.134688593357535,-6.946576906760842e-16
434.4877737306324,65.81395912961723,0.09345143278752752,65.52678595898779,6.141460591742704,-9.018364207641356e-16
434.9877737306324,65.31669485281137,0.09426914063952048,65.02668573127913,6.148233022644247,-7.841198769789491e-16
435.4877737306324,64.81947238084877,0.09509940485124511,64.52658290969343,6.155005908207936,-7.410301857323271e-16
435.9877737306324,64.32229267077106,0.09594251601495248,64.02647741863063,6.161779271112467,-8.867445031855127e-16
436.4877737306324,63.825156708966155,0.09679877372450023,63.526369179655696,6.16855313458341,-1.0485117622833976e-15
436.9877737306324,63.32806551229814,0.09766848692523773,63.026258111369124,6.175327522407433,-8.930813219884668e-16
437.4877737306324,62.83102012928964,0.09855197428027211,62.52614412927031,6.182102458946802,-1.0702491457808299e-15
437.9877737306324,62.33402164135948,0.09944956455401326,62.02602714561356,6.188877969154143,-8.871534600631333e-16
438.4877737306324,61.83707116411859,0.10036159701395228,61.5259070692562,6.195654078587459,-1.013539484883601e-15
438.9877737306324,61.34016984872758,0.10128842185168838,61.02578380549831,6.202430813425372,-8.65034051990816e-16
439.4877737306324,60.843318883319135,0.10223040062428383,60.52565725591353,6.209208200482593,-8.46397932230733e-16
439.9877737306324,60.346519494489144,0.10318790671709639,60.025527318170404,6.215986267225579,-9.03931655979995e-16
440.4877737306324,59.84977294886023,0.10416132582931262,59.52539388584353,6.222765041788361,-1.2293250513772092e-15
440.9877737306324,59.35308055472193,0.10515105648348609,59.02525684821406,6.229544552988513,-1.0326800152096809e-15
441.4877737306324,58.85644366375188,0.10615751056046976,58.52511609005867,6.236324830343218,-1.1046957532421552e-15
441.9877737306324,58.35986367282273,0.10718111386122435,58.02497149142625,6.24310590408539,-1.0749133166063781e-15
442.4877737306324,57.8633420258997,0.10822230669708369,57.52482292740165,6.249887805179821,-9.209531042919854e-16
442.9877737306324,57.36688021603422,0.10928154451016449,57.024670267855434,6.256670565339276,-1.0485650915291115e-15
443.4877737306324,56.870479787459324,0.11035929852572289,56.524513377178735,6.263454217040488,-9.2589688382396e-16
443.9877737306324,56.3741423377928,0.11145605643838359,56.024352114002255,6.270238793539962,-1.0643330751504499e-15
444.4877737306324,55.87786952035468,0.11257232313430054,55.52418633089828,6.277024328889528,-1.1426083956655704e-15
444.9877737306324,55.38166304660606,0.11370862145145166,55.024015874064496,6.283810857951537,-1.063756318717287e-15
445.4877737306324,54.8855246887165,0.11486549298042481,54.52384058298831,6.290598416413586,-8.795671939538524e-16
445.9877737306324,54.38945628226822,0.1160434989082193,54.02366029009046,6.297387040802659,-1.1352799456455633e-15
446.4877737306324,53.89345972910536,0.11724322090776766,53.52347482034612,6.304176768498539,-1.018267596530175e-15
446.9877737306324,53.39753700033766,0.11846526207607731,53.02328399088223,6.310967637746344,-8.773740490923734e-16
447.4877737306324,52.90169013950817,0.11971024792410258,52.52308761054907,6.317759687667988,-1.182022230196449e-15
447.9877737306324,52.40592126593565,0.12097882742168568,52.02288547946428,6.324552958272384,-1.0198819273884308e-15
448.4877737306324,51.910232578242805,0.1222716741011522,51.52267738852722,6.331347490464151,-1.0319637655680637e-15
448.9877737306324,51.41462635808254,0.12358948722341401,51.022463118901626,6.338143326050564,-1.0403015835970283e-15
449.4877737306324,50.9191049740753,0.12493299301072314,50.52224244146392,6.344940507746466,-9.638094238138562e-16
449.9877737306324,50.42367088597135,0.1263029459505342,50.02201511621471,6.3517390791767845,-1.0425493005249712e-15
450.4877737306324,49.928326649053204,0.12770013017527515,49.52178089165066,6.358539084876327,-1.0345380031794786e-15
450.9877737306324,49.433074918794404,0.12912536092319704,49.021539504093575,6.36534057028637,-9.170100082528191e-16
451.4877737306324,48.93791845579202,0.1305794860858774,48.52129067697336,6.372143581747619,-1.1047280073545201e-15
451.9877737306324,48.44286013099189,0.13206338784839047,48.02103412006129,6.378948166488975,-1.1388212349617931e-15
452.4877737306324,47.94790293122679,0.13357798442863597,47.52076952864947,6.385754372611513,-9.113104639115673e-16
452.9877737306324,47.453049965089626,0.13512423192283876,47.020496582672294,6.392562249066955,-9.197822280424045e-16
453.4877737306324,46.95830446916525,0.13670312626480013,46.52021494576507,6.399371845629917,-1.1545444147993205e-15
453.9877737306324,46.46366981464666,0.1383157053071009,46.019924264254705,6.406183212862994,-1.2571016114923013e-15
454.4877737306324,45.9691495143633,0.1399630510331336,45.51962416607674,6.412996402073742,-1.0959985609713417e-15
454.9877737306324,45.47474723025154,0.14164629190958147,45.019314259612564,6.41981146526239,-6.973878350764317e-16
455.4877737306324,44.980466781299846,0.14336660538977056,44.51899413244019,6.426628455059073,-1.0877528806200285e-15
455.9877737306324,44.48631215200413,0.14512522057920824,44.01866334999084,6.433447424649098,-9.510187446246056e-16
456.4877737306324,43.99228750137144,0.1469234210755917,43.518321454103564,6.440268427684644,-7.802665681969291e-16
456.9877737306324,43.49839717251376,0.14876254799663546,43.01796796146874,6.447091518181076,-8.544145337930293e-16
457.4877737306324,43.004645702877134,0.15064400321023505,42.51760236195064,6.453916750395753,-8.585154464993226e-16
457.9877737306324,42.51103783515544,0.1525692527827681,42.017224116778344,6.4607441786869915,-5.994786061511529e-16
458.4877737306324,42.01757852894241,0.15453983066274601,41.51683265659313,6.467573857350521,-3.7628603893377123e-16
458.9877737306324,41.52427297318029,0.1565573426185825,41.016427379339035,6.474405840430342,-1.0344588634906675e-16
459.4877737306324,41.031126599469054,0.15862347045095646,40.51600764798229,6.481240181500579,5.694055977287619e-17
459.9877737306324,40.53814509630561,0.16073997650213367,40.0155727880437,6.4880769334143515,-0.0
460.4877737306324,40.04533442432918,0.1629087084866939,39.5151220849261,6.494916148015238,2.769833726123207e-16
460.9877737306324,39.552700832655916,0.16513160467040935,39.014654781017505,6.501757875806178,4.589884752604942e-16
461.4877737306324,39.06025087639399,0.1674106994265646,38.51417007254828,6.508602165570053,7.615176770087266e-16
461.9877737306324,38.56799143543871,0.16974812920182153,38.013667106178254,6.515449063935269,1.3118835785147673e-15
462.4877737306324,38.07592973465727,0.17214613892685227,37.5131449752871,6.522298614878796,1.4547255247193634e-15
462.9877737306324,37.58407336558324,0.1746070889104213,37.01260271593853,6.529150859157977,1.326802332679981e-15
463.4877737306324,37.09243030975269,0.17713346225943669,36.512039302484965,6.536005833661199,1.8600107486999764e-15
463.9877737306324,36.60100896382752,0.17972787287175848,36.011453642776395,6.542863570666051,1.7852327535500562e-15
464.4877737306324,36.109818166665505,0.18239307405329777,35.51084457293194,6.549724096991939,2.1496583627038797e-15
464.9877737306324,35.61886722851384,0.18513196781622768,35.01021085162873,6.556587433032158,2.7557980062366443e-15
465.4877737306324,35.12816596252043,0.1879476149210208,34.5095511538568,6.563453591648209,3.2803870312816893e-15
465.9877737306324,34.637724718778074,0.1908432457316059,34.0088640640825,6.570322576906522,3.673777875186174e-15
466.4877737306324,34.14755442113933,0.19382227196028717,33.50814806875652,6.577194382634693,4.49540838475196e-15
466.9877737306324,33.65766660706526,0.19688829938729052,33.00740154809411,6.5840689907708505,5.260944399230593e-15
467.4877737306324,33.168073470799925,0.2000451416490094,32.50662276704669,6.5909463694755885,6.078213884179453e-15
467.9877737306324,32.67878791019464,0.203296835199344,32.00580986537344,6.597826470971134,6.6736892830291706e-15
468.4877737306324,32.18982357754183,0.20664765556011414,31.504960846710294,6.604709229066738,7.736989312379535e-15
468.9877737306324,31.701194934818876,0.2101021349895446,31.004073566520095,6.611594556322683,9.036562890126464e-15
469.4877737306324,31.21291731378811,0.21366508171246723,30.503145718793085,6.6184823407975175,1.0241381895115974e-14
469.9877737306324,30.725006981450314,0.21734160087237953,30.002174821349147,6.62537244231401,1.1848275107376773e-14
470.4877737306324,30.237481211407243,0.2211371173840992,29.50115819957378,6.632264688168501,1.3562935963227204e-14
470.9877737306324,29.750358361754376,0.22505740088675044,29.000092968396974,6.639158868195645,1.565122239315218e-14
471.4877737306324,29.263657960199286,0.22910859302054712,28.498976012297984,6.6460547290854475,1.755398427539693e-14
471.9877737306324,28.777400797185344,0.23329723727768661,27.997803963089122,6.652951967831629,2.0219474097614262e-14
472.4877737306324,28.29160902789603,0.2376303117080794,27.49657317519697,6.659850224169189,2.319769178882829e-14
472.9877737306324,27.80630628412384,0.2421152647951236,26.99527969811962,6.666749071833704,2.667487653941147e-14
473.4877737306324,27.321517797111397,0.24676005485587846,26.493919245692116,6.67364800844483,3.046199458181311e-14
473.9877737306324,26.837270532613463,0.2515731933644717,25.992487161739184,6.680546443780371,3.486760272274517e-14
474.4877737306324,26.353593339589327,0.2565637926481681,25.490978381632008,6.687443686164136,4.000610817522596e-14
474.9877737306324,25.87051711411907,0.2617416184631269,24.989387389194125,6.694338926638934,4.564922952551493e-14
475.4877737306324,25.38807498034753,0.26711714802250525,24.487708168317724,6.701231220533557,5.2466080621936614e-14
475.9877737306324,24.90630249050099,0.2727016341244066,23.98593414855424,6.708119465957316,6.025660272210618e-14
476.4877737306324,24.42523784629835,0.27850717611256937,23.48405814382974,6.715002378664463,6.903097187968774e-14
476.9877737306324,23.94492214439627,0.2845467985001881,22.98207228330291,6.721878462620338,8.009764682372153e-14
477.4877737306324,23.465399648873525,0.2908345381986105,22.47996793322878,6.72874597546671,9.264186869347318e-14
477.9877737306324,22.986718094180763,0.29738554141984785,21.977735608510304,6.735602887919945,1.0687850640736358e-13
478.4877737306324,22.508929022467083,0.3042161714671257,21.4753648724077,6.742446835935629,1.2413862408209562e-13
478.9877737306324,22.032088159754966,0.31134412879359613,20.972844222627607,6.74927506422806,1.4440736967460042e-13
479.4877737306324,21.556255836081707,0.31878858489862744,20.470160961722918,6.7560843594320055,1.6792363605026024e-13
479.9877737306324,21.081497455472803,0.32657033184683276,19.967301049393257,6.762870970823355,1.956443112726826e-13
480.4877737306324,20.607884022476977,0.3347119494404741,19.464248933876817,6.769630516057504,2.288991344240084e-13
480.9877737306324,20.135492732991835,0.34323799235451635,18.960987359156178,6.776357868817631,2.677318027669552e-13
481.4877737306324,19.664407638265278,0.352175199858844,18.457497144153947,6.783047024561651,3.144249400587803e-13
481.9877737306324,19.19472039229426,0.36155273110722475,17.953756929455363,6.789690939681332,3.6980399139048617e-13
482.4877737306324,18.726531094387006,0.37140242937015855,17.44974288635174,6.796281338295247,4.3578549793268676e-13
482.9877737306324,18.25994924043681,0.38175911903031234,16.94542838213716,6.802808479531769,5.152017150380822e-13
483.4877737306324,17.79509479850823,0.3926609396443631,16.44078359459742,6.809260876446945,6.10537161472712e-13
483.9877737306324,17.33209942669395,0.40414972190009013,15.935775067494578,6.81562495557252,7.251961164145349e-13
484.4877737306324,16.871107853898195,0.41627141085375746,15.430365197565038,6.821884643384042,8.634679570147159e-13
484.9877737306324,16.41227944727273,0.4290765424037818,14.92451164211725,6.828020862569002,1.0312217981702819e-12
485.4877737306324,15.95578999350127,0.4426207795143991,14.418166634754238,6.834010916670746,1.2350942180059336e-12
485.9877737306324,15.501833725011378,0.45696551520247164,13.911276195100356,6.839827736247038,1.4832437086484683e-12
486.4877737306324,15.050625626481406,0.47217854967177686,13.40377921676619,6.845438952812707,1.7867054322277767e-12
486.9877737306324,14.602404061658097,0.488334849116266,12.895606416290542,6.850805758161234,2.1594364899976504e-12
487.4877737306324,14.157433765403606,0.5055173934597728,12.386679124704397,6.855881495723395,2.6190742150047502e-12
487.9877737306324,13.716009250853265,0.5238181194249217,11.876907903070427,6.860609916871502,3.1883576416787062e-12
488.4877737306324,13.278458686255767,0.5433389634976059,11.366190964491416,6.864923017872448,3.897442993161684e-12
488.9877737306324,12.84514829995319,0.5641930061045006,10.854412388614879,6.868738351813538,4.785829819409272e-12
489.4877737306324,12.416487374217528,0.586505712988574,10.34144012203665,6.871955683532444,5.908236199059318e-12
489.9877737306324,11.992933888061987,0.6104162614369361,9.827123771364436,6.874452823731474,7.337564349830184e-12
490.4877737306324,11.575000863889617,0.6360789264436723,9.311292218151017,6.876080440719532,9.17605769169476e-12
490.9877737306324,11.163263460362725,0.6636644834251528,8.793751120866176,6.876655604996836,1.1569368637876976e-11
491.4877737306324,10.758366830603034,0.6933615576140263,8.274280424673398,6.875953774981779,1.4726450081157465e-11
491.9877737306324,10.361034725937156,0.7253778131009068,7.7526320832222835,6.8736988859178405,1.8951741951043268e-11
492.4877737306324,9.972078764582633,0.7599408236048864,7.228528318444643,6.8695511670329505,2.4693163644423504e-11
492.9877737306324,9.592408194078144,0.7972983992508839,6.701660916867721,6.863092299914466,3.2609797836982125e-11
493.4877737306324,9.223039846768868,0.8377180563224786,6.171692297066522,6.85380756991441,4.366583649941371e-11
493.9877737306324,8.865107809784458,0.8814852095415796,5.638259392046362,6.841064793371159,5.924393111805174e-11
494.4877737306324,8.519872096920542,0.9288995427225114,5.100981771023561,6.82409008729886,8.126007736081084e-11
494.9877737306324,8.188725317384502,0.9802688857316278,4.559475851004088,6.801941067642711,1.122062684839174e-10
495.4877737306324,7.873195994819346,1.0358998192300726,4.013377447291072,6.77347891695359,1.5498376368124607e-10
495.9877737306324,7.574946828855114,1.0960841892266824,3.462375135987175,6.7373420484401665,2.1224164919577447e-10
496.4877737306324,7.2957658702753445,1.1610808114113478,2.9062566983517426,6.691925854129003,2.8480785067289407e-10
496.9877737306324,7.037548397625836,1.2310919747019555,2.34496991865831,6.63537516117315,3.6873747837059156e-10
497.4877737306324,6.8022673736756625,1.3062350170282966,1.7786967770542674,6.565598159975156,4.508172563459991e-10
497.9777264516905,6.595898900616552,1.3848473819541491,1.2194445308270874,6.482193868081279,4.957720749796864e-10
498.44265330177785,6.423920580586561,1.4638773816483295,0.6855309419042052,6.387237505633833,4.799994466829608e-10
498.885843012706,6.283035691099616,1.54299636267805,0.17464566926054642,6.2806079630749245,4.1092116505288655e-10
499.31014138205677,6.170393877386413,1.621881149671141,-0.315076396235874,6.1623443158121844,3.0050828379909587e-10
499.7171305137871,6.083688867306814,1.700046925190539,-0.7841329134402233,6.032943378505439,1.651672582533837e-10
500.106939824607,6.020904310125792,1.7767854559308853,-1.2314885405214393,5.893617283659987,2.4822588358561954e-11
500.4780018900452,5.980011714086268,1.8511073788860262,-1.6543975902490413,5.746608453164975,-1.0026872707877385e-10
500.8266587292318,5.958633602212849,1.921673602481882,-2.048112054227312,5.595583206310925,-1.945525560608909e-10
501.10237349121456,5.953519753378598,1.9777173526426126,-2.3563057885498333,5.467377843602517,-2.1810216952652769e-10
501.37793597634845,5.958840031457315,2.033728174845683,-2.6610587672908204,5.3316545984828085,-2.411217295967855e-10
501.65412906466815,5.974614940385825,2.0896673551530442,-2.9628120158642144,5.188233672892167,-2.631434709877439e-10
501.96560517074147,6.004866051588839,2.1522699382938946,-3.2982084816469697,5.017991342072655,-3.0367501599392187e-10
502.30325171434276,6.05240255530439,2.2192569503549686,-3.6554103578130817,4.823852382427135,-3.589140858430244e-10
502.66175298504913,6.119354758812733,2.289042702496425,-4.026934865962326,4.607634778224184,-4.2106412625397635e-10
503.03796862163193,6.207399674050955,2.3604350000625773,-4.40786772959374,4.370642148679533,-4.822281324884579e-10
503.4303422721903,6.3179833462806965,2.432534377729124,-4.795193856707621,4.113760984849961,-5.375377680573173e-10
503.83863076784087,6.4525459385242465,2.504684459661168,-5.187449030031251,3.8374108002132865,-5.863210896168496e-10
504.2637225108305,6.612727320651401,2.576427353198907,-5.584448780676876,3.5414819543922573,-6.315496723409896e-10
504.7075014356685,6.8005434622735885,2.6474583965411878,-5.987059973264155,3.225291344795112,-6.785555943364445e-10
505.17276737841365,7.018542842038435,2.717585068310285,-6.397033168857207,2.8875439844389676,-7.338037731076677e-10
505.66322849137026,7.269963171754488,2.786693893024616,-6.816911235836723,2.5262790268277198,-8.040205068414855e-10
506.16322849137026,7.547209822789742,2.852165610063065,-7.233302923871046,2.1539974282093644,-8.73492373338747e-10
506.66322849137026,7.843702860953716,2.9128027235999037,-7.639308128783281,1.7789451606047901,-9.307299081075258e-10
507.16322849137026,8.157642957380224,2.9688597125361817,-8.036246800221246,1.4020969959417695,-9.756053052716798e-10
507.66322849137026,8.487354829558361,3.0206261200576443,-8.425333197904223,1.0241838248677042,-1.009233478856142e-09
508.16322849137026,8.83129686403849,3.068407766546277,-8.807657082863479,0.6457406688918433,-1.0334388882587671e-09
508.66322849137026,9.188063444528762,3.1125128291983137,-9.184178838820351,0.2671496158526247,-1.050237826877195e-09
509.16322849137026,9.556382039833537,3.153242088318356,-9.55573360206733,-0.11132393082504724,-1.0614970712263981e-09
509.66322849137026,9.93510679329388,3.190882524432213,-9.923040608386108,-0.48950186769251663,-1.0687745852353346e-09
510.16322849137026,10.323209994922253,3.2257034800624917,-10.286715066819312,-0.8672702769813397,-1.0732854087948466e-09
510.66322849137026,10.719772472303008,3.257954702361966,-10.647280786160884,-1.244561657208915,-1.0759297027605225e-09
511.16322849137026,11.123973638498935,3.2878657100344943,-11.005182471264023,-1.621341507580172,-1.0773513358393597e-09
511.66322849137026,11.535081695521484,3.315646052779008,-11.360797091888136,-1.9975983478419466,-1.0779960728957857e-09
512.1632284913703,11.952444308928337,3.3414861407409195,-11.714444047958951,-2.3733363868766055,-1.0781651781293381e-09
512.6632284913703,12.375479935366632,3.365558410722313,-12.066394055220636,-2.7485701982663997,-1.0780577896876359e-09
513.1632284913703,12.803669890956712,3.3880186654890667,-12.416876791510635,-3.1233208962634698,-1.0778008310948922e-09
513.6632284913703,13.23655118508928,3.409007474893168,-12.766087404889012,-3.4976134214950827,-1.0774756599603979e-09
514.1632284913703,13.673710103503259,3.428651565869198,-13.114192011147317,-3.871474640160643,-1.0771306737638991e-09
514.6632284913703,14.114776499965298,3.4470651557593452,-13.461332313822073,-4.244932034888462,-1.0767941038251125e-09
515.1632284913703,14.559418742527141,3.464351202558328,-13.807629473930621,-4.618012822729382,-1.0764804885135981e-09
515.6632284913703,15.00733925451176,3.4806025587296534,-14.153187345016448,-4.990743379184693,-1.0761973819892012e-09
516.1632284913703,15.458270589421096,3.4959030239235815,-14.49809517523638,-5.363148879674034,-1.0759469882034365e-09
516.6632284913703,15.911971981003713,3.5103282975039263,-14.842429864153367,-5.735253093973752,-1.0757284292735408e-09
517.1632284913703,16.36822631349102,3.523946835208041,-15.186257848687973,-6.107078286940718,-1.0755396264351903e-09
517.6632284913703,16.82683746165063,3.5368206162045954,-15.529636680828558,-6.47864519188026,-1.0753770649879884e-09
518.1632284913703,17.287627955258856,3.549005827763797,-15.872616349368359,-6.849973032444123,-1.0752382590736493e-09
518.6632284913703,17.75043692751346,3.560553475057131,-16.21524038910463,-7.221079575879454,-1.0751199772721904e-09
519.1632284913703,18.21511831158611,3.5715099234964,-16.557546813483196,-7.591981205482012,-1.0750196599346041e-09
519.6632284913703,18.68153925383987,3.581917380667885,-16.899568900443366,-7.962693003747363,-1.0749344724957305e-09
520.1632284913703,19.149578716160057,3.5918143244268577,-17.241335856045495,-8.333228840338556,-1.0748619823210046e-09
520.6632284913703,19.619126243356156,3.601235883163276,-17.582873376186633,-8.703601460874316,-1.0748006876977421e-09
521.1632284913703,20.090080874699975,3.610214173678368,-17.924204123183767,-9.073822573889556,-1.0747484517747474e-09
521.6632284913703,20.56235018139744,3.6187786015533385,-18.265348131101838,-9.443902934278283,-1.0747040814052492e-09
522.1632284913703,21.03584941418007,3.6269561283629135,-18.60632315131741,-9.813852422204533,-1.0746665579131153e-09
522.6632284913703,21.510500747282638,3.634771509597272,-18.94714494784665,-10.183680116938877,-1.0746346702803033e-09
523.1632284913703,21.986232606880286,3.642247506710084,-19.287827550352304,-10.553394365402845,-1.0746072458799817e-09
523.6632284913703,22.462979073624197,3.6494050763086294,-19.628383471416022,-10.92300284542309,-1.0745839435940925e-09
524.1632284913703,22.940679350270372,3.6562635391429206,-19.968823893567464,-11.292512623841102,-1.0745640734180728e-09
524.6632284913703,23.41927728656833,3.662840731231797,-20.309158830658475,-11.661930209714953,-1.0745470600404213e-09
525.1632284913703,23.898720954590093,3.669153139181967,-20.649397267423772,-12.031261602902466,-1.0745326989790298e-09
525.6632284913703,24.378962268556116,3.6752160215074348,-20.989547280451646,-12.400512338341816,-1.0745202180552097e-09
526.1632284913703,24.85995664397267,3.681043517538304,-21.329616143275278,-12.769687526354419,-1.0745093516986857e-09
526.6632284913703,25.341662691550958,3.686648745316237,-21.669610417869304,-13.138791889291642,-1.0745000957972144e-09
527.1632284913703,25.824041941945953,3.692043889705828,-22.00953603448142,-13.507829794835569,-1.0744920791581124e-09
527.6632284913703,26.30705859784502,3.6972402818039947,-22.349398361432524,-13.876805286248306,-1.0744852917846155e-09
528.1632284913703,26.79067931036316,3.702248470600647,-22.689202266271586,-14.24572210984536,-1.0744789448217016e-09
528.6632284913703,27.274872977072274,3.7070782877311226,-23.02895216946371,-14.614583739948939,-1.074474031644602e-09
529.1632284913703,27.759610559314066,3.7117389060621093,-23.368652091615704,-14.983393401556471,-1.0744692720192945e-09
529.6632284913703,28.244864916726502,3.716238892766297,-23.70830569509678,-15.352154090940113,-1.0744657086159716e-09
530.1632284913703,28.7306106571582,3.720586257465202,-24.047916320788406,-15.720868594373876,-1.0744624168492474e-09
530.6632284913703,29.216824000358194,3.72478849595314,-24.387487020592665,-16.08953950516704,-1.0744593793198294e-09
531.1632284913703,29.703482654015,3.728852629957003,-24.727020586240123,-16.458169239165922,-1.0744568042436372e-09
531.6632284913703,30.190565700881642,3.7327852433352624,-25.06651957486288,-16.82676004887058,-1.0744546363623944e-09
532.1632284913703,30.67805349586627,3.7365925150746,-25.405986331734777,-17.195314036298914,-1.0744525691156478e-09
532.6632284913703,31.165927572093196,3.7402802494029204,-25.745423010526057,-17.563833164717614,-1.0744507707826786e-09
533.1632284913703,31.65417055504914,3.743853903302611,-26.084831591373508,-17.932319269347804,-1.074449495755143e-09
533.6632284913703,32.14276608402638,3.7473186116771307,-26.424213897027137,-18.300774067142466,-1.0744479485144158e-09
534.1632284913703,32.631698740159614,3.7506792103968265,-26.7635716073004,-18.669199165723168,-1.0744471215790493e-09
534.6632284913703,33.12095398042877,3.753940257425883,-27.102906272021748,-19.037596071554958,-1.074445979092777e-09
535.1632284913703,33.61051807706611,3.757106052211049,-27.44221932266002,-19.40596619743044,-1.0744449830261198e-09
535.6632284913703,34.10037806186499,3.760180653493982,-27.78151208277437,-19.774310869327017,-1.0744444065829668e-09
536.1632284913703,34.59052167493956,3.7631678956923524,-28.120785777420853,-20.142631332695057,-1.074443347985844e-09
536.6632284913703,35.08093731753079,3.7660714039800482,-28.460041541631377,-20.510928758228886,-1.074442701113425e-09
537.1632284913703,35.57161400849518,3.768894608183644,-28.799280428066734,-20.87920424716764,-1.0744420350436653e-09
537.6632284913703,36.06254134414901,3.7716407556005884,-29.138503413933154,-21.24745883616821,-1.0744417426193046e-09
538.1632284913703,36.5537094611733,3.7743129228341257,-29.477711407241323,-21.615693501788577,-1.0744411617518797e-09
538.6632284913703,37.045109002313595,3.7769140267306556,-29.816905252477248,-21.98390916461607,-1.0744408574490415e-09
539.1632284913703,37.536731084634475,3.779446834496928,-30.156085735746693,-22.352106693071658,-1.0744405791452868e-09
539.6632284913703,38.02856727011174,3.78191397306704,-30.49525358944749,-22.720286906918762,-1.0744402802705142e-09
540.1632284913703,38.52060953836576,3.7843179377825464,-30.834409496517992,-23.088450580501853,-1.074439829288693e-09
540.6632284913703,39.01285026135801,3.7866611004430504,-31.173554094304574,-23.456598445738212,-1.0744395898075555e-09
541.1632284913703,39.50528217988939,3.78894571677929,-31.512687978086163,-23.824731194883825,-1.0744392051140624e-09
541.6632284913703,39.99789838175363,3.7911739333959447,-31.85181170428976,-24.192849483092306,-1.0744387933164573e-09
542.1632284913703,40.49069228141262,3.7933477942270692,-32.190925793427176,-24.560953930784365,-1.0744387824118994e-09
542.6632284913703,40.98365760107239,3.7954692465431954,-32.530030732779935,-24.92904512584329,-1.0744386285555164e-09
543.1632284913703,41.47678835304931,3.797540146545637,-32.86912697885629,-25.297123625650958,-1.0744383870703179e-09
543.6632284913703,41.970078823325906,3.7995622645803895,-33.208214959642234,-25.665189958977187,-1.0744384764692123e-09
544.1632284913703,42.46352355620435,3.801537290001173,-33.54729507666544,-26.033244627734366,-1.0744384201152708e-09
544.6632284913703,42.95711733997378,3.8034668357085994,-33.88636770688979,-26.401288108608117,-1.0744382168946765e-09
545.1632284913703,43.45085519351471,3.80535244239012,-34.22543320445577,-26.769320854573817,-1.0744380974449692e-09
545.6632284913703,43.944732353770384,3.807195582483311,-34.56449190228094,-27.13734329630793,-1.074437893951266e-09
546.1632284913703,44.43874426402064,3.8089976638831486,-34.90354411353281,-27.50535584350249,-1.0744378705485292e-09
546.6632284913703,44.93288656289952,3.810760033412195,-35.2425901329858,-27.87335888608993,-1.0744377020675042e-09
547.1632284913703,45.42715507410241,3.8124839800710553,-35.581630238272076,-28.241352795385534,-1.0744376517380725e-09
547.6632284913703,45.92154579673312,3.8141707380850334,-35.920664691035995,-28.60933792515334,-1.074437659339417e-09
548.1632284913703,46.416054896245214,3.8158214897616247,-36.25969373799999,-28.977314612601592,-1.0744374321781545e-09
548.6632284913703,46.910678695935644,3.8174373681723,-36.5987176119499,-29.345283179312794,-1.0744374975605303e-09
549.1632284913703,47.405413668952,3.819019459670967,-36.93773653264625,-29.713243932113368,-1.07443752650434e-09
549.6632284913703,47.90025643077781,3.8205688062605057,-37.27675070766785,-30.081197163887193,-1.0744373372667128e-09
550.1632284913703,48.39520373216299,3.822086407817892,-37.615760333193386,-30.449143154337165,-1.074437525456582e-09
550.6632284913703,48.89025245246926,3.8235732241875993,-37.95476559472584,-30.817082170698644,-1.0744373704836835e-09
551.1632284913703,49.385399593402425,3.825030177152223,-38.29376666776481,-31.185014468408017,-1.0744374864630347e-09
551.6632284913703,49.88064227310573,3.826458152288593,-38.63276371843049,-31.552940291729755,-1.0744372523552126e-09
552.1632284913703,50.37597772059041,3.8278580007170095,-38.971756904043595,-31.920859874344746,-1.0744371960809885e-09
552.6632284913703,50.871403270481295,3.829230540750671,-39.31074637366437,-32.288773439902734,-1.0744371728058542e-09
553.1632284913703,51.366916358056855,3.8305765594518273,-39.649732268594235,-32.65668120254117,-1.0744371342443124e-09
553.6632284913703,51.86251451456494,3.8318968141007264,-39.988714722842616,-33.02458336737301,-1.0744371697160385e-09
554.1632284913703,52.358195362796394,3.8331920335829563,-40.327693863562,-33.392480130945316,-1.0744371865739256e-09
554.6632284913703,52.85395661290026,3.834462919700404,-40.66666981145342,-33.760371681670904,-1.0744373613260608e-09
555.1632284913703,53.349796058425476,3.8357101484106546,-41.00564268114463,-34.128258200234605,-1.0744369025026479e-09
555.6632284913703,53.84571157257486,3.836934370999326,-41.344612581543196,-34.49613985997596,-1.0744371599445926e-09
556.1632284913703,54.34170110465833,3.838136215189511,-41.68357961616616,-34.86401682724985,-1.074437173546382e-09
556.6632284913703,54.83776267673314,3.8393162861922043,-42.022543883448144,-35.23188926176656,-1.0744369311439377e-09
557.1632284913703,55.33389438041983,3.840475167701328,-42.36150547702939,-35.599757316912516,-1.074437046762872e-09
557.6632284913703,55.83009437388315,3.8416134228367143,-42.700464486025304,-35.96762114005305,-1.0744370104320176e-09
558.1632284913703,56.32636087896837,3.842731595038179,-43.03942099527875,-36.335480872818195,-1.0744371811033461e-09
558.6632284913703,56.82269217848353,3.843830208913604,-43.37837508559633,-36.70333665137283,-1.0744368941805934e-09
559.1632284913703,57.31908661361913,3.8449097710437514,-43.71732683396985,-37.071188606671775,-1.0744370631665444e-09
559.6632284913703,57.815542581497354,3.8459707707463533,-44.0562763137839,-37.43903686470123,-1.0744370371267715e-09
560.1632284913703,58.31205853284319,3.847013680801843,-44.39522359501072,-37.806881546707,-1.074437047336304e-09
560.6632284913703,58.808632969770514,3.848038958142954,-44.73416874439293,-38.17472276941063,-1.0744371388425358e-09
561.1632284913703,59.30526444367664,3.8490470445102507,-45.07311182561535,-38.5425606452139,-1.0744370798542234e-09
561.6632284913703,59.80195155323914,3.8500383670755327,-45.412052899466204,-38.910395282392656,-1.0744371926949188e-09
562.1632284913703,60.298692942509234,3.8510133390349295,-45.75099202398883,-39.27822678528047,-1.0744372604254784e-09
562.6632284913703,60.79548729909641,3.851972360173376,-46.089929254624295,-39.64605525444266,-1.0744374422113764e-09
563.1632284913703,61.292333352439165,3.852915817402067,-46.428864644345616,-40.01388078684146,-1.0744374848844476e-09
563.6632284913703,61.78922987215727,3.8538440852703784,-46.76779824378404,-40.381703475992715,-1.0744372944652481e-09
564.1632284913703,62.28617566648097,3.8547575264536547,-47.1067301013481,-40.74952341211454,-1.0744375008492056e-09
564.6632284913703,62.78316958075314,3.85565649221817,-47.44566026333568,-41.11734068226855,-1.0744373481978258e-09
565.1632284913703,63.28021049600035,3.856541322864502,-47.78458877403975,-41.485155370494006,-1.0744371952087637e-09
565.6632284913703,63.777297327569286,3.8574123481504663,-48.12351567584799,-41.85296755793536,-1.074437263581203e-09
566.1632284913703,64.274429023825,3.858269887694704,-48.46244100933691,-42.22077732296336,-1.0744371802020795e-09
566.6632284913703,64.77160456490775,3.8591142513619383,-48.801364813360586,-42.588584741290354,-1.0744369896589802e-09
567.1632284913703,65.26882296154551,3.859945739630866,-49.14028712513445,-42.95638988608,-1.0744372590058371e-09
567.6632284913703,65.76608325391912,3.8607646439455805,-49.47920798031456,-43.324192828051586,-1.0744371853872027e-09
568.1632284913703,66.26338451057741,3.8615712470513817,-49.81812741307243,-43.69199363557941,-1.074437223093992e-09
568.6632284913703,66.76072582739985,3.8623658233157725,-50.15704545616573,-44.05979237478745,-1.0744368285677254e-09
569.1632284913703,67.25810632660425,3.8631486390353933,-50.49596214100532,-44.42758910963952,-1.0744371325293044e-09
569.6632284913703,67.75552515579723,3.8639199527296078,-50.83487749771854,-44.79538390202522,-1.0744369518842522e-09
570.1632284913703,68.25298148706538,3.8646800154214103,-51.17379155520915,-45.163176811841915,-1.0744372561671363e-09
570.6632284913703,68.75047451610507,3.865429070906285,-51.512704341214125,-45.53096789707278,-1.074436930469429e-09
571.1632284913703,69.24800346138905,3.866167356009616,-51.851615882357464,-45.89875721386151,-1.0744366930898885e-09
571.6632284913703,69.74556756336794,3.8668951008332075,-52.1905262042011,-46.266544816583405,-1.0744369426709317e-09
572.1632284913703,70.24316608370509,3.8676125289914505,-52.52943533129327,-46.63433075791327,-1.0744370244834573e-09
572.6632284913703,70.74079830454302,3.868319857837635,-52.868343287214294,-47.00211508889041,-1.074436954112248e-09
573.1632284913703,71.23846352780002,3.869017298680884,-53.20725009462011,-47.36989785898047,-1.0744370934857324e-09
573.6632284913703,71.73616107449554,3.869705056994156,-53.54615577528346,-47.73767911613474,-1.0744369600142794e-09
574.1632284913703,72.2338902841029,3.8703833326137453,-53.88506035013312,-48.10545890684682,-1.074436971802554e-09
574.6632284913703,72.73165051392802,3.871052319930678,-54.22396383929102,-48.4732372762066,-1.0744369378936037e-09
575.1632284913703,73.22944113851314,3.871712208074383,-54.56286626210767,-48.841014267952225,-1.074436946991742e-09
575.6632284913703,73.72726154906417,3.872363181089002,-54.90176763719569,-49.20878992451946,-1.0744370039960673e-09
576.1632284913703,74.22511115290067,3.8730054181026774,-55.24066798246167,-49.57656428708924,-1.0744370195092863e-09
576.6632284913703,74.72298937292744,3.873639093490141,-55.57956731513666,-49.944337395632964,-1.074436922274721e-09
577.1632284913703,75.22089564712678,3.874264377028909,-55.91846565180491,-50.31210928895599,-1.074437188062844e-09
577.6632284913703,75.71882942807028,3.87488143404938,-56.257363008431454,-50.67988000473925,-1.074437070017326e-09
578.1632284913703,76.21679018244956,3.875490425579098,-56.596259400388185,-51.04764957957918,-1.0744369948662542e-09
578.6632284913703,76.71477739062489,3.87609150848146,-56.93515484247881,-51.41541804902585,-1.0744371460314703e-09
579.1632284913703,77.212790546191,3.8766848355891,-57.27404934896247,-51.783185447619715,-1.074436892299365e-09
579.6632284913703,77.71082915555931,3.877270555832197,-57.61294293357642,-52.150951808926685,-1.074437080131452e-09
580.1632284913703,78.20889273755583,3.877848814361919,-57.95183560955753,-52.51871716557187,-1.0744372203039772e-09
580.6632284913703,78.7069808230341,3.8784197526692292,-58.29072738966282,-52.88648154927184,-1.0744369834001582e-09
581.1632284913703,79.20509295450246,3.8789835086992466,-58.62961828618897,-53.254244990865764,-1.0744370704735086e-09
581.6632284913703,79.7032286857651,3.8795402169613555,-58.96850831099103,-53.622007520345136,-1.0744369928003318e-09
582.1632284913703,80.20138758157624,3.8800900086352486,-59.307397475500224,-53.98976916688237,-1.074437101113347e-09
582.6632284913703,80.69956921730694,3.8806330116730745,-59.64628579074092,-54.35752995885826,-1.0744369864173003e-09
583.1632284913703,81.19777317862398,3.8811693508978595,-59.98517326734687,-54.72528992388839,-1.0744369986510625e-09
583.6632284913703,81.69599906118022,3.881699148098355,-60.324059915576726,-55.09304908884848,-1.0744368549511045e-09
584.1632284913703,82.1942464703162,3.8822225221204674,-60.66294574532867,-55.46080747989878,-1.0744368887490494e-09
584.6632284913703,82.69251502077225,3.8827395889554044,-61.0018307661548,-55.828565122507435,-1.074436538533051e-09
585.1632284913703,83.19080433641074,3.883250461824685,-61.34071498727439,-56.19632204147302,-1.0744367086298536e-09
585.6632284913703,83.68911404994826,3.8837552512621323,-61.67959841758696,-56.564078260946246,-1.0744364667688727e-09
586.1632284913703,84.18744380269703,3.8842540651929784,-62.01848106568452,-56.93183380445076,-1.0744367821497632e-09
586.6632284913703,84.68579324431538,3.884747009010199,-62.35736293986341,-57.299588694903235,-1.0744366595056745e-09
587.1632284913703,85.18416203256675,3.885234185648187,-62.69624404813559,-57.66734295463256,-1.0744366000759007e-09
587.6632284913703,85.68254983308714,3.8857156956538756,-63.03512439823941,-58.03509660539856,-1.0744367262362238e-09
588.1632284913703,86.18095631916039,3.886191637255412,-63.37400399764998,-58.402849668409814,-1.074436814738472e-09
588.6632284913703,86.6793811715011,3.886662106428479,-63.71288285358897,-58.77060216434088,-1.0744366913197141e-09
589.1632284913703,87.177824078045,3.8871271969603574,-64.05176097303425,-59.1383541133489,-1.0744368728247279e-09
589.6632284913703,87.67628473374619,3.887587000511818,-64.39063836272877,-59.50610553508956,-1.074436726429726e-09
590.1632284913703,88.17476284038129,3.888041606676933,-64.7295150291894,-59.873856448732525,-1.0744368206206462e-09
590.6632284913703,88.67325810636015,3.8884911030408795,-65.06839097871516,-60.241606872976305,-1.0744368246850722e-09
591.1632284913703,89.17177024654261,3.8889355752358203,-65.40726621739522,-60.609356826062516,-1.0744366969660682e-09
591.6632284913703,89.67029898206151,3.8893751069949323,-65.74614075111658,-60.977106325789755,-1.074436701625707e-09
592.1632284913703,90.16884404015137,3.8898097802046556,-66.0850145855713,-61.3448553895269,-1.0744368863164382e-09
592.6632284913703,90.66740515398266,3.890239674955229,-66.42388772626369,-61.71260403422591,-1.0744368888486335e-09
593.1632284913703,91.16598206250146,3.890664869589578,-66.76276017851691,-62.080352276434226,-1.0744371503771331e-09
593.6632284913703,91.66457451027425,3.8910854407506204,-67.1016319474795,-62.4481001323068,-1.074437099371535e-09
594.1632284913703,92.16318224733772,3.8915014634270437,-67.44050303813157,-62.81584761761758,-1.0744371878892927e-09
594.6632284913703,92.6618050290533,3.8919130109976137,-67.77937345529077,-63.183594747770655,-1.0744369577630798e-09
595.1632284913703,93.16044261596635,3.8923201552740703,-68.11824320361801,-63.55134153781105,-1.0744370640246783e-09
595.6632284913703,93.65909477366975,3.8927229665426615,-68.45711228762293,-63.91908800243505,-1.0744369184791629e-09
596.1632284913703,94.15776127267182,3.893121513604366,-68.79598071166916,-64.28683415600042,-1.0744371488338015e-09
596.6632284913703,94.65644188826832,3.893515863813849,-69.13484847997947,-64.65458001253582,-1.074437111150218e-09
597.1632284913703,95.15513640041841,3.8939060831172063,-69.47371559664052,-65.02232558575048,-1.074437036212776e-09
597.6632284913703,95.6538445936245,3.894292236088528,-69.81258206560759,-65.39007088904303,-1.0744368472039321e-09
598.1632284913703,96.15256625681572,3.8946743859653354,-70.15144789070908,-65.7578159355104,-1.0744369512233384e-09
598.6632284913703,96.65130118323499,3.8950525946829266,-70.49031307565083,-66.12556073795618,-1.074437270107007e-09
599.1632284913703,97.1500491703296,3.8954269229076686,-70.82917762402025,-66.49330530889893,-1.0744369016915743e-09
599.6632284913703,97.64881001964487,3.8957974300692753,-71.16804153929036,-66.86104966057995,-1.0744371078475154e-09
600.1632284913703,98.14758353672134,3.896164174392109,-71.50690482482354,-67.22879380497112,-1.0744371769124087e-09
600.6632284913703,98.64636953099475,3.8965272129255344,-71.84576748387529,-67.59653775378217,-1.0744371421140434e-09
601.1632284913703,99.14516781569914,3.896886601573363,-72.1846295195978,-67.96428151846789,-1.0744372272193291e-09
601.6632284913703,99.64397820777286,3.897242395122418,-72.52349093504334,-68.33202511023511,-1.074437313038832e-09
602.1632284913703,100.14280052776724,3.89759464727025,-72.86235173316754,-68.69976854004935,-1.0744373459026856e-09
602.6632284913703,100.641634599758,3.897943410652032,-73.20121191683259,-69.06751181864142,-1.0744371311393241e-09
603.1632284913703,101.14048025125935,3.898288736866663,-73.5400714888103,-69.43525495651365,-1.0744371843794121e-09
603.6632284913703,101.63933731314036,3.8986306765021084,-73.87893045178497,-69.80299796394597,-1.0744372818015697e-09
604.1632284913703,102.13820561954398,3.8989692791599984,-74.21778880835632,-70.1707408510019,-1.074437278113915e-09
604.6632284913703,102.63708500780828,3.8993045934795165,-74.5566465610421,-70.53848362753422,-1.0744371512184774e-09
605.1632284913703,103.13597531838994,3.8996366671605953,-74.89550371228081,-70.90622630319054,-1.0744371072279046e-09
605.6632284913703,103.63487639479,3.899965546986446,-75.23436026443424,-71.27396888741863,-1.0744371735560497e-09
606.1632284913703,104.13378808348165,3.9002912788454442,-75.57321621978983,-71.64171138947171,-1.0744372132240126e-09
606.6632284913703,104.63271023384009,3.9006139077523936,-75.91207158056307,-72.0094538184134,-1.0744372602427834e-09
607.1632284913703,105.13164269807436,3.9009334778691844,-76.25092634889974,-72.37719618312276,-1.0744370402682684e-09
607.6632284913703,105.6305853311611,3.9012500325248713,-76.58978052687813,-72.74493849229889,-1.074437143834192e-09
608.1632284913703,106.12953799078011,3.901563614235186,-76.92863411651115,-73.11268075446553,-1.074437305440032e-09
608.6632284913703,106.62850053725177,3.9018742647215072,-77.26748711974831,-73.48042297797576,-1.0744374786936392e-09
609.1632284913703,107.1274728334761,3.902182024929299,-77.60633953847777,-73.848165171016,-1.0744373054582357e-09
609.6632284913703,107.6264547448736,3.902486935046042,-77.94519137452811,-74.21590734161049,-1.0744374418109164e-09
610.1632284913703,108.12544613932761,3.902789034518669,-78.2840426296703,-74.58364949762513,-1.0744374852526205e-09
610.6632284913703,108.62444688712833,3.9030883620705223,-78.62289330561931,-74.95139164677174,-1.0744374795227602e-09
611.1632284913703,109.12345686091827,3.9033849557178466,-78.96174340403597,-75.31913379661154,-1.0744375499743474e-09
611.6632284913703,109.62247593563927,3.903678852785836,-79.30059292652845,-75.68687595455923,-1.0744376983496355e-09
612.1632284913703,110.12150398848087,3.9039700899242438,-79.639441874654,-76.05461812788633,-1.074437725303458e-09
612.6632284913703,110.62054089883009,3.9042587031225735,-79.97829024992036,-76.42236032372483,-1.0744375834695843e-09
613.1632284913703,111.11958654822254,3.904544727724862,-80.31713805378732,-76.79010254907067,-1.0744378975947805e-09
613.6632284913703,111.61864082029489,3.904828198444067,-80.65598528766806,-77.15784481078688,-1.0744377630113163e-09
614.1632284913703,112.11770360073847,3.905109149376072,-80.99483195293065,-77.52558711560698,-1.0744378835081523e-09
614.6632284913703,112.61677477725421,3.9053876140133204,-81.33367805089927,-77.89332947013799,-1.074438001952667e-09
615.1632284913703,113.11585423950869,3.905663625258091,-81.67252358285556,-78.26107188086347,-1.0744380146936047e-09
615.6632284913703,113.6149418790914,3.9059372154354253,-82.01136855003986,-78.6288143541466,-1.0744380035974443e-09
616.1632284913703,114.11403758947303,3.906208416305713,-82.35021295365242,-78.99655689623289,-1.0744380660677266e-09
616.6632284913703,114.6131412659649,3.9064772590769565,-82.68905679485451,-79.36429951325313,-1.0744379284311181e-09
617.1632284913703,115.1122528056794,3.906743774416712,-83.02790007476958,-79.73204221122599,-1.0744377784725735e-09
617.6632284913703,115.6113721074915,3.907007992463725,-83.3667427944844,-80.09978499606069,-1.0744378901569776e-09
618.1632284913703,116.11049907200116,3.9072699428392665,-83.70558495505,-80.46752787355959,-1.0744378131321676e-09
618.6632284913703,116.60963360149674,3.907529654658179,-84.04442655748277,-80.83527084942068,-1.0744377278839147e-09
619.1632284913703,117.10877559991937,3.907787156539641,-84.38326760276544,-81.20301392923999,-1.0744376025582992e-09
619.6632284913703,117.60792497282816,3.9080424766176596,-84.72210809184799,-81.570757118514,-1.0744377236059316e-09
620.1632284913703,118.10708162736631,3.9082956425512947,-85.06094802564863,-81.93850042264182,-1.0744379007147478e-09
620.6632284913703,118.60624547222808,3.9085466815346304,-85.3997874050546,-82.30624384692757,-1.0744377234531701e-09
621.1632284913703,119.10541641762653,3.9087956203064933,-85.73862623092315,-82.67398739658246,-1.0744376886661182e-09
621.6632284913703,119.60459437526214,3.9090424851599304,-86.07746450408226,-83.04173107672699,-1.0744376315799264e-09
622.1632284913703,120.10377925829215,3.909287301951449,-86.41630222533155,-83.40947489239291,-1.0744377627538032e-09
622.6632284913703,120.60297098130066,3.909530096110031,-86.75513939544298,-83.77721884852531,-1.0744378553107847e-09
623.1632284913703,121.10216946026947,3.909770892645923,-87.09397601516163,-84.14496294998456,-1.0744375464895426e-09
623.6632284913703,121.60137461254963,3.910009716159209,-87.4328120852065,-84.51270720154808,-1.0744378275275513e-09
624.1632284913703,122.10058635683373,3.9102465908481796,-87.77164760627109,-84.8804516079125,-1.0744378196181944e-09
624.6632284913703,122.59980461312873,3.91048154051749,-88.11048257902424,-85.2481961736951,-1.0744378180602928e-09
625.1632284913703,123.09902930272958,3.910714588586126,-88.44931700411065,-85.61594090343583,-1.0744377692414186e-09
625.6632284913703,123.59826034819342,3.910945758095173,-88.78815088215165,-85.98368580159887,-1.0744379976521047e-09
626.1632284913703,124.09749767331441,3.9111750717154026,-89.12698421374573,-86.35143087257438,-1.0744378864585424e-09
626.6632284913703,124.59674120309911,3.911402551754673,-89.46581699946918,-86.71917612068019,-1.0744378689418287e-09
627.1632284913703,125.09599086374254,3.9116282201651553,-89.80464923987675,-87.08692155016311,-1.0744377773457589e-09
627.6632284913703,125.5952465826047,3.9118520985503897,-90.14348093550207,-87.4546671652008,-1.0744377060815716e-09
628.1632284913703,126.0945082881877,3.9120742081721698,-90.48231208685831,-87.82241296990313,-1.0744377918247682e-09
628.6632284913703,126.59377591011344,3.9122945699572678,-90.82114269443876,-88.19015896831353,-1.0744375245273561e-09
629.1632284913703,127.09304937910177,3.912513204504002,-91.15997275871716,-88.55790516441063,-1.0744375858168201e-09
629.6632284913703,127.59232862694921,3.9127301320886487,-91.4988022801484,-88.92565156210952,-1.074437813390643e-09
630.1632284913703,128.0916135865081,3.9129453726717065,-91.8376312591689,-89.2933981652632,-1.0744375239049985e-09
630.6632284913703,128.59090419166625,3.913158945904013,-92.17645969619711,-89.66114497766377,-1.074437725053987e-09
631.1632284913703,129.09020037732714,3.9133708711327224,-92.51528759163392,-90.02889200304388,-1.0744375818274418e-09
631.6632284913703,129.58950207939043,3.913581167407142,-92.85411494586327,-90.39663924507784,-1.0744375791882236e-09
632.1632284913703,130.08880923473302,3.9137898534844395,-93.19294175925238,-90.76438670738295,-1.07443751145764e-09
632.6632284913703,130.58812178119055,3.9139969478352143,-93.53176803215229,-91.13213439352066,-1.0744374562432353e-09
633.1632284913703,131.0874396575392,3.9142024686489467,-93.87059376489819,-91.49988230699775,-1.0744375579460077e-09
633.6632284913703,131.58676280347802,3.91440643383932,-94.20941895780986,-91.86763045126746,-1.0744373501560045e-09
634.1632284913703,132.08609115961167,3.914608861049424,-94.54824361119206,-92.23537882973064,-1.0744372856247832e-09
634.6632284913703,132.58542466743341,3.9148097676568403,-94.88706772533489,-92.6031274457368,-1.0744375081498062e-09
635.1632284913703,133.0847632693086,3.915009170778614,-95.22589130051409,-92.97087630258514,-1.0744375118105525e-09
635.6632284913703,133.58410690845855,3.915207087276114,-95.56471433699151,-93.33862540352568,-1.074437551914374e-09
636.1632284913703,134.08345552894463,3.9154035337597852,-95.90353683501542,-93.70637475176015,-1.074437606481364e-09
636.6632284913703,134.58280907565285,3.915598526593795,-96.2423587948207,-94.07412435044306,-1.0744376178600523e-09
637.1632284913703,135.08216749427874,3.915792081900577,-96.58118021662932,-94.44187420268271,-1.0744375608554387e-09
637.6632284913703,135.5815307313125,3.915984215565275,-96.9200011006506,-94.80962431154195,-1.0744373036836227e-09
638.1632284913703,136.0808987340246,3.9161749432400876,-97.25882144708147,-95.17737468003926,-1.074437062797588e-09
638.6632284913703,136.58027145045153,3.916364280348522,-97.59764125610684,-95.5451253111497,-1.0744371035799558e-09
639.1632284913703,137.07964882938202,3.916552242089549,-97.93646052789977,-95.91287620780552,-1.0744371897579262e-09
639.6632284913703,137.57903082034346,3.9167388434416734,-98.27527926262191,-96.28062737289726,-1.0744372297574247e-09
640.1632284913703,138.07841737358865,3.9169240991669128,-98.61409746042361,-96.64837880927452,-1.0744373103074881e-09
640.6632284913703,138.5778084400828,3.9171080238146914,-98.95291512144425,-97.01613051974672,-1.0744373938680554e-09
641.1632284913703,139.0772039714909,3.9172906317256513,-99.2917322458126,-97.383882507084,-1.0744370653561564e-09
641.6632284913703,139.57660392016513,3.9174719370353808,-99.6305488336468,-97.75163477401784,-1.0744372389668944e-09
642.1632284913703,140.07600823913288,3.917651953678064,-99.96936488505482,-98.11938732324202,-1.0744373537400755e-09
642.6632284913703,140.57541688208477,3.9178306953900512,-100.30818040013467,-98.48714015741324,-1.0744371354571745e-09
643.1632284913703,141.07482980336295,3.9180081757133576,-100.6469953789745,-98.85489327915188,-1.0744373182587603e-09
643.6632284913703,141.57424695794973,3.9181844079990817,-100.98580982165295,-99.22264669104267,-1.074437190514863e-09
644.1632284913703,142.07366830145642,3.9183594054107584,-101.32462372823933,-99.59040039563543,-1.0744374850313139e-09
644.6632284913703,142.57309379011238,3.9185331809276382,-101.66343709879379,-99.9581543954458,-1.0744373820805956e-09
645.1632284913703,143.0725233807543,3.9187057473478975,-102.00224993336755,-100.32590869295579,-1.0744371818305868e-09
645.6632284913703,143.57195703081564,3.918877117291784,-102.3410622320031,-100.69366329061448,-1.0744371603147356e-09
646.1632284913703,144.0713946983165,3.9190473032046964,-102.67987399473434,-101.06141819083871,-1.0744372456113575e-09
646.6632284913703,144.57083634185346,3.919216317360199,-103.01868522158681,-101.42917339601358,-1.0744372168527193e-09
647.1632284913703,145.07028192058976,3.9193841718629754,-103.35749591257797,-101.79692890849321,-1.0744371028782376e-09
647.6632284913703,145.5697313942456,3.9195508786517217,-103.69630606771715,-102.1646847306012,-1.074437221219599e-09
648.1632284913703,146.0691847230887,3.91971644950198,-104.03511568700586,-102.53244086463134,-1.0744368370506909e-09
648.6632284913703,146.56864186792512,3.919880896028913,-104.37392477043795,-102.900197312848,-1.074436898315955e-09
649.1632284913703,147.06810279009005,3.9200442296900246,-104.71273331799982,-103.2679540774869,-1.074437214876123e-09
649.6632284913703,147.56756745143898,3.9202064617878243,-105.05154132967044,-103.63571116075548,-1.074437133579394e-09
650.1632284913703,148.06703581433894,3.920367603472436,-105.39034880542157,-104.00346856483348,-1.0744372827738622e-09
650.6632284913703,148.56650784166007,3.9205276657441583,-105.72915574521794,-104.37122629187363,-1.074437385639751e-09
651.1632284913703,149.0659834967671,3.920686659455968,-106.06796214901738,-104.73898434400182,-1.074436987133046e-09
651.6632284913703,149.56546274351123,3.9208445953159785,-106.40676801677095,-105.10674272331788,-1.0744372113149103e-09
652.1632284913703,150.0649455462221,3.921001483889848,-106.74557334842305,-105.47450143189604,-1.0744372344309302e-09
652.6632284913703,150.56443186969983,3.9211573356031377,-107.08437814391155,-105.84226047178527,-1.0744370828622905e-09
653.1632284913703,151.06392167920737,3.921312160743624,-107.42318240316808,-106.21001984500981,-1.074437193576728e-09
653.6632284913703,151.5634149404629,3.9214659694635685,-107.76198612611788,-106.57777955356975,-1.07443749700305e-09
654.1632284913703,152.06291161963236,3.9216187717819384,-108.10078931268008,-106.94553959944132,-1.07443711020366e-09
654.6632284913703,152.5624116833222,3.9217705775865865,-108.43959196276788,-107.31329998457737,-1.074437403852875e-09
655.1632284913703,153.06191509857229,3.921921396636388,-108.77839407628854,-107.68106071090787,-1.0744374334958216e-09
655.6632284913703,153.5614218328488,3.9220712385633347,-109.11719565314354,-108.04882178034022,-1.074437331011778e-09
656.1632284913703,154.06093185403742,3.92222011287459,-109.4559966932287,-108.41658319475978,-1.0744376032628006e-09
656.6632284913703,154.5604451304366,3.922368028954503,-109.79479719643426,-108.78434495603018,-1.0744370532862576e-09
657.1632284913703,155.05996163075093,3.922514996066584,-110.13359716264507,-109.15210706599379,-1.0744371246781845e-09
657.6632284913703,155.55948132408471,3.9226610233554426,-110.47239659174056,-109.51986952647201,-1.0744372808250243e-09
658.1632284913703,156.05900417993553,3.9228061198486883,-110.81119548359496,-109.88763233926574,-1.0744371225141008e-09
658.6632284913703,156.55853016818804,3.9229502944587944,-111.14999383807721,-110.25539550615579,-1.0744372876213956e-09
659.1632284913703,157.0580592591079,3.9230935559849263,-111.48879165505139,-110.62315902890312,-1.0744371296612628e-09
659.6632284913703,157.55759142333565,3.9232359131147363,-111.8275889343764,-110.99092290924925,-1.0744374057841868e-09
660.1632284913703,158.057126631881,3.9233773744261233,-112.16638567590635,-111.35868714891666,-1.0744372473700568e-09
660.6632284913703,158.55666485611692,3.9235179483889597,-112.50518187949056,-111.72645174960911,-1.0744376685644767e-09
661.1632284913703,159.05620606777396,3.923657643366785,-112.84397754497361,-112.09421671301186,-1.0744373705865225e-09
661.6632284913703,159.55575023893476,3.92379646761847,-113.18277267219538,-112.46198204079222,-1.0744371743373936e-09
662.1632284913703,160.05529734202855,3.9239344292998464,-113.52156726099128,-112.82974773459969,-1.0744372496471181e-09
662.6632284913703,160.55484734982582,3.9240715364653087,-113.86036131119224,-113.19751379606633,-1.074437120509384e-09
663.1632284913703,161.054400235433,3.9242077970693865,-114.19915482262472,-113.56528022680715,-1.0744372713505524e-09
663.6632284913703,161.5539559722874,3.9243432189682848,-114.53794779511094,-113.93304702842026,-1.0744372783728635e-09
664.1632284913703,162.05351453415201,3.9244778099213997,-114.87674022846873,-114.30081420248735,-1.0744373089999205e-09
664.6632284913703,162.5530758951106,3.924611577592803,-115.21553212251187,-114.66858175057378,-1.074437432846287e-09
665.1632284913703,163.05264002956284,3.9247445295527013,-115.55432347704993,-115.03634967422907,-1.0744375103163916e-09
665.6632284913703,163.5522069122195,3.924876673278868,-115.89311429188845,-115.4041179749871,-1.074437274601561e-09
666.1632284913703,164.05177651809774,3.925008016158049,-116.231904566829,-115.77188665436633,-1.0744372659371239e-09
666.6632284913703,164.55134882251642,3.925138565487343,-116.57069430166918,-116.13965571387006,-1.0744371637660984e-09
667.1632284913703,165.05092380109164,3.9252683284755574,-116.9094834962027,-116.50742515498688,-1.0744371998317674e-09
667.6632284913703,165.5505014297323,3.925397312244537,-117.24827215021953,-116.87519497919071,-1.074437343901601e-09
668.1632284913703,166.05008168463564,3.9255255238304736,-117.58706026350593,-117.24296518794121,-1.074437541026308e-09
668.6632284913703,166.54966454228298,3.9256529701851868,-117.92584783584431,-117.61073578268392,-1.0744375090756368e-09
669.1632284913703,167.04924997943553,3.9257796581773863,-118.26463486701357,-117.97850676485061,-1.0744374616597866e-09
669.6632284913703,167.54883797313016,3.925905594593908,-118.60342135678899,-118.34627813585941,-1.0744376609324437e-09
670.1632284913703,168.04842850067539,3.926030786140931,-118.9422073049423,-118.71404989711513,-1.0744375541511394e-09
670.6632284913703,168.54802153964738,3.926155239445171,-119.28099271124174,-119.08182205000949,-1.0744377224857801e-09
671.1632284913703,169.047617067886,3.9262789610550537,-119.61977757545213,-119.44959459592141,-1.074437755817382e-09
671.6632284913703,169.5472150634909,3.926401957441867,-119.95856189733496,-119.81736753621695,-1.0744376035070433e-09
672.1632284913703,170.04681550481786,3.9265242350008926,-120.29734567664828,-120.18514087224989,-1.0744379664325722e-09
672.6632284913703,170.5464183704749,3.926645800052519,-120.63612891314699,-120.55291460536174,-1.0744378416666014e-09
673.1632284913703,171.04602363931866,3.9267666588433343,-120.97491160658251,-120.92068873688203,-1.074437687945894e-09
673.6632284913703,171.54563129045093,3.926886817547198,-121.31369375670332,-121.28846326812842,-1.0744378086910678e-09
674.1632284913703,172.0452413032149,3.9270062822662983,-121.65247536325457,-121.65623820040707,-1.0744375772119704e-09
674.6632284913703,172.54485365719185,3.9271250590321873,-121.99125642597834,-122.02401353501266,-1.074437699266187e-09
675.1632284913703,173.04446833219765,3.9272431538068004,-122.33003694461361,-122.39178927322874,-1.0744375008751466e-09
675.6632284913703,173.54408530827942,3.927360572483457,-122.66881691889637,-122.75956541632773,-1.0744375112902216e-09
676.1632284913703,174.04370456571226,3.9274773208878444,-123.00759634855959,-123.12734196557142,-1.0744376728412746e-09
676.6632284913703,174.54332608499595,3.927593404778986,-123.34637523333318,-123.49511892221086,-1.0744376849497012e-09
677.1632284913703,175.04294984685183,3.9277088298501908,-123.68515357294424,-123.86289628748668,-1.0744375811719193e-09
677.6632284913703,175.54257583221954,3.9278236017299872,-124.0239313671169,-124.23067406262926,-1.0744376248803092e-09
678.1632284913703,176.0422040222541,3.9279377259830426,-124.36270861557246,-124.59845224885886,-1.0744375585353332e-09
678.6632284913703,176.5418343983228,3.9280512081110657,-124.70148531802938,-124.96623084738586,-1.0744374958903954e-09
679.1632284913703,177.04146694200216,3.9281640535536937,-125.0402614742034,-125.33400985941081,-1.0744373145884632e-09
679.6632284913703,177.5411016350751,3.928276267689366,-125.37903708380739,-125.7017892861248,-1.0744373577604479e-09
680.1632284913703,178.04073845952803,3.928387855836182,-125.71781214655147,-126.06956912870949,-1.0744375395971933e-09
680.6632284913703,178.54037739754799,3.9284988232527436,-126.05658666214315,-126.43734938833724,-1.074437507657341e-09
681.1632284913703,179.0400184315199,3.9286091751389844,-126.39536063028726,-126.8051300661713,-1.0744376505300606e-09
681.6632284913703,179.53966154402383,3.928718916636988,-126.73413405068592,-127.17291116336608,-1.0744378344118715e-09
682.1632284913703,180.03930671783223,3.928828052831787,-127.0729069230387,-127.54069268106716,-1.0744377880121369e-09
682.6632284913703,180.53895393590736,3.9289365887521543,-127.41167924704247,-127.90847462041147,-1.074437710263106e-09
683.1632284913703,181.03860318139866,3.9290445293713763,-127.75045102239167,-128.27625698252749,-1.0744376921028884e-09
683.6632284913703,181.5382544376402,3.929151879608018,-128.08922224877813,-128.6440397685354,-1.0744378296669582e-09
684.1632284913703,182.03790768814815,3.929258644326672,-128.4279929258912,-129.01182297954708,-1.0744379193492062e-09
684.6632284913703,182.53756291661824,3.9293648283386973,-128.76676305341766,-129.37960661666642,-1.074437983020428e-09
685.1632284913703,183.03722010692346,3.9294704364029456,-129.10553263104194,-129.74739068098947,-1.0744377600519672e-09
685.6632284913703,183.53687924311149,3.9295754732264743,-129.44430165844588,-130.11517517360437,-1.074437588843847e-09
686.1632284913703,184.0365403094025,3.9296799434652505,-129.78307013530903,-130.48296009559175,-1.0744378799404506e-09
686.6632284913703,184.53620329018676,3.9297838517248405,-130.1218380613085,-130.85074544802464,-1.0744377451912938e-09
687.1632284913703,185.0358681700223,3.929887202561091,-130.46060543611904,-131.21853123196865,-1.0744377970997815e-09
687.6632284913703,185.53553493363273,3.9299900004807977,-130.79937225941296,-131.5863174484823,-1.0744373848810257e-09
688.1632284913703,186.03520356590502,3.9300922499423643,-131.1381385308603,-131.95410409861685,-1.0744375331723684e-09
688.6632284913703,186.5348740518873,3.930193955356448,-131.47690425012874,-132.32189118341657,-1.0744374345179435e-09
689.1632284913703,187.03454637678678,3.9302951210865995,-131.81566941688376,-132.68967870391887,-1.0744373289858046e-09
689.6632284913703,187.53422052596753,3.930395751449888,-132.15443403078845,-133.05746666115436,-1.0744376782220167e-09
690.1632284913703,188.03389648494849,3.9304958507175196,-132.49319809150361,-133.4252550561471,-1.0744375758557966e-09
690.6632284913703,188.53357423940142,3.930595423115444,-132.8319615986879,-133.7930438899145,-1.0744373387714283e-09
691.1632284913703,189.0332537751489,3.930694472824952,-133.17072455199775,-134.1608331634676,-1.074437482879972e-09
691.6632284913703,189.53293507816227,3.930793003983265,-133.50948695108733,-134.5286228778111,-1.0744372307709258e-09
692.1632284913703,190.03261813455978,3.930891020684112,-133.84824879560853,-134.89641303394356,-1.0744373775752604e-09
692.6632284913703,190.53230293060466,3.930988526978302,-134.1870100852112,-135.26420363285746,-1.0744373819266347e-09
693.1632284913703,191.03198945270316,3.931085526874283,-134.5257708195429,-135.63199467553923,-1.074437225807699e-09
693.6632284913703,191.53167768740275,3.931182024338694,-134.86453099824917,-135.99978616296949,-1.074437091831344e-09
694.1632284913703,192.03136762139033,3.93127802329691,-135.20329062097332,-136.3675780961229,-1.074437275977069e-09
694.6632284913703,192.53105924149034,3.931373527633577,-135.54204968735652,-136.7353704759688,-1.0744370057224793e-09
695.1632284913703,193.03075253466304,3.9314685411931376,-135.88080819703788,-137.1031633034706,-1.074437219064875e-09
695.6632284913703,193.53044748800278,3.93156306778035,-136.21956614965444,-137.47095657958636,-1.074437214161523e-09
696.1632284913703,194.03014408873625,3.9316571111608,-136.55832354484107,-137.83875030526886,-1.0744373153785015e-09
696.6632284913703,194.5298423242208,3.9317506750614024,-136.89708038223063,-138.20654448146547,-1.07443697597483e-09
697.1632284913703,195.02954218194273,3.9318437631708965,-137.23583666145385,-138.57433910911837,-1.0744372105852616e-09
697.6632284913703,195.52924364951576,3.9319363791403332,-137.57459238213954,-138.94213418916473,-1.0744372779046849e-09
698.1632284913703,196.0289467146793,3.9320285265835566,-137.91334754391426,-139.30992972253665,-1.0744371058128924e-09
698.6632284913703,196.52865136529695,3.9321202090776746,-138.25210214640273,-139.67772571016133,-1.0744370611829648e-09
699.1632284913703,197.02835758935484,3.9322114301635254,-138.5908561892276,-140.04552215296107,-1.0744370938560626e-09
699.6632284913703,197.52806537496014,3.932302193346137,-138.92960967200943,-140.41331905185356,-1.0744372006648092e-09
700.1632284913703,198.02777471033957,3.932392502095176,-139.268362594367,-140.78111640775168,-1.074437316341517e-09
700.6632284913703,198.52748558383783,3.932482359845397,-139.60711495591678,-141.14891422156379,-1.0744370129831214e-09
701.1632284913703,199.0271979839162,3.932571769997075,-139.9458667562735,-141.51671249419388,-1.074437135759988e-09
701.6632284913703,199.52691189915106,3.9326607359164405,-140.28461799504987,-141.88451122654126,-1.0744373255745926e-09
702.1632284913703,200.02662731823239,3.932749260936105,-140.62336867185658,-142.25231041950124,-1.074437190932627e-09
702.6632284913703,200.52634422996243,3.9328373483554766,-140.9621187863024,-142.62011007396453,-1.0744371604190131e-09
703.1632284913703,201.02606262325435,3.932925001441175,-141.30086833799416,-142.98791019081793,-1.074437201865271e-09
703.6632284913703,201.52578248713075,3.9330122234274376,-141.63961732653672,-143.3557107709441,-1.0744374091071565e-09
704.1632284913703,202.02550381072243,3.9330990175165175,-141.97836575153312,-143.72351181522149,-1.074437277972406e-09
704.6632284913703,202.52522658326694,3.9331853868790807,-142.31711361258434,-144.0913133245248,-1.0744370713441392e-09
705.1632284913703,203.02495079410738,3.9332713346545938,-142.6558609092894,-144.45911529972486,-1.074437233401038e-09
705.6632284913703,203.52467643269108,3.933356863951705,-142.99460764124564,-144.82691774168853,-1.0744370283900413e-09
706.1632284913703,204.0244034885683,3.933441977848625,-143.33335380804823,-145.19472065127914,-1.0744371206663979e-09
706.6632284913703,204.524131951391,3.933526679393494,-143.6720994092907,-145.56252402935618,-1.0744372631930703e-09
707.1632284913703,205.0238618109116,3.933610971604752,-144.01084444456444,-145.93032787677564,-1.0744371736602042e-09
707.6632284913703,205.52359305698178,3.933694857471498,-144.34958891345912,-146.29813219438998,-1.0744371597946855e-09
708.1632284913703,206.02332567955125,3.9337783399538444,-144.68833281556252,-146.66593698304817,-1.0744372254091405e-09
708.6632284913703,206.5230596686666,3.933861421983271,-145.0270761504604,-147.03374224359584,-1.074436948071102e-09
709.1632284913703,207.02279501447015,3.9339441064629668,-145.36581891773682,-147.40154797687532,-1.0744372802052975e-09
709.6632284913703,207.5225317071987,3.9340263962681723,-145.70456111697388,-147.76935418372554,-1.0744371802083593e-09
710.1632284913703,208.0222697371826,3.9341082942465153,-146.0433027477518,-148.1371608649824,-1.074437399883132e-09
710.6632284913703,208.52200909484438,3.9341898032183398,-146.38204380964905,-148.5049680214785,-1.0744371989869507e-09
711.1632284913703,209.02174977069788,3.9342709259770343,-146.72078430224212,-148.87277565404355,-1.074437203867664e-09
711.6632284913703,209.52149175534703,3.9343516652893515,-147.05952422510575,-149.2405837635041,-1.0744370781059486e-09
712.1632284913703,210.02123503948482,3.934432023895726,-147.39826357781277,-149.60839235068386,-1.0744369861731083e-09
712.6632284913703,210.52097961389225,3.9345120045105855,-147.73700235993417,-149.9762014164035,-1.0744370973195698e-09
713.1632284913703,211.0207254694373,3.934591609822659,-148.07574057103918,-150.34401096148105,-1.0744369526722141e-09
713.6632284913703,211.52047259707393,3.934670842495282,-148.41447821069508,-150.71182098673157,-1.0744370720692345e-09
714.1632284913703,212.02022098784101,3.934749705166692,-148.7532152784674,-151.07963149296754,-1.0744370394210136e-09
714.6632284913703,212.51997063286134,3.9348282004503274,-149.0919517739198,-151.44744248099875,-1.0744370204055503e-09
715.1632284913703,213.0197215233407,3.9349063309351147,-149.43068769661414,-151.81525395163226,-1.0744367716977307e-09
715.6632284913703,213.5194736505669,3.934984099185758,-149.76942304611046,-152.18306590567275,-1.0744367715454399e-09
716.1632284913703,214.0192270059088,3.93506150774302,-150.10815782196696,-152.55087834392228,-1.0744367410336391e-09
716.6632284913703,214.51898158081525,3.935138559124003,-150.44689202373993,-152.91869126718058,-1.0744369323544681e-09
717.1632284913703,215.01873736681443,3.9352152558224196,-150.78562565098403,-153.28650467624485,-1.0744365548838824e-09
717.6632284913703,215.51849435551273,3.9352916003088683,-151.12435870325191,-153.65431857191004,-1.0744367587472382e-09
718.1632284913703,216.01825253859388,3.9353675950310976,-151.46309118009455,-154.02213295496878,-1.0744369927433502e-09
718.6632284913703,216.5180119078181,3.935443242414271,-151.8018230810611,-154.38994782621145,-1.0744371151634535e-09
719.1632284913703,217.01777245502123,3.9355185448612278,-152.14055440569874,-154.75776318642627,-1.0744366485455845e-09
719.6632284913703,217.5175341721138,3.9355935047527364,-152.47928515355304,-155.12557903639927,-1.0744367018218668e-09
720.1632284913703,218.0172970510803,3.93566812444775,-152.81801532416773,-155.4933953769144,-1.0744367000738288e-09
720.6632284913703,218.51706108397818,3.935742406283656,-153.1567449170846,-155.8612122087536,-1.0744369326331862e-09
721.1632284913703,219.0168262629371,3.9358163525765195,-153.49547393184378,-156.22902953269679,-1.0744370621934894e-09
721.6632284913703,219.51659258015812,3.9358899656213286,-153.8342023679834,-156.59684734952188,-1.074436828034215e-09
722.1632284913703,220.01636002791295,3.9359632476922317,-154.1729302250401,-156.96466566000495,-1.0744367683308707e-09
722.6632284913703,220.51612859854302,3.936036201042775,-154.5116575025484,-157.33248446492016,-1.0744367189327705e-09
723.1632284913703,221.01589828445879,3.9361088279061347,-154.85038420004113,-157.70030376504,-1.0744370158215245e-09
723.6632284913703,221.5156690781389,3.936181130495347,-155.18911031704934,-158.06812356113497,-1.0744368972596264e-09
724.1632284913703,222.0154409721295,3.9362531110035333,-155.52783585310232,-158.43594385397395,-1.0744367194035301e-09
724.6632284913703,222.51521395904345,3.9363247716041263,-155.86656080772738,-158.80376464432416,-1.0744369436249986e-09
725.1632284913703,223.0149880315595,3.936396114451089,-156.2052851804502,-159.17158593295116,-1.0744365700414125e-09
725.6632284913703,223.51476318242175,3.9364671416791315,-156.54400897079452,-159.5394077206189,-1.0744366430115268e-09
726.1632284913703,224.0145394044387,3.9365378554039276,-156.88273217828245,-159.90723000808975,-1.0744369130035163e-09
726.6632284913703,224.51431669048267,3.9366082577223254,-157.22145480243407,-160.27505279612458,-1.0744370335092497e-09
727.1632284913703,225.0140950334891,3.9366783507125565,-157.56017684276785,-160.64287608548284,-1.0744370280303532e-09
727.6632284913703,225.51387442645574,3.936748136434442,-157.8988982988003,-161.0106998769224,-1.074437033682234e-09
728.1632284913703,226.0136548624421,3.9368176169295976,-158.23761917004612,-161.37852417119993,-1.074437069810027e-09
728.6632284913703,226.51343633456872,3.9368867942216315,-158.57633945601836,-161.74634896907054,-1.0744370474763834e-09
729.1632284913703,227.01321883601645,3.9369556703163444,-158.91505915622818,-162.11417427128816,-1.0744371347679248e-09
729.6632284913703,227.51300236002584,3.9370242472019257,-159.25377827018482,-162.4820000786054,-1.074437034305842e-09
730.1632284913703,228.0127868998965,3.9370925268491446,-159.59249679739588,-162.8498263917736,-1.0744368485383697e-09
730.6632284913703,228.51257244898642,3.937160511211542,-159.93121473736696,-163.21765321154294,-1.0744369786173581e-09
731.1632284913703,229.01235900071137,3.9372282022256178,-160.26993208960192,-163.58548053866238,-1.0744369007414941e-09
731.6632284913703,229.51214654854425,3.9372956018110163,-160.60864885360286,-163.95330837387985,-1.0744368786812537e-09
732.1632284913703,230.0119350860145,3.9373627118707097,-160.94736502887005,-164.32113671794204,-1.0744369336251015e-09
732.6632284913703,230.5117246067074,3.9374295342911787,-161.28608061490178,-164.6889655715947,-1.0744370534299941e-09
733.1632284913703,231.01151510426362,3.93749607094259,-161.6247956111948,-165.05679493558247,-1.0744370707815672e-09
733.6632284913703,231.5113065723785,3.937562323678974,-161.9635100172437,-165.42462481064908,-1.074436920541326e-09
734.1632284913703,232.01109900480148,3.9376282943383973,-162.30222383254147,-165.79245519753727,-1.074437052216198e-09
734.6632284913703,232.51089239533562,3.937693984743134,-162.64093705657928,-166.16028609698876,-1.0744370864858668e-09
735.1632284913703,233.01068673783686,3.9377593966998363,-162.9796496888463,-166.52811750974453,-1.0744369292051841e-09
735.6632284913703,233.51048202621362,3.937824531999701,-163.31836172882996,-166.8959494365447,-1.0744373772782364e-09
736.1632284913703,234.01027825442614,3.9378893924186342,-163.65707317601587,-167.26378187812847,-1.0744372338610348e-09
736.6632284913703,234.51007541648596,3.937953979717414,-163.99578402988777,-167.6316148352343,-1.0744374520046897e-09
737.1632284913703,235.0098735064554,3.938018295641853,-164.33449428992756,-167.9994483085999,-1.0744372621612106e-09
737.6632284913703,235.50967251844696,3.938082341922954,-164.6732039556153,-168.3672822989623,-1.0744370927319482e-09
738.1632284913703,236.00947244662288,3.9381461202770707,-165.0119130264292,-168.73511680705772,-1.074437210750184e-09
738.6632284913703,236.5092732851945,3.9382096324060587,-165.35062150184558,-169.1029518336218,-1.074437112929509e-09
739.1632284913703,237.00907502842188,3.9382728799974314,-165.68932938133895,-169.4707873793896,-1.0744370130573983e-09
739.6632284913703,237.5088776706132,3.9383358647245084,-166.028036664382,-169.83862344509546,-1.0744371836388402e-09
740.1632284913703,238.00868120612427,3.9383985882465664,-166.36674335044543,-170.20646003147328,-1.0744368667453472e-09
740.6632284913703,238.508485629358,3.9384610522089853,-166.70544943899813,-170.57429713925634,-1.0744369736530651e-09
741.1632284913703,239.00829093476406,3.9385232582433933,-167.04415492950724,-170.9421347691774,-1.0744369953683588e-09
741.6632284913703,239.50809711683817,3.938585207967811,-167.3828598214379,-171.30997292196872,-1.0744371789563494e-09
742.1632284913703,240.00790417012178,3.9386469029867937,-167.7215641142533,-171.67781159836227,-1.0744372676816178e-09
742.6632284913703,240.50771208920156,3.9387083448915687,-168.06026780741502,-172.0456507990894,-1.0744374489375796e-09
743.1632284913703,241.00752086870895,3.938769535260177,-168.3989709003825,-172.41349052488124,-1.074437336081544e-09
743.6632284913703,241.50733050331962,3.9388304756576065,-168.73767339261335,-172.78133077646842,-1.0744375964740816e-09
744.1632284913703,242.0071409877531,3.938891167635929,-169.07637528356346,-173.1491715545813,-1.0744374453757203e-09
744.6632284913703,242.5069523167723,3.938951612734433,-169.4150765726865,-173.51701285994994,-1.0744377400228617e-09
745.1632284913703,243.00676448518303,3.9390118124797526,-169.75377725943466,-173.88485469330405,-1.0744373315212602e-09
745.6632284913703,243.50657748783365,3.9390717683860017,-170.09247734325788,-174.25269705537315,-1.0744375922553099e-09
746.1632284913703,244.00639131961455,3.939131481954899,-170.43117682360432,-174.62053994688648,-1.0744374306499683e-09
746.6632284913703,244.50620597545776,3.939190954675895,-170.76987569992022,-174.98838336857324,-1.0744375560439973e-09
747.1632284913703,245.00602145033653,3.939250188026299,-171.1085739716501,-175.35622732116224,-1.0744374303519453e-09
747.6632284913703,245.50583773926488,3.9393091834714,-171.44727163823615,-175.7240718053822,-1.074437530943369e-09
748.1632284913703,246.00565483729721,3.9393679424645915,-171.78596869911894,-176.0919168219619,-1.0744376726275814e-09
748.6632284913703,246.50547273952793,3.9394264664474896,-172.12466515373714,-176.4597623716297,-1.0744374332221483e-09
749.1632284913703,247.00529144109098,3.9394847568500544,-172.46336100152726,-176.8276084551142,-1.0744375005396937e-09
749.6632284913703,247.5051109371595,3.939542815090706,-172.8020562419241,-177.19545507314376,-1.0744374800118086e-09
750.1632284913703,248.00493122294534,3.9396006425764414,-173.1407508743604,-177.56330222644687,-1.0744376220509559e-09
750.6632284913703,248.50475229369886,3.9396582407029492,-173.47944489826708,-177.9311499157518,-1.0744375758793425e-09
751.1632284913703,249.0045741447083,3.939715610854724,-173.81813831307286,-178.2989981417871,-1.0744373364401083e-09
751.6632284913703,249.5043967712996,3.939772754405178,-174.15683111820468,-178.66684690528132,-1.074437354701722e-09
752.1632284913703,250.00422016883596,3.93982967271675,-174.4955233130876,-179.0346962069629,-1.0744373602877365e-09
752.6632284913703,250.5040443327174,3.939886367141017,-174.8342148971446,-179.40254604756058,-1.0744372097175822e-09
753.1632284913703,251.0038692583805,3.939942839018803,-175.17290586979672,-179.77039642780315,-1.074437332956507e-09
753.6632284913703,251.50369494129797,3.939999089680284,-175.51159623046294,-180.1382473484196,-1.07443747115488e-09
754.1632284913703,252.00352137697834,3.940055120445093,-175.85028597856046,-180.50609881013904,-1.0744375492797216e-09
754.6632284913703,252.50334856096558,3.9401109326224275,-176.18897511350428,-180.8739508136908,-1.0744379733702516e-09
755.1632284913703,253.00317648883873,3.9401665275111495,-176.52766363470755,-181.2418033598045,-1.074437695647379e-09
755.6632284913703,253.50300515621163,3.9402219063998887,-176.8663515415814,-181.60965644920978,-1.0744377010840214e-09
756.1632284913703,254.00283455873245,3.9402770705671433,-177.20503883353493,-181.97751008263683,-1.0744375294077643e-09
756.6632284913703,254.5026646920835,3.940332021281379,-177.5437255099752,-182.34536426081596,-1.0744376635089001e-09
757.1632284913703,255.0024955519808,3.940386759801128,-177.88241157030737,-182.71321898447786,-1.074437730845626e-09
757.6632284913703,255.50232713417378,3.940441287375085,-178.22109701393452,-183.08107425435347,-1.0744374746479508e-09
758.1632284913703,256.002159434445,3.940495605242204,-178.55978184025778,-183.44893007117417,-1.0744374163645685e-09
758.6632284913703,256.50199244860966,3.9405497146317945,-178.89846604867606,-183.8167864356716,-1.0744378068680465e-09
759.1632284913703,257.00182617251556,3.940603616763612,-179.2371496385865,-184.18464334857796,-1.0744378866105095e-09
759.6632284913703,257.5016606020426,3.940657312847954,-179.57583260938404,-184.55250081062576,-1.0744377763380908e-09
760.1632284913703,258.0014957331024,3.94071080408575,-179.91451496046162,-184.92035882254794,-1.0744377814382844e-09
760.6632284913703,258.50133156163815,3.940764091668653,-180.25319669121004,-185.288217385078,-1.0744378596241904e-09
761.1632284913703,259.00116808362435,3.940817176779127,-180.5918778010182,-185.6560764989499,-1.0744376460961721e-09
761.6632284913703,259.50100529506625,3.9408700605905382,-180.93055828927285,-186.023936164898,-1.0744376845072652e-09
762.1632284913703,260.0008431919999,3.9409227442672408,-181.26923815535872,-186.39179638365727,-1.0744377746955717e-09
762.6632284913703,260.50068177049144,3.9409752289646636,-181.60791739865843,-186.75965715596317,-1.0744380028694722e-09
763.1632284913703,261.0005210266373,3.9410275158293966,-181.94659601855244,-187.1275184825519,-1.0744377588112273e-09
763.6632284913703,261.50036095656344,3.9410796059992736,-182.2852740144193,-187.49538036416004,-1.074437872000668e-09
764.1632284913703,262.00020155642545,3.9411315006034573,-182.62395138563537,-187.86324280152476,-1.0744376119249003e-09
764.6632284913703,262.5000428224081,3.941183200762521,-182.962628131575,-188.2311057953841,-1.0744377453591244e-09
765.1632284913703,262.9998847507249,3.941234707588531,-183.30130425161028,-188.5989693464765,-1.074437889283337e-09
765.6632284913703,263.49972733761814,3.941286022185127,-183.63997974511125,-188.9668334555412,-1.0744375761411566e-09
766.1632284913703,263.9995705793585,3.941337145647601,-183.97865461144588,-189.33469812331808,-1.0744379334813786e-09
766.6632284913703,264.4994144722446,3.9413880790629774,-184.31732884998007,-189.70256335054765,-1.0744377510348869e-09
767.1632284913703,264.99925901260315,3.941438823510091,-184.65600246007745,-190.07042913797142,-1.0744376670417643e-09
767.6632284913703,265.4991041967882,3.9414893800596627,-184.99467544109962,-190.43829548633127,-1.0744380140356979e-09
768.1632284913703,265.9989500211812,3.9415397497743774,-185.33334779240593,-190.80616239637007,-1.0744376769853275e-09
768.6632284913703,266.4987964821907,3.9415899337089586,-185.67201951335372,-191.17402986883155,-1.0744379622584476e-09
769.1632284913703,266.998643576252,3.9416399329102427,-186.01069060329806,-191.54189790445997,-1.0744376654073981e-09
769.6632284913703,267.498491299827,3.9416897484172537,-186.3493610615919,-191.90976650400071,-1.074437861063776e-09
770.1632284913703,267.9983396494039,3.941739381261274,-186.6880308875861,-192.27763566819968,-1.0744381362903858e-09
770.6632284913703,268.4981886214969,3.94178883246592,-187.0267000806292,-192.64550539780396,-1.0744379311100542e-09
771.1632284913703,268.99803821264624,3.941838103047209,-187.36536864006766,-193.0133756935613,-1.0744379203738241e-09
771.6632284913703,269.4978884194175,3.9418871940136335,-187.70403656524576,-193.3812465562204,-1.0744382752028625e-09
772.1632284913703,269.9977392384017,3.941936106366229,-188.0427038555054,-193.74911798653088,-1.0744378095690375e-09
772.6632284913703,270.49759066621505,3.941984841098642,-188.38137051018657,-194.1169899852433,-1.0744382343177679e-09
773.1632284913703,270.9974426994985,3.9420333991972014,-188.72003652862674,-194.48486255310917,-1.0744378411319656e-09
773.6632284913703,271.4972953349178,3.942081781640982,-189.05870191016146,-194.85273569088088,-1.0744380512115008e-09
774.1632284913703,271.9971485691631,3.9421299894018746,-189.39736665412383,-195.220609399312,-1.0744378850453132e-09
774.6632284913703,272.49700239894867,3.942178023444649,-189.73603075984488,-195.58848367915692,-1.0744381948897296e-09
775.1632284913703,272.9968568210129,3.9422258847270215,-190.0746942266532,-195.95635853117116,-1.0744381403483155e-09
775.6632284913703,273.4967118321179,3.942273574199718,-190.4133570538754,-196.32423395611127,-1.0744379852741048e-09
776.1632284913703,273.9965674290493,3.942321092806538,-190.75201924083564,-196.69210995473466,-1.0744383612683295e-09
776.6632284913703,274.4964236086161,3.942368441484419,-191.09068078685584,-197.05998652780016,-1.074438092126489e-09
777.1632284913703,274.99628036765046,3.9424156211634966,-191.42934169125567,-197.42786367606752,-1.0744382364009496e-09
777.6632284913703,275.4961377030074,3.942462632767168,-191.76800195335258,-197.79574140029752,-1.074438133982371e-09
778.1632284913703,275.99599561156464,3.9425094772121523,-192.1066615724617,-198.16361970125212,-1.0744382714560062e-09
778.6632284913703,276.4958540902225,3.9425561554085515,-192.44532054789576,-198.53149857969456,-1.0744380481752682e-09
779.1632284913703,276.99571313590354,3.9426026682599096,-192.7839788789654,-198.89937803638904,-1.0744381584486506e-09
779.6632284913703,277.4955727455524,3.9426490166632715,-193.1226365649787,-199.26725807210101,-1.0744384067574322e-09
780.1632284913703,277.9954329161357,3.9426952015092422,-193.46129360524168,-199.63513868759722,-1.074438122287915e-09
780.6632284913703,278.4952936446418,3.9427412236820447,-193.79994999905787,-200.00301988364558,-1.074437939553072e-09
781.1632284913703,278.9951549280804,3.942787084059576,-194.13860574572857,-200.37090166101504,-1.0744381010363135e-09
781.6632284913703,279.49501676348274,3.9428327835134644,-194.4772608445526,-200.73878402047606,-1.0744382562916128e-09
782.1632284913703,279.9948791479011,3.942878322909127,-194.81591529482662,-201.10666696280032,-1.0744385081280583e-09
782.6632284913703,280.49474207840865,3.9429237031058215,-195.1545690958448,-201.47455048876057,-1.0744383898077557e-09
783.1632284913703,280.9946055520994,3.942968924956705,-195.493222246899,-201.84243459913108,-1.0744384262655563e-09
783.6632284913703,281.49446956608796,3.9430139893088856,-195.8318747472786,-202.21031929468734,-1.0744382435796519e-09
784.1632284913703,281.99433411750925,3.9430588970034766,-196.17052659627078,-202.57820457620625,-1.074438322295503e-09
784.6632284913703,282.49419920351846,3.94310364887565,-196.50917779316018,-202.94609044446588,-1.074438269802069e-09
785.1632284913703,282.99406482129086,3.9431482457546885,-196.84782833722917,-203.3139769002459,-1.0744380113397111e-09
785.6632284913703,283.4939309680215,3.9431926884640385,-197.18647822775762,-203.6818639443272,-1.0744383786678855e-09
786.1632284913703,283.9937976409252,3.9432369778213596,-197.525127464023,-204.04975157749212,-1.0744382428045016e-09
786.6632284913703,284.4936648372362,3.9432811146385776,-197.86377604530037,-204.41763980052437,-1.0744381051595774e-09
787.1632284913703,284.99353255420823,3.9433250997219327,-198.20242397086244,-204.78552861420908,-1.0744380388402818e-09
787.6632284913703,285.493400789114,3.9433689338720312,-198.54107123997932,-205.15341801933286,-1.074438390220165e-09
788.1632284913703,285.9932695392454,3.943412617883894,-198.8797178519187,-205.5213080166839,-1.074438146214428e-09
788.6632284913703,286.49313880191306,3.943456152547005,-199.21836380594604,-205.88919860705164,-1.0744382098983047e-09
789.1632284913703,286.99300857444643,3.9434995386453595,-199.55700910132413,-206.2570897912271,-1.0744381313152424e-09
789.6632284913703,287.4928788541933,3.9435427769575124,-199.89565373731327,-206.62498157000286,-1.0744382939398376e-09
790.1632284913703,287.9927496385199,3.9435858682566254,-200.2342977131713,-206.992873944173,-1.0744382399128452e-09
790.6632284913703,288.49262092481075,3.943628813310513,-200.57294102815368,-207.36076691453314,-1.0744381461486941e-09
791.1632284913703,288.99249271046824,3.94367161288169,-200.91158368151318,-207.72866048188047,-1.0744379942577919e-09
791.6632284913703,289.49236499291277,3.943714267727416,-201.25022567250014,-208.09655464701376,-1.0744382750048247e-09
792.1632284913703,289.99223776958246,3.9437567785997416,-201.5888670003626,-208.46444941073327,-1.074438333171506e-09
792.6632284913703,290.492111037933,3.943799146245553,-201.9275076643457,-208.83234477384102,-1.0744382950461809e-09
793.1632284913703,290.9919847954375,3.9438413714066156,-202.26614766369238,-209.20024073714043,-1.0744382700002374e-09
793.6632284913703,291.4918590395863,3.94388345481962,-202.60478699764272,-209.56813730143682,-1.0744380232305168e-09
794.1632284913703,291.991733767887,3.943925397216224,-202.94342566543443,-209.936034467537,-1.0744382124738461e-09
794.6632284913703,292.4916089778641,3.9439671993230947,-203.28206366630266,-210.30393223624947,-1.074437932911546e-09
795.1632284913703,292.99148466705896,3.944008861861953,-203.62070099948,-210.6718306083844,-1.07443797252705e-09
795.6632284913703,293.49136083302966,3.9440503855496156,-203.95933766419628,-211.03972958475373,-1.0744379789355827e-09
796.1632284913703,293.99123747335085,3.944091771098035,-204.297973659679,-211.407629166171,-1.0744380688020697e-09
796.6632284913703,294.49111458561356,3.944133019214343,-204.63660898515275,-211.77552935345167,-1.0744384187559343e-09
797.1632284913703,294.9909921674251,3.9441741306008895,-204.97524363983973,-212.14343014741274,-1.0744382132880586e-09
797.6632284913703,295.49087021640895,3.944215105955285,-205.31387762295952,-212.51133154887302,-1.0744382208001742e-09
798.1632284913703,295.99074873020464,3.9442559459704385,-205.65251093372902,-212.87923355865317,-1.0744385045187012e-09
798.6632284913703,296.49062770646754,3.9442966513346,-205.99114357136241,-213.24713617757564,-1.0744385386762562e-09
799.1632284913703,296.9905071428687,3.944337222731397,-206.3297755350713,-213.6150394064646,-1.0744385967024578e-09
799.6632284913703,297.4903870370948,3.944377660839874,-206.66840682406462,-213.9829432461461,-1.0744385078469895e-09
800.1632284913703,297.99026738684813,3.9444179663345333,-207.00703743754858,-214.35084769744813,-1.0744388628233241e-09
800.6632284913703,298.49014818984614,3.944458139885369,-207.34566737472687,-214.7187527612002,-1.0744386401186307e-09
801.1632284913703,298.99002944382164,3.9444981821579086,-207.68429663480038,-215.08665843823408,-1.0744387513571508e-09
801.6632284913703,299.48991114652245,3.944538093813248,-208.0229252169672,-215.45456472938324,-1.074438986654637e-09
802.1632284913703,299.9897932957114,3.9445778755080894,-208.36155312042277,-215.82247163548308,-1.074438676813945e-09
802.6632284913703,300.4896758891662,3.9446175278947773,-208.70018034435995,-216.1903791573709,-1.0744386722054713e-09
803.1632284913703,300.9895589246792,3.944657051621335,-209.03880688796875,-216.55828729588592,-1.074438809403918e-09
803.6632284913703,301.4894424000574,3.944696447331501,-209.37743275043638,-216.92619605186925,-1.074438544128032e-09
804.1632284913703,301.9893263131222,3.944735715664764,-209.7160579309474,-217.29410542616412,-1.07443847677605e-09
804.6632284913703,302.48921066170954,3.9447748572563976,-210.0546824286835,-217.6620154196157,-1.0744385516093397e-09
805.1632284913703,302.9890954436694,3.944813872737496,-210.39330624282368,-218.02992603307098,-1.0744385850380113e-09
805.6632284913703,303.488980656866,3.9448527627350076,-210.7319293725442,-218.39783726737912,-1.0744386350616755e-09
806.1632284913703,303.9888662991775,3.9448915278717704,-211.0705518170183,-218.76574912339137,-1.0744385105448364e-09
806.6632284913703,304.48875236849614,3.944930168766544,-211.4091735754168,-219.13366160196082,-1.074438374028772e-09
807.1632284913703,304.9886388627277,3.944968686034045,-211.74779464690727,-219.5015747039427,-1.074438719933919e-09
807.6632284913703,305.48852577979176,3.945007080284978,-212.08641503065473,-219.86948843019434,-1.0744385205514595e-09
808.1632284913703,305.9884131176214,3.945045352126071,-212.42503472582132,-220.2374027815751,-1.0744389405797602e-09
808.6632284913703,306.4883008741632,3.945083502160105,-212.76365373156625,-220.6053177589465,-1.0744387327405918e-09
809.1632284913703,306.9881890473771,3.945121530985949,-213.1022720470459,-220.97323336317226,-1.0744386896321913e-09
809.6632284913703,307.48807763523615,3.9451594391985894,-213.44088967141371,-221.341149595118,-1.0744384673176033e-09
810.1632284913703,307.98796663572665,3.945197227389163,-213.77950660382055,-221.70906645565157,-1.0744384845323717e-09
810.6632284913703,308.4878560468478,3.945234896144988,-214.1181228434139,-222.0769839456431,-1.0744383874723773e-09
811.1632284913703,308.9877458666119,3.945272446049595,-214.45673838933865,-222.44490206596478,-1.074438357038964e-09
811.6632284913703,309.48763609304376,3.9453098776827566,-214.79535324073686,-222.812820817491,-1.0744384540293436e-09
812.1632284913703,309.98752672418124,3.9453471916205194,-215.13396739674744,-223.18074020109842,-1.0744383187904395e-09
812.6632284913703,310.4874177580745,3.945384388435233,-215.47258085650628,-223.54866021766588,-1.0744385127275574e-09
813.1632284913703,310.9873091927864,3.9454214686955797,-215.81119361914668,-223.91658086807448,-1.0744384627477424e-09
813.6632284913703,311.4872010263922,3.9454584329666047,-216.14980568379863,-224.28450215320754,-1.0744382087368875e-09
814.1632284913703,311.98709325697934,3.9454952818097446,-216.4884170495893,-224.65242407395075,-1.0744381718838472e-09
814.6632284913703,312.4869858826475,3.9455320157828564,-216.82702771564294,-225.0203466311919,-1.0744385531304626e-09
815.1632284913703,312.98687890150853,3.9455686354402464,-217.16563768108063,-225.3882698258212,-1.0744382032004523e-09
815.6632284913703,313.48677231168625,3.9456051413326985,-217.50424694502058,-225.75619365873112,-1.0744384670071165e-09
816.1632284913703,313.98666611131637,3.9456415340075024,-217.84285550657782,-226.12411813081664,-1.0744382945335264e-09
816.6632284913703,314.48656029854646,3.945677814008481,-218.18146336486453,-226.4920432429748,-1.0744382399541995e-09
817.1632284913703,314.98645487153584,3.9457139818760183,-218.52007051898968,-226.85996899610527,-1.0744382799170862e-09
817.6632284913703,315.48634982845545,3.9457500381470867,-218.85867696805934,-227.22789539110997,-1.0744382956481037e-09
818.1632284913703,315.9862451674877,3.9457859833552735,-219.19728271117643,-227.59582242889314,-1.0744379015436011e-09
818.6632284913703,316.4861408868266,3.9458218180308084,-219.53588774744077,-227.9637501103615,-1.0744381238082659e-09
819.1632284913703,316.98603698467736,3.9458575427005904,-219.87449207594898,-228.33167843642434,-1.0744376853766668e-09
819.6632284913703,317.48593345925656,3.945893157888212,-220.21309569579483,-228.6996074079931,-1.0744378404660199e-09
820.1632284913703,317.98583030879195,3.9459286641139886,-220.55169860606875,-229.06753702598203,-1.0744381737241187e-09
820.6632284913703,318.4857275315224,3.9459640618949803,-220.8903008058581,-229.43546729130756,-1.0744380323750578e-09
821.1632284913703,318.9856251256977,3.9459993517450207,-221.22890229424706,-229.80339820488865,-1.074437941988235e-09
821.6632284913703,319.4855230895787,3.9460345341747405,-221.56750307031686,-230.17132976764688,-1.0744377456501607e-09
822.1632284913703,319.98542142143697,3.9460696096915933,-221.9061031331453,-230.53926198050624,-1.0744380924183029e-09
822.6632284913703,320.4853201195549,3.94610457879988,-222.2447024818071,-230.90719484439336,-1.0744381628450558e-09
823.1632284913703,320.98521918222553,3.9461394420007743,-222.58330111537367,-231.27512836023735,-1.0744379555209935e-09
823.6632284913703,321.4851186077525,3.946174199792345,-222.92189903291344,-231.64306252896986,-1.0744378515777234e-09
824.1632284913703,321.9850183944499,3.9462088526695824,-223.2604962334914,-232.0109973515252,-1.0744376709843303e-09
824.6632284913703,322.4849185406424,3.9462434011244216,-223.5990927161694,-232.37893282884028,-1.0744378430332334e-09
825.1632284913703,322.98481904466485,3.9462778456457652,-223.93768848000602,-232.7468689618545,-1.0744377961923106e-09
825.6632284913703,323.48471990486246,3.9463121867195077,-224.27628352405668,-233.11480575151003,-1.0744377205593532e-09
826.1632284913703,323.98462111959054,3.9463464248285587,-224.6148778473733,-233.48274319875165,-1.0744374986583851e-09
826.6632284913703,324.4845226872146,3.946380560452866,-224.9534714490047,-233.85068130452677,-1.0744375194807105e-09
827.1632284913703,324.98442460611017,3.9464145940694375,-225.29206432799623,-234.2186200697855,-1.0744375042593305e-09
827.6632284913703,325.4843268746627,3.9464485261523654,-225.63065648339017,-234.5865594954806,-1.0744377471173955e-09
828.1632284913703,325.9842294912675,3.9464823571728473,-225.96924791422524,-234.95449958256765,-1.0744376839626274e-09
828.6632284913703,326.48413245432977,3.946516087599209,-226.30783861953694,-235.32244033200482,-1.0744377384637355e-09
829.1632284913703,326.9840357622643,3.9465497178969264,-226.64642859835737,-235.69038174475304,-1.0744376262907898e-09
829.6632284913703,327.48393941349565,3.9465832485286474,-226.98501784971526,-236.05832382177613,-1.0744379484480163e-09
830.1632284913703,327.98384340645794,3.9466166799542135,-227.32360637263588,-236.42626656404067,-1.0744375374448114e-09
830.6632284913703,328.4837477395948,3.946650012630681,-227.6621941661412,-236.7942099725159,-1.074437781101094e-09
831.1632284913703,328.9836524113592,3.946683247012342,-228.0007812292498,-237.16215404817385,-1.0744377157303657e-09
831.6632284913703,329.4835574202136,3.946716383550746,-228.33936756097674,-237.5300987919896,-1.0744377056568934e-09
832.1632284913703,329.9834627646297,3.9467494226947215,-228.67795316033363,-237.89804420494085,-1.0744377110110732e-09
832.6632284913703,330.4833684430884,3.946782364890394,-229.01653802632862,-238.26599028800834,-1.0744376884766583e-09
833.1632284913703,330.9832744540799,3.9468152105812093,-229.35512215796658,-238.63393704217552,-1.0744378407614774e-09
833.6632284913703,331.4831807961032,3.946847960207952,-229.69370555424865,-239.00188446842878,-1.0744381098470954e-09
834.1632284913703,331.9830874676667,3.946880614208766,-230.03228821417264,-239.36983256775744,-1.074438069699455e-09
834.6632284913703,332.4829944672873,3.946913173019175,-230.37087013673266,-239.73778134115378,-1.0744381514890946e-09
835.1632284913703,332.9829017934912,3.946945637072102,-230.7094513209194,-240.105730789613,-1.074438166739686e-09
835.6632284913703,333.4828094448131,3.9469780067978886,-231.04803176571997,-240.4736809141332,-1.0744382836500412e-09
836.1632284913703,333.98271741979664,3.9470102826243134,-231.38661147011814,-240.8416317157155,-1.0744383087494162e-09
836.6632284913703,334.4826257169941,3.9470424649766134,-231.7251904330938,-241.2095831953639,-1.074438282541074e-09
837.1632284913703,334.9825343349664,3.947074554277502,-232.0637686536232,-241.57753535408577,-1.074438125135864e-09
837.6632284913703,335.4824432722829,3.9471065509471863,-232.40234613067943,-241.94548819289108,-1.0744380931114397e-09
838.1632284913703,335.98235252752164,3.947138455403389,-232.7409228632315,-242.31344171279306,-1.0744382043617003e-09
838.6632284913703,336.48226209926895,3.947170268061364,-233.079498850245,-242.68139591480795,-1.0744383611681217e-09
839.1632284913703,336.98217198611957,3.9472019893339163,-233.41807409068187,-243.04935079995505,-1.0744384654258652e-09
839.6632284913703,337.4820821866765,3.94723361963142,-233.7566485835002,-243.4173063692569,-1.074438418756905e-09
840.1632284913703,337.9819926995511,3.947265159361836,-234.09522232765465,-243.78526262373887,-1.0744385482991936e-09
840.6632284913703,338.48190352336275,3.9472966089307295,-234.43379532209605,-244.1532195644297,-1.074438530823662e-09
841.1632284913703,338.9818146567391,3.9473279687412894,-234.7723675657715,-244.52117719236122,-1.0744383650394583e-09
841.6632284913703,339.4817260983158,3.947359239194344,-235.11093905762436,-244.88913550856833,-1.0744382512255912e-09
842.1632284913703,339.9816378467365,3.947390420688379,-235.4495097965943,-245.2570945140893,-1.0744381729366556e-09
842.6632284913703,340.4815499006528,3.9474215136195556,-235.78807978161728,-245.62505420996533,-1.0744383114155089e-09
843.1632284913703,340.98146225872426,3.947452518381726,-236.1266490116254,-245.99301459724106,-1.0744381386033093e-09
843.6632284913703,341.48137491961813,3.9474834353664527,-236.46521748554684,-246.3609756769644,-1.0744383269473028e-09
844.1632284913703,341.98128788200955,3.947514264963022,-236.80378520230624,-246.72893745018624,-1.0744385413836781e-09
844.6632284913703,342.48120114458135,3.9475450075584644,-237.14235216082415,-247.09689991796103,-1.0744381680513854e-09
845.1632284913703,342.981114706024,3.9475756635375676,-237.48091836001757,-247.46486308134635,-1.0744382355938883e-09
845.6632284913703,343.48102856503556,3.947606233282896,-237.8194837987992,-247.83282694140306,-1.074438310322543e-09
846.1632284913703,343.9809427203217,3.9476367171748046,-238.15804847607836,-248.2007914991956,-1.0744383459608607e-09
846.6632284913703,344.4808571705955,3.947667115591456,-238.4966123907602,-248.5687567557913,-1.0744386630508407e-09
847.1632284913703,344.9807719145776,3.9476974289088367,-238.83517554174585,-248.93672271226126,-1.074438652091638e-09
847.6632284913703,345.4806869509959,3.9477276575007725,-239.1737379279328,-249.30468936967986,-1.074438628109013e-09
848.1632284913703,345.9806022785857,3.947757801738944,-239.51229954821432,-249.67265672912472,-1.0744389780392935e-09
848.6632284913703,346.48051789608957,3.947787861992902,-239.85086040147996,-250.04062479167703,-1.0744387438285844e-09
849.1632284913703,346.9804338022573,3.9478178386300837,-240.18942048661515,-250.40859355842136,-1.0744386641175244e-09
849.6632284913703,347.4803499958459,3.947847732015828,-240.52797980250128,-250.77656303044571,-1.0744387510741613e-09
850.1632284913703,347.98026647561954,3.947877542513389,-240.8665383480159,-251.14453320884166,-1.0744387560235208e-09
850.6632284913703,348.4801832403493,3.947907270483953,-241.2050961220324,-251.5125040947041,-1.0744385216506878e-09
851.1632284913703,348.9801002888134,3.947936916286652,-241.54365312342003,-251.88047568913154,-1.0744389812867808e-09
851.6632284913703,349.480017619797,3.9479664802785805,-241.88220935104417,-252.24844799322608,-1.0744386245950213e-09
852.1632284913703,349.97993523209226,3.9479959628148067,-242.22076480376592,-252.6164210080932,-1.0744387038069727e-09
852.6632284913703,350.4798531244981,3.94802536424839,-242.55931948044244,-252.98439473484217,-1.0744388754325504e-09
853.1632284913703,350.9797712958204,3.948054684930394,-242.8978733799267,-253.35236917458556,-1.0744387265803563e-09
853.6632284913703,351.4796897448717,3.948083925209902,-243.2364265010674,-253.7203443284399,-1.074438730633519e-09
854.1632284913703,351.9796084704713,3.9481130854340285,-243.5749788427094,-254.08832019752487,-1.0744388668009464e-09
854.6632284913703,352.47952747144524,3.9481421659479365,-243.91353040369313,-254.45629678296424,-1.074438956324437e-09
855.1632284913703,352.9794467466261,3.9481711670948494,-244.25208118285477,-254.8242740858852,-1.0744391317421693e-09
855.6632284913703,353.4793662948531,3.948200089216065,-244.59063117902645,-255.1922521074188,-1.0744389085313133e-09
856.1632284913703,353.979286114972,3.94822893265097,-244.92918039103597,-255.56023084869952,-1.074438872078312e-09
856.6632284913703,354.4792062058351,3.9482576977370525,-245.26772881770688,-255.9282103108658,-1.0744387614167587e-09
857.1632284913703,354.9791265663011,3.9482863848099155,-245.60627645785866,-256.29619049505965,-1.0744387649531506e-09
857.6632284913703,355.47904719523507,3.9483149942032916,-245.9448233103061,-256.66417140242703,-1.074438549854006e-09
858.1632284913703,355.9789680915085,3.9483435262490545,-246.2833693738601,-257.03215303411747,-1.074438659214892e-09
858.6632284913703,356.47888925399917,3.9483719812772335,-246.62191464732686,-257.4001353912846,-1.074438254532044e-09
859.1632284913703,356.97881068159114,3.9484003596160253,-246.96045912950842,-257.76811847508543,-1.0744384355189332e-09
859.6632284913703,357.47873237317475,3.9484286615918074,-247.29900281920257,-258.1361022866812,-1.0744385061994443e-09
860.1632284913703,357.97865432764644,3.9484568875291512,-247.6375457152025,-258.5040868272368,-1.0744385567768943e-09
860.6632284913703,358.4785765439088,3.9484850377508343,-247.976087816297,-258.87207209792103,-1.0744381915743605e-09
861.1632284913703,358.9784990208705,3.948513112577853,-248.3146291212705,-259.24005809990666,-1.0744383829280042e-09
861.6632284913703,359.4784217574464,3.948541112329435,-248.65316962890304,-259.60804483437045,-1.0744384513392064e-09
862.1632284913703,359.9783447525573,3.948569037323052,-248.99170933797006,-259.9760323024929,-1.0744384054643075e-09
862.6632284913703,360.47826800512985,3.948596887874431,-249.3302482472426,-260.3440205054585,-1.0744386446655478e-09
863.1632284913703,360.97819151409675,3.9486246642975673,-249.66878635548707,-260.7120094444559,-1.074438379210212e-09
863.6632284913703,361.4781152783966,3.9486523669047364,-250.00732366146553,-261.0799991206776,-1.074438135128405e-09
864.1632284913703,361.9780392969739,3.9486799960065055,-250.3458601639354,-261.4479895353201,-1.0744380322993028e-09
864.6632284913703,362.4779635687788,3.9487075519117467,-250.68439586164945,-261.81598068958425,-1.0744380567986569e-09
865.1632284913703,362.9778880927674,3.9487350349276467,-251.02293075335598,-262.1839725846746,-1.0744380676192807e-09
865.6632284913703,363.4778128679013,3.9487624453597197,-251.36146483779868,-262.55196522179983,-1.0744381735637933e-09
866.1632284913703,363.97773789314806,3.9487897835118195,-251.6999981137164,-262.919958602173,-1.074438109592803e-09
866.6632284913703,364.47766316748067,3.94881704968615,-252.0385305798435,-263.28795272701103,-1.0744382234943964e-09
867.1632284913703,364.97758868987785,3.948844244183276,-252.37706223490972,-263.6559475975351,-1.0744382475829352e-09
867.6632284913703,365.4775144593239,3.9488713673021367,-252.71559307764002,-264.0239432149706,-1.074438396359272e-09
868.1632284913703,365.97744047480865,3.948898419340055,-253.05412310675453,-264.39193958054705,-1.074438403681307e-09
868.6632284913703,366.47736673532734,3.9489254005927483,-253.39265232096884,-264.7599366954982,-1.0744383598989967e-09
869.1632284913703,366.97729323988074,3.9489523113543417,-253.7311807189936,-265.1279345610621,-1.0744386941293293e-09
869.6632284913703,367.47721998747505,3.948979151917377,-254.06970829953477,-265.49593317848104,-1.0744382220786042e-09
870.1632284913703,367.9771469771219,3.9490059225728236,-254.40823506129342,-265.8639325490015,-1.0744382833227585e-09
870.6632284913703,368.4770742078382,3.9490326236100906,-254.74676100296594,-266.2319326738745,-1.074438488270187e-09
871.1632284913703,368.9770016786462,3.949059255317036,-255.08528612324372,-266.5999335543551,-1.0744382392635393e-09
871.6632284913703,369.47692938857347,3.949085817979978,-255.42381042081334,-266.96793519170296,-1.0744384906777121e-09
872.1632284913703,369.9768573366527,3.9491123118837055,-255.7623338943565,-267.3359375871818,-1.0744379916633657e-09
872.6632284913703,370.47678552192195,3.9491387373114883,-256.1008565425498,-267.7039407420601,-1.0744381105417732e-09
873.1632284913703,370.97671394342433,3.9491650945450876,-256.4393783640652,-268.0719446576107,-1.0744383554412662e-09
873.6632284913703,371.47664260020815,3.949191383864766,-256.7778993575693,-268.43994933511067,-1.0744381462784405e-09
874.1632284913703,371.9765714913268,3.949217605549298,-257.1164195217241,-268.80795477584167,-1.0744380676373502e-09
874.6632284913703,372.4765006158388,3.949243759875979,-257.4549388551863,-269.17596098108993,-1.0744381639589645e-09
875.1632284913703,372.97642997280764,3.9492698471206373,-257.7934573566078,-269.543967952146,-1.0744383735927527e-09
875.6632284913703,373.4763595613018,3.9492958675576424,-258.1319750246352,-269.91197569030516,-1.074438332077253e-09
876.1632284913703,373.9762893803948,3.949321821459915,-258.4704918579102,-270.27998419686725,-1.074438186804596e-09
876.6632284913703,374.47621942916504,3.9493477090989377,-258.80900785506907,-270.6479934731366,-1.074438572162027e-09
877.1632284913703,374.9761497066959,3.9493735307447633,-259.14752301474346,-271.01600352042203,-1.0744383312984644e-09
877.6632284913703,375.47608021207543,3.9493992866660257,-259.48603733555933,-271.3840143400374,-1.0744381941943172e-09
878.1632284913703,375.9760109443968,3.9494249771299486,-259.8245508161378,-271.75202593330084,-1.074438476002929e-09
878.6632284913703,376.4759419027578,3.949450602402355,-260.16306345509474,-272.12003830153526,-1.074438716081592e-09
879.1632284913703,376.97587308626106,3.949476162747677,-260.50157525104066,-272.48805144606837,-1.0744382809658862e-09
879.6632284913703,377.4758044940139,3.9495016584289653,-260.8400862025808,-272.85606536823263,-1.0744382394804585e-09
880.1632284913703,377.97573612512844,3.9495270897078973,-261.1785963083152,-273.2240800693651,-1.0744385082295254e-09
880.6632284913703,378.4756679787214,3.9495524568447875,-261.5171055668387,-273.5920955508077,-1.074438364226501e-09
881.1632284913703,378.9756000539142,3.9495777600985953,-261.8556139767407,-273.96011181390713,-1.0744380165931325e-09
881.6632284913703,379.47553234983286,3.949602999726936,-262.19412153660505,-274.3281288600151,-1.0744380235497378e-09
882.1632284913703,379.975464865608,3.949628175986087,-262.53262824501047,-274.69614669048786,-1.074438564334185e-09
882.6632284913703,380.4753976003747,3.9496532891309997,-262.8711341005302,-275.0641653066868,-1.0744384887468906e-09
883.1632284913703,380.9753305532728,3.9496783394153057,-263.2096391017319,-275.43218470997806,-1.0744384322735019e-09
883.6632284913703,381.4752637234464,3.949703327091327,-263.5481432471781,-275.8002049017329,-1.0744383136061108e-09
884.1632284913703,381.97519711004423,3.9497282524100843,-263.8866465354254,-276.16822588332747,-1.0744383091930952e-09
884.6632284913703,382.47513071221937,3.9497531156213057,-264.2251489650252,-276.5362476561428,-1.074438502182825e-09
885.1632284913703,382.9750645291293,3.949777916973435,-264.5636505345232,-276.90427022156496,-1.0744379640273957e-09
885.6632284913703,383.47499855993607,3.94980265671364,-264.9021512424597,-277.2722935809851,-1.0744383753038038e-09
886.1632284913703,383.9749328038058,3.9498273350878215,-265.24065108736914,-277.64031773579944,-1.0744380593762517e-09
886.6632284913703,384.47486725990916,3.9498519523406213,-265.57915006778063,-278.00834268740937,-1.0744381724955183e-09
887.1632284913703,384.974801927421,3.9498765087154304,-265.91764818221736,-278.37636843722123,-1.0744382108514347e-09
887.6632284913703,385.47473680552054,3.9499010044543974,-266.256145429197,-278.74439498664657,-1.0744380076828503e-09
888.1632284913703,385.9746718933911,3.9499254397984362,-266.5946418072314,-279.1124223371021,-1.0744379553240523e-09
888.6632284913703,386.4746071902203,3.949949814987235,-266.93313731482687,-279.48045049000984,-1.0744381942856456e-09
889.1632284913703,386.97454269520006,3.949974130259264,-267.2716319504837,-279.84847944679706,-1.0744380030941649e-09
889.6632284913703,387.47447840752625,3.9499983858517815,-267.6101257126965,-280.216509208896,-1.0744379944750335e-09
890.1632284913703,387.974414326399,3.950022582000845,-267.9486185999542,-280.5845397777444,-1.0744377652089493e-09
890.6632284913703,388.4743504510226,3.9500467189413166,-268.28711061073966,-280.9525711547853,-1.0744383609084923e-09
891.1632284913703,388.9742867806052,3.9500707969068722,-268.6256017435299,-281.3206033414669,-1.0744379426022116e-09
891.6632284913703,389.4742233143593,3.9500948161300085,-268.96409199679607,-281.6886363392432,-1.0744380002887105e-09
892.1632284913703,389.9741600515012,3.9501187768420505,-269.30258136900346,-282.0566701495732,-1.0744383513461076e-09
892.6632284913703,390.4740969912513,3.950142679273159,-269.64106985861133,-282.42470477392135,-1.0744380178816497e-09
893.1632284913703,390.974034132834,3.95016652365234,-269.9795574640728,-282.79274021375767,-1.074438002955788e-09
893.6632284913703,391.4739714754776,3.950190310207449,-270.3180441838353,-283.16077647055766,-1.0744381285311024e-09
894.1632284913703,391.97390901841436,3.9502140391652016,-270.65653001633984,-283.5288135458023,-1.074438221558559e-09
894.6632284913703,392.4738467608804,3.9502377107511784,-270.99501496002154,-283.896851440978,-1.0744379736991547e-09
895.1632284913703,392.97378470211584,3.950261325189834,-271.33349901330934,-284.26489015757704,-1.0744381976302313e-09
895.6632284913703,393.47372284136446,3.950284882704503,-271.67198217462607,-284.632929697097,-1.0744384363209005e-09
896.1632284913703,393.9736611778741,3.9503083835174087,-272.0104644423884,-285.00097006104113,-1.0744382480015049e-09
896.6632284913703,394.47359971089617,3.950331827849668,-272.34894581500686,-285.36901125091845,-1.074438421394936e-09
897.1632284913703,394.973538439686,3.950355215921302,-272.6874262908854,-285.7370532682436,-1.0744382429136135e-09
897.6632284913703,395.4734773635027,3.9503785479512383,-273.02590586842206,-286.10509611453693,-1.0744383496319031e-09
898.1632284913703,395.97341648160904,3.9504018241573227,-273.3643845460085,-286.47313979132457,-1.0744385657749357e-09
898.6632284913703,396.4733557932715,3.950425044756323,-273.70286232202994,-286.8411843001384,-1.0744387205610153e-09
899.1632284913703,396.9732952977603,3.950448209963938,-274.0413391948652,-287.20922964251616,-1.0744385191149634e-09
899.6632284913703,397.47323499434924,3.950471319994802,-274.3798151628868,-287.5772758200015,-1.074438826322481e-09
900.1632284913703,397.9731748823159,3.9504943750624935,-274.71829022446104,-287.9453228341436,-1.0744384481376574e-09
900.6632284913703,398.4731149609414,3.9505173753795413,-275.0567643779473,-288.31337068649805,-1.0744382403398288e-09
901.1632284913703,398.9730552295104,3.950540321157431,-275.3952376216988,-288.6814193786258,-1.0744385292453231e-09
901.6632284913703,399.47299568731125,3.9505632126066126,-275.7337099540621,-289.04946891209426,-1.0744385190529478e-09
902.1632284913703,399.97293633363574,3.950586049936505,-276.07218137337725,-289.41751928847657,-1.074438662426562e-09
902.6632284913703,400.47287716777925,3.9506088333555054,-276.41065187797767,-289.78557050935206,-1.074438789585902e-09
903.1632284913703,400.9728181890406,3.950631563070993,-276.74912146619005,-290.15362257630596,-1.0744382560196637e-09
903.6632284913703,401.4727593967222,3.9506542392893373,-277.08759013633465,-290.5216754909297,-1.0744385781717664e-09
904.1632284913703,401.9727007901299,3.9506768622159045,-277.42605788672466,-290.88972925482085,-1.0744385086172487e-09
904.6632284913703,402.47264236857296,3.950699432055062,-277.76452471566705,-291.2577838695832,-1.074438593775984e-09
905.1632284913703,402.972584131364,3.950721949010187,-278.1029906214616,-291.62583933682635,-1.074438781249076e-09
905.6632284913703,403.4725260778191,3.9507444132836707,-278.44145560240156,-291.99389565816654,-1.074438331674352e-09
906.1632284913703,403.9724682072578,3.9507668250769266,-278.77991965677313,-292.3619528352262,-1.0744385756339543e-09
906.6632284913703,404.4724105190029,3.9507891845903953,-279.1183827828557,-292.73001086963404,-1.074438543870765e-09
907.1632284913703,404.97235301238055,3.9508114920235506,-279.4568449789218,-293.0980697630249,-1.0744388623761106e-09
907.6632284913703,405.4722956867202,3.9508337475749067,-279.79530624323695,-293.4661295170404,-1.0744386964164882e-09
908.1632284913703,405.97223854135467,3.9508559514420223,-280.13376657405973,-293.83419013332804,-1.0744386645208538e-09
908.6632284913703,406.47218157561997,3.9508781038215086,-280.4722259696418,-294.20225161354216,-1.0744387107177042e-09
909.1632284913703,406.9721247888554,3.950900204909034,-280.8106844282276,-294.5703139593433,-1.0744392106249137e-09
909.6632284913703,407.4720681804035,3.9509222548993304,-281.1491419480546,-294.9383771723986,-1.074438818250481e-09
910.1632284913703,407.97201174961,3.9509442539861994,-281.487598527353,-295.3064412543818,-1.074438666626123e-09
910.6632284913703,408.47195549582386,3.9509662023625176,-281.826054164346,-295.6745062069732,-1.074438485400788e-09
911.1632284913703,408.9718994183973,3.9509881002202425,-282.1645088572494,-296.0425720318598,-1.0744387400973172e-09
911.6632284913703,409.4718435166855,3.951009947750418,-282.5029626042721,-296.4106387307349,-1.0744386430222994e-09
912.1632284913703,409.97178779004696,3.951031745143181,-282.84141540361543,-296.7787063052987,-1.0744389644590012e-09
912.6632284913703,410.4717322378431,3.9510534925877656,-283.17986725347345,-297.1467747572582,-1.0744389289853456e-09
913.1632284913703,410.97167685943873,3.9510751902725105,-283.5183181520329,-297.51484408832704,-1.0744388907281492e-09
913.6632284913703,411.47162165420144,3.951096838384863,-283.85676809747326,-297.88291430022565,-1.07443859411154e-09
914.1632284913703,411.97156662150206,3.9511184371113854,-284.1952170879663,-298.2509853946814,-1.0744389744659498e-09
914.6632284913703,412.47151176071446,3.9511399866377603,-284.53366512167645,-298.6190573734284,-1.0744385887742358e-09
915.1632284913703,412.97145707121547,3.951161487148796,-284.8721121967606,-298.98713023820767,-1.0744385615253705e-09
915.6632284913703,413.471402552385,3.951182938828431,-285.2105583113684,-299.3552039907673,-1.0744385373573895e-09
916.1632284913703,413.97134820360577,3.9512043418597425,-285.5490034636414,-299.7232786328621,-1.074439029009472e-09
916.6632284913703,414.4712940242638,3.951225696424947,-285.8874476517139,-300.0913541662543,-1.074438643426128e-09
917.1632284913703,414.9712400137477,3.9512470027054096,-286.22589087371244,-300.45943059271264,-1.0744382799290265e-09
917.6632284913703,415.47118617144935,3.951268260881648,-286.56433312775556,-300.82750791401355,-1.0744383426857286e-09
918.1632284913703,415.97113249676323,3.951289471133337,-286.9027744119544,-301.1955861319401,-1.0744387614953948e-09
918.6632284913703,416.47107898908695,3.951310633639314,-287.24121472441226,-301.56366524828286,-1.0744381915705344e-09
919.1632284913703,416.97102564782097,3.9513317485775845,-287.5796540632245,-301.93174526483944,-1.0744384060692998e-09
919.6632284913703,417.4709724723685,3.9513528161253277,-287.91809242647867,-302.2998261834147,-1.074438608352743e-09
920.1632284913703,417.9709194621357,3.9513738364589006,-288.25652981225437,-302.6679080058209,-1.0744385610773466e-09
920.6632284913703,418.4708666165316,3.951394809753843,-288.59496621862326,-303.03599073387755,-1.0744387389212823e-09
921.1632284913703,418.97081393496796,3.951415736184884,-288.9334016436489,-303.40407436941155,-1.0744384646707554e-09
921.6632284913703,419.4707614168593,3.951436615925945,-289.27183608538695,-303.7721589142572,-1.0744387284005156e-09
922.1632284913703,419.97070906162304,3.951457449150146,-289.6102695418848,-304.14024437025637,-1.0744384259238112e-09
922.6632284913703,420.47065686867927,3.95147823602981,-289.94870201118175,-304.5083307392583,-1.0744388728402193e-09
923.1632284913703,420.97060483745094,3.951498976736468,-290.28713349130925,-304.8764180231198,-1.0744385549324586e-09
923.6632284913703,421.4705529673636,3.951519671440864,-290.6255639802899,-305.24450622370534,-1.0744385186337949e-09
924.1632284913703,421.97050125784557,3.951540320312959,-290.96399347613857,-305.6125953428868,-1.0744386131708177e-09
924.6632284913703,422.470449708328,3.9515609235219364,-291.30242197686164,-305.9806853825439,-1.0744386922105972e-09
925.1632284913703,422.97039831824446,3.951581481236208,-291.64084948045706,-306.34877634456416,-1.0744386953419626e-09
925.6632284913703,423.4703470870314,3.9516019936234157,-291.97927598491435,-306.71686823084264,-1.0744389681059986e-09
926.1632284913703,423.9702960141279,3.9516224608504396,-292.3177014882146,-307.0849610432824,-1.0744389616545697e-09
926.6632284913703,424.4702450989755,3.9516428830833994,-292.65612598833064,-307.45305478379413,-1.0744389403154872e-09
927.1632284913703,424.97019434101867,3.9516632604876616,-292.9945494832264,-307.8211494542965,-1.0744389225615563e-09
927.6632284913703,425.4701437397042,3.9516835932278425,-293.33297197085756,-308.1892450567162,-1.074439082199779e-09
928.1632284913703,425.9700932944816,3.9517038814678136,-293.6713934491708,-308.55734159298765,-1.0744389663014555e-09
928.6632284913703,426.47004300480296,3.951724125370706,-294.00981391610446,-308.92543906505364,-1.0744390594702353e-09
929.1632284913703,426.9699928701229,3.9517443250989137,-294.34823336958783,-309.29353747486454,-1.0744390671112223e-09
929.6632284913703,427.4699428898986,3.951764480814101,-294.68665180754164,-309.6616368243795,-1.0744385526394504e-09
930.1632284913703,427.96989306358984,3.951784592677203,-295.02506922787774,-310.02973711556524,-1.0744388938534766e-09
930.6632284913703,428.46984339065875,3.951804660848433,-295.363485628499,-310.39783835039685,-1.0744387446160874e-09
931.1632284913703,428.96979387057013,3.951824685487286,-295.7019010072995,-310.7659405308578,-1.0744390159070256e-09
931.6632284913703,429.4697445027912,3.9518446667525424,-296.0403153621643,-311.13404365893985,-1.0744392714027467e-09
932.1632284913703,429.9696952867916,3.951864604802273,-296.3787286909693,-311.50214773664277,-1.0744389435235385e-09
932.6632284913703,430.4696462220435,3.951884499793844,-296.7171409915814,-311.87025276597524,-1.074438922363903e-09
933.1632284913703,430.9695973080215,3.9519043518839183,-297.0555522618585,-312.23835874895394,-1.0744394976077708e-09
933.6632284913703,431.4695485442026,3.9519241612284635,-297.3939624996492,-312.6064656876042,-1.0744393915988072e-09
934.1632284913703,431.9694999300663,3.9519439279827537,-297.7323717027929,-312.9745735839599,-1.0744393339273714e-09
934.6632284913703,432.46945146509444,3.951963652301375,-298.0707798691196,-313.3426824400636,-1.0744393338596907e-09
935.1632284913703,432.96940314877116,3.951983334338228,-298.40918699645,-313.71079225796626,-1.0744388474898879e-09
935.6632284913703,433.46935498058315,3.952002974246534,-298.74759308259553,-314.0789030397278,-1.074438581444627e-09
936.1632284913703,433.96930696001937,3.9520225721788367,-299.0859981253582,-314.4470147874165,-1.074438811537076e-09
936.6632284913703,434.4692590865711,3.9520421282870086,-299.4244021225303,-314.81512750310986,-1.0744389955174263e-09
937.1632284913703,434.96921135973207,3.9520616427222537,-299.7628050718948,-315.18324118889393,-1.074439009413877e-09
937.6632284913703,435.4691637789982,3.9520811156351114,-300.1012069712248,-315.55135584686377,-1.0744389982736016e-09
938.1632284913703,435.9691163438678,3.9521005471754616,-300.4396078182841,-315.9194714791233,-1.0744393653620628e-09
938.6632284913703,436.4690690538414,3.9521199374925273,-300.77800761082636,-316.2875880877854,-1.0744390653843982e-09
939.1632284913703,436.9690219084219,3.9521392867348792,-301.1164063465959,-316.6557056749722,-1.0744391573255702e-09
939.6632284913703,437.4689749071144,3.95215859505044,-301.454804023327,-317.0238242428146,-1.074438997010256e-09
940.1632284913703,437.9689280494262,3.952177862586487,-301.7932006387439,-317.3919437934529,-1.0744392342414819e-09
940.6632284913703,438.4688813348671,3.952197089489658,-302.131596190561,-317.7600643290366,-1.0744394871670423e-09
941.1632284913703,438.9688347629488,3.9522162759059523,-302.4699906764832,-318.12818585172425,-1.0744393858713218e-09
941.6632284913703,439.46878833318544,3.9522354219807374,-302.8083840942046,-318.4963083636839,-1.074439815341464e-09
942.1632284913703,439.9687420450933,3.9522545278587513,-303.1467764414095,-318.86443186709283,-1.074439412295609e-09
942.6632284913703,440.4686958981908,3.952273593684106,-303.4851677157722,-319.2325563641379,-1.0744394259286532e-09
943.1632284913703,440.9686498919986,3.9522926196002914,-303.82355791495655,-319.6006818570153,-1.0744397306709768e-09
943.6632284913703,441.46860402603954,3.9523116057501806,-304.161947036616,-319.9688083479308,-1.0744392414117678e-09
944.1632284913703,441.96855829983855,3.952330552276031,-304.500335078394,-320.3369358390998,-1.074439296378202e-09
944.6632284913703,442.46851271292275,3.9523494593194894,-304.83872203792345,-320.70506433274727,-1.0744394139012546e-09
945.1632284913703,442.9684672648214,3.9523683270215955,-305.1771079128267,-321.07319383110774,-1.0744399502974337e-09
945.6632284913703,443.4684219550659,3.9523871555227856,-305.51549270071564,-321.4413243364258,-1.0744393842267697e-09
946.1632284913703,443.96837678318957,3.9524059449628965,-305.8538763991914,-321.8094558509559,-1.0744395981311843e-09
946.6632284913703,444.46833174872813,3.9524246954811675,-306.1922590058449,-322.1775883769618,-1.074439545114011e-09
947.1632284913703,444.96828685121915,3.9524434072162458,-306.53064051825584,-322.54572191671775,-1.0744395778393067e-09
947.6632284913703,445.46824209020235,3.952462080306189,-306.86902093399345,-322.91385647250786,-1.0744393598318186e-09
948.1632284913703,445.96819746521953,3.952480714888469,-307.20740025061605,-323.2819920466261,-1.0744395742958922e-09
948.6632284913703,446.4681529758145,3.9524993110999747,-307.54577846567116,-323.6501286413766,-1.074439770554546e-09
949.1632284913703,446.9681086215332,3.9525178690770173,-307.88415557669504,-324.0182662590739,-1.0744396222524432e-09
949.6632284913703,447.4680644019234,3.9525363889553318,-308.2225315812131,-324.38640490204267,-1.0744393608453603e-09
950.1632284913703,447.9680203165351,3.952554870870081,-308.56090647673966,-324.7545445726177,-1.0744397540612825e-09
950.6632284913703,448.46797636492016,3.9525733149558593,-308.89928026077797,-325.1226852731441,-1.0744396048695301e-09
951.1632284913703,448.9679325466325,3.9525917213466957,-309.23765293081976,-325.4908270059778,-1.0744400000875534e-09
951.6632284913703,449.46788886122795,3.952610090176057,-309.5760244843459,-325.8589697734847,-1.0744393389238395e-09
952.1632284913703,449.96784530826443,3.9526284215768515,-309.91439491882545,-326.2271135780416,-1.0744397570304181e-09
952.6632284913703,450.46780188730173,3.9526467156814324,-310.25276423171636,-326.59525842203584,-1.0744394568188922e-09
953.1632284913703,450.9677585979016,3.9526649726216005,-310.5911324204649,-326.9634043078651,-1.0744397039052067e-09
953.6632284913703,451.46771543962774,3.952683192528608,-310.92949948250583,-327.3315512379384,-1.0744397696084076e-09
954.1632284913703,451.9676724120458,3.9527013755331617,-311.2678654152624,-327.6996992146749,-1.0744397646544457e-09
954.6632284913703,452.4676295147232,3.9527195217654256,-311.60623021614583,-328.06784824050516,-1.0744396951566348e-09
955.1632284913703,452.9675867472296,3.952737631355025,-311.944593882556,-328.4359983178704,-1.0744400700366283e-09
955.6632284913703,453.4675441091361,3.9527557044310493,-312.28295641188043,-328.80414944922285,-1.0744395862464679e-09
956.1632284913703,453.9675016000161,3.952773741122055,-312.62131780149514,-329.17230163702595,-1.0744395556911204e-09
956.6632284913703,454.4674592194446,3.952791741556069,-312.959678048764,-329.5404548837541,-1.074439284834304e-09
957.1632284913703,454.96741696699866,3.952809705860591,-313.29803715103895,-329.90860919189277,-1.0744389791361617e-09
957.6632284913703,455.4673748422571,3.952827634162599,-313.6363951056596,-330.27676456393914,-1.074439418823072e-09
958.1632284913703,455.96733284480047,3.952845526588549,-313.97475190995334,-330.6449210024015,-1.0744398235392071e-09
958.6632284913703,456.4672909742114,3.952863383264381,-314.3131075612356,-331.01307850979924,-1.0744393411844069e-09
959.1632284913703,456.96724923007406,3.9528812043155197,-314.651462056809,-331.3812370886637,-1.0744393218218055e-09
959.6632284913703,457.4672076119747,3.95289898986688,-314.989815393964,-331.74939674153745,-1.0744394787939862e-09
960.1632284913703,457.9671661195012,3.952916740042867,-315.3281675699786,-332.11755747097493,-1.0744391613595824e-09
960.6632284913703,458.46712475224336,3.952934454967383,-315.666518582118,-332.485719279542,-1.0744392184236935e-09
961.1632284913703,458.96708350979264,3.9529521347638252,-316.00486842763496,-332.8538821698165,-1.074439463907166e-09
961.6632284913703,459.4670423917424,3.9529697795550947,-316.3432171037693,-333.222046144388,-1.074439352976478e-09
962.1632284913703,459.96700139768757,3.952987389463594,-316.6815646077482,-333.59021120585794,-1.0744392615734601e-09
962.6632284913703,460.46696052722507,3.9530049646112335,-317.01991093678583,-333.95837735683983,-1.074439195702535e-09
963.1632284913703,460.96691977995346,3.953022505119433,-317.3582560880833,-334.3265445999593,-1.074439250498235e-09
963.6632284913703,461.46687915547295,3.953040011109125,-317.69660005882895,-334.6947129378538,-1.0744392532352171e-09
964.1632284913703,461.96683865338565,3.953057482700756,-318.03494284619774,-335.0628823731733,-1.0744390365451672e-09
964.6632284913703,462.46679827329524,3.953074920014293,-318.37328444735147,-335.43105290858,-1.0744390480664415e-09
965.1632284913703,462.9667580148072,3.9530923231692228,-318.7116248594386,-335.7992245467484,-1.0744392901626636e-09
965.6632284913703,463.4667178775287,3.953109692284556,-319.04996407959425,-336.1673972903655,-1.0744394220489127e-09
966.1632284913703,463.96667786106855,3.9531270274788297,-319.3883021049402,-336.53557114213055,-1.074439283614722e-09
966.6632284913703,464.46663796503725,3.9531443288701116,-319.7266389325845,-336.9037461047558,-1.0744390580309299e-09
967.1632284913703,464.96659818904703,3.953161596576001,-320.0649745596214,-337.27192218096604,-1.0744390913069937e-09
967.6632284913703,465.46655853271176,3.9531788307136324,-320.4033089831321,-337.6400993734986,-1.0744390530425704e-09
968.1632284913703,465.9665189956469,3.9531960313996777,-320.7416422001832,-338.00827768510374,-1.0744391190330433e-09
968.6632284913703,466.4664795774696,3.9532131987503503,-321.0799742078277,-338.37645711854503,-1.0744391318511857e-09
969.1632284913703,466.9664402777987,3.9532303328814056,-321.41830500310493,-338.7446376765984,-1.0744391019794074e-09
969.6632284913703,467.46640109625463,3.953247433908146,-321.7566345830397,-339.11281936205336,-1.0744385545166128e-09
970.1632284913703,467.96636203245936,3.953264501945422,-322.0949629446429,-339.48100217771236,-1.0744391169312003e-09
970.6632284913703,468.4663230860366,3.9532815371076357,-322.43329008491105,-339.8491861263911,-1.0744385427712368e-09
971.1632284913703,468.9662842566116,3.9532985395087428,-322.77161600082655,-340.2173712109186,-1.0744393999466178e-09
971.6632284913703,469.4662455438111,3.953315509262256,-323.1099406893571,-340.58555743413734,-1.074438996541105e-09
972.1632284913703,469.9662069472637,3.9533324464812467,-323.44826414745603,-340.9537447989035,-1.0744393989823791e-09
972.6632284913703,470.46616846659924,3.953349351278349,-323.78658637206206,-341.32193330808633,-1.074439052328794e-09
973.1632284913703,470.96613010144944,3.95336622376576,-324.1249073600992,-341.6901229645693,-1.074439368221659e-09
973.6632284913703,471.46609185144735,3.9533830640552456,-324.46322710847664,-342.0583137712494,-1.0744392757227024e-09
974.1632284913703,471.9660537162277,3.9533998722581405,-324.80154561408847,-342.4265057310376,-1.074439553609754e-09
974.6632284913703,472.4660156954267,3.953416648485351,-325.13986287381414,-342.7946988468586,-1.0744396046088965e-09
975.1632284913703,472.96597778868204,3.9534333928473586,-325.4781788845179,-343.1628931216513,-1.0744392970697487e-09
975.6632284913703,473.46593999563316,3.953450105454222,-325.8164936430488,-343.53108855836854,-1.0744396900843178e-09
976.1632284913703,473.9659023159208,3.9534667864155795,-326.15480714624044,-343.89928515997775,-1.0744393096935049e-09
976.6632284913703,474.4658647491873,3.9534834358406514,-326.4931193909114,-344.2674829294602,-1.0744400868898074e-09
977.1632284913703,474.96582729507645,3.9535000538382437,-326.83143037386435,-344.635681869812,-1.074439688688935e-09
977.6632284913703,475.4657899532336,3.953516640516748,-327.1697400918867,-345.00388198404335,-1.074439595909643e-09
978.1632284913703,475.9657527233055,3.9535331959841473,-327.50804854175004,-345.37208327517953,-1.0744391015309024e-09
978.6632284913703,476.46571560494056,3.953549720348015,-327.8463557202102,-345.74028574626,-1.0744395081502986e-09
979.1632284913703,476.9656785977885,3.9535662137155203,-328.1846616240072,-346.10848940033924,-1.0744396837268754e-09
979.6632284913703,477.4656417015005,3.9535826761934283,-328.5229662498651,-346.4766942404866,-1.0744399292997577e-09
980.1632284913703,477.9656049157293,3.9535991078881043,-328.86126959449155,-346.84490026978654,-1.0744401206774013e-09
980.6632284913703,478.46556824012896,3.953615508905515,-329.1995716545782,-347.2131074913384,-1.0744395852130457e-09
981.1632284913703,478.96553167435513,3.953631879351231,-329.5378724268006,-347.58131590825667,-1.0744397267563375e-09
981.6632284913703,479.4654952180648,3.9536482193304296,-329.87617190781776,-347.9495255236713,-1.0744401401247863e-09
982.1632284913703,479.9654588709164,3.9536645289478973,-330.2144700942718,-348.31773634072755,-1.0744400262116203e-09
982.6632284913703,480.46542263256976,3.953680808308031,-330.5527669827888,-348.6859483625861,-1.0744398171918687e-09
983.1632284913703,480.96538650268616,3.9536970575148414,-330.89106256997775,-349.05416159242304,-1.0744399338001064e-09
983.6632284913703,481.4653504809283,3.9537132766719556,-331.2293568524307,-349.4223760334306,-1.0744398587679108e-09
984.1632284913703,481.9653145669602,3.953729465882618,-331.5676498267233,-349.79059168881645,-1.0744402730246864e-09
984.6632284913703,482.4652787604474,3.953745625249694,-331.9059414894134,-350.1588085618043,-1.074439619544275e-09
985.1632284913703,482.96524306105664,3.953761754875672,-332.244231837042,-350.52702665563385,-1.0744398857612184e-09
985.6632284913703,483.4652074684562,3.9537778548626643,-332.58252086613277,-350.89524597356075,-1.0744399145733996e-09
986.1632284913703,483.96517198231567,3.9537939253124117,-332.92080857319223,-351.2634665188571,-1.0744397320900357e-09
986.6632284913703,484.46513660230596,3.953809966326284,-333.25909495470887,-351.6316882948112,-1.074439618292226e-09
987.1632284913703,484.9651013280994,3.9538259780052827,-333.59738000715384,-351.99991130472796,-1.0744403504948626e-09
987.6632284913703,485.46506615936966,3.953841960450043,-333.93566372698047,-352.3681355519284,-1.0744401803738979e-09
988.1632284913703,485.9650310957917,3.9538579137608374,-334.2739461106242,-352.7363610397506,-1.0744401444310559e-09
988.6632284913703,486.4649961370418,3.953873838037576,-334.61222715450225,-353.10458777154946,-1.0744400162516844e-09
989.1632284913703,486.9649612827977,3.953889733379809,-334.9505068550141,-353.47281575069644,-1.074440312277032e-09
989.6632284913703,487.4649265327383,3.9539055998867307,-335.28878520854073,-353.8410449805802,-1.0744400733724362e-09
990.1632284913703,487.9648918865439,3.9539214376571796,-335.6270622114447,-354.20927546460655,-1.0744401822468765e-09
990.6632284913703,488.46485734389614,3.9539372467896414,-335.96533786007024,-354.57750720619845,-1.0744399358991394e-09
991.1632284913703,488.9648229044779,3.9539530273822514,-336.3036121507427,-354.94574020879617,-1.074440083402687e-09
991.6632284913703,489.4647885679733,3.9539687795327962,-336.6418850797689,-355.3139744758577,-1.0744400500914947e-09
992.1632284913703,489.9647543340679,3.9539845033387158,-336.9801566434368,-355.68221001085834,-1.0744401017011125e-09
992.6632284913703,490.4647202024484,3.954000198897106,-337.3184268380151,-356.05044681729106,-1.0744397957411674e-09
993.1632284913703,490.96468617280283,3.954015866304721,-337.65669565975355,-356.41868489866704,-1.0744400962683067e-09
993.6632284913703,491.4646522448205,3.954031505657974,-337.99496310488263,-356.78692425851506,-1.0744400960012454e-09
994.1632284913703,491.96461841819195,3.9540471170529403,-338.3332291696134,-357.15516490038203,-1.074440517064237e-09
994.6632284913703,492.464584692609,3.9540627005853604,-338.6714938501372,-357.5234068278331,-1.074440241606954e-09
995.1632284913703,492.96455106776466,3.95407825635064,-339.0097571426261,-357.89165004445186,-1.0744404437146127e-09
995.6632284913703,493.46451754335334,3.9540937844438533,-339.3480190432318,-358.2598945538404,-1.0744404698905639e-09
996.1632284913703,493.9644841190705,3.954109284959745,-339.6862795480865,-358.6281403596191,-1.0744408002931192e-09
996.6632284913703,494.4644507946129,3.9541247579927323,-340.02453865330205,-358.99638746542735,-1.0744403516200526e-09
997.1632284913703,494.9644175696785,3.9541402036369067,-340.3627963549701,-359.3646358749233,-1.0744402715650206e-09
997.6632284913703,495.4643844439666,3.9541556219860357,-340.70105264916214,-359.732885591784,-1.074440256704549e-09
998.1632284913703,495.9643514171775,3.9541710131335654,-341.0393075319291,-360.1011366197055,-1.0744400123234861e-09
998.6632284913703,496.46431848901295,3.9541863771726233,-341.37756099930095,-360.4693889624036,-1.074440223276047e-09
999.1632284913703,496.9642856591757,3.954201714196018,-341.7158130472873,-360.83764262361285,-1.0744406996179824e-09
999.6632284913703,497.4642529273697,3.954217024296244,-342.05406367187646,-361.20589760708776,-1.0744405117796219e-09
1000.1632284913703,497.9642202933003,3.954232307565481,-342.39231286903583,-361.57415391660226,-1.0744406592380015e-09
1000.6632284913703,498.4641877566737,3.954247564095598,-342.7305606347114,-361.94241155595023,-1.0744407500823821e-09
1001.1632284913703,498.9641553171976,3.954262793978154,-343.06880696482807,-362.31067052894537,-1.074439985877018e-09
1001.6632284913703,499.4641229745806,3.9542779973044,-343.407051855289,-362.67893083942147,-1.0744403896850352e-09
1002.1632284913703,499.9640907285327,3.9542931741652834,-343.7452953019755,-363.0471924912327,-1.0744400178761653e-09
1002.6632284913703,500.4640585787649,3.954308324651445,-344.08353730074737,-363.41545548825326,-1.0744395367671065e-09
1003.1632284913703,500.9640265249894,3.9543234488532257,-344.42177784744223,-363.78371983437825,-1.0744399012096191e-09
1003.6632284913703,501.4639945669195,3.9543385468606664,-344.76001693787543,-364.1519855335232,-1.0744399207371547e-09
1004.1632284913703,501.9639627042697,3.9543536187635095,-345.09825456784023,-364.5202525896245,-1.0744402428566737e-09
1004.6632284913703,502.4639309367557,3.9543686646512017,-345.4364907331073,-364.8885210066393,-1.074439704481864e-09
1005.1632284913703,502.9638992640941,3.9543836846128957,-345.77472542942456,-365.25679078854625,-1.074440046025175e-09
1005.6632284913703,503.46386768600286,3.954398678737452,-346.11295865251736,-365.6250619393449,-1.0744397161468238e-09
1006.1632284913703,503.963836202201,3.9544136471134403,-346.451190398088,-365.9933344630564,-1.0744397464717887e-09
1006.6632284913703,504.4638048124085,3.954428589829143,-346.7894206618155,-366.3616083637233,-1.074439782885752e-09
1007.1632284913703,504.9637735163467,3.954443506972555,-347.1276494393557,-366.7298836454101,-1.0744402533207905e-09
1007.1994572390236,505.0,3.954444586840179,-347.15215659155575,-366.75656800367176,-1.0744400096954583e-09
