tau,r,phi,X,Y,H
0.0,500.0,0.0,500.0,0.0,1.3072060666919735e-16
0.004812509368368227,499.9951879238095,1.3622487179302885e-07,499.99518792380485,6.81117803720521e-05,1.9609567118040843e-16
0.052937603052050496,499.9470671623952,1.4986162279468852e-06,499.9470671618338,0.0007492287879637363,1.3082890153225374e-16
0.5341885398888733,499.46585959735586,1.5136808889282472e-05,499.4658595401363,0.00756031926315766,-1.3181808212789196e-16
1.0341885398888733,498.9659047536365,2.93338878184143e-05,498.96590453896215,0.01463660987315769,-0.0
1.5341885398888733,498.4659500067747,4.355913252769248e-05,498.4659495338805,0.021712744370020947,-0.0
2.0341885398888735,497.96599535706173,5.78126279808345e-05,497.96599452488584,0.02878872282064701,1.349560938743145e-16
2.5341885398888735,497.4660408047901,7.209445948296526e-05,497.4660395119726,0.03586454529188376,-1.360208623465316e-16
3.0341885398888735,496.9660863502534,8.640471268233465e-05,496.9660844951351,0.04294021185052764,-0.0
3.5341885398888735,496.46613199374644,0.00010074347357204559,496.4661294743676,0.05001572256332403,-0.0
4.0341885398888735,495.9661777355651,0.00011511082849179233,495.9661744496645,0.05709107749696751,1.3927278364176526e-16
4.5341885398888735,495.46622357600666,0.0001295068641296095,495.46621942102,0.06416627671810218,7.018814224829768e-17
5.0341885398888735,494.9662695153694,0.00014393166752363156,494.9662643884284,0.07124132029332197,2.1223456870716169e-16
5.5341885398888735,494.46631555395294,0.00015838532606386312,494.4663093518838,0.07831620828917096,7.130658367233513e-17
6.0341885398888735,493.96636169205806,0.0001728679274939598,493.96635431138054,0.08539094077214368,-0.0
6.5341885398888735,493.4664079299867,0.00018737955991302008,493.4663992669127,0.09246551780868542,1.4489056244996275e-16
7.0341885398888735,492.9664542680422,0.00020192031177738794,492.96644421847435,0.09953993946519257,-0.0
7.5341885398888735,492.4665007065289,0.0002164902719024666,492.46648916605966,0.10661420580801292,7.3604645214867e-17
8.034188539888873,491.96654724575257,0.00023108952946454314,491.9665341096627,0.11368831690344594,-0.0
8.534188539888873,491.46659388602006,0.00024571817400262456,491.46657904927736,0.1207622728177432,-7.478509513712621e-17
9.034188539888873,490.9666406276396,0.0002603762954202846,490.9666239848979,0.1278360736171085,-7.538336098236846e-17
9.534188539888873,490.46668747092065,0.0002750639839875223,490.4666689165181,0.13490971936769847,-7.598705989863966e-17
10.034188539888873,489.96673441617384,0.00028978133034263174,489.96671384413196,0.14198321013562254,-7.659624700782369e-17
10.534188539888873,489.4667814637112,0.00030452842549408315,489.4667587677334,0.14905654598694365,-7.721097804928046e-17
11.034188539888873,488.9668286138459,0.00031930536082241576,488.96680368731626,0.1561297269876782,-1.5566261877482611e-16
11.534188539888873,488.4668758668925,0.00033411222808214216,488.4668486028745,0.16320275320379665,-0.0
12.034188539888873,487.96692322316676,0.0003489491194036643,487.96689351440176,0.1702756247012237,-0.0
12.534188539888873,487.4669706829858,0.00036381612729520144,487.46693842189205,0.17734834154583864,-7.972647836327986e-17
13.034188539888873,486.967018246668,0.00037871334464472994,486.9669833253389,0.18442090380347573,-8.036978730353008e-17
13.534188539888873,486.46706591453307,0.0003936408647219348,486.4670282247362,0.19149331153992447,1.6203797602017882e-16
14.034188539888873,485.967113686902,0.0004085987811801735,485.96707312007754,0.19856556482092994,8.167414076226543e-17
14.534188539888873,485.4671615640972,0.00042358718805845196,485.46711801135666,0.2056376637121931,2.4700591956083516e-16
15.034188539888873,484.96720954644223,0.0004386061797834125,484.96716289856715,0.21270960827937127,1.6600509386735182e-16
15.534188539888873,484.4672576342622,0.00045365585117133444,484.4672077817026,0.21978139858807821,1.6735184869971927e-16
16.034188539888873,483.9673058278833,0.0004687362974301467,483.96725266075657,0.2268530347038847,1.6871100364545362e-16
16.534188539888873,483.46735412763337,0.00048384761416145317,483.4672975357226,0.23392451669231873,-0.0
17.034188539888873,482.9674025338413,0.0004989898973625707,482.9673424065942,0.24099584461886578,-0.0
17.534188539888873,482.46745104683765,0.0005141632434285795,482.4673872733648,0.24806701854896945,-0.0
18.034188539888873,481.96749966695404,0.0005293677491543865,481.96743213602787,0.2551380385480314,-8.713709858006497e-17
18.534188539888873,481.4675483945237,0.0005446035117368016,481.46747699457677,0.26220890468141206,2.6354594247552096e-16
19.034188539888873,480.9675972298811,0.0005598706287766268,480.9675218490049,0.26927961701443054,-8.856679011886776e-17
19.534188539888873,480.46764617336225,0.0005751691982807577,480.4675666993056,0.2763501756123656,-0.0
20.034188539888873,479.9676952253044,0.0005904993186643001,479.96761154547215,0.28342058054045516,-0.0
20.534188539888873,479.46774438604626,0.0006058610887526972,479.46765638749775,0.29049083186389757,2.7228440014206237e-16
21.034188539888873,478.96779365592795,0.0006212546077838722,478.96770122537566,0.2975609296478511,-2.7452002369057e-16
21.534188539888873,478.467843035291,0.0006366799754103833,478.4677460590991,0.30463087395743477,1.8451765056501937e-16
22.034188539888873,477.9678925244785,0.0006521372917015929,477.96779088866117,0.3117006648577289,-0.0
22.534188539888873,477.46794212383475,0.0006676266571458492,477.46783571405507,0.31877030241377474,1.8756849031726387e-16
23.034188539888873,476.96799183370564,0.0006831481726526832,476.9678805352739,0.32583978669057545,-1.8911532263233776e-16
23.534188539888873,476.4680416544385,0.0006987019395550185,476.4679253523106,0.3329091177530963,1.9067662872999337e-16
24.034188539888873,475.968091586382,0.0007142880596113945,475.9679701651583,0.3399782956662647,-9.61262799383808e-17
24.534188539888873,475.4681416298865,0.0007299066350082054,475.46801497380994,0.34704732049497117,1.9384326908444529e-16
25.034188539888873,474.96819178530353,0.0007455577683619515,474.96805977825835,0.35411619230406904,-0.0
25.534188539888873,474.4682420529864,0.0007612415627215059,474.46810457849665,0.36118491115837525,1.9706964258859697e-16
26.034188539888873,473.9682924332897,0.0007769581215703947,473.9681493745176,0.3682534771226706,1.9870562183478912e-16
26.534188539888873,473.4683429265696,0.0007927075488290928,473.46819416631405,0.3753218902617,4.007140181738517e-16
27.034188539888873,472.96839353318376,0.0008084899488573327,472.96823895387865,0.3823901506401728,3.0303594962951984e-16
27.534188539888873,472.4684442534913,0.0008243054264564295,472.4682837372044,0.38945825832276354,3.0555998668466244e-16
28.034188539888873,471.96849508785306,0.0008401540868716198,471.96832851628386,0.39652621337411176,2.054052490598925e-16
28.534188539888873,471.4685460366311,0.0008560360357944153,471.46837329110986,0.4035940158588229,3.106798620343616e-16
29.034188539888873,470.96859710018924,0.0008719513793649723,470.9684180616749,0.41066166584146807,6.265524132793785e-16
29.534188539888873,470.4686482788928,0.0008879002241744754,470.4684628279717,0.41772916338658506,2.1059810999786074e-16
30.034188539888873,469.96869957310855,0.0009038826772675368,469.9685075899928,0.42479650855867823,4.2472399693870525e-16
30.534188539888873,469.4687509832049,0.0009198988461446111,469.4685523477306,0.431863701422219,4.282852912074198e-16
31.034188539888873,468.96880250955195,0.0009359488387644252,468.9685971011778,0.43893074204164656,5.39850573050498e-16
31.534188539888873,468.46885415252115,0.0009520327635464239,468.4686418503268,0.44599763048136765,5.443873230522491e-16
32.03418853988887,467.96890591248564,0.0009681507293732312,467.9686865951699,0.45306436680575735,4.391738552347765e-16
32.53418853988887,467.46895778982014,0.0009843028455931273,467.4687313356996,0.46013095107915924,3.321546128366945e-16
33.03418853988887,466.969009784901,0.0010004892220225419,466.9687760719082,0.4671973833658863,4.466071167084853e-16
33.53418853988887,466.4690618981062,0.0010167099689485626,466.468820803788,0.47426366373022033,4.503771310212999e-16
34.03418853988887,465.96911412981524,0.001032965197131461,465.9688655313313,0.48132979223641315,4.541832415018978e-16
34.53418853988887,465.4691664804094,0.0010492550178072327,465.4689102545303,0.48839576894868664,1.1450645852383773e-16
35.03418853988887,464.9692189502714,0.001065579542690157,464.9689549733771,0.4954615939312333,4.6190529930194e-16
35.53418853988887,464.4692715397858,0.0010819388839753696,464.4689996878639,0.5025272672482166,3.493665241769708e-16
36.03418853988887,463.9693242493386,0.0010983331543414545,463.9690443979828,0.5095927889637709,-0.0
36.53418853988887,463.4693770793178,0.0011147624669530511,463.46908910372593,0.5166581591420026,2.368844525860958e-16
37.03418853988887,462.9694300301127,0.0011312269354634798,462.9691338050852,0.5237233778469902,3.583498942604691e-16
37.53418853988887,462.46948310211445,0.0011477266740173829,462.4691785020526,0.5307884451427843,1.8070114064466482e-16
38.03418853988887,461.96953629571595,0.0011642617972533835,461.96922319462016,0.5378533610934088,1.8224207714378197e-16
38.53418853988887,461.4695896113117,0.0011808324203067622,461.46926788277966,0.5449181257628605,3.0632985942956197e-16
39.03418853988887,460.9696430492979,0.0011974386588121495,460.96931256652294,0.5519827392151099,3.7073763422046044e-16
39.53418853988887,460.4696966100725,0.001214080628906238,460.4693572458418,0.5590472015141018,3.739098886863415e-16
40.03418853988887,459.9697502940353,0.0012307584472305109,459.9694019207281,0.5661115127237553,4.399650783306061e-16
40.53418853988887,459.4698041015876,0.001247472230933988,459.46944659117355,0.5731756729079643,3.1695589543249346e-16
41.03418853988887,458.96985803313265,0.0012642220976759905,458.96949125716975,0.5802396821305978,3.836126768892269e-16
41.53418853988887,458.46991208907536,0.001281008165628924,458.4695359187084,0.587303540455501,3.8691007293090905e-16
42.03418853988887,457.96996626982235,0.0012978305534810785,457.96958057578104,0.5943672479464946,1.3007986942485804e-16
42.53418853988887,457.47002057578214,0.0013146893804394486,457.4696252283792,0.6014308046673761,2.6240108846542137e-16
43.03418853988887,456.970075007365,0.00133158476623257,456.96966987649444,0.6084942106819197,3.3083041681775243e-16
43.53418853988887,456.47012956498287,0.0013485168311133772,456.4697145201182,0.615557466053877,2.6694971264054995e-16
44.03418853988887,455.9701842490497,0.0013654856958620776,455.9697591592419,0.6226205708469774,4.0388620158645025e-16
44.53418853988887,455.4702390599811,0.0013824914817890457,455.46980379385695,0.6296835251249284,4.0738176497774234e-16
45.03418853988887,454.97029399819456,0.0013995343107377366,454.96984842395455,0.636746328951416,4.1091163048168424e-16
45.53418853988887,454.4703490641094,0.0014166143050876178,454.46989304952604,0.6438089823901054,2.763174492874063e-16
46.03418853988887,453.9704042581468,0.0014337315877571216,453.9699376705627,0.6508714855046406,4.180757757039739e-16
46.53418853988887,453.4704595807297,0.0014508862822066161,453.46998228705564,0.6579338383586463,1.4057027359449164e-16
47.03418853988887,452.97051503228306,0.0014680785124413958,452.970026898996,0.6649960410157266,4.2538169881903446e-16
47.53418853988887,452.4705706132336,0.0014853084030146929,452.470071506375,0.6720580935394669,4.2908880418816007e-16
48.03418853988887,451.9706263240099,0.0015025760790307076,451.97011610918355,0.6791199959934336,7.213875600986577e-17
48.53418853988887,451.4706821650426,0.0015198816661476592,451.4701607074127,0.6861817484411744,2.1830664922748577e-16
49.03418853988887,450.9707381367641,0.0015372252905808575,450.97020530105334,0.6932433509462194,5.872420004231823e-16
49.53418853988887,450.4707942396087,0.0015546070791057935,450.4702498900965,0.7003048035720806,5.183354815017221e-16
50.03418853988887,449.97085047401276,0.0015720271590612528,449.9702944745329,0.7073661063822532,5.97575844265347e-16
50.53418853988887,449.47090684041444,0.001589485658352448,449.47033905435353,0.7144272594402157,6.028198763888307e-16
51.03418853988887,448.9709633392539,0.0016069827054541721,448.97038362954885,0.7214882628094301,3.040580380889917e-16
51.53418853988887,448.4710199709733,0.001624518429413975,448.4704282001099,0.728549116553343,3.8341563938629745e-16
52.03418853988887,447.97107673601676,0.0016420929598553583,447.97047276602717,0.7356098207353852,3.867920646228189e-16
52.53418853988887,447.47113363483027,0.0016597064269809937,447.4705173272912,0.7426703754189731,1.5608087774950998e-16
53.03418853988887,446.97119066786195,0.001677358961575962,446.97056188389263,0.749730780667508,3.9364640425085726e-16
53.53418853988887,446.4712478355619,0.0016950506950110143,446.47060643582205,0.7567910365443777,3.9712507448573724e-16
54.03418853988887,445.9713051383821,0.0017127817592458552,445.97065098306985,0.7638511431129562,5.608940259891038e-16
54.53418853988887,445.47136257677676,0.0017305522868324478,445.47069552562635,0.7709111004366045,3.2334987234342994e-16
55.03418853988887,444.971420151202,0.0017483624109183406,444.9707400634821,0.7779709085786711,5.708804083711539e-16
55.53418853988887,444.471477862116,0.0017662122652500178,444.4707845966272,0.7850305676024921,3.2911370307354695e-16
56.03418853988887,443.97153570997904,0.0017841019841762717,443.9708291250521,0.7920900775713922,4.150489704419637e-16
56.53418853988887,443.4715936952535,0.0018020317026515979,443.47087364874693,0.7991494385486844,2.512455926125181e-16
57.03418853988887,442.9716518184037,0.0018200015562396133,442.97091816770177,0.8062086505976713,8.44947189884477e-16
57.53418853988887,442.4717100798962,0.001838011681116498,442.4709626819068,0.8132677137816451,7.6723598108361e-16
58.03418853988887,441.97176848019956,0.0018560622140744597,441.9710071913521,0.8203266281638883,6.020685011419511e-16
58.53418853988887,441.4718270197846,0.0018741532925252223,441.4710516960277,0.8273853938076741,5.206730135623139e-16
59.03418853988887,440.97188569912413,0.0018922850545035376,440.97109619592334,0.8344440107762663,5.2533407138156105e-16
59.53418853988887,440.47194451869314,0.0019104576386707217,440.471140691029,0.841502479132921,4.417020147245869e-16
60.03418853988887,439.9720034789688,0.0019286711843182146,439.9711851813346,0.8485607989408861,5.347985879769936e-16
60.53418853988887,439.4720625804305,0.001946925831371165,439.47122966682986,0.8556189702634022,5.39603124548663e-16
61.03418853988887,438.97212182355963,0.0019652217203920386,438.9712741475045,0.8626769931637028,5.444565764144336e-16
61.53418853988887,438.47218120883997,0.0019835589925842525,438.47131862334817,0.8697348677050152,8.24039249223564e-16
62.03418853988887,437.97224073675744,0.0020019377897958325,437.9713630943505,0.8767925939505609,6.466978660717753e-16
62.53418853988887,437.4723004078001,0.0020203582545230974,437.47140756050106,0.8838501719635552,7.457546904195336e-16
63.03418853988887,436.97236022245835,0.002038820529914368,436.97145202178933,0.8909076018072093,3.7624717342737997e-16
63.53418853988887,436.4724201812248,0.0020573247597737,436.4714964782048,0.8979648835447298,6.643901459876539e-16
64.03418853988887,435.9724802845942,0.002075871088564646,435.9715409297369,0.9050220172393192,2.8731806655025117e-16
64.53418853988887,435.47254053306375,0.0020944596614140398,435.4715853763747,0.9120790029541763,6.764892804602469e-16
65.03418853988887,434.9726009271328,0.0021130906241158087,434.97162981810783,0.919135840752498,8.77670009253762e-16
65.53418853988887,434.4726614673031,0.002131764123134812,434.47167425492523,0.9261925306974775,6.888383856829658e-16
66.03418853988887,433.9727221540786,0.0021504803056107066,433.9717186868162,0.9332490728523073,8.937108966598532e-16
66.53418853988887,433.4727829879657,0.0021692393193618363,433.4717631137698,0.9403054672801778,9.01855585338043e-16
67.03418853988887,432.97284396947293,0.0021880413128891525,432.97180753577516,0.9473617140442788,9.100843762167298e-16
67.53418853988887,432.47290509911136,0.0022068864353801585,432.4718519528211,0.9544178132077995,8.163539898819399e-16
68.03418853988887,431.97296637739436,0.002225774836712884,431.9718963648966,0.9614737648339299,7.2084300881419715e-16
68.53418853988887,431.4730278048376,0.0022447066674598846,431.4719407719906,0.9685295689858601,6.23523411390021e-16
69.03418853988887,430.9730893819593,0.0022636820788922707,430.97198517409186,0.9755852257267821,4.1949339294606423e-16
69.53418853988887,430.47315110927997,0.0022827012229837645,430.47202957118907,0.9826407351198894,2.116720499993935e-16
70.03418853988887,429.9732129873225,0.002301764252414784,429.97207396327093,0.9896960972283779,4.272348543992878e-16
70.53418853988887,429.47327501661226,0.0023208713205765566,429.47211835032607,0.996751312115446,5.389576512513146e-16
71.03418853988887,428.9733371976771,0.002340022581575263,428.97216273234295,1.003806379844296,3.263537779590847e-16
71.53418853988887,428.4733995310473,0.0023592181902362063,428.47220710931026,1.0108613004781342,7.685161401373283e-16
72.03418853988887,427.9734620172556,0.002378458302108013,427.97225148121635,1.0179160740801714,6.648115985531827e-16
72.53418853988887,427.47352465683724,0.002397743073466863,427.47229584804944,1.024970700713623,1.006438087485772e-15
73.03418853988887,426.97358745033,0.0024170726613207505,426.97234020979806,1.032025180441711,9.028936568526764e-16
73.53418853988887,426.47365039827406,0.002436447223413771,426.4723845664503,1.0390795133276625,7.973547216678925e-16
74.03418853988887,425.9737135012123,0.002455866918230443,425.9724289179944,1.0461336994347123,9.197192965742011e-16
74.53418853988887,425.47377675968994,0.0024753319050000583,425.47247326441845,1.053187738826102,9.282649592244199e-16
75.03418853988887,424.973840174255,0.0024948423437010613,424.9725176057105,1.0602416315650813,1.0540131413772213e-15
75.53418853988887,424.4739037454578,0.002514398395065462,424.47256194185843,1.067295377714908,9.456271858591595e-16
76.03418853988887,423.97396747385153,0.0025340002205832793,423.9726062728504,1.0743489773388495,1.19305734597298e-15
76.53418853988887,423.47403135999184,0.002553647982507016,423.472650598674,1.0814024305001826,9.633577270774602e-16
77.03418853988887,422.974095404437,0.0025733418438561627,422.97269491931723,1.0884557372621944,1.033136574741907e-15
77.53418853988887,422.4741596077479,0.002593081968421739,422.4727392347676,1.0955088976881826,9.814653132827545e-16
78.03418853988887,421.97422397048814,0.0026128685207708626,421.9727835450128,1.1025619118414562,7.429974666351302e-16
78.53418853988887,421.474288493224,0.0026327016662513517,421.4728278500405,1.1096147797853366,8.749640405766988e-16
79.03418853988887,420.9743531765244,0.0026525815709963624,420.97287214983817,1.1166675015831575,8.831841497249103e-16
79.53418853988887,420.47441802096097,0.0026725084019290565,420.47291644439326,1.1237200772982656,7.641357690097957e-16
80.03418853988887,419.9744830271081,0.002692482326767305,419.97296073369307,1.130772506994022,7.070547170355824e-16
80.53418853988887,419.4745481955428,0.002712503514028422,419.47300501772503,1.1378247907338013,7.786058362222661e-16
81.03418853988887,418.97461352684496,0.0027325721330339367,418.97304929647623,1.1448769285809937,9.169497584082093e-16
81.53418853988887,418.4746790215972,0.0027526883539143957,418.47309356993395,1.1519289205990049,1.1239644110748981e-15
82.03418853988887,417.9747446803848,0.0027728523476142023,417.9731378380851,1.1589807668512568,8.676372209454722e-16
82.53418853988887,417.474810503796,0.0027930642858964897,417.4731821009169,1.1660324674011882,8.758594494028e-16
83.03418853988887,416.9748764924218,0.0028133243413480287,416.9732263584162,1.1730840223122552,1.0882091387520965e-15
83.53418853988887,416.47494264685605,0.002833632687384172,416.47327061056995,1.180135431647932,9.612289134802116e-16
84.03418853988887,415.9750089676954,0.0028539894982538335,415.9733148573648,1.1871866954717116,1.1089967516496774e-15
84.53418853988887,415.47507545553935,0.002874394949044502,415.47335909878757,1.1942378138471066,1.119558740093691e-15
85.03418853988887,414.97514211099036,0.002894849215687295,414.9734033348249,1.2012887868376492,9.889553171607552e-16
85.53418853988887,414.4752089346538,0.002915352474962045,414.47344756546335,1.2083396145068925,1.0697117315892448e-15
86.03418853988887,413.97527592713783,0.0029359049045024252,413.9734917906895,1.2153902969184107,9.359461523311243e-16
86.53418853988887,413.47534308905364,0.002956506682801111,413.4735360104896,1.2224408341358002,1.0175897311366473e-15
87.03418853988887,412.9754104210154,0.0029771579892149793,412.9735802248502,1.2294912262226794,8.071973070610531e-16
87.53418853988887,412.4754779236402,0.002997859003970347,412.4736244337574,1.2365414732426907,8.149429853351258e-16
88.03418853988887,411.97554559754815,0.0030186099081682457,411.97366863719753,1.2435915752595001,9.72367890768926e-16
88.53418853988887,411.4756134433623,0.0030394108837897356,411.4737128351566,1.2506415323367983,9.062049420466435e-16
89.03418853988887,410.97568146170886,0.003060262113701258,410.97375702762076,1.2576913445383011,1.0674225140731703e-15
89.53418853988887,410.47574965321695,0.0030811637816600275,410.47380121457593,1.2647410119277502,9.23757428362539e-16
90.03418853988887,409.9758180185188,0.003102116072319464,409.97384539600796,1.271790534568914,1.1658470441417763e-15
90.53418853988887,409.4758865582497,0.003123119171234662,409.47388957190265,1.2788399125255883,1.0986446083154124e-15
91.03418853988887,408.97595527304816,0.003144173264867903,408.9739337422458,1.2858891458615969,9.50811848090208e-16
91.53418853988887,408.4760241635556,0.0031652785405942062,408.4739779070229,1.2929382346407916,8.800258957740211e-16
92.03418853988887,407.9760932304168,0.0031864351867069225,407.97402206621973,1.2999871789270543,1.0501246235635383e-15
92.53418853988887,407.4761624742795,0.0032076433924233664,407.4740662198216,1.3070359787842971,8.97201943140734e-16
93.03418853988887,406.9762318957947,0.0032289033478904924,406.974110367814,1.3140846342764623,7.412170161042205e-16
93.53418853988887,406.47630149561667,0.0032502152441906116,406.4741545101821,1.321133145467524,7.4843840611301675e-16
94.03418853988887,405.9763712744028,0.0032715792733471498,405.97419864691136,1.3281815124214882,7.557394544405051e-16
94.53418853988887,405.4764412328138,0.0032929956283304514,405.4742427779867,1.3352297352023945,5.935386656150729e-16
95.03418853988887,404.9765113715134,0.0033144645030636225,404.97428690339336,1.3422778138743154,5.993434696971678e-16
95.53418853988887,404.476581691169,0.0033359860924284195,404.4743310231161,1.349325748501358,4.322946779372469e-16
96.03418853988887,403.97665219245096,0.0033575605922711816,403.9743751371401,1.3563735391476643,4.365333556696677e-16
96.53418853988887,403.4767228760331,0.0033791881994088063,403.47441924544995,1.363421185877413,6.171467210750406e-16
97.03418853988887,402.9767937425925,0.0034008691116347695,402.9744633480304,1.3704686887548183,3.561219625210798e-16
97.53418853988887,402.4768647928098,0.003422603527725191,402.47450744486616,1.3775160478441328,4.49534046417708e-16
98.03418853988887,401.97693602736877,0.0034443916474449455,401.9745515359417,1.3845632632096458,7.263431441674904e-16
98.53418853988887,401.47700744695663,0.0034662336715538178,401.4745956212416,1.3916103349156868,3.6675545299165953e-16
99.03418853988887,400.9770790522642,0.003488129801812706,400.97463970075006,1.3986572630266239,8.333535873176355e-16
99.53418853988887,400.47715084398544,0.0035100802409898696,400.47468377445136,1.4057040476068658,6.545767000095556e-16
100.03418853988887,399.9772228228181,0.0035320851928672256,399.97472784232974,1.4127506887208627,3.7774932820631445e-16
100.53418853988887,399.4772949894632,0.0035541448622466907,399.47477190436945,1.4197971864331067,7.629927678061036e-16
101.03418853988887,398.9773673446253,0.003576259454956572,398.9748159605542,1.426843540808132,6.742496523204759e-16
101.53418853988887,398.47743988901254,0.003598429177858006,398.47486001086816,1.4338897519105167,6.809551882953018e-16
102.03418853988887,397.97751262333657,0.0036206542388514443,397.9749040552949,1.440935819804883,7.859842456789493e-16
102.53418853988887,397.4775855483126,0.003642934846883192,397.47494809381834,1.4479817445558982,6.945936804992077e-16
103.03418853988887,396.97765866465954,0.003665271211951991,396.9749921264221,1.455027526228276,8.017469099223975e-16
103.53418853988887,396.4777319730998,0.0036876635451156565,396.4750361530896,1.4620731648867755,7.085417866522855e-16
104.03418853988887,395.9778054743595,0.0037101120584977615,395.9750801738043,1.4691186605962048,5.111674214891449e-16
104.53418853988887,395.4778791691684,0.003732616965294374,395.4751241885497,1.4761640134214191,4.1303277622907825e-16
105.03418853988887,394.9779530582598,0.003755178479780844,394.97516819730885,1.483209223427323,6.257671778375023e-16
105.53418853988887,394.478027142371,0.003777796817318642,394.47521220006496,1.4902542906788714,8.42741105551784e-16
106.03418853988887,393.97810142224284,0.0038004721943622507,393.9752561968012,1.49729921524107,5.320133446224338e-16
106.53418853988887,393.47817589861995,0.0038232048284661084,393.47530018750024,1.5043439971789756,7.523234118498007e-16
107.03418853988887,392.9782505722508,0.0038459949382916047,392.9753441721452,1.5113886365576978,7.599137293517861e-16
107.53418853988887,392.47832544388757,0.0038688427436141316,392.4753881507188,1.5184331334423995,9.86902359287166e-16
108.03418853988887,391.97840051428636,0.003891748465330187,391.97543212320363,1.5254774878982977,9.968856424222932e-16
108.53418853988887,391.47847578420703,0.003914712325464534,391.4754760895822,1.5325216999906646,6.713221511859441e-16
109.03418853988887,390.97855125441345,0.003937734547177411,390.97552004983703,1.5395657697848282,6.781310481683483e-16
109.53418853988887,390.4786269256732,0.003960815354771805,390.47556400395035,1.546609697346173,5.70848421839081e-16
110.03418853988887,389.97870279875804,0.003983954973700773,389.97560795190464,1.5536534827401418,8.073150472398238e-16
110.53418853988887,389.47877887444344,0.0040071536305748235,389.4756518936818,1.5606971260322353,4.660204821393347e-16
111.03418853988887,388.97885515350896,0.004030411553169354,388.97569582926394,1.5677406272880139,4.707722177473351e-16
111.53418853988887,388.4789316367382,0.004053728970432149,388.475739758633,1.5747839865730984,4.161314385821924e-16
112.03418853988887,387.9790083249187,0.00407710611249093,387.97578368177074,1.581827203953171,2.402204478060004e-16
112.53418853988887,387.47908521884216,0.004100543210660969,387.47582759865895,1.5888702794939753,6.066990745200659e-17
113.03418853988887,386.9791623193043,0.004124040497452757,386.9758715092793,1.5959132132613192,3.0645912814335084e-16
113.53418853988887,386.4792396271049,0.004147598206579737,386.475915413613,1.6029560053210732,4.3344670972447413e-16
114.03418853988887,385.979317143048,0.004171216572966096,385.97595931164176,1.6099986557391737,4.3790179667645717e-16
114.53418853988887,385.47939486794166,0.004194895832754608,385.4760032033467,1.6170411645816227,3.7920745982396595e-16
115.03418853988887,384.97947280259825,0.004218636223314555,384.9760470887089,1.6240835319144888,2.5541034367212526e-16
115.53418853988887,384.4795509478343,0.004242437983249695,384.47609096770964,1.6311257578039091,3.8706914875072003e-16
116.03418853988887,383.97962930447056,0.004266301352406301,383.9761348403297,1.638167842316088,4.562471112227747e-16
116.53418853988887,383.4797078733321,0.00429022657188126,383.47617870654983,1.6452097855173007,4.609681161408498e-16
117.03418853988887,382.97978665524823,0.004314213884030231,382.97622256635094,1.6522515874738928,7.31884057228086e-16
117.53418853988887,382.47986565105265,0.004338263532475878,382.4762664197134,1.6592932482522815,4.705766849625789e-16
118.03418853988887,381.9799448615834,0.004362375762116155,381.9763102666179,1.6663347679189564,2.716946875821819e-16
118.53418853988887,381.4800242876829,0.0043865508191326666,381.47635410704464,1.6733761465404815,4.1178188395123774e-16
119.03418853988887,380.98010393019797,0.0044107889509990865,380.976397940974,1.6804173841834935,6.934527466993466e-16
119.53418853988887,380.48018378997983,0.004435090406489648,380.476441768386,1.6874584809147068,6.306179684344778e-16
120.03418853988887,379.9802638678843,0.004459455435687699,379.9764855892607,1.6944994368009112,4.956041319051724e-16
120.53418853988887,379.4803441647715,0.004483884289994322,379.47652940357796,1.7015402519089742,4.292470105653844e-16
121.03418853988887,378.9804246815063,0.004508377222137029,378.97657321131754,1.7085809263058425,9.397766518101426e-16
121.53418853988887,378.48050541895793,0.0045329344861785225,378.4766170124591,1.7156214600585427,6.574386216013798e-16
122.03418853988887,377.98058637800034,0.004557556337525519,377.97666080698207,1.7226618532341804,6.643436219187279e-16
122.53418853988887,377.4806675595121,0.004582243032937652,377.476704594866,1.7297021058999453,6.71330678023786e-16
123.03418853988887,376.9807489643763,0.004606994830536446,376.97674837609,1.736742218123108,5.276451269775582e-16
123.53418853988887,376.48083059348085,0.004631811989814352,376.47679215063334,1.7437821899710242,9.902465791178536e-16
124.03418853988887,375.98091244771837,0.0046566947716438645,375.97683591847493,1.7508220215111343,1.0776813243738548e-15
124.53418853988887,375.4809945279861,0.004681643438286711,375.4768796795938,1.7578617128109648,6.22330180377734e-16
125.03418853988887,374.98107683518623,0.004706658253403106,374.9769234339687,1.764901263938128,7.075354242707517e-16
125.53418853988887,374.48115937022555,0.004731739482061091,374.47696718157806,1.7719406749603268,6.355895296587057e-16
126.03418853988887,373.9812421340158,0.004756887390745943,373.97701092240055,1.7789799459453512,6.423386930328183e-16
126.53418853988887,373.48132512747367,0.004782102247369657,373.4770546564145,1.7860190769610838,8.114611723406646e-16
127.03418853988887,372.9814083515206,0.004807384321280507,372.97709838359816,1.7930580680754966,8.201016882527239e-16
127.53418853988887,372.48149180708305,0.004832733883272687,372.4771421039296,1.8000969193566558,8.288462921310956e-16
128.03418853988887,371.98157549509244,0.004858151205596026,371.9771858173869,1.8071356308727209,1.0052356589731085e-15
128.53418853988887,371.4816594164852,0.00488363656196578,371.47722952394776,1.8141742026919463,9.313187163742818e-16
129.03418853988887,370.9817435722027,0.004909190227572506,370.9772732235899,1.821212634882682,6.845749764467216e-16
129.53418853988887,370.4818279631915,0.004934812479092019,370.47731691629093,1.828250927513377,7.784044832576321e-16
130.03418853988887,369.9819125904033,0.004960503594695422,369.9773606020283,1.8352890806525768,1.1364344045067377e-15
130.53418853988887,369.4819974547948,0.004986263854059222,369.4774042807792,1.842327094368928,7.952215938640265e-16
131.03418853988887,368.98208255732794,0.00501209353837553,368.9774479525208,1.849364968731177,8.93093111051641e-16
131.53418853988887,368.4821678989699,0.005037992930362339,368.47749161723016,1.8564027038081732,3.610890195856695e-16
132.03418853988887,367.9822534806931,0.00506396231427389,367.9775352748842,1.8634402996688684,5.474816619280554e-16
132.53418853988887,367.4823393034751,0.00509000197591112,367.47757892545945,1.8704777563823185,5.534012228749262e-16
133.03418853988887,366.98242536829895,0.005116112202632199,366.9776225689326,1.8775150740176867,8.390897777981558e-16
133.53418853988887,366.48251167615297,0.005142293283363146,366.47766620528,1.8845522526442415,7.539447153328342e-16
134.03418853988887,365.9825982280309,0.005168545508608542,365.97770983447805,1.89158929233136,7.621310389841765e-16
134.53418853988887,365.48268502493187,0.00519486917046232,365.4777534565028,1.8986261931485293,6.741156694767147e-16
135.03418853988887,364.98277206786054,0.005221264562618655,364.97779707133026,1.9056629551653466,6.814558620859296e-16
135.53418853988887,364.48285935782695,0.005247731980382935,364.4778406789363,1.9126995784515208,7.872988116803899e-16
136.03418853988887,363.9829468958468,0.005274271720682822,363.9778842792965,1.9197360630768743,5.969217477178716e-16
136.53418853988887,363.48303468294125,0.005300884082079414,363.47792787238643,1.9267724091113443,6.034490220376689e-16
137.03418853988887,362.9831227201372,0.0053275693647784885,362.9779714581815,1.9338086166249837,7.117332000734443e-16
137.53418853988887,362.4832110084671,0.005354327870641843,362.478015036657,1.9408446856879622,7.195380279378163e-16
138.03418853988887,361.9832995489691,0.005381159903198732,361.97805860778783,1.9478806163705678,4.156798066190015e-16
138.53418853988887,361.48338834268714,0.0054080657676573935,361.4781021715489,1.9549164087432083,6.303766629021732e-16
139.03418853988887,360.9834773906709,0.005435045770916679,360.9781457279152,1.9619520628764138,6.37318905274166e-16
139.53418853988887,360.48356669397583,0.005462100221577769,360.4781892768611,1.9689875788408353,7.517388901317113e-16
140.03418853988887,359.9836562536633,0.0054892294299560005,359.9782328183611,1.9760229567072485,5.428866738242203e-16
140.53418853988887,359.48374607080046,0.005516433708092777,359.4782763523894,1.9830581965465537,5.488910752321067e-16
141.03418853988887,358.98383614646053,0.005543713369767594,358.9783198789202,1.9900932984297786,4.439764689804389e-16
141.53418853988887,358.4839264817226,0.00557106873051015,358.4783633979274,1.9971282624280777,2.2445050182743937e-16
142.03418853988887,357.98401707767187,0.0055985001076125735,357.97840690938483,2.0041630886127364,3.4041548648877655e-16
142.53418853988887,357.4841079353995,0.005626007820141741,357.47845041326605,2.0111977770551692,4.589362681954083e-16
143.03418853988887,356.98419905600275,0.005653592188951704,356.9784939095445,2.0182323278269245,5.800609248082662e-16
143.53418853988887,356.4842904405851,0.005681253536696219,356.47853739819345,2.025266740999683,3.519192160452991e-16
144.03418853988887,355.98438209025613,0.005708992187841386,355.9785808791861,2.032301016645262,2.372339088743957e-16
144.53418853988887,355.4844740061317,0.005736808468678387,355.47862435249516,2.039335154835613,2.9986015490464947e-16
145.03418853988887,354.9845661893339,0.0057647027073363406,354.9786678180936,2.0463691556428283,3.032199030541076e-16
145.53418853988887,354.4846586409912,0.005792675233795256,354.47871127595386,2.053403019139138,6.745688902787217e-16
146.03418853988887,353.9847513622384,0.005820726379899107,353.9787547260484,2.0604367453969132,3.720812590024608e-16
146.53418853988887,353.48484435421665,0.005848856479369008,353.4787981683495,2.067470334488669,4.389797900669719e-16
147.03418853988887,352.9849376180736,0.005877065867816509,352.97884160282916,2.0745037864870626,5.707632141082626e-16
147.53418853988887,352.4850311549634,0.005905354882756994,352.47888502945926,2.0815371014648987,5.130710252384183e-16
148.03418853988887,351.9851249660467,0.005933723863623209,351.97892844821143,2.0885702794951277,3.242937817167428e-16
148.53418853988887,351.48521905249083,0.005962173151778887,351.47897185905725,2.0956033206508486,6.559289947376223e-16
149.03418853988887,350.98531341546965,0.005990703090532505,350.97901526196796,2.1026362250053126,5.970279563473105e-16
149.53418853988887,350.48540805616375,0.0060193140251511516,350.4790586569148,2.109668992631921,6.708951082852958e-16
150.03418853988887,349.9855029757604,0.00604800630287451,349.9791020438687,2.1167016236042286,5.428179953004647e-16
150.53418853988887,349.4855981754538,0.006076780272928971,349.47914542280034,2.123734117995946,5.489983498387051e-16
151.03418853988887,348.9856936564447,0.0061056362865418564,348.97918879368024,2.1307664758809404,6.246655591407256e-16
151.53418853988887,348.485789419941,0.006134574696955774,348.47923215647893,2.137798697333236,9.827980968577365e-16
152.03418853988887,347.9858854671574,0.00616359585944309,347.9792755111665,2.1448307824270194,9.940374908686514e-16
152.53418853988887,347.48598179931554,0.006192700131320527,347.47931885771294,2.151862731236636,8.617904793058946e-16
153.03418853988887,346.9860784176442,0.006221887871963895,346.9793621960882,2.1588945438365976,7.990355980541873e-16
153.53418853988887,346.4861753233791,0.006251159442822937,346.47940552626153,2.1659262203015777,1.028636134901113e-15
154.03418853988887,345.98627251776315,0.0062805152074363185,345.97944884820265,2.17295776070642,1.1891081153523992e-15
154.53418853988887,345.4863700020465,0.006309955531446733,345.4794921618806,2.1799891651261336,9.772814935608954e-16
155.03418853988887,344.9864677774864,0.006339480782616149,344.9795354672643,2.1870204336358983,9.125147518685244e-16
155.53418853988887,344.4865658453474,0.006369091330841185,344.47957876432275,2.194051566311068,9.230593041787232e-16
156.03418853988887,343.98666420690154,0.0063987875481686185,343.9796220530244,2.2010825632271676,1.2449888351520409e-15
156.53418853988887,343.48676286342805,0.006428569808811034,343.47966533333755,2.2081134244598988,1.259418300662797e-15
157.03418853988887,342.9868618162137,0.006458438489162602,342.9797086052305,2.21514415008514,9.555276409020646e-16
157.53418853988887,342.48696106655274,0.006488393967815001,342.4797518686711,2.2221747401789487,1.2082943059015185e-15
158.03418853988887,341.98706061574694,0.006518436625573477,341.9797951236271,2.2292051948175637,1.140870782907842e-15
158.53418853988887,341.4871604651058,0.006548566845473046,341.47983837006615,2.236235514077406,1.1541730360273279e-15
159.03418853988887,340.98726061594624,0.006578785012794835,340.9798816079554,2.243265698035082,1.0842470302764352e-15
159.53418853988887,340.48736106959313,0.0066090915150825704,340.479924837262,2.250295746767383,9.281691542464022e-16
160.03418853988887,339.987461827379,0.006639486742159212,339.9799680579528,2.257325660351289,1.0244076859744787e-15
160.53418853988887,339.48756289064414,0.00666997108614373,339.4800112699944,2.26435543886397,1.2091616217937934e-15
161.03418853988887,338.98766426073695,0.006700544941468039,338.98005447335345,2.271385082382791,1.1359835183373028e-15
161.53418853988887,338.4877659390135,0.006731208704894067,338.4800976679958,2.2784145909853057,1.1493492973836375e-15
162.03418853988887,337.98786792683813,0.006761962775530994,337.9801408538877,2.2854439647492684,1.1628928660977269e-15
162.53418853988887,337.48797022558307,0.00679280755485263,337.4801840309948,2.2924732037526296,9.955988826323167e-16
163.03418853988887,336.9880728366287,0.006823743446714951,336.98022719928264,2.2995023080735386,1.0073664301596218e-15
163.53418853988887,336.4881757613636,0.006854770857373798,336.48027035871644,2.3065312777903486,1.0192912186939304e-15
164.03418853988887,335.9882790011846,0.0068858901955027255,335.98031350926124,2.313560112981615,9.376141735001548e-16
164.53418853988887,335.4883825574968,0.006917101872211012,335.4803566508819,2.3205888137261006,1.1384966484415326e-15
165.03418853988887,334.9884864317137,0.0069484063010618324,334.98039978354296,2.327617380102775,7.68023745202771e-16
165.53418853988887,334.48859062525725,0.006979803898090597,334.4804429072088,2.3346458121908182,8.743174500969307e-16
166.03418853988887,333.9886951395579,0.007011295081823448,333.98048602184343,2.341674110069623,5.898311617801573e-16
166.53418853988887,333.4887999760545,0.0070428802732959254,333.48052912741076,2.3487022738187955,5.968777806714271e-16
167.03418853988887,332.9889051361948,0.007074559896071804,332.98057222387433,2.3557303035181585,8.053594217596984e-16
167.53418853988887,332.48901062143494,0.007106334376262096,332.4806153111976,2.362758199247754,8.150106022410449e-16
168.03418853988887,331.98911643324,0.007138204142544227,331.98065838934355,2.369785961087843,7.216934590927658e-16
168.53418853988887,331.4892225730838,0.007170169626181387,331.48070145827506,2.376813589118911,6.260303727854887e-16
169.03418853988887,330.98932904244907,0.007202231261042052,330.9807445179547,2.3838410834216672,9.503510927514764e-16
169.53418853988887,330.48943584282745,0.0072343894836196885,330.48078756834485,2.390868444077049,8.549426552392431e-16
170.03418853988887,329.98954297571964,0.007266644733052634,329.9808306094076,2.397895671166223,8.65267623898857e-16
170.53418853988887,329.4896504426354,0.007298997451144159,329.48087364110467,2.4049227647705873,7.662668498926699e-16
171.03418853988887,328.9897582450937,0.00733144808238271,328.9809166633977,2.4119497249717736,9.971353765965274e-16
171.53418853988887,328.4898663846226,0.0073639970739623395,328.4809596762479,2.418976551851651,7.849597418768725e-16
172.03418853988887,327.98997486275954,0.007396644875803324,327.9810026796163,2.4260032454923253,6.809989749751673e-16
172.53418853988887,327.4900836810514,0.007429391940572967,327.48104567346377,2.4330298059761457,6.892876264168433e-16
173.03418853988887,326.9901928410543,0.007462238723706598,326.98108865775066,2.4400562333857034,7.558311693710085e-16
173.53418853988887,326.49030234433405,0.007495185683428754,326.4811316324372,2.4470825278038344,5.885073127592151e-16
174.03418853988887,325.99041219246595,0.007528233280774573,325.9811745974833,2.4541086893136237,6.552744003599221e-16
174.53418853988887,325.49052238703496,0.007561381979611366,325.4812175528486,2.4611347179984064,7.839002103585195e-16
175.03418853988887,324.9906329296358,0.007594632246660401,324.98126049849253,2.4681606139417713,6.714370630931596e-16
175.53418853988887,324.49074382187297,0.007627984551518883,324.4813034343741,2.4751863772275615,7.414764768664471e-16
176.03418853988887,323.9908550653608,0.007661439366682138,323.9813463604521,2.482212007939878,1.0008015186876156e-15
176.53418853988887,323.49096666172363,0.007694997167566004,323.48138927668515,2.489237506163083,8.864948371185988e-16
177.03418853988887,322.99107861259586,0.0077286584325294274,322.9814321830313,2.4962628719818007,7.692331804321063e-16
177.53418853988887,322.4911909196219,0.007762423642897272,322.4814750794485,2.5032881054809204,8.436399068518014e-16
178.03418853988887,321.9913035844564,0.007796293282983338,321.9815179658944,2.5103132067456007,9.19786933807953e-16
178.53418853988887,321.49141660876427,0.007830267840113599,321.48156084232636,2.5173381758612687,7.981680643452662e-16
179.03418853988887,320.9915299942208,0.007864347804649653,320.98160370870136,2.524363012913627,9.4276516564968e-16
179.53418853988887,320.49164374251166,0.007898533670012396,320.481646564976,2.5313877179886526,9.544967054075796e-16
180.03418853988887,319.99175785533305,0.007932825932705908,319.98168941110697,2.5384122911726017,1.0354213256721059e-15
180.53418853988887,319.4918723343917,0.007967225092341582,319.4817322470501,2.54543673255201,1.1881267799129027e-15
181.03418853988887,318.9919871814051,0.008001731651662458,318.9817750727613,2.5524610422136993,1.0614553602898304e-15
181.53418853988887,318.4921023981014,0.008036346116567806,318.481817888196,2.5594852202447766,8.597990389549284e-16
182.03418853988887,317.9922179862197,0.00807106899613792,317.98186069330944,2.566509266732639,1.0882303921091607e-15
182.53418853988887,317.49233394750996,0.008105900802659166,317.4819034880564,2.573533181764975,1.1019031093900167e-15
183.03418853988887,316.9924502837331,0.008140842051649257,316.9819462723913,2.580556965429768,1.338923965266992e-15
183.53418853988887,316.4925669966612,0.008175893261882767,316.48198904626844,2.5875806178153016,1.0545117802568528e-15
184.03418853988887,315.9926840880775,0.008211054955416889,315.9820318096417,2.594604139010156,1.1440984738691518e-15
184.53418853988887,315.4928015597766,0.008246327657617437,315.48207456246445,2.6016275291032187,1.1585664233352665e-15
185.03418853988887,314.99291941356427,0.008281711897185101,314.98211730469,2.6086507881836813,1.3296732873454834e-15
185.53418853988887,314.4930376512579,0.008317208206181939,314.48216003627124,2.615673916341046,1.1881259055511262e-15
186.03418853988887,313.9931562746864,0.00835281712005814,313.98220275716056,2.6226969136651266,1.1230091452498443e-15
186.53418853988887,313.4932752856902,0.008388539177679026,313.4822454673102,2.6297197802460524,1.2185390827055427e-15
187.03418853988887,312.9933946861215,0.008424374921352326,312.9822881666719,2.6367425161742726,1.0695311224705345e-15
187.53418853988887,312.4935144778445,0.008460324896855699,312.4823308551972,2.6437651215405555,1.3331557169177634e-15
188.03418853988887,311.9936346627351,0.008496389653464536,311.98237353283724,2.650787596435996,1.3502080160495923e-15
188.53418853988887,311.49375524268123,0.008532569743980015,311.48241619954274,2.6578099409520157,1.1110992722428919e-15
189.03418853988887,310.99387621958306,0.00856886572475744,310.98245885526416,2.6648321551803664,1.1253580244959486e-15
189.53418853988887,310.4939975953528,0.008605278155734843,310.48250149995147,2.671854239213136,1.3151810238890342e-15
190.03418853988887,309.99411937191513,0.008641807600461867,309.98254413355437,2.678876193142747,9.768839414769893e-16
190.53418853988887,309.4942415512069,0.00867845462612893,309.48258675602216,2.685898017061964,1.1693883753700258e-15
191.03418853988887,308.99436413517776,0.008715219803596672,308.98262936730373,2.692919711063895,1.0933795684703596e-15
191.53418853988887,308.4944871257897,0.00875210370742568,308.48267196734776,2.699941275241996,1.1998211999811944e-15
192.03418853988887,307.9946105250175,0.008789106915906515,307.9827145561023,2.7069627096900684,1.2153719659407844e-15
192.53418853988887,307.4947343348488,0.00882623001109003,307.4827571335151,2.7139840145022744,9.470388330295236e-16
193.03418853988887,306.9948585572841,0.008863473578817971,306.9827996995338,2.7210051897731287,1.2471604691818126e-15
193.53418853988887,306.4949831943369,0.00890083820875389,306.4828422541052,2.7280262355975067,1.263405709827176e-15
194.03418853988887,305.9951082480339,0.008938324494414361,305.98288479717604,2.7350471520706505,1.2798900582968386e-15
194.53418853988887,305.49523372041494,0.008975933033200491,305.4829273286926,2.7420679392881655,1.097137831837071e-15
195.03418853988887,304.99535961353325,0.009013664426429757,304.9829698486006,2.749088597346032,1.313591841835844e-15
195.53418853988887,304.49548592945547,0.00905151927936814,304.48301235684545,2.7561091263406015,1.330817337341728e-15
196.03418853988887,303.9956126702618,0.009089498201262595,303.98305485337227,2.763129526368605,1.2445828286622732e-15
196.53418853988887,303.49573983804606,0.009127601805373814,303.48309733812556,2.7701497975271554,1.1558785094966279e-15
197.03418853988887,302.995867434916,0.009165830709009346,302.9831398110496,2.7771699399137506,1.3840421519995625e-15
197.53418853988887,302.49599546299316,0.009204185533557022,302.4831822720882,2.784189953626277,1.402314175535587e-15
198.03418853988887,301.9961239244131,0.009242666904518719,301.98322472118457,2.7912098387630166,1.530155587289546e-15
198.53418853988887,301.49625282132547,0.009281275451544458,301.48326715828176,2.7982295954226424,1.3289357873263177e-15
199.03418853988887,300.9963821558942,0.00932001180846685,300.98330958332224,2.805249223704233,1.3465696805315386e-15
199.53418853988887,300.4965119302975,0.009358876613335874,300.483351996248,2.812268723707267,1.364467949931219e-15
200.03418853988887,299.9966421467282,0.009397870508454005,299.9833943970007,2.8192880955316344,1.3250252214661146e-15
200.53418853988887,299.49677280739365,0.009436994140411705,299.48343678552163,2.8263073392776352,1.225940950026538e-15
201.03418853988887,298.99690391451594,0.009476248160123253,298.98347916175135,2.833326455045986,1.124003271320577e-15
201.53418853988887,298.4970354703319,0.009515633222862948,298.48352152563024,2.840345442937822,1.2589450863449408e-15
202.03418853988887,297.9971674770935,0.00955514998830167,297.9835638770981,2.847364303054705,1.1543152815457503e-15
202.53418853988887,297.4972999370677,0.00959479912054381,297.4836062160943,2.8543830354986213,1.231385564586751e-15
203.03418853988887,296.99743285253663,0.009634581288164575,296.9836485425578,2.8614016403719913,1.3103474705294116e-15
203.53418853988887,296.49756622579787,0.009674497164247668,296.4836908564269,2.8684201177776716,1.201527819772313e-15
204.03418853988887,295.99770005916446,0.00971454742642335,295.98373315763973,2.875438467818958,1.538205950068773e-15
204.53418853988887,295.497834354965,0.00975473275690689,295.4837754461337,2.8824566905995925,1.3641293539247716e-15
205.03418853988887,294.9979691155438,0.009795053842537406,294.98381772184575,2.889474786223764,1.3826065221994292e-15
205.53418853988887,294.49810434326116,0.009835511374817094,294.48385998471247,2.8964927547961166,1.4680981807149914e-15
206.03418853988887,293.9982400404933,0.00987610604995087,293.9839022346699,2.903510596421751,1.4880527053416855e-15
206.53418853988887,293.4983762096325,0.009916838568886407,293.48394447165356,2.9105283112062286,1.6454330723045943e-15
207.03418853988887,292.99851285308756,0.009957709637354584,292.9839866955985,2.9175458992555807,1.8068655779276365e-15
207.53418853988887,292.4986499732835,0.00999871996591035,292.4840289064393,2.924563360676305,1.6202202329189322e-15
208.03418853988887,291.9987875726619,0.010039870269974006,291.98407110410983,2.931580695575378,1.6423964874741649e-15
208.53418853988887,291.49892565368117,0.01008116126987292,291.4841132885437,2.938597904060255,1.7373032889556121e-15
209.03418853988887,290.99906421881644,0.01012259369088366,290.98415545967396,2.9456149862388745,1.8345474308528776e-15
209.53418853988887,290.49920327055986,0.010164168263274567,290.4841976174329,2.9526319422196674,1.7110064633624648e-15
210.03418853988887,289.9993428114207,0.010205885722348767,289.9842397617527,2.9596487721115547,1.659173301745589e-15
210.53418853988887,289.49948284392565,0.010247746808487636,289.4842818925645,2.9666654760239615,1.5291663569898395e-15
211.03418853988887,288.99962337061856,0.010289752267194703,288.98432400979937,2.9736820540668094,1.4728023136944675e-15
211.53418853988887,288.4997643940611,0.010331902849140016,288.4843661133875,2.9806985063505356,1.4146205557831314e-15
212.03418853988887,287.9999059168326,0.010374199310204973,287.9844082032588,2.9877148329860854,1.5139383269656337e-15
212.53418853988887,287.5000479415301,0.010416642411527614,287.48445027934224,2.994731034084924,1.3734130971601485e-15
213.03418853988887,287.000190470769,0.010459232919548391,286.98449234156664,3.0017471097590405,1.4744601594677576e-15
213.53418853988887,286.50033350718263,0.010501971606056414,286.4845343898601,3.0087630601209527,1.4119794060200465e-15
214.03418853988887,286.00047705342286,0.010544859248236184,285.9845764241501,3.0157788852837113,1.5159382707986842e-15
214.53418853988887,285.50062111215993,0.010587896628714812,285.4846184443635,3.022794585360905,1.366372993360258e-15
215.03418853988887,285.0007656860829,0.010631084535609745,284.9846604504268,3.029810160466667,1.472140376162584e-15
215.53418853988887,284.50091077789955,0.01067442376257698,284.4847024422657,3.0368256107156797,1.6684596119763076e-15
216.03418853988887,284.0010563903367,0.010717915108859801,283.9847444198054,3.0438409362231797,1.3357524116690632e-15
216.53418853988887,283.5012025261404,0.010761559379338025,283.4847863829704,3.0508561371049643,1.264288559730551e-15
217.03418853988887,283.00134918807595,0.010805357384577767,282.98482833168475,3.0578712134773944,1.5569026228267778e-15
217.53418853988887,282.5014963789282,0.01084930994088174,282.48487026587173,3.0648861654574033,1.4860649739402963e-15
218.03418853988887,282.00164410150177,0.010893417870340085,281.98491218545416,3.0719009931625,1.5071415855996739e-15
218.53418853988887,281.501792358621,0.010937682000881742,281.48495409035405,3.0789156967107765,1.528555863842143e-15
219.03418853988887,281.00194115313036,0.010982103166326368,280.98499598049295,3.08593027622091,1.3565246083994649e-15
219.53418853988887,280.50209048789446,0.01102668220643682,280.4850378557917,3.092944731812173,1.2775925961728155e-15
220.03418853988887,280.0022403657984,0.011071419966972185,279.98507971617045,3.0999590636044365,1.2958445413488127e-15
220.53418853988887,279.50239078974784,0.011116317299741392,279.48512156154885,3.1069732717181777,1.1121770200714321e-15
221.03418853988887,279.0025417626691,0.011161375062657387,278.9851633918458,3.113987356274483,1.2306806222976864e-15
221.53418853988887,278.50269328750954,0.011206594119791904,278.4852052069794,3.121001317395056,1.1443290652278413e-15
222.03418853988887,278.0028453672376,0.011251975341430819,277.9852470068674,3.1280151552022244,1.2663241818804078e-15
222.53418853988887,277.5029980048431,0.011297519604130103,277.48528879142646,3.1350288698189437,1.2845814145804749e-15
223.03418853988887,277.0031512033373,0.01134322779077238,276.985330560573,3.1420424613688054,1.1945413050960178e-15
223.53418853988887,276.5033049657533,0.011389100790624109,276.4853723142225,3.149055929976042,1.3219932422887657e-15
224.03418853988887,276.00345929514583,0.01143513949939336,275.98541405228974,3.156069275765532,1.3411587384481961e-15
224.53418853988887,275.50361419459205,0.011481344819288256,275.4854557746888,3.163082498862813,1.5874110847610723e-15
225.03418853988887,275.00376966719125,0.011527717659076016,274.98549748133314,3.1700955993940774,1.4379551798856896e-15
225.53418853988887,274.5039257160652,0.01157425893414267,274.4855391721355,3.1771085774861882,1.6339881619131868e-15
226.03418853988887,274.00408234435855,0.01162096956655341,273.9855808470078,3.1841214332666805,1.480226000422257e-15
226.53418853988887,273.5042395552386,0.011667850485113615,273.4856225058612,3.1911341668637694,1.6821117720343564e-15
227.03418853988887,273.004397351896,0.011714902625430533,272.9856641486063,3.198146778406359,1.5239029956063483e-15
227.53418853988887,272.5045557375446,0.011762126929975653,272.4857057751528,3.2051592680240435,1.5462850489868589e-15
228.03418853988887,272.0047147154219,0.01180952434814776,271.98574738540975,3.2121716358471213,1.6317999347759002e-15
228.53418853988887,271.50487428878915,0.011857095836336687,271.4857889792853,3.219183882006596,1.4647963171842266e-15
229.03418853988887,271.0050344609315,0.011904842357987767,270.9858305566869,3.2261960066341873,1.6156865873136102e-15
229.53418853988887,270.50519523515834,0.011952764883667005,270.4858721175213,3.2332080098623344,1.3772602861603806e-15
230.03418853988887,270.0053566148036,0.012000864391126976,269.9859136616944,3.240219891824207,1.4642356771439799e-15
230.53418853988887,269.5055186032257,0.012049141865373451,269.48595518911117,3.2472316526537117,1.621075037336461e-15
231.03418853988887,269.0056812038081,0.012097598298732762,268.98599669967604,3.254243292485495,1.4395501104255533e-15
231.53418853988887,268.5058444199592,0.012146234690919928,268.4860381932925,3.261254811454958,1.5305864942464133e-15
232.03418853988887,268.0060082551129,0.012195052049107537,267.98607966986305,3.2682662096982558,1.3416172477257262e-15
232.53418853988887,267.5061727127285,0.012244051387995404,267.4861211292896,3.2752774873523136,1.3616975188294952e-15
233.03418853988887,267.00633779629146,0.012293233729881003,266.98616257147324,3.2822886445548267,1.2366312081127879e-15
233.53418853988887,266.50650350931295,0.012342600104730704,266.48620399631403,3.2892996814442736,1.1075390400951844e-15
234.03418853988887,266.0066698553306,0.012392151550251798,265.9862454037113,3.29631059815992,1.4989481067063008e-15
234.53418853988887,265.50683683790857,0.01244188911196535,265.48628679356335,3.3033213948418294,1.3693998772543043e-15
235.03418853988887,265.00700446063786,0.012491813843279862,264.986328165768,3.3103320716308704,1.4673204274998498e-15
235.53418853988887,264.5071727271365,0.012541926805565784,264.4863695202217,3.317342628668724,1.411139353494299e-15
236.03418853988887,264.0073416410498,0.012592229068230858,263.98641085682027,3.3243530660978915,1.2733738179908564e-15
236.53418853988887,263.50751120605065,0.012642721708796332,263.4864521754586,3.3313633840617056,1.3735229994080596e-15
237.03418853988887,263.00768142583985,0.012693405812974028,262.9864934760308,3.338373582704334,1.148361767735466e-15
237.53418853988887,262.5078523041462,0.012744282474744309,262.4865347584297,3.3453836621707924,1.4157153041008144e-15
238.03418853988887,262.0080238447269,0.01279535279643492,261.9865760225475,3.3523936226069506,1.5219084055010866e-15
238.53418853988887,261.50819605136775,0.012846617888800737,261.4866172682755,3.359403464159542,1.2876831471426173e-15
239.03418853988887,261.0083689278835,0.012898078871104444,260.9866584955038,3.36641318697617,1.0459562672988878e-15
239.53418853988887,260.5085424781181,0.012949736871198122,260.48669970412163,3.3734227912053227,8.850333627734217e-16
240.03418853988887,260.0087167059449,0.013001593025605789,259.98674089401743,3.3804322769963737,1.0784031149083227e-15
240.53418853988887,259.508891615267,0.013053648479606886,259.4867820650784,3.3874416444995985,1.0950509119084868e-15
241.03418853988887,259.0090672100175,0.01310590438732074,258.98682321719093,3.394450893866179,1.2046546932189608e-15
241.53418853988887,258.50924349415993,0.01315836191179199,258.48686435024024,3.4014600252482126,1.2233247663906017e-15
242.03418853988887,258.0094204716884,0.013211022225077024,257.9869054641108,3.408469038798728,1.2423216142823249e-15
242.53418853988887,257.50959814662775,0.01326388650833141,257.48694655868576,3.415477934671685,1.0675513632180325e-15
243.03418853988887,257.0097765230343,0.013316955951898347,256.9869876338474,3.4224867130219914,1.1827580936126686e-15
243.53418853988887,256.5099556049957,0.013370231755398154,256.48702868947686,3.429495374005509,1.101131508195577e-15
244.03418853988887,256.0101353966315,0.013423715127818805,255.98706972545443,3.4365039177790657,1.2200365966466521e-15
244.53418853988887,255.51031590209328,0.01347740728760753,255.48711074165908,3.4435123445004634,1.135906909656621e-15
245.03418853988887,255.0104971255652,0.01353130946276348,254.98715173796882,3.4505206543284888,1.15375759808236e-15
245.53418853988887,254.51067907126404,0.013585422890931498,254.48719271426057,3.457528847422923,1.0653864342064714e-15
246.03418853988887,254.01086174343973,0.013639748819496991,253.98723367041003,3.4645369239445527,1.082196012613202e-15
246.53418853988887,253.5110451463756,0.01369428850568192,253.487274606292,3.471544884055181,1.2092356090791673e-15
247.03418853988887,253.01122928438872,0.013749043216641934,252.9873155217799,3.478552727917636,1.1167196412968802e-15
247.53418853988887,252.51141416183017,0.013804014229564648,252.48735641674617,3.4855604556957824,1.474779431718899e-15
248.03418853988887,252.0115997830855,0.013859202831769099,251.98739729106208,3.492568067554532,1.3253629669220053e-15
248.53418853988887,251.51178615257496,0.01391461032080638,251.48743814459766,3.4995755636598544,1.112314575760627e-15
249.03418853988887,251.0119732747539,0.013970238004561488,250.98747897722183,3.50658294417879,1.249033736303728e-15
249.53418853988887,250.5121611541131,0.014026087201356365,250.48751978880225,3.513590209279458,1.4503099687978678e-15
250.03418853988887,250.01234979517915,0.014082159240054208,249.98756057920542,3.5205973591310684,1.289369896018332e-15
250.53418853988887,249.51253920251477,0.014138455460165003,249.48760134829664,3.527604393903936,1.2477019335830127e-15
251.03418853988887,249.01272938071918,0.014194977211952346,248.9876420959399,3.5346113137694872,1.3311800609912259e-15
251.53418853988887,248.51292033442846,0.014251725856541544,248.48768282199796,3.5416181189002764,1.2882443707190321e-15
252.03418853988887,248.013112068316,0.014308702766029031,247.9877235263324,3.5486248094699957,9.163495904122396e-16
252.53418853988887,247.5133045870927,0.014365909323593098,247.48776420880344,3.5556313856534847,9.311942628638482e-16
253.03418853988887,247.01349789550756,0.014423346923605973,246.98780486926998,3.562637847626746,1.1490913112242223e-15
253.53418853988887,246.5136919983479,0.014481016971747265,246.48784550758964,3.569644195566957,1.099090071825836e-15
254.03418853988887,246.01388690043984,0.014538920885118786,245.98788612361884,3.57665042965248,1.0471927364311357e-15
254.53418853988887,245.51408260664866,0.014597060092360776,245.4879267172125,3.5836565500628756,1.1352508609376603e-15
255.03418853988887,245.01427912187916,0.014655436033769549,244.9879672882242,3.590662556978916,1.081718121155605e-15
255.53418853988887,244.51447645107615,0.014714050161416586,244.48800783650626,3.597668450582597,8.06271061721527e-16
256.0341885398889,244.01467459922478,0.014772903939269083,243.98804836190953,3.604674231057153,7.450210446806939e-16
256.5341885398889,243.51487357135102,0.014831998843311989,243.48808886428347,3.611679898587067,1.211667188245696e-15
257.0341885398889,243.015073372522,0.01489133636167154,242.9881293434762,3.618685453358085,1.3086449741500996e-15
257.5341885398889,242.51527400784653,0.014950917994740336,242.48816979933423,3.625690895557232,1.2520372494256338e-15
258.0341885398889,242.01547548247538,0.01501074525530395,241.98821023170282,3.6326962253728197,1.1136904660639593e-15
258.5341885398889,241.5156778016019,0.015070819668669118,241.48825064042566,3.639701442994468,1.1321881733148271e-15
259.0341885398889,241.01588097046232,0.015131142772793512,240.98829102534498,3.646706548613111,1.1510328031577776e-15
259.5341885398889,240.51608499433624,0.015191716118417152,240.4883313863015,3.6537115424210183,1.2538195787215442e-15
260.0341885398889,240.01628987854707,0.015252541269195431,239.98837172313435,3.6607164246118016,1.189792002633888e-15
260.5341885398889,239.51649562846254,0.015313619801833829,239.4884120356813,3.667721195380438,1.2097215803832152e-15
261.0341885398889,239.01670224949507,0.015374953306224296,238.98845232377846,3.674725854923276,1.1421689551072973e-15
261.5341885398889,238.51690974710232,0.015436543385583364,238.4884925872604,3.6817304034380576,1.161382414752384e-15
262.0341885398889,238.01711812678758,0.01549839165659199,237.98853282596,3.6887348411239267,1.0901176842304984e-15
262.5341885398889,237.5173273941003,0.015560499749537163,237.4885730397086,3.6957391681814498,1.016156231591821e-15
263.0341885398889,237.01753755463665,0.01562286930845531,236.98861322833596,3.702743384812628,1.033359949789135e-15
263.5341885398889,236.51774861403982,0.0156855019912775,236.48865339167017,3.7097474912209125,1.0508925445343766e-15
264.0341885398889,236.01796057800067,0.01574839946997652,235.98869352953758,3.7167514876112224,1.1659211153583146e-15
264.5341885398889,235.5181734522582,0.015811563430715797,235.48873364176293,3.7237553741899614,9.881568678557262e-16
265.0341885398889,235.01838724260006,0.015874995574000232,234.98877372816924,3.730759151165029,1.105534481309042e-15
265.5341885398889,234.51860195486302,0.015938697614828953,234.48881378857774,3.73776281874584,1.022231196105387e-15
266.0341885398889,234.01881759493358,0.016002671282850035,233.988853822808,3.744766377143344,1.039763408043441e-15
266.5341885398889,233.5190341687484,0.016066918322517196,233.48889383067777,3.7517698265700354,1.1633986539708138e-15
267.0341885398889,233.01925168229488,0.016131440493248515,232.988933812003,3.7587731672399753,1.2910244632975025e-15
267.5341885398889,232.51947014161175,0.01619623956958719,232.48897376659787,3.765776399368809,1.4227546427980345e-15
268.0341885398889,232.01968955278957,0.01626131734136437,231.98901369427472,3.772779523173778,1.1133616075483137e-15
268.5341885398889,231.51990992197128,0.01632667561386411,231.4890535948439,3.7797825388737456,1.2459331078375366e-15
269.0341885398889,231.0201312553528,0.01639231620799044,230.98909346811413,3.786785446689207,1.0371143372693968e-15
269.5341885398889,230.52035355918352,0.016458240960436635,230.48913331389204,3.7937882468423116,1.3482809987269719e-15
270.0341885398889,230.02057683976705,0.01652445172385666,229.98917313198237,3.8007909395568813,1.2525259895752578e-15
270.5341885398889,229.5208011034616,0.016590950367038892,229.4892129221879,3.8077935250584276,1.153061376422805e-15
271.0341885398889,229.02102635668072,0.016657738775082063,228.98925268430952,3.8147960035741715,1.2967792788351316e-15
271.5341885398889,228.52125260589384,0.016724818849573556,228.48929241814602,3.821798375333058,1.3195645772757514e-15
272.0341885398889,228.0214798576269,0.01679219250877003,227.98933212349422,3.828800640565786,1.342801910385605e-15
272.5341885398889,227.52170811846298,0.01685986168778041,227.4893718001489,3.835802799504816,1.5617157399768247e-15
273.0341885398889,227.0219373950429,0.016927828338751304,226.9894114479027,3.8428048523843943,1.3244503824697213e-15
273.5341885398889,226.5221676940658,0.016996094431054883,226.48945106654625,3.8498067994405774,1.2805342111257238e-15
274.0341885398889,226.02239902229,0.017064661951479224,225.98949065586805,3.856808640911244,1.1660989477955226e-15
274.5341885398889,225.5226313865333,0.01713353290442121,225.48953021565433,3.8638103770361236,1.3963119666874195e-15
275.0341885398889,225.022864793674,0.017202709312081992,224.98956974568927,3.8708120080568094,1.2791106415314122e-15
275.5341885398889,224.5230992506513,0.01727219321466503,224.48960924575476,3.8778135342167874,1.4466583610359586e-15
276.0341885398889,224.0233347644662,0.017341986670576834,223.98964871563058,3.8848149557614504,1.3253365719216979e-15
276.5341885398889,223.52357134218192,0.017412091756630353,223.48968815509403,3.8918162729381245,1.4241061404318478e-15
277.0341885398889,223.0238089909249,0.017482510568251123,222.98972756392038,3.89881748599609,1.3734530276424118e-15
277.5341885398889,222.52404771788522,0.01755324521968617,222.48976694188244,3.9058185951866013,1.5536078050989555e-15
278.0341885398889,222.02428753031757,0.017624297844215753,221.9898062887506,3.9128196007629126,1.2653745562558321e-15
278.5341885398889,221.52452843554175,0.017695670594367954,221.489845604293,3.9198205029802975,1.610402844962494e-15
279.0341885398889,221.02477044094357,0.01776736564213618,220.98988488827538,3.926821302096075,1.3937236040431794e-15
279.5341885398889,220.5250135539755,0.017839385179199637,220.48992414046094,3.9338219983696305,1.3356380382941878e-15
280.0341885398889,220.02525778215744,0.017911731417146776,219.98996336061043,3.9408225920624402,1.4450295320767148e-15
280.5341885398889,219.52550313307754,0.017984406587701816,219.49000254848215,3.947823083438096,1.3849204016601035e-15
281.0341885398889,219.0257496143929,0.018057412942954355,218.99004170383188,3.95482347276233,1.3221819494639092e-15
281.5341885398889,218.52599723383042,0.01813075275559213,218.4900808264127,3.9618237603030373,1.5260269674018772e-15
282.0341885398889,218.02624599918755,0.018204428319136965,217.99011991597527,3.9688239463303012,1.2798907948111736e-15
282.5341885398889,217.5264959183331,0.01827844194818399,217.49015897226747,3.9758240311164212,1.2104258198409574e-15
283.0341885398889,217.0267469992081,0.01835279597864414,216.99019799503463,3.982824014935934,1.2328395666903297e-15
283.5341885398889,216.52699924982653,0.018427492767990036,216.49023698401922,3.9898238980656457,1.0625339235465114e-15
284.0341885398889,216.02725267827634,0.018502534695505245,215.99027593896113,3.9968236807846513,1.3774748259993623e-15
284.5341885398889,215.52750729272012,0.018577924162537025,215.4903148595974,4.003823363374367,1.1024845933912417e-15
285.0341885398889,215.02776310139606,0.01865366359275259,214.99035374566228,4.010822946118554,1.2251917928882333e-15
285.5341885398889,214.5280201126188,0.01872975543239895,214.49039259688712,4.017822429303346,1.2481475676483623e-15
286.0341885398889,214.0282783347803,0.018806202150566387,213.99043141300044,4.024821813217282,1.4835204403459664e-15
286.5341885398889,213.52853777635084,0.018883006239455623,213.49047019372784,4.031821098151325,1.1875667696923853e-15
287.0341885398889,213.02879844587977,0.018960170214648762,212.99050893879192,4.038820284398901,1.4299725079139877e-15
287.5341885398889,212.52906035199658,0.019037696615384035,212.49054764791228,4.0458193722559175,1.120785595044442e-15
288.0341885398889,212.02932350341177,0.019115588004834434,211.99058632080556,4.052818362020804,1.1991385232712368e-15
288.5341885398889,211.52958790891782,0.01919384697039029,211.4906249571852,4.059817253994532,1.338304116132197e-15
289.0341885398889,211.02985357739013,0.019272476123945864,210.99066355676152,4.066816048480652,1.1859145113382934e-15
289.5341885398889,210.53012051778808,0.019351478102190015,210.49070211924183,4.07381474578532,1.0272787482025592e-15
290.0341885398889,210.0303887391559,0.019430855566901013,209.99074064433003,4.08081334621733,1.2317003084334404e-15
290.5341885398889,209.53065825062384,0.019510611205245568,209.49077913172695,4.087811850088148,1.3808712199290525e-15
291.0341885398889,209.03092906140898,0.01959074773008215,208.99081758112996,4.094810257711935,1.2155124338818777e-15
291.5341885398889,208.53120118081648,0.01967126788026865,208.49085599223318,4.101808569405594,1.3041605747026505e-15
292.0341885398889,208.0314746182405,0.019752174420974492,207.99089436472732,4.108806785488789,1.2629029966146047e-15
292.5341885398889,207.53174938316533,0.019833470143997237,207.49093269829973,4.1158049062839845,1.3551328096809648e-15
293.0341885398889,207.03202548516643,0.01991515786808377,206.9909709926342,4.12280293211648,1.2433118954581354e-15
293.5341885398889,206.53230293391152,0.01999724043925615,206.49100924741097,4.1298008633144425,1.1266878994697918e-15
294.0341885398889,206.03258173916177,0.02007972073114218,205.99104746230677,4.136798700208939,1.4358535606169878e-15
294.5341885398889,205.53286191077288,0.020162601645310838,205.49108563699474,4.1437964431339775,1.3175578923911199e-15
295.0341885398889,205.03314345869617,0.02024588611161255,204.9911237711442,4.150794092426538,1.2687726610179578e-15
295.5341885398889,204.5334263929799,0.02032957708852449,204.49116186442092,4.15779164842661,1.3698273278068412e-15
296.0341885398889,204.0337107237702,0.020413677563500942,203.99119991648675,4.164789111477228,1.474436910908318e-15
296.5341885398889,203.53399646131263,0.02049819055332879,203.49123792699982,4.171786481924513,1.1870364886520831e-15
297.0341885398889,203.03428361595297,0.020583119104488293,202.9912758956143,4.178783760117705,1.4526686967447582e-15
297.5341885398889,202.53457219813882,0.020668466293519174,202.4913138219805,4.185780946409204,1.3169111306203864e-15
298.0341885398889,202.03486221842064,0.02075423522739213,201.99135170574462,4.192778041154608,1.3431364488861119e-15
298.5341885398889,201.5351536874531,0.020840429043885878,201.49138954654896,4.199775044712756,1.369951397230111e-15
299.0341885398889,201.0354466159963,0.020927050911969815,200.99142734403165,4.206771957445761,1.3100350788455474e-15
299.5341885398889,200.53574101491722,0.02101410403219239,200.4914650978266,4.213768779719056,1.0690572697733257e-15
300.0341885398889,200.03603689519088,0.021101591637075295,199.99150280756356,4.220765511901437,1.27232334977061e-15
300.5341885398889,199.53633426790176,0.021189516991513564,199.49154047286802,4.227762154365096,1.2979830451095772e-15
301.0341885398889,199.03663314424523,0.021277883393181707,198.9915780933611,4.234758707485673,1.13505170687576e-15
301.5341885398889,198.53693353552882,0.021366694172945958,198.49161566865948,4.241755171642293,1.1580600130327581e-15
302.0341885398889,198.0372354531737,0.02145595269528277,197.99165319837547,4.248751547217613,1.2800611185335067e-15
302.5341885398889,197.53753890871613,0.02154566235870364,197.49169068211668,4.255747834597863,1.507087168433487e-15
303.0341885398889,197.03784391380884,0.02163582659618641,196.99172811948634,4.262744034172897,1.2302983902844352e-15
303.5341885398889,196.53815048022258,0.021726448875613123,196.49176551008284,4.269740146336232,1.4647442177216138e-15
304.0341885398889,196.03845861984757,0.021817532700214574,195.9918028535,4.276736171485095,1.388047153190245e-15
304.5341885398889,195.538768344695,0.021909081609021677,195.49184014932663,4.283732110020474,1.0897092990244497e-15
305.0341885398889,195.03907966689866,0.02200109917732376,194.9918773971469,4.290727962347167,1.4458611650178393e-15
305.5341885398889,194.53939259871638,0.0220935890171339,194.4919145965399,4.2977237288738195,1.5893032469869434e-15
306.0341885398889,194.03970715253175,0.022186554777661467,193.99195174707978,4.3047194100129875,1.2746470416603213e-15
306.5341885398889,193.54002334085564,0.02228000014579196,193.49198884833555,4.3117150061811795,1.3011627169325879e-15
307.0341885398889,193.04034117632787,0.022373928846574288,192.9920258998711,4.318710517798906,1.5094331095554238e-15
307.5341885398889,192.5406606717189,0.022468344643715644,192.49206290124505,4.325705945290737,1.540998410864724e-15
308.0341885398889,192.04098183993153,0.022563251340084082,191.99209985201077,4.33270128908535,1.447444243001168e-15
308.5341885398889,191.5413046940025,0.022658652778218956,191.49213675171615,4.339696549615581,1.4778736180952293e-15
309.0341885398889,191.04162924710437,0.022754552840849367,190.99217359990368,4.346691727318485,1.4434154367584549e-15
309.5341885398889,190.54195551254728,0.022850955451420744,190.4922103961103,4.353686822635384,1.272932412207096e-15
310.0341885398889,190.04228350378065,0.022947864574629735,189.99224713986732,4.360681836011928,1.0946588826126871e-15
310.5341885398889,189.54261323439513,0.023045284216967544,189.49228383070025,4.367676767898143,1.0480482720713198e-15
311.0341885398889,189.04294471812435,0.023143218427271874,188.9923204681289,4.374671618748499,1.141735399508297e-15
311.5341885398889,188.54327796884684,0.02324167129728764,188.4923570516671,4.381666389021958,1.0203598384231837e-15
312.0341885398889,188.043613000588,0.02334064696223661,187.9923935808228,4.388661079182043,1.339991894736383e-15
312.5341885398889,187.54394982752203,0.02344014960139612,187.49243005509777,4.395655689696886,1.2927292398767404e-15
313.0341885398889,187.0442884639738,0.023540183438687107,186.99246647398772,4.4026502210393,1.4759308336127646e-15
313.5341885398889,186.54462892442098,0.023640752743271515,186.492502836982,4.4096446736868335,1.1110128854935877e-15
314.0341885398889,186.04497122349605,0.023741861830159364,185.9925391435637,4.4166390481218345,1.2161468220853053e-15
314.5341885398889,185.54531537598834,0.023843515060825594,185.4925753932094,4.423633344831518,1.4910634132038353e-15
315.0341885398889,185.0456613968462,0.0239457168438369,184.99261158538914,4.4306275643080255,1.2696061867813044e-15
315.5341885398889,184.54600930117908,0.024048471635488722,184.49264771956635,4.437621707048493,1.4703011418479077e-15
316.0341885398889,184.04635910425972,0.02415178394045263,183.99268379519768,4.444615773555118,1.4141078565012057e-15
316.5341885398889,183.5467108215264,0.02425565831243422,183.49271981173288,4.45160976433523,1.2645077143097989e-15
317.0341885398889,183.04706446858512,0.024360099354841822,182.99275576861487,4.458603679901352,1.2000339976808925e-15
317.5341885398889,182.54742006121197,0.024465111721466145,182.49279166527936,4.465597520771277,1.3208727468868206e-15
318.0341885398889,182.04777761535533,0.024570700117171104,181.99282750115492,4.472591287468132,1.2536756199496136e-15
318.5341885398889,181.5481371471384,0.02467686929859605,181.4928632756629,4.479584980520466,1.1829278017472684e-15
319.0341885398889,181.0484986728614,0.024783624074869608,180.99289898821712,4.486578600462299,1.2092603937055585e-15
319.5341885398889,180.5488622090042,0.024890969308335335,180.492934638224,4.493572147833221,1.44229726162174e-15
320.0341885398889,180.04922777222862,0.02499890991528948,179.9929702250822,4.500565623178447,1.053274623350942e-15
320.5341885398889,179.54959537938112,0.025107450866731006,179.4930057481827,4.507559027048913,1.2923037641602306e-15
321.0341885398889,179.04996504749522,0.025216597189124192,178.99304120690857,4.514552360001337,1.5416300082696241e-15
321.5341885398889,178.5503367937942,0.025326353965173982,178.49307660063485,4.521545622598309,1.5764350277116012e-15
322.0341885398889,178.0507106356937,0.0254367263346144,177.99311192872847,4.52853881540837,1.4969752820889183e-15
322.5341885398889,177.55108659080437,0.02554771949501024,177.4931471905481,4.535531939006091,1.6487318135283744e-15
323.0341885398889,177.05146467693476,0.025659338702572337,176.9931823854439,4.542524993972161,1.927171183710924e-15
323.5341885398889,176.5518449120939,0.02577158927298662,176.49321751275767,4.549517980893464,1.663183567527749e-15
324.0341885398889,176.05222731449433,0.0258844765822573,175.99325257182235,4.556510900363175,1.7012738512633791e-15
324.5341885398889,175.5526119025548,0.025998006067564423,175.49328756196218,4.563503752980843,1.5469769367395354e-15
325.0341885398889,175.05299869490332,0.026112183228136077,174.99332248249243,4.570496539352476,1.5826111681551702e-15
325.5341885398889,174.55338771038012,0.026227013626135574,174.49335733271923,4.577489260090639,1.6191721547364757e-15
326.0341885398889,174.05377896804063,0.026342502887563877,173.99339211193944,4.584481915814542,1.5186295337425627e-15
326.5341885398889,173.55417248715858,0.026458656703177593,173.49342681944057,4.59147450715013,1.483284882825435e-15
327.0341885398889,173.0545682872292,0.02657548082942286,172.99346145450056,4.598467034730188,1.7346886487251908e-15
327.5341885398889,172.55496638797223,0.0266929810893854,172.49349601638755,4.605459499194428,1.775234077859187e-15
328.0341885398889,172.05536680933542,0.026811163373757142,171.99353050435988,4.612451901189592,1.5897433134372112e-15
328.5341885398889,171.55576957149765,0.026930033641819673,171.49356491766588,4.619444241369551,1.627120596155856e-15
329.0341885398889,171.0561746948723,0.02704959792244492,170.99359925554356,4.6264365203954085,1.5068719978658857e-15
329.5341885398889,170.55658220011074,0.027169862315113386,170.49363351722062,4.633428738935598,1.4613267395050419e-15
330.0341885398889,170.0569921081057,0.027290832990950295,169.9936677019142,4.6404208976659955,1.3297708166702853e-15
330.5341885398889,169.55740443999494,0.02741251619378006,169.4937018088307,4.647412997270024,1.2763217281880686e-15
331.0341885398889,169.05781921716473,0.02753491824119937,168.99373583716562,4.654405038438758,1.3938988240986886e-15
331.5341885398889,168.5582364612536,0.027658045525669386,168.49376978610331,4.66139702187104,1.1596513603631748e-15
332.0341885398889,168.05865619415601,0.02778190451562733,167.9938036548169,4.6683889482735905,1.2788381414296694e-15
332.5341885398889,167.55907843802615,0.027906501756617977,167.49383744246802,4.675380818361122,1.4031789993531335e-15
333.0341885398889,167.0595032152818,0.02803184387244539,166.9938711482066,4.682372632856454,1.3412666461562997e-15
333.5341885398889,166.55993054860835,0.028157937566345357,166.49390477117075,4.6893643924906385,1.3737622618146742e-15
334.0341885398889,166.06036046096264,0.02828478962217894,165.99393831048647,4.69635609800307,1.306636322366465e-15
334.5341885398889,165.56079297557716,0.02841240690564764,165.4939717652675,4.703347750141617,1.338486867508675e-15
335.0341885398889,165.06122811596416,0.028540796365530547,164.99400513461504,4.710339349662741,1.3712140411066083e-15
335.5341885398889,164.56166590591985,0.028669965034944,164.49403841761765,4.717330897331627,1.404844741167213e-15
336.0341885398889,164.06210636952875,0.02879992003262425,163.99407161335085,4.724322393922311,1.2179595800619566e-15
336.5341885398889,163.56254953116797,0.028930668564233552,163.49410472087712,4.73131384021781,1.191288727040269e-15
337.0341885398889,163.06299541551178,0.02906221792369024,162.9941377392455,4.73830523701026,1.3370438245176834e-15
337.5341885398889,162.56344404753605,0.02919457549452329,162.49417066749137,4.745296585101047,1.1319420709466684e-15
338.0341885398889,162.06389545252296,0.02932774875125189,161.99420350463626,4.752287885300949,1.3433185180273584e-15
338.5341885398889,161.56434965606564,0.029461745260790553,161.49423624968767,4.759279138430277,1.001371327252445e-15
339.0341885398889,161.06480668407303,0.029596572683880325,160.9942689016387,4.766270345319016,1.3472451997379211e-15
339.5341885398889,160.56526656277467,0.0297322387765467,160.49430145946778,4.773261506806971,1.1180519699328702e-15
340.0341885398889,160.06572931872574,0.029868751391584732,159.99433392213854,4.780252623743921,1.4159627581773175e-15
340.5341885398889,159.56619497881212,0.030006118480072053,159.49436628859942,4.787243696989764,1.382661770709939e-15
341.0341885398889,159.06666357025554,0.030144348092910292,158.9943985577835,4.794234727414672,1.346874568303301e-15
341.5341885398889,158.56713512061884,0.03028344838239562,158.4944307286082,4.801225715899252,1.3811763322300598e-15
342.0341885398889,158.0676096578113,0.030423427603818998,157.99446279997483,4.808216663334702,1.416464523189572e-15
342.5341885398889,157.56808721009415,0.030564294117096824,157.49449477076857,4.815207570622975,1.2233859098007244e-15
343.0341885398889,157.0685678060861,0.030706056388432622,156.994526639858,4.822198438676942,1.4117000325097492e-15
343.5341885398889,156.56905147476903,0.030848722992010493,156.4945584060949,4.829189268420565,1.2067654452368834e-15
344.0341885398889,156.06953824549373,0.03099230261172102,155.99459006831376,4.836180060789069,1.155465049951725e-15
344.5341885398889,155.5700281479858,0.03113680404292037,155.49462162533172,4.843170816729107,1.3548201332053033e-15
345.0341885398889,155.07052121235168,0.03128223619422331,154.99465307594804,4.850161537198953,1.21634987515175e-15
345.5341885398889,154.5710174690847,0.03142860808933095,154.49468441894385,4.857152223168671,1.2481405838149218e-15
346.0341885398889,154.0715169490714,0.03157592886889395,153.9947156530819,4.864142875620306,1.3723602194882531e-15
346.5341885398889,153.5720196835978,0.031724207792412036,153.49474677710603,4.871133495548073,1.0328745526489116e-15
347.0341885398889,153.07252570435594,0.03187345424017059,152.99477778974097,4.878124083958542,1.3492668020944325e-15
347.5341885398889,152.57303504345043,0.03202367771521527,152.4948086896919,4.885114641870841,1.1871430871873902e-15
348.0341885398889,152.0735477334052,0.032174887845365444,151.99483947564414,4.892105170316851,1.2186877585438001e-15
348.5341885398889,151.57406380717043,0.032327094385267305,151.49487014626277,4.899095670341409,1.2511789596999046e-15
349.0341885398889,151.07458329812943,0.03248030721848771,150.99490070019215,4.906086143002513,1.1775943287162027e-15
349.5341885398889,150.57510624010587,0.03263453635964956,150.49493113605567,4.9130765893715385,1.3191287925746e-15
350.0341885398889,150.07563266737105,0.03278979195660974,149.9949614524553,4.9200670105334465,1.1288785963397672e-15
350.5341885398889,149.57616261465128,0.03294608429268063,149.4949916479711,4.927057407587005,1.1014143627388248e-15
351.0341885398889,149.0766961171355,0.03310342378889614,148.9950217211609,4.93404778164501,1.190819355195474e-15
351.5341885398889,148.57723321048294,0.033261821006323404,148.49505167055983,4.941038133834511,1.1620568308860756e-15
352.0341885398889,148.0777739308311,0.03342128664842111,147.99508149467988,4.948028465297055,1.068119764660006e-15
352.5341885398889,147.5783183148037,0.03358183156344566,147.49511119200946,4.955018777188897,1.032827816418655e-15
353.0341885398889,147.07886639951894,0.03374346674690623,146.99514076101298,4.962009070681272,9.285660694222408e-16
353.5341885398889,146.57941822259784,0.033906203344069914,146.49517020013033,4.968999346960609,1.0904902237331658e-15
354.0341885398889,146.07997382217272,0.03407005265251815,145.99519950777633,4.9759896072288035,9.805896615985106e-16
354.5341885398889,145.58053323689606,0.034235026124755645,145.49522868234047,4.9829798527034646,1.1518010628668833e-15
355.0341885398889,145.08109650594926,0.0344011353708731,144.99525772218612,4.9899700846181725,1.0359165266320462e-15
355.5341885398889,144.58166366905178,0.034568392161264956,144.4952866256503,4.996960304222741,9.888276675113347e-16
356.0341885398889,144.08223476647035,0.03473680842940356,143.9953153910428,5.003950512783499,1.0947813893811043e-15
356.5341885398889,143.58280983902847,0.034906396274671105,143.49534401664607,5.010940711583554,1.3668229877814573e-15
357.0341885398889,143.08338892811605,0.03507716796525072,142.99537250071432,5.017930901923075,1.4054597631912443e-15
357.5341885398889,142.58397207569925,0.035249135941078195,142.49540084147313,5.024921085119585,1.1902717516394843e-15
358.0341885398889,142.08455932433054,0.03542231281685583,141.9954290371188,5.03191126250825,1.486477561835341e-15
358.5341885398889,141.585150717159,0.03559671138512987,141.49545708581786,5.038901435442173,1.6188862586480297e-15
359.0341885398889,141.08574629794072,0.03577234461943319,140.9954849857063,5.045891605292701,1.3877551190139256e-15
359.5341885398889,140.5863461110496,0.035949225677494805,140.49551273488905,5.05288177344974,1.4276910717533265e-15
360.0341885398889,140.08695020148826,0.036127367904517815,139.9955403314394,5.059871941322058,1.566853313661329e-15
360.5341885398889,139.58755861489917,0.03630678483652762,139.49556777339822,5.066862110337624,1.5115038932029118e-15
361.0341885398889,139.08817139757608,0.036487490203792015,138.9955950587734,5.073852281943925,1.4517782849059609e-15
361.5341885398889,138.5887885964757,0.036669497934315114,138.4956221855391,5.080842457608309,1.3874418093335238e-15
362.0341885398889,138.08941025922954,0.036852822157406845,137.99564915163515,5.0878326388183215,1.318247856815866e-15
362.5341885398889,137.5900364341561,0.03703747720733001,137.49567595496612,5.094822827082062,1.2439372700912619e-15
363.0341885398889,137.09066717027332,0.03722347762702685,136.99570259340084,5.101813023928538,1.4552971170478294e-15
363.5341885398889,136.59130251731122,0.03741083817192717,136.49572906477144,5.108803230908026,1.3186101962103324e-15
364.0341885398889,136.0919425257249,0.03759957381384002,135.99575536687283,5.115793449592452,1.3578290079136152e-15
364.5341885398889,135.5925872467078,0.03778969974493124,135.49578149746156,5.122783681575763,1.3983653059116374e-15
365.0341885398889,135.09323673220524,0.037981231381788924,134.99580745425538,5.129773928474319,1.2438682082361792e-15
365.5341885398889,134.59389103492822,0.03817418436957917,134.4958332349321,5.136764191927287,1.5510257505184195e-15
366.0341885398889,134.09455020836762,0.038368574586294446,133.9958588371289,5.143754473597044,1.528383033415318e-15
366.5341885398889,133.59521430680869,0.03856441814709694,133.49588425844146,5.150744775169596,1.5747037756496605e-15
367.0341885398889,133.0958833853458,0.03876173140875947,132.99590949642308,5.15773509835499,1.4751001607548145e-15
367.5341885398889,132.59655749989753,0.03896053097420641,132.49593454858365,5.16472544488775,1.5201479806403957e-15
368.0341885398889,132.09723670722218,0.03916083369715736,131.99595941238871,5.171715816527316,1.4100747342115016e-15
368.5341885398889,131.5979210649336,0.03936265668687624,131.4959840852587,5.178706215058487,1.6149651181427514e-15
369.0341885398889,131.09861063151726,0.03956601731302858,130.9960085645677,5.185696642291889,1.4983708913669026e-15
369.5341885398889,130.59930546634695,0.039770933210649936,130.49603284764262,5.192687100064436,1.630664522318023e-15
370.0341885398889,130.10000562970149,0.039977422285228416,129.99605693176204,5.199677590239808,1.504440633826444e-15
370.5341885398889,129.60071118278216,0.04018550271790431,129.4960808141551,5.206668114708942,1.277675547820685e-15
371.0341885398889,129.1014221877304,0.04039519297079006,128.9961044920006,5.213658675390533,1.6942721153032044e-15
371.5341885398889,128.6021387076459,0.04060651179241379,128.49612796242565,5.220649274231538,1.4563713351976688e-15
372.0341885398889,128.10286080660507,0.04081947822328977,127.99615122250461,5.227639913207702,1.8029184031569235e-15
372.5341885398889,127.60358854968007,0.04103411160161921,127.496174269258,5.234630594324086,1.446795707607301e-15
373.0341885398889,127.10432200295821,0.041250431569125126,126.99619709965113,5.241621319615619,1.599555681912876e-15
373.5341885398889,126.60506123356178,0.04146845807702472,126.49621971059288,5.248612091147642,1.5407025572994087e-15
374.0341885398889,126.10580630966837,0.04168821139214329,125.99624209893447,5.255602911016488,1.4766274668646711e-15
374.5341885398889,125.60655730053166,0.04190971210317348,125.49626426146813,5.262593781350057,1.641523234632289e-15
375.0341885398889,125.10731427650279,0.04213298112708387,124.99628619492564,5.269584704308408,1.4526021123723678e-15
375.5341885398889,124.6080773090521,0.042358039715681264,124.49630789597715,5.276575682084371,1.6873340734591594e-15
376.0341885398889,124.10884647079149,0.04258490946233075,123.99632936122954,5.283566716904165,1.677909148887735e-15
376.5341885398889,123.60962183549724,0.042813612308838137,123.49635058722507,5.290557811028032,1.5329820118384872e-15
377.0341885398889,123.11040347813349,0.04304417055249933,122.99637157043983,5.297548966750889,1.7211557054858138e-15
377.5341885398889,122.61119147487618,0.0432766068533213,122.4963923072822,5.304540186402987,1.5646997820175753e-15
378.0341885398889,122.11198590313761,0.04351094424141964,121.99641279409124,5.311531472350591,1.7636219539545754e-15
378.5341885398889,121.61278684159163,0.043747206124597704,121.49643302713507,5.318522826996678,1.5946216549514008e-15
379.0341885398889,121.11359437019942,0.04398541629611259,120.99645300260921,5.325514252781642,1.6480122530773234e-15
379.5341885398889,120.61440857023588,0.044225598942633254,120.4964727166348,5.332505752184021,1.6223070999880411e-15
380.0341885398889,120.1152295243167,0.04446777865239645,119.99649216525683,5.33949732772124,1.6770833256339975e-15
380.5341885398889,119.61605731642614,0.04471198042356616,119.4965113444423,5.346488981950374,1.6472516563939726e-15
381.0341885398889,119.1168920319454,0.04495822967280251,118.99653025007841,5.35348071746892,1.6136940523161389e-15
381.5341885398889,118.61773375768182,0.04520655224404626,118.49654887797055,5.360472536915597,1.5761628852366822e-15
382.0341885398889,118.1185825818987,0.045456974417525255,117.99656722384032,5.367464442971157,1.4384957070712436e-15
382.5341885398889,117.619438594346,0.0457095229189894,117.49658528332347,5.3744564383592195,1.4881128904083802e-15
383.0341885398889,117.12030188629161,0.04596422492918092,116.99660305196788,5.381448525847125,1.334375252597615e-15
383.5341885398889,116.62117255055372,0.046221108093546945,116.49662052523126,5.388440708246805,1.4870168857694733e-15
384.0341885398889,116.12205068153371,0.04648020053220166,115.996637698479,5.395432988415678,1.4290526339827457e-15
384.5341885398889,115.62293637525005,0.04674153085014553,115.49665456698183,5.40242536925756,1.536101683355196e-15
385.0341885398889,115.1238297293731,0.04700512814774937,114.9966711259135,5.409417853723606,1.6491510124546547e-15
385.5341885398889,114.62473084326069,0.04727102203151128,114.49668737034831,5.4164104448132635,1.5855771022911753e-15
386.0341885398889,114.12563981799472,0.04753924262509478,113.99670329525863,5.423403145575255,1.7051217802383254e-15
386.5341885398889,113.62655675641864,0.04780982058065667,113.49671889551223,5.430395959108585,1.4389924353115242e-15
387.0341885398889,113.127481763176,0.04808278709047371,112.99673416586977,5.437388888563566,1.2196063647094732e-15
387.5341885398889,112.62841494474993,0.04835817389887704,112.49674910098194,5.444381937142875,1.2635684510677467e-15
388.0341885398889,112.12935640950377,0.04863601331450418,111.99676369538668,5.451375108102631,1.3820612933855841e-15
388.5341885398889,111.63030626772259,0.048916338222878296,111.49677794350622,5.458368404753502,1.43233197482023e-15
389.0341885398889,111.13126463165605,0.04919918209932507,110.99679183964416,5.465361830461835,1.4065285002989539e-15
389.5341885398889,110.63223161556226,0.0494845790222377,110.4968053779824,5.47235538865082,1.2151318956038347e-15
390.0341885398889,110.13320733575281,0.0497725636867011,109.99681855257778,5.479349082801677,1.2599414562476757e-15
390.5341885398889,109.63419191063913,0.05006317141848659,109.496831357359,5.486342916454873,1.2195104942973889e-15
391.0341885398889,109.13518546078001,0.05035643818842895,108.99684378612315,5.493336893211374,1.4455995026885923e-15
391.5341885398889,108.63618810893043,0.05065240062719802,108.49685583253218,5.50033101673392,1.1247409649408108e-15
392.0341885398889,108.13719998009176,0.05095109604047752,107.99686749010937,5.507325290748337,1.2642451693731536e-15
392.5341885398889,107.63822120156335,0.05125256242456423,107.49687875223557,5.514319719044884,9.082831176167972e-16
393.0341885398889,107.13925190299548,0.05155683848240121,106.9968896121454,5.521314305479626,1.1522241725659382e-15
393.5341885398889,106.64029221644385,0.05186396364005909,106.49690006292326,5.5283090539758515,1.0873900059580837e-15
394.0341885398889,106.14134227642553,0.05217397806368017,105.99691009749927,5.535303968525514,1.1290223943733452e-15
394.5341885398889,105.64240221997656,0.05248692267690054,105.4969197086451,5.542299053190722,9.379650460050426e-16
395.0341885398889,105.14347218671107,0.052802839178765965,104.9969288889695,5.549294312105258,8.524451285255024e-16
395.5341885398889,104.64455231888215,0.0531217700621579,104.49693763091399,5.556289749476138,1.0753191814364053e-15
396.0341885398889,104.14564276144444,0.05344375863274675,103.99694592674808,5.563285369585218,8.543995069568214e-16
396.5341885398889,103.64674366211844,0.053768849028489864,103.49695376856451,5.5702811767908305,1.092814957133011e-15
397.0341885398889,103.14785517145678,0.05409708623969273,102.99696114827438,5.577277175529471,8.519174529487765e-16
397.5341885398889,102.6489774429123,0.05442851612965236,102.49696805760198,5.5842733703175265,8.8566304529555455e-16
398.0341885398889,102.15011063290812,0.054763185455902655,101.99697448807953,5.591269765753044,1.0744061749313067e-15
398.5341885398889,101.65125490090983,0.05510114189208223,101.4969804310417,5.598266366517551,9.577625702308695e-16
399.0341885398889,101.15241040949967,0.05544243405044616,100.99698587762006,5.605263177377926,7.472037817652282e-16
399.5341885398889,100.65357732445295,0.05578711150504379,100.49699081873715,5.612260203188303,7.773983301361313e-16
400.0341885398889,100.15475581481681,0.05613522481558565,99.9969952451005,5.6192574488920455,6.292005814313876e-16
400.5341885398889,99.65594605299113,0.05648682555202347,99.49699914719646,5.6262549195237614,7.484405845491485e-16
401.0341885398889,99.157148214812,0.05684196631986829,98.99700251528364,5.633252620211366,6.817557261920675e-16
401.5341885398889,98.65836247963765,0.057200700786272554,98.49700533938636,5.640250556178216,8.112826166006565e-16
402.0341885398889,98.15958903043698,0.05756308370690316,97.99700760928769,5.647248732745287,6.336854933604005e-16
402.5341885398889,97.66082805388072,0.05792917095363364,97.49700931452236,5.654247155333407,5.500759420949646e-16
403.0341885398889,97.16207974043544,0.05829901954308455,96.99701044436934,5.661245829465566,7.450524524949424e-16
403.5341885398889,96.66334428446035,0.05867268766604266,96.4970109878442,5.668244760769265,5.972497552498781e-16
404.0341885398889,96.16462188430715,0.059050234717790466,95.99701093369127,5.675243954978954,5.602779789121017e-16
404.5341885398889,95.66591274242293,0.059431721329379086,95.49701027037534,5.682243417938508,8.437290333808088e-16
405.0341885398889,95.16721706545626,0.059817209399878876,94.99700898607325,5.689243155603796,6.091093303899878e-16
405.5341885398889,94.66853506436658,0.06020676212964354,94.49700706866513,5.6962431740452955,5.647175947507475e-16
406.0341885398889,94.16986695453707,0.06060044405462502,93.99700450572516,5.703243479450799,5.154949913442158e-16
406.5341885398889,93.67121295589105,0.06099832108177806,93.4970012845123,5.710244078128185,3.8421914046190933e-16
407.0341885398889,93.17257329301201,0.06140046052559486,92.99699739196038,5.71724497650826,8.020290693488069e-16
407.5341885398889,92.6739481952676,0.06180693114581224,92.49699281466808,5.7242461811476915,6.698241446955423e-16
408.0341885398889,92.17533789693745,0.06221780318633508,91.99698753888832,5.731247698732007,8.742832578735103e-16
408.5341885398889,91.67674263734521,0.0626331484154223,91.4969815505174,5.7382495360786905,6.391948741867922e-16
409.0341885398889,91.1781626609948,0.06305304016718298,90.99697483508373,5.745251700140349,7.631521687755038e-16
409.5341885398889,90.67959821771112,0.06347755338443302,90.49696737773601,5.752254198007982,6.977647980585172e-16
410.0341885398889,90.18104956278533,0.06390676466296413,89.99695916323115,5.75925703691433,1.0418518298825473e-15
410.5341885398889,89.68251695712505,0.06434075229728003,89.49695017592164,5.766260224237331,1.089198762947236e-15
411.0341885398889,89.18400066740926,0.06477959632785651,88.99694039974231,5.773263767503649,9.111832287855362e-16
411.5341885398889,88.68550096624865,0.06522337858998499,88.49692981819689,5.780267674392329,7.743660093344108e-16
412.0341885398889,88.18701813235111,0.0656721827642616,87.99691841434374,5.78727195273854,8.101646530376164e-16
412.5341885398889,87.6885524506929,0.06612609442878664,87.49690617078124,5.7942766105374215,8.478350165332836e-16
413.0341885398889,87.19010421269556,0.06658520111314248,86.9968930696325,5.801281655948045,6.826818507338331e-16
413.5341885398889,86.6916737164089,0.0670495923542205,86.49687909252951,5.808287097297492,7.147962967309932e-16
414.0341885398889,86.19326126670012,0.06751935975397158,85.99686422059663,5.815292943085026,7.486194449997951e-16
414.5341885398889,85.69486717544957,0.06799459703915746,85.49684843443349,5.822299201986415,5.489769940615713e-16
415.0341885398889,85.19649176175322,0.06847540012318436,84.9968317140972,5.829305882858347,4.930828410758064e-16
415.5341885398889,84.69813535213216,0.06896186717010364,84.4968140390837,5.836312994742987,8.613904871721921e-16
416.0341885398889,84.19979828074945,0.06945409866086857,83.99679538830867,5.843320546872671,8.128198455677639e-16
416.5341885398889,83.70148088963461,0.06995219746194027,83.49677574008729,5.850328548674712,9.471640497427563e-16
417.0341885398889,83.20318352891601,0.07045626889634024,82.99675507211343,5.8573370097763595,7.948986242441324e-16
417.5341885398889,82.70490655706162,0.0709664208172519,82.49673336143792,5.8643459400099065,8.341283786742313e-16
418.0341885398889,82.20665034112825,0.07148276368427793,81.9967105844459,5.871355349417921,6.566612667538413e-16
418.5341885398889,81.70841525701992,0.07200541064246585,81.4966867168333,5.8783652482586515,6.320154322270196e-16
419.0341885398889,81.21020168975545,0.0725344776042193,80.99666173358209,5.885375647011574,6.0344679915261e-16
419.5341885398889,80.71201003374591,0.0730700833342186,80.49663560893497,5.8923865563831015,7.607727394831736e-16
420.0341885398889,80.21384069308219,0.07361234953747996,79.9966083163684,5.899397987312464,6.662553691866318e-16
420.5341885398889,79.71569408183319,0.07416140095068902,79.49657982856499,5.906409950977745,8.40471400946424e-16
421.0341885398889,79.21757062435512,0.07471736543695166,78.9965501173844,5.913422458802107,8.838112345049114e-16
421.5341885398889,78.71947075561224,0.0752803740841114,78.49651915383306,5.920435522460182,1.0071531073942311e-15
422.0341885398889,78.2213949215098,0.07585056130679078,77.99648690803267,5.92744915388466,1.0597621069093224e-15
422.5341885398889,77.72334357923945,0.07642806495232202,77.4964533491871,5.934463365273055,1.2012868699684903e-15
423.0341885398889,77.22531719763789,0.07701302641074013,76.99641844554822,5.941478169094672,1.1745141800144619e-15
423.5341885398889,76.72731625755915,0.0776055907290215,76.49638216437971,5.948493578097777,1.0467625897602545e-15
424.0341885398889,76.22934125226128,0.07820590672975918,75.9963444719197,5.955509605316961,1.303423929077065e-15
424.5341885398889,75.73139268780803,0.07881412713447723,75.49630533334151,5.962526264080729,1.0567622538566639e-15
425.0341885398889,75.23347108348618,0.07943040869179613,74.99626471271266,5.969543568019298,1.3370373731421943e-15
425.5341885398889,74.73557697223929,0.08005491231067272,74.49622257295202,5.976561531072614,1.2339246138316048e-15
426.0341885398889,74.23771090111858,0.08068780319895019,73.99617887578505,5.983580167498607,1.2399106182854421e-15
426.5341885398889,73.7398734317517,0.08132925100746574,73.49613358169685,5.990599491881673,1.439561364322164e-15
427.0341885398889,73.24206514083043,0.08197942997997691,72.99608664988324,5.997619519141399,1.3127026801501482e-15
427.5341885398889,72.74428662061781,0.08263851910918188,72.49603803819932,6.004640264541522,1.2405870387611991e-15
428.0341885398889,72.24653847947604,0.0833067022991237,71.99598770310577,6.0116617436991575,1.0795290842367141e-15
428.5341885398889,71.7488213424159,0.08398416853428436,71.4959355996126,6.01868397259427,1.2226164188112752e-15
429.0341885398889,71.25113585166866,0.08467111205569136,70.99588168122013,6.025706967579412,1.1204742677313124e-15
429.5341885398889,70.75348266728189,0.08536773254437731,70.49582589985728,6.0327307453897205,1.3676613868280684e-15
430.0341885398889,70.25586246773983,0.08607423531255219,69.99576820581667,6.039755323153205,1.2543855545102334e-15
430.5341885398889,69.75827595061007,0.08679083150286787,69.49570854768683,6.04678071840129,1.2258667825933815e-15
431.0341885398889,69.26072383321736,0.087517738296176,68.99564687228084,6.053806949079653,8.655711696828722e-16
431.5341885398889,68.7632068533462,0.08825517912820323,68.49558312456159,6.06083403355935,9.74454159620182e-16
432.0341885398889,68.26572576997359,0.08900338391559198,67.99551724756333,6.067861990648221,1.0329340408876195e-15
432.5341885398889,67.76828136403319,0.0897625892917808,67.49544918230917,6.074890839602597,9.665185600166318e-16
433.0341885398889,67.27087443921297,0.09053303885322575,66.9953788677246,6.081920600139304,1.0937572706740473e-15
433.5341885398889,66.77350582278766,0.09131498341649395,66.49530624054643,6.088951292447962,1.1608937398693732e-15
434.0341885398889,66.27617636648779,0.09210868128679117,65.99523123522728,6.095982937203583,1.1556532122047118e-15
434.5341885398889,65.77888694740753,0.09291439853851907,65.49515378383484,6.103015555579475,1.2276835300327725e-15
435.0341885398889,65.28163846895305,0.09373240930849325,64.99507381594631,6.110049169260448,1.3917847500426476e-15
435.5341885398889,64.7844318618336,0.09456299610249089,64.49499125853693,6.117083800456316,1.2949053972447822e-15
436.0341885398889,64.28726808509761,0.09540645011583776,63.99490603586283,6.124119471915687,1.2791318281801859e-15
436.5341885398889,63.7901481272162,0.09626307156878745,63.49481806933763,6.131156206940067,1.2566730116790735e-15
437.0341885398889,63.29307300721662,0.09713317005749195,62.99472727740246,6.1381940293982336,1.1151170372090582e-15
437.5341885398889,62.79604377586828,0.09801706492141236,62.49463357538883,6.145232963740891,1.1285921803555462e-15
438.0341885398889,62.299061516924304,0.09891508562807157,61.99453687537426,6.1522730350156,1.3295742913400964e-15
438.5341885398889,61.802127348421635,0.09982757217610706,61.49443708602976,6.159314268881964,1.2153349845264127e-15
439.0341885398889,61.305242424042845,0.10075487551764337,60.99433411245908,6.166356691627044,1.2967312156046394e-15
439.5341885398889,60.808407934543226,0.10169735800106819,60.49422785602888,6.173400330181012,9.99774671798361e-16
440.0341885398889,60.31162510924669,0.10265539383536651,59.99411821418945,6.180445212133003,1.1500034235845172e-15
440.5341885398889,59.81489521761448,0.10362936957724138,59.49400508028522,6.1874913657471335,1.0534147711647299e-15
441.0341885398889,59.31821957089071,0.10461968464233092,58.993888343354506,6.194538819978668,1.3141103098590602e-15
441.5341885398889,58.82159952382934,0.10562675184191692,58.493767887917706,6.201587604490301,1.3054951383249423e-15
442.0341885398889,58.325036476507066,0.10665099794661338,57.99364359375319,6.208637749668504,9.674957008644088e-16
442.5341885398889,57.82853187622735,0.10769286427862282,57.493515335660184,6.215689286639883,1.0362732725148306e-15
443.0341885398889,57.332087219520844,0.10875280733425531,56.99338298320752,6.222742247287511,1.1105916268495892e-15
443.5341885398889,56.83570405424792,0.10983129943852087,56.49324640046755,6.2297966642671625,1.389442095348659e-15
444.0341885398889,56.339383981809505,0.11092882943372939,55.99310544573405,6.236852571023373,1.0649158459760467e-15
444.5341885398889,55.84312865947264,0.11204590340416674,55.492959971223115,6.243910001805243,1.2195933236784804e-15
445.0341885398889,55.346939802817815,0.11318304543905938,54.992809822755646,6.25096899168189,1.3102642171982504e-15
445.5341885398889,54.850819188315555,0.11434079843619571,54.492654839420496,6.258029576557459,1.4085761347120046e-15
446.0341885398889,54.3547686560402,0.11551972494874026,53.99249485321649,6.26509179318554,1.325843724024031e-15
446.5341885398889,53.8587901125295,0.11672040807795794,53.49232968867218,6.272155679182868,1.4271967503830495e-15
447.0341885398889,53.36288553379913,0.11794345241476202,52.99215916244141,6.2792212730421495,1.2079048771097433e-15
447.5341885398889,52.86705696852208,0.11918948503321082,52.49198308287318,6.28628861414384,1.1244649687526352e-15
448.0341885398889,52.37130654138335,0.12045915653930807,51.991801249553774,6.293357742766649,1.0852430640848568e-15
448.5341885398889,51.87563645662135,0.12175314217870963,51.49161345281911,6.3004287000965755,1.033627895999288e-15
449.0341885398889,51.38004900176819,0.12307214300720865,50.99141947323514,6.307501528234172,1.1909750533041693e-15
449.5341885398889,50.88454655160189,0.12441688712816287,50.49121908104389,6.3145762701997965,9.6559368799289e-16
450.0341885398889,50.38913157232463,0.12578813100134403,49.99101203557232,6.321652969936468,1.2187048807779941e-15
450.5341885398889,49.893806625982144,0.12718666082803318,49.49079808460154,6.328731672309991,1.3194380331034147e-15
451.0341885398889,49.398574375140626,0.12861329401755894,48.990576963692895,6.335812423105902,1.1232686345216776e-15
451.5341885398889,48.90343758783864,0.13006888074088144,48.490348395467706,6.342895269022771,1.4394959049148278e-15
452.0341885398889,48.40839914283303,0.13155430557726652,47.9901120888371,6.349980257661309,1.3819553528197901e-15
452.5341885398889,47.91346203515929,0.13307048926057558,47.489867738177765,6.357067437508691,1.2399632907977318e-15
453.0341885398889,47.41862938202844,0.1346183905322201,46.989615022449314,6.364156857917379,1.418866200760759e-15
453.5341885398889,46.923904429084246,0.13619900810840177,46.48935360424856,6.371248569077679,1.4665465849464097e-15
454.0341885398889,46.429290557046635,0.1378133827698822,45.98908312879539,6.3783426219831645,1.4289078994041757e-15
454.5341885398889,45.934791288769176,0.13946259958320756,45.48880322284474,6.385439068387948,1.465812660577328e-15
455.0341885398889,45.440410296740886,0.14114779026305777,44.98851349351816,6.392537960754691,1.3992261872907406e-15
455.5341885398889,44.94615141106505,0.14287013568620427,44.48821352704848,6.399639352192086,1.4187675401731552e-15
456.0341885398889,44.45201862795068,0.14463086856845203,43.987902887429854,6.406743296380341,1.3717941915995977e-15
456.5341885398889,43.958016118755076,0.1464312763169184,43.48758111496513,6.413849847483086,1.6966092128559484e-15
457.0341885398889,43.46414823961947,0.14827270407107296,42.98724772470154,6.420959060043796,1.7151431092960917e-15
457.5341885398889,42.97041954174318,0.1501565579471384,42.4869022047447,6.428070988864692,1.566904521838272e-15
458.0341885398889,42.47683478234595,0.1520843085017448,41.9865440144403,6.435185688865709,1.633586366270003e-15
458.5341885398889,41.98339893637224,0.15405749443215053,41.48617258241114,6.44230321492085,1.7946538626408438e-15
459.0341885398889,41.490117208996516,0.15607772653190552,40.98578730443675,6.449423621668866,2.077632601034773e-15
459.5341885398889,40.996995048993426,0.158146691922557,40.48538754116058,6.4565469632947945,2.287516525461714e-15
460.0341885398889,40.50403816304304,0.1602661585838951,39.98497261560907,6.4636732932783705,2.3323644934781724e-15
460.5341885398889,40.01125253104762,0.16243798020733272,39.484541810504496,6.470802664104851,2.5739098668983856e-15
461.0341885398889,39.51864442254361,0.16466410139932972,38.98409436535218,6.477935126933086,2.7670014529527635e-15
461.5341885398889,39.02622041430049,0.16694656326433102,38.48362947327997,6.485070731215005,2.8908912100226298e-15
462.0341885398889,38.53398740920686,0.1692875093995232,37.9831462776061,6.492209524259849,3.013645464517885e-15
462.5341885398889,38.04195265655389,0.1716891923368537,37.48264386810834,6.4993515507354855,3.237798439705339e-15
463.0341885398889,37.55012377383708,0.1741539804712397,36.98212127696465,6.506496852098143,3.595555348249082e-15
463.5341885398889,37.05850877020915,0.17668436551776018,36.481577474332184,6.513645465940516,3.740268869771804e-15
464.0341885398889,36.567116071730325,0.17928297054492226,35.981011363527465,6.52079742524682,4.0212624169187556e-15
464.5341885398889,36.075954548576966,0.18195255863587387,35.48042177576664,6.527952757541681,4.2438890075836644e-15
465.0341885398889,35.585033544386064,0.18469604223476005,34.97980746441935,6.535111483917723,4.8286486838203125e-15
465.5341885398889,35.094362907931554,0.18751649324135758,34.47916709872514,6.5422736179245415,5.2002612552983854e-15
466.0341885398889,34.60395302734878,0.19041715392374953,33.97849925691402,6.549439164299036,5.824764099255269e-15
466.5341885398889,34.113814867146644,0.19340144872620713,33.47780241866697,6.556608117514085,6.534499225199896e-15
467.0341885398889,33.62396000827246,0.19647299705773008,32.97707495684338,6.563780460118909,7.201320819129226e-15
467.5341885398889,33.134400691523474,0.19963562715597458,32.476315128393885,6.570956160840368,8.025727035662515e-15
468.0341885398889,32.64514986463123,0.2028933911317,31.975521064366426,6.5781351724095325,8.690074061480116e-15
468.5341885398889,32.15622123338133,0.20625058131054197,31.47469075890218,6.585317429072184,1.0016911963963465e-14
469.0341885398889,31.66762931717191,0.20971174800204065,30.973822057104105,6.592502843735245,1.104720396480515e-14
469.5341885398889,31.179389509460123,0.2132817188406152,30.472912641645994,6.599691304693253,1.2392429355089402e-14
470.0341885398889,30.691518143597815,0.21696561985980412,29.97196001797247,6.606882671869803,1.3778989832114555e-14
470.5341885398889,30.204032564616067,0.22076889847984066,29.47096149792013,6.61407677249797,1.5679013007678564e-14
471.0341885398889,29.716951207584472,0.2246973486098017,28.969914181567415,6.621273396150874,1.7781362036897074e-14
471.5341885398889,29.23029368324595,0.2287571380894938,28.468814937094308,6.628472289018344,1.9988388120156095e-14
472.0341885398889,28.744080871712875,0.23295483872331266,27.96766037840261,6.635673147307575,2.269889187919147e-14
472.5341885398889,28.25833502510667,0.23729745918897885,27.46644684021269,6.642875609624247,2.5688419626506893e-14
473.0341885398889,27.773079880132677,0.24179248113882992,26.96517035031219,6.650079248165012,2.88843879535809e-14
473.5341885398889,27.288340781706886,0.24644789885082785,26.463826598585516,6.657283558521817,3.263211013186151e-14
474.0341885398889,26.804144818893338,0.2512722628313049,25.962410902399025,6.664487947862068,3.693970426966016e-14
474.5341885398889,26.320520974573363,0.25627472782250227,25.46091816785407,6.671691721204959,4.20292646100777e-14
475.0341885398889,25.837500290453367,0.2614651057260588,24.959342846347468,6.678894065461825,4.8001164340723113e-14
475.5341885398889,25.355116049230254,0.26685392401981256,24.457678885794326,6.686094030845213,5.469302518246256e-14
476.0341885398889,24.87340397597695,0.27245249032078006,23.95591967576977,6.69329050917504,6.306187184168386e-14
476.5341885398889,24.392402461089713,0.27827296383333106,23.454057985711316,6.700482208518037,7.214000410373794e-14
477.0341885398889,23.912152807459865,0.28432843451993906,22.952085895189704,6.707667623484672,8.299715250085308e-14
477.5341885398889,23.432699504901514,0.2906330109442289,22.449994715099464,6.7148450003717715,9.589913753233702e-14
478.0341885398889,22.954090535291957,0.29720191786436867,21.947774898437363,6.7220122961731255,1.1043775823085524e-13
478.5341885398889,22.4763777123714,0.30405160480143023,21.445415939122647,6.729167130277724,1.2767707406030828e-13
479.0341885398889,21.999617060713977,0.31119986697470176,20.942906257061853,6.736306727426897,1.4800702247742628e-13
479.5341885398889,21.523869239035076,0.3186659801868868,20.440233067366776,6.7434278501965235,1.7180987650968533e-13
480.0341885398889,21.04920001375454,0.3264708514597355,19.937382231289362,6.750526718894708,2.000957546696401e-13
480.5341885398889,20.57568078960793,0.33463718746821525,19.43433808603332,6.757598916301229,2.333658934742565e-13
481.0341885398889,20.103389205107206,0.34318968310227543,18.93108325012911,6.764639274100433,2.730274578302014e-13
481.5341885398889,19.632409801819456,0.3521552328030265,18.427598400505705,6.7716417371458935,3.2012970995760506e-13
482.0341885398889,19.16283477778188,0.3615631676779404,17.92386201674688,6.77859920080729,3.763862518210157e-13
482.5341885398889,18.694764836930517,0.3714455218000775,17.419850087268266,6.785503315542143,4.433144096239717e-13
483.0341885398889,18.228310148219244,0.38183733154077554,16.91553577128061,6.792344251449479,5.236488805298039e-13
483.5341885398889,17.763591430177406,0.3927769722730698,16.410889009401117,6.799110413825459,6.201498854246337e-13
484.0341885398889,17.300741179033423,0.4043065373104139,15.905876074627777,6.805788098558938,7.363272323572574e-13
484.5341885398889,16.839905061252896,0.41647226450288305,15.4004590540945,6.812361073458282,8.766277728682724e-13
485.0341885398889,16.381243494435758,0.42932501648389604,14.894595250581705,6.8188100681381885,1.0466054379011241e-12
485.5341885398889,15.924933444013496,0.4429208211156303,14.38823649118593,6.825112150724346,1.2528720529913952e-12
486.0341885398889,15.471170467098002,0.4573214791742652,13.881328328900016,6.831239964112174,1.5044276488761272e-12
486.5341885398889,15.020171039147085,0.4725952466749966,13.37380912121029,6.837160787539322,1.8126945889731455e-12
487.0341885398889,14.57217520377986,0.4888175993526664,12.86560896833495,6.842835380422059,2.1908640368204523e-12
487.5341885398889,14.12744959098814,0.5060720865256093,12.356648492666686,6.848216554300041,2.6571102895005157e-12
488.0341885398889,13.686290853944593,0.5244512806425364,11.846837440756595,6.853247404774991,3.2350165496107963e-12
488.5341885398889,13.249029579261673,0.5440578269059537,11.336073090432604,6.857859117867653,3.955188185343242e-12
489.0341885398889,12.816034729358472,0.565005593998828,10.82423844937301,6.861968243531696,4.8580167783602416e-12
489.5341885398889,12.387718677700335,0.5874209214380183,10.311200239141634,6.865473302414862,5.99892664560334e-12
490.0341885398889,11.964542896824273,0.6114439505043773,9.796806672530812,6.868250559713438,7.452215458686023e-12
490.5341885398889,11.547024353407787,0.6372300127876385,9.28088505523632,6.870148761830681,9.323837907965042e-12
491.0341885398889,11.135742651553468,0.6649510314518762,8.76323927992613,6.870982587984547,1.1762008801748613e-11
491.5341885398889,10.731347941300244,0.6947968632083126,8.24364733791855,6.8705245218452875,1.4981370148915215e-11
492.0341885398889,10.33456956921384,0.7269764710047378,7.721859059316841,6.868494802281442,1.9293971823475622e-11
492.5341885398889,9.946225385349646,0.7617187655203451,7.1975944171925565,6.864549076361261,2.5160182765071202e-11
493.0341885398889,9.567231527974382,0.7992728845202561,6.670542907784797,6.858263368030494,3.325596910737978e-11
493.5341885398889,9.198612374991335,0.8399075904673441,6.140364759457983,6.84911601932324,4.456994639133597e-11
494.0341885398889,8.841510169596067,0.8839093581186913,5.606695037386686,6.836466399889212,6.051725915593298e-11
494.5341885398889,8.497193589757556,0.9315785993921898,5.069152095937085,6.81953047724501,8.305194326364977e-11
495.0341885398889,8.167064234969605,0.9832233453819691,4.5273522579467285,6.797353878575421,1.1470179386992879e-10
495.5341885398889,7.852659659743036,1.0391496018406352,3.9809329930992496,6.768783955498171,1.5837758597945324e-10
496.0341885398889,7.555651222700874,1.0996475618124812,3.4295870726598108,6.732443680428818,2.1666576829170886e-10
496.5341885398889,7.277834704876847,1.1649729695033382,2.873109934919253,6.686711994200001,2.901802358175226e-10
497.0341885398889,7.021111481485515,1.2353232782594783,2.3114614299619216,6.629717376573915,3.745059495825407e-10
497.5341885398889,6.787458146093867,1.3108089347376681,1.7448407863274886,6.559353528766692,4.556163497064527e-10
498.02235076017354,6.583516106767602,1.3894543175479883,1.1873354125298017,6.475563214595402,4.963418997920686e-10
498.48571484834446,6.413728462461925,1.4684935548101457,0.6549982841440416,6.380195141056625,4.766883137840989e-10
498.927571934225,6.274819705455272,1.5476043544326865,0.14551239996771675,6.273132270040655,4.0440906614130454e-10
499.3506865522976,6.1639838306844466,1.6264544937035965,-0.34289893634144203,6.154438803367469,2.9176547924818215e-10
499.75654885134225,6.0789430319346796,1.7045459607591322,-0.8106344498660831,6.024651041695071,1.554473399709768e-10
500.1451826654911,6.017690280145236,1.7811534604887616,-1.256548938818995,5.885038748564644,1.552610777593958e-11
500.514895460024,5.978184674302197,1.8552667381311214,-1.6777726623581781,5.737923918413803,-1.0789221278547694e-10
500.86186526986,5.958012771068646,1.9255194209355624,-2.06940081851368,5.5870829985379675,-1.9975521814325484e-10
501.1336260072479,5.953734068463481,1.9807621464914098,-2.373027300153387,5.4603746016834265,-2.2134066627605102e-10
501.4052364246038,5.95959122098445,2.0359595507961403,-2.6732860186121075,5.326374882030738,-2.423971883087096e-10
501.68379519921916,5.976096409896678,2.0923562270247222,-2.9774899013946636,5.181532802894599,-2.654584321237748e-10
501.9969594534364,6.007259592397064,2.155256599071258,-3.3145014215782105,5.010114583200924,-3.0697445008889374e-10
502.33591462937187,6.055844444783681,2.2224370979335415,-3.6728198879265106,4.814939876080371,-3.628252796946104e-10
502.69549705076577,6.12394979792971,2.292339570454815,-4.045138942873141,4.5977833855472685,-4.2510549472549974e-10
503.0726669125867,6.213233481280694,2.363790300417361,-4.426664046289582,4.359921526150966,-4.860223940082024e-10
503.46594807629936,6.325135229274688,2.435904836539682,-4.81447562337168,4.102214053480343,-5.409354779004445e-10
503.8751657301515,6.461101206600619,2.5080392806970044,-5.207188578779313,3.82505109860852,-5.894056614981378e-10
504.30126762732584,6.622787982708082,2.579745615820868,-5.604683643610842,3.5282916431247124,-6.345740739922515e-10
504.7461907793809,6.8122373707496875,2.6507265493841183,-6.007881875500748,3.2112199185773975,-6.818660400711517e-10
505.2127855179766,7.032032220497137,2.7207948092931513,-6.41858107859354,2.8725065861771104,-7.377802787142652e-10
505.70481229052564,7.285453815290126,2.7898405516976292,-6.8393689707246965,2.510153257674449,-8.09037714412687e-10
506.20481229052564,7.563841994134075,2.8550255961017514,-7.255387645069862,2.138002767068775,-8.778272953457693e-10
506.70481229052564,7.861369445496544,2.9153897860535394,-7.661101330274751,1.7631381017518408,-9.343404816910109e-10
507.20481229052564,8.176243716861848,2.9711901501954445,-8.05782383179597,1.3865195322330497,-9.785289993132408e-10
507.70481229052564,8.506797164871516,3.022717564505046,-8.446761917529752,1.0088662512123028,-1.0115638585695677e-09
508.20481229052564,8.851496101056448,3.070278261357537,-8.828997423558901,0.630704147606303,-1.0352919750280007e-09
508.70481229052564,9.208942768292967,3.1141801707189467,-9.205482981559545,0.2524083713210271,-1.0517277467670214e-09
509.20481229052564,9.577872186861168,3.1547233816149047,-9.577046509430671,-0.12576082080892503,-1.0627220070491331e-09
509.70481229052564,9.957145591235754,3.1921939069136087,-9.944400740887495,-0.503629059628075,-1.0698134998255498e-09
510.20481229052564,10.345741817916561,3.2268599699851217,-10.308155162254875,-0.881085077541127,-1.0741975697205008e-09
510.70481229052564,10.742747661682282,3.258970136578209,-10.668828627624297,-1.2580632086522514,-1.0767584475835836e-09
511.20481229052564,11.147347923088388,3.2887527428679997,-11.026861601904344,-1.6345301865767332,-1.0781262805793536e-09
511.70481229052564,11.55881563376881,3.316416194746019,-11.382627456246068,-2.0104753288144233,-1.0787379734593274e-09
512.2048122905256,11.976502766196322,3.342149821554156,-11.736442553447555,-2.3859033296287544,-1.0788876878670871e-09
512.7048122905256,12.399831603372174,3.366125055542605,-12.088575055400474,-2.7608290280161842,-1.078769232397044e-09
513.2048122905256,12.828286851994388,3.3884967768392498,-12.439252497130747,-3.135273651482205,-1.0785073478479521e-09
513.7048122905256,13.261408520834456,3.409404715197221,-12.788668230603623,-3.5092621509386137,-1.0781804096746703e-09
514.2048122905256,13.698785546430063,3.4289748374149296,-13.136986866321461,-3.8828213352121463,-1.0778355500075791e-09
514.7048122905256,14.140050124416247,3.4473206761744617,-13.484348845537983,-4.2559785869811835,-1.0775000037866631e-09
515.2048122905256,14.584872691988489,3.4645445747778063,-13.83087426959741,-4.628760998377409,-1.0771882312930056e-09
515.7048122905256,15.032957501504459,3.480738835027699,-14.17666610111088,-5.0011948072088535,-1.0769071605086107e-09
516.2048122905256,15.484038724485778,3.495986763970411,-14.521812837802186,-5.373305046730443,-1.0766588837920876e-09
516.7048122905256,15.937877027452254,3.5103636206487256,-14.866390745835828,-5.745115345605968,-1.0764417959149497e-09
517.2048122905256,16.394256564858374,3.523937467330317,-15.210465726315078,-6.1166478321868585,-1.0762544416706468e-09
517.7048122905256,16.85298233907006,3.5367699315493604,-15.554094876882166,-6.487923110052654,-1.0760935612668216e-09
518.2048122905256,17.313877882277104,3.548916886204678,-15.897327800117997,-6.858960281121315,-1.07595635923541e-09
518.7048122905256,17.776783220144935,3.56042905523165,-16.240207701695507,-7.229776999452782,-1.0758390254531547e-09
519.2048122905256,18.241553081668574,3.571352552240355,-16.582772313868563,-7.6003895438146145,-1.0757396294114728e-09
519.7048122905256,18.708055323994184,3.5817293591484973,-16.925054673718492,-7.970812900656179,-1.0756551592757007e-09
520.2048122905256,19.176169544872263,3.5915977513420967,-17.267083780466074,-8.341060851717366,-1.0755836217734288e-09
520.7048122905256,19.645785858891475,3.600992675340783,-17.608885151928575,-8.711146062350785,-1.075522761947705e-09
521.2048122905256,20.116803816727028,3.609946084373736,-17.95048129671596,-9.081080167960943,-1.0754711856035873e-09
521.7048122905256,20.58913144934841,3.61848723671536,-18.291892115891375,-9.45087385690544,-1.0754271813858656e-09
522.2048122905256,21.062684421501213,3.6266429611035216,-18.63313524546221,-9.820536948867097,-1.0753901944735147e-09
522.7048122905256,21.537385280841217,3.634437893076526,-18.974226349128017,-10.190078468169517,-1.075358441502631e-09
523.2048122905256,22.013162790890824,3.6418946856218586,-19.31517936911617,-10.559506711827474,-1.0753312109819654e-09
523.7048122905256,22.489951337540717,3.649034197130529,-19.656006741622466,-10.92882931233907,-1.0753083506931014e-09
524.2048122905256,22.96769040016375,3.655875659294276,-19.996719582291597,-11.298053295367742,-1.0752884299960466e-09
524.7048122905256,23.44632407957046,3.6624368272661916,-20.33732784627876,-11.66718513255104,-1.0752715867498297e-09
525.2048122905256,23.925800676040655,3.668734114125398,-20.67784046669543,-12.036230789724849,-1.07525758544908e-09
525.7048122905256,24.40607231153451,3.674782711439728,-21.018265474630734,-12.4051957708775,-1.075245117055833e-09
526.2048122905256,24.88709459093804,3.6805966975035607,-21.358610103432696,-12.774085158156737,-1.0752344903764379e-09
526.7048122905256,25.368826297848248,3.6861891346377287,-21.69888087951188,-13.142903648248758,-1.0752253044970943e-09
527.2048122905256,25.85122912096616,3.691572156771672,-22.03908370157901,-13.511655585437458,-1.075217392735546e-09
527.7048122905256,26.334267407654092,3.6967570483819987,-22.379223909934836,-13.880344991635964,-1.0752106007198877e-09
528.2048122905256,26.81790794163672,3.7017543157337673,-22.719306347185665,-14.248975593663951,-1.075204657318676e-09
528.7048122905256,27.302119742193135,3.706573751258888,-23.059335411552368,-14.617550848024411,-1.0751996303497266e-09
529.2048122905256,27.78687388250666,3.711224491808052,-23.399315103768178,-14.986073963413409,-1.0751951060610227e-09
529.7048122905256,28.272143325117366,3.715715071426764,-23.739249068415482,-15.35454792117674,-1.0751908830127552e-09
530.2048122905256,28.757902772664625,3.720053469230835,-24.079140630429155,-15.722975493908512,-1.0751876937314125e-09
530.7048122905256,29.24412853231867,3.7242471528907375,-24.41899282739052,-16.091359262368893,-1.0751846795494593e-09
531.2048122905256,29.730798392484836,3.728303118176326,-24.758808438148357,-16.45970163088179,-1.0751821223741696e-09
531.7048122905256,30.217891510526073,3.7322279249625967,-25.098590008228804,-16.828004841357785,-1.0751800162785989e-09
532.2048122905256,30.70538831039085,3.7360277300524443,-25.438339872432845,-17.196270986073706,-1.07517813422465e-09
532.7048122905256,31.193270389158005,3.7397083171330503,-25.77806017496591,-17.564502019327453,-1.0751763752973237e-09
533.2048122905256,31.68152043161929,3.743275124147875,-26.117752887398233,-17.93269976807485,-1.0751749160897054e-09
533.7048122905256,32.17012213211637,3.746733268335678,-26.457419824714947,-18.300865941645057,-1.0751738587135827e-09
534.2048122905256,32.659060122933795,3.7500875691610003,-26.797062659681288,-18.669002140621206,-1.0751723722942782e-09
534.7048122905256,33.14831990862404,3.753342569336718,-27.13668293571907,-19.03710986496465,-1.0751712802958052e-09
535.2048122905256,33.63788780570669,3.7565025541181627,-27.476282078465776,-19.40519052145305,-1.075170372631978e-09
535.7048122905256,34.1277508872422,3.759571569029632,-27.815861406165766,-19.773245430496196,-1.0751697662246589e-09
536.2048122905256,34.61789693183226,3.7625534361675386,-28.155422139024807,-20.141275832386416,-1.0751690070111947e-09
536.7048122905256,35.10831437664473,3.765451769209724,-28.49496540764284,-20.509282893035458,-1.0751680808119157e-09
537.2048122905256,35.598992274101604,3.768269987247404,-28.834492260625858,-20.87726770924426,-1.075167979559636e-09
537.7048122905256,36.08992025190494,3.7710113275445534,-29.174003671465954,-21.245231313547745,-1.0751672811557326e-09
538.2048122905256,36.58108847610754,3.77367885731919,-29.513500544767602,-21.6131746786725,-1.0751668727890504e-09
538.7048122905256,37.07248761696407,3.776275484631755,-29.85298372188946,-21.981098721641672,-1.0751663921019426e-09
539.2048122905256,37.56410881732404,3.7788039684575327,-30.192453986062738,-22.349004307558005,-1.0751662291993629e-09
539.7048122905256,38.05594366335063,3.7812669280126805,-30.531912067040107,-22.716892253093242,-1.0751656239470609e-09
540.2048122905256,38.547984157370124,3.783666851396818,-30.871358645323312,-23.084763329709048,-1.0751655467368982e-09
540.7048122905256,39.0402226926749,3.7860061036092167,-31.21079435601183,-23.45261826663259,-1.0751651186563172e-09
541.2048122905256,39.532652030119465,3.788286933990317,-31.550219792310557,-23.820457753607588,-1.0751650954991238e-09
541.7048122905256,40.02526527636363,3.790511483135539,-31.889635508730127,-24.188282443439824,-1.0751647502601058e-09
542.2048122905256,40.51805586363045,3.7926817893240607,-32.22904202400994,-24.556092954354103,-1.075164908506447e-09
542.7048122905256,41.011017530858176,3.794799794501387,-32.56843982379068,-24.923889872178496,-1.0751644850990003e-09
543.2048122905256,41.504144306136546,3.796867349851063,-32.907829363060294,-25.291673752369835,-1.0751644998287743e-09
543.7048122905256,41.997430490327154,3.798886220987747,-33.247211068394776,-25.65944512189359,-1.075164257335085e-09
544.2048122905256,42.49087064177656,3.800858092801042,-33.58658534001308,-26.02720448096967,-1.075164244907257e-09
544.7048122905256,42.98445956203869,3.8027845739769184,-33.925952553663315,-26.394952304695014,-1.075164051775191e-09
545.2048122905256,43.47819228253014,3.80466720122127,-34.26531306235568,-26.762689044552683,-1.0751638952322613e-09
545.7048122905256,43.97206405204862,3.8065074432080355,-34.60466719795605,-27.13041512981641,-1.075163635809764e-09
546.2048122905256,44.46607032509049,3.8083067042724372,-34.94401527265275,-27.498130968858675,-1.0751636286454434e-09
546.7048122905256,44.96020675090872,3.8100663278681686,-35.283357580307765,-27.865836950369825,-1.0751635013193577e-09
547.2048122905256,45.454469163257556,3.811787599805798,-35.62269439770256,-28.23353344449509,-1.075163610809036e-09
547.7048122905256,45.948853570774396,3.8134717512882443,-35.96202598568773,-28.601220803895547,-1.075163380630131e-09
548.2048122905256,46.44335614795342,3.8151199617578877,-36.30135259024471,-28.968899364739013,-1.0751633844890697e-09
548.7048122905256,46.937973226669264,3.8167333615687125,-36.64067444346711,-29.336569447625887,-1.0751633405948639e-09
549.2048122905256,47.43270128821219,3.818313034495798,-36.97999176446849,-29.704231358454802,-1.0751633967696511e-09
549.7048122905256,47.92753695579943,3.819860020093516,-37.319304760222664,-30.07188538923262,-1.0751631479132758e-09
550.2048122905256,48.422476987529826,3.821375315912883,-37.6586136263423,-30.439531818832585,-1.0751629202740952e-09
550.7048122905256,48.91751826975181,3.82285987958773,-37.99791854780061,-30.807170913704695,-1.0751632010691343e-09
551.2048122905256,49.41265781081677,3.8243146307985763,-38.337219699601114,-31.174802928541308,-1.0751631862544683e-09
551.7048122905256,49.907892735192036,3.8257404531224517,-38.67651724739935,-31.54242810690157,-1.0751629261897789e-09
552.2048122905256,50.40322027790981,3.827138195776257,-39.01581134808066,-31.910046681797233,-1.0751628723907404e-09
552.7048122905256,50.89863777932984,3.828508675260703,-39.35510215029725,-32.27765887624274,-1.0751629489984495e-09
553.2048122905256,51.39414268019561,3.829852676911337,-39.694389794968,-32.645264903771945,-1.075163108134378e-09
553.7048122905256,51.88973251696498,3.8311709563626906,-40.03367441574364,-33.01286496892395,-1.0751630386996447e-09
554.2048122905256,52.385404917397906,3.832464240931135,-40.37295613944035,-33.380459267699756,-1.0751630056829673e-09
554.7048122905256,52.881157596384774,3.833733230921635,-40.71223508644371,-33.7480479879922,-1.0751629681012185e-09
555.2048122905256,53.37698835200044,3.834978600863213,-41.05151137108572,-34.1156313099906,-1.075162958477071e-09
555.7048122905256,53.87289506176975,3.83620100067759,-41.39078510199652,-34.4832094065619,-1.0751630004103545e-09
556.2048122905256,54.368875679131655,3.837401056785168,-41.730056382433055,-34.85078244360996,-1.0751630440458512e-09
556.7048122905256,54.864928230089575,3.838579373152206,-42.069325310586095,-35.21835058041419,-1.0751626099010552e-09
557.2048122905256,55.36105081003694,3.8397365322827968,-42.40859197986735,-35.585913969949154,-1.0751627000494984e-09
557.7048122905256,55.85724158074715,3.8408730961589814,-42.74785647917813,-35.9534727591861,-1.0751627109422457e-09
558.2048122905256,56.35349876751825,3.8419896071321307,-43.08711889316074,-36.32102708937775,-1.0751626258184293e-09
558.7048122905256,56.84982065646321,3.8430865887684926,-43.42637930243411,-36.688577096327315,-1.075162680219337e-09
559.2048122905256,57.346205591937064,3.8441645466516245,-43.76563778381444,-37.05612291064281,-1.075162566620848e-09
559.7048122905256,57.8426519740932,3.8452239691442367,-44.10489441052222,-37.42366465797749,-1.0751627159985692e-09
560.2048122905256,58.33915825656112,3.8462653281118113,-44.444149252376405,-37.79120245925728,-1.0751626240556247e-09
560.7048122905256,58.835722944238775,3.847289079610208,-44.78340237597665,-38.158736430896056,-1.075162495560066e-09
561.2048122905256,59.332344591193035,3.848295664539319,-45.122653844874485,-38.52626668499956,-1.075162695733102e-09
561.7048122905256,59.829021798662076,3.8492855092647007,-45.461903719734146,-38.89379332955844,-1.0751628006393063e-09
562.2048122905256,60.32575321315403,3.8502590262089975,-45.801152058483716,-39.261316468631264,-1.0751627192080088e-09
562.7048122905256,60.82253752463657,3.8512166144148385,-46.14039891645743,-39.62883620251796,-1.0751628836004608e-09
563.2048122905256,61.319373464812365,3.8521586600808035,-46.47964434652933,-39.99635262792445,-1.0751628349534522e-09
563.7048122905256,61.81625980547573,3.853085537071934,-46.81888839923933,-40.36386583811872,-1.0751629372389686e-09
564.2048122905256,62.31319535694609,3.8539976074061904,-47.1581311229118,-40.731375923079064,-1.0751625825023307e-09
564.7048122905256,62.81017896657404,3.854895221718153,-47.49737256376737,-41.09888296963481,-1.0751628701044514e-09
565.2048122905256,63.30720951731624,3.855778719701206,-47.83661276602835,-41.46638706160002,-1.0751630550181987e-09
565.7048122905256,63.8042859263753,3.856648430529343,-48.17585177201803,-41.833888279900556,-1.0751627015526152e-09
566.2048122905256,64.30140714390147,3.8575046732596876,-48.515089622254514,-42.20138670269492,-1.0751627939527194e-09
566.7048122905256,64.79857215175268,3.858347757216738,-48.854326355539264,-42.5688824054891,-1.0751628294890925e-09
567.2048122905256,65.29577996231002,3.859177982359299,-49.19356200904065,-42.9363754612459,-1.0751627443411008e-09
567.7048122905256,65.7930296173458,3.859995639630998,-49.532796618372934,-43.303865940489004,-1.075162788910776e-09
568.2048122905256,66.29032018694136,3.860801011295232,-49.8720302176709,-43.67135391140199,-1.0751627323248939e-09
568.7048122905256,66.78765076845238,3.861594371255345,-50.21126283966043,-44.03883943992273,-1.0751630656869798e-09
569.2048122905256,67.28502048551894,3.8623759853607873,-50.550494515725276,-44.40632258983322,-1.0751630752695546e-09
569.7048122905256,67.78242848711838,3.8631461116999652,-50.889725275970164,-44.773803422845376,-1.0751628901214345e-09
570.2048122905256,68.27987394665868,3.8639050008804463,-51.22895514928067,-45.14128199868263,-1.0751632389251677e-09
570.7048122905256,68.77735606111034,3.8646528962971542,-51.56818416337973,-45.50875837515788,-1.0751628488354764e-09
571.2048122905256,69.27487405017497,3.8653900343891454,-51.90741234488139,-45.87623260824782,-1.0751625803239446e-09
571.7048122905256,69.77242715548876,3.8661166448855293,-52.246639719341545,-46.243704752163914,-1.075162696751485e-09
572.2048122905256,70.27001463985906,3.8668329510410624,-52.58586631130616,-46.61117485942015,-1.07516283411814e-09
572.7048122905256,70.76763578653258,3.8675391698619146,-52.92509214435704,-46.97864298089765,-1.0751628650754964e-09
573.2048122905256,71.26528989849368,3.8682355123220873,-53.264317241155034,-47.34610916590654,-1.0751627697443147e-09
573.7048122905256,71.76297629779124,3.8689221835709215,-53.603541623481355,-47.713573462244995,-1.0751628226026547e-09
574.2048122905256,72.26069432489291,3.8695993831321287,-53.942765312276485,-48.081035916255715,-1.0751626348833397e-09
574.7048122905256,72.75844333806525,3.8702673050947376,-54.28198832767736,-48.44849657287985,-1.07516260457414e-09
575.2048122905256,73.2562227127788,3.8709261382963396,-54.62121068905262,-48.81595547570867,-1.0751625800188595e-09
575.7048122905256,73.7540318411367,3.8715760664989918,-54.96043241503605,-49.183412667032975,-1.0751625506104194e-09
576.2048122905256,74.25187013132594,3.8722172685581167,-55.29965352355843,-49.55086818789037,-1.075162703778644e-09
576.7048122905256,74.74973700709015,3.8728499185847194,-55.63887403187784,-49.91832207811047,-1.0751625774228451e-09
577.2048122905256,75.24763190722284,3.8734741861012325,-55.978093956608426,-50.28577437635837,-1.0751625254662319e-09
577.7048122905256,75.74555428508043,3.8740902361912717,-56.31731331374782,-50.653225120176,-1.0751625878380208e-09
578.2048122905256,76.24350360811393,3.8746982296435823,-56.656532118703204,-51.02067434602206,-1.0751624294021762e-09
578.7048122905256,76.74147935741853,3.875298323090435,-56.995750386316175,-51.38812208931002,-1.0751625413280808e-09
579.2048122905256,77.23948102730037,3.875890669140719,-57.33496813088636,-51.75556838444478,-1.075162472806287e-09
579.7048122905256,77.73750812485966,3.876475416507964,-57.67418536619396,-52.12301326485758,-1.0751625234287882e-09
580.2048122905256,78.23556016958942,3.8770527101335226,-58.01340210552123,-52.4904567630398,-1.0751625152200495e-09
580.7048122905256,78.73363669298924,3.877622691305115,-58.35261836167295,-52.85789891057503,-1.0751626072390697e-09
581.2048122905256,79.23173723819333,3.878185497770945,-58.69183414699594,-53.225339738170135,-1.075162779466244e-09
581.7048122905256,79.72986135961234,3.8787412638495744,-59.03104947339764,-53.59277927568495,-1.0751625267571856e-09
582.2048122905256,80.22800862258823,3.879290120535741,-59.37026435236391,-53.96021755216078,-1.075162708904372e-09
582.7048122905256,80.72617860306178,3.8798321956022925,-59.70947879497596,-54.32765459584783,-1.075162635231679e-09
583.2048122905256,81.22437088725206,3.880367613698399,-60.04869281192654,-54.69509043423151,-1.07516295083621e-09
583.7048122905256,81.72258507134758,3.880896496444205,-60.38790641353537,-55.06252509405772,-1.0751626320949221e-09
584.2048122905256,82.22082076120829,3.881418962522069,-60.72711960976392,-55.42995860135714,-1.0751627016404717e-09
584.7048122905256,82.71907757207839,3.881935127764531,-61.066332410229435,-55.797390981468695,-1.0751627411308236e-09
585.2048122905256,83.21735512830915,3.8824451052391438,-61.4055448242185,-56.16482225906188,-1.0751627441394205e-09
585.7048122905256,83.71565306309155,3.8829490053303037,-61.744756860699866,-56.532252458158496,-1.0751628806007166e-09
586.2048122905256,84.21397101819821,3.883446935818194,-62.08396852833669,-56.89968160215335,-1.075162863870064e-09
586.7048122905256,84.71230864373437,3.883939001954965,-62.42317983549841,-57.26710971383433,-1.0751627777867679e-09
587.2048122905256,85.21066559789743,3.8844253065382626,-62.76239079027196,-57.63453681540163,-1.075162866678557e-09
587.7048122905256,85.70904154674473,3.8849059499822096,-63.101601400472525,-58.00196292848629,-1.0751628240064745e-09
588.2048122905256,86.20743616396932,3.885381030385943,-63.44081167365387,-58.369388074168015,-1.0751628396656148e-09
588.7048122905256,86.7058491306833,3.885850643599805,-63.780021617118194,-58.73681227299239,-1.0751630208721909e-09
589.2048122905256,87.20428013520856,3.886314883289282,-64.1192312379256,-59.10423554498743,-1.0751629555323059e-09
589.7048122905256,87.70272887287443,3.8867738409967783,-64.45844054290305,-59.47165790967958,-1.0751629570864236e-09
590.2048122905256,88.20119504582223,3.8872276062013063,-64.79764953865319,-59.83907938610899,-1.0751630608188642e-09
590.7048122905256,88.69967836281621,3.887676266376185,-65.1368582315625,-60.206499992844435,-1.0751629217200088e-09
591.2048122905256,89.19817853906082,3.8881199070448114,-65.47606662780932,-60.573919747997536,-1.075162769145495e-09
591.7048122905256,89.6966952960239,3.8885586118345867,-65.8152747333715,-60.941338669236565,-1.0751627603168742e-09
592.2048122905256,90.19522836126575,3.888992462529067,-66.15448255403366,-61.30875677379973,-1.0751626439404686e-09
592.7048122905256,90.69377746827368,3.889421539118404,-66.49369009539423,-61.67617407850797,-1.075162706696717e-09
593.2048122905256,91.19234235630196,3.8898459198481437,-66.83289736287215,-62.04359059977737,-1.075162626922645e-09
593.7048122905256,91.69092277021693,3.890265681266441,-67.17210436171334,-62.411006353631066,-1.0751624331795897e-09
594.2048122905256,92.189518460347,3.8906808982697543,-67.51131109699689,-62.7784213557108,-1.0751627515945373e-09
594.7048122905256,92.68812918233752,3.8910916441470733,-67.85051757364101,-63.14583562128797,-1.0751626404182533e-09
595.2048122905256,93.18675469701016,3.8914979906227365,-68.18972379640869,-63.51324916527447,-1.0751628434286982e-09
595.7048122905256,93.68539477022678,3.8919000078978887,-68.52892976991326,-63.880662002232974,-1.0751628885518997e-09
596.2048122905256,94.18404917275755,3.892297764690631,-68.86813549862353,-64.248074146387,-1.0751629924956154e-09
596.7048122905256,94.68271768015322,3.8926913282749087,-69.20734098686901,-64.61548561163059,-1.075162909502817e-09
597.2048122905256,95.18140007262122,3.8930807645181855,-69.54654623884453,-64.98289641153768,-1.075162806997357e-09
597.7048122905256,95.68009613490578,3.893466137917944,-69.88575125861513,-65.35030655937113,-1.0751628981629722e-09
598.2048122905256,96.17880565617162,3.893847511637059,-70.2249560501204,-65.71771606809148,-1.0751628443222636e-09
598.7048122905256,96.67752842989114,3.8942249475380835,-70.56416061717884,-66.08512495036531,-1.0751627927420465e-09
599.2048122905256,97.1762642537352,3.8945985062164814,-70.903364963492,-66.4525332185736,-1.075162800313248e-09
599.7048122905256,97.67501292946703,3.894968247032851,-71.24256909264844,-66.81994088481945,-1.0751630451083942e-09
600.2048122905256,98.1737742628395,3.8953342281441707,-71.58177300812757,-67.18734796093582,-1.0751629864157035e-09
600.7048122905256,98.67254806349534,3.895696506534101,-71.92097671330342,-67.5547544584929,-1.0751627482892655e-09
601.2048122905256,99.17133414487037,3.8960551380423794,-72.260180211448,-67.92216038880527,-1.0751627781421826e-09
601.7048122905256,99.67013232409965,3.8964101773933364,-72.5993835057349,-68.28956576293892,-1.075162638064362e-09
602.2048122905256,100.16894242192632,3.8967616782235632,-72.93858659924244,-68.6569705917178,-1.0751627670683728e-09
602.7048122905256,100.66776426261318,3.897109693108762,-73.27778949495689,-69.02437488573035,-1.0751628280346863e-09
603.2048122905256,101.16659767385684,3.8974542735898066,-73.61699219577551,-69.391778655336,-1.075162744446046e-09
603.7048122905256,101.66544248670436,3.897795470198038,-73.9561947045095,-69.7591819106709,-1.075162714136658e-09
604.2048122905256,102.1642985354723,3.8981333324798255,-74.29539702388679,-70.12658466165409,-1.0751626781428728e-09
604.7048122905256,102.66316565766809,3.898467909020412,-74.63459915655477,-70.49398691799318,-1.0751629381518968e-09
605.2048122905256,103.1620436939137,3.898799247467074,-74.97380110508286,-70.8613886891898,-1.0751629353580722e-09
605.7048122905256,103.66093248787146,3.8991273945516127,-75.31300287196515,-71.22878998454497,-1.0751628926607448e-09
606.2048122905256,104.15983188617199,3.899452396112207,-75.65220445962271,-71.59619081316444,-1.0751629998726468e-09
606.7048122905256,104.65874173834413,3.8997742971146385,-75.99140587040603,-71.96359118396354,-1.0751629577086485e-09
607.2048122905256,105.15766189674696,3.9000931416729188,-76.33060710659727,-72.3309911056722,-1.0751628407458734e-09
607.7048122905256,105.65659221650355,3.9004089730693354,-76.66980817041232,-72.69839058683965,-1.0751630735593599e-09
608.2048122905256,106.15553255543674,3.9007218337739333,-77.0090090640031,-73.065789635839,-1.0751629956028393e-09
608.7048122905256,106.65448277400651,3.9010317654634528,-77.3482097894594,-73.43318826087172,-1.075162778470375e-09
609.2048122905256,107.15344273524931,3.9013388090397414,-77.68741034881094,-73.800586469972,-1.0751630562901587e-09
609.7048122905256,107.65241230471885,3.901643004647655,-78.02661074402926,-74.16798427101091,-1.075162757650175e-09
610.2048122905256,108.1513913504286,3.901944391692466,-78.36581097702948,-74.53538167170035,-1.0751629882133326e-09
610.7048122905256,108.65037974279589,3.9022430088567943,-78.70501104967214,-74.90277867959732,-1.0751629829230785e-09
611.2048122905256,109.14937735458747,3.9025388941170758,-79.04421096376478,-75.27017530210739,-1.075162943841641e-09
611.7048122905256,109.64838406086655,3.902832084759583,-79.38341072106373,-75.6375715464887,-1.0751629913007245e-09
612.2048122905256,110.14739973894129,3.903122617396012,-79.72261032327555,-76.0049674198554,-1.075163079026952e-09
612.7048122905256,110.64642426831465,3.903410527978649,-80.06180977205864,-76.37236292918128,-1.0751629284437402e-09
613.2048122905256,111.14545753063557,3.9036958518151312,-80.4010090690247,-76.7397580813031,-1.0751629942267876e-09
613.7048122905256,111.64449940965149,3.9039786235828133,-80.74020821574013,-77.10715288292391,-1.0751628947404061e-09
614.2048122905256,112.14354979116206,3.9042588773427505,-81.07940721372742,-77.47454734061638,-1.0751629223685353e-09
614.7048122905256,112.64260856297409,3.904536646553312,-81.41860606446649,-77.84194146082575,-1.075163006191809e-09
615.2048122905256,113.14167561485772,3.904811964083437,-81.75780476939599,-78.20933524987295,-1.075163098866191e-09
615.7048122905256,113.64075083850369,3.9050848622255425,-82.09700332991443,-78.57672871395764,-1.075163227161517e-09
616.2048122905256,114.13983412748175,3.9053553727080903,-82.4362017473816,-78.94412185916089,-1.0751630268452803e-09
616.7048122905256,114.63892537720007,3.9056235267078323,-82.77540002311953,-79.31151469144811,-1.0751632607509037e-09
617.2048122905256,115.13802448486581,3.9058893548617357,-83.11459815841363,-79.67890721667173,-1.075162971304412e-09
617.7048122905256,115.63713134944663,3.9061528872786004,-83.45379615451392,-80.04629944057383,-1.075163222279718e-09
618.2048122905256,116.13624587163321,3.906414153550379,-83.7929940126359,-80.41369136878872,-1.0751629117625746e-09
618.7048122905256,116.63536795380266,3.906673182763206,-84.1321917339617,-80.78108300684536,-1.075163202474999e-09
619.2048122905256,117.13449749998296,3.9069300035081476,-84.47138931964103,-81.14847436016987,-1.0751630915711166e-09
619.7048122905256,117.63363441581821,3.9071846438916786,-84.81058677079206,-81.51586543408787,-1.0751630724402925e-09
620.2048122905256,118.1327786085348,3.907437131545893,-85.1497840885024,-81.88325623382671,-1.075163400508203e-09
620.7048122905256,118.63192998690843,3.90768749363846,-85.48898127383,-82.25064676451782,-1.075163470448271e-09
621.2048122905256,119.13108846123185,3.9079357568823285,-85.82817832780397,-82.61803703119877,-1.0751634695610913e-09
621.7048122905256,119.6302539432836,3.9081819475451915,-86.16737525142543,-82.98542703881543,-1.0751635512005903e-09
622.2048122905256,120.12942634629732,3.9084260914587143,-86.50657204566835,-83.35281679222403,-1.075163411094525e-09
622.7048122905256,120.62860558493192,3.908668214027535,-86.84576871148022,-83.72020629619323,-1.0751636487889296e-09
623.2048122905256,121.12779157524245,3.9089083402380407,-87.18496524978295,-84.0875955554059,-1.0751635766818984e-09
623.7048122905256,121.62698423465174,3.9091464946669334,-87.52416166147349,-84.45498457446119,-1.0751635390565563e-09
624.2048122905256,122.12618348192262,3.909382701489581,-87.86335794742466,-84.82237335787626,-1.0751636426150942e-09
624.7048122905256,122.62538923713089,3.9096169844881694,-88.20255410848569,-85.18976191008818,-1.075163499553417e-09
625.2048122905256,123.12460142163893,3.9098493670596537,-88.54175014548294,-85.55715023545561,-1.075163329809218e-09
625.7048122905256,123.62381995806994,3.9100798722235197,-88.8809460592206,-85.92453833826056,-1.0751633274054233e-09
626.2048122905256,124.1230447702828,3.910308522629357,-89.22014185048134,-86.29192622270996,-1.0751632039846928e-09
626.7048122905256,124.62227578334749,3.9105353405642522,-89.55933752002667,-86.65931389293745,-1.0751631927325731e-09
627.2048122905256,125.12151292352114,3.910760347960005,-89.89853306859784,-87.02670135300481,-1.0751631755385157e-09
627.7048122905256,125.62075611822463,3.9109835664001715,-90.23772849691628,-87.39408860690348,-1.0751633149199782e-09
628.2048122905256,126.12000529601977,3.9112050171269437,-90.57692380568406,-87.76147565855624,-1.075163323466045e-09
628.7048122905256,126.61926038658694,3.911424721047864,-90.91611899558454,-88.12886251181854,-1.0751633504715282e-09
629.2048122905256,127.11852132070334,3.9116426987423827,-91.2553140672829,-88.49624917047993,-1.0751634306577174e-09
629.7048122905256,127.61778803022167,3.9118589704682636,-91.5945090214265,-88.86363563826549,-1.0751633909946204e-09
630.2048122905256,128.1170604480494,3.912073556167838,-91.93370385864557,-89.23102191883716,-1.0751629761728602e-09
630.7048122905256,128.6163385081283,3.9122864754741142,-92.27289857955348,-89.59840801579503,-1.0751631175531825e-09
631.2048122905256,129.11562214541487,3.9124977477167477,-92.61209318474735,-89.96579393267876,-1.0751630208006701e-09
631.7048122905256,129.61491129586068,3.91270739192787,-92.95128767480846,-90.33317967296863,-1.0751628768795863e-09
632.2048122905256,130.11420589639354,3.912915426847787,-93.29048205030254,-90.70056524008696,-1.0751630058997228e-09
632.7048122905256,130.61350588489904,3.9131218709305453,-93.62967631178043,-91.06795063739919,-1.0751633159422003e-09
633.2048122905256,131.11281120020237,3.9133267423493727,-93.96887045977836,-91.43533586821513,-1.0751631905596642e-09
633.7048122905256,131.61212178205065,3.9135300590019946,-94.3080644948182,-91.80272093579003,-1.0751630147701149e-09
634.2048122905256,132.11143757109562,3.913731838515829,-94.64725841740815,-92.17010584332567,-1.0751631640188635e-09
634.7048122905256,132.6107585088768,3.9139320982530674,-94.98645222804288,-92.53749059397154,-1.0751630861020244e-09
635.2048122905256,133.11008453780497,3.9141308553156398,-95.32564592720392,-92.90487519082588,-1.0751632728378697e-09
635.7048122905256,133.60941560114586,3.914328126550067,-95.66483951536013,-93.27225963693658,-1.0751630310697361e-09
636.2048122905256,134.10875164300452,3.91452392855221,-96.00403299296782,-93.63964393530239,-1.0751630777036055e-09
636.7048122905256,134.60809260830987,3.9147182776719074,-96.34322636047142,-94.00702808887372,-1.075162840365573e-09
637.2048122905256,135.10743844279943,3.914911190017515,-96.68241961830336,-94.37441210055376,-1.0751629903392608e-09
637.7048122905256,135.6067890930047,3.9151026814603442,-97.02161276688479,-94.74179597319925,-1.0751627843143137e-09
638.2048122905256,136.1061445062366,3.915292767639002,-97.36080580662559,-95.10917970962163,-1.0751629115848598e-09
638.7048122905256,136.60550463057146,3.9154814639636366,-97.69999873792491,-95.4765633125876,-1.0751627727587495e-09
639.2048122905256,137.10486941483697,3.9156687856200914,-98.03919156117117,-95.84394678482039,-1.0751630404661288e-09
639.7048122905256,137.60423880859886,3.9158547475739662,-98.37838427674261,-96.21133012900023,-1.0751628215777033e-09
640.2048122905256,138.10361276214755,3.916039364574595,-98.71757688500733,-96.57871334776554,-1.075163329346756e-09
640.7048122905256,138.60299122648513,3.9162226511589324,-99.05676938632377,-96.94609644371343,-1.075163053496279e-09
641.2048122905256,139.10237415331284,3.9164046216553614,-99.39596178104073,-97.31347941940071,-1.0751630037127853e-09
641.7048122905256,139.6017614950185,3.9165852901874163,-99.7351540694979,-97.68086227734452,-1.0751631883205684e-09
642.2048122905256,140.10115320466446,3.9167646706774284,-100.0743462520258,-98.04824502002323,-1.0751629400849168e-09
642.7048122905256,140.60054923597562,3.9169427768500937,-100.41353832894617,-98.41562764987714,-1.0751630992503762e-09
643.2048122905256,141.09994954332785,3.917119622235963,-100.75273030057222,-98.78301016930907,-1.075163030129765e-09
643.7048122905256,141.5993540817366,3.9172952201748625,-101.09192216720878,-99.1503925806853,-1.0751630639742205e-09
644.2048122905256,142.0987628068457,3.9174695838192366,-101.4311139291526,-99.51777488633607,-1.0751630546572779e-09
644.7048122905256,142.59817567491646,3.9176427261374274,-101.77030558669237,-99.8851570885564,-1.0751629485898195e-09
645.2048122905256,143.0975926428169,3.9178146599168797,-102.10949714010916,-100.25253918960658,-1.075162934535003e-09
645.7048122905256,143.59701366801136,3.9179853977672834,-102.44868858967642,-100.61992119171303,-1.0751630857710509e-09
646.2048122905256,144.0964387085502,3.918154952123648,-102.78787993566038,-100.98730309706875,-1.0751630586531647e-09
646.7048122905256,144.5958677230598,3.9183233352493154,-103.12707117831998,-101.35468490783408,-1.0751631336644526e-09
647.2048122905256,145.0953006707326,3.9184905592389097,-103.46626231790728,-101.72206662613722,-1.0751630942600618e-09
647.7048122905256,145.59473751131753,3.918656636021226,-103.80545335466749,-102.08944825407475,-1.0751632242699627e-09
648.2048122905256,146.0941782051106,3.9188215773620616,-104.14464428883919,-102.45682979371249,-1.075162978644329e-09
648.7048122905256,146.59362271294557,3.9189853948669886,-104.48383512065449,-102.82421124708576,-1.0751630650664838e-09
649.2048122905256,147.0930709961849,3.9191480999840684,-104.82302585033929,-103.19159261620005,-1.0751632215999939e-09
649.7048122905256,147.5925230167109,3.919309704006515,-105.16221647811325,-103.55897390303163,-1.0751630484200575e-09
650.2048122905256,148.09197873691699,3.9194702180753014,-105.50140700419003,-103.92635510952799,-1.0751629037096907e-09
650.7048122905256,148.59143811969912,3.919629653181714,-105.84059742877751,-104.29373623760839,-1.075162824613517e-09
651.2048122905256,149.0909011284475,3.919788020169858,-106.17978775207783,-104.66111728916435,-1.075163100115617e-09
651.7048122905256,149.59036772703843,3.9199453297391087,-106.5189779742876,-105.02849826606023,-1.0751630761871313e-09
652.2048122905256,150.08983787982606,3.920101592446519,-106.85816809559799,-105.39587917013358,-1.0751628544724499e-09
652.7048122905256,150.58931155163475,3.9202568187091735,-107.19735811619488,-105.76326000319574,-1.0751630295625843e-09
653.2048122905256,151.08878870775123,3.9204110188065013,-107.53654803625908,-106.13064076703222,-1.0751631771188449e-09
653.7048122905256,151.58826931391707,3.92056420288254,-107.87573785596625,-106.49802146340326,-1.0751629180620771e-09
654.2048122905256,152.08775333632119,3.9207163809481544,-108.21492757548722,-106.86540209404411,-1.0751631302881863e-09
654.7048122905256,152.5872407415927,3.920867562883216,-108.5541171949881,-107.23278266066565,-1.0751631165445017e-09
655.2048122905256,153.08673149679365,3.921017758438735,-108.89330671463019,-107.60016316495468,-1.0751629186664668e-09
655.7048122905256,153.58622556941214,3.921166977238954,-109.2324961345703,-107.96754360857447,-1.0751630363632952e-09
656.2048122905256,154.08572292735533,3.9213152287834,-109.57168545496079,-108.33492399316506,-1.075162903066719e-09
656.7048122905256,154.5852235389429,3.921462522448896,-109.91087467594974,-108.70230432034371,-1.0751629767863052e-09
657.2048122905256,155.0847273729002,3.921608867491535,-110.25006379768091,-109.06968459170527,-1.0751629608744651e-09
657.7048122905256,155.58423439835204,3.9217542730486152,-110.58925282029405,-109.43706480882258,-1.075162994880167e-09
658.2048122905256,156.08374458481612,3.921898748140539,-110.92844174392482,-109.80444497324683,-1.075162938889374e-09
658.7048122905256,156.58325790219695,3.922042301672675,-111.26763056870494,-110.17182508650802,-1.07516288807161e-09
659.2048122905256,157.08277432077963,3.922184942437185,-111.60681929476232,-110.53920515011521,-1.0751630632695867e-09
659.7048122905256,157.58229381122396,3.9223266791148146,-111.94600792222107,-110.9065851655569,-1.075162875637481e-09
660.2048122905256,158.0818163445585,3.9224675202766535,-112.28519645120181,-111.27396513430146,-1.0751628123479254e-09
660.7048122905256,158.58134189217475,3.922607474385859,-112.62438488182143,-111.64134505779734,-1.0751629960595818e-09
661.2048122905256,159.0808704258216,3.9227465497993497,-112.96357321419339,-112.00872493747353,-1.0751630129522364e-09
661.7048122905256,159.58040191759966,3.922884754769464,-113.30276144842782,-112.37610477473983,-1.0751630817219108e-09
662.2048122905256,160.07993633995588,3.923022097445593,-113.64194958463146,-112.7434845709871,-1.0751628302273605e-09
662.7048122905256,160.57947366567814,3.9231585858757776,-113.9811376229078,-113.11086432758779,-1.0751630737633544e-09
663.2048122905256,161.07901386789007,3.923294228008279,-114.32032556335723,-113.478244045896,-1.0751627203850823e-09
663.7048122905256,161.5785569200458,3.9234290316931197,-114.65951340607705,-113.84562372724791,-1.075163000556661e-09
664.2048122905256,162.07810279592496,3.923563004683594,-114.99870115116163,-114.21300337296204,-1.0751629166055322e-09
664.7048122905256,162.5776514696277,3.923696154637755,-115.33788879870221,-114.58038298433961,-1.0751630773142253e-09
665.2048122905256,163.07720291556979,3.92382848911987,-115.67707634878732,-114.94776256266475,-1.0751630085727695e-09
665.7048122905256,163.57675710847784,3.9239600156018506,-116.0162638015026,-115.31514210920486,-1.0751629799066803e-09
666.2048122905256,164.07631402338458,3.9240907414646586,-116.35545115693105,-115.68252162521071,-1.0751629750176021e-09
666.7048122905256,164.57587363562428,3.9242206739996837,-116.69463841515291,-116.0499011119169,-1.0751630469442066e-09
667.2048122905256,165.07543592082817,3.924349820410097,-117.0338255762459,-116.417280570542,-1.0751629391691017e-09
667.7048122905256,165.57500085492003,3.9244781878121824,-117.37301264028515,-116.78466000228899,-1.0751629951271968e-09
668.2048122905256,166.07456841411178,3.9246057832366397,-117.71219960734327,-117.15203940834522,-1.0751628810940628e-09
668.7048122905256,166.5741385748992,3.9247326136298684,-118.05138647749047,-117.51941878988299,-1.0751628398603883e-09
669.2048122905256,167.07371131405768,3.924858685855225,-118.39057325079463,-117.88679814805948,-1.0751631438263276e-09
669.7048122905256,167.5732866086381,3.924984006694261,-118.72975992732124,-118.25417748401718,-1.0751630604143962e-09
670.2048122905256,168.07286443596286,3.9251085828479364,-119.06894650713366,-118.62155679888411,-1.0751628842513678e-09
670.7048122905256,168.57244477362164,3.9252324209378138,-119.40813299029291,-118.98893609377403,-1.075163016391251e-09
671.2048122905256,169.0720275994677,3.925355527507229,-119.7473193768579,-119.35631536978663,-1.0751629912816402e-09
671.7048122905256,169.57161289161394,3.925477909022443,-120.08650566688547,-119.72369462800776,-1.0751631899078496e-09
672.2048122905256,170.07120062842904,3.9255995718737724,-120.42569186043033,-120.09107386950974,-1.0751634132210621e-09
672.7048122905256,170.57079078853383,3.9257205223767007,-120.76487795754528,-120.4584530953514,-1.0751631894614266e-09
673.2048122905256,171.0703833507976,3.92584076677297,-121.10406395828107,-120.82583230657846,-1.0751633109810659e-09
673.7048122905256,171.56997829433453,3.9259603112316537,-121.44324986268657,-121.19321150422373,-1.0751632116116655e-09
674.2048122905256,172.06957559850005,3.9260791618502098,-121.78243567080874,-121.56059068930709,-1.0751633115469978e-09
674.7048122905256,172.5691752428875,3.926197324655517,-122.12162138269281,-121.92796986283598,-1.0751634271744606e-09
675.2048122905256,173.0687772073246,3.926314805604892,-122.46080699838211,-122.2953490258054,-1.0751634868188597e-09
675.7048122905256,173.5683814718702,3.926431610587091,-122.79999251791835,-122.66272817919814,-1.0751633056960652e-09
676.2048122905256,174.06798801681092,3.9265477454232913,-123.1391779413414,-123.03010732398508,-1.0751632185886265e-09
676.7048122905256,174.5675968226579,3.926663215868057,-123.47836326868956,-123.39748646112518,-1.0751634811637884e-09
677.2048122905256,175.06720787014365,3.926778027610291,-123.81754849999948,-123.76486559156587,-1.0751634194318142e-09
677.7048122905256,175.5668211402189,3.926892186274166,-124.15673363530614,-124.13224471624308,-1.0751632711949823e-09
678.2048122905256,176.06643661404954,3.9270056974200425,-124.49591867464311,-124.49962383608144,-1.0751635816254962e-09
678.7048122905256,176.56605427301352,3.9271185665453716,-124.8351036180424,-124.8670029519944,-1.0751633813561006e-09
679.2048122905256,177.06567409869797,3.927230799085582,-125.17428846553445,-125.23438206488458,-1.0751630602787483e-09
679.7048122905256,177.56529607289622,3.9273424004149504,-125.51347321714834,-125.60176117564387,-1.0751633953711656e-09
680.2048122905256,178.06492017760493,3.9274533758474597,-125.85265787291172,-125.96914028515334,-1.0751633183944337e-09
680.7048122905256,178.5645463950213,3.9275637306376416,-126.19184243285083,-126.33651939428385,-1.075163266498165e-09
681.2048122905256,179.0641747075402,3.927673469981405,-126.53102689699055,-126.7038985038958,-1.075163203636971e-09
681.7048122905256,179.5638050977515,3.9277825990168505,-126.87021126535456,-127.07127761483942,-1.0751632078031864e-09
682.2048122905256,180.06343754843738,3.927891122825073,-127.20939553796504,-127.43865672795508,-1.0751631417457245e-09
682.7048122905256,180.56307204256964,3.9279990464309487,-127.54857971484313,-127.80603584407314,-1.0751630869173484e-09
683.2048122905256,181.06270856330715,3.9281063748039102,-127.88776379600854,-128.17341496401437,-1.0751630169431853e-09
683.7048122905256,181.56234709399328,3.928213112858709,-128.22694778148,-128.54079408859002,-1.0751631034895501e-09
684.2048122905256,182.0619876181533,3.928319265456165,-128.56613167127477,-128.90817321860177,-1.0751631155426728e-09
684.7048122905256,182.56163011949204,3.928424837403904,-128.90531546540933,-129.27555235484212,-1.0751629326979969e-09
685.2048122905256,183.06127458189135,3.9285298334570835,-129.2444991638987,-129.64293149809447,-1.075162994376185e-09
685.7048122905256,183.56092098940775,3.9286342583191045,-129.58368276675697,-130.01031064913306,-1.0751630655449405e-09
686.2048122905256,184.06056932627004,3.928738116642316,-129.92286627399713,-130.3776898087235,-1.0751631013239778e-09
686.7048122905256,184.560219576877,3.9288414130287026,-130.26204968563115,-130.7450689776223,-1.0751629672447125e-09
687.2048122905256,185.0598717257951,3.928944152030567,-130.6012330016699,-131.11244815657764,-1.0751631247232006e-09
687.7048122905256,185.55952575775626,3.929046338151195,-130.94041622212333,-131.4798273463291,-1.0751629114207792e-09
688.2048122905256,186.05918165765564,3.929147975845517,-131.27959934700036,-131.84720654760787,-1.0751627645713691e-09
688.7048122905256,186.5588394105495,3.9292490695207505,-131.6187823763089,-132.21458576113693,-1.0751628371524685e-09
689.2048122905256,187.05849900165293,3.929349623537041,-131.95796531005612,-132.581964987631,-1.075162792405276e-09
689.7048122905256,187.55816041633793,3.9294496422080853,-132.29714814824814,-132.9493442277969,-1.0751628418947995e-09
690.2048122905256,188.05782364013118,3.929549129801751,-132.63633089089018,-133.31672348233351,-1.075162646665183e-09
690.7048122905256,188.5574886587121,3.929648090540681,-132.97551353798656,-133.68410275193193,-1.0751629757143873e-09
691.2048122905256,189.05715545791077,3.9297465286028914,-133.3146960895409,-134.0514820372755,-1.0751630231834392e-09
691.7048122905256,189.556824023706,3.92984444812236,-133.65387854555578,-134.41886133904003,-1.075162942971668e-09
692.2048122905256,190.05649434222343,3.929941853189603,-133.99306090603312,-134.78624065789396,-1.075162793812226e-09
692.7048122905256,190.55616639973348,3.930038747852246,-134.33224317097407,-135.15361999449814,-1.0751628155593082e-09
693.2048122905256,191.05584018264958,3.9301351361155845,-134.67142534037885,-135.52099934950635,-1.0751624914042271e-09
693.7048122905256,191.55551567752624,3.930231021943134,-135.01060741424703,-135.88837872356513,-1.0751626149899123e-09
694.2048122905256,192.05519287105733,3.930326409257175,-135.3497893925774,-136.25575811731397,-1.07516257790225e-09
694.7048122905256,192.55487175007414,3.930421301939286,-135.68897127536798,-136.62313753138545,-1.075162666036827e-09
695.2048122905256,193.05455230154377,3.930515703830871,-136.02815306261624,-136.99051696640515,-1.0751627625923962e-09
695.7048122905256,193.55423451256718,3.9306096187336776,-136.3673347543188,-137.35789642299207,-1.0751626238214246e-09
696.2048122905256,194.0539183703777,3.9307030504103064,-136.7065163504716,-137.72527590175832,-1.0751627022733724e-09
696.7048122905256,194.55360386233914,3.930796002584714,-137.04569785107003,-138.0926554033096,-1.0751626579594072e-09
697.2048122905256,195.05329097594432,3.930888478942708,-137.38487925610875,-138.460034928245,-1.075162881337308e-09
697.7048122905256,195.55297969881326,3.930980483132433,-137.72406056558185,-138.82741447715728,-1.0751625684904784e-09
698.2048122905256,196.05267001869163,3.9310720187648514,-138.06324177948272,-139.19479405063282,-1.075162667303173e-09
698.7048122905256,196.55236192344918,3.9311630894142144,-138.40242289780423,-139.5621736492518,-1.075162618709691e-09
699.2048122905256,197.05205540107818,3.9312536986185287,-138.7416039205386,-139.9295532735882,-1.075162963048031e-09
699.7048122905256,197.5517504396918,3.9313438498800135,-139.08078484767756,-140.29693292421007,-1.0751629217205469e-09
700.2048122905256,198.05144702752273,3.9314335466655526,-139.41996567921205,-140.66431260167937,-1.0751628881266866e-09
700.7048122905256,198.55114515292152,3.931522792407137,-139.7591464151327,-141.03169230655217,-1.0751630591014354e-09
701.2048122905256,199.05084480435522,3.931611590502304,-140.09832705542956,-141.39907203937867,-1.0751628852179745e-09
701.7048122905256,199.55054597040592,3.9316999443145693,-140.4375076000921,-141.76645180070344,-1.0751627186084144e-09
702.2048122905256,200.05024863976928,3.9317878571738487,-140.77668804910917,-142.13383159106527,-1.0751627259479455e-09
702.7048122905256,200.5499528012531,3.9318753323768787,-141.1158684024694,-142.50121141099746,-1.0751627268275636e-09
703.2048122905256,201.04965844377605,3.9319623731876283,-141.45504866016066,-142.86859126102766,-1.0751630122551526e-09
703.7048122905256,201.54936555636618,3.9320489828377045,-141.7942288221704,-143.2359711416783,-1.0751626724678457e-09
704.2048122905256,202.04907412815962,3.932135164526752,-142.13340888848577,-143.6033510534662,-1.0751628170945002e-09
704.7048122905256,202.54878414839922,3.932220921422848,-142.4725888590932,-143.970730996903,-1.0751626786852131e-09
705.2048122905256,203.0484956064333,3.9323062566628892,-142.8117687339789,-144.33811097249503,-1.0751627756043972e-09
705.7048122905256,203.54820849171438,3.9323911733529764,-143.1509485131285,-144.70549098074358,-1.0751626535569342e-09
706.2048122905256,204.0479227937978,3.9324756745687885,-143.49012819652728,-145.0728710221447,-1.075162683845592e-09
706.7048122905256,204.54763850234053,3.9325597633559566,-143.82930778416008,-145.44025109718947,-1.075162767497684e-09
707.2048122905256,205.0473556071,3.9326434427304284,-144.16848727601132,-145.80763120636414,-1.0751626772005865e-09
707.7048122905256,205.54707409793278,3.9327267156788293,-144.50766667206494,-146.17501135014987,-1.0751623620134823e-09
708.2048122905256,206.0467939647934,3.9328095851588176,-144.84684597230458,-146.5423915290231,-1.0751623611215998e-09
708.7048122905256,206.5465151977333,3.932892054099434,-145.18602517671357,-146.90977174345537,-1.0751624801219158e-09
709.2048122905256,207.04623778689947,3.932974125401449,-145.52520428527475,-147.27715199391375,-1.0751623420591223e-09
709.7048122905256,207.54596172253343,3.9330558019377,-145.8643832979706,-147.64453228086043,-1.0751622852274732e-09
710.2048122905256,208.04568699497008,3.933137086553429,-146.20356221478332,-148.01191260475304,-1.0751624322147293e-09
710.7048122905256,208.54541359463656,3.9332179820666124,-146.54274103569463,-148.37929296604483,-1.0751623177290557e-09
711.2048122905256,209.04514151205117,3.9332984912682853,-146.88191976068612,-148.74667336518442,-1.0751626057196566e-09
711.7048122905256,209.5448707378223,3.9333786169228646,-147.22109838973887,-149.11405380261607,-1.0751625998849597e-09
712.2048122905256,210.04460126264732,3.933458361768465,-147.56027692283365,-149.48143427877974,-1.0751625234721077e-09
712.7048122905256,210.5443330773116,3.9335377285172095,-147.89945535995096,-149.84881479411106,-1.0751627097915438e-09
713.2048122905256,211.0440661726874,3.933616719855539,-148.238633701071,-150.21619534904136,-1.0751626425041958e-09
713.7048122905256,211.54380053973287,3.9336953384445135,-148.5778119461737,-150.58357594399772,-1.0751627200480128e-09
714.2048122905256,212.04353616949106,3.933773586920113,-148.91699009523862,-150.9509565794032,-1.0751628587611419e-09
714.7048122905256,212.54327305308894,3.933851467893531,-149.25616814824497,-151.3183372556768,-1.0751630401340532e-09
715.2048122905256,213.04301118173635,3.9339289839514646,-149.59534610517187,-151.68571797323332,-1.0751629747097727e-09
715.7048122905256,213.54275054672513,3.934006137656403,-149.93452396599798,-152.05309873248373,-1.0751629360258243e-09
716.2048122905256,214.04249113942808,3.9340829315469072,-150.27370173070176,-152.42047953383505,-1.0751632324039553e-09
716.7048122905256,214.5422329512981,3.934159368137891,-150.61287939926146,-152.78786037769032,-1.0751632668602763e-09
717.2048122905256,215.04197597386718,3.9342354499208936,-150.95205697165503,-153.15524126444865,-1.0751631496607009e-09
717.7048122905256,215.54172019874554,3.9343111793643524,-151.29123444786012,-153.52262219450571,-1.0751632340382481e-09
718.2048122905256,216.04146561762073,3.934386558913868,-151.63041182785423,-153.890003168253,-1.0751633064784122e-09
718.7048122905256,216.54121222225675,3.93446159099247,-151.96958911161457,-154.25738418607867,-1.075163312808416e-09
719.2048122905256,217.0409600044931,3.934536278000874,-152.30876629911805,-154.62476524836703,-1.0751633438555091e-09
719.7048122905256,217.54070895624398,3.93461062231774,-152.64794339034142,-154.99214635549882,-1.075163342808324e-09
720.2048122905256,218.0404590694975,3.934684626299924,-152.9871203852613,-155.35952750785123,-1.075163392039427e-09
720.7048122905256,218.5402103363147,3.9347582922827278,-153.3262972838539,-155.72690870579794,-1.0751631619330275e-09
721.2048122905256,219.03996274882874,3.934831622580143,-153.66547408609532,-156.0942899497091,-1.075163180823703e-09
721.7048122905256,219.53971629924428,3.934904619485096,-154.0046507919615,-156.4616712399515,-1.0751632875254053e-09
722.2048122905256,220.03947097983635,3.9349772852696856,-154.34382740142803,-156.82905257688844,-1.0751632011510777e-09
722.7048122905256,220.53922678294987,3.935049622185419,-154.68300391447042,-157.19643396088006,-1.0751632827967253e-09
723.2048122905256,221.03898370099864,3.9351216324634444,-155.022180331064,-157.56381539228295,-1.0751633313126366e-09
723.7048122905256,221.53874172646465,3.9351933183147807,-155.36135665118385,-157.93119687145054,-1.0751634368824264e-09
724.2048122905256,222.03850085189737,3.9352646819305446,-155.70053287480488,-158.29857839873307,-1.0751631647860462e-09
724.7048122905256,222.53826106991286,3.935335725482173,-156.03970900190174,-158.66595997447757,-1.0751632318642661e-09
725.2048122905256,223.03802237319317,3.9354064511216427,-156.37888503244918,-159.0333415990278,-1.0751633461077964e-09
725.7048122905256,223.5377847544855,3.9354768609816904,-156.7180609664214,-159.40072327272458,-1.0751632674648107e-09
726.2048122905256,224.03754820660154,3.9355469571760247,-157.0572368037927,-159.76810499590553,-1.0751634660007106e-09
726.7048122905256,224.53731272241671,3.935616741799539,-157.39641254453707,-160.1354867689053,-1.075163396828202e-09
727.2048122905256,225.0370782948695,3.93568621692852,-157.7355881886285,-160.50286859205548,-1.0751634343344595e-09
727.7048122905256,225.53684491696075,3.9357553846208537,-158.0747637360406,-160.87025046568476,-1.0751633970733356e-09
728.2048122905256,226.03661258175293,3.9358242469162286,-158.41393918674706,-161.23763239011876,-1.0751634863149855e-09
728.7048122905256,226.53638128236958,3.9358928058363367,-158.75311454072124,-161.60501436568038,-1.0751633770527418e-09
729.2048122905256,227.03615101199446,3.9359610633850717,-159.0922897979365,-161.97239639268952,-1.0751633881793102e-09
729.7048122905256,227.53592176387104,3.9360290215487237,-159.4314649583659,-162.33977847146335,-1.075163321378405e-09
730.2048122905256,228.03569353130183,3.936096682296172,-159.7706400219825,-162.70716060231612,-1.0751635912894692e-09
730.7048122905256,228.53546630764762,3.9361640475790765,-160.10981498875918,-163.07454278555943,-1.0751636025230299e-09
731.2048122905256,229.035240086327,3.936231119332064,-160.4489898586686,-163.44192502150207,-1.0751633784670892e-09
731.7048122905256,229.53501486081566,3.9362978994729145,-160.7881646316835,-163.8093073104502,-1.0751638731359136e-09
732.2048122905256,230.03479062464575,3.936364389902744,-161.12733930777628,-164.1766896527072,-1.0751635523766892e-09
732.7048122905256,230.5345673714053,3.936430592506185,-161.46651388691933,-164.54407204857398,-1.075163526242313e-09
733.2048122905256,231.03434509473763,3.936496509151565,-161.80568836908483,-164.9114544983487,-1.0751636405763494e-09
733.7048122905256,231.53412378834076,3.936562141691081,-162.14486275424494,-165.278837002327,-1.0751634875414137e-09
734.2048122905256,232.03390344596676,3.936627491960975,-162.48403704237168,-165.64621956080197,-1.0751634844848807e-09
734.7048122905256,232.53368406142124,3.936692561781705,-162.82321123343692,-166.01360217406418,-1.0751636012111187e-09
735.2048122905256,233.03346562856277,3.9367573529581126,-163.16238532741252,-166.3809848424017,-1.0751636116730363e-09
735.7048122905256,233.53324814130224,3.936821867279592,-163.50155932427015,-166.74836756610006,-1.0751635860291316e-09
736.2048122905256,234.03303159360243,3.936886106520254,-163.84073322398137,-167.11575034544254,-1.075163346252407e-09
736.7048122905256,234.5328159794774,3.936950072439089,-164.17990702651767,-167.48313318070993,-1.0751634061515717e-09
737.2048122905256,235.03260129299184,3.9370137667801273,-164.5190807318504,-167.8505160721806,-1.075163506956559e-09
737.7048122905256,235.53238752826076,3.9370771912725986,-164.85825433995086,-168.21789902013066,-1.0751633720010522e-09
738.2048122905256,236.03217467944876,3.9371403476310873,-165.1974278507903,-168.5852820248338,-1.0751632912440885e-09
738.7048122905256,236.5319627407696,3.9372032375556882,-165.5366012643398,-168.9526650865614,-1.0751632148905785e-09
739.2048122905256,237.03175170648564,3.9372658627321595,-165.87577458057032,-169.32004820558276,-1.075163156341094e-09
739.7048122905256,237.5315415709074,3.9373282248320725,-166.21494779945283,-169.68743138216476,-1.0751633714427717e-09
740.2048122905256,238.03133232839298,3.9373903255129608,-166.55412092095818,-170.0548146165721,-1.075163339247124e-09
740.7048122905256,238.5311239733476,3.937452166418468,-166.89329394505714,-170.42219790906722,-1.0751632542257262e-09
741.2048122905256,239.03091650022313,3.9375137491784917,-167.23246687172036,-170.78958125991056,-1.0751632655279722e-09
741.7048122905256,239.53070990351753,3.9375750754093284,-167.57163970091847,-171.15696466936026,-1.075163134530129e-09
742.2048122905256,240.03050417777447,3.937636146713814,-167.91081243262195,-171.52434813767243,-1.075163115611919e-09
742.7048122905256,240.53029931758283,3.937696964681463,-168.24998506680132,-171.8917316651011,-1.0751630804504949e-09
743.2048122905256,241.03009531757613,3.937757530888608,-168.58915760342688,-172.25911525189812,-1.075162877273025e-09
743.7048122905256,241.5298921724322,3.9378178468985356,-168.928330042469,-172.62649889831334,-1.0751631411475933e-09
744.2048122905256,242.02968987687268,3.93787791426162,-169.26750238389792,-172.99388260459463,-1.0751628444515197e-09
744.7048122905256,242.52948842566258,3.9379377345154576,-169.60667462768376,-173.36126637098786,-1.075162715751254e-09
745.2048122905256,243.02928781360978,3.937997309184997,-169.94584677379666,-173.7286501977368,-1.0751627138207087e-09
745.7048122905256,243.52908803556466,3.9380566397826695,-170.2850188222067,-174.09603408508337,-1.0751627694721568e-09
746.2048122905256,244.02888908641964,3.9381157278085173,-170.6241907728838,-174.46341803326752,-1.0751627132040828e-09
746.7048122905256,244.52869096110874,3.9381745747503194,-170.9633626257979,-174.83080204252724,-1.0751625762823866e-09
747.2048122905256,245.0284936546072,3.9382331820837173,-171.3025343809189,-175.1981861130987,-1.0751625026104187e-09
747.7048122905256,245.52829716193096,3.9382915512723384,-171.64170603821657,-175.56557024521618,-1.0751625975183993e-09
748.2048122905256,246.02810147813645,3.9383496837679175,-171.98087759766065,-175.93295443911202,-1.075162720967677e-09
748.7048122905256,246.5279065983199,3.9384075810104178,-172.32004905922085,-176.30033869501685,-1.075162918729866e-09
749.2048122905256,247.0277125176172,3.9384652444281496,-172.65922042286684,-176.66772301315942,-1.07516273197476e-09
749.7048122905256,247.52751923120334,3.938522675437888,-172.9983916885682,-177.0351073937666,-1.0751626998802342e-09
750.2048122905256,248.02732673429207,3.93857987544499,-173.3375628562945,-177.40249183706365,-1.0751629724118916e-09
750.7048122905256,248.52713502213552,3.938636845843508,-173.67673392601515,-177.769876343274,-1.0751627604338793e-09
751.2048122905256,249.02694409002382,3.938693588016303,-174.0159048976996,-178.13726091261933,-1.0751627540519443e-09
751.7048122905256,249.52675393328465,3.9387501033351584,-174.35507577131725,-178.50464554531968,-1.0751628244479964e-09
752.2048122905256,250.02656454728302,3.9388063931608888,-174.6942465468375,-178.87203024159317,-1.075162884738089e-09
752.7048122905256,250.5263759274207,3.9388624588434507,-175.03341722422962,-179.2394150016566,-1.0751629471316815e-09
753.2048122905256,251.02618806913603,3.9389183017220493,-175.37258780346292,-179.6067998257247,-1.0751629962054768e-09
753.7048122905256,251.52600096790346,3.938973923125247,-175.71175828450654,-179.9741847140109,-1.075162815294029e-09
754.2048122905256,252.02581461923322,3.939029324371068,-176.0509286673297,-180.34156966672683,-1.0751628084840893e-09
754.7048122905256,252.52562901867094,3.939084506767101,-176.39009895190156,-180.70895468408253,-1.0751631018344355e-09
755.2048122905256,253.02544416179737,3.9391394716106047,-176.72926913819128,-181.07633976628637,-1.0751629501186613e-09
755.7048122905256,253.52526004422796,3.939194220188609,-177.06843922616787,-181.44372491354534,-1.0751627821533098e-09
756.2048122905256,254.0250766616126,3.939248753778015,-177.4076092158003,-181.81111012606473,-1.0751628668469989e-09
756.7048122905256,254.52489400963512,3.939303073645694,-177.74677910705768,-182.17849540404825,-1.0751626855840767e-09
757.2048122905256,255.02471208401323,3.9393571810485875,-178.08594889990889,-182.5458807476983,-1.075162669955309e-09
757.7048122905256,255.52453088049793,3.939411077233802,-178.4251185943229,-182.91326615721545,-1.0751626840860092e-09
758.2048122905256,256.0243503948733,3.9394647634387066,-178.76428819026856,-183.28065163279908,-1.0751626771136368e-09
758.7048122905256,256.5241706229562,3.939518240891028,-179.10345768771475,-183.648037174647,-1.0751627767889304e-09
759.2048122905256,257.02399156059596,3.939571510808943,-179.44262708663035,-184.01542278295537,-1.0751627830623308e-09
759.7048122905256,257.5238132036739,3.939624574401172,-179.78179638698404,-184.38280845791928,-1.0751626778357849e-09
760.2048122905256,258.02363554810324,3.9396774328670703,-180.12096558874467,-184.7501941997319,-1.0751627067743882e-09
760.7048122905256,258.5234585898287,3.939730087396718,-180.46013469188105,-185.11758000858538,-1.0751628886983206e-09
761.2048122905256,259.02328232482614,3.9397825391710106,-180.79930369636185,-185.4849658846703,-1.0751631248431475e-09
761.7048122905256,259.5231067491024,3.939834789361748,-181.1384726021557,-185.85235182817593,-1.0751630251697856e-09
762.2048122905256,260.02293185869485,3.9398868391317188,-181.47764140923127,-186.2197378392901,-1.075162918633313e-09
762.7048122905256,260.52275764967123,3.9399386896347903,-181.81681011755725,-186.58712391819932,-1.0751629146016578e-09
763.2048122905256,261.02258411812926,3.9399903420159914,-182.15597872710228,-186.9545100650886,-1.075162831535118e-09
763.7048122905256,261.52241126019646,3.940041797411599,-182.49514723783489,-187.32189628014206,-1.075162647626438e-09
764.2048122905256,262.02223907202966,3.9400930569492187,-182.83431564972366,-187.68928256354192,-1.0751627424873599e-09
764.7048122905256,262.522067549815,3.940144121747871,-183.17348396273712,-188.05666891546952,-1.0751626181871037e-09
765.2048122905256,263.0218966897675,3.9401949929180695,-183.51265217684386,-188.42405533610474,-1.075162686080591e-09
765.7048122905256,263.52172648813075,3.940245671561904,-183.8518202920123,-188.7914418256262,-1.0751628264953871e-09
766.2048122905256,264.02155694117675,3.940296158773118,-184.19098830821096,-189.15882838421138,-1.0751626661742332e-09
766.7048122905256,264.5213880452055,3.940346455637189,-184.53015622540832,-189.52621501203623,-1.0751625376487225e-09
767.2048122905256,265.0212197965449,3.9403965632314075,-184.8693240435728,-189.89360170927574,-1.0751625780389127e-09
767.7048122905256,265.52105219155044,3.9404464826249512,-185.20849176267274,-190.26098847610362,-1.0751624386226985e-09
768.2048122905256,266.02088522660483,3.9404962148789626,-185.5476593826767,-190.6283753126922,-1.0751623693255844e-09
768.7048122905256,266.5207188981178,3.9405457610466255,-185.88682690355293,-190.99576221921285,-1.0751623629975011e-09
769.2048122905256,267.02055320252606,3.9405951221732374,-186.22599432526982,-191.36314919583558,-1.0751622465244827e-09
769.7048122905256,267.52038813629264,3.9406442992962845,-186.56516164779572,-191.73053624272927,-1.0751623376927074e-09
770.2048122905256,268.020223695907,3.940693293445514,-186.90432887109895,-192.09792336006166,-1.0751622092872577e-09
770.7048122905256,268.5200598778847,3.9407421056430065,-187.2434959951479,-192.46531054799934,-1.0751623426555969e-09
771.2048122905256,269.019896678767,3.940790736903246,-187.58266301991085,-192.8326978067076,-1.0751622800770546e-09
771.7048122905256,269.5197340951208,3.9408391882331935,-187.92182994535602,-193.20008513635102,-1.0751623129620252e-09
772.2048122905256,270.0195721235383,3.9408874606323514,-188.26099677145183,-193.5674725370926,-1.0751624963447486e-09
772.7048122905256,270.51941076063684,3.940935555092838,-188.60016349816632,-193.93486000909454,-1.0751623376862146e-09
773.2048122905256,271.0192500030587,3.9409834725994513,-188.9393301254679,-194.30224755251774,-1.0751623869643552e-09
773.7048122905256,271.51908984747064,3.9410312141297386,-189.27849665332474,-194.66963516752213,-1.0751623154307581e-09
774.2048122905256,272.01893029056396,3.9410787806540624,-189.61766308170508,-195.0370228542665,-1.0751623584741297e-09
774.7048122905256,272.5187713290542,3.941126173135667,-189.9568294105771,-195.40441061290875,-1.0751621004939407e-09
775.2048122905256,273.0186129596807,3.9411733925307417,-190.2959956399089,-195.77179844360552,-1.0751622275137408e-09
775.7048122905256,273.5184551792068,3.9412204397884882,-190.6351617696688,-196.13918634651253,-1.075162346456074e-09
776.2048122905256,274.0182979844192,3.9412673158511815,-190.9743277998249,-196.50657432178443,-1.075162363638131e-09
776.7048122905256,274.51814137212796,3.9413140216542346,-191.31349373034533,-196.8739623695748,-1.0751625804630571e-09
777.2048122905256,275.0179853391664,3.9413605581262603,-191.6526595611983,-197.24135049003635,-1.0751625726801888e-09
777.7048122905256,275.5178298823905,3.941406926189133,-191.99182529235185,-197.6087386833207,-1.0751624884923076e-09
778.2048122905256,276.0176749986792,3.94145312675805,-192.33099092377415,-197.97612694957843,-1.075162449622631e-09
778.7048122905256,276.51752068493374,3.9414991607415906,-192.6701564554333,-198.34351528895922,-1.0751626629417166e-09
779.2048122905256,277.0173669380778,3.9415450290417775,-193.00932188729746,-198.71090370161184,-1.0751627084780873e-09
779.7048122905256,277.5172137550571,3.941590732554135,-193.34848721933463,-199.07829218768393,-1.0751627071020022e-09
780.2048122905256,278.0170611328392,3.9416362721677465,-193.68765245151292,-199.44568074732226,-1.0751626498034473e-09
780.7048122905256,278.51690906841344,3.941681648765315,-194.02681758380035,-199.81306938067274,-1.0751626145493456e-09
781.2048122905256,279.01675755879063,3.941726863223216,-194.36598261616507,-200.1804580878802,-1.075162452476484e-09
781.7048122905256,279.51660660100293,3.941771916411559,-194.7051475485751,-200.54784686908866,-1.0751622079331517e-09
782.2048122905256,280.0164561921036,3.94181680919424,-195.04431238099838,-200.91523572444123,-1.0751624039095982e-09
782.7048122905256,280.51630632916687,3.9418615424289962,-195.38347711340316,-201.28262465408,-1.0751624363521064e-09
783.2048122905256,281.01615700928767,3.941906116967465,-195.72264174575724,-201.65001365814624,-1.0751622020611795e-09
783.7048122905256,281.51600822958153,3.9419505336552336,-196.0618062780288,-202.0174027367804,-1.075162446449799e-09
784.2048122905256,282.0158599871844,3.941994793331895,-196.4009707101858,-202.38479189012187,-1.0751625385220249e-09
784.7048122905256,282.5157122792524,3.942038896831101,-196.7401350421962,-202.75218111830938,-1.0751624225663505e-09
785.2048122905256,283.01556510296166,3.9420828449806136,-197.07929927402805,-203.1195704214806,-1.0751623958668194e-09
785.7048122905256,283.5154184555082,3.9421266386023577,-197.41846340564925,-203.4869597997726,-1.0751623619338521e-09
786.2048122905256,284.01527233410775,3.942170278512472,-197.7576274370278,-203.85434925332132,-1.0751625693992492e-09
786.7048122905256,284.5151267359955,3.9422137655213607,-198.0967913681317,-204.2217387822621,-1.075162534763848e-09
787.2048122905256,285.01498165842605,3.942257100433742,-198.435955198929,-204.58912838672924,-1.07516273729093e-09
787.7048122905256,285.514837098673,3.9423002840486996,-198.77511892938756,-204.95651806685638,-1.0751625897183779e-09
788.2048122905256,286.0146930540291,3.9423433171597315,-199.11428255947533,-205.32390782277625,-1.0751625314611905e-09
788.7048122905256,286.514549521806,3.9423862005547985,-199.45344608916028,-205.69129765462088,-1.0751625472820167e-09
789.2048122905256,287.01440649933375,3.9424289350163724,-199.79260951841025,-206.05868756252147,-1.0751625252812927e-09
789.7048122905256,287.5142639839612,3.942471521321483,-200.13177284719328,-206.42607754660835,-1.075162667244497e-09
790.2048122905256,288.0141219730554,3.9425139602417674,-200.47093607547723,-206.79346760701114,-1.0751624317666689e-09
790.7048122905256,288.51398046400163,3.942556252543514,-200.81009920323004,-207.16085774385857,-1.0751626272358417e-09
791.2048122905256,289.0138394542032,3.9425983989877107,-201.14926223041965,-207.52824795727886,-1.0751622984393146e-09
791.7048122905256,289.5136989410814,3.9426404003300903,-201.48842515701395,-207.89563824739926,-1.0751625140261044e-09
792.2048122905256,290.013558922075,3.9426822573211755,-201.82758798298076,-208.2630286143463,-1.0751625361416404e-09
792.7048122905256,290.5134193946406,3.9427239707063233,-202.16675070828802,-208.63041905824582,-1.0751625441076912e-09
793.2048122905256,291.0132803562521,3.94276554122577,-202.50591333290365,-208.9978095792229,-1.0751623996108334e-09
793.7048122905256,291.5131418044007,3.942806969614675,-202.84507585679552,-209.3652001774017,-1.0751624637951638e-09
794.2048122905256,292.01300373659467,3.9428482566031637,-203.1842382799315,-209.73259085290601,-1.0751624215183302e-09
794.7048122905256,292.5128661503594,3.942889402916372,-203.5234006022794,-210.09998160585874,-1.075162593848763e-09
795.2048122905256,293.012729043237,3.942930409274487,-203.86256282380708,-210.46737243638202,-1.0751626451691991e-09
795.7048122905256,293.5125924127863,3.9429712763927895,-204.2017249444824,-210.83476334459735,-1.0751625862243285e-09
796.2048122905256,294.01245625658277,3.9430120049816972,-204.5408869642733,-211.20215433062552,-1.0751625484547811e-09
796.7048122905256,294.51232057221813,3.9430525957468046,-204.8800488831475,-211.56954539458667,-1.0751625756810017e-09
797.2048122905256,295.0121853573005,3.9430930493889234,-205.21921070107288,-211.93693653660011,-1.075162563860751e-09
797.7048122905256,295.5120506094541,3.9431333666041244,-205.55837241801729,-212.30432775678472,-1.0751625954797175e-09
798.2048122905256,296.0119163263192,3.9431735480837764,-205.8975340339486,-212.67171905525842,-1.075162670912317e-09
798.7048122905256,296.5117825055518,3.943213594514587,-206.23669554883455,-213.03911043213876,-1.0751625872463674e-09
799.2048122905256,297.0116491448238,3.94325350657864,-206.575856962643,-213.40650188754228,-1.0751625754466083e-09
799.7048122905256,297.5115162418226,3.9432932849534357,-206.91501827534177,-213.77389342158523,-1.0751624101442607e-09
800.2048122905256,298.0113837942511,3.9433329303119296,-207.25417948689858,-214.141285034383,-1.0751627147711843e-09
800.7048122905256,298.51125179982756,3.943372443322569,-207.5933405972813,-214.50867672605048,-1.075162748305212e-09
801.2048122905256,299.0111202562854,3.9434118246493317,-207.93250160645763,-214.87606849670172,-1.0751627414874548e-09
801.7048122905256,299.5109891613732,3.9434510749517635,-208.2716625143954,-215.24346034645046,-1.0751626083242254e-09
802.2048122905256,300.01085851285444,3.9434901948850136,-208.61082332106238,-215.61085227540948,-1.075162369619116e-09
802.7048122905256,300.5107283085075,3.943529185099873,-208.9499840264264,-215.97824428369117,-1.0751624869946384e-09
803.2048122905256,301.01059854612544,3.9435680462428095,-209.28914463045518,-216.3456363714071,-1.0751623195488166e-09
803.7048122905256,301.5104692235159,3.9436067789560045,-209.62830513311647,-216.71302853866848,-1.0751624093353856e-09
804.2048122905256,302.010340338501,3.9436453838773873,-209.96746553437805,-217.08042078558574,-1.075162492933349e-09
804.7048122905256,302.5102118889173,3.9436838616406713,-210.30662583420764,-217.44781311226896,-1.0751622001077536e-09
805.2048122905256,303.01008387261544,3.9437222128753877,-210.645786032573,-217.81520551882718,-1.0751623381784477e-09
805.7048122905256,303.5099562874603,3.943760438206921,-210.98494612944185,-218.1825980053693,-1.0751625050071215e-09
806.2048122905256,304.0098291313307,3.943798538256543,-211.32410612478193,-218.54999057200345,-1.0751625140641506e-09
806.7048122905256,304.50970240211944,3.943836513641445,-211.66326601856102,-218.91738321883722,-1.0751626879584478e-09
807.2048122905256,305.009576097733,3.9438743649747736,-212.0024258107467,-219.2847759459776,-1.0751626135883377e-09
807.7048122905256,305.5094502160915,3.943912092865662,-212.3415855013068,-219.65216875353113,-1.075162684675289e-09
808.2048122905256,306.0093247551288,3.943949697919263,-212.68074509020897,-220.01956164160364,-1.0751627708292295e-09
808.7048122905256,306.50919971279194,3.9439871807367832,-213.0199045774209,-220.38695461030056,-1.075162639255118e-09
809.2048122905256,307.0090750870415,3.9440245419155118,-213.3590639629103,-220.75434765972656,-1.0751626327508513e-09
809.7048122905256,307.50895087585116,3.944061782048856,-213.69822324664483,-221.12174078998606,-1.0751626863355066e-09
810.2048122905256,308.0088270772078,3.9440989017263695,-214.03738242859228,-221.48913400118263,-1.0751625397302156e-09
810.7048122905256,308.50870368911126,3.9441359015337865,-214.37654150872015,-221.8565272934196,-1.0751626724737518e-09
811.2048122905256,309.00858070957435,3.9441727820530503,-214.71570048699618,-222.22392066679967,-1.0751627085831632e-09
811.7048122905256,309.5084581366226,3.944209543862345,-215.0548593633881,-222.59131412142486,-1.0751628191587457e-09
812.2048122905256,310.0083359682943,3.944246187536125,-215.3940181378635,-222.9587076573969,-1.0751627114881173e-09
812.7048122905256,310.5082142026403,3.944282713645147,-215.73317681038998,-223.3261012748169,-1.075162534684008e-09
813.2048122905256,311.008092837724,3.944319122756497,-216.07233538093516,-223.69349497378556,-1.075162938526696e-09
813.7048122905256,311.5079718716211,3.9443554154336216,-216.4114938494668,-224.06088875440287,-1.0751626492036292e-09
814.2048122905256,312.00785130241974,3.9443915922363564,-216.7506522159524,-224.42828261676848,-1.075162892227349e-09
814.7048122905256,312.50773112822014,3.9444276537209557,-217.0898104803596,-224.79567656098166,-1.0751629051265624e-09
815.2048122905256,313.0076113471346,3.9444636004401197,-217.428968642656,-225.1630705871409,-1.0751628572413801e-09
815.7048122905256,313.50749195728764,3.9444994329430236,-217.76812670280927,-225.53046469534436,-1.0751629799907727e-09
816.2048122905256,314.0073729568154,3.9445351517753466,-218.1072846607869,-225.89785888568983,-1.0751630013735462e-09
816.7048122905256,314.50725434386607,3.9445707574792976,-218.44644251655657,-226.2652531582744,-1.0751628897900122e-09
817.2048122905256,315.00713611659944,3.944606250593645,-218.7856002700858,-226.63264751319483,-1.075163073855102e-09
817.7048122905256,315.507018273187,3.9446416316537416,-219.12475792134217,-227.0000419505475,-1.0751631782373291e-09
818.2048122905256,316.00690081181165,3.944676901191554,-219.46391547029322,-227.36743647042812,-1.0751632168996993e-09
818.7048122905256,316.5067837306679,3.9447120597356875,-219.8030729169065,-227.73483107293197,-1.075162891617333e-09
819.2048122905256,317.0066670279616,3.9447471078114136,-220.1422302611496,-228.10222575815413,-1.0751630984914504e-09
819.7048122905256,317.50655070190976,3.9447820459406957,-220.48138750298995,-228.46962052618895,-1.0751632104510385e-09
820.2048122905256,318.00643475074065,3.944816874642215,-220.8205446423953,-228.8370153771303,-1.0751632736535705e-09
820.7048122905256,318.50631917269357,3.9448515944313973,-221.15970167933295,-229.20441031107188,-1.0751631070643385e-09
821.2048122905256,319.0062039660189,3.9448862058204375,-221.49885861377052,-229.57180532810682,-1.0751632359890506e-09
821.7048122905256,319.5060891289779,3.944920709318325,-221.83801544567538,-229.93920042832775,-1.075163241746289e-09
822.2048122905256,320.00597465984276,3.944955105430869,-222.1771721750152,-230.30659561182694,-1.0751631991826842e-09
822.7048122905256,320.50586055689627,3.9449893946607233,-222.51632880175734,-230.6739908786963,-1.0751631697088513e-09
823.2048122905256,321.00574681843193,3.9450235775074103,-222.85548532586927,-231.04138622902713,-1.0751631346535396e-09
823.7048122905256,321.5056334427539,3.945057654467346,-223.1946417473186,-231.4087816629104,-1.0751631330210924e-09
824.2048122905256,322.00552042817674,3.945091626033864,-223.53379806607262,-231.77617718043678,-1.0751630608978614e-09
824.7048122905256,322.5054077730255,3.9451254926972394,-223.87295428209885,-232.14357278169638,-1.0751629395769758e-09
825.2048122905256,323.00529547563565,3.9451592549447123,-224.21211039536465,-232.51096846677902,-1.07516271575053e-09
825.7048122905256,323.50518353435274,3.945192913260511,-224.55126640583757,-232.878364235774,-1.0751627723678173e-09
826.2048122905256,324.00507194753266,3.9452264681258753,-224.89042231348498,-233.24576008877028,-1.0751629641681606e-09
826.7048122905256,324.50496071354127,3.945259920019081,-225.2295781182742,-233.61315602585654,-1.0751630816158534e-09
827.2048122905256,325.00484983075455,3.94529326941546,-225.5687338201726,-233.98055204712082,-1.0751632210415994e-09
827.7048122905256,325.50473929755844,3.945326516787425,-225.9078894191478,-234.34794815265096,-1.0751629224156815e-09
828.2048122905256,326.0046291123487,3.945359662604491,-226.24704491516698,-234.71534434253428,-1.07516316797359e-09
828.7048122905256,326.50451927353095,3.945392707333298,-226.5862003081976,-235.08274061685793,-1.0751633541126742e-09
829.2048122905256,327.0044097795205,3.9454256514376325,-226.92535559820695,-235.45013697570843,-1.0751631874824878e-09
829.7048122905256,327.5043006287422,3.945458495378449,-227.26451078516249,-235.81753341917204,-1.0751631263758934e-09
830.2048122905256,328.0041918196307,3.9454912396138924,-227.60366586903143,-236.1849299473347,-1.07516308778917e-09
830.7048122905256,328.50408335062997,3.9455238845993197,-227.94282084978107,-236.55232656028195,-1.0751630958345434e-09
831.2048122905256,329.0039752201935,3.945556430787319,-228.28197572737884,-236.9197232580988,-1.0751632753723666e-09
831.7048122905256,329.50386742678415,3.9455888786277336,-228.6211305017919,-237.2871200408703,-1.0751631893259144e-09
832.2048122905256,330.003759968874,3.9456212285676795,-228.96028517298765,-237.65451690868065,-1.0751630613892224e-09
832.7048122905256,330.50365284494444,3.945653481051569,-229.29943974093337,-238.02191386161408,-1.0751633097712737e-09
833.2048122905256,331.00354605348593,3.945685636521129,-229.6385942055963,-238.38931089975418,-1.0751631630238475e-09
833.7048122905256,331.50343959299806,3.9457176954154223,-229.97774856694363,-238.75670802318447,-1.07516312920278e-09
834.2048122905256,332.0033334619894,3.9457496581708678,-230.31690282494267,-239.12410523198795,-1.0751630656259662e-09
834.7048122905256,332.50322765897755,3.9457815252212596,-230.65605697956065,-239.49150252624733,-1.0751629296854334e-09
835.2048122905256,333.0031221824888,3.945813296997787,-230.99521103076464,-239.85889990604497,-1.0751628736841289e-09
835.7048122905256,333.5030170310585,3.945844973929054,-231.33436497852207,-240.22629737146272,-1.0751628355347244e-09
836.2048122905256,334.0029122032306,3.9458765564410987,-231.67351882280008,-240.59369492258244,-1.0751626494552274e-09
836.7048122905256,334.5028076975577,3.945908044957413,-232.01267256356576,-240.96109255948542,-1.0751629261314343e-09
837.2048122905256,335.00270351260116,3.945939439898961,-232.35182620078638,-241.32849028225263,-1.0751627038818117e-09
837.7048122905256,335.5025996469307,3.9459707416841976,-232.6909797344289,-241.69588809096493,-1.0751630494531538e-09
838.2048122905256,336.00249609912476,3.9460019507290878,-233.03013316446064,-242.06328598570266,-1.0751627222697608e-09
838.7048122905256,336.50239286776997,3.9460330674471242,-233.3692864908487,-242.43068396654573,-1.0751628472404962e-09
839.2048122905256,337.00228995146153,3.946064092249347,-233.7084397135602,-242.79808203357402,-1.0751629328034248e-09
839.7048122905256,337.5021873488028,3.9460950255443605,-234.04759283256223,-243.16548018686692,-1.0751631354498752e-09
840.2048122905256,338.00208505840544,3.946125867738352,-234.38674584782189,-243.5328784265034,-1.0751628811145937e-09
840.7048122905256,338.5019830788893,3.94615661923511,-234.72589875930615,-243.90027675256255,-1.0751630286569783e-09
841.2048122905256,339.0018814088823,3.9461872804360407,-235.0650515669821,-244.26767516512277,-1.0751630791967329e-09
841.7048122905256,339.50178004702053,3.946217851740186,-235.40420427081693,-244.63507366426222,-1.0751629806902968e-09
842.2048122905256,340.001678991948,3.946248333544241,-235.7433568707776,-245.00247225005882,-1.0751627612107185e-09
842.7048122905256,340.50157824231655,3.946278726242572,-236.08250936683106,-245.36987092259014,-1.075162946085506e-09
843.2048122905256,341.00147779678616,3.9463090302272326,-236.4216617589443,-245.73726968193358,-1.0751628615629672e-09
843.7048122905256,341.50137765402445,3.9463392458879802,-236.76081404708447,-246.10466852816612,-1.0751627637037931e-09
844.2048122905256,342.00127781270686,3.9463693736122947,-237.09996623121836,-246.4720674613645,-1.0751627265057012e-09
844.7048122905256,342.5011782715166,3.9463994137853926,-237.439118311313,-246.83946648160523,-1.0751627325716026e-09
845.2048122905256,343.0010790291445,3.9464293667902455,-237.77827028733532,-247.2068655889644,-1.0751626782349628e-09
845.7048122905256,343.50098008428887,3.946459233007595,-238.11742215925238,-247.57426478351783,-1.0751626932394844e-09
846.2048122905256,344.00088143565574,3.9464890128159706,-238.4565739270309,-247.94166406534129,-1.0751628940878981e-09
846.7048122905256,344.50078308195856,3.946518706591704,-238.7957255906378,-248.3090634345099,-1.075163000129934e-09
847.2048122905256,345.0006850219183,3.946548314708946,-239.13487715004007,-248.67646289109894,-1.0751629642177563e-09
847.7048122905256,345.5005872542631,3.946577837539682,-239.47402860520444,-249.0438624351831,-1.0751629596668385e-09
848.2048122905256,346.0004897777287,3.9466072754537476,-239.81317995609797,-249.41126206683677,-1.0751630705365082e-09
848.7048122905256,346.50039259105796,3.9466366288188444,-240.15233120268726,-249.77866178613434,-1.0751630761224458e-09
849.2048122905256,347.000295693001,3.946665898000555,-240.49148234493924,-250.14606159314985,-1.0751629764405054e-09
849.7048122905256,347.50019908231513,3.9466950833623584,-240.83063338282076,-250.51346148795685,-1.0751629799211638e-09
850.2048122905256,348.00010275776475,3.946724185265645,-241.16978431629855,-250.88086147062884,-1.0751628527564058e-09
850.7048122905256,348.50000671812137,3.9467532040697324,-241.50893514533936,-251.24826154123915,-1.0751629962893556e-09
851.2048122905256,348.9999109621635,3.9467821401318783,-241.84808586991002,-251.61566169986057,-1.0751629542997456e-09
851.7048122905256,349.4998154886766,3.9468109938072975,-242.18723648997715,-251.98306194656584,-1.0751629015184388e-09
852.2048122905256,349.99972029645306,3.9468397654491754,-242.52638700550742,-252.35046228142758,-1.0751628624449138e-09
852.7048122905256,350.49962538429224,3.9468684554086817,-242.8655374164677,-252.7178627045178,-1.0751628536997912e-09
853.2048122905256,350.9995307510002,3.946897064034986,-243.20468772282462,-253.08526321590847,-1.0751629507195476e-09
853.7048122905256,351.4994363953898,3.946925591675272,-243.54383792454487,-253.45266381567134,-1.0751628909752109e-09
854.2048122905256,351.9993423162807,3.9469540386747513,-243.88298802159494,-253.82006450387794,-1.0751628708230517e-09
854.7048122905256,352.49924851249915,3.946982405376676,-244.22213801394162,-254.18746528059935,-1.0751626866383746e-09
855.2048122905256,352.9991549828781,3.947010692122355,-244.5612879015515,-254.55486614590663,-1.075162707855916e-09
855.7048122905256,353.499061726257,3.947038899251167,-244.90043768439105,-254.9222670998706,-1.0751627167800272e-09
856.2048122905256,353.998968741482,3.947067027100572,-245.23958736242696,-255.28966814256168,-1.0751625607580067e-09
856.7048122905256,354.4988760274055,3.9470950760061285,-245.57873693562576,-255.6570692740503,-1.0751624552899162e-09
857.2048122905256,354.99878358288663,3.9471230463015035,-245.91788640395401,-256.02447049440633,-1.0751625999858364e-09
857.7048122905256,355.4986914067907,3.947150938318488,-246.2570357673782,-256.39187180369976,-1.0751626995591265e-09
858.2048122905256,355.9985994979895,3.947178752387009,-246.5961850258648,-256.75927320200026,-1.075162524564811e-09
858.7048122905256,356.4985078553611,3.947206488835144,-246.93533417938028,-257.12667468937707,-1.075162728927208e-09
859.2048122905256,356.99841647778976,3.9472341479891306,-247.27448322789118,-257.4940762658993,-1.0751628298373987e-09
859.7048122905256,357.49832536416613,3.947261730173384,-247.61363217136403,-257.86147793163605,-1.0751629901153935e-09
860.2048122905256,357.99823451338693,3.947289235710507,-247.95278100976495,-258.2288796866561,-1.0751627920916803e-09
860.7048122905256,358.498143924355,3.9473166649213023,-248.29192974306056,-258.5962815310279,-1.0751628960445848e-09
861.2048122905256,358.99805359597934,3.947344018124786,-248.63107837121723,-258.9636834648196,-1.0751629287345384e-09
861.7048122905256,359.497963527175,3.9473712956381997,-248.9702268942013,-259.3310854880995,-1.0751630757057073e-09
862.2048122905256,359.997873716863,3.947398497777024,-249.30937531197898,-259.69848760093544,-1.0751630741890952e-09
862.7048122905256,360.4977841639704,3.9474256248549877,-249.6485236245168,-260.0658898033951,-1.0751630962263077e-09
863.2048122905256,360.9976948674301,3.9474526771840837,-249.98767183178103,-260.4332920955459,-1.0751630880758922e-09
863.7048122905256,361.4976058261809,3.947479655074578,-250.32681993373782,-260.80069447745507,-1.0751628873327912e-09
864.2048122905256,361.9975170391676,3.9475065588350238,-250.66596793035353,-261.1680969491898,-1.0751631638518716e-09
864.7048122905256,362.49742850534057,3.9475333887722712,-251.00511582159433,-261.5354995108169,-1.0751628057046435e-09
865.2048122905256,362.9973402236561,3.947560145191481,-251.34426360742648,-261.90290216240305,-1.075162674302934e-09
865.7048122905256,363.49725219307624,3.947586828396134,-251.68341128781614,-262.27030490401467,-1.0751630855836434e-09
866.2048122905256,363.9971644125686,3.9476134386880455,-252.02255886272962,-262.6377077357181,-1.0751628440436357e-09
866.7048122905256,364.4970768811066,3.947639976367374,-252.36170633213294,-263.00511065757945,-1.0751631609103773e-09
867.2048122905256,364.996989597669,3.9476664417326344,-252.70085369599224,-263.37251366966456,-1.0751630487678278e-09
867.7048122905256,365.4969025612405,3.9476928350807077,-253.04000095427364,-263.7399167720391,-1.0751629045287426e-09
868.2048122905256,365.9968157708111,3.947719156706853,-253.37914810694335,-264.1073199647687,-1.0751631978664382e-09
868.7048122905256,366.4967292253763,3.9477454069047195,-253.7182951539673,-264.4747232479187,-1.0751630536705807e-09
869.2048122905256,366.99664292393715,3.9477715859663554,-254.05744209531153,-264.84212662155403,-1.0751631197778963e-09
869.7048122905256,367.4965568655,3.94779769418222,-254.3965889309421,-265.2095300857398,-1.075162996710076e-09
870.2048122905256,367.9964710490768,3.9478237318411953,-254.73573566082507,-265.57693364054086,-1.0751630261773888e-09
870.7048122905256,368.49638547368454,3.9478496992305945,-255.07488228492628,-265.9443372860218,-1.075163259170068e-09
871.2048122905256,368.9963001383459,3.9478755966361745,-255.4140288032118,-266.31174102224696,-1.0751627568419077e-09
871.7048122905256,369.49621504208847,3.9479014243421457,-255.7531752156475,-266.6791448492806,-1.0751627347372921e-09
872.2048122905256,369.99613018394535,3.947927182631183,-256.0923215221992,-267.046548767187,-1.0751627786628348e-09
872.7048122905256,370.49604556295475,3.9479528717844348,-256.4314677228329,-267.4139527760299,-1.075162832220344e-09
873.2048122905256,370.99596117816,3.9479784920815346,-256.77061381751446,-267.781356875873,-1.0751630071134298e-09
873.7048122905256,371.49587702860964,3.9480040438006108,-257.1097598062098,-268.1487610667798,-1.0751628971541876e-09
874.2048122905256,371.9957931133573,3.948029527218297,-257.44890568888457,-268.5161653488139,-1.0751627779420733e-09
874.7048122905256,372.4957094314617,3.9480549426097418,-257.78805146550457,-268.88356972203843,-1.0751631569206442e-09
875.2048122905256,372.9956259819865,3.9480802902486185,-258.12719713603565,-269.2509741865165,-1.075162711220618e-09
875.7048122905256,373.4955427640005,3.9481055704071353,-258.4663427004435,-269.61837874231094,-1.0751629263746759e-09
876.2048122905256,373.9954597765774,3.9481307833560453,-258.80548815869383,-269.98578338948454,-1.0751625718570779e-09
876.7048122905256,374.4953770187957,3.9481559293646558,-259.1446335107524,-270.35318812809993,-1.0751629255105873e-09
877.2048122905256,374.9952944897391,3.9481810087008378,-259.4837787565848,-270.72059295821936,-1.0751626132472868e-09
877.7048122905256,375.4952121884959,3.9482060216310364,-259.8229238961567,-271.08799787990523,-1.0751626461256976e-09
878.2048122905256,375.99513011415934,3.9482309684202797,-260.16206892943364,-271.4554028932197,-1.07516283390136e-09
878.7048122905256,376.49504826582756,3.9482558493321873,-260.5012138563814,-271.82280799822456,-1.075162912912825e-09
879.2048122905256,376.9949666426033,3.948280664628982,-260.84035867696537,-272.19021319498177,-1.0751627761322571e-09
879.7048122905256,377.4948852435941,3.9483054145714966,-261.1795033911512,-272.55761848355286,-1.0751628380783137e-09
880.2048122905256,377.99480406791236,3.9483300994191843,-261.5186479989043,-272.92502386399934,-1.075162679462066e-09
880.7048122905256,378.4947231146749,3.948354719430128,-261.8577925001903,-273.2924293363826,-1.0751628427538924e-09
881.2048122905256,378.9946423830034,3.9483792748610487,-262.1969368949746,-273.6598349007638,-1.0751627591057774e-09
881.7048122905256,379.494561872024,3.948403765967315,-262.5360811832225,-274.02724055720415,-1.0751628794970802e-09
882.2048122905256,379.9944815808676,3.948428193002951,-262.8752253648996,-274.3946463057644,-1.0751627114061404e-09
882.7048122905256,380.4944015086695,3.9484525562206465,-263.2143694399713,-274.76205214650537,-1.0751629685752718e-09
883.2048122905256,380.99432165456966,3.9484768558717653,-263.55351340840275,-275.1294580794877,-1.0751631521346107e-09
883.7048122905256,381.4942420177124,3.948501092206353,-263.8926572701595,-275.4968641047717,-1.0751627101907895e-09
884.2048122905256,381.9941625972466,3.948525265473147,-264.23180102520666,-275.864270222418,-1.0751626706803026e-09
884.7048122905256,382.4940833923256,3.948549375919584,-264.5709446735097,-276.23167643248667,-1.075162603593342e-09
885.2048122905256,382.99400440210707,3.9485734237918093,-264.91008821503374,-276.5990827350377,-1.0751629563895649e-09
885.7048122905256,383.49392562575315,3.9485974093346843,-265.249231649744,-276.96648913013127,-1.0751628368769187e-09
886.2048122905256,383.9938470624303,3.948621332791795,-265.58837497760584,-277.33389561782695,-1.0751629483786864e-09
886.7048122905256,384.49376871130926,3.948645194405462,-265.9275181985843,-277.7013021981845,-1.0751628647312508e-09
887.2048122905256,384.9936905715651,3.948668994416746,-266.2666613126445,-278.0687088712635,-1.0751630023275082e-09
887.7048122905256,385.4936126423771,3.9486927330654575,-266.60580431975154,-278.4361156371232,-1.0751629347545728e-09
888.2048122905256,385.993534922929,3.9487164105901655,-266.9449472198707,-278.80352249582296,-1.0751629362656e-09
888.7048122905256,386.4934574124085,3.9487400272282045,-267.2840900129668,-279.170929447422,-1.075162770344534e-09
889.2048122905256,386.9933801100076,3.948763583215682,-267.623232699005,-279.5383364919793,-1.0751630634154257e-09
889.7048122905256,387.49330301492245,3.948787078787488,-267.9623752779503,-279.9057436295537,-1.0751627138565128e-09
890.2048122905256,387.99322612635336,3.948810514177301,-268.30151774976764,-280.273150860204,-1.0751627613493842e-09
890.7048122905256,388.4931494435047,3.9488338896175983,-268.640660114422,-280.6405581839889,-1.075162713680932e-09
891.2048122905256,388.99307296558493,3.9488572053396607,-268.9798023718783,-281.0079656009669,-1.075162623416314e-09
891.7048122905256,389.4929966918066,3.9488804615735824,-269.31894452210133,-281.3753731111963,-1.075162594933945e-09
892.2048122905256,389.9929206213862,3.9489036585482777,-269.65808656505607,-281.7427807147356,-1.0751627240992616e-09
892.7048122905256,390.4928447535444,3.948926796491489,-269.99722850070725,-282.11018841164275,-1.075162584965397e-09
893.2048122905256,390.9927690875056,3.9489498756297934,-270.33637032901976,-282.477596201976,-1.075162837749972e-09
893.7048122905256,391.49269362249845,3.9489728961886117,-270.6755120499582,-282.8450040857932,-1.0751626579248885e-09
894.2048122905256,391.99261835775525,3.948995858392214,-271.0146536634875,-283.21241206315216,-1.0751626891265337e-09
894.7048122905256,392.4925432925124,3.949018762463728,-271.3537951695722,-283.57982013411066,-1.0751628874773505e-09
895.2048122905256,392.99246842601,3.949041608625146,-271.69293656817723,-283.94722829872615,-1.0751628809722016e-09
895.7048122905256,393.4923937574922,3.949064397097333,-272.0320778592671,-284.3146365570562,-1.075162952879616e-09
896.2048122905256,393.99231928620685,3.949087128100033,-272.37121904280633,-284.6820449091582,-1.075162839266085e-09
896.7048122905256,394.4922450114056,3.9491098018518747,-272.71036011875964,-285.0494533550894,-1.0751632303672367e-09
897.2048122905256,394.992170932344,3.949132418570382,-273.0495010870916,-285.41686189490696,-1.0751631167077133e-09
897.7048122905256,395.49209704828115,3.949154978471978,-273.38864194776664,-285.78427052866795,-1.0751628665719266e-09
898.2048122905256,395.9920233584801,3.9491774817719936,-273.7277827007493,-286.1516792564293,-1.0751630342378951e-09
898.7048122905256,396.49194986220743,3.9491999286846724,-274.06692334600405,-286.5190880782478,-1.0751628325563674e-09
899.2048122905256,396.99187655873357,3.9492223194231806,-274.4060638834954,-286.8864969941803,-1.075162903977162e-09
899.7048122905256,397.4918034473325,3.949244654199611,-274.7452043131876,-287.25390600428324,-1.0751626713489897e-09
900.2048122905256,397.99173052728185,3.9492669332249917,-275.08434463504517,-287.6213151086133,-1.0751628530678869e-09
900.7048122905256,398.4916577978629,3.9492891567092907,-275.4234848490324,-287.9887243072268,-1.07516296838034e-09
901.2048122905256,398.99158525836054,3.949311324861425,-275.76262495511355,-288.3561336001802,-1.0751626476261249e-09
901.7048122905256,399.4915129080632,3.9493334378892655,-276.10176495325294,-288.72354298752964,-1.075162771327933e-09
902.2048122905256,399.99144074626287,3.9493554959996433,-276.4409048434149,-289.0909524693313,-1.0751626711759197e-09
902.7048122905256,400.49136877225504,3.949377499398358,-276.7800446255635,-289.45836204564114,-1.0751627293268187e-09
903.2048122905256,400.9912969853388,3.949399448290182,-277.11918429966306,-289.8257717165152,-1.075162383540017e-09
903.7048122905256,401.4912253848166,3.9494213428788685,-277.45832386567764,-290.19318148200915,-1.075162464624163e-09
904.2048122905256,401.99115396999434,3.949443183367157,-277.7974633235713,-290.56059134217895,-1.0751626781014433e-09
904.7048122905256,402.4910827401816,3.9494649699567796,-278.13660267330846,-290.92800129708013,-1.0751626471120834e-09
905.2048122905256,402.99101169469105,3.949486702848468,-278.4757419148528,-291.2954113467683,-1.075162539693105e-09
905.7048122905256,403.490940832839,3.949508382241959,-278.81488104816833,-291.6628214912989,-1.0751622492970722e-09
906.2048122905256,403.990870153945,3.9495300083360005,-279.1540200732194,-292.03023173072734,-1.0751624553751468e-09
906.7048122905256,404.4907996573321,3.949551581328358,-279.49315898996963,-292.3976420651089,-1.0751625108509979e-09
907.2048122905256,404.9907293423265,3.9495731014158206,-279.8322977983831,-292.7650524944988,-1.0751624745934004e-09
907.7048122905256,405.4906592082579,3.9495945687942076,-280.1714364984236,-293.13246301895214,-1.0751624843656323e-09
908.2048122905256,405.99058925445917,3.949615983658373,-280.51057509005506,-293.499873638524,-1.0751627529465835e-09
908.7048122905256,406.49051948026647,3.949637346202213,-280.8497135732412,-293.8672843532693,-1.0751628161479071e-09
909.2048122905256,406.99044988501925,3.949658656618671,-281.18885194794603,-294.2346951632429,-1.0751626356349756e-09
909.7048122905256,407.49038046806015,3.9496799150997433,-281.52799021413296,-294.60210606849955,-1.0751626603081193e-09
910.2048122905256,407.99031122873515,3.9497011218364855,-281.867128371766,-294.969517069094,-1.0751626722805913e-09
910.7048122905256,408.4902421663933,3.9497222770190183,-282.2062664208086,-295.33692816508096,-1.0751626983330454e-09
911.2048122905256,408.9901732803868,3.9497433808365328,-282.54540436122466,-295.7043393565148,-1.0751626022647484e-09
911.7048122905256,409.4901045700711,3.9497644334772954,-282.8845421929776,-296.07175064344995,-1.0751627202949147e-09
912.2048122905256,409.99003603480475,3.9497854351286557,-283.2236799160312,-296.43916202594085,-1.0751626730088469e-09
912.7048122905256,410.4899676739495,3.94980638597705,-283.56281753034875,-296.80657350404186,-1.0751627075954159e-09
913.2048122905256,410.98989948687,3.9498272862080075,-283.90195503589405,-297.17398507780706,-1.075162905969321e-09
913.7048122905256,411.4898314729342,3.9498481360061564,-284.24109243263035,-297.5413967472908,-1.0751628904586202e-09
914.2048122905256,411.98976363151303,3.9498689355552283,-284.5802297205211,-297.90880851254707,-1.0751627429453654e-09
914.7048122905256,412.4896959619804,3.9498896850380643,-284.91936689952985,-298.2762203736297,-1.0751626870192828e-09
915.2048122905256,412.98962846371325,3.9499103846366204,-285.2585039696199,-298.64363233059277,-1.075163081165727e-09
915.7048122905256,413.48956113609165,3.9499310345319727,-285.59764093075455,-299.0110443834901,-1.075162886203153e-09
916.2048122905256,413.98949397849856,3.949951634904323,-285.9367777828971,-299.3784565323755,-1.075162898201626e-09
916.7048122905256,414.4894269903199,3.949972185933003,-286.2759145260108,-299.7458687773026,-1.07516288188936e-09
917.2048122905256,414.98936017094456,3.9499926877964815,-286.6150511600589,-300.11328111832506,-1.075162889960332e-09
917.7048122905256,415.4892935197645,3.9500131406723673,-286.95418768500457,-300.48069355549643,-1.0751626900133369e-09
918.2048122905256,415.9892270361743,3.9500335447374164,-287.293324100811,-300.8481060888703,-1.075162678761871e-09
918.7048122905256,416.4891607195718,3.9500539001675357,-287.63246040744133,-301.2155187185,-1.0751626856690347e-09
919.2048122905256,416.98909456935746,3.9500742071377886,-287.9715966048586,-301.5829314444388,-1.0751626792674106e-09
919.7048122905256,417.48902858493466,3.9500944658224,-288.3107326930259,-301.9503442667402,-1.075162626028301e-09
920.2048122905256,417.9889627657097,3.9501146763947625,-288.64986867190623,-302.3177571854573,-1.0751624904687008e-09
920.7048122905256,418.4888971110916,3.9501348390274384,-288.9890045414626,-302.6851702006432,-1.075162631842035e-09
921.2048122905256,418.9888316204923,3.9501549538921683,-289.32814030165775,-303.0525833123511,-1.0751627380074646e-09
921.7048122905256,419.48876629332653,3.9501750211598727,-289.6672759524548,-303.41999652063396,-1.075162634938192e-09
922.2048122905256,419.98870112901176,3.9501950410006597,-290.00641149381653,-303.7874098255448,-1.0751627303166013e-09
922.7048122905256,420.48863612696823,3.9502150135838274,-290.3455469257058,-304.1548232271366,-1.0751624586521905e-09
923.2048122905256,420.9885712866189,3.9502349390778706,-290.6846822480852,-304.522236725462,-1.0751626598121513e-09
923.7048122905256,421.4885066073895,3.9502548176504844,-291.0238174609177,-304.889650320574,-1.0751627023976015e-09
924.2048122905256,421.98844208870855,3.9502746494685694,-291.362952564166,-305.2570640125252,-1.075162656083982e-09
924.7048122905256,422.48837773000713,3.9502944346982365,-291.70208755779265,-305.6244778013683,-1.0751625849553948e-09
925.2048122905256,422.98831353071904,3.950314173504811,-292.04122244176034,-305.9918916871559,-1.0751624869429857e-09
925.7048122905256,423.4882494902808,3.950333866052838,-292.38035721603165,-306.35930566994045,-1.0751626579918287e-09
926.2048122905256,423.9881856081316,3.9503535125060862,-292.7194918805693,-306.7267197497746,-1.0751624855237148e-09
926.7048122905256,424.4881218837131,3.950373113027554,-293.0586264353356,-307.0941339267107,-1.075162262758647e-09
927.2048122905256,424.9880583164699,3.9503926677794716,-293.39776088029305,-307.4615482008012,-1.0751624448704239e-09
927.7048122905256,425.4879949058489,3.9504121769233076,-293.7368952154041,-307.8289625720985,-1.075162307265956e-09
928.2048122905256,425.9879316512997,3.9504316406197724,-294.0760294406312,-308.1963770406546,-1.0751622407673695e-09
928.7048122905256,426.48786855227445,3.950451059028823,-294.41516355593683,-308.563791606522,-1.0751621634994266e-09
929.2048122905256,426.9878056082279,3.9504704323096673,-294.75429756128307,-308.93120626975264,-1.0751624449542808e-09
929.7048122905256,427.48774281861745,3.950489760620769,-295.0934314566324,-309.2986210303987,-1.075162208380603e-09
930.2048122905256,427.9876801829028,3.9505090441198516,-295.4325652419469,-309.66603588851245,-1.075162267685253e-09
930.7048122905256,428.4876177005463,3.9505282829639015,-295.7716989171889,-310.0334508441456,-1.0751620872049665e-09
931.2048122905256,428.9875553710128,3.950547477309174,-296.1108324823206,-310.4008658973503,-1.075162235413472e-09
931.7048122905256,429.4874931937696,3.950566627311198,-296.44996593730406,-310.76828104817827,-1.0751623951594319e-09
932.2048122905256,429.9874311682865,3.9505857331247776,-296.7890992821013,-311.13569629668166,-1.0751621510845021e-09
932.7048122905256,430.4873692940358,3.950604794903999,-297.12823251667436,-311.5031116429122,-1.0751623698209518e-09
933.2048122905256,430.9873075704921,3.9506238128022324,-297.46736564098546,-311.8705270869214,-1.0751623111311527e-09
933.7048122905256,431.48724599713256,3.9506427869721388,-297.8064986549964,-312.2379426287613,-1.0751621937128615e-09
934.2048122905256,431.98718457343676,3.950661717565672,-298.145631558669,-312.6053582684835,-1.0751622256509789e-09
934.7048122905256,432.4871232988867,3.9506806047340826,-298.4847643519654,-312.97277400613956,-1.0751624006965258e-09
935.2048122905256,432.98706217296655,3.9506994486279234,-298.8238970348473,-313.34018984178107,-1.0751623056196872e-09
935.7048122905256,433.48700119516315,3.9507182493970534,-299.1630296072764,-313.7076057754597,-1.0751623407645644e-09
936.2048122905256,433.9869403649655,3.95073700719064,-299.50216206921476,-314.0750218072268,-1.0751624922871519e-09
936.7048122905256,434.48687968186505,3.9507557221571643,-299.84129442062385,-314.4424379371338,-1.0751624489223663e-09
937.2048122905256,434.98681914535547,3.950774394444426,-300.1804266614654,-314.8098541652322,-1.0751622978365924e-09
937.7048122905256,435.4867587549329,3.9507930241995455,-300.51955879170106,-315.17727049157344,-1.0751623136756223e-09
938.2048122905256,435.9866985100957,3.950811611568968,-300.85869081129243,-315.54468691620883,-1.07516237557949e-09
938.7048122905256,436.48663841034454,3.950830156698469,-301.19782272020103,-315.9121034391896,-1.0751624591754174e-09
939.2048122905256,436.9865784551824,3.9508486597331562,-301.5369545183884,-316.27952006056705,-1.0751624442494637e-09
939.7048122905256,437.4865186441144,3.950867120817474,-301.8760862058162,-316.64693678039225,-1.0751622122399482e-09
940.2048122905256,437.9864589766481,3.950885540095208,-302.2152177824455,-317.0143535987166,-1.0751620156837122e-09
940.7048122905256,438.4863994522932,3.950903917709488,-302.55434924823805,-317.381770515591,-1.075162370172865e-09
941.2048122905256,438.9863400705616,3.9509222538027915,-302.8934806031549,-317.74918753106664,-1.0751623187590577e-09
941.7048122905256,439.4862808309675,3.9509405485169484,-303.23261184715756,-318.1166046451946,-1.0751623743690127e-09
942.2048122905256,439.9862217330272,3.950958801993144,-303.5717429802073,-318.4840218580259,-1.0751621381440473e-09
942.7048122905256,440.48616277625933,3.9509770143719223,-303.9108740022651,-318.8514391696117,-1.0751622826174785e-09
943.2048122905256,440.9861039601846,3.9509951857931904,-304.25000491329234,-319.2188565800027,-1.0751620534559967e-09
943.7048122905256,441.48604528432594,3.951013316396222,-304.58913571325013,-319.58627408924997,-1.0751624555352774e-09
944.2048122905256,441.98598674820835,3.9510314063196605,-304.9282664020995,-319.9536916974043,-1.0751621340561869e-09
944.7048122905256,442.48592835135906,3.951049455701523,-305.2673969798015,-320.32110940451673,-1.0751621657654997e-09
945.2048122905256,442.98587009330737,3.9510674646792032,-305.60652744631716,-320.68852721063786,-1.075161982125014e-09
945.7048122905256,443.48581197358476,3.951085433389476,-305.9456578016074,-321.0559451158186,-1.0751619530443682e-09
946.2048122905256,443.9857539917248,3.9511033619685,-306.2847880456332,-321.4233631201097,-1.0751623499989647e-09
946.7048122905256,444.485696147263,3.951121250551821,-306.62391817835544,-321.7907812235618,-1.0751619517263824e-09
947.2048122905256,444.9856384397373,3.951139099274377,-306.96304819973494,-322.1581994262257,-1.0751621048734817e-09
947.7048122905256,445.48558086868735,3.9511569082704994,-307.3021781097325,-322.525617728152,-1.075162247818812e-09
948.2048122905256,445.9855234336551,3.9511746776739174,-307.6413079083088,-322.8930361293914,-1.0751622365482463e-09
948.7048122905256,446.4854661341844,3.9511924076177616,-307.9804375954246,-323.26045462999446,-1.075162326707321e-09
949.2048122905256,446.98540896982115,3.9512100982345673,-308.3195671710404,-323.6278732300118,-1.0751622116688883e-09
949.7048122905256,447.48535194011345,3.951227749656277,-308.65869663511705,-323.9952919294939,-1.0751622952867531e-09
950.2048122905256,447.9852950446112,3.951245362014245,-308.997825987615,-324.3627107284914,-1.0751625009577902e-09
950.7048122905256,448.4852382828664,3.9512629354392397,-309.33695522849473,-324.7301296270546,-1.0751625223078396e-09
951.2048122905256,448.98518165443306,3.9512804700614472,-309.67608435771683,-325.0975486252342,-1.07516274519615e-09
951.7048122905256,449.4851251588671,3.951297966010475,-310.0152133752415,-325.4649677230806,-1.0751623344207664e-09
952.2048122905256,449.9850687957265,3.951315423415354,-310.35434228102935,-325.8323869206442,-1.0751624230600871e-09
952.7048122905256,450.4850125645711,3.951332842404543,-310.6934710750406,-326.1998062179754,-1.0751624740810164e-09
953.2048122905256,450.98495646496275,3.9513502231059303,-311.03259975723563,-326.5672256151244,-1.0751626270639486e-09
953.7048122905256,451.4849004964653,3.9513675656468394,-311.3717283275747,-326.93464511214194,-1.0751627234533032e-09
954.2048122905256,451.9848446586443,3.9513848701540297,-311.7108567860178,-327.302064709078,-1.0751627520912721e-09
954.7048122905256,452.4847889510675,3.9514021367537002,-312.0499851325255,-327.66948440598304,-1.0751626999430228e-09
955.2048122905256,452.9847333733044,3.9514193655714935,-312.3891133670576,-328.0369042029072,-1.0751626230559484e-09
955.7048122905256,453.48467792492636,3.9514365567324985,-312.72824148957415,-328.4043240999009,-1.075162643578999e-09
956.2048122905256,453.98462260550673,3.9514537103612524,-313.06736950003534,-328.7717440970144,-1.0751626682207785e-09
956.7048122905256,454.48456741462064,3.951470826581745,-313.4064973984011,-329.1391641942977,-1.0751625355615027e-09
957.2048122905256,454.9845123518452,3.9514879055174212,-313.7456251846312,-329.5065843918013,-1.0751626352495973e-09
957.7048122905256,455.48445741675926,3.9515049472911845,-314.0847528586857,-329.87400468957526,-1.0751625947021659e-09
958.2048122905256,455.9844026089435,3.9515219520253986,-314.4238804205243,-330.24142508766965,-1.0751627248043578e-09
958.7048122905256,456.48434792798065,3.9515389198418918,-314.763007870107,-330.6088455861347,-1.0751627898694447e-09
959.2048122905256,456.98429337345493,3.9515558508619595,-315.1021352073933,-330.9762661850205,-1.0751626261779218e-09
959.7048122905256,457.48423894495266,3.9515727452063665,-315.44126243234314,-331.3436868843772,-1.0751624669625085e-09
960.2048122905256,457.9841846420618,3.9515896029953512,-315.7803895449159,-331.7111076842548,-1.0751629255512314e-09
960.7048122905256,458.4841304643722,3.9516064243486273,-316.11951654507146,-332.0785285847035,-1.075162787041822e-09
961.2048122905256,458.98407641147537,3.951623209385387,-316.4586434327691,-332.4459495857733,-1.075162601402875e-09
961.7048122905256,459.48402248296475,3.951639958224303,-316.79777020796865,-332.8133706875142,-1.0751628345888136e-09
962.2048122905256,459.9839686784354,3.9516566709835343,-317.1368968706293,-333.18079188997626,-1.0751628035334557e-09
962.7048122905256,460.4839149974843,3.951673347780725,-317.4760234207106,-333.54821319320956,-1.075162842954317e-09
963.2048122905256,460.98386143971,3.95168998873301,-317.81514985817176,-333.91563459726405,-1.0751628417800772e-09
963.7048122905256,461.48380800471284,3.951706593957016,-318.15427618297235,-334.28305610218956,-1.0751629355862167e-09
964.2048122905256,461.983754692095,3.951723163568866,-318.49340239507137,-334.65047770803636,-1.0751630103556393e-09
964.7048122905256,462.4837015014602,3.9517396976841797,-318.8325284944281,-335.01789941485424,-1.0751631344728798e-09
965.2048122905256,462.983648432414,3.9517561964180783,-319.17165448100195,-335.3853212226931,-1.0751630136888167e-09
965.7048122905256,463.48359548456364,3.9517726598851866,-319.5107803547519,-335.7527431316029,-1.075162835263052e-09
966.2048122905256,463.983542657518,3.9517890881996354,-319.84990611563677,-336.1201651416337,-1.0751627194782754e-09
966.7048122905256,464.48348995088764,3.9518054814750636,-320.18903176361596,-336.4875872528353,-1.0751628387648e-09
967.2048122905256,464.98343736428484,3.9518218398246225,-320.52815729864824,-336.85500946525764,-1.0751628959083911e-09
967.7048122905256,465.48338489732356,3.9518381633609763,-320.8672827206927,-337.22243177895047,-1.0751627160537214e-09
968.2048122905256,465.9833325496193,3.951854452196307,-321.20640802970803,-337.58985419396396,-1.0751624687823991e-09
968.7048122905256,466.48328032078933,3.951870706442315,-321.54553322565323,-337.9572767103476,-1.0751627663480799e-09
969.2048122905256,466.9832282104525,3.9518869262102223,-321.884658308487,-338.32469932815155,-1.0751625241628554e-09
969.7048122905256,467.48317621822935,3.9519031116107763,-322.2237832781681,-338.6921220474255,-1.0751623521105296e-09
970.2048122905256,467.98312434374185,3.9519192627542505,-322.56290813465523,-339.0595448682194,-1.0751625086221421e-09
970.7048122905256,468.4830725866138,3.951935379750448,-322.9020328779069,-339.42696779058315,-1.0751622618533385e-09
971.2048122905256,468.9830209464705,3.951951462708704,-323.2411575078818,-339.79439081456644,-1.0751623055606492e-09
971.7048122905256,469.4829694229389,3.9519675117378874,-323.5802820245385,-340.1618139402192,-1.0751623451889484e-09
972.2048122905256,469.9829180156474,3.951983526946405,-323.91940642783544,-340.5292371675911,-1.0751622000965174e-09
972.7048122905256,470.48286672422614,3.951999508442202,-324.2585307177311,-340.896660496732,-1.0751624306371639e-09
973.2048122905256,470.98281554830675,3.952015456332766,-324.59765489418373,-341.2640839276919,-1.0751625327108964e-09
973.7048122905256,471.4827644875224,3.952031370725129,-324.93677895715183,-341.63150746052037,-1.0751624310281625e-09
974.2048122905256,471.98271354150785,3.952047251725869,-325.2759029065936,-341.9989310952672,-1.0751623589738632e-09
974.7048122905256,472.48266270989944,3.9520630994411134,-325.61502674246736,-342.3663548319824,-1.0751625403952862e-09
975.2048122905256,472.9826119923349,3.9520789139765413,-325.95415046473113,-342.73377867071554,-1.0751623819463668e-09
975.7048122905256,473.4825613884537,3.952094695437385,-326.2932740733432,-343.10120261151656,-1.0751625097602835e-09
976.2048122905256,473.9825108978966,3.952110443928433,-326.6323975682616,-343.4686266544352,-1.0751623356304274e-09
976.7048122905256,474.48246052030606,3.952126159554033,-326.9715209494443,-343.83605079952116,-1.0751624709045614e-09
977.2048122905256,474.98241025532593,3.9521418424180923,-327.3106442168495,-344.20347504682417,-1.0751626257653448e-09
977.7048122905256,475.4823601026016,3.952157492624083,-327.64976737043474,-344.5708993963943,-1.075162711769723e-09
978.2048122905256,475.98231006177997,3.952173110275041,-327.9888904101584,-344.93832384828096,-1.0751626415407548e-09
978.7048122905256,476.48226013250934,3.9521886954735703,-328.32801333597786,-345.30574840253416,-1.0751626147169074e-09
979.2048122905256,476.98221031443956,3.952204248321846,-328.6671361478512,-345.6731730592036,-1.075162633568397e-09
979.7048122905256,477.4821606072219,3.9522197689216134,-329.00625884573594,-346.04059781833905,-1.0751625109468373e-09
980.2048122905256,477.9821110105091,3.9522352573741943,-329.3453814295898,-346.40802267999027,-1.0751627149819652e-09
980.7048122905256,478.48206152395534,3.952250713780486,-329.6845038993704,-346.7754476442071,-1.0751624976970682e-09
981.2048122905256,478.98201214721627,3.9522661382409647,-330.0236262550353,-347.1428727110392,-1.07516223143858e-09
981.7048122905256,479.481962879949,3.952281530855688,-330.3627484965421,-347.51029788053654,-1.0751626377591899e-09
982.2048122905256,479.9819137218119,3.9522968917242967,-330.70187062384815,-347.8777231527487,-1.0751625229401172e-09
982.7048122905256,480.481864672465,3.9523122209460166,-331.040992636911,-348.2451485277255,-1.0751624262232212e-09
983.2048122905256,480.98181573156955,3.952327518619662,-331.3801145356879,-348.61257400551676,-1.07516242504172e-09
983.7048122905256,481.4817668987883,3.9523427848436357,-331.7192363201362,-348.9799995861722,-1.0751624169155255e-09
984.2048122905256,481.9817181737854,3.9523580197159336,-332.05835799021304,-349.34742526974173,-1.0751622138039784e-09
984.7048122905256,482.48166955622634,3.9523732233341446,-332.3974795458758,-349.71485105627505,-1.0751622369158311e-09
985.2048122905256,482.981621045778,3.952388395795454,-332.7366009870816,-350.0822769458219,-1.075162292197713e-09
985.7048122905256,483.4815726421087,3.9524035371966457,-333.07572231378754,-350.4497029384321,-1.0751621900787779e-09
986.2048122905256,483.981524344888,3.9524186476341034,-333.41484352595046,-350.8171290341556,-1.0751621670731345e-09
986.7048122905256,484.48147615378696,3.952433727203813,-333.75396462352757,-351.18455523304203,-1.0751621158078956e-09
987.2048122905256,484.9814280684779,3.9524487760013645,-334.09308560647565,-351.55198153514124,-1.0751622625895085e-09
987.7048122905256,485.4813800886345,3.952463794121955,-334.43220647475175,-351.9194079405031,-1.0751620016164427e-09
988.2048122905256,485.9813322139319,3.95247878166039,-334.7713272283126,-352.2868344491773,-1.0751620512967748e-09
988.7048122905256,486.4812844440464,3.952493738711085,-335.11044786711483,-352.654261061214,-1.0751621334579452e-09
989.2048122905256,486.9812367786557,3.952508665368067,-335.4495683911154,-353.02168777666276,-1.0751618967344016e-09
989.7048122905256,487.4811892174389,3.95252356172498,-335.78868880027085,-353.38911459557346,-1.075162115268664e-09
990.2048122905256,487.98114176007624,3.9525384278750817,-336.12780909453784,-353.75654151799586,-1.0751617973505657e-09
990.7048122905256,488.48109440624944,3.9525532639112497,-336.4669292738729,-354.12396854398014,-1.0751620205958066e-09
991.2048122905256,488.98104715564136,3.9525680699259813,-336.8060493382324,-354.4913956735758,-1.0751621926972063e-09
991.7048122905256,489.4810000079363,3.952582846011396,-337.1451692875731,-354.8588229068329,-1.0751622015957457e-09
992.2048122905256,489.98095296281974,3.952597592259238,-337.4842891218512,-355.2262502438013,-1.0751621669448756e-09
992.7048122905256,490.48090601997853,3.952612308760877,-337.8234088410229,-355.5936776845309,-1.075162203043141e-09
993.2048122905256,490.9808591791007,3.9526269956073112,-338.16252844504476,-355.9611052290717,-1.0751621928776433e-09
993.7048122905256,491.48081243987565,3.952641652889168,-338.5016479338729,-356.3285328774733,-1.0751621710756472e-09
994.2048122905256,491.9807658019939,3.952656280696707,-338.84076730746347,-356.69596062978593,-1.0751620212502528e-09
994.7048122905256,492.4807192651474,3.9526708791198217,-339.1798865657725,-357.0633884860594,-1.075162144248029e-09
995.2048122905256,492.98067282902923,3.9526854482480407,-339.51900570875625,-357.4308164463438,-1.0751622696541872e-09
995.7048122905256,493.4806264933337,3.95269998817053,-339.85812473637054,-357.7982445106889,-1.0751622788121151e-09
996.2048122905256,493.9805802577564,3.952714498976094,-340.1972436485715,-358.1656726791447,-1.075162055258985e-09
996.7048122905256,494.48053412199414,3.95272898075318,-340.5363624453148,-358.53310095176124,-1.0751621263128038e-09
997.2048122905256,494.980488085745,3.9527434335898763,-340.8754811265565,-358.9005293285884,-1.0751620817365966e-09
997.7048122905256,495.48044214870816,3.952757857573917,-341.21459969225225,-359.2679578096764,-1.0751619436146794e-09
998.2048122905256,495.9803963105841,3.9527722527926814,-341.55371814235775,-359.63538639507505,-1.0751618710912976e-09
998.7048122905256,496.48035057107455,3.952786619333198,-341.89283647682873,-360.0028150848344,-1.075162085898657e-09
999.2048122905256,496.9803049298823,3.952800957282145,-342.2319546956209,-360.3702438790046,-1.0751620474255733e-09
999.7048122905256,497.4802593867115,3.952815266725852,-342.57107279868984,-360.7376727776356,-1.0751622503385923e-09
1000.2048122905256,497.9802139412673,3.952829547750302,-342.9101907859909,-361.1051017807776,-1.0751620929914766e-09
1000.7048122905256,498.48016859325617,3.952843800441134,-343.2493086574795,-361.47253088848043,-1.075162329698162e-09
1001.2048122905256,498.9801233423857,3.952858024883643,-343.5884264131111,-361.8399601007945,-1.0751619631067223e-09
1001.7048122905256,499.48007818836464,3.952872221162784,-343.92754405284103,-362.20738941776983,-1.075162002224421e-09
1002.2048122905256,499.98003313090294,3.95288638936317,-344.2666615766245,-362.57481883945655,-1.0751621157031805e-09
1002.7048122905256,500.4799881697117,3.9529005295690784,-344.60577898441676,-362.94224836590473,-1.075162110667311e-09
1003.2048122905256,500.97994330450314,3.952914641864449,-344.94489627617304,-363.3096779971646,-1.0751621849635335e-09
1003.7048122905256,501.47989853499064,3.952928726332887,-345.2840134518484,-363.6771077332862,-1.0751622095410415e-09
1004.2048122905256,501.97985386088874,3.952942783057666,-345.6231305113978,-364.04453757432,-1.0751622479999395e-09
1004.7048122905256,502.47980928191305,3.9529568121217267,-345.9622474547762,-364.411967520316,-1.0751621719060392e-09
1005.2048122905256,502.97976479778043,3.952970813607681,-346.3013642819388,-364.7793975713246,-1.0751621049390674e-09
1005.7048122905256,503.4797204082088,3.952984787597812,-346.6404809928403,-365.1468277273957,-1.0751619798315215e-09
1006.2048122905256,503.9796761129171,3.9529987341740784,-346.97959758743536,-365.51425798857997,-1.0751620371302464e-09
1006.7048122905256,504.4796319116255,3.953012653418112,-347.31871406567905,-365.88168835492746,-1.07516195994593e-09
1007.2048122905256,504.9795878040553,3.9530265454112223,-347.6578304275258,-366.24911882648854,-1.0751619235975521e-09
1007.2252262853063,504.99999999999994,3.953027112015531,-347.67167586433357,-366.26412027618227,-1.075162052866665e-09
