tau,r,phi,X,Y,H
0.0,500.0,0.0,500.0,0.0,6.250664010401519e-17
0.004855669254241534,499.99514478336425,1.3670325384686e-07,499.9951447833596,6.835096319951755e-05,1.2502289117012633e-16
0.05341236179665687,499.946592617506,1.5038811038689451e-06,499.9465926169406,0.0007518602335808494,-1.2511904669621853e-16
0.5389792872208102,499.4610710089129,1.5190206446057122e-05,499.46107095128946,0.0075869167801024115,-1.2608520893695165e-16
1.0389792872208101,498.9611177679284,2.931104351680273e-05,498.9611175535903,0.014625071033994125,-6.354445170980154e-17
1.5389792872208101,498.4611646238043,4.346006702687827e-05,498.4611641530632,0.02166315561802686,6.405081479513009e-17
2.03897928722081,497.96121157683183,5.7637361912618e-05,497.96121074970193,0.028701170554208406,6.456173901900226e-17
2.53897928722081,497.46125862730344,7.184301345180405e-05,497.4612573435005,0.03573911586456865,1.9523181053064268e-16
3.03897928722081,496.96130577551276,8.607710726538402e-05,496.9613039344529,0.042776991571159745,4.59182181998439e-16
3.53897928722081,496.4613530217546,0.00010033972931919891,496.4613505225529,0.049814797696056366,2.644893560701088e-16
4.03897928722081,495.96140036632494,0.00011463096592572159,495.9613971077944,0.05685253426135586,3.999118251043353e-16
4.53897928722081,495.46144780952096,0.0001289509037458057,495.46144369017134,0.06389020128917845,2.0155919379387308e-16
5.03897928722081,494.961495351641,0.00014329962979044524,494.96149026967737,0.07092779880166751,2.031770059552014e-16
5.53897928722081,494.46154299298473,0.00015767723142254478,494.4615368463063,0.07796532682098968,2.0480949582905178e-16
6.03897928722081,493.9615907338529,0.00017208379635870043,493.9615834200519,0.08500278536933518,4.1291362368672924e-16
6.53897928722081,493.4616385745475,0.00018651941267099162,493.46162999090785,0.09204017446891793,4.162382081620534e-16
7.03897928722081,492.9616865153718,0.00020098416878878378,492.9616765588679,0.09907749414197578,4.895252233667571e-16
7.53897928722081,492.46173455663023,0.0002154781535005421,492.4617231239256,0.10611474441077076,5.63971269210534e-16
8.03897928722081,491.9617826986285,0.00023000145595565617,491.96176968607466,0.11315192529758925,4.263947284251281e-16
8.53897928722081,491.46183094167355,0.00024455416566627596,491.4618162453087,0.12018903682474226,3.5820182663819377e-16
9.03897928722081,490.9618792860736,0.0002591363725091588,490.96186280162124,0.12722607901456556,2.8888077324071143e-16
9.53897928722081,490.46192773213807,0.00027374816672752787,490.4619093550058,0.13426305188941998,3.6402662750162233e-16
10.03897928722081,489.9619762801776,0.0002883896389329419,489.9619559054559,0.1412999554716915,6.605623438249496e-16
10.53897928722081,489.4620249305043,0.0003030608801071764,489.46200245296507,0.14833678978379175,5.919337555305344e-16
11.03897928722081,488.9620736834313,0.00031776198160411647,488.9620489975268,0.15537355484815782,5.221516383198429e-16
11.53897928722081,488.46212253927314,0.0003324930351516611,488.4620955391343,0.16241025068725282,5.263999100584141e-16
12.03897928722081,487.9621714983457,0.00034725413285363935,487.96214207778115,0.169446877323566,3.7906231944466906e-16
12.53897928722081,487.462220560966,0.00036204536719173824,487.4621886134607,0.17648343477961292,4.585834715992705e-16
13.03897928722081,486.9622697274525,0.00037686683102744245,486.96223514616617,0.18351992307793574,4.623263347711388e-16
13.53897928722081,486.4623189981249,0.00039171861760398607,486.4622816758909,0.19055634224110343,6.991555857632258e-16
14.03897928722081,485.96236837330423,0.0004066008205483163,485.96232820262827,0.19759269229171203,7.04873990669709e-16
14.53897928722081,485.46241785331284,0.00042151353387306955,485.46237472637137,0.20462897325238477,6.316846714338034e-16
15.03897928722081,484.9624674384744,0.00043645685197855926,484.96242124711347,0.21166518514577237,4.776466162936383e-16
15.53897928722081,484.4625171291139,0.0004514308696547767,484.46246776484776,0.21870132799455344,7.223485486854456e-16
16.038979287220812,483.9625669255577,0.0004664356820834035,483.9625142795673,0.22573740182143445,2.427605617148094e-16
16.538979287220812,483.4626168281335,0.000481471384839837,483.4625607912652,0.23277340664914997,4.079277206692545e-16
17.038979287220812,482.96266683717033,0.0004965380738952283,482.96260729993463,0.23980934250046324,4.112854192628294e-16
17.538979287220812,482.4627169529986,0.0005116358456185327,482.4626538055685,0.24684520939816587,4.146743521424147e-16
18.038979287220812,481.96276717595015,0.0005267647967785733,481.96270030816,0.2538810073650788,3.3447587450743127e-16
18.538979287220812,481.4628175063581,0.0005419250245461168,481.46274680770193,0.2609167364240519,4.215472197662945e-16
19.038979287220812,480.96286794455693,0.0005571166264959627,480.96279330418736,0.2679523965979643,3.40025450651265e-16
19.538979287220812,480.46291849088266,0.0005723397006090458,480.46283979760915,0.2749879879097251,2.571293753087869e-16
20.038979287220812,479.96296914567256,0.0005875943452745509,479.9628862879602,0.282023510382273,8.641979905610029e-17
20.538979287220812,479.46301990926537,0.0006028806592920423,479.46293277523336,0.28905896403857706,1.7427290616580205e-16
21.038979287220812,478.96307078200124,0.0006181987418736047,478.96297925942133,0.2960943489016366,1.7571964639679618e-16
21.538979287220812,478.46312176422174,0.0006335486926459991,478.463025740517,0.3031296649944817,2.6576993864614576e-16
22.038979287220812,477.96317285626986,0.0006489306116528314,477.9630722185132,0.31016491234017324,2.679809792631874e-16
22.538979287220812,477.46322405848997,0.0006643445993567348,477.4631186934024,0.31720009096180307,2.702128067617055e-16
23.038979287220812,476.963275371228,0.0006797907566415663,476.9631651651775,0.32423520088249497,2.724656389417573e-16
23.538979287220812,476.46332679483123,0.0006952691848146165,476.46321163383095,0.3312702421254039,2.7473969611940813e-16
24.038979287220812,475.96337832964844,0.0007107799856088333,475.9632580993556,0.3383052147137167,-0.0
24.538979287220812,475.4634299760299,0.0007263232611850603,475.46330456174377,0.34534011867065295,2.7935237950284034e-16
25.038979287220812,474.9634817343272,0.0007418991141342887,474.9633510209881,0.352374954019464,3.7558861227849265e-16
25.538979287220812,474.46353360489366,0.0007575076474799234,474.4633974770811,0.35940972078343425,2.8405267097872697e-16
26.038979287220812,473.9635855880839,0.0007731489646800644,473.9634439300153,0.3664444189858811,2.86436248193809e-16
26.538979287220812,473.4636376842541,0.000788823169629801,473.46349037978297,0.3734790486501549,2.8884242694877455e-16
27.038979287220812,472.96368989376185,0.0008045303666635219,472.9635368263766,0.3805136097996398,2.912714460860197e-16
27.538979287220812,472.46374221696647,0.0008202706605572401,472.46358326978856,0.3875481024577535,3.916313963075048e-16
28.038979287220812,471.96379465422854,0.0008360441565309309,471.9636297100111,0.39458252664794785,2.961989748258081e-16
28.538979287220812,471.4638472059104,0.0008518509602508868,471.4636761470366,0.40161688239370896,3.9826396822507816e-16
29.038979287220812,470.9638998723757,0.0008676911778320862,470.96372258085717,0.4086511697185576,5.020346690789094e-16
29.538979287220812,470.46395265398985,0.0008835649158405773,470.46376901146516,0.41568538864604915,4.050236050353638e-16
30.038979287220812,469.96400555111967,0.0008994722812958779,469.9638154388527,0.4227195391997745,4.0845191898169097e-16
30.538979287220812,469.46405856413355,0.0009154133816733895,469.4638618630119,0.4297536214033597,4.119130225457191e-16
31.038979287220812,468.96411169340155,0.0009313883249068279,468.96390828393487,0.4367876352804665,5.192590815325923e-16
31.538979287220812,468.4641649392952,0.0009473972193906683,468.46395470161366,0.4438215808547927,4.189350006284213e-16
32.03897928722081,467.9642183021876,0.000963440173982607,467.96400111604027,0.45085545815007233,5.281207331477679e-16
32.53897928722081,467.4642717824536,0.0009795172980060385,467.46404752720673,0.45788926719007594,2.1304619243708805e-16
33.03897928722081,466.96432538046946,0.0009956287012525486,466.964093935105,0.46492300799861086,3.222920714568965e-16
33.53897928722081,466.4643790966132,0.0010117744939844228,466.46414033972695,0.4719566805995218,2.166940441459904e-16
34.03897928722081,465.9644329312643,0.0010279547869371727,465.9641867410644,0.4789902850166905,2.1854436943474024e-16
34.53897928722081,465.46448688480405,0.0010441696913220764,465.4642331391093,0.4860238212740367,1.1020627326418812e-16
35.03897928722081,464.96454095761527,0.0010604193188287368,464.9642795338533,0.493057289395518,2.2229876736381234e-16
35.53897928722081,464.46459515008246,0.001076703781627656,464.4643259252882,0.5000906894051302,3.3630483922962026e-16
36.03897928722081,463.9646494625917,0.001093023192372827,463.96437231340576,0.5071240213269081,1.130630597064018e-16
36.53897928722081,463.4647038955308,0.0011093776642043395,463.4644186981975,0.514157285184925,1.1403382299704277e-16
37.03897928722081,462.9647584492893,0.0011257673107510071,462.96446507965527,0.5211904810032933,2.3002800711281787e-16
37.53897928722081,462.46481312425834,0.0011421922461330074,462.46451145777047,0.5282236088061654,2.9000925797552214e-16
38.03897928722081,461.9648679208308,0.0011586525849645415,461.96455783253475,0.5352566686177329,2.340060498349954e-16
38.53897928722081,461.46492283940114,0.00117514844235651,461.46460420393953,0.5422896604622282,3.540362189594479e-16
39.03897928722081,460.96497788036567,0.0011916799339192065,460.9646505719764,0.5493225843639232,3.5709285867165135e-16
39.53897928722081,460.4650330441223,0.0012082471757650292,460.4646969366367,0.5563554403471316,5.402689712303518e-16
40.03897928722081,459.96508833107083,0.001224850284511209,459.96474329791175,0.5633882284362075,4.238452277539914e-16
40.53897928722081,459.4651437416126,0.0012414893772825565,459.46478965579297,0.5704209486555462,6.107382878389175e-16
41.03897928722081,458.9651992761509,0.0012581645717142263,458.96483601027165,0.5774536010295851,4.928277808937061e-16
41.53897928722081,458.46525493509057,0.0012748759859545005,458.46488236133905,0.5844861855828035,6.835213628970984e-16
42.03897928722081,457.96531071883834,0.0012916237386675885,457.9649287089863,0.5915187023397229,5.014270780760502e-16
42.53897928722081,457.4653666278027,0.0013084079490364468,457.46497505320474,0.5985511513249075,6.322376707544023e-16
43.03897928722081,456.9654226623939,0.0013252287367656167,456.96502139398524,0.6055835325629646,7.65294128347386e-16
43.53897928722081,456.465478823024,0.0013420862220840807,456.46506773131904,0.6126158460785444,8.362987665494826e-16
44.03897928722081,455.9655351101069,0.0013589805257481374,455.9651140651972,0.6196480918963412,7.787078097319721e-16
44.53897928722081,455.4655915240582,0.0013759117690442962,455.46516039561067,0.626680270041093,7.200545026019548e-16
45.03897928722081,454.96564806529545,0.0013928800737921902,454.9652067225504,0.6337123805375819,9.24451969175326e-16
45.53897928722081,454.465704734238,0.0014098855623475082,454.4652530460073,0.6407444234106353,9.325502050100963e-16
46.03897928722081,453.96576153130695,0.0014269283576049474,453.96529936597216,0.6477763986851248,8.735336851546724e-16
46.53897928722081,453.4658184569254,0.0014440085830011839,453.4653456824359,0.6548083063859675,1.0167728464115047e-15
47.03897928722081,452.96587551151816,0.0014611263625178641,452.9653919953892,0.6618401465381266,8.889486519362039e-16
47.53897928722081,452.4659326955121,0.0014782818206846157,452.46543830482284,0.6688719191666106,7.588062993523083e-16
48.03897928722081,451.96599000933577,0.0014954750825820781,451.9654846107274,0.6759036242964748,6.959009783922248e-16
48.53897928722081,451.4660474534198,0.0015127062738449536,451.4655309130936,0.6829352619528211,7.722423803702604e-16
49.03897928722081,450.9661050281966,0.0015299755206650786,450.965577211912,0.6899668321607982,6.37413504163614e-16
49.53897928722081,450.4661627341005,0.0015472829497945153,450.4656235071731,0.6969983349456027,5.71598204003452e-16
50.03897928722081,449.96622057156793,0.001564628688548664,449.96566979886745,0.7040297703324785,5.766566394246282e-16
50.53897928722081,449.466278541037,0.0015820128648093962,449.4657160869855,0.7110611383467175,7.272070553021089e-16
51.03897928722081,448.96633664294797,0.0015994356070282087,448.9657623715175,0.7180924390136605,6.602915045030677e-16
51.53897928722081,448.4663948777429,0.001616897044229398,448.4658086524539,0.7251236723586967,8.141892306418225e-16
52.03897928722081,447.966453245866,0.0016343973060132582,447.96585492978505,0.7321548384072649,7.467521787622431e-16
52.53897928722081,447.46651174776326,0.001651936522559297,447.4659012035011,0.7391859371848531,8.287382514328431e-16
53.03897928722081,446.96657038388287,0.001669514824629476,446.96594747359234,0.7462169687169995,6.841003159804403e-16
53.53897928722081,446.4666291546749,0.001687132343571472,446.4659937400489,0.7532479330292923,6.135136662046147e-16
54.03897928722081,445.96668806059137,0.0017047892113219599,445.9660400028608,0.7602788301473706,7.737410298768627e-16
54.53897928722081,445.46674710208646,0.0017224855604099174,445.46608626201817,0.7673096600969244,8.58724977826189e-16
55.03897928722081,444.9668062796163,0.0017402215239599532,444.9661325175109,0.7743404229036951,7.876469820621166e-16
55.53897928722081,444.4668655936392,0.0017579972356956564,444.4661787693291,0.7813711185934763,7.152349951066685e-16
56.03897928722081,443.9669250446154,0.001775812829942969,443.96622501746253,0.7884017471921131,7.216520138856491e-16
56.53897928722081,443.46698463300714,0.0017936684416335821,443.4662712619011,0.7954323087255039,7.281340655489637e-16
57.03897928722081,442.967044359279,0.0018115642063083529,442.9663175026346,0.8024628032195994,8.163132049691721e-16
57.53897928722081,442.4671042238974,0.0018295002601207474,442.4663637396528,0.8094932307004044,9.0602870621177e-16
58.03897928722081,441.967164227331,0.0018474767398403045,441.96640997294537,0.8165235911939767,6.648691621655307e-16
58.53897928722081,441.4672243700506,0.0018654937828561252,441.4664562025019,0.8235538847264287,6.708688235004819e-16
59.03897928722081,440.967284652529,0.0018835515271803836,440.966502428312,0.830584111323927,5.923134333483324e-16
59.53897928722081,440.46734507524127,0.0019016501114518642,440.4665486503653,0.8376142710126937,5.122892253998905e-16
60.03897928722081,439.9674056386646,0.0019197896749395215,439.96659486865127,0.844644363819006,6.030828247417449e-16
60.53897928722081,439.4674663432783,0.001937970357546064,439.4666410831592,0.8516743897691964,6.085502417110031e-16
61.03897928722081,438.96752718956395,0.001956192299811564,438.9666872938785,0.8587043488896543,6.140736447298728e-16
61.53897928722081,438.4675881780052,0.0019744556429170906,438.4667335007986,0.8657342412068252,6.1965367257965e-16
62.03897928722081,437.967649309088,0.0019927605286883692,437.96677970390874,0.8727640667472119,7.146182538013612e-16
62.53897928722081,437.4677105833005,0.0020111070995994635,437.466825903198,0.8797938255373741,6.309861981803603e-16
63.03897928722081,436.9677720011331,0.002029495498776486,436.96687209865564,0.8868235176039301,9.096285915858887e-16
63.53897928722081,436.46783356307833,0.0020479258700013313,436.4669182902707,0.8938531429735559,5.507597926751224e-16
64.03897928722081,435.96789526963113,0.002066398357715437,435.9669644780323,0.9008827016729863,7.410584117578178e-16
64.53897928722081,435.4679571212886,0.0020849131070235683,435.46701066192935,0.9079121937290154,6.543597592901686e-16
65.03897928722081,434.96801911855016,0.0021034702636976324,434.96705684195086,0.9149416191684967,7.546911266991194e-16
65.53897928722081,434.4680812619175,0.0021220699741805148,434.46710301808565,0.9219709780183435,8.568151023178076e-16
66.03897928722081,433.96814355189474,0.0021407123855899453,433.9671491903226,0.9290002703055302,7.686074350362459e-16
66.53897928722081,433.46820598898813,0.002159397645722389,433.4671953586504,0.9360294960570915,4.847962417076244e-16
67.03897928722081,432.9682685737063,0.0021781259030569655,432.9672415230577,0.943058655300123,5.871104382564379e-16
67.53897928722081,432.4683313065604,0.0021968973067593945,432.46728768353324,0.9500877480617832,5.925210576373815e-16
68.03897928722081,431.9683941880637,0.002215712006685969,431.9673338400655,0.9571167743692919,4.983233275429057e-16
68.53897928722081,431.468457218732,0.002234570153387556,431.46737999264315,0.9641457342499318,3.0175594879632e-16
69.03897928722081,430.96852039908345,0.002253471898113626,430.9674261412545,0.9711746277310488,4.060622884693449e-16
69.53897928722081,430.46858372963857,0.002272417392816308,430.46747228588805,0.9782034548400522,5.122777235789528e-16
70.03897928722081,429.9686472109203,0.0022914067901544763,429.9675184265321,0.9852322156044159,3.102160414291554e-16
70.53897928722081,429.4687108434542,0.0023104402434978633,429.4675645631749,0.9922609100516776,4.174603757285335e-16
71.03897928722081,428.9687746277679,0.0023295179069312017,428.96761069580486,0.9992895382094399,-0.0
71.53897928722081,428.46883856439183,0.0023486399352583964,428.46765682440986,1.0063181001053718,2.1262977220798522e-16
72.03897928722081,427.9689026538587,0.0023678064840067245,427.96770294897823,1.0133465957672074,3.2191550397373297e-16
72.53897928722081,427.4689668967038,0.0023870177094310655,427.46774906949787,1.0203750252227473,3.249176018745437e-16
73.03897928722081,426.96903129346487,0.0024062737685181614,426.96779518595673,1.0274033884998592,3.279513183090734e-16
73.53897928722081,426.46909584468216,0.0024255748189909057,426.46784129834276,1.034431685626478,5.51695040507758e-16
74.03897928722081,425.96916055089855,0.002444921019312664,425.96788740664385,1.0414599166306064,2.2274339712541214e-16
74.53897928722081,425.46922541265934,0.002464312528691624,425.4679335108478,1.0484880815403157,2.2483060876909594e-16
75.03897928722081,424.96929043051244,0.0024837495070851767,424.9679796109422,1.0555161803837456,3.40409862331654e-16
75.53897928722081,424.4693556050084,0.002503232115204329,424.46802570691483,1.0625442131891059,2.290715559058418e-16
76.03897928722081,423.96942093670026,0.0025227605145181453,423.96807179875316,1.0695721799846756,2.3122581563253537e-16
76.53897928722081,423.4694864261437,0.002542334867258224,423.4681178864448,1.0766000807988039,-5.835073866082462e-17
77.03897928722081,422.9695520738971,0.002561955336423203,422.96816396997724,1.0836279156599116,-0.0
77.53897928722081,422.4696178805213,0.002581622085783299,422.46821004933776,1.09065568459649,-0.0
78.03897928722081,421.96968384658,0.0026013352798848763,421.9682561245137,1.097683387637103,6.001859308126378e-17
78.53897928722081,421.4697499726394,0.0026210950840550524,421.4683021954923,1.1047110248103864,-0.0
79.03897928722081,420.96981625926855,0.0026409016644063327,420.9683482622609,1.1117385961450497,-0.0
79.53897928722081,420.46988270703906,0.0026607551878412793,420.46839432480647,1.1187661016698744,-1.852212481790533e-16
80.03897928722081,419.9699493165253,0.0026806558220572145,419.96844038311605,1.1257935414137177,-0.0
80.53897928722081,419.47001608830436,0.0027006037355509563,419.46848643717675,1.13282091540551,1.2583848111816578e-16
81.03897928722081,418.9700830229561,0.002720599097623588,418.96853248697533,1.139848223674257,-1.2703631595041845e-16
81.53897928722081,418.4701501210631,0.002740642078385263,418.4685785324987,1.1468754662490408,1.9237053990245393e-16
82.03897928722081,417.97021738321087,0.0027607328487600433,417.9686245737336,1.1539026431590187,1.9420615090640247e-16
82.53897928722081,417.47028480998756,0.0027808715804907725,417.4686706106668,1.1609297544334252,-0.0
83.03897928722081,416.9703524019842,0.0028010584461439845,416.9687166432849,1.1679568001015719,-6.5978982833979e-17
83.53897928722081,416.47042015979457,0.0028212936191148474,416.4687626715743,1.1749837801928478,1.998326131352992e-16
84.03897928722081,415.97048808401547,0.002841577273632143,415.9688086955218,1.1820106947367213,-6.72495929898423e-17
84.53897928722081,415.4705561752464,0.002861909584763282,415.4688547151135,1.1890375437627385,6.7895231006106e-17
85.03897928722081,414.9706244340898,0.0028822907284193552,414.9689007303359,1.196064327300526,6.854786852538794e-17
85.53897928722081,414.47069286115106,0.0029027208813602228,414.4689467411752,1.2030910453797898,-2.7683036035462955e-16
86.03897928722081,413.97076145703846,0.0029232002211996384,413.9689927476177,1.2101176980303168,-1.3974896272495864e-16
86.53897928722081,413.47083022236313,0.002943728926410412,413.46903874964937,1.2171442852819747,-0.0
87.03897928722081,412.9708991577393,0.002964307176329609,412.9690847472564,1.2241708071647144,1.4246024286910184e-16
87.53897928722081,412.4709682637841,0.0029849351511637883,412.4691307404245,1.231197263708567,-0.0
88.03897928722081,411.97103754111754,0.0030056130319942777,411.9691767291398,1.2382236549436485,2.1784649164477382e-16
88.53897928722081,411.4711069903629,0.0030263410007824888,411.46922271338804,1.2452499809001578,2.932782503877673e-16
89.03897928722081,410.9711766121462,0.0030471192403752683,410.96926869315496,1.2522762416083777,2.961253450478416e-16
89.53897928722081,410.47124640709677,0.0030679479345102913,410.46931466842614,1.259302437098676,-0.0
90.03897928722081,409.97131637584675,0.0030888272678214926,409.9693606391873,1.2663285674015063,1.5095677156324824e-16
90.53897928722081,409.4713865190315,0.0031097574258445375,409.4694066054238,1.2733546325474074,-7.621385348544634e-17
91.03897928722081,408.9714568372895,0.0031307385950223336,408.9694525671211,1.2803806325670055,3.078296528322799e-16
91.53897928722081,408.47152733126234,0.003151770962710582,408.46949852426457,1.287406567491014,1.554183282754533e-16
92.03897928722081,407.97159800159466,0.003172854717183372,407.9695444768395,1.2944324373502336,1.5693841360572398e-16
92.53897928722081,407.4716688489343,0.003193990047638811,407.4695904248309,1.3014582421755543,7.923764309192624e-17
93.03897928722081,406.97173987393234,0.0032151771442047042,406.96963636822403,1.308483981997954,1.6002915254696396e-16
93.53897928722081,406.471811077243,0.003236416197944269,406.4696823070039,1.315509656848502,8.080011101663477e-17
94.03897928722081,405.97188245952367,0.0032577074008618948,405.96972824115534,1.3225352667583574,-8.159435341179151e-17
94.53897928722081,405.4719540214351,0.0032790509459089466,405.46977417066324,1.3295608117587698,-8.239741099175279e-17
95.03897928722081,404.9720257636412,0.0033004470269896082,404.9698200955124,1.3365862918810814,-0.0
95.53897928722081,404.4720976868092,0.003321895838966772,404.4698660156874,1.3436117071567264,-0.0
96.03897928722081,403.9721697916096,0.0033433975776679696,403.969911931173,1.3506370576172322,-0.0
96.53897928722081,403.4722420787162,0.0033649524398913495,403.46995784195354,1.3576623432942196,8.56999955093626e-17
97.03897928722081,402.97231454880614,0.003386560623411697,402.97000374801354,1.3646875642194045,8.654879400890696e-17
97.53897928722081,402.47238720256,0.0034082223269864998,402.4700496493373,1.3717127204245976,4.370354220252739e-16
98.03897928722081,401.9724600406617,0.003429937750362058,401.97009554590915,1.3787378119417053,3.530999397889578e-16
98.53897928722081,401.47253306379844,0.003451707094279643,401.4701414377131,1.3857628388027303,8.915261550876465e-17
99.03897928722081,400.972606272661,0.003473530560481697,400.9701873247333,1.3927878010397727,3.601603904447011e-16
99.53897928722081,400.4726796679435,0.0034954083517180832,400.4702332069537,1.3998126986850308,1.8187510889805186e-16
100.03897928722081,399.9727532503436,0.0035173406717523823,399.97027908435825,1.4068375317708008,4.592255545752622e-16
100.53897928722081,399.4728270205624,0.003539327725368235,399.4703249569308,1.413862300329479,2.782886808772648e-16
101.03897928722081,398.97290097930454,0.0035613697183757326,398.97037082465494,1.420887004393561,3.7476412378959623e-16
101.53897928722081,398.4729751272781,0.003583466857617855,398.4704166875144,1.4279116439956436,3.785186120897686e-16
102.03897928722081,397.97304946519483,0.0036056193509769606,397.9704625454926,1.4349362191684243,1.9115778359278696e-16
102.53897928722081,397.47312399376995,0.0036278274073813194,397.47050839857303,1.441960729944704,9.653888104511429e-17
103.03897928722081,396.97319871372235,0.0036500912368117016,396.970554246739,1.4489851763573853,3.9003902561026783e-16
103.53897928722081,396.47327362577454,0.0036724110503080112,396.4706000899739,1.4560095584394757,9.849165538902058e-17
104.03897928722081,395.97334873065256,0.0036947870599759727,395.9706459282607,1.4630338762240858,1.9896943487944222e-16
104.53897928722081,395.4734240290863,0.0037172194789938675,395.4706917615826,1.4700581297444328,1.0048908393403395e-16
105.03897928722081,394.9734995218091,0.003739708521619321,394.9707375899224,1.4770823190338385,1.0150489822506836e-16
105.53897928722081,394.47357520955825,0.0037622544031961423,394.47078341326306,1.4841064441257317,1.0253230566979151e-16
106.03897928722081,393.97365109307464,0.0037848573401612156,393.9708292315874,1.4911305050536496,-0.0
106.53897928722081,393.47372717310293,0.003807517550051444,393.470875044878,1.4981545018512368,-2.0924498330328785e-16
107.03897928722081,392.9738034503916,0.003830235251510746,392.9709208531175,1.5051784345522468,-2.113711424001115e-16
107.53897928722081,392.47387992569287,0.0038530106642971056,392.47096665628834,1.5122023031905436,-1.0676084598852024e-16
108.03897928722081,391.97395659976286,0.0038758440092896782,391.9710124543729,1.5192261078001013,-2.1569694372553648e-16
108.53897928722081,391.4740334733615,0.003898735508495947,391.4710582473534,1.5262498484150053,-3.2684582059157896e-16
109.03897928722081,390.9741105472526,0.003921685385058938,390.9711040352121,1.5332735250694536,-5.503070563099018e-16
109.53897928722081,390.47418782220393,0.0039446938632644885,390.47114981793095,1.540297137797757,-3.335611427724123e-16
110.03897928722081,389.9742652989871,0.003967761168548572,389.971195595492,1.5473206866343405,-3.369770420472848e-16
110.53897928722081,389.47434297837776,0.00399088752750468,389.47124136787716,1.5543441716137432,-1.1347747770289587e-16
111.03897928722081,388.97442086115547,0.00401407316789126,388.97128713506805,1.56136759277062,-4.0124912865909253e-16
111.53897928722081,388.4744989481038,0.0040373183186392094,388.47133289704635,1.5683909501397422,-2.8955311020392047e-16
112.03897928722081,387.97457724001043,0.004060623209859433,387.97137865379375,1.575414243755998,-3.510406793090474e-16
112.53897928722081,387.474655737667,0.004083988072850452,387.4714244052915,1.582437473654394,-5.910986606088493e-17
113.03897928722081,386.97473444186926,0.004107413140106074,386.97147015152103,1.589460639870056,-3.583198215829555e-16
113.53897928722081,386.47481335341706,0.004130898645323128,386.4715158924635,1.596483742438228,-6.033718346855887e-17
114.03897928722081,385.97489247311444,0.0041544448234092516,385.9715616281001,1.6035067813942765,-3.0480798974962446e-16
114.53897928722081,385.4749718017696,0.004178051910490741,385.4716073584118,1.610529756773689,-1.8477992190903546e-16
115.03897928722081,384.9750513401948,0.004201720143920468,384.97165308337946,1.6175526686120736,-3.7339443878279253e-16
115.53897928722081,384.4751310892067,0.004225449762285851,384.47169880298395,1.6245755169451646,-5.030319338412026e-16
116.03897928722081,383.975211049626,0.004249241005416891,383.9717445172058,1.6315983018088183,-1.2706632156633693e-16
116.53897928722081,383.4752912222779,0.0042730941143942726,383.4717902260257,1.638621023239017,-3.2097506354453244e-16
117.03897928722081,382.97537160799175,0.004297009331557526,382.971835929424,1.6456436812718687,-3.2432324010226967e-16
117.53897928722081,382.4754522076012,0.004320986900513254,382.4718816273811,1.6526662759436077,1.310843373607946e-16
118.03897928722081,381.97553302194444,0.004345027066143423,381.9719273198772,1.659688807290598,-2.6491071249466135e-16
118.53897928722081,381.47561405186383,0.0043691300746137186,381.47197300689237,1.6667112753493305,-0.0
119.03897928722081,380.97569529820623,0.00439329617338197,380.97201868840654,1.6737336801564262,6.762308460140982e-17
119.53897928722081,380.47577676182294,0.004417525611206636,380.47206436439967,1.6807560217486368,-6.833319607856924e-17
120.03897928722081,379.97585844356973,0.004441818638155364,379.9721100348514,1.6877783001628461,-6.90517252729089e-17
120.53897928722081,379.4759403443069,0.004466175505613609,379.4721556997415,1.69480051543607,-2.0933635001300413e-16
121.03897928722081,378.9760224648992,0.00449059646629333,378.97220135904934,1.7018226676054578,-7.051448304395808e-17
121.53897928722081,378.47610480621603,0.004515081774241746,378.4722470127543,1.7088447567082936,-0.0
122.03897928722081,377.9761873691313,0.0045396316848501685,377.97229266083565,1.7158667827819967,-2.880490668391968e-16
122.53897928722081,377.47627015452366,0.0045642464548629,377.47233830327264,1.7228887458641229,-1.4554916906957714e-16
123.03897928722081,376.97635316327626,0.004588926342386207,376.97238394004415,1.7299106459923663,-7.354601178591212e-17
123.53897928722081,376.476436396277,0.004613671606897361,376.4724295711291,1.7369324832045585,-0.0
124.03897928722081,375.9765198544185,0.004638482509253751,375.9724751965063,1.7439542575386704,-3.004667254711044e-16
124.53897928722081,375.4766035385981,0.0046633593117020745,375.4725208161543,1.7509759690328142,-7.591617157545232e-17
125.03897928722081,374.976687449718,0.004688302277887595,374.97256643005176,1.757997617725243,-0.0
125.53897928722081,374.47677158868504,0.00471331167286348,374.47261203817686,1.765019203654353,-0.0
126.03897928722081,373.97685595641104,0.004738387763100207,373.972657640508,1.772040726858684,-7.837278970078349e-17
126.53897928722081,373.47694055381265,0.004763530816495053,373.4727032370231,1.77906218737692,-1.5842295949062273e-16
127.03897928722081,372.9770253818114,0.004788741102381653,372.9727488277004,1.7860835852478911,-2.4018090212525116e-16
127.53897928722081,372.4771104413338,0.004814018891539638,372.47279441251766,1.7931049205105745,-0.0
128.0389792872208,371.9771957333113,0.004839364456204354,371.97283999145253,1.8001261932040942,-4.0894441337584183e-16
128.5389792872208,371.47728125868036,0.004864778070076658,371.4728855644826,1.8071474033677253,-8.266892240845398e-17
129.0389792872208,370.97736701838244,0.0048902600083327846,370.9729311315854,1.8141685510408905,-3.342386023428719e-16
129.5389792872208,370.47745301336414,0.004915810547634307,370.47297669273826,1.8211896362631648,-8.446121180880715e-17
130.0389792872208,369.9775392445771,0.00494142996613817,369.97302224791827,1.828210659074276,-1.707475056718899e-16
130.5389792872208,369.4776257129781,0.004967118543506803,369.4730677971025,1.8352316195141047,1.7259484523374962e-16
131.0389792872208,368.9777124195292,0.0049928765609183225,368.9731133402678,1.8422525176226865,-2.616971169858788e-16
131.5389792872208,368.47779936519754,0.005018704301076808,368.47315887739103,1.8492733534402115,-3.527150216476552e-16
132.0389792872208,367.97788655095553,0.005044602048222673,367.9732044084487,1.8562941270070286,-3.565469104327266e-16
132.5389792872208,367.47797397778095,0.00507057008814311,367.4732499334173,1.8633148383636435,-3.604257879892237e-16
133.0389792872208,366.9780616466568,0.005096608708182627,366.97329545227325,1.870335487550721,-2.7326422210790325e-16
133.5389792872208,366.4781495585714,0.005122718197253669,366.4733409649926,1.8773560746090865,-4.604088579835469e-16
134.0389792872208,365.97823771451857,0.005148898845847326,365.9733864715515,1.8843765995797273,-4.654385250384312e-16
134.5389792872208,365.4783261154975,0.005175150946044129,365.47343197192583,1.891397062503793,-1.8821208418626017e-16
135.0389792872208,364.97841476251284,0.005201474791524934,364.97347746609125,1.8984174634225974,-3.8054781285813855e-16
135.5389792872208,364.47850365657473,0.0052278706775818985,364.4735229540234,1.9054378023776195,-9.61806113125783e-17
136.0389792872208,363.9785927986989,0.005254338901129542,363.97356843569776,1.9124580794105044,-3.889487677992e-16
136.5389792872208,363.4786821899066,0.005280879760715909,363.47361391108956,1.9194782945630657,-3.9322749341615963e-16
137.0389792872208,362.97877183122466,0.005307493556533809,362.973659380174,1.9264984478772846,-6.957288552386324e-16
137.5389792872208,362.47886172368567,0.005334180590432165,362.473704842926,1.9335185393953138,-3.0145879490271446e-16
138.0389792872208,361.97895186832784,0.005360941165927443,361.97375029932044,1.9405385691594763,-5.079817268052366e-16
138.5389792872208,361.4790422661951,0.005387775588215186,361.473795749332,1.9475585372122683,-2.0544053396479432e-16
139.0389792872208,360.9791329183372,0.005414684164181639,360.9738411929352,1.9545784435963602,-4.15432888261841e-16
139.5389792872208,360.47922382580964,0.0054416672024154705,360.4738866301043,1.9615982883545973,-6.300624347218065e-16
140.0389792872208,359.9793149896738,0.005468725013219594,359.9739320608136,1.9686180715300012,-6.370620978946867e-16
140.5389792872208,359.47940641099694,0.0054958579086230855,359.47397748503704,1.9756377931657725,-3.220747645890725e-16
141.0389792872208,358.9794980908523,0.005523066202393205,358.97402290274863,1.9826574533052905,-7.598802801318826e-16
141.5389792872208,358.47959003031906,0.0055503502100475105,358.474068313922,1.9896770519921148,-7.683580546305609e-16
142.0389792872208,357.97968223048235,0.005577710248866084,357.97411371853065,1.9966965892699875,-6.659507846336146e-16
142.5389792872208,357.47977469243347,0.00560514663790385,357.47415911654804,2.003716065182833,-6.734017369352506e-16
143.0389792872208,356.9798674172697,0.005632659698003004,356.9742045079474,2.010735479774762,-5.674556486678074e-16
143.5389792872208,356.4799604060946,0.005660249751805547,356.47424989270166,2.01775483309007,-5.738226937088875e-16
144.0389792872208,355.9800536600178,0.005687917123765913,355.97429527078384,2.02477412517324,-7.543514799385989e-16
144.5389792872208,355.4801471801552,0.005715662140163723,355.4743406421665,2.0317933560689454,-5.867998124277486e-16
145.0389792872208,354.98024096762896,0.00574348512911663,354.9743860068223,2.0388125258220477,-6.527533963070695e-16
145.5389792872208,354.48033502356753,0.005771386420593278,354.4744313647235,2.0458316344776017,-4.800869122292886e-16
146.0389792872208,353.9804293491058,0.005799366346426374,353.9744767158423,2.052850682080855,-5.462013502782419e-16
146.5389792872208,353.480523945385,0.005827425240325867,353.4745220601507,2.0598696686772504,-6.137586350903266e-16
147.0389792872208,352.98061881355284,0.005855563437892241,352.97456739762055,2.0668885943124247,-7.448575281331278e-16
147.5389792872208,352.4807139547635,0.005883781276629921,352.4746127282235,2.0739074590322155,-5.022076418531804e-16
148.0389792872208,351.9808093701776,0.00591207909596079,351.974658051931,2.0809262628826573,-5.079157914682234e-16
148.5389792872208,351.48090506096264,0.005940457237237828,351.47470336871436,2.0879450059099858,-7.06333600906508e-16
149.0389792872208,350.9810010282925,0.005968916043758858,350.9747486785446,2.0949636881606386,-7.793292098444414e-16
149.5389792872208,350.4810972733478,0.0059974558607804205,350.47479398139274,2.101982309681258,-8.539111440847454e-16
150.0389792872208,349.98119379731594,0.0060260770355317584,349.9748392772294,2.1090008705186896,-7.972367504979656e-16
150.5389792872208,349.481290601391,0.006054779917228926,349.4748845660252,2.116019370719988,-9.40758107011592e-16
151.0389792872208,348.981387686774,0.0060835648570890175,348.97492984775045,2.1230378103324155,-1.0195117074157768e-15
151.5389792872208,348.48148505467276,0.006112432208344519,348.4749751223753,2.1300561894034424,-1.0999656938407174e-15
152.0389792872208,347.98158270630205,0.006141382326257785,347.9750203898697,2.137074507980753,-9.735372841248927e-16
152.5389792872208,347.48168064288365,0.006170415568135636,347.4750656502036,2.144092766112245,-9.144090519568712e-16
153.0389792872208,346.9817788656463,0.0061995322933440875,346.9751109033463,2.151110963846028,-8.538041444131837e-16
153.5389792872208,346.4818773758258,0.006228732863323204,346.4751561492674,2.1581291012304304,-8.636650879391272e-16
154.0389792872208,345.98197617466514,0.006258017641602077,345.9752013879359,2.165147178313999,-8.736545613288437e-16
154.5389792872208,345.48207526341446,0.006287386993813946,345.47524661932084,2.172165195145498,-9.574222997815006e-16
155.0389792872208,344.9821746433312,0.006316841287711434,344.9752918433911,2.1791831517739157,-7.450221595843228e-16
155.5389792872208,344.4822743156799,0.006346380893181929,344.4753370601152,2.186201048248462,-8.290452228288931e-16
156.0389792872208,343.9823742817326,0.006376006182263095,343.9753822694614,2.1932188846185716,-5.337123891659884e-16
156.5389792872208,343.48247454276867,0.006405717529158517,343.47542747139806,2.200236660933907,-6.941971814101048e-16
157.0389792872208,342.98257510007494,0.006435515310253484,342.97547266589294,2.207254377244358,-9.36397143757319e-16
157.5389792872208,342.48267595494565,0.006465399904130908,342.47551785291387,2.214272033600044,-7.89450235917565e-16
158.0389792872208,341.98277710868274,0.006495371691587391,341.9755630324284,2.221289630051318,-9.584277462435212e-16
158.5389792872208,341.4828785625956,0.006525431055649421,341.4756082044038,2.2283071666487646,-9.69661653248738e-16
159.0389792872208,340.9829803180014,0.006555578381589718,340.9756533688072,2.235324643443206,-8.992904786331247e-16
159.5389792872208,340.48308237622496,0.006585814056943725,340.4756985256055,2.2423420604857003,-8.271478761263104e-16
160.0389792872208,339.9831847385989,0.006616138471526236,339.9757436747652,2.2493594178275447,-5.8582052471789e-16
160.5389792872208,339.4832874064636,0.0066465520174481835,339.47578881625304,2.2563767155202776,-1.1007807801250121e-15
161.0389792872208,338.98339038116745,0.006677055089133563,338.975833950035,2.26339395361568,-8.567537381425187e-16
161.5389792872208,338.48349366406666,0.006707648083336512,338.4758790760771,2.2704111321657785,-8.668862857116971e-16
162.0389792872208,337.98359725652557,0.006738331399158545,337.9759241943452,2.277428251222845,-1.0525848802837353e-15
162.5389792872208,337.4837011599165,0.006769105438065932,337.4759693048049,2.2844453108394016,-7.988031828217149e-16
163.0389792872208,336.9838053756199,0.006799970603907239,336.9760144074213,2.2914623110682193,-8.082930638903275e-16
163.5389792872208,336.4839099050244,0.0068309273029310245,336.47605950215967,2.298479251962322,-9.087890805767325e-16
164.0389792872208,335.9840147495269,0.006861975943803688,335.9761045889847,2.305496133574988,-1.0115800548662582e-15
164.5389792872208,335.4841199105327,0.006893116937627487,335.4761496678612,2.312512955959753,-1.116711604004506e-15
165.0389792872208,334.9842253894552,0.006924350697958708,334.9761947387534,2.3195297191704096,-8.475440188707231e-16
165.5389792872208,334.48433118771646,0.006955677640826002,334.4762398016254,2.326546423261011,-9.52988168286395e-16
166.0389792872208,333.98443730674694,0.006987098184748887,333.97628485644117,2.333563068285874,-1.0608543355476445e-15
166.5389792872208,333.4845437479857,0.007018612750756415,333.4763299031643,2.3405796542995785,-8.783932136580826e-16
167.0389792872208,332.9846505128804,0.007050221762406008,332.9763749417583,2.347596181356972,-8.889559012812431e-16
167.5389792872208,332.4847576028874,0.007081925645802461,332.4764199721862,2.3546126495131694,-5.99774615247675e-16
168.0389792872208,331.9848650194717,0.007113724829617123,331.976464994411,2.361629058823558,-6.07008963195689e-16
168.5389792872208,331.48497276410734,0.007145619745107245,331.4765100083953,2.368645409343797,-8.191223728919574e-16
169.0389792872208,330.98508083827704,0.007177610826135504,330.9765550141015,2.3756617011298213,-9.326618362060888e-16
169.5389792872208,330.4851892434725,0.007209698509189711,330.4766000114918,2.3826779342378424,-8.390784191334199e-16
170.0389792872208,329.98529798119455,0.007241883233402688,329.97664500052804,2.389694108724351,-7.431037757005191e-16
170.5389792872208,329.485407052953,0.007274165440572335,329.47668998117183,2.396710224646121,-7.521359577783786e-16
171.0389792872208,328.9855164602668,0.007306545575181871,328.97673495338455,2.4037262820602074,-7.612920242248726e-16
171.5389792872208,328.48562620466424,0.0073390240844202715,328.4767799171273,2.4107422810239547,-6.604918865000549e-16
172.0389792872208,327.98573628768276,0.007371601418202879,327.9768248723609,2.4177582215949927,-7.799834122662641e-16
172.5389792872208,327.4858467108693,0.007404278029192213,327.47686981904593,2.424774103831244,-7.895226151412256e-16
173.0389792872208,326.9859574757801,0.007437054372818967,326.9769147571427,2.431789927790923,-6.850229709683359e-16
173.5389792872208,326.48606858398097,0.007469930907303197,326.47695968661117,2.4388056935325393,-1.0401402713362847e-15
174.0389792872208,325.98618003704735,0.007502908093675707,325.97700460741106,2.4458214011149018,-7.019470637786315e-16
174.5389792872208,325.48629183656425,0.0075359863957996315,325.4770495195019,2.4528370505971178,-8.882317668177502e-16
175.0389792872208,324.98640398412647,0.007569166280392214,324.97709442284287,2.459852642038597,-7.792890309689864e-16
175.5389792872208,324.4865164813385,0.007602448217046792,324.4771393173927,2.466868175499055,-7.88909161585584e-16
176.0389792872208,323.98662932981495,0.007635832678254982,323.97718420311026,2.4738836510385145,-8.600989391839955e-16
176.5389792872208,323.4867425311801,0.007669320139429068,323.4772290799537,2.4808990687173065,-5.597678266454491e-16
177.0389792872208,322.9868560870684,0.007702911078924605,322.9772739478811,2.4879144285960764,-6.926462708110092e-16
177.5389792872208,322.4869699991244,0.0077366059780632265,322.4773188068501,2.494929730735783,-5.737505114157906e-16
178.0389792872208,321.9870842690029,0.007770405321155663,321.97736365681834,2.501944975197702,-6.454323554657085e-16
178.5389792872208,321.4871988983688,0.007804309595524985,321.47740849774283,2.5089601620434303,-5.227804012425837e-16
179.0389792872208,320.98731388889746,0.00783831929153005,320.97745332958044,2.515975291334887,-6.616317478280365e-16
179.5389792872208,320.4874292422747,0.00787243490258918,320.4774981522877,2.522990363134315,-6.029125790672477e-16
180.0389792872208,319.9875449601967,0.007906656925204054,319.9775429658208,2.5300053775042852,-5.426325255039831e-16
180.5389792872208,319.48766104437044,0.007940985858983828,319.4775877701358,2.5370203345077003,-6.867969546540691e-16
181.0389792872208,318.98777749651333,0.00797542220666948,318.9776325651882,2.5440352342077936,-5.563388990201457e-16
181.5389792872208,318.4878943183537,0.008009966474158385,318.4776773509333,2.551050076668136,-5.633380491300502e-16
182.0389792872208,317.9880115116307,0.008044619170529121,317.9777221273261,2.558064861952636,-6.41741127925776e-16
182.5389792872208,317.48812907809435,0.008079380808066515,317.4777668943213,2.5650795901255434,-5.7763599707057665e-16
183.0389792872208,316.9882470195057,0.008114251902286911,316.9778116518732,2.5720942612514506,-3.6558622764028947e-16
183.5389792872208,316.48836533763694,0.008149232971963698,316.47785639993583,2.5791088753952995,-6.663870966042574e-16
184.0389792872208,315.9884840342714,0.00818432453915306,315.97790113846287,2.5861234326223785,-8.248020229550012e-16
184.5389792872208,315.48860311120364,0.00821952712921999,315.4779458674077,2.5931379329983315,-6.834098704045218e-16
185.0389792872208,314.9887225702397,0.008254841270864533,314.9779905867233,2.6001523765891545,-6.152040700598068e-16
185.5389792872208,314.48884241319695,0.008290267496148291,314.47803529636235,2.607166763461203,-7.009241052229947e-16
186.0389792872208,313.9889626419044,0.008325806340521184,313.97807999627724,2.6141810936811956,-7.887449392610696e-16
186.5389792872208,313.4890832582026,0.00836145834284845,313.4781246864199,2.621195367316211,-5.591799344756862e-16
187.0389792872208,312.98920426394386,0.008397224045437924,312.97816936674207,2.628209584433698,-6.472459787349668e-16
187.5389792872208,312.4893256609924,0.008433103994067565,312.4782140371949,2.635223745101474,-5.736039841203622e-16
188.0389792872208,311.98944745122424,0.008469098738013256,311.9782586977296,2.6422378493877305,-5.809728575144714e-16
188.5389792872208,311.4895696365275,0.008505208830076863,311.47830334829655,2.6492518973610357,-5.884485459648146e-16
189.0389792872208,310.9896922188023,0.008541434826614572,310.97834798884605,2.6562658890903355,-5.108852348278073e-16
189.5389792872208,310.4898151999611,0.008577777287565497,310.478392619328,2.6632798246449587,-6.037272967013573e-16
190.0389792872208,309.98993858192847,0.008614236776480563,309.97843723969197,2.670293704094621,-5.24171914836124e-16
190.5389792872208,309.4900623666416,0.00865081386055167,309.47848184988703,2.677307527509424,-7.079478904626929e-16
191.0389792872208,308.99018655605005,0.008687509110641145,308.97852644986193,2.684321294959865,-7.171321807140492e-16
191.5389792872208,308.49031115211596,0.00872432310131147,308.4785710395651,2.6913350065168338,-4.540318189939035e-16
192.0389792872208,307.99043615681427,0.008761256410855308,307.97861561894456,2.698348662251621,-4.599414195697902e-16
192.5389792872208,307.49056157213266,0.00879830962132582,307.478660187948,2.7053622622359166,-3.7275024734433215e-16
193.0389792872208,306.99068740007175,0.008835483318567271,306.97870474652257,2.7123758065418175,-3.776179259476557e-16
193.5389792872208,306.4908136426452,0.008872778092245952,306.4787492946152,2.7193892952418306,-3.82557327629803e-16
194.0389792872208,305.99094030187973,0.00891019453588138,305.97879383217236,2.7264027284088717,-5.813544441529384e-16
194.5389792872208,305.4910673798153,0.008947733246877835,305.4788383591402,2.7334161061162736,-4.908200371266752e-16
195.0389792872208,304.99119487850527,0.008985394826556177,304.9788828754642,2.740429428437789,-2.983633113591562e-16
195.5389792872208,304.49132280001635,0.009023179880185994,304.4789273810898,2.747442695447591,-3.022920209719367e-16
196.0389792872208,303.99145114642886,0.009061089017018069,303.97897187596186,2.7544559072202803,-3.0627909969764843e-16
196.5389792872208,303.4915799198368,0.009099122850317153,303.4790163600248,2.7614690638308876,-3.1032551339344106e-16
197.0389792872208,302.9917091223479,0.009137281997395077,302.9790608332226,2.7684821653548766,-5.240537425568887e-16
197.5389792872208,302.4918387560839,0.009175567079644183,302.479105295499,2.7754952118681464,-5.310004959390986e-16
198.0389792872208,301.9919688231804,0.009213978722571091,301.97914974679713,2.7825082034470383,-1.0761022975097275e-16
198.5389792872208,301.4920993257872,0.009252517555830802,301.47919418705976,2.789521140168338,-3.271244590683993e-16
199.0389792872208,300.9922302660683,0.009291184213261139,300.9792386162293,2.7965340221092783,-2.209884430298446e-16
199.5389792872208,300.49236164620214,0.00932997933291753,300.47928303424754,2.8035468493475446,-1.1196879422286398e-16
200.0389792872208,299.9924934683816,0.00936890355710815,299.97932744105617,2.810559621961279,-3.971294953140918e-16
200.5389792872208,299.4926257348141,0.009407957532429389,299.47937183659604,2.817572340029081,-2.8746230368198453e-16
201.0389792872208,298.9927584477219,0.009447141909801709,298.9794162208078,2.8245850036300153,-3.4958168283851076e-16
201.5389792872208,298.49289160934194,0.009486457344505837,298.4794605936316,2.8315976128436136,-3.542786243200395e-16
202.0389792872208,297.99302522192625,0.00952590449621933,297.97950495500714,2.83861016774988,-7.180935382956317e-16
202.5389792872208,297.49315928774195,0.009565484029053507,297.4795493048736,2.845622668429291,-1.819436597684497e-16
203.0389792872208,296.9932938090713,0.00960519661159076,296.9795936431698,2.852635114962808,-2.458676667186327e-16
203.5389792872208,296.493428788212,0.009645042916922236,296.4796379698339,2.8596475074318723,-4.9838741092323e-16
204.0389792872208,295.9935642274772,0.009685023622685892,295.9796822848039,2.866659845918414,-3.7885576459783036e-16
204.5389792872208,295.4937001291956,0.009725139411104963,295.47972658801706,2.873672130504854,-3.199986781527335e-16
205.0389792872208,294.99383649571166,0.009765390969026792,294.9797708794103,2.8806843612741124,-3.892198244955548e-16
205.5389792872208,294.4939733293858,0.009805778987962071,294.4798151589199,2.8876965383096085,-7.232891237659599e-16
206.0389792872208,293.99411063259436,0.009846304164124478,293.9798594264819,2.8947086616952658,-5.332057730244405e-16
206.5389792872208,293.4942484077298,0.009886967198470724,293.47990368203153,2.9017207315155176,-3.3780848969839125e-16
207.0389792872208,292.99438665720095,0.009927768796740996,292.9799479255038,2.9087327478553107,-3.4243361225261545e-16
207.5389792872208,292.494525383433,0.009968709669499835,292.4799921568331,2.9157447108001118,-3.471301822305276e-16
208.0389792872208,291.9946645888677,0.01000979053217741,291.9800363759533,2.922756620435908,-6.334189720224228e-16
208.5389792872208,291.49480427596353,0.010051012105111244,291.4800805827979,2.9297684768492154,-5.70788167757828e-16
209.0389792872208,290.9949444471958,0.01009237511358834,290.9801247772996,2.9367802801270804,-3.616609864536727e-16
209.5389792872208,290.4950851050567,0.010133880287887769,290.48016895939065,2.943792030357087,-2.199935246337494e-16
210.0389792872208,289.9952262520558,0.010175528363323675,289.98021312900306,2.9508037276273593,-4.460743129521043e-16
210.5389792872208,289.4953678907197,0.010217320080288746,289.480257286068,2.9578153720265687,-3.7688049644955946e-16
211.0389792872208,288.9955100235926,0.010259256184298123,288.9803014305163,2.9648269636439366,-5.34958141178737e-16
211.5389792872208,288.49565265323616,0.010301337426033766,288.48034556227805,2.9718385025692395,-3.874273817421778e-16
212.0389792872208,287.9957957822299,0.010343564561389289,287.9803896812829,2.9788499888928155,-3.142601581334881e-16
212.5389792872208,287.4959394131711,0.01038593835151525,287.48043378745996,2.9858614227055664,-1.5932314528194172e-16
213.0389792872208,286.99608354867513,0.010428459562864935,286.98047788073774,2.9928728040989654,-4.846522366572825e-16
213.5389792872208,286.49622819137556,0.010471128967240596,286.4805219610442,2.999884133165061,-3.2762697111251566e-16
214.0389792872208,285.9963733439244,0.010513947341840194,285.9805660283068,3.006895409996483,-3.322239653630286e-16
214.5389792872208,285.49651900899204,0.010556915469304621,285.48061008245224,3.0139066346864447,-8.422343313688862e-17
215.0389792872208,284.99666518926756,0.010600034137765422,284.9806541234068,3.020917807328751,-8.540938894463743e-17
215.5389792872208,284.496811887459,0.010643304140893022,284.4806981510962,3.027928928017804,-2.59842557330773e-16
216.0389792872208,283.99695910629333,0.010686726277945462,283.9807421654454,3.034939996848607,-1.7567631402788187e-16
216.5389792872208,283.4971068485167,0.010730301353817646,283.4807861663789,3.041951013916768,8.908164253866838e-17
217.0389792872208,282.9972551168946,0.010774030179091114,282.9808301538205,3.048961979318509,9.034498887552586e-17
217.5389792872208,282.4974039142121,0.01081791357008434,282.4808741276935,3.05597289315067,1.8325709866445767e-16
218.0389792872208,281.9975532432738,0.010861952348903567,281.98091808792043,3.0629837555107113,-9.29326841449357e-17
218.5389792872208,281.4977031069043,0.01090614734349419,281.4809620344234,3.069994566496726,9.425776062676494e-17
219.0389792872208,280.9978535079482,0.010950499387692669,280.98100596712374,3.077005326207438,3.824166132790754e-16
219.5389792872208,280.49800444927035,0.010995009321279012,280.48104988594207,3.0840160347422128,3.878889766017961e-16
220.0389792872208,279.9981559337559,0.011039677990029821,279.98109379079864,3.0910266922010625,5.901745355334176e-16
220.5389792872208,279.4983079643107,0.011084506245771895,279.48113768161284,3.0980372986846487,5.986505148701647e-16
221.0389792872208,278.99846054386126,0.011129494946436419,278.9811815583034,3.105047854294293,4.0484255547415256e-16
221.5389792872208,278.49861367535505,0.01117464495611373,278.48122542078846,3.112058359131979,4.1067797941161317e-16
222.0389792872208,277.9987673617607,0.011219957145108683,277.98126926898556,3.1190688133003595,4.166083003064888e-16
222.5389792872208,277.4989216060682,0.011265432389996602,277.4813131028114,3.1260792169027645,5.28294046243095e-16
223.0389792872208,276.999076411289,0.011311071573679846,276.9813569221821,3.133089570043204,1.071901356578548e-16
223.5389792872208,276.4992317804563,0.011356875585444987,276.48140072701307,3.1400998728263776,2.1749300272119824e-16
224.0389792872208,275.9993877166251,0.011402845321020606,275.98144451721896,3.147110125357677,2.2065672474427816e-16
224.5389792872208,275.49954422287266,0.011448981682635721,275.48148829271395,3.1541203277431964,1.1193618386303787e-16
225.0389792872208,274.99970130229843,0.011495285579078847,274.9815320534112,3.1611304800897373,-5.678522018002993e-17
225.5389792872208,274.49985895802445,0.011541757925757708,274.4815757992234,3.168140582504812,5.761580797594138e-17
226.0389792872208,274.0000171931954,0.011588399644759597,273.9816195300623,3.1751506350966556,-5.846010224985928e-17
226.5389792872208,273.50017601097886,0.011635211664912402,273.4816632458391,3.1821606379742287,1.1863670985297042e-16
227.0389792872208,273.0003354145656,0.011682194921846294,272.98170694646416,3.189170591247224,-1.2038164607005587e-16
227.5389792872208,272.5004954071697,0.011729350358056102,272.48175063184715,3.1961804950260757,-6.107776882226394e-17
228.0389792872208,272.00065599202884,0.011776678922964376,271.98179430189697,3.2031903494219662,-1.239589197366338e-16
228.5389792872208,271.50081717240437,0.011824181572985138,271.48183795652164,3.210200154546828,-6.289616920522585e-17
229.0389792872208,271.0009789515817,0.011871859271588344,270.9818815956287,3.2172099105133585,-1.914845263151217e-16
229.5389792872208,270.5011413328705,0.01191971298936506,270.4819252191246,3.2242196174350206,-1.943272886125598e-16
230.0389792872208,270.0013043196046,0.01196774370409336,269.98196882691514,3.2312292754260525,6.573922163084278e-17
230.5389792872208,269.50146791514294,0.012015952400804959,269.4820124189054,3.238238884601475,-6.671884780207549e-17
231.0389792872208,269.0016321228689,0.012064340071852588,268.9820559949994,3.245248445077098,-6.771494355747956e-17
231.5389792872208,268.50179694619123,0.012112907716978118,268.4820995551008,3.2522579569695287,1.3745563459214576e-16
232.0389792872208,268.001962388544,0.012161656343381452,267.9821430991119,3.259267420396179,1.3951556756639937e-16
232.5389792872208,267.5021284533868,0.012210586965790181,267.4821866269346,3.2662768354752734,2.1241549288258478e-16
233.0389792872208,267.00229514420505,0.012259700606530033,266.9822301384698,3.2732862023258527,2.874811470462743e-16
233.5389792872208,266.5024624645103,0.012308998295596101,266.48227363361747,3.280295521067788,2.1886045777740389e-16
234.0389792872208,266.00263041784035,0.012358481070724887,265.9823171122769,3.287304791821786,4.443306209390913e-16
234.5389792872208,265.50279900775956,0.01240814997746715,265.4823605743464,3.294314014709393,2.2552646483235176e-16
235.0389792872208,265.0029682378591,0.012458006069261578,264.98240401972333,3.301323189853008,2.2894498918604954e-16
235.5389792872208,264.5031381117572,0.012508050407509307,264.48244744830447,3.308332317375891,2.324219741985585e-16
236.0389792872208,264.00330863309944,0.012558284061649267,263.9824908599853,3.3153413974021664,3.9326422232755657e-16
236.5389792872208,263.5034798055589,0.012608708109234399,263.48253425466083,3.3223504300568334,3.194077382521242e-16
237.0389792872208,263.0036516328366,0.012659323636008742,262.9825776322247,3.329359415465778,4.864298918091382e-16
237.5389792872208,262.5038241186615,0.012710131735985387,262.48262099257016,3.336368353755776,7.40811436021911e-16
238.0389792872208,262.0039972667911,0.012761133511525335,261.98266433558905,3.3433772450545045,8.35745374427264e-16
238.5389792872208,261.50417108101135,0.012812330073417257,261.48270766117247,3.3503860894905495,6.788682208246698e-16
239.0389792872208,261.00434556513727,0.012863722540958161,260.9827509692107,3.3573948871934154,1.1201420486946436e-15
239.5389792872208,260.504520723013,0.012915312042035004,260.48279425959277,3.3644036382935343,6.9994962572176605e-16
240.0389792872208,260.0046965585121,0.012967099713207223,259.982837532207,3.3714123429222704,7.996118140435227e-16
240.5389792872208,259.5048730755379,0.013019086699790242,259.48288078694054,3.3784210012119376,9.022138283271372e-16
241.0389792872208,259.0050502780238,0.013071274155939927,258.98292402367974,3.3854296132957997,7.329683047598232e-16
241.5389792872208,258.50522816993356,0.013123663244738033,258.48296724230977,3.392438179308086,1.1165422851754963e-15
242.0389792872208,258.0054067552614,0.013176255138278633,257.9830104427149,3.399446699383996,9.44943173986355e-16
242.5389792872208,257.50558603803256,0.013229051017755566,257.4830536247783,3.4064551736597126,1.0556579749933918e-15
243.0389792872208,257.0057660223035,0.013282052073550894,256.9830967883821,3.41346360227241,9.74694570134352e-16
243.5389792872208,256.5059467121621,0.013335259505324389,256.48313993340753,3.4204719853602628,1.1879577247624526e-15
244.0389792872208,256.0061281117282,0.013388674522104085,255.9831830597346,3.427480323062457,1.0055048705087859e-15
244.5389792872208,255.50631022515358,0.013442298342377881,255.48322616724232,3.4344886155191983,1.3277162382147112e-15
245.0389792872208,255.00649305662267,0.013496132194186217,254.9832692558086,3.4414968628717237,1.3486409789427041e-15
245.5389792872208,254.5066766103525,0.013550177315215845,254.48331232531027,3.4485050652623115,1.2645579367224837e-15
246.0389792872208,254.0068608905933,0.013604434952894713,253.98335537562303,3.455513222834288,1.284566735816664e-15
246.5389792872208,253.50704590162857,0.013658906364487966,253.48339840662155,3.4625213357320463,9.786995341879164e-16
247.0389792872208,253.00723164777565,0.013713592817195077,252.98344141817918,3.4695294041010456,1.2151910538685951e-15
247.5389792872208,252.50741813338593,0.013768495588248145,252.4834844101683,3.47653742808783,8.978431734308214e-16
248.0389792872208,252.00760536284517,0.01382361596501135,251.98352738246012,3.4835454078400376,9.691739001118272e-16
248.5389792872208,251.50779334057393,0.0138789552450816,251.48357033492462,3.4905533435064084,9.84663223202118e-16
249.0389792872208,251.0079820710278,0.013934514736390378,250.98361326743063,3.497561235236799,1.1769786220338275e-15
249.5389792872208,250.50817155869785,0.013990295757306807,250.48365617984578,3.50456908318219,1.1958650889916162e-15
250.0389792872208,250.00836180811092,0.01404629963674195,249.9836990720365,3.511576887494701,1.154338793804937e-15
250.5389792872208,249.50855282383,0.014102527714254368,249.483741943868,3.5185846483275993,1.1112035859630188e-15
251.0389792872208,249.0087446104546,0.014158981340156933,248.98378479520423,3.5255923658353123,1.129143319659247e-15
251.5389792872208,248.5089371726211,0.014215661875624959,248.4838276259079,3.5326000401734383,1.2111547950690647e-15
252.0389792872208,248.00913051500314,0.014272570692805603,247.9838704358405,3.53960767149876,1.4251229344147828e-15
252.5389792872208,247.50932464231192,0.014329709174928621,247.48391322486216,3.546615259969255,1.1849497002679164e-15
253.0389792872208,247.00951955929673,0.01438707871641845,246.98395599283182,3.5536228057441073,1.1373347697792036e-15
253.5389792872208,246.5097152707452,0.014444680723007662,246.48399873960705,3.5606303089837237,1.019898419041948e-15
254.0389792872208,246.0099117814837,0.014502516611851793,245.98404146504413,3.5676377698497377,9.67462850622424e-16
254.5389792872208,245.51010909637782,0.014560587811645582,245.4840841689979,3.5746451885050314,9.833073740086114e-16
255.0389792872208,245.01030722033266,0.014618895762740624,244.98412685132197,3.581652565113742,9.28055749198961e-16
255.5389792872208,244.51050615829337,0.014677441917264469,244.48416951186857,3.588659899841277,7.9819198853344e-16
256.0389792872208,244.01070591524538,0.014736227739241185,243.98421215048856,3.595667192854326,1.106380408866792e-15
256.5389792872208,243.51090649621494,0.014795254704713401,243.48425476703125,3.602674444320874,9.746972501764005e-16
257.0389792872208,243.01110790626953,0.014854524301865861,242.98429736134472,3.609681654410217,9.146090559275228e-16
257.5389792872208,242.51131015051823,0.014914038031150495,242.48433993327552,3.6166888232929706,7.748129415824999e-16
258.0389792872208,242.0115132341122,0.014973797405413049,241.9843824826688,3.623695951141089,1.0239945524543986e-15
258.5389792872208,241.51171716224505,0.015033803950021282,241.4844250093682,3.630703038127875,8.80885134366186e-16
259.0389792872208,241.01192194015334,0.01509405920299476,240.98446751321592,3.6377100844279946,8.955843963561058e-16
259.5389792872208,240.51212757311703,0.015154564715136256,240.48450999405262,3.6447170902174926,8.277821701291054e-16
260.0389792872208,240.01233406645986,0.015215322050164808,239.9845524517175,3.651724055673804,7.574881988991926e-16
260.5389792872208,239.51254142554987,0.015276332784850431,239.48459488604811,3.658730980975773,9.413659014394872e-16
261.0389792872208,239.01274965579984,0.015337598509150518,238.98463729688063,3.6657378663036617,1.1312451527450335e-15
261.5389792872208,238.51295876266775,0.01539912082634796,238.48467968404952,3.6727447118391705,1.0618360713635063e-15
262.0389792872208,238.01316875165725,0.015460901353190998,237.9847220473877,3.679751517765449,8.098356659924301e-16
262.5389792872208,237.51337962831815,0.01552294172003485,237.48476438672643,3.6867582842671136,9.150565376516504e-16
263.0389792872208,237.01359139824692,0.015585243570985117,236.98480670189542,3.6937650115302607,9.305868410956765e-16
263.5389792872208,236.51380406708714,0.015647808564043016,236.4848489927227,3.700771699742485,8.517730626870841e-16
264.0389792872208,236.01401764053003,0.015710638371252448,235.98489125903467,3.7077783490928926,1.0588004891039965e-15
264.5389792872208,235.51423212431496,0.015773734678848943,235.48493350065598,3.7147849597721185,9.789874880476032e-16
265.0389792872208,235.01444752422992,0.01583709918741051,234.98497571740955,3.7217915319723427,6.970221477516389e-16
265.5389792872208,234.5146638461121,0.015900733612010397,234.48501790911672,3.7287980658873052,7.089796089109675e-16
266.0389792872208,234.0148810958483,0.015964639682371825,233.98506007559692,3.735804561712324,9.27216641477631e-16
266.5389792872208,233.51509927937562,0.016028819143024696,233.48510221666794,3.742811019644311,7.335938072214018e-16
267.0389792872208,233.01531840268183,0.016093273753464327,232.98514433214567,3.7498174398817894,5.330433155853867e-16
267.5389792872208,232.51553847180602,0.01615800528831222,232.48518642184425,3.7568238226249098,4.338138471048951e-16
268.0389792872208,232.01575949283918,0.01622301553747891,231.98522848557593,3.7638301680754678,4.413371049324408e-16
268.5389792872208,231.51598147192462,0.016288306306328923,231.48527052315126,3.770836476436925,4.490075589130773e-16
269.0389792872208,231.0162044152586,0.016353879415847882,230.98531253437866,3.7778427479144217,5.710355214162011e-16
269.5389792872208,230.51642832909104,0.016419736702811768,230.48535451906486,3.784848982714798,6.972044471578154e-16
270.0389792872208,230.01665321972584,0.016485880019958397,229.98539647701458,3.791855181046611,5.320513868950301e-16
270.5389792872208,229.51687909352168,0.016552311236161136,229.48543840803057,3.798861343120155,6.015333333824119e-16
271.0389792872208,229.01710595689252,0.01661903223660488,228.9854803119137,3.805867469147477,3.6726209651292595e-16
271.5389792872208,228.5173338163082,0.016686044922964365,228.48552218846274,3.812873559342397,3.737299248455329e-16
272.0389792872208,228.0175626782951,0.01675335121358479,227.9855640374745,3.819879613920531,2.53550841126106e-16
272.5389792872208,227.51779254943668,0.016820953043664835,227.4856058587437,3.826885633099306,5.805809269784018e-16
273.0389792872208,227.01802343637422,0.0168888523654421,226.98564765206302,3.83389161709798,4.59568558660702e-16
273.5389792872208,226.51825534580735,0.01695705114838098,226.48568941722306,3.840897566137662,4.677343007832523e-16
274.0389792872208,226.01848828449474,0.017025551379363048,225.98573115401223,3.847903480441338,4.0805463204580086e-16
274.5389792872208,225.5187222592547,0.017094355062879964,225.48577286221683,3.85490936023388,6.922293199143847e-16
275.0389792872208,225.01895727696595,0.017163464221228938,224.985814541621,3.861915205742081,3.5230600422990183e-16
275.5389792872208,224.5191933445682,0.01723288089471082,224.48585619200668,3.868921017194663,5.02071221244181e-16
276.0389792872208,224.01943046906285,0.01730260714183082,223.98589781315357,3.8759267948223064,5.110929027466776e-16
276.5389792872208,223.51966865751365,0.017372645039501956,223.485939404839,3.882932538857668,3.716410576885669e-16
277.0389792872208,223.01990791704742,0.017442996683251187,222.98598096683816,3.889938249535406,3.7834934697752085e-16
277.5389792872208,222.5201482548548,0.01751366418742835,222.48602249892386,3.8969439270921975,4.622331009351323e-16
278.0389792872208,222.0203896781909,0.01758464968541791,221.98606400086658,3.903949571766766,4.706146420467283e-16
278.5389792872208,221.52063219437605,0.017655955329853593,221.48610547243442,3.9109551837999006,1.5972255062618592e-16
279.0389792872208,221.02087581079653,0.017727583292835882,220.98614691339304,3.917960763434482,4.0658003181908257e-16
279.5389792872208,220.52112053490532,0.017799535766152518,220.48618832350567,3.924966310915502,8.280063448567708e-17
280.0389792872208,220.02136637422282,0.01787181496150197,219.98622970253314,3.931971826490091,8.431584415448422e-17
280.5389792872208,219.5216133363377,0.017944423110719986,219.4862710502337,3.93897731040754,-8.586233712597625e-17
281.0389792872208,219.02186142890758,0.018017362466009202,218.98631236636308,3.9459827629193263,-0.0
281.5389792872208,218.52211065965986,0.018090635300171933,218.48635365067443,3.9529881842791337,-0.0
282.0389792872208,218.0223610363925,0.018164243906846157,217.98639490291836,3.959993574742887,-9.069680273092825e-17
282.5389792872208,217.52261256697489,0.018238190600744737,217.48643612284283,3.9669989345687653,-0.0
283.0389792872208,217.02286525934852,0.018312477717897947,216.98647731019304,3.9740042640172377,9.408988389244135e-17
283.5389792872208,216.52311912152803,0.018387107615899376,216.4865184647116,3.9810095633510842,-9.5839843172627e-17
284.0389792872208,216.02337416160182,0.018462082674155215,215.98655958613838,3.9880148328354226,3.9050609525986934e-16
284.5389792872208,215.52363038773308,0.01853740529413702,215.4866006742104,3.995020072737737,-9.945078424895057e-17
285.0389792872208,215.02388780816054,0.018613077899637995,214.98664172866185,4.002025283327902,-1.0131350503292858e-16
285.5389792872208,214.5241464311994,0.018689102937032867,214.4866827492242,4.009030464878212,-2.064311789558291e-16
286.0389792872208,214.02440626524225,0.018765482875541376,213.98672373562601,4.0160356176634115,-3.154738928714219e-16
286.5389792872208,213.5246673187599,0.01884222020749548,213.48676468759277,4.023040741960719,-0.0
287.0389792872208,213.0249296003023,0.01891931744861031,212.98680560484718,4.030045838049856,-1.0916741281842076e-16
287.5389792872208,212.52519311849954,0.018996777138258942,212.48684648710886,4.037050906213078,2.224729259816542e-16
288.0389792872208,212.02545788206274,0.019074601839751064,211.9868873340944,4.044055946735206,2.266995157494063e-16
288.5389792872208,211.52572389978496,0.019152794140615572,211.4869281455173,4.05106095990365,1.7326252726725605e-16
289.0389792872208,211.02599118054223,0.019231356652887194,210.98696892108796,4.058065946008443,-1.7656998845028e-16
289.5389792872208,210.52625973329455,0.019310292013397175,210.4870096605136,4.065070905342274,-0.0
290.0389792872208,210.0265295670868,0.019389602884068134,209.9870503634982,4.072075838200515,-0.0
290.5389792872208,209.52680069104983,0.019469291952213107,209.4870910297426,4.079080744881253,1.2461778047707635e-16
291.0389792872208,209.0270731144014,0.019549361930838893,208.98713165894418,4.086085625685322,-6.350983802516788e-17
291.5389792872208,208.52734684644727,0.019629815558953764,208.48717225079713,4.09309048091634,-2.5894760972582635e-16
292.0389792872208,208.0276218965823,0.01971065560187958,207.98721280499217,4.100095310880736,-1.9797214859532705e-16
292.5389792872208,207.52789827429146,0.019791884851568447,207.48725332121666,4.107100115887784,-1.345438579454324e-16
293.0389792872208,207.02817598915084,0.01987350612692391,206.98729379915443,4.114104896249639,-6.85812078003812e-17
293.5389792872208,206.52845505082888,0.019955522274126856,206.48733423848574,4.121109652281372,-1.398384752733695e-16
294.0389792872208,206.02873546908745,0.020037936166966114,205.9873746388874,4.128114384301003,-0.0
294.5389792872208,205.5290172537829,0.02012075070717389,205.48741500003246,4.135119092629533,-2.1805314862122241e-16
295.0389792872208,205.02930041486732,0.02020396882476611,204.98745532159043,4.142123777590987,-2.223388876431164e-16
295.5389792872208,204.5295849623896,0.02028759347838773,204.487495603227,4.149128439512444,-1.5114644582916497e-16
296.0389792872208,204.0298709064967,0.020371627655663128,203.9875358446041,4.1561330787240784,1.5413189341421088e-16
296.5389792872208,203.53015825743483,0.020456074373551656,203.48757604537994,4.163137695559192,-0.0
297.0389792872208,203.03044702555056,0.020540936678708422,202.98761620520867,4.170142290354258,-8.015202277342566e-17
297.5389792872208,202.5307372212922,0.020626217647850418,202.48765632374062,4.177146863448954,8.174704971328234e-17
298.0389792872208,202.03102885521102,0.02071192038812808,201.98769640062213,4.1841514151862045,-1.6675578148881193e-16
298.5389792872208,201.53132193796242,0.02079804803750236,201.4877364354955,4.191155945912216,1.700908836041849e-16
299.0389792872208,201.0316164803073,0.02088460376512742,200.9877764279988,4.198160455976525,1.7350124707981692e-16
299.5389792872208,200.5319124931134,0.02097159077173906,200.48781637776617,4.205164945732029,-8.849438207552807e-17
300.0389792872208,200.03220998735654,0.02105901229004892,199.98785628442727,4.212169415535036,9.027768976101122e-17
300.5389792872208,199.53250897412204,0.021146871585144646,199.48789614760767,4.219173865745301,2.7630463793516055e-16
301.0389792872208,199.03280946460603,0.021235171954896038,198.98793596692852,4.2261782967260695,-0.0
301.5389792872208,198.53311147011692,0.021323916730367366,198.48797574200663,4.233182708844125,1.917500832892491e-16
302.0389792872208,198.0334150020767,0.02141310927623588,197.98801547245426,4.240187102469823,-0.0
302.5389792872208,197.5337200720225,0.021502752991216702,197.48805515787922,4.247191477977149,9.982343664384467e-17
303.0389792872208,197.0340266916079,0.021592851308494143,196.98809479788466,4.254195835743751,-1.0186603137193804e-16
303.5389792872208,196.5343348726045,0.02168340769615962,196.48813439206913,4.261200176150989,1.039557865280689e-16
304.0389792872208,196.03464462690337,0.021774425657656256,195.98817394002634,4.268204499583985,-3.182817459101973e-16
304.5389792872208,195.53495596651663,0.021865908732230276,195.48821344134538,4.275208806431667,-1.0828166530995249e-16
305.0389792872208,195.03526890357895,0.021957860495389357,194.98825289561034,4.282213097086819,-4.4208127859497147e-16
305.5389792872208,194.53558345034912,0.02205028455936801,194.4882923024004,4.289217371946125,-3.384335940416987e-16
306.0389792872208,194.0358996192116,0.02214318457360017,193.98833166128978,4.29622163141022,-3.4546697350231165e-16
306.5389792872208,193.5362174226782,0.022236564225199082,193.48837097184753,4.303225875883746,-2.3511019090538656e-16
307.0389792872208,193.0365368733897,0.02233042723944463,192.98841023363764,4.310230105775393,-1.8001642102177748e-16
307.5389792872208,192.53685798411755,0.02242477738027826,192.4884494462188,4.3172343214979545,-3.0631172848588333e-16
308.0389792872208,192.03718076776545,0.02251961845080561,191.9884886091444,4.324238523468385,-1.2509784816838914e-16
308.5389792872208,191.53750523737116,0.022614954293807,191.4885277219625,4.331242712107843,-1.9159797344559656e-16
309.0389792872208,191.03783140610827,0.022710788792255934,190.9885667842156,4.338246887841755,-1.9564305578132448e-16
309.5389792872208,190.53815928728787,0.022807125869845735,190.4886057954407,4.3452510510998605,-3.3297417451068e-16
310.0389792872208,190.03848889436046,0.022903969491524484,189.98864475516916,4.352255202316276,-2.720331709918571e-16
310.5389792872208,189.53882024091766,0.02300132366403843,189.4886836629267,4.359259341929546,-1.3891120620751383e-16
311.0389792872208,189.03915334069416,0.02309919243648397,188.98872251823303,4.366263470382702,-1.418753387459565e-16
311.5389792872208,188.53948820756958,0.023197579900868435,188.48876132060218,4.37326758812332,-7.245542155068768e-17
312.0389792872208,188.0398248555704,0.02329649019267977,187.98880006954212,4.3802716956035805,-0.0
312.5389792872208,187.54016329887185,0.02339592749146535,187.48883876455477,4.387275793280328,-3.024073669464447e-16
313.0389792872208,187.04050355179996,0.023495896021420024,186.98887740513587,4.394279881615133,-4.633950632944953e-16
313.5389792872208,186.5408456288335,0.023596400051983615,186.48891599077484,4.401283961074348,-2.3670860623536412e-16
314.0389792872208,186.04118954460608,0.02369744389844805,185.9889545209549,4.40828803212918,-3.224559709440813e-16
314.5389792872208,185.54153531390818,0.023799031922574265,185.4889929951527,4.4152920952557455,-1.6473398226793575e-16
315.0389792872208,185.0418829516893,0.023901168533219098,184.9890314128384,4.422296150935139,-8.416300580574201e-17
315.5389792872208,184.5422324730601,0.024003858186972364,184.48906977347548,4.429300199653501,-8.600321296385653e-17
316.0389792872208,184.04258389329448,0.024107105388804288,183.9891080765207,4.43630424190208,-0.0
316.5389792872208,183.5429372278319,0.024210914692723493,183.48914632142393,4.443308278177302,-8.982108813844336e-17
317.0389792872208,183.04329249227965,0.02431529070244576,182.98918450762812,4.450312308980841,9.180129068243507e-17
317.5389792872208,182.543649702415,0.02442023807207376,182.48922263456913,4.457316334819689,9.38307572361075e-17
318.0389792872208,182.04400887418763,0.02452576150678795,181.98926070167565,4.464320356206225,1.9182170704536868e-16
318.5389792872208,181.54437002372197,0.024631865763548866,181.48929870836906,4.4713243736582875,3.9217194811715933e-16
319.0389792872208,181.0447331673196,0.024738555651811062,180.98933665406335,4.478328387699251,4.009144336160653e-16
319.5389792872208,180.54509832146164,0.02484583603424884,180.48937453816498,4.485332398858097,4.098768516150263e-16
320.0389792872208,180.04546550281125,0.024953711827494066,179.98941236007278,4.492336407669493,1.047663418947939e-16
320.5389792872208,179.54583472821625,0.025062188002886312,179.48945011917783,4.499340414673864,3.2136475322467937e-16
321.0389792872208,179.04620601471152,0.025171269587235506,178.98948781486328,4.50634442041748,3.2860973625716614e-16
321.5389792872208,178.5465793795217,0.025280961663597386,178.4895254465043,4.513348425452524,2.2402602836905097e-16
322.0389792872208,178.0469548400638,0.025391269372062,177.9895630134679,4.520352430337183,4.582105305762801e-16
322.5389792872208,177.54733241394996,0.025502197910555486,177.48960051511287,4.527356435635725,2.343144610999549e-16
323.0389792872208,177.0477121189901,0.02561375253565541,176.98963795078953,4.534360441918584,3.5948598199401267e-16
323.5389792872208,176.54809397319477,0.025725938563419943,176.48967531983973,4.541364449762443,5.515597531226863e-16
324.0389792872208,176.04847799477793,0.02583876137023113,175.9897126215966,4.548368459750326,1.8806958293826308e-16
324.5389792872208,175.54886420215988,0.025952226393652526,175.48974985538447,4.555372472471675,3.847900744281129e-16
325.0389792872208,175.0492526139701,0.02606633913330152,174.9897870205187,4.562376488522451,1.9683276117388008e-16
325.5389792872208,174.5496432490504,0.026181105151736602,174.48982411630558,4.5693805085052155,3.356433371050734e-16
326.0389792872208,174.05003612645774,0.026296530075359897,173.98986114204212,4.576384533029229,4.121162231045387e-16
326.5389792872208,173.55043126546747,0.026412619595335265,173.4898980970159,4.58338856271054,2.81136729806937e-16
327.0389792872208,173.05082868557636,0.026529379468522282,172.98993498050498,4.590392598172082,3.596214649718794e-16
327.5389792872208,172.55122840650589,0.02664681551842642,172.48997179177772,4.597396640043773,2.2082279064248678e-16
328.0389792872208,172.05163044820537,0.026764933636165753,171.99000853009255,4.604400688962611,2.2600608548108536e-16
328.5389792872208,171.55203483085538,0.02688373978145454,171.4900451946979,4.61140474557277,5.397622761745629e-16
329.0389792872208,171.05244157487098,0.027003239983604016,170.99008178483192,4.61840881052571,1.578591049075199e-16
329.5389792872208,170.55285070090528,0.02712344034254074,170.4901182997225,4.625412884480278,4.0399362337841917e-16
330.0389792872208,170.05326222985278,0.027244347029842877,169.99015473858685,4.63241696810281,2.4815356235545307e-16
330.5389792872208,169.55367618285297,0.027365966289794756,169.49019110063156,4.639421062067239,1.6937685769482508e-16
331.0389792872208,169.05409258129393,0.02748830444046011,168.99022738505224,4.646425167055207,4.33559929144557e-16
331.5389792872208,168.554511446816,0.027611367874774376,168.4902635910334,4.653429283756173,1.775802253776195e-16
332.0389792872208,168.05493280131552,0.027735163061656434,167.9902997177483,4.660433412867526,1.8184889907839245e-16
332.5389792872208,167.55535666694854,0.027859696547140215,167.49033576435875,4.667437555094701,1.8623338175373978e-16
333.0389792872208,167.05578306613478,0.027984974955526577,166.99037173001483,4.674441711151294,9.536858755639703e-17
333.5389792872208,166.5562120215615,0.028111004990555872,166.49040761385476,4.681445881759179,1.9536389768187856e-16
334.0389792872208,166.05664355618754,0.028237793436601658,165.99044341500473,4.688450067648634,1.0005864453416572e-16
334.5389792872208,165.55707769324738,0.02836534715988598,165.4904791325786,4.695454269558458,2.0500121439342057e-16
335.0389792872208,165.0575144562553,0.028493673109716667,164.9905147656778,4.7024584882361,2.1001966890159165e-16
335.5389792872208,164.5579538690095,0.028622778319747178,164.4905503133909,4.709462724437782,1.0758839137681322e-16
336.0389792872208,164.0583959555966,0.028752669909259367,163.99058577479377,4.716466978928632,2.2047682601163438e-16
336.5389792872208,163.55884074039585,0.02888335508446976,163.49062114894892,4.723471252482815,2.25924213824174e-16
337.0389792872208,163.05928824808365,0.029014841139859793,162.99065643490556,4.730475545883666,2.3152351182017784e-16
337.5389792872208,162.55973850363804,0.029147135459530522,162.49069163169932,4.737479859923823,2.372794417207662e-16
338.0389792872208,162.06019153234342,0.02928024551858236,161.99072673835187,4.744484195405372,6.079922179461341e-17
338.5389792872208,161.56064735979515,0.02941417888452037,161.49076175387083,4.751488553139985,1.8696067489027757e-16
339.0389792872208,161.06110601190443,0.029548943218685644,160.99079667724945,4.758492933949062,1.9165252930443588e-16
339.5389792872208,160.5615675149031,0.029684546277713383,160.4908315074664,4.765497338663879,6.54924279357719e-17
340.0389792872208,160.0620318953487,0.029820995915018213,159.99086624348547,4.772501768125739,6.714637813539972e-17
340.5389792872208,159.56249918012946,0.029958300082307356,159.49090088425527,4.779506223186117,6.884747442867989e-17
341.0389792872208,159.06296939646955,0.03009646683112227,158.99093542870907,4.7865107047068225,7.05972147939384e-17
341.5389792872208,158.56344257193425,0.030235504314409366,158.4909698757644,4.793515213560152,1.4479429945446864e-16
342.0389792872208,158.06391873443533,0.030375420788120465,157.99100422432284,4.800519750629046,7.424888425713384e-17
342.5389792872208,157.56439791223656,0.030516224612843635,157.49103847326973,4.807524316807259,1.523081600869502e-16
343.0389792872208,157.0648801339592,0.030657924255465093,156.99107262147382,4.814528912999516,3.124578302556228e-16
343.5389792872208,156.56536542858777,0.030800528290862873,156.49110666778705,4.821533540121695,8.013179839215865e-17
344.0389792872208,156.06585382547564,0.030944045403632936,155.99114061104416,4.828538199100983,4.1103973786111983e-16
344.5389792872208,155.56634535435117,0.031088484389848493,155.49117445006246,4.835542890876061,-8.434481609277613e-17
345.0389792872208,155.0668400453235,0.031233854158853262,154.9912081836414,4.842547616397282,1.7308876693286168e-16
345.5389792872208,154.56733792888872,0.031380163735089416,154.49124181056231,4.849552376626846,-8.880870041862892e-17
346.0389792872208,154.0678390359362,0.03152742225996104,153.9912753295881,4.856557172538993,-1.8227978338235896e-16
346.5389792872208,153.56834339775483,0.03167563899373388,153.49130873946285,4.863562005120187,1.870803179314922e-16
347.0389792872208,153.06885104603953,0.0318248233174722,152.99134203891143,4.870566875369306,1.9202356782563526e-16
347.5389792872208,152.5693620128979,0.03197498473501365,152.49137522663935,4.877571784297846,-9.855713137198265e-17
348.0389792872208,152.06987633085686,0.032126132874982914,151.991408301332,4.884576732930108,-0.0
348.5389792872208,151.57039403286961,0.03227827749284514,151.49144126165473,4.8915817223034095,-1.0387888908040094e-16
349.0389792872208,151.07091515232258,0.03243142847300003,150.99147410625207,4.898586753468289,1.0666047543938807e-16
349.5389792872208,150.5714397230426,0.0325855958309175,150.4915068337477,4.905591827488718,-0.0
350.0389792872208,150.07196777930415,0.0327407897153159,149.9915394427437,4.9125969454423135,-2.2495745585488174e-16
350.5389792872208,149.5724993558368,0.03289702041038381,149.49157193182037,4.919602108420559,-3.465634988672702e-16
351.0389792872208,149.07303448783279,0.033054298338046365,148.9916042995358,4.926607317529021,-1.1865650746051897e-16
351.5389792872208,148.57357321095472,0.03321263406027727,148.4916365444253,4.933612573887586,-0.0
352.0389792872208,148.0741155613435,0.03337203828145743,147.99166866500107,4.940617878630686,-1.878280011960226e-16
352.5389792872208,147.5746615756263,0.03353252185078145,147.49170065975179,4.947623232907538,1.2865217283969148e-16
353.0389792872208,147.07521129092487,0.03369409576471295,146.99173252714206,4.954628637882379,1.9828794615265396e-16
353.5389792872208,146.5757647448638,0.03385677116949013,146.49176426561195,4.961634094734716,1.3584170931878934e-16
354.0389792872208,146.07632197557908,0.03402055936368247,145.9917958735766,4.968639604659577,1.396052162711005e-16
354.5389792872208,145.5768830217269,0.03418547180080005,145.49182734942565,4.97564516886776,-7.174321913759196e-17
355.0389792872208,145.0774479224924,0.0343515200919566,144.99185869152274,4.982650788586102,-0.0
355.5389792872208,144.57801671759887,0.034518716008587615,144.49188989820502,4.989656465057733,-1.5161860519142466e-16
356.0389792872208,144.07858944731697,0.034687071485224916,143.9919209677827,4.996662199542358,-1.5587824060893352e-16
356.5389792872208,143.57916615247413,0.034856598622328955,143.4919518985383,5.003667993316524,-2.4040947855688285e-16
357.0389792872208,143.07974687446432,0.0350273096891803,142.99198268872635,5.010673847673903,-8.240380927183109e-17
357.5389792872208,142.5803316552578,0.03519921712683178,142.49201333657265,5.017679763925581,8.474355184611306e-17
358.0389792872208,142.08092053741117,0.0353723335511227,141.99204384027374,5.024685743400348,2.6147490027791465e-16
358.5389792872208,141.5815135640778,0.035546671755756765,141.49207419799635,5.031691787444999,1.7930146986489673e-16
359.0389792872208,141.08211077901805,0.03572224471544514,140.99210440787672,5.038697897424635,-0.0
359.5389792872208,140.58271222661025,0.03589906558911643,140.49213446802008,5.045704074722973,-1.8975984295642006e-16
360.0389792872208,140.0833179518615,0.036077147723195084,139.99216437649994,5.05271032074267,-9.762258234518568e-17
360.5389792872208,139.58392800041875,0.036256504654950054,139.49219413135742,5.059716636905635,2.0090951583305021e-16
361.0389792872208,139.0845424185804,0.03643715011591539,138.99222373060064,5.066723024653363,-1.033797058216437e-16
361.5389792872208,138.5851612533079,0.03661909803538464,138.49225317220402,5.073729485447279,-1.0640081455003046e-16
362.0389792872208,138.08578455223747,0.03680236254398086,137.99228245410757,5.080736020769069,-1.0952160920559222e-16
362.5389792872208,137.58641236369257,0.03698695797730417,137.49231157421625,5.0877426321210395,5.637287876803128e-17
363.0389792872208,137.08704473669604,0.03717289887965887,136.99234053039902,5.094749321026465,-5.803853812584298e-17
363.5389792872208,136.587681720983,0.03736020000786207,136.4923693204884,5.101756089029967,-5.975976882408592e-17
364.0389792872208,136.08832336701366,0.03754887633513597,135.9923979422794,5.108762937697872,-6.153863827487821e-17
364.5389792872208,135.58896972598666,0.03773894305508594,135.49242639352894,5.1157698686186,-0.0
365.0389792872208,135.08962084985268,0.0379304155857666,134.992454671955,5.122776883403052,-1.3055598284159024e-16
365.5389792872208,134.59027679132814,0.038123309573838124,134.49248277523563,5.1297839836850025,-1.344860998329776e-16
366.0389792872208,134.09093760390945,0.03831764089881526,133.9925107010083,5.136791171121506,-3.463745248489895e-16
366.5389792872208,133.59160334188746,0.0385134256774113,133.492538446869,5.143798447393312,-7.137608860122583e-17
367.0389792872208,133.09227406036226,0.03871068026797962,132.99256601037115,5.150805814205282,-7.354923878846323e-17
367.5389792872208,132.59294981525827,0.038909421275055305,132.49259338902496,5.157813273286823,-2.273913129621835e-16
368.0389792872208,132.09363066333972,0.03910966555399947,131.99262058029635,5.1648208263923285,-1.5624509978978634e-16
368.5389792872208,131.5943166622265,0.039311430215749066,131.4926475816059,5.171828475301625,-1.6105712293284327e-16
369.0389792872208,131.09500787041029,0.03951473263167487,130.992674390328,5.178836221820433,-3.3207300747548565e-16
369.5389792872208,130.59570434727104,0.039719590438550674,130.49270100378982,5.185844067780829,-2.5678460014963973e-16
370.0389792872208,130.09640615309405,0.039926021543636545,129.9927274192702,5.192852015041737,-1.7652358121141706e-16
370.5389792872208,129.5971133490871,0.040134044129879226,129.4927536339986,5.1998600654894025,-2.7306766089201674e-16
371.0389792872208,129.09782599739825,0.040343676661232925,128.99277964515403,5.206868221037904,-9.388083823206671e-17
371.5389792872208,128.59854416113393,0.040554937888103645,128.49280544986388,5.213876483629656,-1.9368097279112618e-16
372.0389792872208,128.09926790437748,0.040767846852920495,127.99283104520285,5.220884855235934,-2.9971652166136183e-16
372.5389792872208,127.59999729220807,0.040982422895837374,127.49285642819167,5.227893337857406,-2.0616016975724862e-16
373.0389792872208,127.10073239072015,0.04119868566056869,126.99288159579591,5.234901933524679,-2.1273717397135489e-16
373.5389792872208,126.6014732670433,0.041416655100362666,126.49290654492475,5.241910644298851,-2.1955114681457513e-16
374.0389792872208,126.10221998936254,0.04163635148411621,125.99293127242967,5.248919472272084,-2.8326451381309144e-16
374.5389792872208,125.60297262693915,0.04185779540263507,125.49295577510317,5.255928419568187,-2.339285119781453e-16
375.0389792872208,125.10373125013197,0.0420810077750435,124.99298004967734,5.262937488343205,-1.8113417847135094e-16
375.5389792872208,124.60449593041923,0.0423060098553475,124.49300409282256,5.269946680786028,-3.740604630674748e-16
376.0389792872208,124.10526674042084,0.042532823239155956,123.99302790114601,5.276955999119017,-5.150481294227318e-16
376.5389792872208,123.6060437539213,0.04276146987056415,123.49305147119017,5.283965445598635,-4.654568762513045e-16
377.0389792872208,123.10682704589308,0.04299197204920422,122.99307479943147,5.290975022516094,-4.1210986507502686e-16
377.5389792872208,122.60761669252065,0.04322435243746729,122.4930978822785,5.297984732198027,-2.8383067313327653e-16
378.0389792872208,122.10841277122499,0.04345863406790221,121.99312071607065,5.304994577007158,-0.0
378.5389792872208,121.60921536068881,0.04369484035079587,121.49314329707627,5.312004559343003,-7.576140638832521e-17
379.0389792872208,121.11002454088232,0.043932995081940436,120.99316562149114,5.31901468164258,-1.5659939754109123e-16
379.5389792872208,120.61084039308965,0.044173122450592746,120.4931876854367,5.326024946381133,-2.428021499504057e-16
380.0389792872208,120.1116629999359,0.04441524704763154,119.99320948495813,5.333035356072876,-1.6733703039613803e-16
380.5389792872208,119.61249244541493,0.04465939387391829,119.4932310160228,5.340045913271754,-1.730146772721526e-16
381.0389792872208,119.11332881491775,0.04490558834886743,118.9932522745181,5.347056620572225,-2.6836488966711326e-16
381.5389792872208,118.61417219526169,0.04515385631923235,118.49327325624972,5.354067480610048,-2.775481223201004e-16
382.0389792872208,118.11502267472025,0.045404224068113265,117.99329395693947,5.361078496063106,-9.569544275355193e-17
382.5389792872208,117.61588034305379,0.04565671832419374,117.49331437222341,5.368089669652235,-2.969948149033488e-16
383.0389792872208,117.11674529154088,0.045911366271212506,116.99333449764961,5.37510100414208,-2.0485974578494067e-16
383.5389792872208,116.61761761301052,0.046168195557677635,116.49335432867609,5.382112502341964,-1.0599584768451174e-16
384.0389792872208,116.11849740187519,0.046427234306830364,115.99337386066844,5.389124167106786,-1.0970206624269875e-16
384.5389792872208,115.61938475416468,0.04668851112686601,115.49339308889766,5.396136001337937,-1.1355468203237818e-16
385.0389792872208,115.12027976756092,0.046952055121419825,114.99341200853773,5.403148007984233,-1.1756014672039308e-16
385.5389792872208,114.62118254143353,0.047217895900325706,114.49343061466323,5.4101601900428795,-0.0
386.0389792872208,114.12209317687645,0.0474860635906562,113.99344890224668,5.417172550560446,-6.302850817617711e-17
386.5389792872208,113.62301177674546,0.047756588848052346,113.49346686615615,5.424185092633878,-6.528148136114103e-17
387.0389792872208,113.1239384456967,0.048029502868352225,112.99348450115251,5.431197819411526,-0.0
387.5389792872208,112.62487329022613,0.04830483739952753,112.49350180188665,5.4382107340941985,-1.4012895935172413e-16
388.0389792872208,112.12581641871023,0.048582624753937625,111.99351876289673,5.445223839936244,1.4520581621738204e-16
388.5389792872208,111.6267679414475,0.048862897820910974,111.49353537860519,5.452237140246655,-0.0
389.0389792872208,111.12772797070129,0.04914569007966425,110.99355164331585,5.459250638390205,2.339886884950346e-16
389.5389792872208,110.62869662074372,0.049431035612569695,110.49356755121076,5.466264337788608,-8.086085346645663e-17
390.0389792872208,110.12967400790075,0.049718969118781625,109.99358309634702,5.473278241921712,8.384435258472427e-17
390.5389792872208,109.63066025059841,0.05000952592823365,109.49359827265347,5.480292354328708,4.347611572278131e-16
391.0389792872208,109.13165546941046,0.05030274201601821,108.99361307392738,5.487306678609392,1.8038055243428674e-16
391.5389792872208,108.6326597871072,0.05059865401716083,108.4936274938309,5.49432121842544,9.35645704229354e-17
392.0389792872208,108.13367332870567,0.0508972992418016,107.99364152588743,5.501335977501716,2.9124453504988376e-16
392.5389792872208,107.6346962215212,0.05119871569079721,107.493655163478,5.508350959627626,2.0149565896507197e-16
393.0389792872208,107.13572859522044,0.05150294207175697,106.99366839983735,5.515366168658489,2.0914120805884944e-16
393.5389792872208,106.63677058187584,0.05181001781552713,106.49368122805002,5.5223816085169535,3.2567185885159393e-16
394.0389792872208,106.1378223160216,0.052119983093138034,105.99369364104628,5.529397283194446,1.127157192277738e-16
394.5389792872208,105.63888393471129,0.0524328788332294,105.49370563159788,5.536413196752659,1.755812406956262e-16
395.0389792872208,105.13995557757696,0.052748746739969474,104.9937171923137,5.543429353325071,1.8237195934677126e-16
395.5389792872208,104.64103738689006,0.05306762931148448,104.49372831563532,5.550445757118511,1.2630631693594044e-16
396.0389792872208,104.142129507624,0.053389569858815315,103.99373899383235,5.557462412414759,1.9685826644532945e-16
396.5389792872208,103.64323208751853,0.05371461252541918,103.4937492189976,5.564479323572194,2.0458359032981264e-16
397.0389792872208,103.1443452771459,0.05404280230723453,102.9937589830422,5.57149649502747,3.5441921879558654e-16
397.5389792872208,102.64546922997913,0.05437418507332829,102.49376827769049,5.578513931297257,2.210790489111086e-16
398.0389792872208,102.14660410246195,0.054708807587145226,101.9937770944747,5.585531636980004,4.597680609329778e-16
398.5389792872208,101.64775005408106,0.0550467175283799,101.49378542472951,5.592549616757768,1.593902309257182e-16
399.0389792872208,101.14890724744032,0.055387963515492696,100.99379325958647,5.599567875398074,1.6580193970387433e-16
399.5389792872208,100.65007584833724,0.05573259512889204,100.49380058996812,5.60658641775584,2.587577383857597e-16
400.0389792872208,100.15125602584159,0.05608066293480587,99.9938074065819,5.6136052487753325,2.692720240982881e-16
400.5389792872208,99.65244795237652,0.056432218509866405,99.49381369991411,5.620624373492193,4.671153373873567e-16
401.0389792872208,99.15365180380194,0.05678731446643315,98.99381946022329,5.627643797035507,3.890320401811696e-16
401.5389792872208,98.65486775950048,0.057146004478680026,98.49382467753362,5.634663524629932,3.038126665710515e-16
402.0389792872208,98.15609600246604,0.05750834330947373,97.99382934162807,5.641683561597879,4.2188368107660255e-16
402.5389792872208,97.657336719395,0.05787438683807126,97.49383344204118,5.64870391336175,3.2960354459993553e-16
403.0389792872208,97.1585901007802,0.05824419208866602,96.99383696805175,5.655724585446249,4.578879089105799e-16
403.5389792872208,96.6598563410078,0.05861781725981277,96.49383990867518,5.662745583480732,7.157652476898902e-16
404.0389792872208,96.1611356384571,0.05899532175476323,95.9938422526555,5.669766913201645,4.352112616649021e-16
404.5389792872208,95.66242819560352,0.05937676621274519,95.49384398845726,5.6767885804550104,6.481989313105538e-16
405.0389792872208,95.1637342191247,0.05976221254121963,94.99384510425705,5.683810591198985,5.407530737440071e-16
405.5389792872208,94.66505392000988,0.06015172394915156,94.49384558793459,5.690832951506491,5.640208434633841e-16
406.0389792872208,94.16638751367282,0.06054536498133188,93.99384542706379,5.697855667567916,6.619730228016087e-16
406.5389792872208,93.66773522006817,0.06094320155378914,93.49384460890315,5.704878745693886,6.140134119000159e-16
407.0389792872208,93.16909726381164,0.06134530099033175,92.99384312038612,5.711902192318116,5.607567438109991e-16
407.5389792872208,92.6704738743039,0.06175173206026284,92.49384094811086,5.718926014000339,4.1815242361848486e-16
408.0389792872208,92.1718652858585,0.062162565017311856,91.99383807832984,5.725950217429315,5.239678405814336e-16
408.5389792872208,91.6732717378339,0.06257787163982882,91.49383449693877,5.732974809425918,5.472617581984394e-16
409.0389792872208,91.17469347476974,0.06299772527228928,90.99383018946546,5.739999796946321,5.717265642036882e-16
409.5389792872208,90.67613074652763,0.0634222008681598,90.49382514105801,5.747025187085256,8.96141972217185e-16
410.0389792872208,90.17758380843645,0.06385137503417651,89.99381933647261,5.7540509870793715,7.285084463978814e-16
410.5389792872208,89.67905292144249,0.0642853260760909,89.49381276006099,5.761077204310687,6.528242102956207e-16
411.0389792872208,89.18053835226453,0.06472413404594007,88.99380539575722,5.768103846310134,9.671186517485625e-16
411.5389792872208,88.68204037355412,0.06516788079090077,88.49379722706416,5.775130920761203,7.140629333986209e-16
412.0389792872208,88.18355926406115,0.06561665000378936,87.99378823703931,5.782158435503695,6.848289661975532e-16
412.5389792872208,87.68509530880503,0.06607052727527268,87.49377840828004,5.789186398537575,7.166833806741666e-16
413.0389792872208,87.18664879925169,0.0665296001478577,86.9937677229084,5.796214818026931,6.138109665740042e-16
413.5389792872208,86.68822003349652,0.06699395817173075,86.49375616255531,5.803243702304052,5.712854387522324e-16
414.0389792872208,86.18980931645365,0.06746369296252071,85.99374370834396,5.810273059873619,6.731185444085074e-16
414.5389792872208,85.69141696005167,0.06793889826106377,85.49373034087274,5.817302899417017,7.051696259578188e-16
415.0389792872208,85.19304328343615,0.06841966999525072,84.99371604019741,5.824333229796756,8.210519465630597e-16
415.5389792872208,84.69468861317924,0.0689061063440421,84.49370078581256,5.831364060061044,6.884922227790493e-16
416.0389792872208,84.19635328349652,0.06939830780373987,83.99368455663232,5.8383953994484665,6.316343889187245e-16
416.5389792872208,83.69803763647154,0.06989637725660894,83.49366733097028,5.845427257392811,5.678051447959928e-16
417.0389792872208,83.19974202228832,0.07040042004194595,82.9936490865187,5.852459643528028,5.956659538302323e-16
417.5389792872208,82.70146679947209,0.07091054402969772,82.49362980032659,5.859492567693336,5.208942443059247e-16
418.0389792872208,82.20321233513862,0.07142685969673622,81.99360944877722,5.866526039938468,3.2806122085929566e-16
418.5389792872208,81.70497900525264,0.07194948020590247,81.49358800756451,5.873560070529074,4.0186793111884905e-16
419.0389792872208,81.20676719489552,0.07247852148793701,80.99356545166836,5.8805946699522735,4.220793799915396e-16
419.5389792872208,80.70857729854276,0.07301410232642042,80.49354175532923,5.887629848922376,5.067894425700633e-16
420.0389792872208,80.21040972035163,0.07355634444585328,79.99351689202125,5.894665618386759,5.326002015726154e-16
420.5389792872208,79.71226487445945,0.07410537260301159,79.49349083442452,5.901701989531916,2.7994906320203105e-16
421.0389792872208,79.21414318529291,0.07466131468172009,78.9934635543961,5.9087389737896805,5.887789592492625e-16
421.5389792872208,78.71604508788899,0.07522430179119342,78.49343502293966,5.915776582843633,3.8709078781088126e-16
422.0389792872208,78.21797102822786,0.07579446836810223,77.99340521017393,5.922814828635684,4.88780206061685e-16
422.5389792872208,77.71992146357852,0.07637195228252952,77.49337408529979,5.929853723372857,4.2873865134988777e-16
423.0389792872208,77.22189686285734,0.07695689494799086,76.99334161656576,5.93689327953425,1.8057408982574149e-16
423.5389792872208,76.72389770700063,0.07754944143570103,76.49330777123214,5.9439335098782236,9.509826593418236e-17
424.0389792872208,76.22592448935134,0.07814974059327882,75.99327251553345,5.950974427449767,2.0039919003969914e-16
424.5389792872208,75.72797771606083,0.07875794516809215,75.49323581463919,5.9580160455880895,4.2244232761789703e-16
425.0389792872208,75.23005790650633,0.0793742119354556,74.99319763261286,5.965058377934434,3.340567017575194e-16
425.5389792872208,74.73216559372477,0.07999870183190416,74.49315793236907,5.972101438440098,2.9361783809950063e-16
426.0389792872208,74.23430132486382,0.08063158009377837,73.99311667562885,5.979145241374696,4.337185186809623e-16
426.5389792872208,73.73646566165078,0.08127301640136883,73.4930738228726,5.98618980133465,3.923870929729354e-16
427.0389792872208,73.23865918088032,0.08192318502888125,72.99302933329113,5.993235133251918,4.833627388182841e-16
427.5389792872208,72.74088247492188,0.08258226500049715,72.49298316473435,6.000281252402975,5.105580042012295e-16
428.0389792872208,72.24313615224759,0.08325044025282045,71.99293527365741,6.007328174418038,3.8534648147797156e-16
428.5389792872208,71.74542083798191,0.08392789980401598,71.49288561506454,6.01437591529055,2.4440024093108946e-16
429.0389792872208,71.24773717447368,0.08461483792996252,70.99283414244994,6.021424491386926,3.4459283495345477e-16
429.5389792872208,70.75008582189203,0.08531145434776134,70.49278080773605,6.028473919456569,5.468051277942244e-16
430.0389792872208,70.25246745884701,0.08601795440695956,69.99272556120874,6.035524216642154,4.822341487985868e-16
430.5389792872208,69.75488278303635,0.0867345492888684,69.49266835144937,6.042575400490189,6.126603700625618e-16
431.0389792872208,69.25733251191956,0.08746145621437751,68.99260912526346,6.049627488961871,4.325990048634814e-16
431.5389792872208,68.75981738342064,0.08819889866068935,68.49254782760599,6.056680500444207,5.729693923431781e-16
432.0389792872208,68.26233815666099,0.08894710658742218,67.9924844015028,6.063734453761445,3.036818138167588e-16
432.5389792872208,67.76489561272395,0.0897063166725557,67.4924187879682,6.070789368186786,5.152763375859814e-16
433.0389792872208,67.26749055545251,0.09047677255872118,66.99235092591839,6.077845263454407,4.1000545616710064e-16
433.5389792872208,66.77012381228202,0.09125872511036712,66.49228075208036,6.084902159771761,5.8023779266960405e-16
434.0389792872208,66.27279623510958,0.09205243268236281,65.99220820089636,6.091960077832204,7.701687894422565e-17
434.5389792872208,65.77550870120204,0.09285816140063552,65.49213320442327,6.099019038827906,3.272735383150449e-16
435.0389792872208,65.27826211414467,0.09367618545547253,64.99205569222673,6.106079064463071,2.6087661124883e-16
435.5389792872208,64.7810574048325,0.0945067874081574,64.49197559126988,6.11314017696745,1.8493020507147767e-16
436.0389792872208,64.28389553250678,0.0953502585116502,63.99189282579607,6.120202399110161,1.9673237441944175e-16
436.5389792872208,63.78677748583876,0.09620689904606497,63.49180731720547,6.127265754213793,2.0938759118635305e-16
437.0389792872208,63.28970428406349,0.09707701866974393,62.99171898392494,6.134330266168809,1.1148241193875773e-16
437.5389792872208,62.79267697816619,0.09796093678677743,62.49162774127104,6.141395959448213,2.9692402002329454e-16
438.0389792872208,62.2956966521242,0.09885898293187177,61.9915335013054,6.148462859122497,3.1649086671311197e-16
438.5389792872208,61.798764424207434,0.0997714971735237,61.491436172682334,6.155530990874849,2.0251097720138672e-16
439.0389792872208,61.30188144834068,0.10069883053652114,60.991335660487955,6.162600381016586,1.4405131233033846e-16
439.5389792872208,60.80504891553106,0.10164134544485504,60.49123186607028,6.169671056502833,3.84454080458756e-16
440.0389792872208,60.308268055364444,0.10259941618619663,59.99112468685992,6.176743044948388,2.463848281217208e-16
440.5389792872208,59.811540137574596,0.10357342939916975,59.4910140161805,6.183816374643763,2.633097408809663e-16
441.0389792872208,59.31486647368931,0.10456378458472801,58.99089974304837,6.190891074571387,1.8770126007563568e-16
441.5389792872208,58.81824841875784,0.10557089464303283,58.49078175196069,6.197967174421891,3.012259952961923e-16
442.0389792872208,58.32168737316446,0.10659518643732135,57.990659922671306,6.2050447046104935,1.0748594816123538e-16
442.5389792872208,57.82518478453305,0.10763710138635266,57.49053412995345,6.2121236962933795,2.8782122306516504e-16
443.0389792872208,57.32874214972818,0.10869709608712814,56.9904042433485,6.21920418138406,3.7016044592238183e-16
443.5389792872208,56.83236101695835,0.10977564296969708,56.490270126899766,6.226286192569636,3.307911442862855e-16
444.0389792872208,56.336042987987526,0.11087323098598277,55.99013163887026,6.233369763326872,4.969247384302958e-16
444.5389792872208,55.839789720461475,0.11199036633469861,55.4899886314435,6.240454927938047,4.573205122871482e-16
445.0389792872208,55.34360293035596,0.11312757322456737,54.98984095040593,6.247541721506437,4.913266771619441e-16
445.5389792872208,54.84748439455413,0.11428539467821305,54.48968843480985,6.254630179971336,6.162322116722971e-16
446.0389792872208,54.35143595356129,0.11546439337926241,53.98953091661541,6.261720340122525,4.735067012406064e-16
446.5389792872208,53.85545951436543,0.11666515256537477,53.48936822031009,6.268812239614001,3.0582620683941924e-16
447.0389792872208,53.35955705345281,0.11788827697011481,52.989200162504254,6.275905916976833,4.392416113063635e-16
447.5389792872208,52.86373061998846,0.11913439381679511,52.48902655150073,6.283001411630979,4.734690042426118e-16
448.0389792872208,52.36798233917204,0.12040415386764457,51.98884718683682,6.290098763895825,3.830402264300458e-16
448.5389792872208,51.87231441578051,0.12169823253190726,51.48866185879645,6.297198014999256,5.512946622109695e-16
449.0389792872208,51.376729137909756,0.12301733103674564,50.98847034789035,6.304299207084966,4.466430404486032e-16
449.5389792872208,50.88122888092823,0.12436217766511355,50.48827242430185,6.31140238321774,4.828329100179113e-16
450.0389792872208,50.3858161116567,0.12573352906508128,49.988067847295575,6.318507587386355,6.094061066731037e-16
450.5389792872208,49.89049339278934,0.12713217163543875,49.487856364586314,6.325614864503743,1.8851026980219158e-16
451.0389792872208,49.39526338757227,0.12855892299277624,48.98763771166485,6.332724260403982,3.0638117155679846e-16
451.5389792872208,48.9001288647574,0.13001463352564838,48.48741161107746,6.339835821835633,6.644679275794081e-16
452.0389792872208,48.40509270385028,0.13150018804186858,47.987177771655325,6.346949596450908,4.807482178991477e-16
452.5389792872208,47.910157900672594,0.13301650751546273,47.486935887689974,6.354065632790008,5.874421341951739e-16
453.0389792872208,47.415327573261315,0.1345645509403348,46.986685638050254,6.361183980260015,4.257316142615701e-16
453.5389792872208,46.92060496812834,0.13614531729826868,46.48642668523621,6.36830468910748,6.176057216534485e-16
454.0389792872208,46.42599346690652,0.13775984764951507,45.98615867436451,6.375427810383892,6.725587632746819e-16
454.5389792872208,45.931496593409925,0.13940922735489256,45.48588123207986,6.382553395902986,9.163245125977794e-16
455.0389792872208,45.437118021138645,0.14109458843907824,44.98559396538614,6.389681498188808,7.997359080189142e-16
455.5389792872208,44.94286158126082,0.14281711210557677,44.48529646039041,6.39681217041322,7.641323230236632e-16
456.0389792872208,44.44873127110756,0.14457803141474987,43.98498828095236,6.403945466321439,8.352139454413866e-16
456.5389792872208,43.95473126321923,0.14637863413726526,43.48466896723101,6.411081440143956,7.832569480957916e-16
457.0389792872208,43.46086591498507,0.14822026579639638,42.98433803411962,6.418220146493015,8.5780956858206365e-16
457.5389792872208,42.967139778921684,0.15010433291378095,42.483994969558914,6.425361640241518,1.0187847053166187e-15
458.0389792872208,42.47355761363997,0.15203230647453927,41.98363923271782,6.4325059763820285,9.460492455369242e-16
458.5389792872208,41.98012439555448,0.15400572562907489,41.48327025202965,6.439653209863129,1.228313063637795e-15
459.0389792872208,41.48684533139407,0.15602620165044442,40.98288742307052,6.446803395400117,1.3509112623855502e-15
459.5389792872208,40.9937258715779,0.15809542216790756,40.48249010626549,6.453956587256525,1.5446100396474794e-15
460.0389792872208,40.50077172452702,0.1602151556991677,39.98207762440633,6.461112838992529,1.7026111107957172e-15
460.5389792872208,40.00798887198793,0.16238725650591185,39.48164925996297,6.468272203175727,1.8093732256729148e-15
461.0389792872208,39.515383585452,0.16461366979957504,38.981204252169164,6.47543473104917,1.9991697642424365e-15
461.5389792872208,39.022962443762275,0.16689643732681644,38.48074179386036,6.482600472150773,2.0414549298847928e-15
462.0389792872208,38.53073235200829,0.1692377033670306,37.98026102803964,6.489769473877452,2.5438294812644895e-15
462.5389792872208,38.038700561818956,0.17163972117735907,37.47976104414488,6.496941780986319,2.4032800415266556e-15
463.0389792872208,37.546874693174544,0.1741048599241531,36.97924087398719,6.504117435024254,2.958961550064022e-15
463.5389792872208,37.05526275787074,0.17663561214370652,36.47869948732739,6.511296473675802,3.3548994840766977e-15
464.0389792872208,36.56387318478108,0.1792346017793795,35.97813578705357,6.518478930018001,3.6639745265784975e-15
464.5389792872208,36.07271484707878,0.18190459284701668,35.47754860391818,6.5256648316689425,3.84542078563007e-15
465.0389792872208,35.581797091595696,0.18464849878589368,34.9769366907888,6.532854199815005,4.473248305242979e-15
465.5389792872208,35.09112977051437,0.1874693925583658,34.47629871636059,6.540047048099363,5.002875707089852e-15
466.0389792872208,34.60072327560973,0.1903705175680262,33.975633258273,6.547243381351788,5.8279127491171116e-15
466.5389792872208,34.11058857528009,0.19335529947358987,33.47493879556562,6.554443194136667,6.349535158278447e-15
467.0389792872208,33.62073725463264,0.19642735898401129,32.97421370040062,6.561646469092578,6.993518651346033e-15
467.5389792872208,33.13118155891759,0.19959052572962702,32.4734562289699,6.568853175032666,7.632904942208401e-15
468.0389792872208,32.641934440637414,0.20284885331452493,31.972664511495008,6.576063264770095,8.516048059211366e-15
468.5389792872208,32.15300961069391,0.2062066356670261,31.47183654121597,6.583276672627231,9.516922036723284e-15
469.0389792872208,31.66442159397668,0.20966842481829726,30.970970162252094,6.5904933115805004,1.0767881069049685e-14
469.5389792872208,31.176185789842783,0.21323905025388443,30.4700630562023,6.597713069985002,1.214086071485761e-14
470.0389792872208,30.688318537988845,0.2169236399995996,29.969112727335283,6.604935807813745,1.3788268305105358e-14
470.5389792872208,30.200837190275934,0.2207276436219566,29.46811648619972,6.61216135233544,1.5438139528211703e-14
471.0389792872208,29.713760189133374,0.22465685734453777,28.96707143146178,6.6193894931419734,1.7315637422377742e-14
471.5389792872208,29.2271071532429,0.2287174515056168,28.46597442975096,6.626619976421378,1.956570395355674e-14
472.0389792872208,28.74089897128943,0.23291600060945705,27.964822093264715,6.633852498354138,2.1714575422757684e-14
472.5389792872208,28.25515790466131,0.2372595162543961,27.463610754847547,6.641086697489111,2.4918155413894438e-14
473.0389792872208,27.769907700092617,0.24175548325563145,26.962336440219744,6.6483221459298845,2.824630593672949e-14
473.5389792872208,27.285173713364888,0.24641189932013413,26.460994836984334,6.655558339131789,3.218227189322713e-14
474.0389792872208,26.800983045328106,0.25123731867601623,25.959581259986614,6.662794684073377,3.6530017981080036e-14
474.5389792872208,26.317364691663208,0.25624090010975326,25.458090612538143,6.670030485522424,4.1427407921028264e-14
475.0389792872208,25.834349707994065,0.2614324599228103,24.956517342944124,6.677264930063961,4.7376466774738214e-14
475.5389792872208,25.351971392169542,0.26682253038548476,24.45485539568857,6.684497067494661,5.4396689374874184e-14
476.0389792872208,24.87026548577967,0.27242242434133984,23.953098156532995,6.691725789111433,6.211247687055988e-14
476.5389792872208,24.38927039724962,0.2782443067018304,23.451238390669715,6.69894980232988,7.144087384922416e-14
477.0389792872208,23.909027449176254,0.28430127366916635,22.949268172936385,6.70616760095604,8.210708376347543e-14
477.5389792872208,23.429581152941324,0.2906074406378941,22.44717880894207,6.713377430298803,9.485104377108135e-14
478.0389792872208,22.95097951406101,0.2971780398541109,21.944960745771624,6.720577246144174,1.0977728185921618e-13
478.5389792872208,22.473274372221674,0.30402952905792446,21.442603470720716,6.727764666409741,1.2706530856465136e-13
479.0389792872208,21.996521780517746,0.31117971250227067,20.940095396262464,6.734936914048949,1.474149826300078e-13
479.5389792872208,21.520782429061196,0.3186478759323092,20.437423729152083,6.742090749469373,1.7167040713429538e-13
480.0389792872208,21.04612211888732,0.326454937327405,19.93457432123088,6.749222390352877,1.9983063706645955e-13
480.5389792872208,20.572612292955,0.3346236154554633,19.431531499086333,6.756327416300874,2.331039338027452e-13
481.0389792872208,20.10033063204966,0.34317861857055204,18.928277869251506,6.7634006551525125,2.7285020473187585e-13
481.5389792872208,19.629361724565516,0.3521468559027494,18.424794095073104,6.770436047109302,3.199116841408889e-13
482.0389792872208,19.159797820494585,0.36155767494719837,17.921058640731168,6.777426481910654,3.7611644998295196e-13
482.5389792872208,18.69173968151045,0.37144312796001433,17.417047477141164,6.78436360319544,4.432322322536311e-13
483.0389792872208,18.225297540835648,0.38183827151339234,16.912733743597386,6.791237572797188,5.236168831662663e-13
483.5389792872208,17.760592188654975,0.3927815034503472,16.408087358012207,6.798036785981093,6.202902563276209e-13
484.0389792872208,17.29775620121824,0.4043149421070269,15.903074567457516,6.804747526445788,7.365432427103551e-13
484.5389792872208,16.836935334499277,0.4164848532282789,15.397657429416652,6.8113535471623,8.770212255864145e-13
485.0389792872208,16.37829010637646,0.42934213057297776,14.891793212710597,6.81783555965496,1.047065021683195e-12
485.5389792872208,15.921997594799176,0.44294283676049623,14.385433705490449,6.8241706099518105,1.2537562761110891e-12
486.0389792872208,15.468253483317493,0.4573488114020203,13.878524416035345,6.830331313902318,1.5057075164962946e-12
486.5389792872208,15.017274389668387,0.4726283539180013,13.371003650450014,6.836284917573462,1.8141471977266226e-12
487.0389792872208,14.569300517781663,0.4888569885568668,12.862801449875118,6.84199213961282,2.192431163742502e-12
487.5389792872208,14.12459867848261,0.5061183188385482,12.353838368765475,6.8474057413454545,2.6595993677152863e-12
488.0389792872208,13.683465729122082,0.5245049777134596,11.844024075571687,6.852468756392603,3.2382921393626528e-12
488.5389792872208,13.246232487014305,0.5441196778135162,11.333255758427823,6.857112294114467,3.959518956710492e-12
489.0389792872208,12.81326817535761,0.5650763627936175,10.821416322193974,6.861252809464609,4.864031973475934e-12
489.5389792872208,12.38498546240632,0.587501455242377,10.308372370918068,6.864788705161209,6.006516958952664e-12
490.0389792872208,11.96184615378555,0.6115351880438807,9.793971983667328,6.867596099798938,7.46244957350966e-12
490.5389792872208,11.544367592146518,0.6373329931277746,9.278042314927664,6.869523557352032,9.337402736903867e-12
491.0389792872208,11.13312980521634,0.6650669025678054,8.760387087910452,6.8703855299224825,1.1779825898136194e-11
491.5389792872208,10.728783419049016,0.694926889809762,8.240784106409263,6.869954218509289,1.5004929460470327e-11
492.0389792872208,10.332058313004715,0.7271220407537695,7.718982996689927,6.867949510599336,1.9326179925290425e-11
492.5389792872208,9.943772930257952,0.7618813923968777,7.194703515926675,6.864026617550601,2.520443464219529e-11
493.0389792872208,9.564844064506659,0.7994542075902432,6.667634940439586,6.857761025244132,3.331742800429779e-11
493.5389792872208,9.196296810830816,0.8401093656811367,6.1374372882083,6.8486304153609705,4.4656432191229675e-11
494.0389792872208,8.839274186893922,0.8841334400226794,5.603745444841665,6.835993354334504,6.063940968531854e-11
494.5389792872208,8.495045692378817,0.9318269088265864,5.066177647587485,6.819064844880772,8.322355326072933e-11
495.0389792872208,8.165013778052447,0.9834978184837253,4.524350209304876,6.796889375247271,1.149409099744991e-10
495.5389792872208,7.850716851659629,1.0394521152043035,3.977900756738611,6.768312984375861,1.587025966429685e-10
496.0389792872208,7.5538270873085755,1.0999798288619016,3.4265224606576874,6.731957181352623,2.170885004440855e-10
496.5389792872208,7.276140990337311,1.1653364045339025,2.8700114886550434,6.686199351369572,2.9069150825064454e-10
497.0389792872208,7.019560501677133,1.2357188278763596,2.308328839176943,6.629166433793147,3.750505299891802e-10
497.5389792872208,6.786062542716562,1.3112368821264455,1.741675380148342,6.558750773115708,4.5606102522732654e-10
498.0269724299623,6.582350628070075,1.3898852515501936,1.1843350622463296,6.474927818222262,4.963841630962411e-10
498.4901889678514,6.412770786294542,1.4689252066512015,0.6521468093394878,6.379524566660202,4.763621572887455e-10
498.9319201622475,6.2740495552972755,1.5480350429668597,0.14279309232068335,6.272424408082686,4.0378081316340405e-10
499.3549227747378,6.163385109027418,1.6268816627171072,-0.345494328625266,6.153693985816056,2.909287878781547e-10
499.7606781475807,6.078502296550505,1.7049657835530867,-0.8131047082142908,6.023873413564525,1.545228094916077e-10
500.1491999973191,6.017394908919163,1.7815604729329455,-1.2588823248922154,5.884237995013478,1.4647325087216166e-11
500.5187837861527,5.978020786555266,1.855653473843176,-1.679945541134241,5.737117351362967,-1.0860782424603001e-10
500.8655917142633,5.957962977893282,1.9258757818105066,-2.0713743935199167,5.586298503286142,-2.0023862367784754e-10
501.13696541365795,5.953762327815184,1.981039907824597,-2.3745551602756167,5.459741170322978,-2.216388372726379e-10
501.4081889831573,5.959668542509949,2.036157586546938,-2.674375476533397,5.325914470501702,-2.425112903227994e-10
501.68696427399505,5.9762419589736755,2.092595918282319,-2.9788043316004704,5.180945155686922,-2.656691357121118e-10
502.00028375960255,6.007490048527005,2.155523420076898,-3.315965312681609,5.009422195048383,-3.07275449726649e-10
502.3393596073816,6.056172311768629,2.222721486842726,-3.6743879776431965,4.81415579926368,-3.6318132377150996e-10
502.6990419826426,6.124384698082581,2.2926344756348547,-4.04678204410138,4.596916685958831,-4.254718030484531e-10
503.07630030788596,6.2137832960283115,2.3640903701579687,-4.428363962826648,4.358978717857973,-4.863652507789724e-10
503.4696658285213,6.325807291002729,2.4362061034105666,-4.816222947647009,4.101199141892727,-5.412413571055159e-10
503.8789700279752,6.4619034337726555,2.5083389259464295,-5.208981183774821,3.8239653521551036,-5.896829936349898e-10
504.3051661249794,6.623729863165844,2.5800417275167393,-5.606525402424715,3.5271334270426156,-6.348466628906359e-10
504.75019602224495,6.8133308020136685,2.6510178905872097,-6.0097816555905395,3.209984590273863,-6.821660060080632e-10
505.21691471168884,7.033292295257421,2.7210806227499584,-6.420552114545552,2.871186349739779,-7.381428191427055e-10
505.70908747594467,7.286899671592998,2.790120411236412,-6.841428659790364,2.5087368767690967,-8.094972993037223e-10
506.20908747594467,7.5653930667841545,2.855278773626715,-7.257416637462806,2.1366038484529155,-8.782230792373786e-10
506.70908747594467,7.863015783917269,2.915617583001038,-7.663107251052169,1.7617617537578016,-9.346688261349357e-10
507.20908747594467,8.177976017407934,2.9713940987444794,-8.059813713663063,1.3851695355977711,-9.787941716381856e-10
507.70908747594467,8.508606839254444,3.022899315541462,-8.448742082399699,1.0075453191275767,-1.0117739837227767e-09
508.20908747594467,8.853375300906489,3.070439499947468,-8.830973447515415,0.6294141625184214,-1.035458490584043e-09
508.70908747594467,9.210884377491759,3.114322555786474,-9.2074597147254,0.25115058676137236,-1.0518605958534713e-09
509.20908747594467,9.579869791794097,3.1548485054720046,-9.579028128211036,-0.12698561599984617,-1.0628305794651238e-09
509.70908747594467,9.959193437189738,3.192303270221009,-9.9463908163108,-0.5048204121975993,-1.0699053948057858e-09
510.20908747594467,10.347834757906323,3.2269549681794945,-10.3101567335299,-0.8822427710003075,-1.0742779225100764e-09
510.70908747594467,10.744881102257807,3.259052054473401,-10.670844274194685,-1.259187189238937,-1.076830961201352e-09
511.20908747594467,11.1495177702529,3.2888227548391864,-11.028893510248865,-1.6356205087903526,-1.0781943034909438e-09
511.70908747594467,11.561018241031999,3.316475368539646,-11.384677479655377,-2.011532116000721,-1.0788028776933223e-09
512.2090874759447,11.978734885969185,3.342199124295061,-11.738512264252803,-2.38692674590607,-1.0789509751493398e-09
512.7090874759447,12.402090342328028,3.3661653609273907,-12.090665789857127,-2.761819258612823,-1.0788313769544232e-09
513.2090874759447,12.830569630623376,3.38852887282251,-12.441365393545825,-3.1362308892291813,-1.0785690923945322e-09
513.7090874759447,13.263713037159684,3.4094293117114285,-12.790804261462968,-3.5101865872144984,-1.0782420182124332e-09
514.2090874759447,13.701109743693872,3.4289925738332108,-13.139146865212588,-3.8837131540727037,-1.0778970568747118e-09
514.7090874759447,14.142392162455137,3.447332128343791,-13.486533529630602,-4.256837961541638,-1.077561547142441e-09
515.2090874759447,14.587230921972436,3.4645502615313735,-13.833084258374365,-4.629588088768177,-1.0772505353891914e-09
515.7090874759447,15.035330443704417,3.480739224139525,-14.17890193195867,-5.001989759614022,-1.0769696339124498e-09
516.2090874759447,15.486425048740566,3.4959822775504987,-14.524074978985178,-5.374067993157131,-1.0767210309015423e-09
516.7090874759447,15.94027553602478,3.5103546399988845,-14.868679607298295,-5.745846404134197,-1.0765043852488374e-09
517.2090874759447,16.396666177395886,3.523924337293476,-15.212781668683586,-6.1173471075232335,-1.0763175274298665e-09
517.7090874759447,16.85540207941033,3.536752964391695,-15.556438218978476,-6.4885906942644915,-1.0761565936140162e-09
518.2090874759447,17.316306866869912,3.5488963650723226,-15.899698825239525,-6.859596254465925,-1.0760193226781433e-09
518.7090874759447,17.77922064788464,3.5604052372236197,-16.242606662875534,-7.230381431244056,-1.0759022307176075e-09
519.2090874759447,18.243998224958,3.5713256711375814,-16.585199438291177,-7.600962493288378,-1.0758027549851398e-09
519.7090874759447,18.71050752088251,3.581699627836272,-16.92751016643234,-7.971354417809471,-1.075718257123011e-09
520.2090874759447,19.17862819212958,3.5915653639601564,-17.269567827515523,-8.34157097810648,-1.0756465617078313e-09
520.7090874759447,19.64825040590046,3.600957809192079,-17.61139792299993,-8.711624831839421,-1.0755858814863539e-09
521.2090874759447,20.11927376008784,3.609908901619764,-17.953022947379303,-9.081527607414472,-1.075534400576652e-09
521.7090874759447,20.591606328106625,3.6184478858829343,-18.294462789504447,-9.451289986830266,-1.0754906906154248e-09
522.2090874759447,21.065163812920485,3.626601578425071,-18.63573507479124,-9.820921783996157,-1.0754533768176817e-09
522.7090874759447,21.539868796652758,3.6343946036834556,-18.976855457730984,-10.190432017996141,-1.0754221465654297e-09
523.2090874759447,22.015650073960728,3.6418496046082045,-19.317837872526127,-10.559828981090666,-1.075394945317846e-09
523.7090874759447,22.49244205890395,3.6489874305020873,-19.658694748362343,-10.92912030146353,-1.0753718859668153e-09
524.2090874759447,22.970184256380293,3.655827304816547,-19.999437194746466,-11.298313000862237,-1.0753518321239764e-09
524.7090874759447,23.44882079036493,3.662386975222873,-20.340075161447434,-11.667413547368579,-1.0753351967709994e-09
525.2090874759447,23.928299982191728,3.6686828479977263,-20.68061757683948,-12.036427903588113,-1.075320807505022e-09
525.7090874759447,24.408573972984748,3.6747301085157207,-21.02107246783633,-12.405361570572698,-1.0753083766854251e-09
526.2090874759447,24.88959838509855,3.6805428294251126,-21.3614470640979,-12.774219627798937,-1.0752975172487598e-09
526.7090874759447,25.371332018075755,3.6861340678925494,-21.70174788877037,-13.143006769521454,-1.075288599443102e-09
527.2090874759447,25.853736575192915,3.6915159531362143,-22.041980837669172,-13.511727337808917,-1.075280701348818e-09
527.7090874759447,26.336776417153484,3.6966997653207865,-22.382151248522085,-13.880385352554628,-1.075273890130105e-09
528.2090874759447,26.82041833990951,3.701696006759892,-22.722263961644373,-14.24898453873509,-1.0752679846020018e-09
528.7090874759447,27.30463137396111,3.7065144662598732,-23.06232337321301,-14.617528351169847,-1.0752628671131864e-09
529.2090874759447,27.789386602802075,3.7111642773407967,-23.40233348213446,-14.986019997016017,-1.0752584381624629e-09
529.7090874759447,28.274656998457896,3.7156539709848397,-23.742297931355353,-15.354462456211337,-1.0752545733943773e-09
530.2090874759447,28.760417272304842,3.719991523487037,-24.082220044343266,-15.722858500060417,-1.0752512899532144e-09
530.7090874759447,29.246643739569983,3.724184399917454,-24.422102857361015,-16.09121070814148,-1.075248278902474e-09
531.2090874759447,29.733314196096895,3.728239593646002,-24.761949148070514,-16.459521483694083,-1.0752457451574848e-09
531.7090874759447,30.22040780612333,3.7321636623303114,-25.101761460927786,-16.827793067633092,-1.0752436645086514e-09
532.2090874759447,30.70790499995872,3.735962760722396,-25.441542129767306,-17.196027551320253,-1.0752417434486055e-09
532.7090874759447,31.195787380573726,3.7396426706105452,-25.781293297920204,-17.564226888211664,-1.0752398873912606e-09
533.2090874759447,31.68403763822302,3.7432088281782447,-26.121016936164526,-17.932392904488207,-1.0752384819906988e-09
533.7090874759447,32.172639472318686,3.7466663490313885,-26.460714858766515,-18.30052730876494,-1.075237010952635e-09
534.2090874759447,32.66157751985604,3.7500200511180912,-26.800388737838016,-18.668631700966483,-1.0752360958791937e-09
534.7090874759447,33.150837289768425,3.7532744757415792,-27.14004011620613,-19.036707580446333,-1.0752349401355181e-09
535.2090874759447,33.640405102653354,3.7564339068455586,-27.479670418966155,-19.40475635342073,-1.075234341687389e-09
535.7090874759447,34.13026803537071,3.7595023887327845,-27.81928096386749,-19.772779339780424,-1.0752336397899018e-09
536.2090874759447,34.62041387006536,3.762483742360995,-28.158872970663396,-20.140777779337533,-1.0752325227357904e-09
536.7090874759447,35.11083104721224,3.7653815803456685,-28.498447569539493,-20.50875283755917,-1.0752321153073036e-09
537.2090874759447,35.601508622322754,3.768199320785998,-28.838005808721963,-20.876705610834286,-1.0752316620781198e-09
537.7090874759447,36.092436225987456,3.7709402000188375,-29.17754866135417,-21.24463713131578,-1.075231011294912e-09
538.2090874759447,36.58360402696198,3.7736072843950237,-29.51707703172,-21.612548371375745,-1.075230571909217e-09
538.7090874759447,37.075002698032186,3.7762034811632232,-29.856591760883006,-21.980440247708117,-1.0752299462550477e-09
539.2090874759447,37.56662338441987,3.778731548538214,-30.196093631802356,-22.348313625109768,-1.0752296293959849e-09
539.7090874759447,38.05845767451328,3.7811941050231233,-30.535583373979684,-22.71616931996797,-1.0752293504190268e-09
540.2090874759447,38.55049757272727,3.783593638048547,-30.875061667684715,-23.084008103479707,-1.0752289214824544e-09
540.7090874759447,39.042735474316096,3.7859325119855574,-31.21452914780225,-23.451830704625692,-1.075229059009775e-09
541.2090874759447,39.53516414197848,3.788212975584301,-31.553986407338286,-23.819637812920064,-1.0752287318059246e-09
541.7090874759447,40.02777668410905,3.7904371688851275,-31.893434000618974,-24.18743008095456,-1.0752283064310998e-09
542.2090874759447,40.52056653456388,3.7926071296449,-32.2328724462124,-24.55520812675429,-1.0752280952649392e-09
542.7090874759447,41.01352743381952,3.7947247993172994,-32.57230222959994,-24.92297253596097,-1.0752279525444785e-09
543.2090874759447,41.50665341141565,3.7967920286224457,-32.91172380562125,-25.290723863857387,-1.0752278611038336e-09
543.7090874759447,41.99993876958146,3.7988105827380463,-33.25113760071411,-25.658462637246373,-1.0752278594260922e-09
544.2090874759447,42.49337806795427,3.8007821461414495,-33.59054401496853,-26.026189356195783,-1.075227598704997e-09
544.7090874759447,42.986966109306955,3.802708327129429,-33.92994342401218,-26.39390449566031,-1.0752275239917682e-09
545.2090874759447,43.48069792620801,3.8045906620402214,-34.26933618074259,-26.761608506989933,-1.075227537863843e-09
545.7090874759447,43.97456876854426,3.806430619200247,-34.60872261692022,-27.129301819333705,-1.075227508000027e-09
546.2090874759447,44.46857409184244,3.8082296026160503,-34.94810304463455,-27.49698484094731,-1.0752274023164964e-09
546.7090874759447,44.96270954633094,3.809988955430287,-35.28747775765485,-27.864657960411677,-1.0752272117546062e-09
547.2090874759447,45.45697096668786,3.8117099631590112,-35.626847032675535,-28.232321547769356,-1.0752272658498916e-09
547.7090874759447,45.951354362426095,3.8133938567261185,-35.966211130465325,-28.599975955585133,-1.0752272131847237e-09
548.2090874759447,46.44585590886997,3.8150418153094976,-36.30557029692864,-28.96762151993644,-1.075227454756807e-09
548.7090874759447,46.940471938681675,3.816654969012281,-36.644924764086504,-29.335258561338804,-1.0752270177311815e-09
549.2090874759447,47.435198933899,3.8182344013715066,-36.984274750984056,-29.702887385611124,-1.0752272491492499e-09
549.7090874759447,47.93003351844907,3.8197811517155444,-37.32362046453055,-30.070508284685317,-1.0752272523882367e-09
550.2090874759447,48.42497245110523,3.821296217380732,-37.662962100277596,-30.438121537364196,-1.0752269127353977e-09
550.7090874759447,48.92001261885712,3.8227805557968715,-38.002299843140754,-30.80572741003147,-1.0752268828874176e-09
551.2090874759447,49.415151030665925,3.824235086450486,-38.3416338680689,-31.173326157317188,-1.0752267652784217e-09
551.7090874759447,49.910384811579235,3.825660692734055,-38.68096434066585,-31.54091802272179,-1.0752268727235781e-09
552.2090874759447,50.40571119718161,3.827058223688833,-39.02029141776789,-31.90850323920176,-1.0752271577238107e-09
552.7090874759447,50.901127528358884,3.828428495648282,-39.35961524798067,-32.2760820297195,-1.0752269985517346e-09
553.2090874759447,51.39663124635578,3.8297722937886256,-39.698935972178845,-32.643654607759835,-1.075226981422977e-09
553.7090874759447,51.892219888107995,3.83109037359255,-40.03825372397113,-33.01122117781563,-1.075226823022458e-09
554.2090874759447,52.38789108183112,3.8323834622316464,-40.3775686301337,-33.378781935844266,-1.075226656790985e-09
554.7090874759447,52.883642542850296,3.8336522598727774,-40.7168808110141,-33.746337069697475,-1.075226678992753e-09
555.2090874759447,53.3794720696553,3.834897440913175,-41.05619038090799,-34.113886759525776,-1.0752268520625437e-09
555.7090874759447,53.87537754016717,3.8361196551487433,-41.395497448410964,-34.48143117815951,-1.075226768116357e-09
556.2090874759447,54.37135690820331,3.8373195288797177,-41.734802116746934,-34.84897049146794,-1.0752266586364424e-09
556.7090874759447,54.86740820012881,3.838497665957544,-42.07410448407515,-35.21650485869785,-1.0752266737131737e-09
557.2090874759447,55.36352951168281,3.8396546487765697,-42.413404643777206,-35.58403443279291,-1.0752267797954944e-09
557.7090874759447,55.85971900496938,3.8407910392138978,-42.752702684725584,-35.951559360695256,-1.0752267313894772e-09
558.2090874759447,56.355974905602885,3.841907379520516,-43.09199869153504,-36.319079783630045,-1.0752267629754146e-09
558.7090874759447,56.85229549999903,3.8430041931666117,-43.43129274479809,-36.68659583737443,-1.075226748558628e-09
559.2090874759447,57.348679132802715,3.8440819856437836,-43.770584921305655,-37.054107652511775,-1.075226833241859e-09
559.7090874759447,57.845124204444936,3.8451412452266776,-44.109875294253975,-37.42161535467201,-1.0752268471712986e-09
560.2090874759447,58.34162916882115,3.846182443696411,-44.44916393343875,-37.789119064758985,-1.0752265723986873e-09
560.7090874759447,58.83819253108424,3.847206037027995,-44.78845090543727,-38.15661889916574,-1.0752266650745002e-09
561.2090874759447,59.33481284554547,3.8482124660438126,-45.12773627377967,-38.5241149699782,-1.0752268255305316e-09
561.7090874759447,59.83148871367742,3.849202157035092,-45.467020099109575,-38.89160738516827,-1.0752267254676987e-09
562.2090874759447,60.328218782213106,3.850175522353171,-45.80630243933529,-39.25909624877675,-1.0752269076009952e-09
562.7090874759447,60.825001741336,3.851132960972252,-46.14558334977194,-39.62658166108677,-1.0752268065907692e-09
563.2090874759447,61.321836322955974,3.852074859025228,-46.484862883275284,-39.994063718788304,-1.0752269180934553e-09
563.7090874759447,61.818721299066304,3.8530015903140633,-46.82414109036757,-40.3615425151342,-1.0752269694228843e-09
564.2090874759447,62.31565548017754,3.8539135167961285,-47.16341801935619,-40.72901814008838,-1.0752268621434625e-09
564.7090874759447,62.812637713823946,3.8548109890477873,-47.50269371644541,-41.09649068046659,-1.0752267640453792e-09
565.2090874759447,63.3096668831387,3.855694346706466,-47.8419682258417,-41.46396022006995,-1.0752268763546405e-09
565.7090874759447,63.806741905494164,3.856563918892358,-48.181241589853165,-41.83142683981205,-1.0752266940064009e-09
566.2090874759447,64.30386173120382,3.8574200246108457,-48.520513848983256,-42.19889061783975,-1.0752268822834546e-09
566.7090874759447,64.80102534228266,3.85826297313665,-48.85978504201925,-42.56635162964793,-1.0752271401873925e-09
567.2090874759447,65.29823175126288,3.8590930643806756,-49.19905520611581,-42.933809948188895,-1.0752269379149238e-09
567.7090874759447,65.79548000006226,3.8599105892404424,-49.53832437687401,-43.301265643976315,-1.075227133536105e-09
568.2090874759447,66.29276915890223,3.8607158299349518,-49.87759258841587,-43.66871878518422,-1.0752273400870142e-09
568.7090874759447,66.79009832527338,3.861509060324791,-50.21685987345497,-44.03616943774144,-1.0752274765405398e-09
569.2090874759447,67.28746662294573,3.862290546218218,-50.55612626336312,-44.40361766542137,-1.0752275347775237e-09
569.7090874759447,67.78487320102188,3.8630605456639446,-50.89539178823358,-44.77106352992767,-1.075227282562833e-09
570.2090874759447,68.28231723303051,3.863819309231277,-51.23465647694077,-45.138507090975956,-1.0752273950312456e-09
570.7090874759447,68.7797979160585,3.864567080278249,-51.57392035719687,-45.50594840637166,-1.075227464433399e-09
571.2090874759447,69.27731446991972,3.865304095208341,-51.913183455605505,-45.87338753208438,-1.0752274462571887e-09
571.7090874759447,69.7748661363586,3.8660305837163427,-52.25244579771252,-46.240824522318775,-1.0752274386955742e-09
572.2090874759447,70.27245217828695,3.866746769023896,-52.591707408054155,-46.60825942958231,-1.0752273264474583e-09
572.7090874759447,70.77007187905232,3.8674528681052127,-52.93096831020275,-46.97569230474996,-1.0752276705812054e-09
573.2090874759447,71.26772454173637,3.86814909190344,-53.27022852681009,-47.34312319712591,-1.0752274326381593e-09
573.7090874759447,71.76540948848195,3.8688356455381276,-53.60948807964849,-47.71055215450269,-1.07522761426366e-09
574.2090874759447,72.26312605984744,3.8695127285042137,-53.94874698964991,-48.07797922321758,-1.075227393968536e-09
574.7090874759447,72.76087361418708,3.8701805348629286,-54.28800527694306,-48.445404448206524,-1.075227542001007e-09
575.2090874759447,73.25865152705609,3.8708392534250042,-54.6272629608885,-48.81282787305583,-1.0752272963438991e-09
575.7090874759447,73.75645919063949,3.871489067926537,-54.966520060112316,-49.18024954005153,-1.0752273914274374e-09
576.2090874759447,74.2542960132034,3.8721301571978515,-55.30577659253777,-49.547669490226646,-1.0752273000401867e-09
576.7090874759447,74.75216141856794,3.872762695325686,-55.645032575415684,-49.91508776340641,-1.0752275039879995e-09
577.2090874759447,75.2500548456006,3.8733868518090024,-55.98428802535318,-50.28250439825164,-1.0752277106637785e-09
577.7090874759447,75.74797574772938,3.8740027917087114,-56.323542958341065,-50.64991943230026,-1.0752272711834895e-09
578.2090874759447,76.24592359247453,3.8746106757915895,-56.66279738977998,-51.017332902007,-1.0752276441152914e-09
578.7090874759447,76.74389786099822,3.875210660668647,-57.00205133450511,-51.3847448427816,-1.0752273325903104e-09
579.2090874759447,77.24189804767146,3.875802898928191,-57.341304806809944,-51.752155289025275,-1.0752274312882622e-09
579.7090874759447,77.73992365965721,3.876387539263827,-57.680557820468714,-52.11956427416577,-1.075227594445989e-09
580.2090874759447,78.23797421650929,3.8769647265976115,-58.019810388757875,-52.486971830691054,-1.0752275178653708e-09
580.7090874759447,78.73604924978616,3.877534602198574,-58.35906252447668,-52.85437799018142,-1.075227482441961e-09
581.2090874759447,79.23414830267906,3.878097303796812,-58.6983142399665,-53.22178278334056,-1.0752274125931437e-09
581.7090874759447,79.73227092965388,3.8786529656933433,-59.03756554712959,-53.5891862400252,-1.0752275892671523e-09
582.2090874759447,80.2304166961061,3.8792017188659016,-59.37681645744678,-53.956588389273634,-1.07522723714689e-09
582.7090874759447,80.7285851780284,3.879743691070852,-59.71606698199441,-54.32398925933316,-1.0752274302365223e-09
583.2090874759447,81.22677596169014,3.8802790069413846,-60.05531713146051,-54.6913888776863,-1.0752274115741481e-09
583.7090874759447,81.72498864332859,3.880807788082148,-60.39456691616029,-55.058787271076206,-1.0752273000214058e-09
584.2090874759447,82.22322282885101,3.8813301531604703,-60.733816346050794,-55.42618446553089,-1.0752274024066936e-09
584.7090874759447,82.72147813354745,3.8818462179943105,-61.073065430745125,-55.79358048638655,-1.075227331136428e-09
585.2090874759447,83.21975418181368,3.8823560956370766,-61.4123141795257,-56.160975358310175,-1.0752272963656637e-09
585.7090874759447,83.71805060688385,3.882859896459436,-61.751562601357385,-56.528369105320955,-1.0752275430718802e-09
586.2090874759447,84.21636705057247,3.883357728228247,-62.09081070489955,-56.89576175081128,-1.0752272071878626e-09
586.7090874759447,84.71470316302546,3.8838496961827262,-62.430058498517994,-57.26315331756659,-1.07522735227369e-09
587.2090874759447,85.21305860247969,3.884335903107959,-62.769305990296154,-57.63054382778466,-1.075227543968216e-09
587.7090874759447,85.71143303503081,3.884816449405872,-63.108553188045875,-57.99793330309413,-1.0752272992805696e-09
588.2090874759447,86.20982613440908,3.8852914331637556,-63.44780009931766,-58.36532176457241,-1.0752274034315722e-09
588.7090874759447,86.70823758176279,3.8857609502204453,-63.7870467314106,-58.7327092327628,-1.0752273780912079e-09
589.2090874759447,87.2066670654489,3.8862250942302468,-64.1262930913818,-59.10009572769106,-1.0752273423658856e-09
589.7090874759447,87.70511428083087,3.8866839567246974,-64.46553918605545,-59.46748126888133,-1.0752274555076798e-09
590.2090874759447,88.20357893008317,3.887137627172251,-64.80478502203141,-59.83486587537157,-1.0752270574758165e-09
590.7090874759447,88.70206072200226,3.887586193035961,-65.14403060569356,-60.20224956572834,-1.0752271242164477e-09
591.2090874759447,89.2005593718239,3.8880297398292445,-65.48327594321776,-60.56963235806108,-1.0752272118513317e-09
591.7090874759447,89.69907460104638,3.8884683511697977,-65.82252104057949,-60.93701427003586,-1.0752272340014511e-09
592.2090874759447,90.19760613725958,3.888902108831739,-66.1617659035611,-61.304395318888744,-1.0752272509415288e-09
592.7090874759447,90.69615371397963,3.8893310927960405,-66.50101053775884,-61.671775521438555,-1.075227105720441e-09
593.2090874759447,91.19471707048876,3.889755381299316,-66.84025494858967,-62.03915489409916,-1.075227386685373e-09
593.7090874759447,91.69329595168057,3.8901750508810324,-67.17949914129755,-62.40653345289162,-1.075227689200901e-09
594.2090874759447,92.19189010790994,3.8905901764291912,-67.51874312095975,-62.77391121345549,-1.0752274824128062e-09
594.7090874759447,92.690499294848,3.8910008312245523,-67.85798689249276,-63.141288191060035,-1.0752275296179865e-09
595.2090874759447,93.18912327334151,3.8914070869834427,-68.19723046065798,-63.508664400615004,-1.0752272739886433e-09
595.7090874759447,93.68776180927675,3.891809013899208,-68.5364738300672,-63.876039856680926,-1.0752274486347128e-09
596.2090874759447,94.18641467344766,3.8922066806823548,-68.87571700518784,-64.24341457347917,-1.0752273637788884e-09
596.7090874759447,94.6850816414281,3.892600154599434,-69.21495999034799,-64.61078856490168,-1.0752274144403761e-09
597.2090874759447,95.18376249344806,3.892989501510705,-69.5542027897414,-64.97816184452019,-1.075227354444103e-09
597.7090874759447,95.68245701427371,3.8933747859066345,-69.89344540743188,-65.34553442559542,-1.075227171646827e-09
598.2090874759447,96.18116499309112,3.893756070943262,-70.23268784735801,-65.71290632108571,-1.0752272655558934e-09
598.7090874759447,96.67988622339351,3.8941334184764793,-70.57193011333737,-66.08027754365548,-1.0752271472239316e-09
599.2090874759447,97.17862050287201,3.8945068890952594,-70.91117220907063,-66.4476481056835,-1.0752272450845028e-09
599.7090874759447,97.67736763330963,3.8948765421538742,-71.25041413814566,-66.81501801927061,-1.07522700270348e-09
600.2090874759447,98.1761274204785,3.8952424358031355,-71.58965590404118,-67.1823872962476,-1.0752270993190162e-09
600.7090874759447,98.67489967404008,3.8956046270206928,-71.92889751013055,-67.54975594818244,-1.0752270144695786e-09
601.2090874759447,99.17368420744849,3.8959631716404215,-72.26813895968537,-67.91712398638742,-1.075227224263745e-09
601.7090874759447,99.67248083785663,3.896318124380936,-72.60738025587878,-68.28449142192625,-1.0752271243293337e-09
602.2090874759447,100.17128938602501,3.8966695388732533,-72.94662140178878,-68.6518582656206,-1.0752271852790589e-09
602.7090874759447,100.67010967623338,3.897017467687638,-73.28586240040136,-69.01922452805664,-1.0752270074930926e-09
603.2090874759447,101.1689415361949,3.897361962359659,-73.62510325461368,-69.38659021959138,-1.0752267050205583e-09
603.7090874759447,101.66778479697273,3.8977030734154834,-73.96434396723681,-69.75395535035872,-1.0752270301202783e-09
604.2090874759447,102.16663929289913,3.8980408503964297,-74.30358454099868,-70.12131993027529,-1.0752269342746556e-09
604.7090874759447,102.66550486149691,3.8983753418828138,-74.64282497854671,-70.48868396904632,-1.0752267537595094e-09
605.2090874759447,103.16438134340301,3.8987065955171016,-74.98206528245058,-70.856047476171,-1.0752265955695298e-09
605.7090874759447,103.66326858229434,3.899034658026401,-75.32130545520452,-71.22341046094795,-1.0752266990352574e-09
606.2090874759447,104.16216642481577,3.899359575244306,-75.66054549922998,-71.59077293248039,-1.075226605532116e-09
606.7090874759447,104.66107472051006,3.8996813921321243,-75.9997854168778,-71.95813489968121,-1.0752268456834376e-09
607.2090874759447,105.15999332174985,3.9000001527994987,-76.33902521043052,-72.32549637127786,-1.0752264971360798e-09
607.7090874759447,105.65892208367148,3.900315900524449,-76.67826488210466,-72.69285735581698,-1.0752265877222946e-09
608.2090874759447,106.1578608641107,3.9006286777728536,-77.01750443405267,-73.06021786166917,-1.0752269153400153e-09
608.7090874759447,106.65680952354018,3.9009385262173812,-77.35674386836504,-73.42757789703333,-1.0752268972496698e-09
609.2090874759447,107.15576792500865,3.9012454867559025,-77.69598318707226,-73.79493746994096,-1.0752271407696238e-09
609.7090874759447,107.65473593408188,3.901549599529388,-78.03522239214668,-74.16229658826047,-1.0752268534295537e-09
610.2090874759447,108.15371341878513,3.901850903939314,-78.37446148550426,-74.52965525970123,-1.0752267901677845e-09
610.7090874759447,108.65270024954721,3.9021494386645905,-78.71370046900651,-74.89701349181742,-1.0752269123649841e-09
611.2090874759447,109.1516962991461,3.902445241678027,-79.05293934446205,-75.26437129201192,-1.0752269586508747e-09
611.7090874759447,109.65070144265599,3.902738350262352,-79.39217811362826,-75.63172866754009,-1.0752265583106178e-09
612.2090874759447,110.14971555739575,3.9030288010257967,-79.73141677821283,-75.99908562551336,-1.0752268309629658e-09
612.7090874759447,110.64873852287883,3.903316629917261,-80.07065533987546,-76.36644217290264,-1.07522680195173e-09
613.2090874759447,111.14777022076441,3.9036018722410697,-80.40989380022907,-76.73379831654188,-1.0752265519686925e-09
613.7090874759447,111.64681053480993,3.9038845626713394,-80.74913216084146,-77.10115406313129,-1.0752267283007797e-09
614.2090874759447,112.14585935082481,3.904164735265958,-81.08837042323647,-77.46850941924058,-1.075226474795664e-09
614.7090874759447,112.64491655662545,3.9044424234801975,-81.42760858889562,-77.83586439131207,-1.0752264043331593e-09
615.2090874759447,113.14398204199132,3.904717660179968,-81.76684665925897,-78.20321898566378,-1.075226517101514e-09
615.7090874759447,113.64305569862233,3.9049904776547204,-82.1060846357268,-78.57057320849228,-1.0752268104035414e-09
616.2090874759447,114.14213742009714,3.9052609076300184,-82.44532251966045,-78.93792706587568,-1.0752265754936458e-09
616.7090874759447,114.64122710183268,3.905528981279777,-82.78456031238368,-79.30528056377636,-1.0752268173604246e-09
617.2090874759447,115.14032464104467,3.9057947292381856,-83.12379801518378,-79.6726337080436,-1.0752270231268773e-09
617.7090874759447,115.63942993670913,3.906058181611328,-83.46303562931256,-80.03998650441642,-1.0752267606763943e-09
618.2090874759447,116.13854288952493,3.906319367988497,-83.80227315598749,-80.40733895852591,-1.0752271386126067e-09
618.7090874759447,116.63766340187718,3.906578317453224,-84.14151059639269,-80.77469107589788,-1.0752267296663446e-09
619.2090874759447,117.13679137780169,3.9068350585940275,-84.48074795167983,-81.14204286195522,-1.0752268351295037e-09
619.7090874759447,117.63592672295023,3.9070896195148874,-84.81998522296922,-81.50939432202031,-1.0752267315403666e-09
620.2090874759447,118.1350693445567,3.907342027845455,-85.15922241135065,-81.87674546131721,-1.075226948881421e-09
620.7090874759447,118.63421915140411,3.9075923107510078,-85.49845951788429,-82.24409628497405,-1.0752268426044917e-09
621.2090874759447,119.13337605379245,3.9078404949421524,-85.83769654360147,-82.611446798025,-1.0752267391121854e-09
621.7090874759447,119.63253996350726,3.9080866066842885,-86.17693348950566,-82.97879700541264,-1.0752269090582033e-09
622.2090874759447,120.13171079378907,3.9083306718068345,-86.51617035657318,-83.34614691198979,-1.075226896293269e-09
622.7090874759447,120.63088845930353,3.9085727157122268,-86.85540714575403,-83.71349652252158,-1.075226837913357e-09
623.2090874759447,121.13007287611232,3.908812763384697,-87.1946438579726,-84.08084584168742,-1.075226894353709e-09
623.7090874759447,121.62926396164471,3.9090508393988346,-87.53388049412841,-84.44819487408296,-1.0752270091873208e-09
624.2090874759447,122.12846163466986,3.909286967927938,-87.87311705509684,-84.81554362422185,-1.0752267149686298e-09
624.7090874759447,122.62766581526978,3.909521172752165,-88.21235354172978,-85.18289209653753,-1.0752270343988607e-09
625.2090874759447,123.12687642481293,3.9097534772664826,-88.5515899548564,-85.5502402953851,-1.0752269456210139e-09
625.7090874759447,123.62609338592846,3.909983904488429,-88.89082629528357,-85.91758822504286,-1.0752268792239495e-09
626.2090874759447,124.12531662248104,3.9102124770656848,-89.23006256379678,-86.28493588971415,-1.0752268815932615e-09
626.7090874759447,124.62454605954638,3.9104392172834648,-89.56929876116048,-86.65228329352881,-1.0752267892517403e-09
627.2090874759447,125.1237816233872,3.9106641470717336,-89.90853488811885,-87.01963044054489,-1.0752266765002604e-09
627.7090874759447,125.62302324142988,3.910887288012249,-90.24777094539625,-87.38697733475007,-1.07522652046848e-09
628.2090874759447,126.12227084224158,3.911108661345439,-90.58700693369784,-87.75432398006333,-1.0752267746473481e-09
628.7090874759447,126.62152435550794,3.9113282879771165,-90.92624285371005,-88.12167038033627,-1.075226643627965e-09
629.2090874759447,127.12078371201135,3.9115461884850364,-91.26547870610116,-88.48901653935454,-1.075226816083797e-09
629.7090874759447,127.62004884360952,3.9117623831252986,-91.60471449152185,-88.85636246083929,-1.0752269706249417e-09
630.2090874759447,128.11931968321488,3.9119768918386026,-91.94395021060548,-89.2237081484485,-1.0752268173366086e-09
630.7090874759447,128.61859616477412,3.9121897342563576,-92.28318586396875,-89.59105360577831,-1.0752268630952634e-09
631.2090874759447,129.11787822324843,3.9124009297066484,-92.62242145221217,-89.95839883636434,-1.0752267858915473e-09
631.7090874759447,129.61716579459406,3.912610497220067,-92.96165697592033,-90.32574384368283,-1.0752268236839005e-09
632.2090874759447,130.11645881574344,3.912818455535408,-93.30089243566248,-90.69308863115204,-1.0752268046636582e-09
632.7090874759447,130.61575722458662,3.9130248231052365,-93.64012783199291,-91.06043320213328,-1.0752268854334167e-09
633.2090874759447,131.11506095995318,3.9132296181013246,-93.97936316545139,-91.42777755993218,-1.075226999788028e-09
633.7090874759447,131.61436996159458,3.9134328584199696,-94.31859843656348,-91.79512170779977,-1.0752268853553395e-09
634.2090874759447,132.1136841701668,3.9136345616871893,-94.65783364584095,-92.16246564893369,-1.0752270442962827e-09
634.7090874759447,132.61300352721352,3.9138347452637996,-94.99706879378216,-92.52980938647916,-1.0752269607195414e-09
635.2090874759447,133.11232797514953,3.9140334262503806,-95.33630388087239,-92.89715292353007,-1.0752268586781247e-09
635.7090874759447,133.6116574572446,3.9142306214921287,-95.67553890758424,-93.26449626313007,-1.0752268074487987e-09
636.2090874759447,134.11099191760775,3.914426347583603,-96.01477387437797,-93.63183940827349,-1.0752270143732273e-09
636.7090874759447,134.61033130117164,3.914620620873365,-96.35400878170176,-93.99918236190635,-1.0752267917022961e-09
637.2090874759447,135.10967555367765,3.9148134574685165,-96.69324362999212,-94.36652512692743,-1.07522702815913e-09
637.7090874759447,135.60902462166095,3.915004873239138,-97.03247841967408,-94.73386770618905,-1.0752270478663127e-09
638.2090874759447,136.1083784524361,3.9151948838226267,-97.37171315116159,-95.10121010249807,-1.075226854468545e-09
638.7090874759447,136.60773699408298,3.9153835046279433,-97.71094782485781,-95.46855231861674,-1.0752270332216342e-09
639.2090874759447,137.10710019543282,3.9155707508397644,-98.05018244115537,-95.83589435726367,-1.0752268656505962e-09
639.7090874759447,137.60646800605477,3.915756637422545,-98.38941700043658,-96.2032362211146,-1.0752268165631766e-09
640.2090874759447,138.10584037624258,3.9159411791244927,-98.72865150307386,-96.57057791280317,-1.0752268888089788e-09
640.7090874759447,138.60521725700173,3.916124390481457,-99.06788594942982,-96.93791943492192,-1.0752266815513188e-09
641.2090874759447,139.10459860003667,3.9163062858207343,-99.40712033985768,-97.30526079002294,-1.0752268373480308e-09
641.7090874759447,139.6039843577384,3.916486879264792,-99.74635467470137,-97.67260198061865,-1.075226434929799e-09
642.2090874759447,140.10337448317242,3.9166661847349133,-100.08558895429579,-98.03994300918269,-1.075226809021123e-09
642.7090874759447,140.6027689300667,3.916844215954763,-100.42482317896722,-98.40728387815051,-1.0752265920212983e-09
643.2090874759447,141.10216765280015,3.9170209864538803,-100.76405734903327,-98.77462458992012,-1.0752265009117527e-09
643.7090874759447,141.60157060639116,3.9171965095710948,-101.10329146480339,-99.14196514685291,-1.075226544528292e-09
644.2090874759447,142.10097774648648,3.917370798457874,-101.44252552657876,-99.50930555127425,-1.0752264616690844e-09
644.7090874759447,142.60038902935025,3.917543866081598,-101.78175953465282,-99.87664580547418,-1.0752267704885845e-09
645.2090874759447,143.09980441185334,3.9177157252287675,-102.12099348931125,-100.2439859117081,-1.0752267658462577e-09
645.7090874759447,143.59922385146288,3.9178863885081427,-102.46022739083224,-100.61132587219738,-1.0752266817414374e-09
646.2090874759447,144.09864730623192,3.91805586835382,-102.79946123948675,-100.97866568913001,-1.0752263958687506e-09
646.7090874759447,144.59807473478946,3.918224177028243,-103.1386950355385,-101.34600536466124,-1.0752263820447748e-09
647.2090874759447,145.0975060963306,3.9183913266251533,-103.47792877924444,-101.71334490091412,-1.0752263741788505e-09
647.7090874759447,145.59694135060684,3.918557329072478,-103.81716247085458,-102.08068429998022,-1.075226320259375e-09
648.2090874759447,146.0963804579167,3.918722196135161,-104.15639611061249,-102.44802356392012,-1.0752263517917014e-09
648.7090874759447,146.59582337909643,3.9188859394179336,-104.49562969875528,-102.8153626947639,-1.0752263490868626e-09
649.2090874759447,147.09527007551094,3.919048570368033,-104.83486323551374,-103.18270169451192,-1.0752266972613824e-09
649.7090874759447,147.59472050904492,3.9192101002778603,-105.17409672111266,-103.5500405651351,-1.0752262885950706e-09
650.2090874759447,148.09417464209412,3.91937054028759,-105.51333015577073,-103.91737930857568,-1.0752265312671243e-09
650.7090874759447,148.59363243755686,3.919529901387723,-105.85256353970104,-104.28471792674756,-1.0752263918711939e-09
651.2090874759447,149.09309385882563,3.9196881944215907,-106.19179687311087,-104.65205642153693,-1.0752262040571872e-09
651.7090874759447,149.59255886977888,3.9198454300878085,-106.53103015620208,-105.01939479480266,-1.0752262219064864e-09
652.2090874759447,150.09202743477306,3.9200016189426803,-106.87026338917114,-105.38673304837691,-1.075226063760363e-09
652.7090874759447,150.59149951863466,3.9201567714025556,-107.20949657220918,-105.7540711840656,-1.0752264324372654e-09
653.2090874759447,151.09097508665252,3.9203108977461385,-107.54872970550235,-106.12140920364867,-1.0752263091913122e-09
653.7090874759447,151.59045410457028,3.9204640081167534,-107.88796278923174,-106.48874710888084,-1.0752263880953954e-09
654.2090874759447,152.08993653857897,3.920616112524564,-108.22719582357362,-106.8560849014918,-1.0752264815580105e-09
654.7090874759447,152.5894223553097,3.920767220848752,-108.5664288086995,-107.22342258318687,-1.0752264154791794e-09
655.2090874759447,153.08891152182647,3.920917342839647,-108.90566174477621,-107.5907601556472,-1.0752264096276024e-09
655.7090874759447,153.58840400561937,3.9210664881208235,-109.24489463196616,-107.95809762053038,-1.0752265581909244e-09
656.2090874759447,154.0878997745975,3.92121466619115,-109.58412747042728,-108.32543497947077,-1.0752264779370364e-09
656.7090874759447,154.58739879708236,3.9213618864268005,-109.92336026031325,-108.69277223407987,-1.075226075971825e-09
657.2090874759447,155.08690104180124,3.9215081580832307,-110.2625930017736,-109.06010938594677,-1.0752263770110712e-09
657.7090874759447,155.5864064778807,3.9216534902971105,-110.60182569495372,-109.42744643663852,-1.0752261777324615e-09
658.2090874759447,156.0859150748403,3.921797892088224,-110.94105833999505,-109.79478338770049,-1.0752260985560613e-09
658.7090874759447,156.58542680258628,3.9219413723613306,-111.28029093703509,-110.16212024065683,-1.0752262764279181e-09
659.2090874759447,157.0849416314055,3.922083939907992,-111.61952348620758,-110.52945699701067,-1.0752261858833142e-09
659.7090874759447,157.58445953195948,3.9222256034083642,-111.95875598764259,-110.89679365824459,-1.0752262406678921e-09
660.2090874759447,158.08398047527842,3.922366371432955,-112.29798844146653,-111.26413022582102,-1.0752263417901645e-09
660.7090874759447,158.58350443275552,3.922506252444349,-112.63722084780228,-111.63146670118243,-1.0752262263363548e-09
661.2090874759447,159.08303137614126,3.9226452547988995,-112.97645320676938,-111.99880308575175,-1.075226332533617e-09
661.7090874759447,159.5825612775379,3.922783386748391,-113.31568551848387,-112.36613938093274,-1.0752264053865622e-09
662.2090874759447,160.08209410939395,3.9229206564416663,-113.65491778305866,-112.7334755881102,-1.0752264499309537e-09
662.7090874759447,160.58162984449882,3.923057071926227,-113.99415000060331,-113.10081170865037,-1.0752265022199672e-09
663.2090874759447,161.0811684559777,3.9231926411498037,-114.33338217122446,-113.46814774390121,-1.0752264958365238e-09
663.7090874759447,161.58070991728619,3.9233273719618946,-114.67261429502553,-113.83548369519275,-1.0752266458134602e-09
664.2090874759447,162.08025420220542,3.9234612721152797,-115.01184637210702,-114.20281956383731,-1.0752265015993522e-09
664.7090874759447,162.579801284837,3.9235943492675034,-115.35107840256657,-114.57015535112984,-1.0752266250431885e-09
665.2090874759447,163.07935113959812,3.923726610982332,-115.69031038649898,-114.93749105834819,-1.0752264441948588e-09
665.7090874759447,163.5789037412168,3.923858064731185,-116.02954232399624,-115.30482668675339,-1.07522652984374e-09
666.2090874759447,164.07845906472718,3.9239887178945367,-116.36877421514775,-115.67216223758989,-1.075226421408305e-09
666.7090874759447,164.5780170854649,3.9241185777632985,-116.70800606004016,-116.03949771208596,-1.0752262509801088e-09
667.2090874759447,165.07757777906252,3.9242476515401696,-117.04723785875765,-116.40683311145376,-1.075226463008619e-09
667.7090874759447,165.57714112144515,3.9243759463409678,-117.38646961138184,-116.77416843688972,-1.0752263409692847e-09
668.2090874759447,166.076707088826,3.9245034691959346,-117.72570131799189,-117.14150368957482,-1.075226290886989e-09
668.7090874759447,166.57627565770215,3.9246302270510167,-118.06493297866466,-117.50883887067474,-1.075226441199444e-09
669.2090874759447,167.07584680485027,3.924756226769125,-118.40416459347459,-117.87617398134017,-1.0752262908689686e-09
669.7090874759447,167.5754205073225,3.924881475131372,-118.74339616249384,-118.24350902270704,-1.0752263628715616e-09
670.2090874759447,168.07499674244238,3.9250059788382847,-119.08262768579236,-118.61084399589683,-1.0752264493825334e-09
670.7090874759447,168.5745754878009,3.925129744510998,-119.42185916343803,-118.97817890201654,-1.0752264030776139e-09
671.2090874759447,169.07415672125245,3.925252778692426,-119.76109059549648,-119.34551374215923,-1.075226216082378e-09
671.7090874759447,169.5737404209111,3.925375087848415,-120.10032198203136,-119.71284851740407,-1.0752265951055349e-09
672.2090874759447,170.0733265651467,3.925496678368872,-120.4395533231042,-120.08018322881661,-1.0752263976318587e-09
672.7090874759447,170.57291513258122,3.9256175565688767,-120.77878461877471,-120.44751787744896,-1.075226554822525e-09
673.2090874759447,171.07250610208507,3.9257377286897728,-121.11801586910053,-120.81485246434003,-1.0752262870126195e-09
673.7090874759447,171.57209945277353,3.9258572009002406,-121.45724707413751,-121.18218699051576,-1.0752263767081403e-09
674.2090874759447,172.0716951640031,3.925975979297351,-121.7964782339396,-121.54952145698924,-1.0752265073474801e-09
674.7090874759447,172.5712932153682,3.9260940699076,-122.13570934855903,-121.91685586476093,-1.075226340324969e-09
675.2090874759447,173.07089358669765,3.9262114786879283,-122.4749404180463,-122.28419021481898,-1.075226523535416e-09
675.7090874759447,173.5704962580513,3.926328211526719,-122.81417144245013,-122.65152450813918,-1.0752263320505336e-09
676.2090874759447,174.07010120971677,3.926444274244783,-123.15340242181759,-123.01885874568539,-1.0752264275618978e-09
676.7090874759447,174.56970842220625,3.926559672596323,-123.49263335619403,-123.38619292840968,-1.0752262886842657e-09
677.2090874759447,175.06931787625322,3.9266744122698842,-123.83186424562346,-123.75352705725231,-1.075226241391632e-09
677.7090874759447,175.5689295528094,3.926788498889287,-124.17109509014809,-124.12086113314216,-1.0752265956241504e-09
678.2090874759447,176.0685434330416,3.9269019380145442,-124.51032588980874,-124.48819515699667,-1.0752265169840023e-09
678.7090874759447,176.56815949832878,3.9270147351427647,-124.84955664464468,-124.8555291297223,-1.0752266014995665e-09
679.2090874759447,177.067777730259,3.927126895709038,-125.18878735469382,-125.22286305221444,-1.075226503301637e-09
679.7090874759447,177.5673981106265,3.9272384250873067,-125.52801801999263,-125.5901969253577,-1.0752264404174781e-09
680.2090874759447,178.06702062142884,3.927349328591224,-125.86724864057615,-125.95753075002601,-1.0752263884434319e-09
680.7090874759447,178.5666452448641,3.9274596114749962,-126.2064792164781,-126.32486452708282,-1.075226441023821e-09
681.2090874759447,179.06627196332806,3.927569278934211,-126.54570974773094,-126.69219825738129,-1.0752264126856745e-09
681.7090874759447,179.56590075941148,3.9276783361066525,-126.88494023436576,-127.05953194176439,-1.0752263496521212e-09
682.2090874759447,180.06553161589736,3.927786788073102,-127.22417067641246,-127.42686558106497,-1.0752264516641064e-09
682.7090874759447,180.56516451575837,3.9278946398581276,-127.56340107389966,-127.7941991761062,-1.0752264907463286e-09
683.2090874759447,181.06479944215423,3.9280018964308563,-127.90263142685487,-128.16153272770129,-1.0752266571269319e-09
683.7090874759447,181.5644363784291,3.928108562705739,-128.24186173530438,-128.528866236654,-1.0752265339155213e-09
684.2090874759447,182.06407530810907,3.928214643543298,-128.58109199927333,-128.89619970375864,-1.0752267902832392e-09
684.7090874759447,182.56371621489978,3.9283201437508657,-128.92032221878574,-129.26353312980007,-1.0752266268841784e-09
685.2090874759447,183.06335908268386,3.92842506808331,-129.2595523938646,-129.6308665155542,-1.0752267742100339e-09
685.7090874759447,183.5630038955186,3.928529421243746,-129.59878252453177,-129.9981998617877,-1.0752267272661988e-09
686.2090874759447,184.06265063763357,3.9286332078842396,-129.93801261080807,-130.36553316925847,-1.0752267185359944e-09
686.7090874759447,184.5622992934283,3.928736432606497,-130.27724265271348,-130.73286643871546,-1.0752266087365788e-09
687.2090874759447,185.06194984747003,3.928839099962545,-130.61647265026676,-131.10019967089917,-1.0752268496531554e-09
687.7090874759447,185.5616022844914,3.928941214455398,-130.9557026034858,-131.46753286654146,-1.0752268570228427e-09
688.2090874759447,186.06125658938834,3.929042780539716,-131.2949325123876,-131.83486602636572,-1.0752268094412555e-09
688.7090874759447,186.5609127472177,3.9291438026224523,-131.63416237698812,-132.20219915108714,-1.0752267015447687e-09
689.2090874759447,187.0605707431954,3.92924428506349,-131.97339219730253,-132.5695322414128,-1.075226516173988e-09
689.7090874759447,187.56023056269407,3.929344232176267,-132.31262197334507,-132.93686529804154,-1.0752265268529451e-09
690.2090874759447,188.05989219124112,3.929443648228395,-132.65185170512916,-133.30419832166447,-1.075226526863497e-09
690.7090874759447,188.5595556145166,3.929542537442264,-132.99108139266733,-133.67153131296473,-1.0752266016419628e-09
691.2090874759447,189.05922081835126,3.9296409039956406,-133.33031103597136,-134.03886427261773,-1.0752264601670702e-09
691.7090874759447,189.55888778872463,3.929738752022255,-133.6695406350522,-134.40619720129138,-1.0752266528107845e-09
692.2090874759447,190.05855651176293,3.929836085612381,-134.00877018991994,-134.77353009964605,-1.0752265133324352e-09
692.7090874759447,190.55822697373722,3.9299329088134027,-134.3479997005841,-135.14086296833466,-1.0752268773667369e-09
693.2090874759447,191.05789916106158,3.9300292256303773,-134.68722916705332,-135.50819580800285,-1.0752267355887171e-09
693.7090874759447,191.5575730602912,3.930125040026586,-135.02645858933545,-135.8755286192892,-1.0752269939671386e-09
694.2090874759447,192.05724865812047,3.930220355924076,-135.3656879674378,-136.242861402825,-1.0752268418792516e-09
694.7090874759447,192.55692594138134,3.930315177204196,-135.70491730136692,-136.61019415923462,-1.0752268626249715e-09
695.2090874759447,193.05660489704147,3.930409507708124,-136.04414659112865,-136.97752688913562,-1.0752270939396971e-09
695.7090874759447,193.55628551220246,3.9305033512373826,-136.38337583672822,-137.34485959313866,-1.0752267285168165e-09
696.2090874759447,194.05596777409818,3.9305967115543505,-136.72260503817017,-137.71219227184773,-1.07522701828265e-09
696.7090874759447,194.55565167009306,3.9306895923827656,-137.06183419545852,-138.07952492586014,-1.0752269527252051e-09
697.2090874759447,195.05533718768044,3.9307819974082183,-137.40106330859652,-138.44685755576674,-1.0752269066374212e-09
697.7090874759447,195.5550243144809,3.9308739302786395,-137.7402923775869,-138.81419016215196,-1.0752269338720312e-09
698.2090874759447,196.0547130382407,3.9309653946047796,-138.07952140243188,-139.18152274559387,-1.075227221715014e-09
698.7090874759447,196.5544033468301,3.931056393960681,-138.418750383133,-139.54885530666417,-1.0752270377973955e-09
699.2090874759447,197.05409522824192,3.931146931884143,-138.75797931969123,-139.9161878459286,-1.0752271621333563e-09
699.7090874759447,197.55378867058988,3.931237011877181,-139.09720821210715,-140.28352036394654,-1.0752270443057843e-09
700.2090874759447,198.05348366210714,3.931326637406475,-139.4364370603806,-140.65085286127155,-1.0752272790229604e-09
700.7090874759447,198.5531801911448,3.9314158119038174,-139.77566586451107,-141.0181853384512,-1.0752270981557488e-09
701.2090874759447,199.05287824617045,3.9315045387665473,-140.11489462449757,-141.38551779602713,-1.075227038652235e-09
701.7090874759447,199.55257781576665,3.9315928213579845,-140.45412334033838,-141.7528502345354,-1.075227158461475e-09
702.2090874759447,200.05227888862956,3.931680663007852,-140.79335201203153,-142.12018265450615,-1.075227261863303e-09
702.7090874759447,200.5519814535675,3.9317680670126944,-141.13258063957454,-142.48751505646405,-1.0752271889162324e-09
703.2090874759447,201.05168549949957,3.931855036636292,-141.47180922296442,-142.85484744092807,-1.0752271586533222e-09
703.7090874759447,201.5513910154543,3.931941575110064,-141.81103776219777,-143.2221798084119,-1.0752271368842773e-09
704.2090874759447,202.0510979905683,3.932027685633471,-142.1502662572707,-143.5895121594237,-1.0752273595137163e-09
704.7090874759447,202.55080641408495,3.932113371374406,-142.48949470817902,-143.95684449446625,-1.0752274887806853e-09
705.2090874759447,203.05051627535298,3.932198635469586,-142.82872311491798,-144.32417681403723,-1.0752271483338946e-09
705.7090874759447,203.55022756382533,3.9322834810249314,-143.16795147748246,-144.69150911862903,-1.075227419544432e-09
706.2090874759447,204.04994026905783,3.932367911115945,-143.50717979586705,-145.05884140872888,-1.0752273123968508e-09
706.7090874759447,204.5496543807079,3.9324519287880824,-143.8464080700658,-145.42617368481908,-1.075227284551243e-09
707.2090874759447,205.04936988853336,3.9325355370571176,-144.1856363000725,-145.79350594737676,-1.0752271786750038e-09
707.7090874759447,205.54908678239127,3.9326187389095044,-144.52486448588058,-146.1608381968743,-1.0752272964315536e-09
708.2090874759447,206.0488050522366,3.9327015373027314,-144.864092627483,-146.5281704337791,-1.0752272145754894e-09
708.7090874759447,206.54852468812112,3.9327839351656717,-145.20332072487253,-146.8955026585538,-1.0752271104966446e-09
709.2090874759447,207.0482456801923,3.9328659353989286,-145.5425487780415,-147.26283487165622,-1.0752272943631097e-09
709.7090874759447,207.54796801869207,3.932947540875176,-145.88177678698187,-147.63016707353964,-1.0752270525876072e-09
710.2090874759447,208.0476916939557,3.933028754439493,-146.2210047516854,-147.9974992646526,-1.0752270516586846e-09
710.7090874759447,208.54741669641075,3.933109578909694,-146.56023267214343,-148.36483144543914,-1.0752270740663723e-09
711.2090874759447,209.04714301657592,3.933190017076656,-146.89946054834704,-148.73216361633882,-1.0752270513666398e-09
711.7090874759447,209.54687064505998,3.9332700717046376,-147.238688380287,-149.09949577778673,-1.0752269879610056e-09
712.2090874759447,210.04659957256072,3.933349745531597,-147.5779161679538,-149.46682793021355,-1.0752268928206386e-09
712.7090874759447,210.54632978986385,3.933429041269503,-147.91714391133766,-149.83416007404566,-1.0752270182686835e-09
713.2090874759447,211.046061287842,3.9335079616046436,-148.25637161042854,-150.20149220970504,-1.0752267191654698e-09
713.7090874759447,211.54579405745372,3.9335865091979274,-148.59559926521598,-150.56882433760967,-1.0752269595050492e-09
714.2090874759447,212.04552808974242,3.933664686685184,-148.93482687568957,-150.93615645817314,-1.075226992139768e-09
714.7090874759447,212.54526337583542,3.933742496677459,-149.27405444183827,-151.30348857180508,-1.0752269046385787e-09
715.2090874759447,213.04499990694293,3.9338199417613025,-149.61328196365105,-151.67082067891096,-1.07522710707071e-09
715.7090874759447,213.54473767435715,3.933897024499058,-149.95250944111655,-152.03815277989227,-1.0752269095464133e-09
716.2090874759447,214.0444766694512,3.9339737474291425,-150.29173687422315,-152.40548487514653,-1.075226881522926e-09
716.7090874759447,214.54421688367833,3.934050113066327,-150.63096426295908,-152.77281696506728,-1.0752268805896559e-09
717.2090874759447,215.0439583085709,3.93412612390201,-150.97019160731236,-153.14014905004424,-1.0752269258081634e-09
717.7090874759447,215.54370093573945,3.9342017824044886,-151.30941890727064,-153.5074811304634,-1.0752271828182838e-09
718.2090874759447,216.04344475687188,3.9342770910192257,-151.64864616282148,-153.87481320670685,-1.0752270718910848e-09
718.7090874759447,216.54318976373247,3.934352052169113,-151.9878733739522,-154.24214527915294,-1.075226963255309e-09
719.2090874759447,217.04293594816107,3.934426668254731,-152.32710054064992,-154.60947734817643,-1.0752268693481806e-09
719.7090874759447,217.54268330207225,3.934500941654605,-152.66632766290158,-154.9768094141484,-1.0752271220494537e-09
720.2090874759447,218.04243181745434,3.9345748747254574,-153.00555474069392,-155.3441414774363,-1.0752268930959396e-09
720.7090874759447,218.54218148636875,3.934648469802458,-153.34478177401354,-155.71147353840402,-1.075226878487527e-09
721.2090874759447,219.041932300949,3.9347217291994685,-153.6840087628468,-156.0788055974121,-1.0752269781178837e-09
721.7090874759447,219.54168425339992,3.9347946552092856,-154.0232357071798,-156.44613765481742,-1.0752268800290681e-09
722.2090874759447,220.041437335997,3.9348672501038795,-154.36246260699875,-156.81346971097352,-1.0752270061429277e-09
722.7090874759447,220.54119154108534,3.9349395161346306,-154.70168946228938,-157.1808017662306,-1.075226791980103e-09
723.2090874759447,221.04094686107908,3.9350114555325613,-155.04091627303748,-157.5481338209354,-1.0752268049172722e-09
723.7090874759447,221.5407032884605,3.935083070508566,-155.38014303922856,-157.9154658754315,-1.0752268884448037e-09
724.2090874759447,222.0404608157793,3.935154363253638,-155.71936976084802,-158.28279793005908,-1.0752270085854888e-09
724.7090874759447,222.54021943565195,3.9352253359390916,-156.05859643788114,-158.6501299851553,-1.07522708904713e-09
725.2090874759447,223.03997914076066,3.935295990716783,-156.39782307031302,-159.0174620410539,-1.0752271659117967e-09
725.7090874759447,223.53973992385298,3.935366329719328,-156.7370496581286,-159.38479409808565,-1.0752271546705863e-09
726.2090874759447,224.03950177774084,3.9354363550603164,-157.07627620131282,-159.75212615657807,-1.0752271522524169e-09
726.7090874759447,224.53926469529998,3.935506068834524,-157.41550269985026,-160.11945821685578,-1.0752269908239979e-09
727.2090874759447,225.0390286694691,3.9355754731181203,-157.7547291537256,-160.48679027924018,-1.0752272462220893e-09
727.7090874759447,225.53879369324935,3.9356445699688756,-158.09395556292324,-160.8541223440498,-1.0752272358326779e-09
728.2090874759447,226.03855975970345,3.9357133614263637,-158.43318192742754,-161.2214544116002,-1.0752274376729616e-09
728.7090874759447,226.53832686195517,3.935781849512163,-158.77240824722276,-161.5887864822039,-1.0752273203902711e-09
729.2090874759447,227.03809499318857,3.935850036230054,-159.11163452229292,-161.95611855617062,-1.0752272011063712e-09
729.7090874759447,227.53786414664734,3.935917923566215,-159.45086075262216,-162.32345063380717,-1.0752270766928188e-09
730.2090874759447,228.03763431563422,3.935985513489415,-159.7900869381943,-162.6907827154176,-1.0752272205101304e-09
730.7090874759447,228.5374054935103,3.936052807951204,-160.12931307899314,-163.05811480130313,-1.0752270376910948e-09
731.2090874759447,229.0371776736944,3.9361198088860996,-160.46853917500238,-163.42544689176216,-1.0752270965622906e-09
731.7090874759447,229.53695084966245,3.9361865182117746,-160.80776522620562,-163.79277898709054,-1.07522722608537e-09
732.2090874759447,230.03672501494682,3.936252937829238,-161.14699123258637,-164.16011108758119,-1.0752272866565204e-09
732.7090874759447,230.5365001631358,3.9363190696230155,-161.48621719412807,-164.52744319352442,-1.0752271094471282e-09
733.2090874759447,231.03627628787294,3.9363849154613297,-161.82544311081404,-164.89477530520801,-1.0752271837068007e-09
733.7090874759447,231.53605338285647,3.936450477196274,-162.16466898262755,-165.2621074229171,-1.075227198370918e-09
734.2090874759447,232.0358314418387,3.936515756663986,-162.5038948095518,-165.6294395469341,-1.0752272114301223e-09
734.7090874759447,232.53561045862548,3.936580755684822,-162.84312059156983,-165.99677167753913,-1.0752270770498064e-09
735.2090874759447,233.03539042707558,3.936645476063522,-163.1823463286647,-166.36410381500957,-1.0752270483887005e-09
735.7090874759447,233.53517134110015,3.9367099195893793,-163.52157202081932,-166.73143595962043,-1.0752272201608916e-09
736.2090874759447,234.0349531946622,3.936774088036405,-163.86079766801657,-167.09876811164423,-1.0752270263463418e-09
736.7090874759447,234.53473598177592,3.9368379831634903,-164.2000232702393,-167.46610027135105,-1.075227016109193e-09
737.2090874759447,235.0345196965063,3.9369016067145672,-164.53924882747026,-167.8334324390085,-1.0752270692532203e-09
737.7090874759447,235.5343043329685,3.9369649604187678,-164.87847433969205,-168.200764614882,-1.0752270378874257e-09
738.2090874759447,236.03408988532735,3.93702804599058,-165.21769980688737,-168.56809679923435,-1.075227133504752e-09
738.7090874759447,236.53387634779682,3.9370908651300027,-165.5569252290388,-168.9354289923262,-1.0752272348989835e-09
739.2090874759447,237.0336637146395,3.9371534195226987,-165.89615060612886,-169.3027611944159,-1.0752269151783265e-09
739.7090874759447,237.53345198016606,3.937215710840145,-166.23537593813995,-169.67009340575945,-1.0752272961549262e-09
740.2090874759447,238.03324113873484,3.9372777407397823,-166.57460122505452,-170.03742562661066,-1.075227053542458e-09
740.7090874759447,238.53303118475125,3.937339510865161,-166.91382646685489,-170.40475785722114,-1.0752271269866107e-09
741.2090874759447,239.03282211266733,3.9374010228460867,-167.2530516635234,-170.77209009784016,-1.075226795943835e-09
741.7090874759447,239.5326139169813,3.9374622782987645,-167.5922768150423,-171.139422348715,-1.0752270643538974e-09
742.2090874759447,240.03240659223695,3.9375232788259393,-167.93150192139387,-171.50675461009064,-1.0752269029975554e-09
742.7090874759447,240.53220013302337,3.9375840260170363,-168.27072698256023,-171.87408688221004,-1.075227136918816e-09
743.2090874759447,241.03199453397426,3.937644521448299,-168.6099519985235,-172.24141916531403,-1.0752272846912896e-09
743.7090874759447,241.53178978976766,3.937704766682925,-168.9491769692658,-172.6087514596413,-1.0752271039201945e-09
744.2090874759447,242.03158589512537,3.9377647632712005,-169.28840189476927,-172.9760837654285,-1.075227280978133e-09
744.7090874759447,242.53138284481258,3.937824512750635,-169.62762677501593,-173.3434160829103,-1.0752271873757667e-09
745.2090874759447,243.03118063363738,3.9378840166460907,-169.96685160998769,-173.7107484123193,-1.0752271939958135e-09
745.7090874759447,243.5309792564503,3.9379432764699134,-170.30607639966664,-174.07808075388624,-1.0752271673350274e-09
746.2090874759447,244.03077870814397,3.9380022937220596,-170.6453011440347,-174.44541310783967,-1.0752270990535384e-09
746.7090874759447,244.53057898365253,3.938061069890224,-170.98452584307375,-174.81274547440634,-1.0752270233725169e-09
747.2090874759447,245.0303800779514,3.9381196064499644,-171.32375049676574,-175.18007785381099,-1.075227084749716e-09
747.7090874759447,245.53018198605676,3.9381779048648244,-171.66297510509253,-175.5474102462766,-1.075227177710278e-09
748.2090874759447,246.0299847030251,3.9382359665864564,-172.00219966803596,-175.91474265202407,-1.0752267592358647e-09
748.7090874759447,246.5297882239529,3.9382937930547417,-172.34142418557784,-176.28207507127257,-1.0752268544623818e-09
749.2090874759447,247.02959254397615,3.9383513856979095,-172.68064865769995,-176.6494075042395,-1.075227056926798e-09
749.7090874759447,247.52939765827006,3.9384087459326538,-173.01987308438422,-177.01673995114012,-1.0752269564380272e-09
750.2090874759447,248.0292035620485,3.938465875164251,-173.35909746561228,-177.38407241218826,-1.0752269816150056e-09
750.7090874759447,248.5290102505638,3.9385227747866742,-173.69832180136592,-177.7514048875957,-1.0752270595962752e-09
751.2090874759447,249.02881771910623,3.9385794461827057,-174.0375460916269,-178.11873737757261,-1.075226968234994e-09
751.7090874759447,249.52862596300363,3.9386358907240497,-174.37677033637695,-178.48606988232729,-1.0752270265250767e-09
752.2090874759447,250.02843497762115,3.938692109771443,-174.71599453559782,-178.85340240206637,-1.075227019802537e-09
752.7090874759447,250.52824475836073,3.9387481046747648,-175.0552186892712,-179.22073493699477,-1.0752268983585871e-09
753.2090874759447,251.02805530066084,3.938803876773144,-175.39444279737876,-179.58806748731575,-1.0752268234753773e-09
753.7090874759447,251.5278665999961,3.938859427395066,-175.7336668599022,-179.9554000532308,-1.07522691915761e-09
754.2090874759447,252.02767865187684,3.9389147578584787,-176.07289087682327,-180.3227326349398,-1.075227046610292e-09
754.7090874759447,252.5274914518489,3.938969869470897,-176.41211484812357,-180.69006523264105,-1.0752271047858544e-09
755.2090874759447,253.02730499549315,3.9390247635295044,-176.75133877378482,-181.0573978465312,-1.075227027513882e-09
755.7090874759447,253.52711927842518,3.9390794413212564,-177.09056265378865,-181.42473047680514,-1.0752268894602638e-09
756.2090874759447,254.026934296295,3.9391339041229805,-177.42978648811675,-181.79206312365642,-1.0752270020572448e-09
756.7090874759447,254.52675004478664,3.939188153201475,-177.76901027675072,-182.15939578727688,-1.0752269995441055e-09
757.2090874759447,255.0265665196179,3.9392421898136085,-178.10823401967235,-182.52672846785677,-1.0752268238315884e-09
757.7090874759447,255.52638371653993,3.9392960152064154,-178.44745771686325,-182.89406116558487,-1.0752270074069587e-09
758.2090874759447,256.02620163133696,3.939349630617193,-178.7866813683051,-183.26139388064837,-1.0752269192528108e-09
758.7090874759447,256.526020259826,3.939403037273597,-179.12590497397957,-183.6287266132331,-1.0752268321397504e-09
759.2090874759447,257.0258395978564,3.9394562363937333,-179.46512853386827,-183.99605936352322,-1.0752268799548175e-09
759.7090874759447,257.52565964130974,3.939509229186252,-179.8043520479529,-184.3633921317015,-1.0752267799144964e-09
760.2090874759447,258.02548038609933,3.9395620168504384,-180.14357551621515,-184.7307249179492,-1.0752269029009034e-09
760.7090874759447,258.52530182817,3.939614600576304,-180.48279893863665,-185.09805772244624,-1.0752268289243403e-09
761.2090874759447,259.0251239634978,3.939666981544675,-180.8220223151992,-185.46539054537095,-1.0752269632967698e-09
761.7090874759447,259.5249467880896,3.9397191609272824,-181.16124564588452,-185.83272338690037,-1.0752271217832916e-09
762.2090874759447,260.02477029798297,3.9397711398868474,-181.5004689306742,-186.20005624721,-1.0752269297064563e-09
762.7090874759447,260.52459448924577,3.9398229195771695,-181.83969216954998,-186.5673891264742,-1.0752271482241693e-09
763.2090874759447,261.02441935797583,3.9398745011432106,-182.1789153624936,-186.93472202486572,-1.0752269191869993e-09
763.7090874759447,261.52424490030074,3.9399258857211805,-182.5181385094868,-187.30205494255605,-1.075227024013894e-09
764.2090874759447,262.02407111237756,3.9399770744386196,-182.85736161051125,-187.66938787971526,-1.07522683787765e-09
764.7090874759447,262.52389799039247,3.940028068414481,-183.19658466554884,-188.03672083651213,-1.0752269020255073e-09
765.2090874759447,263.02372553056057,3.940078868759214,-183.5358076745812,-188.4040538131141,-1.0752268924327444e-09
765.7090874759447,263.52355372912564,3.940129476574843,-183.87503063759016,-188.77138680968747,-1.0752270403100052e-09
766.2090874759447,264.0233825823597,3.940179892955047,-184.21425355455747,-189.13871982639697,-1.0752268332034614e-09
766.7090874759447,264.52321208656303,3.940230118985239,-184.55347642546508,-189.5060528634062,-1.0752265412165853e-09
767.2090874759447,265.02304223806357,3.940280155742646,-184.89269925029467,-189.87338592087758,-1.0752267017035958e-09
767.7090874759447,265.52287303321685,3.9403300042963814,-185.23192202902814,-190.24071899897203,-1.0752265960341342e-09
768.2090874759447,266.0227044684057,3.9403796657075256,-185.5711447616473,-190.6080520978494,-1.0752265622907617e-09
768.7090874759447,266.5225365400401,3.9404291410291994,-185.910367448134,-190.97538521766836,-1.0752268242570918e-09
769.2090874759447,267.0223692445567,3.9404784313066377,-186.24959008847014,-191.34271835858618,-1.0752269963078447e-09
769.7090874759447,267.5222025784188,3.9405275375772653,-186.58881268263758,-191.71005152075915,-1.0752269063651038e-09
770.2090874759447,268.02203653811586,3.9405764608707674,-186.9280352306183,-192.0773847043421,-1.075226720114818e-09
770.7090874759447,268.5218711201635,3.9406252022091635,-187.26725773239414,-192.44471790948893,-1.0752270536239508e-09
771.2090874759447,269.0217063211032,3.940673762606877,-187.6064801879472,-192.81205113635212,-1.075226909455574e-09
771.7090874759447,269.52154213750185,3.9407221430708077,-187.9457025972593,-193.17938438508327,-1.0752267279031308e-09
772.2090874759447,270.02137856595186,3.940770344600399,-188.28492496031248,-193.54671765583262,-1.075226837765765e-09
772.7090874759447,270.52121560307063,3.940818368187708,-188.62414727708878,-193.9140509487493,-1.0752270103903345e-09
773.2090874759447,271.02105324550047,3.9408662148174742,-188.9633695475702,-194.28138426398144,-1.0752268186332192e-09
773.7090874759447,271.52089148990837,3.940913885467186,-189.30259177173878,-194.648717601676,-1.0752269088078988e-09
774.2090874759447,272.0207303329857,3.9409613811071464,-189.6418139495766,-195.01605096197875,-1.0752266312226516e-09
774.7090874759447,272.520569771448,3.9410087027005414,-189.98103608106575,-195.38338434503444,-1.0752265137468504e-09
775.2090874759447,273.0204098020348,3.9410558512035028,-190.3202581661883,-195.7507177509867,-1.0752268539485339e-09
775.7090874759447,273.5202504215095,3.9411028275651736,-190.65948020492644,-196.11805117997815,-1.0752268454269453e-09
776.2090874759447,274.0200916266589,3.9411496327277717,-190.99870219726228,-196.4853846321503,-1.0752266434657101e-09
776.7090874759447,274.5199334142932,3.941196267626653,-191.33792414317804,-196.85271810764362,-1.0752267210978654e-09
777.2090874759447,275.01977578124564,3.9412427331903737,-191.6771460426558,-197.22005160659762,-1.075226881006249e-09
777.7090874759447,275.51961872437255,3.941289030340751,-192.01636789567797,-197.58738512915053,-1.0752267502472654e-09
778.2090874759447,276.0194622405528,3.9413351599929265,-192.35558970222667,-197.95471867543998,-1.0752268957241476e-09
778.7090874759447,276.51930632668774,3.9413811230554234,-192.69481146228415,-198.32205224560212,-1.0752269097331072e-09
779.2090874759447,277.0191509797011,3.941426920430209,-193.03403317583275,-198.68938583977237,-1.0752266569684925e-09
779.7090874759447,277.5189961965388,3.9414725530127512,-193.3732548428549,-199.05671945808515,-1.0752267308502349e-09
780.2090874759447,278.0188419741684,3.94151802169208,-193.71247646333273,-199.4240531006739,-1.0752267362097773e-09
780.7090874759447,278.5186883095794,3.9415633273508424,-194.05169803724868,-199.79138676767093,-1.0752268976285735e-09
781.2090874759447,279.0185351997826,3.9416084708653605,-194.39091956458518,-200.1587204592078,-1.0752268021458904e-09
781.7090874759447,279.5183826418103,3.9416534531056886,-194.73014104532464,-200.52605417541497,-1.0752268400009875e-09
782.2090874759447,280.01823063271587,3.9416982749356686,-195.06936247944947,-200.89338791642203,-1.0752268703943825e-09
782.7090874759447,280.5180791695736,3.9417429372129855,-195.40858386694217,-201.26072168235754,-1.0752267427956713e-09
783.2090874759447,281.0179282494785,3.941787440789222,-195.7478052077852,-201.6280554733493,-1.0752268710490018e-09
783.7090874759447,281.51777786954614,3.9418317865099133,-196.08702650196105,-201.99538928952398,-1.0752265923060082e-09
784.2090874759447,282.0176280269126,3.9418759752145993,-196.42624774945224,-202.36272313100758,-1.0752269353860037e-09
784.7090874759447,282.517478718734,3.941920007736879,-196.76546895024146,-202.73005699792495,-1.0752265653129372e-09
785.2090874759447,283.01732994218673,3.9419638849044616,-197.10469010431123,-203.09739089040022,-1.075226551977468e-09
785.7090874759447,283.5171816944668,3.9420076075392205,-197.44391121164423,-203.46472480855653,-1.075226642909959e-09
786.2090874759447,284.01703397278993,3.9420511764572432,-197.783132272223,-203.83205875251628,-1.0752267582585787e-09
786.7090874759447,284.5168867743915,3.942094592468881,-198.12235328603035,-204.1993927224008,-1.0752265462448097e-09
787.2090874759447,285.01674009652606,3.9421378563788023,-198.4615742530489,-204.56672671833084,-1.0752265971541976e-09
787.7090874759447,285.5165939364674,3.9421809689860394,-198.80079517326132,-204.93406074042602,-1.075226358187879e-09
788.2090874759447,286.01644829150837,3.942223931084039,-199.14001604665054,-205.30139478880517,-1.0752265358474085e-09
788.7090874759447,286.51630315896057,3.9422667434607117,-199.47923687319926,-205.66872886358652,-1.0752264719375531e-09
789.2090874759447,287.01615853615425,3.9423094068984788,-199.81845765289023,-206.03606296488715,-1.0752263355157452e-09
789.7090874759447,287.51601442043824,3.9423519221743204,-200.15767838570636,-206.4033970928235,-1.0752262706693913e-09
790.2090874759447,288.0158708091797,3.942394290059823,-200.49689907163057,-206.77073124751115,-1.075226240807992e-09
790.7090874759447,288.51572769976406,3.9424365113212265,-200.83611971064565,-207.138065429065,-1.0752262730598814e-09
791.2090874759447,289.0155850895946,3.942478586719469,-201.17534030273467,-207.50539963759883,-1.0752263010953483e-09
791.7090874759447,289.51544297609263,3.942520517010234,-201.51456084788038,-207.87273387322603,-1.0752262467097442e-09
792.2090874759447,290.01530135669714,3.942562302943996,-201.85378134606586,-208.24006813605897,-1.075226243552843e-09
792.7090874759447,290.51516022886466,3.942603945266062,-202.19300179727415,-208.6074024262092,-1.075226402827176e-09
793.2090874759447,291.01501959006924,3.9426454447166206,-202.53222220148834,-208.97473674378762,-1.0752261638677546e-09
793.7090874759447,291.5148794378021,3.9426868020307833,-202.8714425586913,-209.3420710889044,-1.0752262648941331e-09
794.2090874759447,292.0147397695717,3.9427280179386273,-203.21066286886634,-209.70940546166884,-1.0752264047275739e-09
794.7090874759447,292.51460058290337,3.94276909316524,-203.5498831319965,-210.07673986218956,-1.0752262833735138e-09
795.2090874759447,293.0144618753393,3.9428100284307614,-203.88910334806494,-210.44407429057435,-1.0752262868130013e-09
795.7090874759447,293.51432364443843,3.9428508244504252,-204.22832351705478,-210.81140874693037,-1.075225887989152e-09
796.2090874759447,294.01418588777625,3.9428914819346015,-204.56754363894933,-211.17874323136408,-1.0752261723854163e-09
796.7090874759447,294.51404860294457,3.9429320015888374,-204.9067637137318,-211.54607774398104,-1.0752262471972998e-09
797.2090874759447,295.0139117875516,3.9429723841138986,-205.24598374138543,-211.91341228488633,-1.0752262900035315e-09
797.7090874759447,295.5137754392216,3.9430126302058093,-205.5852037218935,-212.2807468541842,-1.075226454834593e-09
798.2090874759447,296.01363955559486,3.9430527405558915,-205.9244236552394,-212.6480814519781,-1.0752263054043571e-09
798.7090874759447,296.5135041343275,3.9430927158508067,-206.2636435414064,-213.0154160783709,-1.075226286326451e-09
799.2090874759447,297.01336917309146,3.943132556772593,-206.602863380378,-213.3827507334648,-1.0752261905060598e-09
799.7090874759447,297.5132346695742,3.943172263998705,-206.9420831721375,-213.7500854173613,-1.0752263534690748e-09
800.2090874759447,298.0131006214787,3.9432118382020516,-207.2813029166685,-214.1174201301611,-1.0752262418957557e-09
800.7090874759447,298.51296702652326,3.9432512800510353,-207.62052261395434,-214.48475487196436,-1.0752262221305411e-09
801.2090874759447,299.0128338824413,3.943290590209589,-207.95974226397848,-214.85208964287057,-1.0752261036978758e-09
801.7090874759447,299.5127011869816,3.9433297693372125,-208.29896186672454,-215.21942444297858,-1.0752262672764906e-09
802.2090874759447,300.0125689379076,3.9433688180890107,-208.63818142217605,-215.58675927238644,-1.0752264931193908e-09
802.7090874759447,300.5124371329977,3.94340773711573,-208.97740093031663,-215.95409413119168,-1.0752263357164876e-09
803.2090874759447,301.01230577004515,3.9434465270637937,-209.31662039112985,-216.32142901949126,-1.0752263536930844e-09
803.7090874759447,301.51217484685753,3.9434851885753384,-209.65583980459942,-216.68876393738125,-1.0752263551465154e-09
804.2090874759447,302.0120443612571,3.9435237222882495,-209.99505917070894,-217.05609888495732,-1.0752261450742917e-09
804.7090874759447,302.5119143110804,3.9435621288361964,-210.33427848944217,-217.42343386231445,-1.0752261626427458e-09
805.2090874759447,303.0117846941781,3.9436004088486665,-210.67349776078282,-217.79076886954687,-1.0752263923631287e-09
805.7090874759447,303.5116555084153,3.943638562951001,-211.01271698471464,-218.1581039067485,-1.0752262896585695e-09
806.2090874759447,304.0115267516707,3.943676591764427,-211.35193616122137,-218.5254389740124,-1.0752261418052245e-09
806.7090874759447,304.51139842183727,3.943714495906094,-211.69115529028699,-218.89277407143095,-1.0752262088265687e-09
807.2090874759447,305.01127051682147,3.9437522759891044,-212.0303743718952,-219.26010919909623,-1.075226327155333e-09
807.7090874759447,305.5111430345435,3.9437899326225483,-212.36959340602994,-219.62744435709948,-1.075226132875647e-09
808.2090874759447,306.0110159729373,3.9438274664115363,-212.70881239267518,-219.9947795455315,-1.075226333799288e-09
808.7090874759447,306.5108893299499,3.9438648779572314,-213.04803133181474,-220.36211476448236,-1.0752259641195503e-09
809.2090874759447,307.010763103542,3.9439021678568813,-213.38725022343257,-220.72945001404173,-1.075226265554203e-09
809.7090874759447,307.5106372916873,3.94393933670385,-213.7264690675128,-221.09678529429857,-1.0752259825821656e-09
810.2090874759447,308.01051189237273,3.94397638508765,-214.0656878640393,-221.46412060534135,-1.0752261182808628e-09
810.7090874759447,308.5103869035982,3.944013313593972,-214.40490661299626,-221.83145594725787,-1.075226160594766e-09
811.2090874759447,309.01026232337654,3.9440501228047182,-214.74412531436772,-222.19879132013548,-1.0752263282791357e-09
811.7090874759447,309.51013814973334,3.9440868132980307,-215.0833439681377,-222.56612672406095,-1.0752259327012312e-09
812.2090874759447,310.01001438070693,3.944123385648323,-215.42256257429045,-222.93346215912055,-1.0752257930175504e-09
812.7090874759447,310.5098910143482,3.944159840426309,-215.76178113281003,-223.30079762539987,-1.0752256409808464e-09
813.2090874759447,311.0097680487206,3.944196178199034,-216.1009996436807,-223.66813312298405,-1.0752258059724193e-09
813.7090874759447,311.50964548189995,3.9442323995299033,-216.44021810688668,-224.03546865195767,-1.0752257489313142e-09
814.2090874759447,312.0095233119743,3.944268504978712,-216.77943652241217,-224.40280421240487,-1.0752256101421941e-09
814.7090874759447,312.509401537044,3.944304495101672,-217.11865489024154,-224.7701398044091,-1.0752257573313788e-09
815.2090874759447,313.0092801552215,3.9443403704514437,-217.45787321035905,-225.13747542805342,-1.075225800630235e-09
815.7090874759447,313.50915916463117,3.944376131577162,-217.79709148274895,-225.50481108342038,-1.0752257576700998e-09
816.2090874759447,314.0090385634093,3.944411779024465,-218.13630970739572,-225.87214677059194,-1.0752258706667188e-09
816.7090874759447,314.5089183497041,3.9444473133355213,-218.47552788428374,-226.2394824896495,-1.075225735928418e-09
817.2090874759447,315.00879852167543,3.9444827350490588,-218.81474601339735,-226.6068182406741,-1.0752258044549716e-09
817.7090874759447,315.5086790774948,3.944518044700391,-219.15396409472103,-226.9741540237463,-1.0752255831365866e-09
818.2090874759447,316.0085600153452,3.9445532428214434,-219.4931821282393,-227.34148983894602,-1.0752257917074795e-09
818.7090874759447,316.50844133342116,3.944588329940782,-219.83240011393664,-227.7088256863527,-1.075225771227013e-09
819.2090874759447,317.00832302992853,3.944623306583638,-220.17161805179762,-228.07616156604544,-1.0752257616264678e-09
819.7090874759447,317.5082051030844,3.944658173271936,-220.51083594180665,-228.44349747810273,-1.0752259082500837e-09
820.2090874759447,318.008087551117,3.9446929305243175,-220.8500537839484,-228.8108334226026,-1.0752259822865277e-09
820.7090874759447,318.50797037226585,3.9447275788561686,-221.18927157820755,-229.17816939962265,-1.0752257556955371e-09
821.2090874759447,319.00785356478127,3.944762118779645,-221.52848932456865,-229.54550540923995,-1.075225905000556e-09
821.7090874759447,319.50773712692455,3.944796550803697,-221.8677070230164,-229.91284145153114,-1.0752259647179593e-09
822.2090874759447,320.0076210569679,3.9448308754340946,-222.20692467353553,-230.28017752657232,-1.0752260919861373e-09
822.7090874759447,320.5075053531941,3.944865093173453,-222.5461422761106,-230.64751363443938,-1.0752257564466672e-09
823.2090874759447,321.0073900138969,3.9448992045212554,-222.8853598307266,-231.0148497752074,-1.0752255679285809e-09
823.7090874759447,321.50727503738034,3.94493320997388,-223.2245773373681,-231.38218594895136,-1.0752258352018643e-09
824.2090874759447,322.0071604219591,3.944967110024621,-223.56379479601992,-231.74952215574555,-1.0752258095067309e-09
824.7090874759447,322.50704616595823,3.9450009051637154,-223.90301220666697,-232.11685839566383,-1.0752257880499832e-09
825.2090874759447,323.0069322677132,3.9450345958783646,-224.24222956929407,-232.4841946687797,-1.0752257290898108e-09
825.7090874759447,323.50681872556964,3.9450681826527587,-224.58144688388617,-232.8515309751662,-1.0752258317418282e-09
826.2090874759447,324.0067055378835,3.9451016659681,-224.9206641504281,-233.21886731489596,-1.0752256001653276e-09
826.7090874759447,324.5065927030206,3.9451350463026253,-225.25988136890481,-233.58620368804114,-1.0752257659982205e-09
827.2090874759447,325.00648021935706,3.9451683241316293,-225.5990985393012,-233.95354009467349,-1.0752258773896515e-09
827.7090874759447,325.5063680852788,3.9452014999274865,-225.93831566160236,-234.3208765348643,-1.0752256129541057e-09
828.2090874759447,326.0062562991816,3.9452345741596746,-226.27753273579324,-234.68821300868456,-1.075225768301153e-09
828.7090874759447,326.50614485947114,3.9452675472947956,-226.6167497618589,-235.05554951620474,-1.0752257050453785e-09
829.2090874759447,327.00603376456274,3.945300419796599,-226.95596673978434,-235.42288605749496,-1.0752258330301794e-09
829.7090874759447,327.5059230128814,3.9453331921260015,-227.29518366955466,-235.79022263262485,-1.0752259693928249e-09
830.2090874759447,328.0058126028617,3.9453658647411114,-227.634400551155,-236.15755924166376,-1.0752257079079582e-09
830.7090874759447,328.5057025329476,3.9453984380972473,-227.97361738457053,-236.5248958846804,-1.0752256979618258e-09
831.2090874759447,329.0055928015928,3.945430912646961,-228.31283416978644,-236.89223256174333,-1.0752256791362485e-09
831.7090874759447,329.50548340726004,3.9454632888400583,-228.65205090678785,-237.25956927292063,-1.075225823795498e-09
832.2090874759447,330.00537434842147,3.945495567123619,-228.99126759555995,-237.62690601827995,-1.0752258625242971e-09
832.7090874759447,330.5052656235585,3.945527747942018,-229.33048423608804,-237.99424279788857,-1.0752258441804452e-09
833.2090874759447,331.00515723116166,3.9455598317369454,-229.66970082835738,-238.3615796118134,-1.0752253920737428e-09
833.7090874759447,331.50504916973057,3.945591818947428,-230.00891737235327,-238.72891646012104,-1.0752255714236324e-09
834.2090874759447,332.0049414377739,3.9456237100098477,-230.34813386806098,-239.09625334287762,-1.0752256690267982e-09
834.7090874759447,332.5048340338091,3.945655505357962,-230.6873503154659,-239.4635902601489,-1.075225595887433e-09
835.2090874759447,333.00472695636273,3.945687205422924,-231.02656671455333,-239.83092721200018,-1.0752254560023505e-09
835.7090874759447,333.50462020397,3.9457188106333017,-231.36578306530865,-240.19826419849662,-1.0752255349558977e-09
836.2090874759447,334.00451377517487,3.945750321415097,-231.70499936771733,-240.56560121970284,-1.0752254214159952e-09
836.7090874759447,334.5044076685301,3.9457817381917657,-232.04421562176478,-240.93293827568309,-1.0752251910508853e-09
837.2090874759447,335.004301882597,3.9458130613842353,-232.38343182743654,-241.30027536650127,-1.0752252840527337e-09
837.7090874759447,335.50419641594544,3.9458442914109253,-232.72264798471798,-241.6676124922211,-1.0752250882484755e-09
838.2090874759447,336.0040912671537,3.9458754286877644,-233.0618640935946,-242.03494965290565,-1.0752250227646808e-09
838.7090874759447,336.50398643480855,3.94590647362821,-233.4010801540521,-242.40228684861776,-1.0752250246286895e-09
839.2090874759447,337.0038819175052,3.9459374266432663,-233.74029616607584,-242.76962407942008,-1.075225204932241e-09
839.7090874759447,337.5037777138471,3.9459682881415024,-234.07951212965153,-243.13696134537474,-1.0752250402160621e-09
840.2090874759447,338.00367382244593,3.9459990585290696,-234.41872804476478,-243.50429864654348,-1.0752251629590279e-09
840.7090874759447,338.5035702419215,3.946029738209721,-234.75794391140107,-243.8716359829879,-1.0752252149604375e-09
841.2090874759447,339.00346697090185,3.9460603275848274,-235.09715972954623,-244.23897335476903,-1.0752253602297813e-09
841.7090874759447,339.50336400802297,3.946090827053396,-235.43637549918574,-244.60631076194775,-1.0752251546296585e-09
842.2090874759447,340.0032613519289,3.946121237012086,-235.77559122030544,-244.9736482045845,-1.075225170406529e-09
842.7090874759447,340.50315900127174,3.9461515578552295,-236.11480689289098,-245.3409856827394,-1.075225201341973e-09
843.2090874759447,341.00305695471127,3.946181789974844,-236.4540225169282,-245.70832319647226,-1.07522528784397e-09
843.7090874759447,341.5029552109152,3.9462119337606527,-236.79323809240273,-246.07566074584264,-1.0752250566975262e-09
844.2090874759447,342.0028537685591,3.9462419896000998,-237.13245361930046,-246.4429983309096,-1.0752253415637735e-09
844.7090874759447,342.502752626326,3.9462719578783676,-237.4716690976071,-246.81033595173207,-1.0752251939656775e-09
845.2090874759447,343.00265178290687,3.9463018389783926,-237.81088452730862,-247.1776736083685,-1.0752251830654371e-09
845.7090874759447,343.50255123700015,3.946331633280882,-238.15009990839073,-247.5450113008772,-1.0752251504786074e-09
846.2090874759447,344.00245098731176,3.946361341164331,-238.48931524083935,-247.91234902931598,-1.0752252421902619e-09
846.7090874759447,344.5023510325553,3.9463909630050362,-238.8285305246404,-248.27968679374246,-1.075225288530151e-09
847.2090874759447,345.00225137145156,3.9464204991771137,-239.16774575977985,-248.6470245942138,-1.0752251199567794e-09
847.7090874759447,345.50215200272896,3.9464499500525148,-239.50696094624357,-249.0143624307871,-1.075225156111863e-09
848.2090874759447,346.0020529251231,3.946479316001041,-239.84617608401754,-249.38170030351898,-1.0752252079077e-09
848.7090874759447,346.5019541373769,3.9465085973903595,-240.18539117308768,-249.74903821246585,-1.0752251592572852e-09
849.2090874759447,347.00185563824056,3.9465377945860185,-240.52460621344014,-250.11637615768365,-1.0752251053143756e-09
849.7090874759447,347.50175742647133,3.946566907951463,-240.8638212050608,-250.48371413922825,-1.075225270216276e-09
850.2090874759447,348.0016595008337,3.9465959378480497,-241.20303614793582,-250.85105215715515,-1.075225374036654e-09
850.7090874759447,348.5015618600991,3.9466248846350616,-241.5422510420511,-251.21839021151945,-1.0752252795884262e-09
851.2090874759447,349.00146450304624,3.9466537486697226,-241.88146588739298,-251.58572830237608,-1.0752253242771845e-09
851.7090874759447,349.5013674284605,3.9466825303072137,-242.22068068394742,-251.95306642977962,-1.075225352991218e-09
852.2090874759447,350.0012706351344,3.946711229900686,-242.5598954317006,-252.32040459378445,-1.0752250775888852e-09
852.7090874759447,350.50117412186717,3.9467398478012763,-242.89911013063863,-252.6877427944445,-1.075225266348198e-09
853.2090874759447,351.00107788746493,3.9467683843581205,-243.2383247807476,-253.05508103181364,-1.0752253477119994e-09
853.7090874759447,351.50098193074064,3.946796839918368,-243.57753938201378,-253.42241930594534,-1.0752254745692368e-09
854.2090874759447,352.00088625051393,3.946825214827197,-243.9167539344234,-253.78975761689276,-1.0752252783290442e-09
854.7090874759447,352.5007908456111,3.946853509427826,-244.25596843796276,-254.15709596470876,-1.0752252157132895e-09
855.2090874759447,353.0006957148651,3.946881724061531,-244.59518289261806,-254.5244343494461,-1.075225219906496e-09
855.7090874759447,353.50060085711544,3.9469098590676563,-244.93439729837547,-254.8917727711571,-1.0752252201378608e-09
856.2090874759447,354.0005062712082,3.9469379147836294,-245.2736116552215,-255.25911122989385,-1.075225323922056e-09
856.7090874759447,354.500411955996,3.946965891544975,-245.6128259631423,-255.62644972570823,-1.0752250873323746e-09
857.2090874759447,355.0003179103378,3.946993789685327,-245.95204022212425,-255.99378825865185,-1.075225087789191e-09
857.7090874759447,355.500224133099,3.947021609536443,-246.29125443215366,-256.361126828776,-1.075225049341856e-09
858.2090874759447,356.0001306231514,3.9470493514282174,-246.63046859321696,-256.7284654361317,-1.0752248755027993e-09
858.7090874759447,356.50003737937305,3.9470770156886936,-246.96968270530053,-257.0958040807698,-1.0752250983896271e-09
859.2090874759447,356.99994440064836,3.9471046026440777,-247.30889676839072,-257.46314276274086,-1.0752252557565213e-09
859.7090874759447,357.4998516858679,3.947132112618751,-247.64811078247405,-257.83048148209514,-1.0752250673091382e-09
860.2090874759447,357.99975923392844,3.9471595459352833,-247.9873247475369,-258.19782023888274,-1.0752250907484502e-09
860.7090874759447,358.49966704373287,3.9471869029144444,-248.3265386635657,-258.56515903315346,-1.075225139711467e-09
861.2090874759447,358.9995751141902,3.947214183875218,-248.66575253054702,-258.9324978649567,-1.0752250294814014e-09
861.7090874759447,359.49948344421546,3.947241389134813,-249.00496634846735,-259.2998367343419,-1.0752254355426585e-09
862.2090874759447,359.99939203272976,3.9472685190086763,-249.3441801173132,-259.66717564135814,-1.075225405434195e-09
862.7090874759447,360.4993008786601,3.9472955738105053,-249.68339383707104,-260.03451458605406,-1.0752252814577781e-09
863.2090874759447,360.99920998093944,3.94732255385226,-250.02260750772746,-260.40185356847843,-1.0752253848677322e-09
863.7090874759447,361.49911933850666,3.9473494594441734,-250.36182112926903,-260.76919258867946,-1.075225195236121e-09
864.2090874759447,361.99902895030647,3.947376290894766,-250.70103470168243,-261.1365316467052,-1.075225224055178e-09
864.7090874759447,362.49893881528936,3.9474030485108553,-251.04024822495424,-261.50387074260345,-1.0752253518012602e-09
865.2090874759447,362.99884893241165,3.9474297325975702,-251.37946169907102,-261.87120987642203,-1.0752252591805182e-09
865.7090874759447,363.4987593006353,3.9474563434583594,-251.7186751240195,-262.23854904820826,-1.075225224210782e-09
866.2090874759447,363.99866991892804,3.947482881395005,-252.05788849978637,-262.6058882580092,-1.0752253124676704e-09
866.7090874759447,364.4985807862632,3.9475093467076334,-252.39710182635824,-262.97322750587176,-1.0752250037550115e-09
867.2090874759447,364.99849190161973,3.9475357396947275,-252.73631510372175,-263.34056679184283,-1.075225220785785e-09
867.7090874759447,365.4984032639822,3.947562060653136,-253.07552833186378,-263.70790611596874,-1.0752254295631644e-09
868.2090874759447,365.99831487234064,3.947588309878086,-253.41474151077094,-264.07524547829576,-1.0752251129262246e-09
868.7090874759447,366.49822672569064,3.947614487663194,-253.75395464042998,-264.4425848788699,-1.075225242815835e-09
869.2090874759447,366.99813882303323,3.9476405943004766,-254.09316772082778,-264.8099243177371,-1.0752251047802798e-09
869.7090874759447,367.49805116337484,3.9476666300803616,-254.43238075195094,-265.1772637949429,-1.07522526997861e-09
870.2090874759447,367.9979637457273,3.9476925952916977,-254.77159373378637,-265.5446033105326,-1.0752252101463915e-09
870.7090874759447,368.4978765691078,3.947718490221767,-255.11080666632094,-265.9119428645514,-1.0752253832985795e-09
871.2090874759447,368.99778963253885,3.947744315156294,-255.45001954954128,-266.27928245704425,-1.0752250014400403e-09
871.7090874759447,369.49770293504827,3.9477700703794576,-255.78923238343455,-266.6466220880559,-1.0752251159510454e-09
872.2090874759447,369.997616475669,3.9477957561739,-256.12844516798737,-267.01396175763085,-1.0752251917740397e-09
872.7090874759447,370.4975302534393,3.947821372820739,-256.46765790318665,-267.38130146581346,-1.0752253017394479e-09
873.2090874759447,370.9974442674026,3.9478469205995754,-256.8068705890194,-267.74864121264767,-1.0752251758628184e-09
873.7090874759447,371.49735851660745,3.9478723997885066,-257.14608322547247,-268.11598099817763,-1.075225459014994e-09
874.2090874759447,371.99727300010744,3.947897810664134,-257.48529581253285,-268.48332082244684,-1.0752251281016158e-09
874.7090874759447,372.49718771696126,3.9479231535015744,-257.8245083501873,-268.8506606854989,-1.075225219865798e-09
875.2090874759447,372.9971026662327,3.9479484285744695,-258.16372083842305,-269.218000587377,-1.0752251213571461e-09
875.7090874759447,373.4970178469905,3.9479736361549964,-258.5029332772268,-269.58534052812433,-1.075225110843296e-09
876.2090874759447,373.9969332583084,3.947998776513876,-258.8421456665858,-269.95268050778367,-1.0752251361107852e-09
876.7090874759447,374.496848899265,3.9480238499203844,-259.1813580064869,-270.3200205263979,-1.0752249866599572e-09
877.2090874759447,374.9967647689439,3.9480488566423615,-259.52057029691707,-270.6873605840094,-1.0752250690099905e-09
877.7090874759447,375.49668086643345,3.9480737969462205,-259.85978253786345,-271.0547006806606,-1.0752247807825244e-09
878.2090874759447,375.996597190827,3.9480986710969574,-260.1989947293132,-271.4220408163933,-1.0752248159466135e-09
878.7090874759447,376.49651374122254,3.948123479358162,-260.5382068712532,-271.7893809912497,-1.0752250169425756e-09
879.2090874759447,376.99643051672297,3.948148221992024,-260.87741896367055,-272.1567212052714,-1.0752249333087838e-09
879.7090874759447,377.49634751643583,3.948172899259346,-261.2166310065524,-272.5240614585001,-1.0752250010651217e-09
880.2090874759447,377.9962647394734,3.9481975114195498,-261.5558429998859,-272.89140175097697,-1.07522520101668e-09
880.7090874759447,378.49618218495266,3.948222058730687,-261.89505494365795,-273.2587420827433,-1.0752251533503939e-09
881.2090874759447,378.9960998519952,3.9482465414494468,-262.234266837856,-273.62608245384,-1.075225193733739e-09
881.7090874759447,379.49601773972734,3.948270959831167,-262.573478682467,-273.993422864308,-1.0752250808372493e-09
882.2090874759447,379.99593584727984,3.9482953141298402,-262.91269047747824,-274.36076331418775,-1.0752249923683319e-09
882.7090874759447,380.4958541737881,3.948319604598126,-263.25190222287677,-274.7281038035198,-1.0752250936455116e-09
883.2090874759447,380.995772718392,3.948343831487356,-263.59111391864997,-275.0954443323443,-1.0752251324815927e-09
883.7090874759447,381.495691480236,3.948367995047545,-263.9303255647848,-275.4627849007014,-1.0752252633853353e-09
884.2090874759447,381.99561045846895,3.9483920955273994,-264.2695371612687,-275.830125508631,-1.0752252984968701e-09
884.7090874759447,382.49552965224416,3.9484161331743253,-264.6087487080888,-276.19746615617294,-1.0752252492549482e-09
885.2090874759447,382.99544906071935,3.9484401082344363,-264.94796020523233,-276.5648068433666,-1.0752254459216594e-09
885.7090874759447,383.49536868305665,3.9484640209525628,-265.2871716526866,-276.93214757025146,-1.0752250452211651e-09
886.2090874759447,383.99528851842257,3.9484878715722607,-265.6263830504389,-277.2994883368668,-1.0752252658389505e-09
886.7090874759447,384.4952085659878,3.9485116603358184,-265.9655943984765,-277.66682914325133,-1.075225637560548e-09
887.2090874759447,384.9951288249275,3.9485353874842666,-266.3048056967867,-278.0341699894443,-1.0752255177077548e-09
887.7090874759447,385.49504929442105,3.948559053257385,-266.6440169453567,-278.4015108754843,-1.0752256395935367e-09
888.2090874759447,385.994969973652,3.9485826578937115,-266.9832281441741,-278.7688518014098,-1.075225544138028e-09
888.7090874759447,386.4948908618082,3.9486062016305494,-267.322439293226,-279.1361927672592,-1.0752256305443514e-09
889.2090874759447,386.9948119580816,3.948629684703976,-267.6616503924998,-279.50353377307084,-1.0752255607181498e-09
889.7090874759447,387.4947332616684,3.9486531073488504,-268.0008614419828,-279.8708748188826,-1.0752255964224574e-09
890.2090874759447,387.99465477176886,3.9486764697988206,-268.3400724416625,-280.2382159047324,-1.075225516272472e-09
890.7090874759447,388.49457648758744,3.948699772286332,-268.6792833915263,-280.60555703065796,-1.0752255662793171e-09
891.2090874759447,388.9944984083326,3.948723015042636,-269.01849429156164,-280.97289819669675,-1.0752259205660255e-09
891.7090874759447,389.49442053321695,3.948746198297795,-269.35770514175584,-281.3402394028863,-1.0752257206132537e-09
892.2090874759447,389.99434286145697,3.948769322280693,-269.6969159420963,-281.70758064926383,-1.0752255414965114e-09
892.7090874759447,390.49426539227323,3.9487923872190422,-270.0361266925706,-282.07492193586637,-1.0752257639928028e-09
893.2090874759447,390.99418812489034,3.9488153933393892,-270.37533739316586,-282.442263262731,-1.0752256487418476e-09
893.7090874759447,391.49411105853676,3.9488383408671233,-270.7145480438699,-282.80960462989435,-1.0752255705916173e-09
894.2090874759447,391.99403419244493,3.9488612300264845,-271.05375864467004,-283.1769460373931,-1.0752256693255247e-09
894.7090874759447,392.4939575258512,3.94888406104057,-271.39296919555375,-283.5442874852638,-1.0752257544445975e-09
895.2090874759447,392.9938810579958,3.948906834131342,-271.7321796965086,-283.91162897354263,-1.0752256385814128e-09
895.7090874759447,393.49380478812276,3.948929549519634,-272.07139014752204,-284.2789705022658,-1.075225869548565e-09
896.2090874759447,393.99372871547996,3.9489522074251595,-272.41060054858156,-284.6463120714694,-1.075225726495929e-09
896.7090874759447,394.4936528393191,3.948974808066518,-272.74981089967474,-285.0136536811892,-1.0752256403379583e-09
897.2090874759447,394.99357715889573,3.948997351661202,-273.08902120078915,-285.3809953314611,-1.0752257161658179e-09
897.7090874759447,395.49350167346904,3.949019838425604,-273.42823145191227,-285.74833702232064,-1.0752256487059199e-09
898.2090874759447,395.99342638230195,3.949042268575024,-273.76744165303177,-286.1156787538031,-1.075225538270395e-09
898.7090874759447,396.4933512846612,3.9490646423236764,-274.1066518041352,-286.4830205259438,-1.0752254769510883e-09
899.2090874759447,396.9932763798171,3.9490869598846965,-274.44586190520994,-286.85036233877804,-1.075225646393082e-09
899.7090874759447,397.4932016670437,3.9491092214701466,-274.7850719562439,-287.2177041923407,-1.0752255412357532e-09
900.2090874759447,397.9931271456187,3.9491314272910247,-275.12428195722435,-287.5850460866669,-1.075225818362352e-09
900.7090874759447,398.49305281482333,3.9491535775572686,-275.4634919081392,-287.9523880217911,-1.0752254018500782e-09
901.2090874759447,398.9929786739425,3.9491756724777645,-275.8027018089759,-288.31972999774797,-1.0752255954234068e-09
901.7090874759447,399.49290472226465,3.9491977122603528,-276.1419116597221,-288.687072014572,-1.0752256073773944e-09
902.2090874759447,399.99283095908174,3.9492196971118347,-276.48112146036556,-289.05441407229733,-1.0752255909726341e-09
902.7090874759447,400.49275738368937,3.9492416272379796,-276.8203312108938,-289.4217561709584,-1.0752255075856299e-09
903.2090874759447,400.9926839953865,3.9492635028435297,-277.1595409112946,-289.7890983105892,-1.0752254060407728e-09
903.7090874759447,401.49261079347576,3.9492853241322075,-277.4987505615556,-290.1564404912236,-1.075225596548762e-09
904.2090874759447,401.992537777263,3.9493070913067228,-277.83796016166434,-290.52378271289535,-1.0752254024222338e-09
904.7090874759447,402.4924649460577,3.9493288045687773,-278.17716971160866,-290.89112497563815,-1.0752254799903643e-09
905.2090874759447,402.99239229917265,3.9493504641190724,-278.5163792113762,-291.2584672794855,-1.0752254178115137e-09
905.7090874759447,403.49231983592415,3.9493720701573145,-278.85558866095477,-291.62580962447083,-1.0752253304515909e-09
906.2090874759447,403.9922475556318,3.9493936228822215,-279.194798060332,-291.9931520106274,-1.0752252392592586e-09
906.7090874759447,404.4921754576186,3.9494151224915286,-279.5340074094957,-292.36049443798817,-1.075225412800721e-09
907.2090874759447,404.99210354121084,3.9494365691819953,-279.8732167084336,-292.72783690658633,-1.075225107097804e-09
907.7090874759447,405.4920318057381,3.94945796314941,-280.2124259571334,-293.0951794164547,-1.0752254151968336e-09
908.2090874759447,405.9919602505334,3.9494793045885968,-280.5516351555829,-293.462521967626,-1.0752253448232733e-09
908.7090874759447,406.49188887493284,3.949500593693422,-280.89084430376977,-293.829864560133,-1.075225391990816e-09
909.2090874759447,406.9918176782759,3.9495218306567983,-281.230053401682,-294.19720719400794,-1.0752255498599145e-09
909.7090874759447,407.49174665990523,3.9495430156706925,-281.5692624493072,-294.56454986928344,-1.0752255703455408e-09
910.2090874759447,407.9916758191668,3.94956414892613,-281.90847144663314,-294.93189258599165,-1.0752256817481838e-09
910.7090874759447,408.4916051554097,3.9495852306132013,-282.24768039364784,-295.2992353441647,-1.075225556044196e-09
911.2090874759447,408.9915346679861,3.949606260921067,-282.58688929033883,-295.6665781438346,-1.0752253356462884e-09
911.7090874759447,409.4914643562516,3.9496272400379646,-282.9260981366942,-296.0339209850333,-1.0752256109272985e-09
912.2090874759447,409.9913942195646,3.949648168151213,-283.26530693270155,-296.4012638677926,-1.0752255876988278e-09
912.7090874759447,410.49132425728686,3.949669045447218,-283.6045156783488,-296.7686067921441,-1.0752256939787599e-09
913.2090874759447,410.99125446878315,3.9496898721114797,-283.9437243736238,-297.13594975811935,-1.0752256717249842e-09
913.7090874759447,411.4911848534214,3.9497106483285958,-284.2829330185143,-297.5032927657499,-1.0752257821117065e-09
914.2090874759447,411.9911154105724,3.9497313742822677,-284.6221416130083,-297.8706358150669,-1.075225764568015e-09
914.7090874759447,412.4910461396102,3.9497520501553067,-284.9613501570937,-298.23797890610155,-1.0752255085919217e-09
915.2090874759447,412.9909770399118,3.949772676129639,-285.3005586507583,-298.60532203888494,-1.075225758780372e-09
915.7090874759447,413.4909081108572,3.94979325238631,-285.63976709399,-298.9726652134481,-1.0752255352270585e-09
916.2090874759447,413.99083935182944,3.9498137791054924,-285.9789754867767,-299.3400084298219,-1.0752255679872615e-09
916.7090874759447,414.49077076221437,3.9498342564664877,-286.31818382910615,-299.7073516880371,-1.0752257257269541e-09
917.2090874759447,414.99070234140095,3.9498546846477343,-286.6573921209664,-300.0746949881242,-1.075225535834495e-09
917.7090874759447,415.49063408878106,3.9498750638268114,-286.99660036234536,-300.4420383301138,-1.0752254902666166e-09
918.2090874759447,415.99056600374945,3.949895394180445,-287.33580855323095,-300.80938171403636,-1.0752255211212004e-09
918.7090874759447,416.4904980857038,3.9499156758845113,-287.67501669361116,-301.17672513992204,-1.0752256260897293e-09
919.2090874759447,416.9904303340446,3.949935909114045,-288.0142247834739,-301.5440686078012,-1.0752256015678612e-09
919.7090874759447,417.49036274817536,3.9499560940432406,-288.353432822807,-301.9114121177038,-1.0752254441499467e-09
920.2090874759447,417.9902953275023,3.9499762308454605,-288.6926408115985,-302.2787556696599,-1.0752257295639205e-09
920.7090874759447,418.4902280714345,3.9499963196932377,-289.03184874983634,-302.64609926369945,-1.0752257905167284e-09
921.2090874759447,418.9901609793839,3.950016360758282,-289.37105663750845,-303.01344289985207,-1.075225743215525e-09
921.7090874759447,419.4900940507652,3.950036354211485,-289.7102644746029,-303.3807865781475,-1.0752260735592315e-09
922.2090874759447,419.99002728499585,3.950056300222924,-290.04947226110755,-303.7481302986153,-1.0752257505364118e-09
922.7090874759447,420.48996068149614,3.9500761989618676,-290.3886799970104,-304.1154740612849,-1.0752257533270773e-09
923.2090874759447,420.9898942396891,3.950096050596781,-290.72788768229947,-304.48281786618577,-1.0752257985209602e-09
923.7090874759447,421.4898279590004,3.9501158552953286,-291.06709531696276,-304.85016171334706,-1.0752257915508105e-09
924.2090874759447,421.98976183885856,3.950135613224382,-291.4063029009883,-305.217505602798,-1.0752256980519161e-09
924.7090874759447,422.4896958786947,3.9501553245500216,-291.745510434364,-305.58484953456764,-1.0752256005358874e-09
925.2090874759447,422.98963007794265,3.950174989437543,-292.084717917078,-305.9521935086848,-1.0752257518171865e-09
925.7090874759447,423.4895644360389,3.950194608051462,-292.42392534911824,-306.3195375251786,-1.0752256920526498e-09
926.2090874759447,423.98949895242265,3.9502141805555167,-292.7631327304728,-306.6868815840775,-1.0752255530346712e-09
926.7090874759447,424.48943362653563,3.9502337071126754,-293.10234006112967,-307.05422568541036,-1.0752255157473052e-09
927.2090874759447,424.9893684578223,3.950253187885139,-293.4415473410769,-307.4215698292057,-1.0752255811098524e-09
927.7090874759447,425.4893034457297,3.950272623034346,-293.7807545703026,-307.7889140154919,-1.0752254658209447e-09
928.2090874759447,425.98923858970744,3.950292012720977,-294.1199617487947,-308.15625824429753,-1.0752255061753405e-09
928.7090874759447,426.4891738892076,3.950311357104959,-294.45916887654136,-308.5236025156508,-1.0752254714108179e-09
929.2090874759447,426.9891093436851,3.950330656345471,-294.7983759535305,-308.89094682957983,-1.0752253546348993e-09
929.7090874759447,427.48904495259706,3.950349910600946,-295.1375829797503,-309.25829118611284,-1.0752252543629025e-09
930.2090874759447,427.98898071540344,3.950369120029077,-295.4767899551888,-309.6256355852778,-1.075225262374966e-09
930.7090874759447,428.4889166315665,3.950388284786822,-295.815996879834,-309.99298002710253,-1.0752254639401655e-09
931.2090874759447,428.9888527005511,3.9504074050304054,-296.15520375367424,-310.36032451161475,-1.0752253062601399e-09
931.7090874759447,429.4887889218246,3.9504264809153264,-296.49441057669736,-310.7276690388424,-1.075225192658831e-09
932.2090874759447,429.98872529485675,3.9504455125963593,-296.8336173488916,-311.095013608813,-1.075225198611195e-09
932.7090874759447,430.48866181911984,3.9504645002275605,-297.172824070245,-311.4623582215542,-1.0752255985786455e-09
933.2090874759447,430.9885984940886,3.9504834439622707,-297.5120307407456,-311.8297028770934,-1.0752253346420726e-09
933.7090874759447,431.4885353192401,3.950502343953121,-297.85123736038156,-312.19704757545793,-1.0752253954205739e-09
934.2090874759447,431.98847229405396,3.9505212003520342,-298.19044392914105,-312.56439231667514,-1.075225435454733e-09
934.7090874759447,432.48840941801205,3.9505400133102326,-298.52965044701205,-312.9317371007722,-1.075225118777284e-09
935.2090874759447,432.9883466905988,3.9505587829782387,-298.86885691398277,-313.2990819277763,-1.0752251946893714e-09
935.7090874759447,433.48828411130086,3.9505775095058806,-299.20806333004145,-313.66642679771417,-1.0752252192583174e-09
936.2090874759447,433.9882216796073,3.950596193042297,-299.5472696951761,-314.033771710613,-1.0752250497237865e-09
936.7090874759447,434.4881593950096,3.950614833735939,-299.8864760093749,-314.40111666649955,-1.0752252117687946e-09
937.2090874759447,434.9880972570014,3.950633431734576,-300.2256822726258,-314.76846166540065,-1.0752250774994653e-09
937.7090874759447,435.4880352650789,3.9506519871852985,-300.5648884849172,-315.135806707343,-1.0752252535598032e-09
938.2090874759447,435.9879734187404,3.950670500234523,-300.9040946462371,-315.5031517923532,-1.0752252106365533e-09
938.7090874759447,436.48791171748667,3.9506889710279935,-301.24330075657366,-315.87049692045775,-1.0752253531703324e-09
939.2090874759447,436.9878501608206,3.9507073997107884,-301.5825068159152,-316.237842091683,-1.0752254316794628e-09
939.7090874759447,437.48778874824734,3.9507257864273226,-301.92171282424977,-316.60518730605526,-1.0752252928688137e-09
940.2090874759447,437.9877274792745,3.950744131321352,-302.26091878156546,-316.97253256360096,-1.0752253219272149e-09
940.7090874759447,438.4876663534117,3.9507624345359758,-302.60012468785055,-317.3398778643463,-1.0752254449643188e-09
941.2090874759447,438.98760537017097,3.9507806962136423,-302.93933054309315,-317.7072232083172,-1.0752252370890608e-09
941.7090874759447,439.48754452906644,3.9507989164961512,-303.2785363472815,-318.0745685955399,-1.075225154893093e-09
942.2090874759447,439.98748382961446,3.9508170955246578,-303.6177421004037,-318.44191402604025,-1.0752252914129795e-09
942.7090874759447,440.4874232713336,3.9508352334396766,-303.9569478024479,-318.80925949984413,-1.0752252214095288e-09
943.2090874759447,440.9873628537447,3.9508533303810847,-304.29615345340244,-319.1766050169775,-1.0752253778873875e-09
943.7090874759447,441.4873025763705,3.9508713864881257,-304.63535905325534,-319.5439505774658,-1.0752251697370887e-09
944.2090874759447,441.9872424387362,3.950889401899413,-304.974564601995,-319.9112961813348,-1.0752253534169782e-09
944.7090874759447,442.4871824403689,3.9509073767529337,-305.3137700996095,-320.27864182861015,-1.075225338395815e-09
945.2090874759447,442.987122580798,3.9509253111860523,-305.6529755460869,-320.64598751931726,-1.0752252867571262e-09
945.7090874759447,443.4870628595549,3.950943205335513,-305.99218094141554,-321.0133332534815,-1.0752253521860448e-09
946.2090874759447,443.9870032761732,3.950961059337445,-306.33138628558373,-321.3806790311283,-1.0752252794465391e-09
946.7090874759447,444.4869438301886,3.9509788733273647,-306.67059157857955,-321.7480248522829,-1.0752252963069545e-09
947.2090874759447,444.98688452113873,3.9509966474401788,-307.00979682039133,-322.11537071697046,-1.07522522615315e-09
947.7090874759447,445.4868253485635,3.9510143818101895,-307.34900201100714,-322.4827166252161,-1.0752253641766384e-09
948.2090874759447,445.98676631200476,3.9510320765710962,-307.68820715041534,-322.85006257704504,-1.0752252190363141e-09
948.7090874759447,446.48670741100636,3.9510497318559996,-308.0274122386039,-323.21740857248204,-1.0752251573539116e-09
949.2090874759447,446.9866486451143,3.9510673477974043,-308.3666172755614,-323.58475461155194,-1.0752253783169756e-09
949.7090874759447,447.48659001387654,3.951084924527224,-308.7058222612758,-323.9521006942798,-1.0752250170566194e-09
950.2090874759447,447.98653151684306,3.9511024621767823,-309.0450271957354,-324.3194468206903,-1.0752251773791645e-09
950.7090874759447,448.4864731535659,3.951119960876818,-309.38423207892845,-324.68679299080816,-1.0752252200523537e-09
951.2090874759447,448.986414923599,3.9511374207574868,-309.7234369108433,-325.0541392046579,-1.0752251122868487e-09
951.7090874759447,449.48635682649837,3.951154841948366,-310.06264169146806,-325.421485462264,-1.0752250380221963e-09
952.2090874759447,449.9862988618219,3.9511722245784573,-310.4018464207909,-325.7888317636512,-1.07522488402675e-09
952.7090874759447,450.4862410291296,3.9511895687761887,-310.74105109880026,-326.1561781088438,-1.075225038467187e-09
953.2090874759447,450.98618332798316,3.9512068746694196,-311.0802557254842,-326.5235244978661,-1.0752249530338529e-09
953.7090874759447,451.48612575794647,3.9512241423854424,-311.41946030083113,-326.89087093074244,-1.0752251486653037e-09
954.2090874759447,451.9860683185852,3.951241372050987,-311.75866482482917,-327.258217407497,-1.0752249430665277e-09
954.7090874759447,452.48601100946695,3.9512585637922224,-312.0978692974666,-327.62556392815395,-1.0752249164216466e-09
955.2090874759447,452.9859538301613,3.9512757177347613,-312.4370737187317,-327.99291049273734,-1.0752248060768208e-09
955.7090874759447,453.4858967802396,3.951292834003662,-312.7762780886127,-328.3602571012712,-1.075224898085524e-09
956.2090874759447,453.98583985927525,3.951309912723432,-313.11548240709794,-328.7276037537795,-1.0752251302669389e-09
956.7090874759447,454.48578306684334,3.951326954018031,-313.4546866741756,-329.094950450286,-1.0752249739692526e-09
957.2090874759447,454.985726402521,3.9513439580108742,-313.7938908898339,-329.4622971908147,-1.0752249065545805e-09
957.7090874759447,455.485669865887,3.9513609248248343,-314.1330950540612,-329.8296439753892,-1.0752251248093782e-09
958.2090874759447,455.98561345652223,3.9513778545822453,-314.4722991668457,-330.19699080403325,-1.0752247134728177e-09
958.7090874759447,456.4855571740092,3.9513947474049056,-314.81150322817564,-330.56433767677055,-1.0752249086312598e-09
959.2090874759447,456.98550101793234,3.9514116034140803,-315.1507072380394,-330.9316845936246,-1.075224861413278e-09
959.7090874759447,457.48544498787777,3.9514284227305043,-315.48991119642506,-331.2990315546189,-1.0752250768939401e-09
960.2090874759447,457.98538908343363,3.9514452054743856,-315.8291151033211,-331.6663785597769,-1.0752249126318613e-09
960.7090874759447,458.4853333041896,3.951461951765408,-316.16831895871564,-332.033725609122,-1.0752247397387178e-09
961.2090874759447,458.98527764973744,3.951478661722733,-316.5075227625971,-332.4010727026774,-1.0752249759351613e-09
961.7090874759447,459.48522211967037,3.951495335465004,-316.8467265149536,-332.76841984046655,-1.075224923299328e-09
962.2090874759447,459.98516671358357,3.9515119731103496,-317.1859302157735,-333.1357670225125,-1.075224994913877e-09
962.7090874759447,460.48511143107396,3.9515285747763835,-317.52513386504506,-333.5031142488385,-1.0752249273855548e-09
963.2090874759447,460.9850562717402,3.9515451405802104,-317.86433746275657,-333.8704615194676,-1.075225058948779e-09
963.7090874759447,461.48500123518255,3.9515616706384273,-318.20354100889614,-334.23780883442276,-1.0752250061912739e-09
964.2090874759447,461.9849463210032,3.9515781650671262,-318.5427445034523,-334.60515619372705,-1.0752251567138378e-09
964.7090874759447,462.48489152880586,3.9515946239818973,-318.88194794641316,-334.97250359740326,-1.0752251289106247e-09
965.2090874759447,462.98483685819616,3.951611047497831,-319.22115133776725,-335.33985104547423,-1.0752251267322772e-09
965.7090874759447,463.4847823087813,3.951627435729523,-319.56035467750246,-335.7071985379629,-1.0752250600075657e-09
966.2090874759447,463.98472788017017,3.9516437887910723,-319.89955796560736,-336.07454607489177,-1.0752250654339465e-09
966.7090874759447,464.48467357197336,3.9516601067960884,-320.23876120207024,-336.44189365628364,-1.0752250487269104e-09
967.2090874759447,464.98461938380314,3.951676389857692,-320.5779643868793,-336.8092412821611,-1.0752251387803175e-09
967.7090874759447,465.48456531527347,3.9516926380885176,-320.91716752002276,-337.1765889525468,-1.0752250172368619e-09
968.2090874759447,465.9845113659999,3.951708851600716,-321.25637060148904,-337.5439366674632,-1.0752249204655045e-09
968.7090874759447,466.48445753559963,3.9517250305059584,-321.59557363126635,-337.9112844269327,-1.0752249664087844e-09
969.2090874759447,466.98440382369154,3.951741174915436,-321.9347766093429,-338.27863223097773,-1.0752252668291452e-09
969.7090874759447,467.4843502298961,3.951757284939866,-322.27397953570704,-338.6459800796207,-1.0752248626194439e-09
970.2090874759447,467.98429675383545,3.9517733606894914,-322.61318241034706,-339.01332797288376,-1.0752248309661949e-09
970.7090874759447,468.4842433951333,3.951789402274085,-322.9523852332512,-339.3806759107893,-1.0752251638629376e-09
971.2090874759447,468.984190153415,3.951805409802951,-323.2915880044079,-339.7480238933594,-1.0752252283930317e-09
971.7090874759447,469.48413702830743,3.951821383384929,-323.6307907238053,-340.1153719206162,-1.0752250283261283e-09
972.2090874759447,469.9840840194391,3.9518373231283945,-323.9699933914318,-340.48271999258174,-1.0752248715151535e-09
972.7090874759447,470.48403112644,3.951853229141263,-324.30919600727555,-340.8500681092781,-1.0752250534606614e-09
973.2090874759447,470.98397834894195,3.951869101530992,-324.6483985713249,-341.21741627072726,-1.0752251550214728e-09
973.7090874759447,471.483925686578,3.951884940404582,-324.9876010835681,-341.58476447695114,-1.0752249679423818e-09
974.2090874759447,471.983873138983,3.951900745868581,-325.3268035439936,-341.95211272797155,-1.0752250784773317e-09
974.7090874759447,472.4838207057931,3.951916518029086,-325.6660059525895,-342.31946102381033,-1.0752251704371002e-09
975.2090874759447,472.98376838664626,3.9519322569917454,-326.00520830934414,-342.68680936448914,-1.0752250330718512e-09
975.7090874759447,473.4837161811818,3.9519479628617615,-326.3444106142459,-343.05415775003,-1.0752247493542346e-09
976.2090874759447,473.98366408904064,3.9519636357438923,-326.6836128672828,-343.4215061804543,-1.07522506565203e-09
976.7090874759447,474.48361210986513,3.951979275742455,-327.0228150684433,-343.78885465578384,-1.0752250924105268e-09
977.2090874759447,474.98356024329917,3.951994882961326,-327.3620172177158,-344.15620317604,-1.075225093791323e-09
977.7090874759447,475.48350848898815,3.9520104575039467,-327.7012193150884,-344.52355174124455,-1.0752250440040402e-09
978.2090874759447,475.9834568465789,3.952025999473323,-328.04042136054943,-344.89090035141874,-1.0752251930511288e-09
978.7090874759447,476.48340531571984,3.9520415089720284,-328.37962335408724,-345.258249006584,-1.0752249567181236e-09
979.2090874759447,476.98335389606075,3.952056986102207,-328.71882529569,-345.6255977067618,-1.0752250391462245e-09
979.7090874759447,477.4833025872529,3.9520724309655737,-329.0580271853461,-345.99294645197347,-1.0752250388476533e-09
980.2090874759447,477.9832513889491,3.9520878436634193,-329.39722902304374,-346.3602952422401,-1.075225190586228e-09
980.7090874759447,478.4832003008035,3.9521032242966108,-329.7364308087713,-346.72764407758325,-1.0752250995128757e-09
981.2090874759447,478.9831493224718,3.9521185729655937,-330.07563254251687,-347.09499295802385,-1.0752251722546253e-09
981.7090874759447,479.4830984536109,3.952133889770395,-330.41483422426893,-347.4623418835832,-1.0752251904268497e-09
982.2090874759447,479.9830476938795,3.952149174810625,-330.7540358540155,-347.8296908542823,-1.0752250272169242e-09
982.7090874759447,480.48299704293737,3.952164428185479,-331.0932374317451,-348.1970398701423,-1.0752250721501755e-09
983.2090874759447,480.9829465004459,3.9521796499937394,-331.4324389574459,-348.564388931184,-1.075224935296027e-09
983.7090874759447,481.48289606606784,3.95219484033378,-331.77164043110616,-348.93173803742854,-1.0752252488964955e-09
984.2090874759447,481.9828457394673,3.9522099993035646,-332.1108418527142,-349.2990871888969,-1.0752251179898731e-09
984.7090874759447,482.48279552030976,3.952225127000652,-332.4500432222583,-349.6664363856097,-1.0752252500822368e-09
985.2090874759447,482.9827454082622,3.952240223522197,-332.78924453972667,-350.033785627588,-1.0752253410516846e-09
985.7090874759447,483.4826954029928,3.9522552889649516,-333.1284458051077,-350.4011349148523,-1.0752252578457768e-09
986.2090874759447,483.9826455041713,3.9522703234252696,-333.46764701838947,-350.76848424742366,-1.0752253552487426e-09
986.7090874759447,484.48259571146855,3.952285326999106,-333.8068481795603,-351.1358336253226,-1.0752250920925701e-09
987.2090874759447,484.98254602455705,3.95230029978202,-334.1460492886086,-351.5031830485698,-1.0752251366244884e-09
987.7090874759447,485.48249644311045,3.9523152418691776,-334.4852503455224,-351.87053251718595,-1.0752251864149863e-09
988.2090874759447,485.9824469668038,3.952330153355353,-334.82445135029013,-352.23788203119136,-1.0752252600803825e-09
988.7090874759447,486.48239759531356,3.9523450343349316,-335.1636523029,-352.6052315906068,-1.0752252961333152e-09
989.2090874759447,486.98234832831736,3.95235988490191,-335.50285320334024,-352.9725811954528,-1.0752249251230955e-09
989.7090874759447,487.4822991654942,3.9523747051498996,-335.8420540515991,-353.33993084574973,-1.0752251630533608e-09
990.2090874759447,487.9822501065245,3.9523894951721283,-336.18125484766495,-353.7072805415178,-1.075225248267474e-09
990.7090874759447,488.4822011510898,3.9524042550614427,-336.52045559152583,-354.0746302827776,-1.075224967934232e-09
991.2090874759447,488.98215229887313,3.9524189849103086,-336.8596562831702,-354.44198006954934,-1.0752251583078895e-09
991.7090874759447,489.4821035495587,3.9524336848108153,-337.1988569225861,-354.8093299018533,-1.0752251476542146e-09
992.2090874759447,489.98205490283203,3.9524483548546754,-337.5380575097619,-355.1766797797099,-1.0752248709095148e-09
992.7090874759447,490.48200635838,3.9524629951332275,-337.87725804468596,-355.54402970313896,-1.0752250639933194e-09
993.2090874759447,490.9819579158906,3.952477605737439,-338.21645852734633,-355.911379672161,-1.0752249935520776e-09
993.7090874759447,491.4819095750532,3.9524921867579064,-338.5556589577313,-356.27872968679605,-1.0752248788857325e-09
994.2090874759447,491.9818613355584,3.952506738284858,-338.894859335829,-356.6460797470642,-1.0752250016356275e-09
994.7090874759447,492.48181319709806,3.9525212604081563,-339.2340596616279,-357.0134298529854,-1.075224998422258e-09
995.2090874759447,492.98176515936535,3.9525357532172984,-339.5732599351161,-357.3807800045796,-1.0752252147761437e-09
995.7090874759447,493.48171722205456,3.9525502168014195,-339.9124601562818,-357.748130201867,-1.0752252206294793e-09
996.2090874759447,493.9816693848613,3.9525646512492933,-340.2516603251132,-358.11548044486733,-1.0752249418395786e-09
996.7090874759447,494.4816216474823,3.952579056649335,-340.5908604415987,-358.48283073360057,-1.0752251922043903e-09
997.2090874759447,494.98157400961577,3.952593433089602,-340.9300605057264,-358.8501810680865,-1.0752249299547245e-09
997.7090874759447,495.48152647096083,3.9526077806577975,-341.2692605174845,-359.217531448345,-1.0752251595674195e-09
998.2090874759447,495.981479031218,3.9526220994412693,-341.60846047686124,-359.5848818743959,-1.0752249197460416e-09
998.7090874759447,496.4814316900889,3.952636389527015,-341.9476603838448,-359.95223234625894,-1.0752247982233056e-09
999.2090874759447,496.98138444727647,3.9526506510016812,-342.2868602384234,-360.31958286395377,-1.0752250346608672e-09
999.7090874759447,497.48133730248475,3.952664883951566,-342.62606004058534,-360.6869334275,-1.075224948614488e-09
1000.2090874759447,497.9812902554189,3.952679088462622,-342.9652597903188,-361.05428403691724,-1.075224782991134e-09
1000.7090874759447,498.4812433057855,3.952693264620456,-343.3044594876119,-361.42163469222527,-1.0752247714533103e-09
1001.2090874759447,498.981196453292,3.952707412510332,-343.64365913245285,-361.7889853934436,-1.0752248845501698e-09
1001.7090874759447,499.48114969764725,3.9527215322171725,-343.98285872482995,-362.15633614059163,-1.0752247769514233e-09
1002.2090874759447,499.98110303856123,3.952735623825561,-344.3220582647312,-362.52368693368913,-1.0752247377971011e-09
1002.7090874759447,500.48105647574494,3.9527496874197423,-344.661257752145,-362.8910377727552,-1.0752249214853473e-09
1003.2090874759447,500.9810100089107,3.952763723083625,-345.0004571870594,-363.2583886578096,-1.0752249220057897e-09
1003.7090874759447,501.4809636377718,3.952777730900783,-345.3396565694627,-363.62573958887145,-1.0752249550309767e-09
1004.2090874759447,501.9809173620429,3.952791710954458,-345.6788558993431,-363.9930905659602,-1.075225046160078e-09
1004.7090874759447,502.4808711814395,3.9528056633275592,-346.0180551766887,-364.36044158909516,-1.075224978152443e-09
1005.2090874759447,502.98082509567854,3.9528195881026673,-346.35725440148764,-364.7277926582957,-1.0752247178636473e-09
1005.7090874759447,503.48077910447785,3.9528334853620346,-346.6964535737281,-365.095143773581,-1.0752246458109998e-09
1006.2090874759447,503.9807332075565,3.9528473551875867,-347.0356526933983,-365.46249493497044,-1.0752246007455407e-09
1006.7090874759447,504.48068740463464,3.952861197660925,-347.37485176048637,-365.829846142483,-1.0752246577991998e-09
1007.2090874759447,504.98064169543346,3.952875012863327,-347.7140507749805,-366.197197396138,-1.075224772595994e-09
1007.2284475484972,505.0,3.952875547242666,-347.72718460898324,-366.2114212909123,-1.0752247655990603e-09
