tau,r,phi,X,Y,H
0.0,500.0,0.0,500.0,0.0,-1.3072094278061844e-16
0.004812507689854083,499.99518792277104,1.3475151218528173e-07,499.9951879227665,6.737510765795731e-05,-1.307307835989351e-16
0.05293758458839492,499.94706715097755,1.4824093047714379e-06,499.9470671504282,0.0007411261842375285,-1.3082923801685835e-16
0.5341883535738032,499.4658594827354,1.4973269560518462e-05,499.46585942674557,0.007478636950031584,-6.59092110122028e-17
1.0341883535738032,498.96590435855256,2.901728720455555e-05,498.9659041484872,0.014478636950021072,-6.642757025234202e-17
1.5341883535738032,498.4659493323875,4.308947679456741e-05,498.46594886963584,0.02147863694999335,-1.339011176138421e-16
2.0341883535738035,497.9659944045348,5.718992317842647e-05,497.96599359018927,0.02847863694993997,-0.0
2.5341883535738035,497.4660395752904,7.131871154505004e-05,497.46603831014505,0.0354786369498524,-2.040318274421551e-16
3.0341883535738035,496.9660848449512,8.54759274261155e-05,496.96608302950074,0.04247863694972204,1.370955297118138e-16
3.5341883535738035,496.4661302138154,9.966165669778576e-05,496.46612774825394,0.049478636949540154,1.3817947547298858e-16
4.0341883535738035,495.96617568218244,0.00011387598558244522,495.9661724664022,0.056478636949297986,-0.0
4.5341883535738035,495.4662212503529,0.00012811900065044622,495.4662171839431,0.06347863694898664,-1.403766572389599e-16
5.0341883535738035,494.96626691862855,0.00014239078882186606,494.9662619008742,0.07047863694859716,-7.074504476623093e-17
5.5341883535738035,494.4663126873125,0.00015669143736827466,494.46630661719297,0.07747863694812049,-0.0
6.0341883535738035,493.96635855670894,0.000171021033914513,493.96635133289703,0.08447863694754748,-0.0
6.5341883535738035,493.4664045271234,0.00018537966644048234,493.4663960479838,0.0914786369468689,1.4489095276437946e-16
7.0341883535738035,492.9664505988626,0.0001997674232829443,492.9664407624508,0.09847863694607542,-7.302255133139915e-17
7.5341883535738035,492.46649677223445,0.00021418439313733198,492.4664854762955,0.10547863694515762,7.360484491674371e-17
8.034188353573803,491.9665430475482,0.00022863066505957201,491.96653018951537,0.11247863694410597,-0.0
8.534188353573803,491.46658942511436,0.00024310632846791784,491.46657490210794,0.1194786369429109,-0.0
9.034188353573803,490.96663590524463,0.00025761147314479405,490.9666196140705,0.1264786369415627,3.7691783848800166e-16
9.534188353573803,490.466682488252,0.0002721461892386522,490.46666432540064,0.13347863694005152,2.2796180701578315e-16
10.034188353573803,489.96672917445073,0.00028671056726583784,489.9667090360957,0.1404786369383675,2.297893755994987e-16
10.534188353573803,489.4667759641564,0.00030130469811246894,489.46675374615313,0.1474786369365007,2.316335760629984e-16
11.034188353573803,488.9668228576859,0.00031592867303632593,488.9667984555703,0.15447863693444092,-0.0
11.534188353573803,488.4668698553573,0.0003305825836687534,488.46684316434454,0.1614786369321781,7.845751696808798e-17
12.034188353573803,487.96691695749,0.00034526652201657336,487.96688787247325,0.16847863692970177,3.163568922508758e-16
12.534188353573803,487.4669641644049,0.00035998058046401033,487.4669325799538,0.1754786369270017,2.3918010721101723e-16
13.034188353573803,486.9670114764239,0.00037472485177462826,486.96697728678345,0.1824786369240673,8.03700139335728e-17
13.534188353573803,486.4670588938705,0.00038949942909327943,486.4670219929596,0.189478636920888,8.101921725946588e-17
14.034188353573803,485.9671064170694,0.0004043044059480653,485.9670666984796,0.19647863691745313,8.167437266101191e-17
14.534188353573803,485.46715404634654,0.0004191398762523096,485.46711140334054,0.20347863691375181,-0.0
15.034188353573803,484.9672017820294,0.0004340059343065436,484.96715610753995,0.2104786369097732,-8.300278422270597e-17
15.534188353573803,484.4672496244467,0.0004489026748005034,484.467200811075,0.2174786369055062,-8.367616438053131e-17
16.034188353573803,483.96729757392853,0.00046383019281514003,483.9672455139429,0.22447863690093972,-8.435574462653308e-17
16.534188353573803,483.46734563080634,0.00047878858382464175,483.46729021614095,0.23147863689606257,-0.0
17.034188353573803,482.96739379541293,0.0004937779436984688,482.9673349176663,0.23847863689086332,-2.5720128355591195e-16
17.534188353573803,482.46744206808256,0.0005087983687034012,482.46737961851625,0.24547863688533056,-0.0
18.034188353573803,481.9674904491508,0.000523849955505599,481.9674243186879,0.2524786368794527,-0.0
18.534188353573803,481.46753893895453,0.000538932801172675,481.4674690181785,0.25947863687321804,8.784890464702675e-17
19.034188353573803,480.96758753783223,0.0005540470031757815,480.96751371698525,0.26647863686661477,8.856705024420146e-17
19.534188353573803,480.4676362461237,0.0005691926593917089,480.46755841510526,0.27347863685963114,2.6787557352646476e-16
20.034188353573803,479.96768506417,0.0005843698681049981,479.96760311253564,0.2804786368522549,3.6009358589022243e-16
20.534188353573803,479.4677339923138,0.0005995787280100656,479.46764780927356,0.2874786368444739,3.6304694382712847e-16
21.034188353573803,478.9677830308992,0.0006148193382133426,478.96769250531605,0.29447863683627606,9.150694691580604e-17
21.534188353573803,478.46783218027167,0.0006300917982354269,478.46773720066034,0.3014786368276489,2.7677730234062463e-16
22.034188353573803,477.96788144077806,0.0006453962080132486,477.9677818953034,0.3084786368185799,3.7207307920132846e-16
22.534188353573803,477.4679308127667,0.000660732667902249,477.4678265892423,0.31547863680905636,4.689226352828751e-16
23.034188353573803,476.96798029658754,0.0006761012786785743,476.96787128247405,0.32247863679906563,3.7823178587927655e-16
23.534188353573803,476.46802989259174,0.0006915021415412813,476.4679159749957,0.3294786367885948,5.720316168720349e-16
24.034188353573803,475.96807960113216,0.000706935358114559,475.9679606668044,0.33647863677763096,4.806328585842676e-16
24.534188353573803,475.468129422563,0.0007224010304499623,475.46800535789697,0.34347863676616086,5.81531578144337e-16
25.034188353573803,474.96817935723993,0.0007378992610286617,474.9680500482705,0.3504786367541713,3.9089901649451925e-16
25.534188353573803,474.4682294055203,0.0007534301527637053,474.46809473792194,0.35747863674164887,3.941404932016416e-16
26.034188353573803,473.96827956776275,0.0007689938090022967,473.96813942684827,0.36447863672858005,5.961186984722284e-16
26.534188353573803,473.4683298443275,0.0007845903335280868,473.4681841150463,0.37147863671495124,2.0035762713419418e-16
27.034188353573803,472.96838023557643,0.0008002198305634796,472.9682288025131,0.3784786367007487,2.0202459160682468e-16
27.534188353573803,472.46843074187274,0.0008158824047719529,472.46827348924546,0.3854786366859585,3.0556093529952315e-16
28.034188353573803,471.96848136358125,0.0008315781612603946,471.96831817524037,0.39247863667056654,4.1081177755290223e-16
28.534188353573803,471.4685321010683,0.0008473072055814527,471.46836286049455,0.3994786366545586,5.178013878275559e-16
29.034188353573803,470.9685829547019,0.0008630696437359008,470.96840754500494,0.4064786366379205,4.177029180241265e-16
29.534188353573803,470.4686339248515,0.0008788655821750186,470.46845222876846,0.41347863662063766,3.158981582218927e-16
30.034188353573803,469.9686850118881,0.0008946951278029877,469.9684969117818,0.42047863660269563,5.309066706797856e-16
30.534188353573803,469.4687362161844,0.0009105583879793026,469.4685415940419,0.4274786365840796,4.2828664629572777e-16
31.034188353573803,468.9687875381146,0.0009264554705211967,468.96858627554536,0.4344786365647746,5.39852286490316e-16
31.534188353573803,468.46883897805446,0.0009423864837060852,468.46863095628913,0.4414786365447657,4.3551124503975403e-16
32.0341883535738,467.9688905363814,0.0009583515362740216,467.9686756362698,0.44847863652403774,2.1958762893180285e-16
32.5341883535738,467.46894221347446,0.0009743507374301717,467.46872031548423,0.4554786365025754,1.1071855899057976e-16
33.0341883535738,466.96899400971427,0.000990384196847303,466.968764993929,0.46247863648036325,-0.0
33.5341883535738,466.4690459254831,0.0010064520246682892,466.46880967160104,0.4694786364573857,2.2518929143701436e-16
34.0341883535738,465.9690979611649,0.0010225543315086323,465.96885434849685,0.47647863643362687,-0.0
34.5341883535738,465.46915011714515,0.0010386912284590002,465.46889902461317,0.483478636409071,-1.1450682993247175e-16
35.0341883535738,464.9692023938111,0.00105486282708778,464.9689436999466,0.49047863638370187,-0.0
35.5341883535738,464.4692547915516,0.001071069239443649,464.46898837449373,0.49747863635750345,-0.0
36.0341883535738,463.96930731075713,0.0010873105780581619,463.9690330482512,0.5044786363304591,1.1744449262226392e-16
36.5341883535738,463.46935995182,0.0011035869559483545,463.46907772121574,0.5114786363025525,-0.0
37.0341883535738,462.9694127151341,0.001119898486619364,462.96912239338377,0.5184786362737669,-0.0
37.5341883535738,462.46946560109507,0.0011362452840670673,462.46916706475184,0.5254786362440854,-0.0
38.0341883535738,461.9695186101002,0.0011526274627807356,461.96921173531643,0.5324786362134913,-1.8224268099125236e-16
38.5341883535738,461.46957174254845,0.001169045137745706,461.46925640507425,0.5394786361819669,-1.837985264983866e-16
39.0341883535738,460.9696249988407,0.0011854984244460715,460.9693010740217,0.5464786361494952,-6.178981167539827e-17
39.5341883535738,460.4696783793794,0.001201987438867388,460.4693457421552,0.5534786361160586,-1.869555694175957e-16
40.0341883535738,459.96973188456883,0.0012185122974993983,459.96939040947126,0.5604786360816395,-2.5140945927832093e-16
40.5341883535738,459.469785514815,0.0012350731173387754,459.46943507596643,0.56747863604622,-1.2678278460291868e-16
41.0341883535738,458.9698392705256,0.0012516700158918816,458.9694797416369,0.5744786360097821,-1.9180698550357587e-16
41.5341883535738,458.4698931521102,0.001268303111177548,458.46952440647925,0.5814786359723074,1.289704606838739e-16
42.0341883535738,457.9699471599802,0.0012849725217298706,457.9695690704898,0.5884786359337778,-1.951204662874262e-16
42.5341883535738,457.4700012945487,0.001301678366601025,457.4696137336649,0.5954786358941748,-4.59203467749757e-16
43.0341883535738,456.9700555562306,0.0013184207653641,456.96965839600097,0.6024786358534794,-1.9849892768989816e-16
43.5341883535738,456.47010994544263,0.0013351998381159495,456.4697030574942,0.6094786358116729,-4.004259398824134e-16
44.0341883535738,455.97016446260335,0.0013520157054800633,455.96974771814104,0.6164786357687363,-4.0388758841680466e-16
44.5341883535738,455.47021910813316,0.0013688684886094566,455.46979237793767,0.6234786357246501,-4.073831679048294e-16
45.0341883535738,454.97027388245436,0.0013857583091895784,454.9698370368804,0.6304786356793951,-5.478840662610612e-16
45.5341883535738,454.47032878599094,0.0014026852894412404,454.46988169496535,0.6374786356329514,-3.453980080207457e-16
46.0341883535738,453.97038381916894,0.0014196495521235628,453.9699263521889,0.6444786355852995,-6.27115842108703e-16
46.5341883535738,453.47043898241617,0.0014366512205369422,453.46997100854725,0.651478635536419,-7.731391983775771e-16
47.0341883535738,452.97049427616236,0.001453690418526037,452.97001566403645,0.6584786354862902,-4.2538318513175993e-16
47.5341883535738,452.47054970083906,0.0014707672704827744,452.47006031865277,0.6654786354348922,-5.721204103671188e-16
48.0341883535738,451.9706052568798,0.0014878819013493757,451.9701049723922,0.6724786353822046,-6.492510856885927e-16
48.5341883535738,451.4706609447201,0.0015050344366214028,451.47014962525105,0.6794786353282068,-5.821531162777442e-16
49.0341883535738,450.97071676479726,0.0015222250023508247,450.97019427722523,0.6864786352728776,-5.87244075956741e-16
49.5341883535738,450.4707727175506,0.001539453725149104,450.470238928311,0.6934786352161958,-5.923855071100668e-16
50.0341883535738,449.9708288034213,0.001556720732190305,449.9702835785043,0.7004786351581402,-6.72275214425139e-16
50.5341883535738,449.4708850228526,0.0015740261512142213,449.47032822780113,0.707478635098689,-6.781747783781798e-16
51.0341883535738,448.97094137628966,0.0015913701105295247,448.9703728761975,0.7144786350378205,-5.321034687781126e-16
51.5341883535738,448.47099786417965,0.0016087527390169355,448.4704175236894,0.7214786349755126,-7.668340277351063e-16
52.0341883535738,447.9710544869717,0.0016261741661324142,447.97046217027287,0.7284786349117433,-9.283042922760644e-16
52.5341883535738,447.47111124511696,0.0016436345219103736,447.4705068159437,0.7354786348464899,-6.243257617085258e-16
53.0341883535738,446.9711681390686,0.001661133936966913,446.97055146069795,0.7424786347797298,-6.298365237440631e-16
53.5341883535738,446.4712251692818,0.0016786725425030752,446.47059610453147,0.7494786347114403,-7.148277254983492e-16
54.0341883535738,445.9712823362138,0.001696250470308123,445.9706407474401,0.7564786346415981,-6.41024074337941e-16
54.5341883535738,445.47133964032383,0.00171386785276284,445.47068538941966,0.7634786345701803,-5.658643394430674e-16
55.0341883535738,444.9713970820733,0.0017315248228428521,444.9707300304661,0.7704786344971629,-4.89327853099805e-16
55.5341883535738,444.47145466192546,0.0017492215141219733,444.47077467057505,0.7774786344225223,-4.936723642701721e-16
56.0341883535738,443.9715123803459,0.0017669580607755713,443.97081930974235,0.7844786343462345,-6.640807937577793e-16
56.5341883535738,443.4715702378022,0.001784734597583959,443.47086394796384,0.7914786342682755,-5.862418769599363e-16
57.0341883535738,442.971628234764,0.0018025512599358056,442.9709085852351,0.7984786341886206,-2.534850938686859e-16
57.5341883535738,442.47168637170313,0.0018204081838315747,442.47095322155195,0.8054786341072453,-3.409950331729445e-16
58.0341883535738,441.9717446490935,0.0018383055058869818,441.97099785691006,0.8124786340241247,-5.16060633127967e-16
58.5341883535738,441.4718030674112,0.0018562433633364781,441.471042491305,0.8194786339392335,-1.7355831795053164e-16
59.0341883535738,440.97186162713444,0.0018742218940367569,440.9710871247325,0.8264786338525464,-2.6266801718306246e-16
59.5341883535738,440.47192032874364,0.0018922412364702837,440.47113175718806,0.8334786337640377,-6.183851375592241e-16
60.0341883535738,439.9719791727213,0.0019103015297488512,439.97117638866735,0.8404786336736816,-5.348005971740933e-16
60.5341883535738,439.47203815955226,0.0019284029136171573,439.4712210191659,0.847478633581452,-4.496709643916298e-16
61.0341883535738,438.9720972897234,0.0019465455284564085,438.9712656486792,0.8544786334873226,-3.629724219621606e-16
61.5341883535738,438.472156563724,0.001964729515287948,438.47131027720286,0.8614786333912665,-4.578013167546708e-16
62.0341883535738,437.9722159820454,0.0019829550157769073,437.9713549047322,0.8684786332932569,-4.619288013676208e-16
62.5341883535738,437.4722755451812,0.002001222172235886,437.4713995312628,0.8754786331932669,-3.7287876500135796e-16
63.0341883535738,436.9723352536274,0.0020195311276286526,436.9714441567901,0.8824786330912686,-3.7624860987040574e-16
63.5341883535738,436.47239510788216,0.0020378820255738737,436.47148878130935,0.8894786329872351,-3.796529652885678e-16
64.0341883535738,435.9724551084459,0.002056275010348867,435.9715334048161,0.8964786328811378,-1.9154611287613611e-16
64.5341883535738,435.47251525582135,0.0020747102268933834,435.47157802730555,0.903478632772949,-0.0
65.0341883535738,434.9725755505135,0.0020931878208134106,434.97162264877306,0.9104786326626397,-9.75192661886138e-17
65.5341883535738,434.4726359930298,0.0021117079383850064,434.47166726921404,0.9174786325501817,-1.9681172872262352e-16
66.0341883535738,433.97269658387995,0.002130270726558157,433.9717118886236,0.9244786324355457,-0.0
66.5341883535738,433.472757323576,0.002148876332960662,433.47175650699705,0.9314786323187026,-4.008262633758548e-16
67.0341883535738,432.97281821263226,0.0021675249059020475,432.9718011243296,0.9384786321996225,1.0112088052515918e-16
67.5341883535738,432.4728792515656,0.002186216594377505,432.4718457406164,0.9454786320782759,-1.020446476533115e-16
68.0341883535738,431.9729404408951,0.0022049515480718576,431.9718903558527,0.9524786319546322,-3.089339289041565e-16
68.5341883535738,431.47300178114244,0.002223729917363555,431.4719349700335,0.9594786318286617,-1.0392097693130192e-16
69.0341883535738,430.97306327283155,0.002242551853328696,430.97197958315405,0.9664786317003331,-3.146212842398458e-16
69.5341883535738,430.4731249164888,0.002261417507745077,430.47202419520926,0.9734786315696156,-2.116728860909649e-16
70.0341883535738,429.97318671264304,0.002280327033096271,429.97206880619433,0.9804786314364777,-1.0680913657393035e-16
70.5341883535738,429.4732486618256,0.002299280582575736,429.47211341610415,0.9874786313008882,-2.1558391642551443e-16
71.0341883535738,428.9733107645703,0.0023182783100909473,428.9721580249338,0.9944786311628149,-1.0878502566474264e-16
71.5341883535738,428.47337302141324,0.0023373203702675657,428.47220263267803,1.0014786310222257,-0.0
72.0341883535738,427.9734354328933,0.0023564069184536275,427.97224723933203,1.0084786308790878,-2.2160475277598138e-16
72.5341883535738,427.4734979995518,0.0023755381107237704,427.4722918448906,1.0154786307333687,1.1182690269733294e-16
73.0341883535738,426.9735607219325,0.0023947141038834848,426.97233644934863,1.0224786305850353,-1.1286216093930918e-16
73.5341883535738,426.4736236005817,0.002413935055473396,426.4723810527009,1.0294786304340537,-1.1390827657917807e-16
74.0341883535738,425.9736866360483,0.002433201123773579,425.9724256549422,1.0364786302803903,-1.1496537670083634e-16
74.5341883535738,425.4737498288838,0.0024525124678078983,425.4724702560673,1.043478630124011,-2.3206718005931254e-16
75.0341883535738,424.9738131796423,0.0024718692473483855,424.97251485607103,1.0504786299648818,-1.1711304695567263e-16
75.5341883535738,424.47387668888047,0.002491271622919641,424.47255945494805,1.057478629802967,-0.0
76.0341883535738,423.9739403571576,0.0025107197558032718,423.97260405269304,1.0644786296382325,2.9826555406091964e-16
76.5341883535738,423.47400418503554,0.002530213808042357,423.4726486493007,1.071478629470642,6.021010434206466e-17
77.0341883535738,422.97406817307893,0.0025497539424459478,422.9726932447656,1.07847862930016,2.430919560483394e-16
77.5341883535738,422.47413232185505,0.002569340322593599,422.47273783908236,1.0854786291267506,3.0670917179574927e-16
78.0341883535738,421.97419663193375,0.00258897311283993,421.9727824322455,1.0924786289503772,6.191671082589661e-17
78.5341883535738,421.47426110388767,0.002608652478319223,421.4728270242495,1.099478628771003,3.1248844886797573e-16
79.0341883535738,420.9743257382922,0.0026283785849500483,420.972871615089,1.1064786285885906,6.308484349524992e-17
79.5341883535738,420.4743905357253,0.002648151599439928,420.4729162047584,1.1134786284031029,1.910347356867117e-16
80.0341883535738,419.97445549676786,0.0026679716892900286,419.97296079325196,1.1204786282145016,2.5711187668459645e-16
80.5341883535738,419.4745206220034,0.002687839022799891,419.4730053805643,1.1274786280227485,2.59536361963385e-16
81.0341883535738,418.9745859120183,0.0027077537690721907,418.97304996668964,1.1344786278278047,6.549668534305813e-17
81.5341883535738,418.4746513674017,0.0027277160980175353,418.47309455162235,1.141478627629632,3.3057915441599685e-16
82.0341883535738,417.97471698874557,0.0027477261803592933,417.97313913535675,1.1484786274281904,2.669664211256282e-16
82.5341883535738,417.47478277664464,0.002767784187638461,417.4731837178871,1.15547862722344,2.0212226321140466e-16
83.0341883535738,416.9748487316966,0.0027878902922185613,416.9732282992075,1.1624786270153413,2.0404007548192663e-16
83.5341883535738,416.47491485450195,0.0028080446672905796,416.4732728793123,1.1694786268038533,1.3731899770942942e-16
84.0341883535738,415.974981145664,0.002828247486877935,415.9733174581955,1.1764786265889353,3.465629559831033e-16
84.5341883535738,415.4750476057891,0.002848498925841487,415.4733620358514,1.1834786263705455,6.997271898697346e-17
85.0341883535738,414.97511423548633,0.0028687991598845782,414.9734066122739,1.190478626148643,7.063996679883774e-17
85.5341883535738,414.4751810353679,0.002889148365558114,414.47345118745716,1.197478625923185,7.131442032708354e-17
86.0341883535738,413.9752480060488,0.0029095467202656794,413.97349576139516,1.2044786256941293,2.87984665618634e-16
86.5341883535738,413.4753151481471,0.002929994402268692,413.47354033408186,1.211478625461433,-7.268529301911714e-17
87.0341883535738,412.9753824622838,0.002950491590691592,412.9735849055112,1.2184786252250521,7.338188932940988e-17
87.5341883535738,412.47544994908293,0.0029710384655270727,412.47362947567706,1.2254786249849436,-7.408604568293774e-17
88.0341883535738,411.9755176091715,0.002991635207641346,411.97367404457333,1.232478624741063,7.479785363287614e-17
88.5341883535738,411.4755854431796,0.003012281998779446,411.4737186121938,1.239478624493366,2.2655221786731927e-16
89.0341883535738,410.97565345174047,0.0030329790215705764,410.97376317853235,1.2464786242418069,-7.62447966694262e-17
89.5341883535738,410.47572163549023,0.0030537264595334886,410.4738077435827,1.253478623986341,2.309403631531293e-16
90.0341883535738,409.97578999506817,0.003074524497081908,409.97385230733846,1.2604786237269217,7.772347565569056e-17
90.5341883535738,409.4758585311168,0.0030953733195299934,409.4738968697934,1.2674786234635032,3.1389983334014546e-16
91.0341883535738,408.9759272442816,0.0031162731130978385,408.9739414309412,1.2744786231960379,1.5846933651278166e-16
91.5341883535738,408.4759961352113,0.0031372240649170167,408.47398599077536,1.2814786229244794,3.2001082368820127e-16
92.0341883535738,407.97606520455776,0.003158226363036161,407.9740305492894,1.2884786226487792,-0.0
92.5341883535738,407.4761344529761,0.0031792801964265907,407.474075106477,1.2954786223688897,1.6312834657726918e-16
93.0341883535738,406.9762038811246,0.003200385754987975,406.9741196623315,1.302478622084762,8.235781084753726e-17
93.5341883535738,406.4762734896648,0.003221543229554041,406.4741642168464,1.309478621796347,8.316019190759909e-17
94.0341883535738,405.97634327926136,0.0032427528118983235,405.9742087700151,1.316478621503595,1.6794284789441488e-16
94.5341883535738,405.4764132505824,0.003264014694739956,405.47425332183093,1.323478621206456,-1.6958323180495026e-16
95.0341883535738,404.97648340429924,0.0032853290717495065,404.97429787228714,1.3304786209048793,-2.5686263456658386e-16
95.5341883535738,404.4765537410865,0.003306696137554855,404.4743424213772,1.337478620598814,-0.0
96.0341883535738,403.97662426162213,0.003328116087747116,403.9743869690941,1.3444786202882084,-8.730706294572448e-17
96.5341883535738,403.47669496658744,0.0033495891188866024,403.4744315154312,1.3514786199730102,-0.0
97.0341883535738,402.97676585666716,0.003371115428508838,402.9744760603816,1.3584786196531673,-8.903089197211678e-17
97.5341883535738,402.47683693254936,0.00339269521513061,402.47452060393846,1.3654786193286264,8.990721548092989e-17
98.0341883535738,401.97690819492556,0.0034143286782560723,401.9745651460948,1.372478618999334,-9.079330413528424e-17
98.5341883535738,401.47697964449065,0.003436016018382887,401.4746096868436,1.379478618665236,-1.8337855868292313e-16
99.0341883535738,400.97705128194303,0.0034577574370084187,400.97465422617785,1.3864786183262772,-1.851905283422208e-16
99.5341883535738,400.47712310798454,0.0034795531366359723,400.4746987640905,1.393478617982403,-0.0
100.0341883535738,399.9771951233206,0.0035014033207810763,399.97474330057446,1.4004786176335573,-1.8887552692908669e-16
100.5341883535738,399.47726732866005,0.003523308193977816,399.4747878356225,1.4074786172796843,-9.537453262532922e-17
101.0341883535738,398.97733972471536,0.0035452679617852126,398.97483236922756,1.4144786169207266,-9.632182085561504e-17
101.5341883535738,398.4774123122025,0.0035672828307936498,398.4748769013822,1.421478616556627,-9.727975993684393e-17
102.0341883535738,397.97748509184106,0.003589353008631351,397.97492143207927,1.428478616187328,-1.9649696694391796e-16
102.5341883535738,397.47755806435424,0.003611478703970902,397.4749659613114,1.4354786158127704,-9.922812691293584e-17
103.0341883535738,396.9776312304689,0.003633660126535828,396.97501048907117,1.4424786154328957,-0.0
103.5341883535738,396.4777045909155,0.003655897487107215,396.4750550153512,1.4494786150476437,1.012207247338987e-16
104.0341883535738,395.9777781464282,0.0036781909975303843,395.975099540144,1.4564786146569546,1.0223395951715528e-16
104.5341883535738,395.47785189774487,0.003700540870721616,395.47514406344203,1.4634786142607674,1.0325867507111313e-16
105.0341883535738,394.9779258456071,0.0037229473206749266,394.97518858523773,1.4704786138590207,2.0859003304395928e-16
105.5341883535738,394.4779999907603,0.0037454105624688946,394.47523310552344,1.4774786134516524,-1.0534313101995664e-16
106.0341883535738,393.9780743339535,0.0037679308122735397,393.97527762429155,1.4844786130386,-0.0
106.5341883535738,393.47814887593967,0.0037905082873572536,393.4753221415344,1.4914786126198,1.074752780637377e-16
107.0341883535738,392.9782236174755,0.003813143206093786,392.9753666572441,1.498478612195189,-0.0
107.5341883535738,392.4782985593216,0.0038358357879692793,392.47541117141276,1.505478611764702,-0.0
108.0341883535738,391.97837370224244,0.0038585862535893637,391.97545568403274,1.512478611328274,3.3229678525718585e-16
108.5341883535738,391.47844904700634,0.0038813948246863,391.47550019509595,1.5194786108858394,1.1188755531875185e-16
109.0341883535738,390.97852459438553,0.0039042617241261813,390.97554470459454,1.5264786104373314,-0.0
109.5341883535738,390.4786003451563,0.003927187175916189,390.47558921252045,1.5334786099826834,-0.0
110.0341883535738,389.97867630009875,0.0039501714052119045,389.9756337188656,1.5404786095218275,-0.0
110.5341883535738,389.4787524599971,0.003973214638324675,389.47567822362186,1.5474786090546946,3.4951703146258307e-16
111.0341883535738,388.97882882563954,0.003996317102729043,388.97572272678104,1.5544786085812166,2.353872357908647e-16
111.5341883535738,388.47890539781827,0.004019479027070224,388.475767228335,1.5614786081013232,-5.944763356191117e-17
112.0341883535738,387.9789821773296,0.004042700641171646,387.97581172827523,1.568478607614944,-0.0
112.5341883535738,387.479059164974,0.004065982176042552,387.4758562265937,1.575478607122008,6.067019970722852e-17
113.0341883535738,386.97913636155596,0.004089323863885654,386.9759007232819,1.582478606622443,-6.129212148359016e-17
113.5341883535738,386.4792137678842,0.0041127259381048475,386.4759452183313,1.5894786061161768,1.2384251606650787e-16
114.0341883535738,385.97929138477156,0.004136188633312993,385.9759897117335,1.5964786056031361,1.2511540543973223e-16
114.5341883535738,385.4793692130351,0.004159712185339749,385.47603420347997,1.6034786050832468,1.264031004799525e-16
115.0341883535738,384.9794472534962,0.004183296831239471,384.97607869356204,1.610478604556434,1.2770579328769011e-16
115.5341883535738,384.47952550698034,0.00420694280929917,384.4761231819712,1.6174786040226226,2.5804735742642275e-16
116.0341883535738,383.9796039743174,0.004230650359046538,383.9761676686985,1.6244786034817353,-0.0
116.5341883535738,383.47968265634154,0.004254419721258028,383.4762121537353,1.6314786029336965,3.951174624790855e-16
117.0341883535738,382.97976155389125,0.004278251137967002,382.97625663707265,1.6384786023784275,3.326762033856835e-16
117.5341883535738,382.47984066780947,0.004302144852471945,382.4763011187018,1.6454786018158505,-0.0
118.0341883535738,381.97991999894344,0.0043261011093447405,381.9763455986138,1.6524786012458852,6.792400641696264e-17
118.5341883535738,381.4799995481449,0.004350120154439009,381.4763900767996,1.6594786006684523,1.3726130532371738e-16
119.0341883535738,380.98007931627,0.004374202234898518,380.9764345532501,1.666478600083471,1.3869123508519643e-16
119.5341883535738,380.48015930417944,0.0043983475991656515,380.4764790279562,1.6734785994908592,-7.006901028958372e-17
120.0341883535738,379.9802395127383,0.004422556496989953,379.97652350090874,1.6804785988905344,-0.0
120.5341883535738,379.4803199428164,0.0044468291794367305,379.4765679720984,1.6874785982824132,7.154152424043816e-17
121.0341883535738,378.98040059528796,0.004471165898895732,378.97661244151595,1.6944785976664114,-1.4458174383453787e-16
121.5341883535738,378.48048147103196,0.004495566909089893,378.47665690915204,1.7014785970424444,1.460982009153936e-16
122.0341883535738,377.9805625709319,0.004520032465084144,377.97670137499716,1.708478596410426,3.6908163629290257e-16
122.5341883535738,377.48064389587597,0.004544562823294298,377.4767458390418,1.7154785957702692,7.459267142878034e-17
123.0341883535738,376.9807254467571,0.004569158241496003,376.9767903012765,1.7224785951218868,3.0151301526583246e-16
123.5341883535738,376.4808072244729,0.00459381897883377,376.4768347616916,1.72947859446519,4.570391822210976e-16
124.0341883535738,375.9808892299259,0.004618545295830065,375.9768792202774,1.7364785938000902,3.07910502002072e-16
124.5341883535738,375.48097146402307,0.004643337454394485,375.4769236770241,1.743478593126496,1.5558333088419657e-16
125.0341883535738,374.9810539276766,0.004668195717832996,374.9769681319221,1.750478592444317,4.71692669697242e-16
125.5341883535738,374.4811366218033,0.004693120350857256,374.47701258496124,1.757478591753461,3.9724546996931116e-16
126.0341883535738,373.9812195473249,0.004718111619594,373.9770570361317,1.764478591053835,4.0146372229710196e-16
126.5341883535738,373.4813027051681,0.004743169791594514,373.47710148542353,1.7714785903453452,5.680257112229673e-16
127.0341883535738,372.9813860962646,0.004768295135844174,372.9771459328266,1.7784785896278965,4.100529347185003e-16
127.5341883535738,372.4814697215509,0.004793487922772069,372.47719037833076,1.7854785889013929,4.1442526288861643e-16
128.0341883535738,371.9815535819688,0.004818748424260696,371.9772348219258,1.792478588165738,5.863904684954151e-16
128.5341883535738,371.4816376784649,0.004844076913655741,371.47727926360136,1.7994785874208334,5.926604034276534e-16
129.0341883535738,370.98172201199094,0.0048694736657759275,370.97732370334717,1.8064785866665813,5.13433869474315e-16
129.5341883535738,370.4818065835039,0.004894938956922956,370.4773681411528,1.8134785859028808,6.054288245693292e-16
130.0341883535738,369.98189139396584,0.004920473064891521,369.9774125770078,1.8204785851296323,3.4967392708571722e-16
130.5341883535738,369.481976444344,0.0049460762689794,369.47745701090145,1.8274785843467332,7.068672896518392e-16
131.0341883535738,368.9820617356109,0.004971748849997641,368.97750144282327,1.8344785835540807,3.5723909276173397e-16
131.5341883535738,368.48214726874426,0.004997491090280816,368.4775458727625,1.8414785827515714,8.124545052964205e-16
132.0341883535738,367.98223304472714,0.005023303273697375,367.97759030070836,1.8484785819391,7.299793398042408e-16
132.5341883535738,367.48231906454794,0.005049185685660066,367.47763472665,1.8554785811165604,7.378721356148469e-16
133.0341883535738,366.9824053292004,0.005075138613136458,366.97767915057653,1.8624785802838464,5.593961004244398e-16
133.5341883535738,366.48249183968363,0.0051011623446595355,366.4777235724769,1.8694785794408486,8.481922328998086e-16
134.0341883535738,365.9825785970023,0.005127257170338389,365.97776799234003,1.876478578587459,5.716012687049141e-16
134.5341883535738,365.4826656021665,0.00515342338186899,365.4778124101548,1.8834785777235665,9.630274305204295e-16
135.0341883535738,364.9827528561917,0.005179661272545055,364.9778568259099,1.8904785768490595,6.814594387401273e-16
135.5341883535738,364.4828403600992,0.005205971137268997,364.4779012395941,1.8974785759638257,7.873029511311572e-16
136.0341883535738,363.9829281149157,0.00523235327256297,363.977945651196,1.9044785750677513,5.969248917107761e-16
136.5341883535738,363.4830161216736,0.005258807976580005,363.47799006070414,1.9114785741607216,6.034522059631184e-16
137.0341883535738,362.9831043814109,0.005285335549115233,362.97803446810696,1.9184785732426204,6.100602530275661e-16
137.5341883535738,362.48319289517144,0.005311936291617205,362.47807887339286,1.92547857231333,6.167501464932537e-16
138.0341883535738,361.98328166400466,0.0053386105071993074,361.97812327655015,1.9324785713727326,3.117615084465925e-16
138.5341883535738,361.4833706889659,0.005365358500651268,361.47816767756694,1.939478570420708,3.1519000599306435e-16
139.0341883535738,360.9834599711163,0.005392180578450757,360.97821207643153,1.9464785694571354,5.311019142030099e-16
139.5341883535738,360.4835495115228,0.005419077048775091,360.4782564731318,1.9534785684818925,3.22175527571049e-16
140.0341883535738,359.9836393112584,0.005446048221513029,359.9783008676559,1.9604785674948562,6.51467487460457e-16
140.5341883535738,359.4837293714019,0.005473094408276663,359.4783452599916,1.967478566495902,5.488940113190293e-16
141.0341883535738,358.9838196930382,0.005500215922413419,358.9783896501267,1.9744785654849035,5.549735598391827e-16
141.5341883535738,358.48391027725813,0.00552741307901815,358.478434038049,1.9814785644617339,5.611292662153441e-16
142.0341883535738,357.98400112515867,0.005554686194945331,357.978478423746,1.9884785634262638,4.538897554731538e-16
142.5341883535738,357.4840922378429,0.0055820355888213605,357.47852280720537,1.9954785623783644,5.736734245054336e-16
143.0341883535738,356.98418361642007,0.00560946158105696,356.9785671884145,2.0024785613179037,4.640512429324234e-16
143.5341883535738,356.4842752620056,0.005636964493859682,356.4786115673608,2.00947856024475,4.105746370120284e-16
144.0341883535738,355.9843671757213,0.005664544651246519,355.9786559440316,2.016478559158768,5.930879818509524e-16
144.5341883535738,355.48445935869495,0.005692202379056625,355.47870031841387,2.023478558059823,4.797788485610571e-16
145.0341883535738,354.984551812061,0.005719938004964139,354.9787446904949,2.0304785569477795,1.2128861975731959e-16
145.5341883535738,354.48464453696016,0.00574775185849112,354.47878906026176,2.0374785558224975,4.2927344651799133e-16
146.0341883535738,353.9847375345395,0.005775644271020588,353.9788334277012,2.044478554683838,2.4805552385278394e-16
146.5341883535738,353.4848308059526,0.005803615575809679,353.4788777928001,2.051478553531661,1.254234814568003e-16
147.0341883535738,352.9849243523596,0.005831666108002914,352.97892215554526,2.0584785523658224,1.268369629176349e-16
147.5341883535738,352.4850181749272,0.005859796204645573,352.4789665159232,2.06547855118618,1.2826845836651637e-16
148.0341883535738,351.9851122748286,0.005888006204697188,351.97901087392063,2.0724785499925873,-0.0
148.5341883535738,351.48520665324384,0.005916296449045155,351.47905522952385,2.079478548784898,6.55932596269843e-17
149.0341883535738,350.9853013113594,0.005944667280518451,350.9790995827192,2.086478547562962,3.316840220167236e-16
149.5341883535738,350.4853962503688,0.005973119043901483,350.479143933493,2.0934785463266308,1.3417976071460418e-16
150.0341883535738,349.9854914714722,0.00600165208594804,349.97918828183145,2.1004785450757524,4.749683660779237e-16
150.5341883535738,349.4855869758766,0.0060302667553953785,349.4792326277205,2.1074785438101733,4.117510373533788e-16
151.0341883535738,348.9856827647959,0.006058963402978419,348.9792769711462,2.11447854252974,3.470383421364168e-16
151.5341883535738,348.48577883945103,0.006087742381444072,348.47932131209427,2.121478541234294,4.914017718599696e-16
152.0341883535738,347.9858752010698,0.006116604045565679,347.9793656505506,2.1284785399236785,5.680245762589703e-16
152.5341883535738,347.48597185088715,0.00614554875215759,347.4794099865008,2.135478538597734,3.5908136254790946e-16
153.0341883535738,346.9860687901451,0.006174576860089855,346.9794543199305,2.142478537256299,3.632000212421199e-16
153.5341883535738,346.4861660200928,0.006203688730303046,346.479498650825,2.14947853589921,6.612697739130375e-16
154.0341883535738,345.98626354198655,0.006232884725823217,345.97954297916965,2.1564785345263027,6.68877050091e-16
154.5341883535738,345.48636135708995,0.006262165211776977,345.47958730494975,2.1634785331374102,5.262314395509108e-16
155.0341883535738,344.9864594666739,0.006291530555406709,344.97963162815034,2.1704785317323645,6.843898971273784e-16
155.5341883535738,344.48655787201676,0.006320981126085912,344.47967594875666,2.177478530310996,6.922983613856903e-16
156.0341883535738,343.98665657440404,0.006350517295334681,343.9797202667533,2.184478528873132,5.44685675131378e-16
156.5341883535738,343.48675557512894,0.006380139436835321,343.4797645821253,2.1914785274185995,5.509986062823377e-16
157.0341883535738,342.9868548754921,0.0064098479264480986,342.9798088948573,2.198478525947223,5.573942641443136e-16
157.5341883535738,342.4869544768017,0.006439643142227128,342.4798532049338,2.2054785244588246,5.638738574750184e-16
158.0341883535738,341.9870543803736,0.006469525464436401,341.9798975123393,2.212478522953226,6.519298451577793e-16
158.5341883535738,341.4871545875313,0.006499495275565956,341.4799418170581,2.2194785214302457,5.770897833212129e-16
159.0341883535738,340.98725509960605,0.006529552960348185,340.97998611907457,2.226478519889701,5.004245418311185e-16
159.5341883535738,340.4873559179369,0.006559698905774291,340.4800304183727,2.2334785183314056,7.59415435361671e-16
160.0341883535738,339.98745704387073,0.006589933501110886,339.9800747149365,2.240478516755174,7.683101302511969e-16
160.5341883535738,339.4875584787624,0.006620257137916738,339.4801190087499,2.247478515160818,6.909534298715835e-16
161.0341883535738,338.9876602239747,0.0066506702100596615,338.98016329979674,2.2544785135481447,5.243030729601478e-16
161.5341883535738,338.4877622808783,0.006681173113733565,338.4802075880605,2.261478511916963,6.188839222928495e-16
162.0341883535738,337.9878646508522,0.006711766247475645,337.98025187352476,2.2684785102670766,6.261766596688427e-16
162.5341883535738,337.4879673352834,0.00674245001218373,337.4802961561729,2.275478508598289,6.335665504133198e-16
163.0341883535738,336.9880703355671,0.006773224811133786,336.98034043598835,2.2824785069104006,7.326343286677739e-16
163.5341883535738,336.48817365310686,0.006804091049997572,336.4803847129541,2.289478505203211,6.48643587881428e-16
164.0341883535738,335.98827728931445,0.006835049136860457,335.98042898705324,2.296478503476516,6.563336920694481e-16
164.5341883535738,335.4883812456101,0.006866099482239393,335.48047325826866,2.3034785017301105,6.64126865409955e-16
165.0341883535738,334.9884855234225,0.00689724249910105,334.9805175265831,2.310478499963786,7.680281692588835e-16
165.5341883535738,334.4885901241889,0.006928478602880114,334.48056179197937,2.3174784981773335,6.800286057284282e-16
166.0341883535738,333.9886950493549,0.0069598082114977495,333.98060605443976,2.3244784963705403,7.86446091106445e-16
166.5341883535738,333.488800300375,0.006991231745380228,333.4806503139468,2.331478494543191,6.963614378077513e-16
167.0341883535738,332.9889058787122,0.00702274962747772,332.9806945704827,2.3384784926950695,5.03352553228261e-16
167.5341883535738,332.4890117858385,0.0070543622832832656,332.4807388240295,2.345478490825956,5.093845797471374e-16
168.0341883535738,331.98911802323454,0.007086070140851906,331.98078307456933,2.3524784889356294,7.216976487439933e-16
168.5341883535738,331.48922459239,0.007117873630819997,331.48082732208394,2.359478487023866,6.260340116907811e-16
169.0341883535738,330.98933149480337,0.007149773186424687,330.9808715665551,2.3664784850904383,5.279759021001776e-16
169.5341883535738,330.4894387319824,0.007181769243523586,330.4809158079644,2.3734784831351194,4.27473818607192e-16
170.0341883535738,329.9895463054437,0.007213862240614597,329.98096004629315,2.380478481157676,5.40795420188243e-16
170.5341883535738,329.48965421671323,0.007246052618855944,329.48100428152276,2.387478479157875,2.1893466462494428e-16
171.0341883535738,328.98976246732616,0.007278340822086367,328.98104851363433,2.394478477135481,3.323804028947154e-16
171.5341883535738,328.4898710588269,0.007310727296845514,328.4810927426089,2.401478475090253,3.3641328795503837e-16
172.0341883535738,327.98997999276935,0.0073432124923945115,327.9811369684272,2.4084784730219506,2.2700098922715116e-16
172.5341883535738,327.4900892707168,0.007375796860736728,327.48118119107016,2.4154784709303296,1.148819454263572e-16
173.0341883535738,326.9901988942421,0.007408480856638724,326.9812254105182,2.422478468815144,5.232708078902371e-16
173.5341883535738,326.49030886492767,0.007441264937651395,326.48126962675184,2.429478466676143,3.531064652998658e-16
174.0341883535738,325.99041918436563,0.007474149564131314,325.98131383975124,2.4364784645130753,3.5742450570813176e-16
174.5341883535738,325.49052985415784,0.007507135199262262,325.4813580494965,2.4434784623256856,4.2210260267302433e-16
175.0341883535738,324.990640875916,0.007540222309076965,324.98140225596774,2.4504784601137155,3.0520046707309966e-16
175.5341883535738,324.49075225126165,0.007573411362479026,324.48144645914465,2.4574784578769053,3.7074042993957075e-16
176.0341883535738,323.9908639818264,0.007606702831265067,323.98149065900685,2.4644784556149912,4.378532555789852e-16
176.5341883535738,323.4909760692519,0.007640097190147063,323.48153485553394,2.4714784533277068,5.065714795391591e-16
177.0341883535738,322.9910885151898,0.0076735949167749005,322.98157904870527,2.4784784510147837,5.128251619081981e-16
177.5341883535738,322.4912013213021,0.007707196491759132,322.4816232384999,2.4854784486759485,4.542703394519473e-16
178.0341883535738,321.99131448926113,0.0077409023986939485,321.98166742489695,2.492478446310927,4.598962005990359e-16
178.5341883535738,321.49142802074937,0.007774713124180365,321.4817116078752,2.49947844391944,6.651440116317281e-16
179.0341883535738,320.99154191745987,0.007808629157849622,320.98175578741336,2.5064784415012067,6.060669311195765e-16
179.5341883535738,320.4916561810963,0.00784265099238681,320.48179996349006,2.513478439055943,4.0907245604752126e-16
180.0341883535738,319.9917708133728,0.007876779123554703,319.98184413608345,2.520478436583361,2.07085501362665e-16
180.5341883535738,319.49188581601425,0.007911014050217836,319.4818883051719,2.5274784340831697,6.989022823979524e-16
181.0341883535738,318.9920011907563,0.007945356274366787,318.9819324707333,2.5344784315550757,3.5382057001506946e-16
181.5341883535738,318.4921169393455,0.0079798063011427,318.48197663274556,2.5414784289987815,2.866013958848354e-16
182.0341883535738,317.99223306353935,0.008014364638862041,317.9820207911863,2.548478426413987,2.1764738306696843e-16
182.5341883535738,317.4923495651063,0.00804903179904158,317.482064946033,2.555478423800388,2.938425923246511e-16
183.0341883535738,316.9924664458259,0.00808380829642361,316.98210909726305,2.5624784211576768,1.4877022303389826e-16
183.5341883535738,316.49258370748913,0.008118694649001413,316.4821532448535,2.5694784184855433,4.519363372531307e-16
184.0341883535738,315.992701351898,0.00815369137804496,315.9821973887814,2.5764784157836735,5.339158342903049e-16
184.5341883535738,315.492819380866,0.008188799008126853,315.4822415290234,2.5834784130517496,3.089529073209201e-16
185.0341883535738,314.9929377962182,0.008224018067148526,314.9822856655561,2.5904784102894505,3.910827367173502e-16
185.5341883535738,314.4930565997911,0.008259349086366679,314.4823297983561,2.597478407496452,4.752532305272178e-16
186.0341883535738,313.99317579343284,0.00829479260041998,313.98237392739935,2.6044784046724243,4.0107711761958705e-16
186.5341883535738,313.4932953790034,0.008330349147356014,313.48241805266196,2.6114784018170365,5.686550103136298e-16
187.0341883535738,312.9934153583746,0.008366019268658485,312.9824621741198,2.6184783989299523,4.113606135938296e-16
187.5341883535738,312.4935357334301,0.008401803509274696,312.4825062917485,2.625478396010833,4.1661368516503025e-16
188.0341883535738,311.99365650606575,0.008437702417643274,311.9825504055235,2.6324783930593347,4.2194256319617995e-16
188.5341883535738,311.4937776781893,0.008473716545722175,311.48259451542003,2.6394783900751095,5.128181606052017e-16
189.0341883535738,310.99389925172096,0.008509846449016948,310.98263862141306,2.6464783870578064,3.462661105675703e-16
189.5341883535738,310.4940212285931,0.008546092686609287,310.4826827234776,2.6534783840070717,6.137548752825053e-16
190.0341883535738,309.99414361075065,0.00858245582118584,309.98272682158813,2.6604783809225445,7.104653706649511e-16
190.5341883535738,309.4942664001509,0.008618936419067318,309.4827709157192,2.667478377803862,9.894884963179478e-16
191.0341883535738,308.99438959876386,0.008655535050237863,308.98281500584494,2.6744783746506577,1.0022707121269136e-15
191.5341883535738,308.4945132085723,0.008692252288374723,308.4828590919395,2.681478371462559,7.383560107638676e-16
192.0341883535738,307.99463723157174,0.008729088710878201,307.9829031739765,2.688478368239192,8.414164967629451e-16
192.5341883535738,307.4947616697707,0.008766044898901907,307.4829472519297,2.6954783649801755,8.523401562226284e-16
193.0341883535738,306.9948865251906,0.008803121437383292,306.98299132577245,2.7024783616851242,8.634240646474782e-16
193.5341883535738,306.49501179986623,0.008840318915074495,306.4830353954779,2.709478358353652,1.069042140889058e-15
194.0341883535738,305.9951374958454,0.008877637924573481,305.983079461019,2.716478354985363,1.0829905260613711e-15
194.5341883535738,305.49526361518946,0.008915079062355493,305.4831235223684,2.7234783515798617,7.979233120297878e-16
195.0341883535738,304.99539015997306,0.008952642928804806,304.9831675794986,2.7304783481367454,1.0104614585498747e-15
195.5341883535738,304.4955171322846,0.008990330128246795,304.48321163238205,2.7374783446556066,1.3308255030733599e-15
196.0341883535738,303.995644534226,0.009028141268980324,303.9832556809906,2.744478341136035,1.0371587255298719e-15
196.5341883535738,303.49577236791316,0.009066076963310453,303.48329972529626,2.7514783375776135,1.0508051015527657e-15
197.0341883535738,302.9959006354757,0.009104137827581462,302.98334376527043,2.7584783339799217,1.0646543553150537e-15
197.5341883535738,302.49602933905743,0.009142324482210211,302.48338780088454,2.765478330342534,9.708388639807022e-16
198.0341883535738,301.9961584808162,0.009180637551719826,301.98343183210966,2.77247832666502,1.2022725062787485e-15
198.5341883535738,301.4962880629241,0.009219077664773721,301.4834758589167,2.779478322946943,9.967079808088423e-16
199.0341883535738,300.99641808756775,0.00925764545420996,300.9835198812762,2.7864783191878635,1.0099334860885221e-15
199.5341883535738,300.49654855694814,0.009296341557075958,300.48356389915864,2.7934783153873353,1.0233572747594637e-15
200.0341883535738,299.99667947328095,0.009335166614663538,299.9836079125342,2.8004783115449072,8.641522170618405e-16
200.5341883535738,299.4968108387965,0.009374121272544323,299.4836519213726,2.807478307660123,1.0508130179590426e-15
201.0341883535738,298.99694265574004,0.009413206180605501,298.9836959256436,2.814478303732522,1.00569335178673e-15
201.5341883535738,298.49707492637185,0.009452421993085934,298.48373992531657,2.821478299761637,8.992520499370306e-16
202.0341883535738,297.99720765296723,0.009491769368612636,297.9837839203606,2.8284782957469963,1.0328147987475327e-15
202.5341883535738,297.4973408378168,0.009531248970237624,297.4838279107446,2.8354782916881214,9.851145487899155e-16
203.0341883535738,296.9974744832265,0.00957086146547513,296.9838718964371,2.842478287584529,1.1231619298795442e-15
203.5341883535738,296.49760859151775,0.0096106075263392,296.48391587740656,2.8494782834357313,1.075057867786252e-15
204.0341883535738,295.99774316502766,0.009650487829381662,295.98395985362095,2.8564782792412338,1.2177539255527428e-15
204.5341883535738,295.497878206109,0.00969050305573049,295.4840038250481,2.8634782750005345,9.743841526819964e-16
205.0341883535738,294.99801371713056,0.009730653891128552,294.98404779165554,2.870478270713128,9.217434003910382e-16
205.5341883535738,294.49814970047703,0.009770941025972755,294.4840917534105,2.8774782663785023,1.000982245649937e-15
206.0341883535738,293.9982861585493,0.009811365155353587,293.98413571028,2.884478261996139,1.0145876905346972e-15
206.5341883535738,293.4984230937646,0.009851926979095059,293.48417966223064,2.891478257565513,1.096962196461724e-15
207.0341883535738,292.9985605085565,0.009892627201795068,292.9842236092289,2.8984782530860955,1.0424289275583103e-15
207.5341883535738,292.4986984053753,0.009933466532866158,292.48426755124086,2.905478248557348,1.0566719391276379e-15
208.0341883535738,291.9988367866879,0.00997444568657671,291.98431148823244,2.9124782439787285,1.0711348062534466e-15
208.5341883535738,291.49897565497804,0.010015565382092554,291.48435542016904,2.9194782393496874,1.0858213116188036e-15
209.0341883535738,290.9991150127466,0.010056826343519005,290.98439934701605,2.926478234669668,1.1007353096836848e-15
209.5341883535738,290.4992548625114,0.010098229299943336,290.4844432687383,2.933478229938108,1.1902727767191188e-15
210.0341883535738,289.9993952068078,0.010139774985477691,289.98448718530045,2.940478225154439,1.1312615696051945e-15
210.5341883535738,289.49953604818836,0.010181464139302439,289.48453109666684,2.947478220318083,9.175055302700825e-16
211.0341883535738,288.99967738922345,0.01022329750570998,288.9845750028015,2.954478215428459,9.301967317363817e-16
211.5341883535738,288.49981923250107,0.010265275834149004,288.4846189036681,2.9614782104849753,1.0216767699401922e-15
212.0341883535738,287.9999615806272,0.010307399879269215,287.98466279923014,2.968478205487037,1.274903382220796e-15
212.5341883535738,287.50010443622574,0.010349670400966514,287.4847066894506,2.975478200434038,1.2118426432905172e-15
213.0341883535738,287.00024780193894,0.01039208816442866,286.9847505742923,2.9824781953253687,1.2287244640542325e-15
213.5341883535738,286.50039168042736,0.010434653940181409,286.4847944537176,2.9894781901604093,9.966975638326117e-16
214.0341883535738,286.0005360743701,0.010477368504135125,285.9848383276887,2.9964781849385345,1.0106318203587352e-15
214.5341883535738,285.50068098646494,0.010520232637631901,285.4848821961673,3.003478179659111,1.1955838310454881e-15
215.0341883535738,285.00082641942856,0.010563247127493154,284.9849260591149,3.010478174321497,1.1257614324236384e-15
215.5341883535738,284.50097237599664,0.010606412766067736,284.48496991649256,3.0174781689250434,9.659563320624673e-16
216.0341883535738,284.001118858924,0.010649730351280546,283.98501376826096,3.0244781634690936,9.795578845565944e-16
216.5341883535738,283.50126587098487,0.010693200686681658,283.4850576143806,3.0314781579529835,9.03068895920691e-16
217.0341883535738,283.001413414973,0.010736824581495967,282.98510145481157,3.0384781523760402,1.0074138704909023e-15
217.5341883535738,282.50156149370184,0.010780602850673365,282.4851452895135,3.045478146737583,8.359167682181485e-16
218.0341883535738,282.0017101100047,0.01082453631493945,281.98518911844576,3.0524781410369224,9.4196937393032e-16
218.5341883535738,281.5018592667349,0.010868625800846769,281.4852329415673,3.059478135273361,9.553533815591059e-16
219.0341883535738,281.0020089667661,0.010912872140826615,280.9852767588368,3.066478129446192,9.689522004749673e-16
219.5341883535738,280.50215921299224,0.010957276173241373,280.4853205702125,3.073478123554702,1.179323608017025e-15
220.0341883535738,280.0023100083279,0.011001838742437427,279.9853643756523,3.080478117598168,1.29585263425367e-15
220.5341883535738,279.5024613557085,0.01104656069879864,279.4854081751136,3.087478111575857,1.112183965560751e-15
221.0341883535738,279.00261325809026,0.011091442898800388,278.9854519685536,3.094478105487028,1.1281309483468356e-15
221.5341883535738,278.5027657184507,0.011136486205064211,278.4854957559291,3.101478099330931,1.352397339499042e-15
222.0341883535738,278.0029187397885,0.011181691486413018,277.98553953719636,3.108478093106807,1.3718597618404125e-15
222.5341883535738,277.50307232512415,0.011227059617926903,277.48558331231135,3.1154780868138867,1.284589433489701e-15
223.0341883535738,277.00322647749954,0.011272591480999575,276.9856270812296,3.122478080451393,1.1945487608119758e-15
223.5341883535738,276.5033811999786,0.011318287963395377,276.48567084390635,3.129478074018537,1.1016679100687232e-15
224.0341883535738,276.0035364956474,0.011364149959306942,275.9857146002962,3.136478067514521,1.2294031807181916e-15
224.5341883535738,275.5036923676143,0.011410178369413469,275.48575835035365,3.1434780609385387,1.020484920130363e-15
225.0341883535738,275.00384881901016,0.011456374100939637,274.9858020940325,3.150478054289772,9.778156203736365e-16
225.5341883535738,274.5040058529886,0.011502738067715157,274.4858458312864,3.1574780475673947,9.920704265350027e-16
226.0341883535738,274.0041634727261,0.011549271190234977,273.9858895620683,3.1644780407705677,9.473505451914268e-16
226.5341883535738,273.50432168142225,0.011595974395720157,273.48593328633086,3.171478033898444,1.1414401007444053e-15
227.0341883535738,273.0044804823001,0.01164284861817939,272.98597700402627,3.178478026950164,1.2800864902726722e-15
227.5341883535738,272.50463987860616,0.011689894798471228,272.4860207151064,3.1854780199248593,1.1133321681079829e-15
228.0341883535738,272.00479987361075,0.011737113884366962,271.98606441952256,3.192478012821649,1.192476606075517e-15
228.5341883535738,271.5049604706081,0.011784506830614225,271.4861081172256,3.199478005639642,9.553078903198028e-16
229.0341883535738,271.0051216729168,0.011832074599001279,270.9861518081659,3.2064779983779355,1.357185174858364e-15
229.5341883535738,270.50528348387974,0.011879818158422022,270.48619549229363,3.2134779910356173,9.181792325857058e-16
230.0341883535738,270.0054459068645,0.011927738484941717,269.9862391695581,3.2204779836117607,9.983487112126163e-16
230.5341883535738,269.5056089452636,0.011975836561863445,269.48628283990837,3.2274779761054297,1.2158138298382092e-15
231.0341883535738,269.0057726024946,0.012024113379795308,268.9863265032931,3.2344779685156753,9.59706031669843e-16
231.5341883535738,268.5059368820004,0.012072569936718373,268.48637015966034,3.241477960841538,8.348705408033403e-16
232.0341883535738,268.0061017872496,0.012121207238055381,267.9864138089577,3.248477953082044,9.179543358598289e-16
232.5341883535738,267.50626732173646,0.012170026296740227,267.4864574511323,3.2554779452362084,1.0033622852400052e-15
233.0341883535738,267.00643348898143,0.012219028133288208,266.9865010861307,3.2624779373030335,9.456650167379301e-16
233.5341883535738,266.50660029253123,0.012268213775867082,266.4865447138991,3.2694779292815106,7.383639307233326e-16
234.0341883535738,266.0067677359591,0.012317584260368906,265.9865883343831,3.2764779211706156,1.0492701656871503e-15
234.5341883535738,265.5069358228651,0.012367140630482694,265.4866319475277,3.283477912969312,9.890171365488384e-16
235.0341883535738,265.0071045568763,0.012416883937767902,264.9866755532776,3.2904779046765515,1.0811901520639992e-15
235.5341883535738,264.50727394164716,0.012466815241728733,264.4867191515768,3.2974778962912707,9.407653764081413e-16
236.0341883535738,264.00744398085965,0.012516935609889299,263.9867627423688,3.3044778878123946,8.754498999684222e-16
236.5341883535738,263.5076146782236,0.012567246117869621,263.48680632559666,3.311477879238833,8.887556539374642e-16
237.0341883535738,263.0077860374769,0.012617747849462513,262.9868499012028,3.3184778705694806,1.066342494223303e-15
237.5341883535738,262.50795806238574,0.012668441896711333,262.4868934691291,3.325477861803222,9.160567158685652e-16
238.0341883535738,262.00813075674506,0.012719329359988618,261.98693702931695,3.3324778529389225,1.1837138149637169e-15
238.5341883535738,261.5083041243786,0.012770411348075638,261.48698058170714,3.339477843975436,9.443067748372643e-16
239.0341883535738,261.00847816913927,0.012821688978242846,260.9870241262399,3.3464778349116,1.1331262431559639e-15
239.5341883535738,260.50865289490946,0.012873163376331256,260.4870676628547,3.353477825746238,8.850387887167835e-16
240.0341883535738,260.0088283056013,0.01292483567683477,259.9871111914908,3.360477816478158,8.98674766508996e-16
240.5341883535738,259.50900440515693,0.01297670702298344,259.4871547120867,3.367477807106152,1.0038028109342846e-15
241.0341883535738,259.00918119754874,0.013028778566827708,258.9871982245801,3.374477797628997,1.0193294320808711e-15
241.5341883535738,258.5093586867798,0.01308105146932361,258.48724172890843,3.381477788045454,1.3174347149233891e-15
242.0341883535738,258.00953687688406,0.013133526900418973,257.9872852250083,3.3884777783542672,1.1467654068116385e-15
242.5341883535738,257.50971577192655,0.013186206039140627,257.4873287128158,3.395477768554165,1.3587100116975905e-15
243.0341883535738,257.0098953760039,0.013239090073682607,256.98737219226626,3.402477758643859,1.2813290642057157e-15
243.5341883535738,256.5100756932446,0.013292180201495413,256.4874156632947,3.4094777486220447,1.3013451452826714e-15
244.0341883535738,256.010256727809,0.013345477629376297,255.9874591258351,3.416477738487399,1.321714335150715e-15
244.5341883535738,255.51043848389017,0.01339898357356062,255.48750257982107,3.423477728238583,1.2391786857302732e-15
245.0341883535738,255.0106209657137,0.013452699259814271,254.98754602518545,3.4304777178742385,1.0488768933739727e-15
245.5341883535738,254.51080417753835,0.013506625923527181,254.4875894618605,3.4374777073929907,1.0653928751704867e-15
246.0341883535738,254.01098812365618,0.013560764809807942,253.9876328897777,3.444477696793447,9.73982291548653e-16
246.5341883535738,253.511172808393,0.013615117173579537,253.487676308868,3.4514776860741954,8.794493812838453e-16
247.0341883535738,253.0113582361087,0.013669684279676207,252.98771971906154,3.4584776752338047,8.933810911569165e-16
247.5341883535738,252.5115444111974,0.013724467402941469,252.48776312028778,3.465477664270826,6.806715215377392e-16
248.0341883535738,252.0117313380881,0.0137794678283273,251.9878065124756,3.4724776531837906,1.0948716308550513e-15
248.5341883535738,251.51191902124478,0.013834686850994494,251.487849895553,3.4794776419712106,1.1123212412738355e-15
249.0341883535738,251.01210746516682,0.013890125776414231,250.98789326944748,3.486477630631578,1.1895630562976498e-15
249.5341883535738,250.51229667438938,0.013945785920470846,250.4879366340856,3.493477619163364,8.460192017558849e-16
250.0341883535738,250.01248665348368,0.014001668609565839,249.9879799893933,3.5004776075650206,1.0437818541687294e-15
250.5341883535738,249.51267740705745,0.014057775180723129,249.48802333529568,3.5074775958349784,9.981674886927084e-16
251.0341883535738,249.0128689397553,0.014114106981695579,248.98806667171723,3.514477583971647,1.0142384542895051e-15
251.5341883535738,248.51306125625894,0.0141706653710728,248.48810999858162,3.5214775719734144,1.030601609648989e-15
252.0341883535738,248.01325436128775,0.014227451718390257,247.9881533158117,3.5284775598386475,1.24362466431636e-15
252.5341883535738,247.51344825959902,0.014284467404239706,247.48819662332963,3.5354775475656908,1.19725684169715e-15
253.0341883535738,247.0136429559884,0.014341713820380953,246.98823992105667,3.5424775351528663,1.3518801043555377e-15
253.5341883535738,246.51383845529023,0.014399192369854985,246.48828320891337,3.5494775225984747,1.2364836093173196e-15
254.0341883535738,246.014034762378,0.014456904467098474,245.9883264868195,3.5564775099007906,9.075723698664465e-16
254.5341883535738,245.5142318821647,0.014514851538059675,245.48836975469385,3.5634774970580674,9.223967320650292e-16
255.0341883535738,245.01442981960324,0.01457303502031575,244.9884130124546,3.570477484068535,1.1538394127132144e-15
255.5341883535738,244.5146285796868,0.014631456363191518,244.48845626001892,3.5774774709303983,1.1727647540629822e-15
256.03418835357377,244.01482816744945,0.014690117027879666,243.98849949730325,3.584477457641838,1.117538076395629e-15
256.53418835357377,243.51502858796616,0.014749018487562457,243.488542724223,3.59147744420101,1.2116742300895985e-15
257.03418835357377,243.01522984635366,0.014808162227534897,242.98858594069293,3.598477430606045,1.2316729996720242e-15
257.53418835357377,242.5154319477706,0.014867549745329467,242.4886291466268,3.6054774168550474,9.390333691371001e-16
258.03418835357377,242.01563489741807,0.014927182550842378,241.98867234193747,3.612477402946096,1.193246671175472e-15
258.53418835357377,241.51583870054003,0.014987062166461385,241.48871552653694,3.619477388877244,1.2130657404943631e-15
259.03418835357377,241.01604336242372,0.015047190127195213,240.98875870033623,3.6264773746465164,1.3976907156878014e-15
259.53418835357377,240.51624888840016,0.01510756798080457,240.48880186324558,3.6334773602519115,1.4210036617706442e-15
260.03418835357377,240.01645528384455,0.01516819728793481,239.98884501517412,3.6404773456913997,1.1897987998307035e-15
260.53418835357377,239.5166625541768,0.015229079622250247,239.48888815603013,3.6474773309629236,1.2097284730831091e-15
261.03418835357377,239.01687070486193,0.015290216570570166,238.98893128572095,3.6544773160643977,1.4057543941756879e-15
261.53418835357377,238.51707974141053,0.015351609733006522,238.48897440415288,3.661477300993706,1.2507266108945948e-15
262.03418835357377,238.01728966937927,0.015413260723103386,237.98901751123128,3.6684772857487045,1.18096749770724e-15
262.53418835357377,237.51750049437143,0.015475171167978148,237.48906060686048,3.6754772703272183,1.4780537555289038e-15
263.03418835357377,237.01771222203732,0.015537342708464498,236.9891036909438,3.6824772547270426,1.1273080962899334e-15
263.53418835357377,236.51792485807474,0.015599776999257227,236.4891467633836,3.6894772389459405,1.0508984304555422e-15
264.03418835357377,236.0181384082296,0.015662475709058855,235.98918982408114,3.6964772229816463,1.0687669900837415e-15
264.53418835357377,235.51835287829633,0.015725440520728138,235.48923287293667,3.7034772068318604,1.0869786050406348e-15
265.03418835357377,235.01856827411845,0.015788673131430446,234.98927590984934,3.7104771904942515,1.306548000036621e-15
265.53418835357377,234.51878460158903,0.015852175252790087,234.48931893471726,3.7174771739664547,1.328907904423678e-15
266.03418835357377,234.01900186665128,0.01591594861104456,233.98936194743743,3.7244771572460715,1.2477229672570939e-15
266.53418835357377,233.51922007529905,0.015979994947200805,233.4894049479058,3.731477140330671,1.374933235122406e-15
267.03418835357377,233.01943923357734,0.016044316017193437,232.9894479360171,3.7384771232177876,1.2910315310600174e-15
267.53418835357377,232.51965934758297,0.016108913592045047,232.489490911665,3.745477105904919,1.2038758805573347e-15
268.03418835357377,232.01988042346497,0.016173789458028547,231.98953387474208,3.752477088389528,1.3360411912916474e-15
268.53418835357377,231.52010246742523,0.016238945416831626,231.48957682513955,3.759477070669041,1.359207115091198e-15
269.03418835357377,231.0203254857191,0.01630438328572335,230.9896197627477,3.7664770527408487,1.3252088033181195e-15
269.53418835357377,230.5205494846559,0.016370104897722903,230.4896626874555,3.7734770346023034,1.3482882456631776e-15
270.03418835357377,230.02077447059952,0.016436112101770543,229.98970559915068,3.780477016250721,1.3718215238173898e-15
270.53418835357377,229.52100044996902,0.016502406762900775,229.48974849771983,3.787476997683376,1.3958185834848143e-15
271.03418835357377,229.02122742923927,0.016568990762417805,228.98979138304824,3.7944769788975057,1.3585378885575065e-15
271.53418835357377,228.52145541494147,0.01663586599807328,228.48983425501999,3.8014769598903073,1.1938980752874292e-15
272.03418835357377,228.02168441366382,0.01670303438424637,227.98987711351782,3.8084769406589367,1.2149224132187907e-15
272.53418835357377,227.52191443205214,0.016770497852126212,227.4899199584233,3.8154769212005086,1.171292947767855e-15
273.03418835357377,227.02214547681052,0.016838258349896777,226.98996278961658,3.8224769015120983,1.1920115683006975e-15
273.53418835357377,226.52237755470188,0.016906317842924158,226.49000560697655,3.8294768815907334,1.280540867604965e-15
274.03418835357377,226.02261067254872,0.016974678313946365,225.99004841038072,3.8364768614334053,1.4404826245899716e-15
274.53418835357377,225.52284483723372,0.017043341763265617,225.4900911997053,3.843476841037054,1.2566872425448237e-15
275.03418835357377,225.02308005570038,0.01711231020894321,224.99013397482503,3.8504768203985806,1.5633654646682998e-15
275.53418835357377,224.52331633495376,0.017181585686996976,224.49017673561337,3.8574767995148376,1.2296658797558963e-15
276.03418835357377,224.02355368206113,0.01725117025160139,223.99021948194226,3.8644767783826324,1.3989734828459357e-15
276.53418835357377,223.52379210415265,0.017321065975290338,223.49026221368229,3.8714767569987254,1.2742066664186524e-15
277.03418835357377,223.02403160842206,0.017391274949162636,222.99030493070256,3.8784767353598295,1.2971565994606611e-15
277.53418835357377,222.52427220212746,0.01746179928309029,222.4903476328707,3.8854767134626074,1.4759347921210646e-15
278.03418835357377,222.02451389259198,0.01753264110592959,221.99039032005288,3.892476691303675,1.5026397561955121e-15
278.53418835357377,221.52475668720447,0.01760380256573502,221.49043299211368,3.899476668879596,1.4493697269970698e-15
279.03418835357377,221.02500059342032,0.017675285829976108,220.99047564891626,3.9064766461868836,1.5576987462156067e-15
279.53418835357377,220.52524561876217,0.017747093085757202,220.49051829032211,3.9134766232220004,1.2521667829808886e-15
280.03418835357377,220.02549177082065,0.017819226540040225,219.99056091619127,3.920476599981354,1.4450365562247428e-15
280.53418835357377,219.5257390572552,0.017891688419870492,219.4906035263821,3.9274765764613,1.2983691504775184e-15
281.03418835357377,219.02598748579481,0.017964480972605595,218.9906461207513,3.934476552658139,1.410334186614354e-15
281.53418835357377,218.52623706423884,0.01803760646614744,218.49068869915408,3.941476528568116,1.795334413935688e-15
282.03418835357377,218.02648780045777,0.018111067189177463,217.99073126144387,3.9484765041874192,1.7370028894932307e-15
282.53418835357377,217.5267397023941,0.018184865451395076,217.49077380747246,3.9554764795121806,1.675982111037423e-15
283.03418835357377,217.0269927780631,0.018259003583759422,216.99081633708988,3.962476454538472,1.6121823664828882e-15
283.53418835357377,216.52724703555364,0.018333483938734456,216.49085885014452,3.9694764292623077,1.6421055190470174e-15
284.03418835357377,216.0275024830291,0.018408308890537434,215.99090134648296,3.9764764036796385,1.771047242657799e-15
284.53418835357377,215.52775912872823,0.01848348083539085,215.49094382594993,3.983476377786359,1.7038476415370141e-15
285.03418835357377,215.02801698096593,0.01855900219177788,214.99098628838854,3.9904763515782973,1.837796059105714e-15
285.53418835357377,214.52827604813422,0.018634875400701387,214.4910287336399,3.997476325051217,1.8722298160546507e-15
286.03418835357377,214.02853633870308,0.018711102925946573,213.99107116154332,4.004476298200821,1.9073919827907773e-15
286.53418835357377,213.5287978612214,0.018787687254347277,213.4911135719362,4.011476271022743,1.7273775396585164e-15
287.03418835357377,213.02906062431788,0.018864630896056046,212.99115596465413,4.018476243512551,1.9799706834031006e-15
287.53418835357377,212.529324636702,0.018941936384818,212.4911983395307,4.025476215665746,1.793264813598936e-15
288.03418835357377,212.02958990716488,0.01901960627824856,211.99124069639748,4.032476187477758,2.055674978815767e-15
288.53418835357377,211.5298564445803,0.01909764315811512,211.49128303508417,4.039476158943945,1.920183751596494e-15
289.03418835357377,211.03012425790573,0.019176049630622694,210.99132535541833,4.046476130059598,1.7195833942314369e-15
289.53418835357377,210.53039335618317,0.019254828326703655,210.49136765722554,4.053476100819931,1.873280952101069e-15
290.03418835357377,210.03066374854026,0.01933398190231158,209.9914099403293,4.0604760712200845,1.7859729508153836e-15
290.53418835357377,209.5309354441913,0.019413513038719295,209.491452204551,4.067476041255125,1.7574797787718617e-15
291.03418835357377,209.03120845243822,0.01949342444282121,208.99149444970988,4.07447601092004,1.535390460225815e-15
291.53418835357377,208.53148278267167,0.019573718847439962,208.49153667562302,4.081475980209738,1.6954156741587396e-15
292.03418835357377,208.0317584443721,0.019654399011637517,207.99157888210536,4.088475949119051,1.794658888214802e-15
292.53418835357377,207.53203544711067,0.019735467721030703,207.49162106896947,4.095475917642727,1.5584089741151434e-15
293.03418835357377,207.03231380055064,0.01981692778811136,206.99166323602577,4.102475885775433,1.5886826104771046e-15
293.53418835357377,206.53259351444817,0.019898782052571083,206.49170538308235,4.10947585351175,1.4787836708983336e-15
294.03418835357377,206.03287459865365,0.019981033381630736,205.991747509945,4.116475820846176,1.794823918758184e-15
294.53418835357377,205.53315706311275,0.02006368467037471,205.4917896164171,4.123475787773121,1.82994854404152e-15
295.03418835357377,205.03344091786758,0.0201467388420901,204.99183170229963,4.130475754286905,1.7165812944897316e-15
295.53418835357377,204.5337261730579,0.02023019884861084,204.49187376739124,4.137475720381758,1.6742396848612059e-15
296.03418835357377,204.03401283892222,0.020314067670666874,203.99191581148798,4.14447568605182,1.7848513023201507e-15
296.53418835357377,203.53430092579913,0.02039834831823848,203.49195783438344,4.151475651291134,1.5035850624868938e-15
297.03418835357377,203.03459044412844,0.0204830438309158,202.9919998358687,4.158475616093652,1.5333780631868914e-15
297.53418835357377,202.53488140445242,0.020568157278263697,202.49204181573225,4.165475580453225,1.6461447958661108e-15
298.03418835357377,202.03517381741713,0.02065369176019202,201.9920837737599,4.172475544363607,1.5110338345217473e-15
298.53418835357377,201.5354676937736,0.020739650407331355,201.4921257097349,4.1794755078184505,1.6268229455085715e-15
299.03418835357377,201.0357630443792,0.02082603638141439,200.9921676234377,4.186475470811307,1.6593834619543188e-15
299.53418835357377,200.53605988019896,0.020912852875662954,200.4922095146461,4.193475433335624,1.7817681456061837e-15
300.03418835357377,200.03635821230688,0.02100010311518086,199.99225138313514,4.200475395384739,1.5449692199046256e-15
300.53418835357377,199.53665805188723,0.02108779035735264,199.49229322867694,4.207475356951885,1.5761274470667743e-15
301.03418835357377,199.03695941023605,0.021175917892248267,198.99233505104075,4.214475318030182,1.7025830681427804e-15
301.53418835357377,198.5372622987625,0.021264489043034,198.49237684999312,4.221475278612641,1.7370955505279982e-15
302.03418835357377,198.03756672899019,0.021353507166389413,197.99241862529738,4.228475238692157,1.6739313215480095e-15
302.53418835357377,197.53787271255874,0.021442975652930758,197.49246037671404,4.235475198261506,1.8085101725827443e-15
303.03418835357377,197.0381802612252,0.02153289792764076,196.99250210400052,4.242475157313348,1.8454531719268246e-15
303.53418835357377,196.5384893868655,0.02162327745030496,196.49254380691116,4.249475115840221,1.778623267417399e-15
304.03418835357377,196.03880010147606,0.021714117715954703,195.99258548519714,4.256475073834541,1.7083707140002086e-15
304.53418835357377,195.53911241717512,0.021805422255316932,195.4926271386065,4.263475031288598,1.7435398720956859e-15
305.03418835357377,195.03942634620455,0.02189719463527086,194.99266876688404,4.270474988194553,1.6683060293781731e-15
305.53418835357377,194.5397419009312,0.021989438459311682,194.49271036977126,4.277474944544436,1.4757856475760506e-15
306.03418835357377,194.04005909384864,0.02208215736802145,193.99275194700627,4.284474900330148,1.5643437663846982e-15
306.53418835357377,193.5403779375787,0.022175355039547207,193.49279349832398,4.291474855543449,1.656029642408629e-15
307.03418835357377,193.04069844487327,0.022269035190086536,192.99283502345568,4.298474810175966,1.3886820406716332e-15
307.53418835357377,192.54102062861574,0.022363201574380685,192.49287652212928,4.305474764219185,1.5410022917627217e-15
308.03418835357377,192.0413445018229,0.022457857986215343,191.99291799406905,4.312474717664445,1.6991778534615833e-15
308.53418835357377,191.54167007764656,0.02255300825892926,191.4929594389958,4.319474670502942,1.477877160822539e-15
309.03418835357377,191.0419973693754,0.022648656265930822,190.99300085662654,4.326474622725722,1.771468536705093e-15
309.53418835357377,190.54232639043664,0.022744805921222768,190.49304224667466,4.333474574323681,1.8759046604717723e-15
310.03418835357377,190.04265715439797,0.02284146117993513,189.9930836088498,4.340474525287557,1.8472409457008913e-15
310.53418835357377,189.54298967496928,0.022938626038866615,189.4931249428576,4.347474475607934,1.6070107978655823e-15
311.03418835357377,189.04332396600458,0.02303630453703455,188.99316624840006,4.354474425275234,1.7839652726943644e-15
311.53418835357377,188.54366004150393,0.02313450075623355,188.49320752517502,4.361474374279714,2.1136067799388667e-15
312.03418835357377,188.04399791561528,0.0232332188216031,187.99324877287643,4.3684743226114655,1.786659339405991e-15
312.53418835357377,187.54433760263652,0.02333246290220416,187.49328999119405,4.3754742702604075,1.7489899069189111e-15
313.03418835357377,187.04467911701744,0.023432237211605013,186.9933311798136,4.382474217216288,2.0973791949368086e-15
313.53418835357377,186.5450224733617,0.023532546008476513,186.49337233841655,4.389474163468676,2.142671441170614e-15
314.03418835357377,186.045367686429,0.02363339359719691,185.99341346668,4.396474109006961,2.5133743020121567e-15
314.53418835357377,185.545714771137,0.023734784328466412,185.4934545642769,4.403474053820348,2.4022726789650715e-15
315.03418835357377,185.0460637425636,0.023836722599931706,184.99349563087557,4.410473997897855,2.0313730053926014e-15
315.53418835357377,184.546414615949,0.023939212856820588,184.49353666613996,4.417473941228306,2.0757222822161325e-15
316.03418835357377,184.04676740669794,0.024042259592586924,183.99357766972938,4.4244738838003315,2.0327828543429835e-15
316.53418835357377,183.5471221303819,0.024145867349566114,183.4936186412986,4.431473825602364,2.077408247766753e-15
317.03418835357377,183.04747880274132,0.02425004071964128,182.9936595804976,4.438473766622628,2.3077605316484844e-15
317.53418835357377,182.54783743968804,0.024354784344920378,182.49370048697156,4.445473706849146,1.792615085290852e-15
318.03418835357377,182.04819805730745,0.024460102918424414,181.99374136036081,4.452473646269726,1.735860422097081e-15
318.53418835357377,181.54856067186097,0.024566001184787033,181.49378220030079,4.459473584871961,1.971548306845349e-15
319.03418835357377,181.0489252997885,0.02467248394096565,180.99382300642174,4.4664735226432235,2.0154358436414674e-15
319.53418835357377,180.54929195771072,0.024779556036964374,180.49386377834892,4.473473459570661,1.854383750101045e-15
320.03418835357377,180.0496606624318,0.02488722237656894,179.99390451570238,4.480473395641192,1.8958957588131263e-15
320.53418835357377,179.55003143094174,0.024995487918093893,179.49394521809685,4.487473330841502,1.7230728490318788e-15
321.03418835357377,179.05040428041906,0.025104357675142252,178.99398588514165,4.494473265158038,1.6517474146036206e-15
321.53418835357377,178.55077922823335,0.025213836717377903,178.49402651644064,4.501473198577001,1.6890383858757362e-15
322.03418835357377,178.051156291948,0.025323930171310977,177.9940671115922,4.508473131084344,1.3242479226303233e-15
322.53418835357377,177.55153548932284,0.02543464322109645,177.4941076701889,4.5154730626657695,1.413199169760374e-15
323.03418835357377,177.051916838317,0.025545981109346253,176.99414819181771,4.5224729933067165,1.3851546295732438e-15
323.53418835357377,176.55230035709155,0.025657949137955126,176.49418867605968,4.529472922992363,1.4783856259848894e-15
324.03418835357377,176.0526860640125,0.025770552668940513,175.99422912248988,4.536472851707613,1.4492333780953303e-15
324.53418835357377,175.55307397765364,0.025883797125296776,175.4942695306774,4.5434727794371,1.2891474162367297e-15
325.03418835357377,175.05346411679946,0.025997687991864,174.99430990018516,4.5504727061651735,1.3847846107913897e-15
325.53418835357377,174.55385650044818,0.02611223081621168,174.4943502305698,4.557472631875897,1.281844353181753e-15
326.03418835357377,174.05425114781474,0.0262274312095376,173.99439052138158,4.5644725565530395,1.1734861001359546e-15
326.53418835357377,173.55464807833397,0.02634329484758223,173.4944307721643,4.57147248018007,1.2007539476688994e-15
327.03418835357377,173.05504731166374,0.026459827471558874,172.99447098245517,4.578472402740155,1.4455731540774362e-15
327.53418835357377,172.5554488676881,0.026577034889099998,172.49451115178468,4.585472324216144,1.1834886794650691e-15
328.03418835357377,172.05585276652062,0.02669492297521998,171.99455127967656,4.592472244590571,1.3626361774637125e-15
328.53418835357377,171.5562590285076,0.026813497673294648,171.49459136564747,4.599472163845645,1.3171918139936632e-15
329.03418835357377,171.05666767423162,0.02693276499605795,170.99463140920713,4.60647208196324,1.5068706432805957e-15
329.53418835357377,170.55707872451478,0.027052731026616105,170.49467140985806,4.613471998924891,1.2989557997846864e-15
330.03418835357377,170.05749220042236,0.027173401919479593,169.9947113670954,4.620471914711787,1.0804375924566563e-15
330.53418835357377,169.55790812326626,0.027294783901613336,169.4947512804069,4.6274718293047625,1.2763201799462068e-15
331.03418835357377,169.05832651460867,0.027416883273505464,168.9947911492727,4.634471742684287,1.1325412991826358e-15
331.53418835357377,168.55874739626574,0.02753970641025506,168.49483097316525,4.641471654830463,1.3380573497710479e-15
332.03418835357377,168.05917079031138,0.02766325976267924,167.9948707515492,4.648471565723014,1.0047998503255326e-15
332.53418835357377,167.559596719081,0.027787549858439994,167.49491048388109,4.655471475341276,1.3096315711145694e-15
333.03418835357377,167.06002520517538,0.027912583303191234,166.99495016960947,4.662471383664192,1.2454596895021455e-15
333.53418835357377,166.56045627146477,0.02803836678174638,166.49498980817452,4.669471290670302,1.2756339908202377e-15
334.03418835357377,166.0608899410927,0.028164907059267028,165.995029399008,4.676471196337731,1.306633717869619e-15
334.53418835357377,165.5613262374803,0.028292210982473042,165.49506894153316,4.6834711006441845,1.2355237317767928e-15
335.03418835357377,165.06176518433023,0.02842028548087461,164.99510843516444,4.690471003566937,1.371210984674392e-15
335.53418835357377,164.56220680563112,0.02854913756802667,164.49514787930738,4.697470905082823,1.404841441079572e-15
336.03418835357377,164.06265112566183,0.028678774342806176,163.99518727335857,4.704470805168227,1.3286798955216677e-15
336.53418835357377,163.5630981689958,0.02880920299071277,163.49522661670522,4.711470703799071,1.4181971870304913e-15
337.03418835357377,163.0635479605056,0.028940430785193257,162.99526590872532,4.718470600950811,1.33704018985402e-15
337.53418835357377,162.56400052536742,0.02907246508899046,162.4953051487871,4.72547049659842,1.1915145799586432e-15
338.03418835357377,162.0644558890658,0.02920531335551696,161.99534433624922,4.732470390716377,1.1601352716425843e-15
338.53418835357377,161.56491407739836,0.029338983130254265,161.49538347046033,4.739470283278661,1.3142957902180164e-15
339.03418835357377,161.06537511648045,0.02947348205217794,160.99542255075897,4.746470174258735,1.1547778664564143e-15
339.53418835357377,160.56583903275032,0.029608817855209295,160.49546157647345,4.753470063629538,1.3153508317695095e-15
340.03418835357377,160.0663058529739,0.029744998369694155,159.99550054692148,4.760469951363469,1.2811046783162776e-15
340.53418835357377,159.56677560425,0.029882031523909374,159.49553946141017,4.7674698374323805,1.0369925574931987e-15
341.03418835357377,159.06724831401556,0.030019925345597637,158.99557831923573,4.774469721807558,1.275981617834716e-15
341.53418835357377,158.5677240100507,0.030158687963531217,158.4956171196833,4.781469604459711,1.163091307201093e-15
342.03418835357377,158.06820272048438,0.0302983276091053,157.99565586202655,4.788469485358964,1.04370646953683e-15
342.53418835357377,157.5686844737997,0.03043885261796154,157.4956945455279,4.795469364474838,1.3763033713721426e-15
343.03418835357377,157.06916929883957,0.030580271431642502,156.99573316943784,4.802469241776234,1.1764115852753476e-15
343.53418835357377,156.56965722481237,0.03072259259927773,156.49577173299488,4.809469117231425,9.65408022379641e-16
344.03418835357377,156.07014828129783,0.03086582477930207,155.9958102354255,4.816468990808038,1.5681238668626533e-15
344.53418835357377,155.57064249825282,0.031009976741207028,155.49584867594356,4.82346886247304,1.4394894992361023e-15
345.03418835357377,155.07113990601746,0.03115505736732588,154.9958870537504,4.8304687321927195,1.2163438660356898e-15
345.53418835357377,154.57164053532128,0.03130107565465332,154.49592536803436,4.837468599932674,1.158981780499563e-15
346.03418835357377,154.07214441728945,0.0314480407167004,153.99596361797066,4.844468465657796,1.4638432145739358e-15
346.53418835357377,153.57265158344913,0.031595961785385526,153.49600180272105,4.851468329332246,1.4084576809157768e-15
347.03418835357377,153.07316206573606,0.03174484821296249,152.99603992143366,4.858468190919446,1.5420106149113842e-15
347.53418835357377,152.57367589650113,0.03189470947398614,152.4960779732426,4.865468050382059,1.286064307091102e-15
348.03418835357377,152.07419310851716,0.03204555516731679,151.99611595726773,4.872467907681967,1.5233507173468027e-15
348.53418835357377,151.57471373498583,0.032197395018164064,151.4961538726145,4.879467762780256,1.355435656661179e-15
349.03418835357377,151.07523780954466,0.03235023888017126,150.99619171837347,4.886467615637196,1.4987470808450863e-15
349.53418835357377,150.57576536627423,0.032504096737540976,150.49622949362018,4.89346746621222,1.6489004364336921e-15
350.03418835357377,150.07629643970546,0.03265897870720319,149.99626719741468,4.900467314463907,1.6933067634636063e-15
350.53418835357377,149.5768310648271,0.03281489504102654,149.4963048288014,4.907467160349958,1.6810947877180047e-15
351.03418835357377,149.0773692770933,0.032971856128074,148.99634238680875,4.914467003827175,1.7862166620070683e-15
351.53418835357377,148.5779111124314,0.03312987249690389,148.49637987044866,4.921466844851439,1.7124926359212005e-15
352.03418835357377,148.07845660724982,0.033288954817917354,147.9964172787166,4.92846668337769,1.7592432635985004e-15
352.53418835357377,147.57900579844616,0.03344911390575332,147.49645461059083,4.935466519359902,1.742883919259601e-15
353.03418835357377,147.07955872341546,0.033610360721732145,146.9964918650324,4.942466352751056,1.6581409984690306e-15
353.53418835357377,146.58011542005852,0.033772706376349076,146.49652904098457,4.949466183503126,1.2949469803753763e-15
354.03418835357377,146.08067592679055,0.03393616213181869,145.9965661373725,4.956466011567036,1.6809973377273491e-15
354.53418835357377,145.5812402825499,0.03410073940467155,145.49660315310297,4.963465836892652,1.6557003998203107e-15
355.03418835357377,145.08180852680707,0.034266449768404386,144.9966400870639,4.970465659428747,1.701848523477008e-15
355.53418835357377,144.58238069957358,0.03443330495618496,144.49667693812395,4.977465479122971,1.4451972019239207e-15
356.03418835357377,144.08295684141154,0.03460131686361308,143.9967137051322,4.98446529592183,1.6421575887241933e-15
356.53418835357377,143.58353699344306,0.03477049755153899,143.49675038691774,4.991465109770649,1.6884131489170427e-15
357.03418835357377,143.08412119735988,0.03494085924894072,142.9967869822891,4.998464920613552,1.818813480942617e-15
357.53418835357377,142.58470949543326,0.035112414355861564,142.496823490034,5.005464728393421,1.8704093697657336e-15
358.03418835357377,142.0853019305242,0.035285175446409446,141.99685990891882,5.012464533051871,1.9236582657854358e-15
358.53418835357377,141.58589854609363,0.03545915527181949,141.49689623768822,5.019464334529215,1.9786192263434805e-15
359.03418835357377,141.086499386213,0.03563436676358144,140.99693247506457,5.026464132764433,1.6652893401227087e-15
359.53418835357377,140.587104495575,0.03581082303663357,140.49696861974752,5.033463927695133,1.99874689324139e-15
360.03418835357377,140.08771391950452,0.035988537392624614,139.99700467041353,5.040463719257521,1.9585460126520602e-15
360.53418835357377,139.58832770396992,0.03616752332324555,139.49704062571544,5.047463507386361,1.8137851575347926e-15
361.03418835357377,139.08894589559446,0.03634779451363289,138.99707648428176,5.054463292014936,1.970248881059454e-15
361.53418835357377,138.589568541668,0.03652936484584535,138.49711224471648,5.061463073075019,1.7076015300787726e-15
362.03418835357377,138.09019569015888,0.03671224840241563,137.99714790559807,5.068462850496816,1.9773491362330147e-15
362.53418835357377,137.5908273897262,0.03689645946997941,137.49718346547937,5.075462624208943,1.922426031204881e-15
363.03418835357377,137.09146368973228,0.037082012542983225,136.99721892288673,5.082462394138371,1.9791804616232113e-15
363.53418835357377,136.5921046402554,0.03726892232747357,136.49725427631967,5.089462160210391,1.977891209357048e-15
364.03418835357377,136.0927502921028,0.037457203744969025,135.99728952425008,5.096461922348563,1.91328073984272e-15
364.53418835357377,135.59340069682398,0.03764687193641768,135.49732466512168,5.103461680474674,1.7161538506513966e-15
365.03418835357377,135.0940559067243,0.03783794226624204,134.99735969734945,5.110461434508686,2.0294429438201015e-15
365.53418835357377,134.59471597487888,0.03803043032647368,134.49739461931892,5.117461184368694,1.753310338268226e-15
366.03418835357377,134.09538095514682,0.03822435194097986,133.99742942938553,5.124460929970869,1.806246570277121e-15
366.53418835357377,133.5960509021857,0.03841972316978471,133.49746412587402,5.131460671229409,1.8609880383852323e-15
367.03418835357377,133.09672587146642,0.038616560313487265,132.99749870707763,5.138460408056484,1.9176034053154375e-15
367.53418835357377,132.59740591928835,0.038814879917778995,132.49753317125746,5.145460140362184,1.7481452690549132e-15
368.03418835357377,132.09809110279488,0.0390146987780634,131.9975675166417,5.152459868054457,1.958408688574313e-15
368.53418835357377,131.5987814799893,0.03921603394418041,131.49760174142497,5.159459591039053,1.9379294578783456e-15
369.03418835357377,131.09947710975095,0.03941890272523837,130.9976358437674,5.166459309219464,1.9145561503281665e-15
369.53418835357377,130.60017805185188,0.0396233226945564,130.49766982179398,5.173459022496861,2.0597551092340175e-15
370.03418835357377,130.10088436697382,0.0398293116947202,129.99770367359372,5.180458730770027,2.0353878107817968e-15
370.53418835357377,129.60159611672543,0.040036887842754235,129.49773739721869,5.187458433935296,2.0077438347368643e-15
371.03418835357377,129.10231336366022,0.04024606953541354,128.9977709906834,5.194458131886479,2.0707433835105095e-15
371.53418835357377,128.60303617129458,0.04045687545459828,128.49780445196367,5.2014578245147955,1.844706495616765e-15
372.03418835357377,128.10376460412647,0.04066932457289443,127.99783777899597,5.2084575117088,1.9030484615476618e-15
372.53418835357377,127.60449872765432,0.04088343615924412,127.49787096967628,5.215457193354308,1.8601339828526463e-15
373.03418835357377,127.10523860839659,0.04109922978474897,126.99790402185924,5.222456869334315,1.919433272169734e-15
373.53418835357377,126.60598431391165,0.041316725328610304,126.49793693335722,5.229456539528918,1.760771590363997e-15
374.03418835357377,126.10673591281815,0.04153594298420986,125.99796970193918,5.236456203815235,1.7605623923488652e-15
374.53418835357377,125.60749347481594,0.041756903265334946,125.49800232532978,5.243455862067316,1.7587424586012025e-15
375.03418835357377,125.10825707070735,0.04197962701255205,124.99803480120823,5.250455514156055,1.8762425057240475e-15
375.53418835357377,124.60902677241913,0.042204135399733035,124.49806712720721,5.2574551599490995,1.8747798138916967e-15
376.03418835357377,124.10980265302477,0.04243044994073824,123.99809930091175,5.264454799310754,2.0005450796369578e-15
376.53418835357377,123.61058478676752,0.042658592496260805,123.49813131985809,5.271454432101888,1.799551963151439e-15
377.03418835357377,123.11137324908375,0.04288858528083688,122.99816318153252,5.27845405817983,1.9965004082051114e-15
377.53418835357377,122.61216811662713,0.04312045087002635,122.49819488337006,5.285453677398262,1.8491527553045555e-15
378.03418835357377,122.11296946729313,0.04335421220776894,121.99822642275333,5.292453289607121,1.9840333269597433e-15
378.53418835357377,121.61377738024433,0.04358989261392076,121.49825779701118,5.2994528946524735,2.0501843468996474e-15
379.03418835357377,121.11459193593625,0.04382751579197642,120.99828900341734,5.306452492376418,2.2757773257805165e-15
379.53418835357377,120.6154132161438,0.04406710583698204,120.49832003918914,5.31345208261695,2.108952924727202e-15
380.03418835357377,120.11624130398849,0.04430868724364478,119.99835090148605,5.320451665207846,2.0963073365113214e-15
380.53418835357377,119.6170762839661,0.04455228491464446,119.49838158740819,5.327451239978544,2.080691664829515e-15
381.03418835357377,119.11791824197532,0.04479792416915332,118.99841209399492,5.334450806753995,2.42048514858707e-15
381.53418835357377,118.61876726534688,0.045045630751569844,118.49844241822329,5.341450365354543,2.317832124728521e-15
382.03418835357377,118.11962344287349,0.04529543084047311,117.9984725570064,5.3484499155957765,2.109743280013401e-15
382.53418835357377,117.62048686484057,0.045547351057804095,117.49850250719182,5.355449457288382,2.0833074110265494e-15
383.03418835357377,117.12135762305768,0.04580141847828062,116.99853226555993,5.362448990237999,2.1554759796009078e-15
383.53418835357377,116.6222358108908,0.04605766063905304,116.49856182882212,5.3694485142450565,2.2304692721017466e-15
384.03418835357377,116.12312152329545,0.04631610554960774,115.99859119361916,5.376448029104623,2.3084106499321125e-15
384.53418835357377,115.62401485685058,0.046576781701925925,115.49862035651918,5.383447534606224,2.218755894747135e-15
385.03418835357377,115.1249159097934,0.046839718080905486,114.9986493140159,5.390447030533683,2.296971090788946e-15
385.53418835357377,114.6258247820551,0.047104944175053745,114.49867806252672,5.397446516664937,2.4392838792912784e-15
386.03418835357377,114.12674157529749,0.0473724899874595,113.99870659839063,5.404445992771847,2.399735506988061e-15
386.53418835357377,113.62766639295052,0.047642386047052794,113.4987349178661,5.411445458620012,2.4854634066545826e-15
387.03418835357377,113.12859934025093,0.04791466342016127,112.99876301712914,5.418444913968567,2.506897912460532e-15
387.53418835357377,112.62954052428181,0.04818935372237224,112.49879089227092,5.425444358569976,2.7376531346332945e-15
388.03418835357377,112.1304900540132,0.048466489130710014,111.99881853929561,5.432443792169819,2.4003522781729504e-15
388.53418835357377,111.63144804034383,0.04874610239613813,111.49884595411802,5.439443214506574,2.4876607798301394e-15
389.03418835357377,111.13241459614393,0.04902822685639681,110.9988731325612,5.446442625311378,2.2660054603921956e-15
389.53418835357377,110.63338983629916,0.04931289644918605,110.4989000703539,5.453442024307797,2.34918310370427e-15
390.03418835357377,110.13437387775575,0.0496001457257053,109.99892676312808,5.460441411211576,2.4358110549712155e-15
390.53418835357377,109.6353668395669,0.0498900098645609,109.49895320641626,5.467440785730383,2.264733618731836e-15
391.03418835357377,109.13636884294034,0.05018252468605319,108.99897939564876,5.474440147563542,2.1683296039466557e-15
391.53418835357377,108.63738001128728,0.05047772666685517,108.49900532615092,5.481439496401759,2.2494085050950706e-15
392.03418835357377,108.1384004702726,0.05077565295509544,107.99903099314017,5.488438831926834,1.944928055949597e-15
392.53418835357377,107.63943034786654,0.05107634138585841,107.49905639172303,5.4954381538113655,2.0183389004495614e-15
393.03418835357377,107.14046977439767,0.051379830497115274,106.999081516892,5.502437461718439,1.9901372315118623e-15
393.53418835357377,106.64151888260747,0.05168615954609974,106.49910636352242,5.509436755301313,2.17470433594643e-15
394.03418835357377,106.14257780770633,0.051995368526143115,105.9991309263691,5.516436034203077,2.0321684588138758e-15
394.53418835357377,105.64364668743116,0.05230749818398379,105.49915520006296,5.5234352980563175,2.1103455426519887e-15
395.03418835357377,105.14472566210462,0.05262259003756672,104.99917917910744,5.530434546482752,2.009261611402192e-15
395.53418835357377,104.64581487469599,0.052940686394349255,104.49920285787498,5.537433779092854,2.1505586175034326e-15
396.03418835357377,104.14691447088377,0.05326183037013008,103.99922623060304,5.544432995485475,2.168778583123738e-15
396.53418835357377,103.64802459912016,0.053586065908418794,103.49924929139046,5.5514321952474335,1.9123529839745852e-15
397.03418835357377,103.14914541069722,0.05391343780036429,102.99927203419325,5.558431377953102,1.9167397434274367e-15
397.53418835357377,102.65027705981504,0.054243991705260855,102.49929445282054,5.565430543163971,1.9188608048902064e-15
398.03418835357377,102.1514197036519,0.05457777417165152,101.9993165409302,5.5724296904281925,1.6882848170461577e-15
398.53418835357377,101.65257350243637,0.054914832659049076,101.49933829202442,5.579428819280117,1.8356367698319365e-15
399.03418835357377,101.1537386195216,0.05525521556029587,100.99935969944515,5.586427929239797,1.826422507618192e-15
399.53418835357377,100.65491522146176,0.055598972224584445,100.49938075636928,5.5934270198124825,1.9866010633222697e-15
400.03418835357377,100.15610347809073,0.05594615298116182,99.9994014558037,5.600426090488092,2.1571669715913163e-15
400.53418835357377,99.65730356260308,0.05629680916374118,99.49942179058031,5.607425140740657,2.151673300751005e-15
401.03418835357377,99.15851565163757,0.056650993135645734,98.99944175335062,5.6144241700277515,2.3373451682622705e-15
401.53418835357377,98.65973992536301,0.05700875831571042,98.49946133658028,5.621423177789894,2.129521516672651e-15
402.03418835357377,98.16097656756682,0.05737015920496817,97.99948053254357,5.628422163449924,2.1121889149910972e-15
402.53418835357377,97.66222576574614,0.05773525141414858,97.49949933331737,5.635421126412353,2.090192024166962e-15
403.03418835357377,97.16348771120185,0.05810409169201797,96.99951773077517,5.642420066062692,2.464288642167919e-15
403.53418835357377,96.66476259913533,0.05847673795459092,96.49953571658077,5.649418981766744,2.2097187890899497e-15
404.03418835357377,96.16605062874824,0.05885324931524468,95.99955328218172,5.656417872869875,2.178753350261714e-15
404.53418835357377,95.66735200334541,0.05923368611576908,95.49957041880268,5.663416738696246,2.206567458305068e-15
405.03418835357377,95.16866693044085,0.05961810995838605,94.99958711743828,5.670415578548014,2.3009648070245967e-15
405.53418835357377,94.66999562186707,0.060006583738774086,94.49960336884592,5.677414391704506,2.0469974778175757e-15
406.03418835357377,94.17133829388789,0.060399171680134735,93.99961916353828,5.684413177421344,1.988235425061108e-15
406.53418835357377,93.67269516731469,0.06079593936833938,93.49963449177542,5.69141193492955,2.3051942660834455e-15
407.03418835357377,93.17406646762642,0.06119695378819664,92.99964934355677,5.698410663434591,2.4059593967103075e-15
407.53418835357377,92.6754524250934,0.06160228336088209,92.49966370861267,5.7054093621153985,2.0930875271973676e-15
408.03418835357377,92.17685327490506,0.06201199798257395,91.99967757639565,5.712408030123339,2.2730119266004125e-15
408.53418835357377,91.67826925730179,0.062426169064340266,91.49969093607143,5.71940666658114,2.100094867210441e-15
409.03418835357377,91.17970061771105,0.06284486957332491,90.99970377650946,5.7264052705817585,2.0985498691576225e-15
409.53418835357377,90.6811476068879,0.06326817407528215,90.49971608627317,5.733403841187225,2.093174261513302e-15
410.03418835357377,90.18261048106011,0.06369615877851123,89.99972785360987,5.740402377427396,1.9794031059585717e-15
410.53418835357377,89.68408950207802,0.06412890157924508,89.49973906644014,5.747400878298692,1.960441730251938e-15
411.03418835357377,89.18558493756942,0.0645664821085495,88.99974971234705,5.7543993427627464,1.822256916760556e-15
411.53418835357377,88.6870970610994,0.06500898178079148,88.49975977856461,5.761397769745008,1.9655783384570155e-15
412.03418835357377,88.18862615233573,0.06545648384373845,87.99976925196603,5.7683961581332746,1.9318113315205443e-15
412.53418835357377,87.69017249721966,0.06590907343035239,87.49977811905147,5.775394506776159,1.956419171783691e-15
413.03418835357377,87.19173638814249,0.06636683761234614,86.9997863659352,5.7823928144814865,2.184442256143542e-15
413.53418835357377,86.69331812412817,0.06682986545557205,86.49979397833232,5.789391080014614,2.0727746761214477e-15
414.03418835357377,86.19491801102212,0.06729824807731628,85.999800941545,5.796389302096674,2.170853249665285e-15
414.53418835357377,85.69653636168648,0.0677720787055757,85.499807240448,5.803387479402725,2.117340912008536e-15
415.03418835357377,85.19817349620214,0.06825145274039753,84.99981285947376,5.810385610559832,1.8900223688610725e-15
415.53418835357377,84.69982974207777,0.06873646781736595,84.49981778259676,5.8173836941450325,2.239460619921871e-15
416.03418835357377,84.20150543446611,0.06922722387332343,83.99982199331738,5.824381728683231,1.986753631360284e-15
416.53418835357377,83.70320091638791,0.06972382321441917,83.49982547464488,5.831379712644968,2.2730318464668035e-15
417.03418835357377,83.20491653896369,0.07022637058658082,82.99982820907985,5.83837764444409,2.285168283304955e-15
417.53418835357377,82.70665266165379,0.07073497324851087,82.49983017859587,5.845375522435308,2.085167810375769e-15
418.03418835357377,82.20840965250699,0.07124974104731326,81.99983136462033,5.852373344911634,1.9698368904450345e-15
418.53418835357377,81.71018788841799,0.07177078649686144,81.49983174801453,5.859371110101683,1.895902708233095e-15
419.03418835357377,81.2119877553943,0.07229822485902422,80.99983130905285,5.866368816166853,1.9308812521413114e-15
419.53418835357377,80.71380964883275,0.07283217422787115,80.49983002740116,5.873366461198358,1.7749977593678e-15
420.03418835357377,80.2156539738061,0.0733727556169859,79.99982788209402,5.880364043214101,1.931987336997808e-15
420.53418835357377,79.71752114536024,0.07392009305002148,79.49982485151122,5.88736156015541,1.9609419940998698e-15
421.03418835357377,79.2194115888224,0.07447431365463855,78.99982091335305,5.894359009883583,2.062057553354556e-15
421.53418835357377,78.72132574012076,0.07503554775997474,78.49981604461456,5.901356390176278,2.0916058013203327e-15
422.03418835357377,78.22326404611613,0.0756039289978003,77.99981022155876,5.908353698723696,2.0378321649030654e-15
422.53418835357377,77.72522696494599,0.0761795944075235,77.49980341968842,5.91535093312458,2.144971396606056e-15
423.03418835357377,77.22721496638178,0.0767626845452172,76.99979561371684,5.922348090882003,1.987466505620135e-15
423.53418835357377,76.72922853219963,0.07735334359684694,76.49978677753712,5.929345169398915,2.0933402721062675e-15
424.03418835357377,76.23126815656542,0.07795171949589025,75.99977688419007,5.936342165973487,1.9048333399328565e-15
424.53418835357377,75.73333434643479,0.07855796404554649,75.49976590583076,5.94333907779418,1.9019988030644114e-15
425.03418835357377,75.23542762196851,0.07917223304574698,74.99975381369336,5.950335901934551,1.7825516079638654e-15
425.53418835357377,74.73754851696434,0.07979468642518639,74.49974057805449,5.957332635347796,1.7625838795308025e-15
426.03418835357377,74.23969757930571,0.08042548837860765,73.99972616819474,5.964329274860973,1.859688530616894e-15
426.53418835357377,73.74187537142835,0.0810648075095853,73.49971055235852,5.971325817168932,1.8974198168175075e-15
427.03418835357377,73.24408247080541,0.0817128169790651,72.99969369771182,5.978322258827884,1.93431893660556e-15
427.53418835357377,72.74631947045216,0.08236969465993166,72.49967557029815,5.985318596248636,1.897178899460529e-15
428.03418835357377,72.24858697945109,0.08303562329789052,71.99965613499229,5.992314825689433,2.0046363807423544e-15
428.53418835357377,71.7508856234983,0.08371079067896682,71.49963535545167,5.999310943248408,1.7929860547952144e-15
429.03418835357377,71.25321604547244,0.08439538980393918,70.99961319406572,6.006306944855588,1.9821702107824983e-15
429.53418835357377,70.75557890602697,0.085089619070045,70.49958961190234,6.013302826264466,2.0056903219118064e-15
430.03418835357377,70.2579748842071,0.08579368246031227,69.99956456865203,6.020298583043068,1.83313500606643e-15
430.53418835357377,69.76040467809254,0.08650778974089253,69.49953802256913,6.027294210564516,1.9407431690985113e-15
431.03418835357377,69.26286900546731,0.08723215666679118,68.99950993041007,6.034289703997038,2.055502910038769e-15
431.53418835357377,68.7653686045179,0.08796700519641333,68.49948024736872,6.041285058293384,1.834059515042518e-15
432.03418835357377,68.26790423456136,0.08871256371536776,67.99944892700815,6.048280268179633,1.883369613959323e-15
432.53418835357377,67.77047667680452,0.0894690672699967,67.49941592118915,6.055275328143321,1.7395308371844493e-15
433.03418835357377,67.27308673513629,0.09023675781112638,66.99938117999504,6.062270232420853,2.0505524127398217e-15
433.53418835357377,66.77573523695436,0.09101588444856214,66.49934465165245,6.06926497498417,1.813678705728697e-15
434.03418835357377,66.27842303402831,0.0918067037168829,65.99930628244816,6.076259549526601,2.1569563659103953e-15
434.53418835357377,65.78115100340082,0.09260947985312219,65.49926601664134,6.0832539494478315,1.800379645317902e-15
435.03418835357377,65.28392004832914,0.09342448508695834,64.99922379637142,6.090248167837969,2.0004391458104883e-15
435.53418835357377,64.78673109926874,0.0942519999440738,64.49917956156078,6.0972421974606,1.6646659297425292e-15
436.03418835357377,64.28958511490147,0.09509231356338319,63.999133249812374,6.104236030734788,1.6724941461665436e-15
436.53418835357377,63.79248308321063,0.09594572402887283,63.499084796301766,6.111229659715948,1.5706346440931555e-15
437.03418835357377,63.29542602260522,0.09681253871683947,62.99903413366325,6.118223076075481,1.5609553692200965e-15
437.53418835357377,62.798414983096364,0.09769307465936516,62.49898119186975,6.1252162710791245,1.5441799130660144e-15
438.03418835357377,62.3014510475284,0.09858765892491737,61.99892589810603,6.13220923556389,1.5826086747315271e-15
438.53418835357377,61.80453533286789,0.09949662901701882,61.49886817663484,6.139201959913508,1.4852018672281471e-15
439.03418835357377,61.30766899155351,0.10042033329199176,60.998807948655546,6.146194434032255,1.5126384891191756e-15
439.53418835357377,60.81085321291038,0.10135913139684534,60.4987451321547,6.153186647317056,1.537893402921946e-15
440.03418835357377,60.3140892246323,0.10231339472844306,59.998679641748105,6.160178588627714,1.642621907875544e-15
440.53418835357377,59.81737829433579,0.10328350691516157,59.498611388513766,6.167170246255154,1.755430810170962e-15
441.03418835357377,59.320721731190005,0.10426986432233037,58.99854027981511,6.174161607887502,1.501614200989547e-15
441.53418835357377,58.82412088762681,0.10527287658282743,58.498466219113936,6.181152660573859,2.0081470999292556e-15
442.03418835357377,58.32757716113568,0.1062929671542964,57.99838910577216,6.188143390685561,2.0421741164948984e-15
442.53418835357377,57.831091996148345,0.10733057390454943,57.49830883484197,6.195133783874774,1.9570969584791787e-15
443.03418835357377,57.334666886018454,0.10838614972682471,56.99822529684319,6.2021238250301565,1.9123800614595123e-15
443.53418835357377,56.838303375101816,0.10946016318668123,56.49813837752723,6.209113498229418,1.8522891920393925e-15
444.03418835357377,56.34200306094328,0.11055309920243535,55.998047957626746,6.216102786688482,1.845550580328189e-15
444.53418835357377,55.84576759657658,0.11166545976117542,55.49795391258967,6.223091672707001,1.905296628537032e-15
445.03418835357377,55.34959869294404,0.11279776467253186,54.99785611229688,6.230080137609918,1.8013083628086067e-15
445.53418835357377,54.85349812144345,0.11395055236253358,54.497754420762135,6.237068161684758,1.7604178699926406e-15
446.03418835357377,54.357467716609875,0.11512438071004623,53.99764869581305,6.2440557241142916,1.7990459963835404e-15
446.53418835357377,53.86150937894088,0.11631982792846579,53.49753878875173,6.251042802904188,2.038492419055269e-15
447.03418835357377,53.365625077874085,0.11753749349553383,52.99742454399363,6.258029374805234,1.8664277582779342e-15
447.53418835357377,52.869816854926654,0.11877799913434843,52.497305798682866,6.265015415229654,1.834320215495588e-15
448.03418835357377,52.3740868270071,0.12004198984887032,51.99718238228246,6.272000898161039,1.787130097148384e-15
448.53418835357377,51.87843718991043,0.12133013501746706,51.49705411613748,6.278985796057313,1.791287343924682e-15
449.03418835357377,51.382870222008556,0.12264312954830253,50.99692081300899,6.2859700797461535,1.7861246930946886e-15
449.53418835357377,50.8873882881487,0.12398169510066501,50.49678227657674,6.292953718312167,1.7699158009357604e-15
450.03418835357377,50.39199384377356,0.12534658137663765,49.99663830090796,6.299936678975129,1.7406688857889263e-15
450.53418835357377,49.89668943927805,0.1267385674878523,49.49648866988986,6.306918926958453,1.6960866191447148e-15
451.03418835357377,49.40147772461839,0.12815846340243378,48.99633315662275,6.313900425347019,1.83770974760316e-15
451.53418835357377,48.90636145419084,0.12960711147763945,48.49617152277081,6.320881134933382,1.88203797255486e-15
452.03418835357377,48.41134349199838,0.13108538808413267,47.996003517867024,6.32786101405129,1.9824005703638253e-15
452.53418835357377,47.91642681712541,0.1325942053282993,47.49582887856862,6.33484001839533,2.218423054704129e-15
453.03418835357377,47.42161452954177,0.13413451287953054,46.99564732785889,6.341818100825386,1.915068785023113e-15
453.53418835357377,46.92690985625948,0.1357072999099556,46.49545857419115,6.348795211154477,2.2379396955712693e-15
454.03418835357377,46.432316157867135,0.13731359715471778,45.99526231056966,6.355771295918357,2.1008856556105666e-15
454.53418835357377,45.937836935469214,0.13895447910155637,45.49505821356265,6.362746298125131,1.831869640249026e-15
455.03418835357377,45.443475838059534,0.14063106631918443,44.99484594224128,6.3697201569829,2.0983807032095917e-15
455.53418835357377,44.94923667036076,0.14234452793475136,44.49462513703835,6.376692807603275,2.1822375879830315e-15
456.03418835357377,44.45512340116441,0.14409608427155193,43.994395418519844,6.383664180678336,2.2659375821026566e-15
456.53418835357377,43.961140172208715,0.14588700965909981,43.494156386061455,6.3906342021283296,2.4138625344755993e-15
457.03418835357377,43.46729130763505,0.1477186354287333,42.99390761642193,6.397602792717138,2.5006831049128692e-15
457.53418835357377,42.97358132406692,0.14959235310907154,42.49364866220376,6.404569867632164,2.5064740738963764e-15
458.03418835357377,42.48001494135952,0.15150961783690425,41.993379050191145,6.4115353360249046,2.664711240430953e-15
458.53418835357377,41.98659709407215,0.15347195200048874,41.493098279553976,6.418499100508074,2.644139789314726e-15
459.03418835357377,41.49333294372019,0.1554809491337566,40.992805819905435,6.425461056604592,2.8041496991254906e-15
459.53418835357377,41.000227891868754,0.15753827808161874,40.4925011091995,6.432421092143275,3.087423126377504e-15
460.03418835357377,40.50728759413559,0.159645687458414,39.99218355145327,6.439379086595336,3.403189697891792e-15
460.53418835357377,40.01451797517707,0.16180501042359663,39.49185251427735,6.446334910345195,3.199239820804518e-15
461.03418835357377,39.521925244738,0.16401816980102182,38.99150732619565,6.453288423888206,3.381089597070275e-15
461.53418835357377,39.02951591485353,0.16628718357069172,38.49114727373426,6.460239476947016,3.6552601063979295e-15
462.03418835357377,38.53729681829991,0.168614170764594,37.990771598256195,6.467187907497229,3.954471843950155e-15
462.53418835357377,38.04527512839995,0.1710013578013343,37.490379492516965,6.474133540691849,3.863554318561218e-15
463.03418835357377,37.553458380299595,0.1734510852976666,36.98997009691245,6.481076187672571,4.1744984113368784e-15
463.53418835357377,37.06185449384317,0.17596581539880352,36.4895424953878,6.488015644254507,4.3841133301085366e-15
464.03418835357377,36.57047179818766,0.178548139673586,35.98909571097199,6.494951689469033,4.666448685454831e-15
464.53418835357377,36.07931905831054,0.18120078762526212,35.48862870089911,6.501884083947495,4.9634029240509006e-15
465.03418835357377,35.58840550358113,0.183926635873825,34.98814035127228,6.508812568126079,5.095743925446782e-15
465.53418835357377,35.09774085858315,0.186728718071657,34.48762947122118,6.515736860249464,5.599022460085717e-15
466.03418835357377,34.607335376395476,0.1896102356206988,33.98709478649825,6.522656654147734,5.9354685843158324e-15
466.53418835357377,34.11719987455982,0.19257456926658975,33.4865349324516,6.529571616757411,6.407452664010789e-15
467.03418835357377,33.62734577398857,0.19562529165331397,32.98594844630539,6.536481385353294,7.129221706279169e-15
467.53418835357377,33.13778514109294,0.19876618093094112,32.485333758669455,6.543385564452912,7.706308986155145e-15
468.03418835357377,32.648530733442286,0.20200123551920357,31.984689184190064,6.550283722349797,8.419661765169235e-15
468.53418835357377,32.15959604929953,0.2053346901410462,31.484012911242583,6.557175387225221,9.610394226719465e-15
469.03418835357377,31.67099538141609,0.20877103325309054,30.983302990553685,6.5640600427804,1.0587420985749251e-14
469.53418835357377,31.18274387551287,0.21231502601436059,30.48255732262601,6.570937123322265,1.1741677119511935e-14
470.03418835357377,30.6948575939225,0.21597172295084363,29.981773643821253,6.57780600822546,1.3040171273459776e-14
470.53418835357377,30.207353584922902,0.2197464944917584,29.480949510938245,6.584666015681025,1.4670873593291785e-14
471.03418835357377,29.720249958354078,0.22364505157406095,28.98008228410015,6.591516395627808,1.6345432631074395e-14
471.53418835357377,29.233565968179988,0.22767347253507111,28.479169107739228,6.5983563217458,1.8129731568462368e-14
472.03418835357377,28.747322102736618,0.23183823253952832,27.97820688943794,6.605184882370582,2.0321110135172475e-14
472.53418835357377,28.26154018349695,0.2361462358173261,27.477192276350873,6.612001070164526,2.2816978653221715e-14
473.03418835357377,27.7762434732854,0.24060485102213477,26.97612162889245,6.6188037703523745,2.5665167658415433e-14
473.53418835357377,27.291456794989898,0.24522195005968478,26.474990991329303,6.62559174729567,2.863647312315041e-14
474.03418835357377,26.807206661951334,0.2500059507783211,25.973796058863186,6.632363629140919,3.2763284927135177e-14
474.53418835357377,26.323521421359892,0.25496586396432463,25.472532140728216,6.639117890229181,3.700137794145386e-14
475.03418835357377,25.84043141215864,0.2601113451413223,24.971194118754436,6.645852830898297,4.2237286570156876e-14
475.53418835357377,25.3579691391498,0.2654527517379007,24.46977640076559,6.652566554241239,4.806915111653535e-14
476.03418835357377,24.876169465222116,0.27100120626147967,23.96827286808125,6.6592569393025585,5.512869095841434e-14
476.53418835357377,24.395069823872902,0.2767686662009503,23.466676816278845,6.665921610096774,6.297123829601046e-14
477.03418835357377,23.914710454490763,0.2827680014770988,22.964980888237164,6.672557899713682,7.223318784392654e-14
477.53418835357377,23.43513466320025,0.28901308037020157,22.463176998325956,6.679162808631758,8.273554574998885e-14
478.03418835357377,22.956389112454744,0.29551886498043317,21.961256246421826,6.685732956185807,9.546700305313474e-14
478.53418835357377,22.478524143006066,0.3023015174211877,21.459208820214315,6.69226452392183,1.1005159943786702e-13
479.03418835357377,22.00159413238813,0.3093785181106945,20.957023884011427,6.698753189311459,1.2759585929605124e-13
479.53418835357377,21.525657894636915,0.3167687977163505,20.45468945195438,6.705194047978831,1.4770348531438517e-13
480.03418835357377,21.05077912664279,0.3244928845222591,19.952192243198784,6.711581522200121,1.7143009430410182e-13
480.53418835357377,20.577026907306777,0.3325730692371369,19.449517516204153,6.717909252951762,1.9968058947249527e-13
481.03418835357377,20.104476256565043,0.34103358954088864,18.946648878784732,6.724169972184881,2.331732323471364e-13
481.53418835357377,19.633208762373567,0.34990083698778957,18.44356806999917,6.730355351261131,2.728098439775244e-13
482.03418835357377,19.163313284926385,0.359203589246438,17.940254709280193,6.736455820562167,3.198925712009067e-13
482.53418835357377,18.69488674873787,0.3689732710652669,17.436686007411737,6.742460354133828,3.757342446203864e-13
483.03418835357377,18.228035034774997,0.3792442478106169,16.932836433032296,6.7483562117866045,4.425679103272259e-13
483.53418835357377,17.762873986603857,0.39005415593401804,16.428677327261028,6.754128629268731,5.224807303846106e-13
484.03418835357377,17.299530546540137,0.40144427528594767,15.92417645778882,6.7597604448589435,6.186064480515749e-13
484.53418835357377,16.838144040088892,0.413459948800679,15.41929750233441,6.765231647865792,7.33712161056395e-13
485.03418835357377,16.378867629542984,0.42615105572069156,14.913999449725354,6.770518830908224,8.733672316486451e-13
485.53418835357377,15.921869960492232,0.4395725451901251,14.408235905027086,6.775594523280834,1.0420047065118397e-12
486.03418835357377,15.467337028171478,0.45378503769186046,13.901954283132314,6.780426376913444,1.2461486286891848e-12
486.53418835357377,15.015474294015663,0.4688555023786887,13.395094873095083,6.784976169083201,1.4945535384746362e-12
487.03418835357377,14.566509086425558,0.4848580187728302,12.887589753362954,6.789198576704951,1.7975291201813547e-12
487.53418835357377,14.12069332345204,0.5018746314543584,12.37936153613142,6.793039665181777,2.168236758784681e-12
488.03418835357377,13.678306598665396,0.5199963060417133,11.870321917661638,6.796435019786112,2.623713371406263e-12
488.53418835357377,13.23965967454804,0.5393239937146435,11.360370011126493,6.7993074285658945,3.185307641988957e-12
489.03418835357377,12.805098429810375,0.5599698093504586,10.84939044026627,6.801564001888906,3.881056651762963e-12
489.53418835357377,12.375008307301291,0.5820583244833852,10.337251177213904,6.803092583889016,4.748078620241215e-12
490.03418835357377,11.9498193065349,0.6057279699779735,9.823801118371215,6.803757274148065,5.835530557826834e-12
490.53418835357377,11.530011557676934,0.6311325334633787,9.308867411284506,6.803392832939236,7.2107928265145134e-12
491.03418835357377,11.116121499900991,0.6584427217664076,8.792252577624694,6.801797689715051,8.96660075951142e-12
491.53418835357377,10.708748663329892,0.687847736914814,8.273731529136196,6.798725212725351,1.1234608036965227e-11
492.03418835357377,10.308563016389568,0.7195567833536353,7.753048653872973,6.7938728302458875,1.4202967332469938e-11
492.53418835357377,9.916312784391392,0.7538003809179843,7.229915271444637,6.786868527208687,1.8146698949630456e-11
493.03418835357377,9.532832564694495,0.7908312995824224,6.704007934062252,6.777254187835233,2.3469135235108688e-11
493.53418835357377,9.159051452606064,0.830924854909306,6.174968303516401,6.764465238439254,3.076336540368432e-11
494.03418835357377,8.79600074459995,0.8743782053481552,5.642405681925372,6.747806104177799,4.089214147624251e-11
494.53418835357377,8.444820598480124,0.9215081747953274,5.1059037296601515,6.726421191388238,5.508531185700287e-11
495.03418835357377,8.106764806863266,0.9726469924878015,4.565033462899639,6.699261535154703,7.502224965982625e-11
495.53418835357377,7.7832025949606045,1.0281352137005344,4.019375241703004,6.665048034379527,1.0283708741418831e-10
496.03418835357377,7.475616117654563,1.088310990601929,3.468553019522484,6.6222334819378075,1.40906638188711e-10
496.53418835357377,7.18559215935843,1.1534948557598779,2.912284390492851,6.568967522337512,1.9117159347224654e-10
497.03418835357377,6.914806514130255,1.2239693376441358,2.3504495437246358,6.503071279807939,2.5365349365255376e-10
497.53418835357377,6.664999742756731,1.2999531425205848,1.783180546137355,6.422031509641211,3.238404947667948e-10
498.03418835357377,6.437943562568555,1.3815704011183745,1.2109687774986913,6.323027117982432,3.88986392402536e-10
498.53418835357377,6.235398069055369,1.4688166336781927,0.6347823706968592,6.203002532760397,4.243216959622796e-10
499.01123581077303,6.0665589588633395,1.5571535513160375,0.08276213439445415,6.065994397497868,3.9852896373132245e-10
499.4681384680472,5.9284914482643725,1.646139503343711,-0.4462489024209169,5.911672586437101,3.1679026559049755e-10
499.90759493033397,5.818550675194789,1.7353748171115888,-0.9532911611137492,5.739927518876186,1.9015307709626562e-10
500.33093180249455,5.734627118802542,1.824241464489725,-1.4379033923366478,5.551430628766994,3.580832565127292e-11
500.73777045231134,5.674879738971072,1.9118046279676113,-1.8978926102444489,5.3481084218407435,-1.2353206430936755e-10
501.1256274180381,5.637381387015713,1.996718877571858,-2.3291466140940624,5.133726224948636,-2.635489295589229e-10
501.4893493347348,5.619693809612692,2.0771262615432566,-2.725388172859644,4.914592335182643,-3.654597146746233e-10
501.7646219937316,5.61761984506029,2.1381813485724233,-3.0190698691866205,4.7373906160020915,-3.846130663718475e-10
502.0397227753415,5.62529474209557,2.199137513630848,-3.306568395418652,4.550884131887626,-4.0308254346647547e-10
502.34301260732116,5.645019018433268,2.266017561115374,-3.615947097527802,4.334877888286308,-4.3376166462329583e-10
502.68119186212374,5.680846671791128,2.339867836539511,-3.950849150027064,4.082010522050471,-4.849665699563663e-10
503.0451450958637,5.735508130277828,2.41809701378491,-4.298741371998996,3.7969561663452547,-5.491532077389872e-10
503.42934719161735,5.810997880866922,2.4988319903373037,-4.6513786665646215,3.4831555910793566,-6.154148276301761e-10
503.8305445051424,5.908841911848489,2.5806670632717443,-5.003389219955586,3.1433277037002587,-6.749039328982501e-10
504.24726909803326,6.030381684815308,2.662577926748352,-5.3516590349206155,2.779433186552333,-7.239384489999587e-10
504.67955360951294,6.177044946792702,2.7438582133758853,-5.694870253998835,2.3925586857622747,-7.640751306510595e-10
505.12869240236444,6.3505708250607595,2.8240495636979817,-6.033076666325347,1.9828604949298716,-8.004977996341353e-10
505.5970579797368,6.55318949148395,2.9028734851567792,-6.367351752246004,1.5495561217540375,-8.402368317765224e-10
506.08800340318356,6.787780288967802,2.98017511570232,-6.699542213175178,1.0909149303147605,-8.908961330483476e-10
506.58800340318356,7.0483481103535865,3.0533686048077984,-7.0209355496238,0.6210274492755682,-9.448924524895444e-10
507.08800340318356,7.329014055469522,3.1211528642643662,-7.327483132746956,0.14979307253232277,-9.932462456067105e-10
507.58800340318356,7.628066498517398,3.183782225661587,-7.6212786788539795,-0.3217293972412379,-1.0340915025725908e-09
508.08800340318356,7.943871902911167,3.241561200152498,-7.90421057250662,-0.7928152592729663,-1.0667433278456686e-09
508.58800340318356,8.274894594748908,3.2948213849983037,-8.177941207713646,-1.2629957075872345,-1.091600550381931e-09
509.08800340318356,8.619708521366853,3.3439037420835884,-8.443908001727033,-1.7319909502345903,-1.1097245712074499e-09
509.58800340318356,8.977002445519185,3.3891457358358026,-8.703337606830475,-2.199656202316129,-1.1224299233259118e-09
510.08800340318356,9.34558010879444,3.43087254499255,-8.957266990875237,-2.665939913814857,-1.1310048239862554e-09
510.58800340318356,9.724356787134544,3.4693914990266412,-9.206567072285413,-3.1308525463521386,-1.1365649066251432e-09
511.08800340318356,10.112353448895728,3.5049889488156825,-9.451966216878807,-3.594443894453643,-1.1400028088691172e-09
511.58800340318356,10.508689479890274,3.537928897750137,-9.694072084147717,-4.056787030656704,-1.1419952721121966e-09
512.0880034031836,10.912574702880923,3.5684528523151835,-9.933391105008708,-4.517967219988492,-1.1430339117987704e-09
512.5880034031836,11.323301213045216,3.596780476988839,-10.170345370536662,-4.97807446763854,-1.143464435048221e-09
513.0880034031836,11.740235383851813,3.6231107463655445,-10.405286998904234,-5.437198666471609,-1.1435224711190344e-09
513.5880034031836,12.162810269095074,3.647623374657658,-10.638510196608609,-5.895426569694446,-1.1433658971461395e-09
514.0880034031836,12.590518531862077,3.6704803701344884,-10.870261292334986,-6.352840021401935,-1.1430964371234862e-09
514.5880034031836,13.022905963799833,3.691827612416753,-11.100747033375715,-6.809515037282281,-1.1427783201427238e-09
515.0880034031836,13.459565612074314,3.7117963871373836,-11.330141418758775,-7.265521446989219,-1.1424505947622521e-09
515.5880034031836,13.900132501458396,3.7305048384210804,-11.558591314613025,-7.720922896898557,-1.1421349594924304e-09
516.0880034031836,14.344278920626007,3.7480593175882975,-11.786221064329709,-8.175777074716889,-1.1418435889704467e-09
516.5880034031836,14.7917102315139,3.7645556185973477,-12.01313627347087,-8.630136061968628,-1.1415821631592764e-09
517.0880034031836,15.242161155945318,3.7800800986564993,-12.23942691947687,-9.084046751673686,-1.1413511981286748e-09
517.5880034031836,15.695392492695811,3.7947106874085113,-12.465169910002153,-9.537551290270942,-1.141149966064362e-09
518.0880034031836,16.151188219469272,3.808517791024547,-12.690431191349619,-9.99068751780095,-1.1409761154832634e-09
518.5880034031836,16.609352936900784,3.8215650990998755,-12.915267489765691,-10.443489390540698,-1.1408269590676469e-09
519.0880034031836,17.069709615071798,3.833910302886566,-13.13972775290409,-10.89598737712359,-1.1406992030479988e-09
519.5880034031836,17.532097606688605,3.8456057334548532,-13.36385434611193,-11.3482088237026,-1.14059111896903e-09
520.0880034031836,17.996370894765292,3.8566989280701565,-13.587684047891784,-11.800178286645606,-1.1404985361032273e-09
520.5880034031836,18.46239654620124,3.8672331325598637,-13.811248880542092,-12.251917833094879,-1.1404204227819828e-09
521.0880034031836,18.930053345956363,3.877247746825092,-14.034576805223184,-12.703447310830438,-1.1403541583106606e-09
521.5880034031836,19.399230589557835,3.8867787199943127,-14.25769230523904,-13.154784589493053,-1.1402974975013596e-09
522.0880034031836,19.869827014404247,3.895858901060203,-14.480616876917228,-13.60594577551626,-1.1402496655266232e-09
522.5880034031836,20.34174985277031,3.904518350213804,-14.703369443909137,-14.056945403201935,-1.1402090596032952e-09
523.0880034031836,20.814913991572435,3.9127846155053607,-14.92596670785319,-14.507796604330244,-1.1401744768229696e-09
523.5880034031836,21.289241225853846,3.9206829789259516,-15.14842344601292,-14.958511258573862,-1.1401450029604708e-09
524.0880034031836,21.764659594611075,3.9282366755203353,-15.37075276461138,-15.409100126824006,-1.1401198486186259e-09
524.5880034031836,22.2411027890366,3.935467088708468,-15.592966315047743,-15.85957296935444,-1.1400985901932593e-09
525.0880034031836,22.71850962451836,3.942393924608293,-15.815074478931649,-16.309938650564515,-1.1400801905486233e-09
525.5880034031836,23.196823568838553,3.9490353678120664,-16.037086526850935,-16.76020523186157,-1.1400646382515768e-09
526.0880034031836,23.67599231997159,3.9554082207687125,-16.25901075495428,-17.21038005407303,-1.140051261302672e-09
526.5880034031836,24.15596742771306,3.961528028661366,-16.480854602746547,-17.660469810621183,-1.1400397118337404e-09
527.0880034031836,24.636703954093928,3.9674091914384424,-16.70262475493281,-18.110480612550656,-1.1400298442279275e-09
527.5880034031836,25.11816016816196,3.9730650644545027,-16.924327229684348,-18.560418046369616,-1.1400213529010154e-09
528.0880034031836,25.60029727125753,3.9785080490004776,-17.145967455317688,-19.01028722555087,-1.1400137877785544e-09
528.5880034031836,26.083079149385274,3.9837496738483367,-17.367550337061374,-19.46009283643673,-1.1400074458091733e-09
529.0880034031836,26.566472149695322,3.98880066880028,-17.589080315322793,-19.90983917920136,-1.140002014250436e-09
529.5880034031836,27.050444878447138,3.9936710311145407,-17.810561416648593,-20.359530204444685,-1.1399973507176573e-09
530.0880034031836,27.534968018141836,3.9983700855767075,-18.0319972983904,-20.809169545922177,-1.1399929495138221e-09
530.5880034031836,28.020014161781933,4.002906538895237,-18.253391287934935,-21.258760549853353,-1.1399894024496579e-09
531.0880034031836,28.5055576624559,4.007288529020836,-18.47474641723011,-21.7083063011982,-1.1399866691805878e-09
531.5880034031836,28.991574496653335,4.0115236699202095,-18.69606545323136,-22.15780964724377,-1.1399838066527984e-09
532.0880034031836,29.47804213989907,4.015619092274019,-18.91735092480206,-22.607273218801865,-1.1399813346780686e-09
532.5880034031836,29.964939453454342,4.019581480515663,-19.138605146525908,-23.056699449282775,-1.139979299501902e-09
533.0880034031836,30.452246580973586,4.023417106580779,-19.359830239824177,-23.506090591878667,-1.1399772956476999e-09
533.5880034031836,30.939944854128616,4.027131860696222,-19.58102815171659,-23.955448735062387,-1.1399760108692684e-09
534.0880034031836,31.42801670632036,4.030731279501155,-19.80220067151761,-24.40477581658351,-1.1399746147719574e-09
534.5880034031836,31.91644559369392,4.034220571760976,-20.023349445720633,-24.854073636122173,-1.1399733503440587e-09
535.0880034031836,32.40521592275689,4.037604641906696,-20.24447599128887,-25.303343866742694,-1.1399724014463953e-09
535.5880034031836,32.894312983975276,4.040888111607576,-20.46558170754229,-25.752588065272874,-1.1399713572058044e-09
536.0880034031836,33.383722890787155,4.044075339562845,-20.686667886806084,-26.201807681720208,-1.1399704887446472e-09
536.5880034031836,33.87343252353236,4.0471704396789,-20.907735723964016,-26.651004067824132,-1.13996982172177e-09
537.0880034031836,34.36342947784819,4.0501772977811825,-21.128786325042224,-27.100178484832064,-1.139969196447096e-09
537.5880034031836,34.853702017126956,4.053099586994611,-21.349820714933134,-27.549332110577414,-1.1399687197771826e-09
538.0880034031836,35.34423902867168,4.055940781912893,-21.570839844355543,-27.998466045929046,-1.1399680769554497e-09
538.5880034031836,35.83502998322289,4.0587041716649725,-21.79184459613517,-28.44758132067431,-1.1399676483508875e-09
539.0880034031836,36.32606489756125,4.0613928719760946,-22.012835790879482,-28.896678898890904,-1.1399672154705177e-09
539.5880034031836,36.81733429991997,4.0640098363114046,-22.233814192112444,-29.34575968385693,-1.1399668007301672e-09
540.0880034031836,37.308829197966325,4.066557866181442,-22.454780510926124,-29.794824522543458,-1.139966522053887e-09
540.5880034031836,37.8005410491348,4.069039620681234,-22.675735410200286,-30.24387420972905,-1.1399663910653302e-09
541.0880034031836,38.29246173311486,4.0714576253278745,-22.89667950843471,-30.69290949177175,-1.1399661618407564e-09
541.5880034031836,38.78458352631474,4.073814280255343,-23.117613383233863,-31.141931070070328,-1.139966076351811e-09
542.0880034031836,39.27689907813932,4.076111867819823,-23.33853757447944,-31.59093960424338,-1.139965704689287e-09
542.5880034031836,39.76940138893484,4.078352559663872,-23.559452587221784,-32.039935715051946,-1.1399655372676983e-09
543.0880034031836,40.26208378946667,4.0805384232833495,-23.780358894318272,-32.48891998708872,-1.1399651919371445e-09
543.5880034031836,40.75493992180841,4.082671428137038,-24.001256938843355,-32.937892971254804,-1.1399650896267521e-09
544.0880034031836,41.24796372153121,4.084753451335313,-24.22214713629245,-33.386855187042606,-1.1399650492120147e-09
544.5880034031836,41.74114940109228,4.086786282940975,-24.443029876599354,-33.83580712464205,-1.1399647897273794e-09
545.0880034031836,42.23449143433013,4.0887716309124515,-24.663905525984894,-34.28474924688522,-1.1399647928807726e-09
545.5880034031836,42.727984541982174,4.090711125716944,-24.884774428652797,-34.73368199104344,-1.1399646508813176e-09
546.0880034031836,43.221623678147495,4.0926063246387105,-25.10563690834655,-35.18260577048931,-1.1399644046949072e-09
546.5880034031836,43.71540401762415,4.094458715805525,-25.326493269780446,-35.63152097623502,-1.1399645018939912e-09
547.0880034031836,44.20932094405633,4.096269721954399,-25.547343799956067,-36.080427978357235,-1.1399642559022488e-09
547.5880034031836,44.70337003883192,4.0980407039559,-25.76818876937435,-36.5293271273182,-1.1399641496182408e-09
548.0880034031836,45.19754707067611,4.099772964114764,-25.98902843315269,-36.97821875519106,-1.1399640588943848e-09
548.5880034031836,45.69184798589096,4.101467749263072,-26.2098630320555,-37.427103176797665,-1.1399640451110523e-09
549.0880034031836,46.18626889919497,4.103126253660921,-26.430692793445598,-37.87598069076559,-1.1399638494075603e-09
549.5880034031836,46.68080608512031,4.104749621718323,-26.65151793216317,-38.32485158051092,-1.1399637548355653e-09
550.0880034031836,47.175455969928755,4.106338950550938,-26.872338651338932,-38.773716115152574,-1.1399637675816514e-09
550.5880034031836,47.67021512401051,4.107895292381296,-27.09315514314646,-39.22257455036368,-1.1399639018625953e-09
551.0880034031836,48.16508025473267,4.109419656796206,-27.313967589499285,-39.671427129164655,-1.1399636969480458e-09
551.5880034031836,48.66004819970692,4.110913012870225,-27.53477616269694,-40.12027408266271,-1.1399637812715074e-09
552.0880034031836,49.15511592044813,4.11237629116432,-27.755581026024515,-40.569115630741585,-1.1399639538967392e-09
552.5880034031836,49.65028049639785,4.113810385608127,-27.97638233430909,-41.017951982705604,-1.1399635704984556e-09
553.0880034031836,50.14553911928853,4.115216155273597,-28.197180234436914,-41.46678333788113,-1.1399637377651708e-09
553.5880034031836,50.640889087826196,4.116594426047218,-28.41797486583419,-41.91560988617881,-1.139963795854934e-09
554.0880034031836,51.13632780267082,4.117945992207478,-28.638766360914467,-42.36443180861935,-1.139963845222795e-09
554.5880034031836,51.63185276169529,4.119271617913732,-28.859554845495136,-42.81324927782567,-1.1399638150138935e-09
555.0880034031836,52.127461555505185,4.120572038612196,-29.08034043918564,-43.26206245848359,-1.1399638703714973e-09
555.5880034031836,52.62315186320279,4.121847962364359,-29.30112325574929,-43.710871507773575,-1.1399640833877091e-09
556.0880034031836,53.11892144838017,4.123100071102738,-29.521903403440977,-44.15967657577536,-1.1399639311369753e-09
556.5880034031836,53.614768155326885,4.124329021818549,-29.742680985322398,-44.60847780584758,-1.1399637994509206e-09
557.0880034031836,54.11068990543924,4.125535447685529,-29.963456099556456,-45.057275334984,-1.1399637086517225e-09
557.5880034031836,54.6066846938187,4.126719959123856,-30.184228839682724,-45.506069294148,-1.1399635587385868e-09
558.0880034031836,55.10275058604801,4.127883144807856,-30.404999294874752,-45.95485980858695,-1.1399635359261788e-09
558.5880034031836,55.59888571513427,4.129025572620884,-30.62576755018122,-46.40364699812751,-1.1399634374927298e-09
559.0880034031836,56.09508827860914,4.130147790560598,-30.846533686751535,-46.852430977453615,-1.1399634972139237e-09
559.5880034031836,56.59135653577669,4.131250327597562,-31.06729778204745,-47.30121185636774,-1.139963446593779e-09
560.0880034031836,57.087688805100456,4.132333694489971,-31.288059910041202,-47.749989740037265,-1.1399635826135736e-09
560.5880034031836,57.58408346172136,4.133398384557065,-31.508820141401632,-48.19876472922615,-1.139963458741838e-09
561.0880034031836,58.080538935099156,4.134444874413644,-31.729578543668794,-48.64753692051348,-1.1399635047837728e-09
561.5880034031836,58.57705370677012,4.135473624667948,-31.95033518141791,-49.096306406499465,-1.1399635970443263e-09
562.0880034031836,59.07362630821457,4.136485080584992,-32.17109011641341,-49.54507327599978,-1.1399636389008241e-09
562.5880034031836,59.57025531882785,4.137479672717338,-32.39184340775391,-49.99383761422889,-1.1399636190205888e-09
563.0880034031836,60.06693936398911,4.13845781750513,-32.612595112008414,-50.44259950297317,-1.1399637659925663e-09
563.5880034031836,60.56367711322237,4.1394199178471425,-32.833345283344514,-50.89135902075453,-1.1399637186226985e-09
564.0880034031836,61.06046727844485,4.140366363644424,-33.05409397364929,-51.34011624298484,-1.1399637043044428e-09
564.5880034031836,61.5573086122977,4.141297532318084,-33.274841232642835,-51.78887124211217,-1.139963692323605e-09
565.0880034031836,62.05419990655479,4.142213789302609,-33.49558710798576,-52.237624087758846,-1.1399638098440817e-09
565.5880034031836,62.551139990605186,4.143115488516074,-33.71633164538005,-52.6863748468523,-1.139963628887027e-09
566.0880034031836,63.04812773000552,4.1440029728084635,-33.93707488866458,-53.13512358374884,-1.1399640045629126e-09
566.5880034031836,63.54516202509847,4.144876574389306,-34.15781687990512,-53.58387036035084,-1.1399640481278881e-09
567.0880034031836,64.04224180969388,4.1457366152357,-34.37855765947939,-54.03261523621777,-1.139964006102151e-09
567.5880034031836,64.53936604980919,4.146583407481788,-34.59929726615726,-54.48135826867155,-1.1399637427402552e-09
568.0880034031836,65.03653374246625,4.147417253790635,-34.82003573717683,-54.9300995128962,-1.1399638180383723e-09
568.5880034031836,65.5337439145414,4.148238447709437,-35.040773108316024,-55.37883902203268,-1.139964128333571e-09
569.0880034031836,66.03099562166625,4.1490472740089235,-35.26150941396064,-55.827576847268524,-1.1399640631204904e-09
569.5880034031836,66.52828794717651,4.149844009007759,-35.48224468716857,-56.27631303792324,-1.1399639767811662e-09
570.0880034031836,67.02562000110645,4.1506289208827125,-35.702978959730515,-56.72504764152922,-1.139963843541042e-09
570.5880034031836,67.52299091922674,4.151402269965317,-35.923712262227745,-57.17378070390872,-1.139963925299052e-09
571.0880034031836,68.02039986212347,4.15216430902569,-36.14444462408667,-57.62251226924681,-1.1399639087492031e-09
571.5880034031836,68.51784601431626,4.152915283544172,-36.36517607363058,-58.07124238016095,-1.13996397300873e-09
572.0880034031836,69.01532858341376,4.153655431971369,-36.58590663812868,-58.51997107776712,-1.139963957535121e-09
572.5880034031836,69.51284679930437,4.154384985977184,-36.80663634384271,-58.96869840174257,-1.1399637328658044e-09
573.0880034031836,70.01039991338082,4.155104170689364,-37.02736521607113,-59.41742439038568,-1.1399635574251299e-09
573.5880034031836,70.50798719779675,4.15581320492209,-37.248093279190925,-59.866149080672976,-1.1399637028345635e-09
574.0880034031836,71.00560794475386,4.156512301395068,-37.46882055669768,-60.31487250831325,-1.1399638302532167e-09
574.5880034031836,71.50326146581814,4.157201666943592,-37.68954707124327,-60.76359470779927,-1.1399636144414133e-09
575.0880034031836,72.00094709126384,4.157881502720004,-37.91027284467181,-61.21231571245703,-1.139963740493975e-09
575.5880034031836,72.49866416944384,4.158552004386962,-38.130997898053955,-61.661035554492635,-1.1399636520071e-09
576.0880034031836,72.99641206618526,4.15921336230289,-38.35172225171942,-62.10975426503703,-1.1399638145829155e-09
576.5880034031836,73.494190164209,4.15986576169999,-38.57244592528783,-62.55847187418872,-1.1399637386451557e-09
577.0880034031836,73.99199786257238,4.160509382855148,-38.7931689376983,-63.00718841105446,-1.139963709207793e-09
577.5880034031836,74.48983457613343,4.16114440125407,-39.013891307237415,-63.4559039037881,-1.1399638918590678e-09
578.0880034031836,74.98769973503629,4.161770987748958,-39.23461305156589,-63.90461837962775,-1.1399638035491003e-09
578.5880034031836,75.48559278421632,4.162389308710008,-39.455334187744164,-64.3533318649311,-1.1399636851173964e-09
579.0880034031836,75.98351318292451,4.1629995261710295,-39.67605473225649,-64.80204438520941,-1.1399636703468754e-09
579.5880034031836,76.4814604042699,4.163601797969433,-39.896774701034175,-65.2507559651597,-1.139963867320449e-09
580.0880034031836,76.97943393477942,4.164196277880844,-40.1174941094775,-65.69946662869576,-1.1399640457901142e-09
580.5880034031836,77.4774332739745,4.164783115748587,-40.33821297247692,-66.14817639897767,-1.1399640343326126e-09
581.0880034031836,77.9754579339634,4.165362457608252,-40.55893130443295,-66.59688529844007,-1.1399638821941232e-09
581.5880034031836,78.47350743904887,4.165934445807576,-40.77964911927553,-67.0455933488192,-1.1399638902963983e-09
582.0880034031836,78.97158132535033,4.166499219121831,-41.00036643048206,-67.49430057117875,-1.1399640205930455e-09
582.5880034031836,79.46967914043996,4.167056912864917,-41.221083251095095,-67.94300698593466,-1.1399639728764411e-09
583.0880034031836,79.9678004429922,4.167607658996346,-41.44179959373889,-68.3917126128788,-1.1399640675114724e-09
583.5880034031836,80.46594480244589,4.168151586224294,-41.662515470635434,-68.84041747120169,-1.1399641883913938e-09
584.0880034031836,80.9641117986788,4.168688820104883,-41.88323089361964,-69.28912157951423,-1.1399639398810672e-09
584.5880034031836,81.46230102169376,4.169219483137858,-42.10394587415396,-69.73782495586855,-1.1399642419156015e-09
585.0880034031836,81.96051207131607,4.169743694858806,-42.3246604233423,-70.18652761777797,-1.1399639910250942e-09
585.5880034031836,82.45874455690168,4.170261571928068,-42.54537455194333,-70.63522958223619,-1.1399637197488625e-09
586.0880034031836,82.95699809705566,4.170773228216471,-42.76608827038334,-71.08393086573558,-1.1399639526959475e-09
586.5880034031836,83.45527231936062,4.171278774888025,-42.98680158876838,-71.53263148428483,-1.1399640265816974e-09
587.0880034031836,83.95356686011459,4.171778320479693,-43.20751451689598,-71.98133145342585,-1.1399639666699096e-09
587.5880034031836,84.45188136407803,4.172271970978373,-43.42822706426635,-72.43003078824994,-1.1399639334192726e-09
588.0880034031836,84.95021548422956,4.172759829895182,-43.64893924009316,-72.87872950341334,-1.1399642233474457e-09
588.5880034031836,85.4485688815301,4.17324199833718,-43.869651053313774,-73.32742761315222,-1.1399642215651906e-09
589.0880034031836,85.9469412246951,4.173718575076605,-44.0903625125991,-73.77612513129698,-1.1399641638949751e-09
589.5880034031836,86.44533218997451,4.174189656617743,-44.31107362636308,-74.22482207128604,-1.1399643956888774e-09
590.0880034031836,86.9437414609401,4.174655337261517,-44.53178440277174,-74.6735184461791,-1.1399643192512711e-09
590.5880034031836,87.44216872828005,4.175115709167879,-44.75249484975186,-75.12221426866977,-1.1399643554366322e-09
591.0880034031836,87.94061368960031,4.175570862416109,-44.97320497499934,-75.57090955109784,-1.1399642812026705e-09
591.5880034031836,88.43907604923265,4.176020885063081,-45.19391478598723,-76.01960430546112,-1.1399644192951448e-09
592.0880034031836,88.937555518049,4.176465863199594,-45.41462428997335,-76.46829854342654,-1.13996419948212e-09
592.5880034031836,89.43605181328185,4.176905881004829,-45.63533349400772,-76.9169922763412,-1.1399642018808199e-09
593.0880034031836,89.93456465835068,4.177341020799011,-45.85604240493967,-77.3656855152427,-1.1399640661395408e-09
593.5880034031836,90.43309378269385,4.177771363094346,-46.076751029424514,-77.81437827086924,-1.1399640234772148e-09
594.0880034031836,90.93163892160607,4.17819698664429,-46.297459373930195,-78.26307055366935,-1.1399641530835611e-09
594.5880034031836,91.43019981608104,4.178617968491223,-46.51816744474353,-78.71176237381113,-1.1399641885391719e-09
595.0880034031836,91.92877621265916,4.179034384012582,-46.73887524797635,-79.1604537411912,-1.1399641806229097e-09
595.5880034031836,92.42736786328,4.179446306965512,-46.9595827895711,-79.60914466544345,-1.1399643146075503e-09
596.0880034031836,92.92597452513958,4.179853809530089,-47.18029007530664,-80.05783515594717,-1.1399642745085228e-09
596.5880034031836,93.42459596055207,4.180256962351173,-47.40099711080343,-80.50652522183532,-1.1399642551335809e-09
597.0880034031836,93.92323193681581,4.180655834578935,-47.62170390152885,-80.95521487200197,-1.1399643775255582e-09
597.5880034031836,94.4218822260836,4.181050493908107,-47.8424104528021,-81.40390411510994,-1.1399644545850574e-09
598.0880034031836,94.92054660523688,4.181441006616012,-48.06311676979888,-81.85259295959796,-1.1399645069065e-09
598.5880034031836,95.41922485576391,4.181827437599397,-48.28382285755623,-82.30128141368738,-1.139964163665193e-09
599.0880034031836,95.91791676364168,4.182209850410137,-48.50452872097675,-82.74996948538916,-1.1399643029694855e-09
599.5880034031836,96.41662211922133,4.182588307289834,-48.725234364832936,-83.19865718251,-1.1399642759281934e-09
600.0880034031836,96.91534071711718,4.182962869203354,-48.945939793771366,-83.64734451265873,-1.139964574899752e-09
600.5880034031836,97.41407235609903,4.183333595871339,-49.166645012316565,-84.09603148325219,-1.139964621576155e-09
601.0880034031836,97.9128168389878,4.183700545801743,-49.38735002487484,-84.54471810152107,-1.139964350318493e-09
601.5880034031836,98.41157397255417,4.1840637763204,-49.60805483573807,-84.99340437451546,-1.1399646063333217e-09
602.0880034031836,98.91034356742033,4.184423343600684,-49.82875944908707,-85.44209030911021,-1.1399646562176614e-09
602.5880034031836,99.4091254379646,4.184779302692278,-50.04946386899511,-85.8907759120101,-1.139964516624053e-09
603.0880034031836,99.90791940222897,4.185131707549091,-50.27016809943122,-86.33946118975499,-1.1399645184488216e-09
603.5880034031836,100.40672528182914,4.185480611056337,-50.49087214426338,-86.78814614872445,-1.1399644298187692e-09
604.0880034031836,100.90554290186745,4.185826065056834,-50.7115760072615,-87.23683079514267,-1.1399645553928922e-09
604.5880034031836,101.40437209084813,4.1861681203765135,-50.932279692100465,-87.68551513508277,-1.1399643931740057e-09
605.0880034031836,101.90321268059516,4.186506826849196,-51.15298320236303,-88.13419917447129,-1.1399643301967585e-09
605.5880034031836,102.40206450617238,4.186842233340645,-51.37368654154243,-88.5828829190924,-1.1399646302431986e-09
606.0880034031836,102.90092740580597,4.187174387771925,-51.59438971304511,-89.03156637459196,-1.1399645641231865e-09
606.5880034031836,103.39980122080911,4.187503337142087,-51.81509272019335,-89.48024954648152,-1.1399643857736902e-09
607.0880034031836,103.89868579550875,4.187829127550202,-52.03579556622769,-89.92893244014192,-1.1399646674446778e-09
607.5880034031836,104.39758097717458,4.188151804216774,-52.25649825430937,-90.37761506082735,-1.1399646710067464e-09
608.0880034031836,104.8964866159498,4.188471411504535,-52.47720078752258,-90.82629741366856,-1.1399646781099918e-09
608.5880034031836,105.39540256478398,4.188787992938665,-52.69790316887674,-91.27497950367649,-1.1399648951473236e-09
609.0880034031836,105.89432867936777,4.189101591226431,-52.9186054013087,-91.72366133574562,-1.1399647564357004e-09
609.5880034031836,106.3932648180694,4.189412248276288,-53.139307487684675,-92.17234291465712,-1.1399649308966759e-09
610.0880034031836,106.89221084187288,4.189720005216438,-53.360009430802535,-92.62102424508203,-1.139964737558802e-09
610.5880034031836,107.39116661431805,4.190024902412884,-53.58071123339344,-93.06970533158427,-1.1399645790973586e-09
611.0880034031836,107.8901320014421,4.190326979486978,-53.801412898123914,-93.51838617862364,-1.1399645478123582e-09
611.5880034031836,108.38910687172277,4.190626275332493,-54.02211442759766,-93.96706679055852,-1.1399645574996749e-09
612.0880034031836,108.88809109602316,4.19092282813222,-54.24281582435737,-94.41574717164868,-1.139964635646009e-09
612.5880034031836,109.38708454753788,4.191216675374127,-54.46351709088624,-94.86442732605802,-1.1399643570464144e-09
613.0880034031836,109.88608710174074,4.191507853867064,-54.6842182296099,-95.313107257857,-1.1399643641169063e-09
613.5880034031836,110.38509863633385,4.191796399756056,-54.9049192428977,-95.76178697102532,-1.1399645177875726e-09
614.0880034031836,110.88411903119804,4.1920823485371805,-55.1256201330645,-96.21046646945419,-1.1399644131991215e-09
614.5880034031836,111.3831481683446,4.1923657350720465,-55.34632090237222,-96.65914575694865,-1.1399644123154695e-09
615.0880034031836,111.88218593186834,4.192646593601892,-55.567021553030926,-97.10782483723005,-1.1399645377840504e-09
615.5880034031836,112.38123220790179,4.192924957761303,-55.78772208720061,-97.55650371393807,-1.139964658598358e-09
616.0880034031836,112.88028688457071,4.193200860591572,-56.00842250699244,-98.00518239063284,-1.1399646419901706e-09
616.5880034031836,113.3793498519507,4.193474334553711,-56.22912281446988,-98.45386087079723,-1.139964941891167e-09
617.0880034031836,113.87842100202496,4.193745411541112,-56.449823011650324,-98.90253915783859,-1.139964687586743e-09
617.5880034031836,114.3775002286431,4.19401412289189,-56.67052310050611,-99.35121725509082,-1.139964439314916e-09
618.0880034031836,114.87658742748104,4.1942804994008975,-56.89122308296573,-99.7998951658163,-1.1399645622356797e-09
618.5880034031836,115.37568249600199,4.194544571331437,-57.11192296091491,-100.2485728932077,-1.139964779853942e-09
619.0880034031836,115.8747853334183,4.19480636842666,-57.33262273619805,-100.69725044038968,-1.1399647156285827e-09
619.5880034031836,116.37389584065444,4.195065919920686,-57.55332241061895,-101.1459278104207,-1.1399646040893744e-09
620.0880034031836,116.87301392031078,4.195323254549432,-57.77402198594209,-101.59460500629469,-1.1399643980779472e-09
620.5880034031836,117.37213947662835,4.195578400561169,-57.99472146389357,-102.04328203094265,-1.1399647619745473e-09
621.0880034031836,117.87127241545446,4.19583138572681,-58.215420846162026,-102.49195888723426,-1.1399647976038517e-09
621.5880034031836,118.37041264420922,4.196082237349936,-58.436120134399886,-102.94063557797936,-1.139964833484308e-09
622.0880034031836,118.86956007185286,4.19633098227658,-58.65681933022407,-103.38931210592945,-1.1399647619094424e-09
622.5880034031836,119.36871460885382,4.196577646904758,-58.87751843521686,-103.83798847377915,-1.1399650680294175e-09
623.0880034031836,119.86787616715775,4.196822257193766,-59.09821745092689,-104.28666468416768,-1.139965019103392e-09
623.5880034031836,120.36704466015713,4.1970648386732465,-59.31891637886995,-104.73534073968011,-1.1399649117466384e-09
624.0880034031836,120.86622000266176,4.19730541645203,-59.539615220529996,-105.18401664284868,-1.1399647851617686e-09
624.5880034031836,121.36540211086985,4.197544015226764,-59.760313977359594,-105.6326923961542,-1.1399646830865792e-09
625.0880034031836,121.86459090233993,4.197780659290322,-59.98101265078099,-106.0813680020272,-1.1399646441670097e-09
625.5880034031836,122.36378629596335,4.198015372540018,-60.20171124218681,-106.53004346284924,-1.1399646217237221e-09
626.0880034031836,122.86298821193749,4.198248178485615,-60.422409752940744,-106.97871878095391,-1.1399646288095798e-09
626.5880034031836,123.3621965717396,4.198479100257138,-60.64310818437841,-107.42739395862816,-1.1399647887665007e-09
627.0880034031836,123.86141129810126,4.198708160612509,-60.86380653780777,-107.87606899811335,-1.1399649162193574e-09
627.5880034031836,124.36063231498346,4.1989353819449855,-61.084504814509984,-108.32474390160641,-1.1399648111721786e-09
628.0880034031836,124.85985954755229,4.199160786290432,-61.30520301574016,-108.7734186712607,-1.13996487028413e-09
628.5880034031836,125.35909292215511,4.1993843953344125,-61.52590114272783,-109.22209330918723,-1.1399650344181366e-09
629.0880034031836,125.85833236629745,4.199606230419118,-61.746599196677685,-109.67076781745551,-1.139964849370886e-09
629.5880034031836,126.35757780862026,4.199826312550129,-61.967297178769954,-110.11944219809476,-1.1399646946540793e-09
630.0880034031836,126.85682917887786,4.200044662403019,-62.18799509016121,-110.56811645309458,-1.1399651092096685e-09
630.5880034031836,127.35608640791628,4.200261300329802,-62.40869293198503,-111.01679058440592,-1.1399651822752231e-09
631.0880034031836,127.85534942765217,4.200476246365236,-62.62939070535213,-111.46546459394223,-1.1399650545601156e-09
631.5880034031836,128.35461817105218,4.2006895202329675,-62.8500884113514,-111.91413848357995,-1.1399649194728854e-09
632.0880034031836,128.85389257211278,4.200901141351547,-63.070786051050135,-112.36281225515958,-1.1399650075024672e-09
632.5880034031836,129.35317256584065,4.201111128840299,-63.291483625494564,-112.81148591048655,-1.1399648312993236e-09
633.0880034031836,129.85245808823336,4.201319501525057,-63.51218113571035,-113.26015945133187,-1.1399649939086112e-09
633.5880034031836,130.35174907626063,4.201526277943766,-63.73287858270327,-113.70883287943298,-1.1399648430938816e-09
634.0880034031836,130.8510454678459,4.201731476351966,-63.95357596745923,-114.15750619649457,-1.1399647626143715e-09
634.5880034031836,131.3503472018484,4.201935114728138,-64.17427329094535,-114.60617940418912,-1.1399648682514682e-09
635.0880034031836,131.84965421804566,4.202137210778937,-64.39497055410983,-115.05485250415792,-1.1399651186920706e-09
635.5880034031836,132.34896645711623,4.202337781944308,-64.61566775788263,-115.50352549801156,-1.1399651780570015e-09
636.0880034031836,132.848283860623,4.2025368454024825,-64.83636490317598,-115.95219838733064,-1.1399649784245114e-09
636.5880034031836,133.34760637099674,4.202734418074862,-65.05706199088465,-116.4008711736664,-1.1399651858692697e-09
637.0880034031836,133.84693393152008,4.2029305166308015,-65.27775902188644,-116.84954385854155,-1.139964972226313e-09
637.5880034031836,134.3462664863118,4.203125157492277,-65.49845599704234,-117.29821644345071,-1.1399650302325688e-09
638.0880034031836,134.84560398031155,4.203318356838455,-65.71915291719716,-117.7468889298612,-1.1399649603307283e-09
638.5880034031836,135.34494635926478,4.203510130610159,-65.93984978317985,-118.1955613192134,-1.1399647742247127e-09
639.0880034031836,135.8442935697081,4.203700494514237,-66.16054659580384,-118.64423361292157,-1.1399652715144754e-09
639.5880034031836,136.34364555895488,4.203889464027839,-66.38124335586737,-119.09290581237418,-1.1399651232492063e-09
640.0880034031836,136.84300227508123,4.2040770544025925,-66.60194006415374,-119.5415779189348,-1.1399651253480692e-09
640.5880034031836,137.3423636669123,4.204263280668697,-66.82263672143165,-119.9902499339424,-1.1399650299385456e-09
641.0880034031836,137.84172968400873,4.204448157638919,-67.0433333284559,-120.4389218587118,-1.1399653562194293e-09
641.5880034031836,138.3411002766536,4.20463169991251,-67.26402988596709,-120.8875936945345,-1.1399652211886585e-09
642.0880034031836,138.84047539583952,4.204813921879036,-67.48472639469236,-121.3362654426789,-1.1399653183632023e-09
642.5880034031836,139.33985499325595,4.204994837722123,-67.70542285534573,-121.7849371043908,-1.1399650388096556e-09
643.0880034031836,139.83923902127697,4.2051744614231295,-67.92611926862796,-122.23360868089415,-1.1399654270390721e-09
643.5880034031836,140.33862743294912,4.205352806764734,-68.14681563522717,-122.68228017339122,-1.1399650871100776e-09
644.0880034031836,140.8380201819797,4.205529887334447,-68.3675119558191,-123.1309515830632,-1.139965110945005e-09
644.5880034031836,141.33741722272498,4.205705716528055,-68.5882082310673,-123.57962291107053,-1.139964905556242e-09
645.0880034031836,141.83681851017914,4.205880307552982,-68.80890446162348,-124.02829415855348,-1.139965253663365e-09
645.5880034031836,142.33622399996298,4.206053673431591,-69.02960064812764,-124.47696532663244,-1.1399650193070051e-09
646.0880034031836,142.83563364831312,4.2062258270044115,-69.2502967912082,-124.92563641640852,-1.1399652601015783e-09
646.5880034031836,143.3350474120714,4.206396780933294,-69.47099289148277,-125.37430742896372,-1.1399650973462988e-09
647.0880034031836,143.83446524867435,4.206566547704511,-69.69168894955776,-125.82297836536138,-1.1399652217802413e-09
647.5880034031836,144.33388711614316,4.2067351396317845,-69.91238496602894,-126.27164922664679,-1.1399649048079687e-09
648.0880034031836,144.83331297307353,4.206902568859255,-70.13308094148174,-126.72032001384719,-1.1399648844224046e-09
648.5880034031836,145.3327427786259,4.207068847364389,-70.35377687649118,-127.16899072797243,-1.1399653427334854e-09
649.0880034031836,145.832176492516,4.207233986960825,-70.5744727716223,-127.61766137001524,-1.1399651920252967e-09
649.5880034031836,146.33161407500523,4.207397999301162,-70.79516862743047,-128.06633194095141,-1.1399649358057771e-09
650.0880034031836,146.83105548689167,4.207560895879698,-71.01586444446117,-128.51500244174053,-1.1399650465626764e-09
650.5880034031836,147.3305006895009,4.207722688035101,-71.23656022325063,-128.9636728733259,-1.139964851261212e-09
651.0880034031836,147.8299496446772,4.207883386953034,-71.45725596432584,-129.41234323663497,-1.1399649706065474e-09
651.5880034031836,148.32940231477502,4.208043003668725,-71.67795166820476,-129.86101353257985,-1.1399647923831327e-09
652.0880034031836,148.82885866265025,4.2082015490694875,-71.89864733539643,-130.30968376205743,-1.139964679645481e-09
652.5880034031836,149.3283186516521,4.208359033897188,-72.11934296640122,-130.75835392594976,-1.1399646675159572e-09
653.0880034031836,149.82778224561486,4.208515468750663,-72.34003856171101,-131.2070240251243,-1.139964787173677e-09
653.5880034031836,150.32724940884992,4.208670864088093,-72.56073412180945,-131.6556940604342,-1.1399647847004965e-09
654.0880034031836,150.82672010613794,4.208825230229323,-72.78142964717206,-132.10436403271854,-1.1399648061059587e-09
654.5880034031836,151.32619430272115,4.208978577358144,-73.00212513826622,-132.5530339428028,-1.1399648683773647e-09
655.0880034031836,151.8256719642958,4.209130915524525,-73.2228205955515,-133.00170379149898,-1.139964872571884e-09
655.5880034031836,152.32515305700483,4.209282254646802,-73.44351601947977,-133.45037357960587,-1.1399649166319042e-09
656.0880034031836,152.8246375474306,4.209432604513825,-73.66421141049562,-133.89904330790918,-1.1399647795967367e-09
656.5880034031836,153.32412540258778,4.209581974787063,-73.88490676903606,-134.34771297718214,-1.1399648155044026e-09
657.0880034031836,153.82361658991638,4.209730375002666,-74.10560209553088,-134.7963825881854,-1.1399648587252921e-09
657.5880034031836,154.32311107727497,4.209877814573493,-74.32629739040277,-135.2450521416675,-1.1399647373707536e-09
658.0880034031836,154.8226088329339,4.210024302791092,-74.5469926540676,-135.69372163836488,-1.1399648884721622e-09
658.5880034031836,155.32210982556876,4.210169848827651,-74.76768788693438,-136.1423910790023,-1.1399644779311658e-09
659.0880034031836,155.82161402425402,4.210314461737904,-74.98838308940546,-136.59106046429307,-1.1399649003485383e-09
659.5880034031836,156.32112139845654,4.2104581504610055,-75.2090782618766,-137.03972979493906,-1.1399650997680658e-09
660.0880034031836,156.82063191802953,4.210600923822367,-75.4297734047371,-137.4883990716312,-1.1399649658395688e-09
660.5880034031836,157.32014555320634,4.21074279053546,-75.65046851837018,-137.93706829504936,-1.1399650636214015e-09
661.0880034031836,157.81966227459458,4.210883759203583,-75.87116360315264,-138.38573746586292,-1.1399649619671426e-09
661.5880034031836,158.3191820531702,4.211023838321596,-76.09185865945533,-138.83440658473074,-1.1399648982872342e-09
662.0880034031836,158.8187048602718,4.211163036277625,-76.31255368764317,-139.28307565230133,-1.1399648341017402e-09
662.5880034031836,159.3182306675949,4.211301361354729,-76.53324868807535,-139.73174466921319,-1.1399649057603176e-09
663.0880034031836,159.81775944718646,4.211438821732539,-76.75394366110525,-140.1804136360948,-1.1399647181518953e-09
663.5880034031836,160.31729117143945,4.211575425488871,-76.97463860708048,-140.62908255356518,-1.139964339527325e-09
664.0880034031836,160.81682581308755,4.211711180601296,-77.19533352634349,-141.07775142223358,-1.1399645043452472e-09
664.5880034031836,161.31636334519976,4.211846094948697,-77.41602841923114,-141.52642024269994,-1.139964438367914e-09
665.0880034031836,161.81590374117548,4.211980176312786,-77.63672328607511,-141.975089015555,-1.1399644476959515e-09
665.5880034031836,162.3154469747393,4.212113432379597,-77.85741812720177,-142.42375774138063,-1.1399646433604695e-09
666.0880034031836,162.81499301993608,4.212245870740949,-78.07811294293242,-142.87242642074966,-1.139964726057485e-09
666.5880034031836,163.31454185112617,4.212377498895889,-78.2988077335834,-143.32109505422633,-1.139964664884763e-09
667.0880034031836,163.8140934429805,4.2125083242521,-78.51950249946613,-143.7697636423663,-1.1399647766229924e-09
667.5880034031836,164.313647770476,4.212638354127289,-78.7401972408872,-144.21843218571692,-1.1399646977892532e-09
668.0880034031836,164.813204808891,4.212767595750547,-78.96089195814861,-144.66710068481717,-1.1399646370421221e-09
668.5880034031836,165.31276453380056,4.212896056263687,-79.18158665154748,-145.1157691401981,-1.139964525229831e-09
669.0880034031836,165.81232692107227,4.213023742722555,-79.40228132137652,-145.56443755238274,-1.1399644525368408e-09
669.5880034031836,166.31189194686166,4.213150662098322,-79.6229759679239,-146.01310592188636,-1.1399647474088484e-09
670.0880034031836,166.81145958760806,4.213276821278743,-79.84367059147357,-146.4617742492165,-1.1399644918535072e-09
670.5880034031836,167.31102982003034,4.21340222706941,-80.06436519230489,-146.9104425348733,-1.139964315820585e-09
671.0880034031836,167.8106026211228,4.213526886194962,-80.28505977069334,-147.35911077934946,-1.1399642765759856e-09
671.5880034031836,168.31017796815107,4.213650805300293,-80.50575432690998,-147.8077789831303,-1.1399643725607924e-09
672.0880034031836,168.80975583864816,4.213773990951726,-80.7264488612218,-148.25644714669426,-1.1399645483342788e-09
672.5880034031836,169.30933621041055,4.213896449638171,-80.94714337389186,-148.70511527051258,-1.1399644409475042e-09
673.0880034031836,169.80891906149435,4.214018187772262,-81.16783786517937,-149.15378335504965,-1.1399645915985398e-09
673.5880034031836,170.30850437021144,4.2141392116914735,-81.38853233533943,-149.60245140076327,-1.139964369565784e-09
674.0880034031836,170.80809211512585,4.214259527659217,-81.60922678462366,-150.0511194081043,-1.1399645910256668e-09
674.5880034031836,171.30768227505,4.214379141865922,-81.82992121327963,-150.49978737751735,-1.1399645316665356e-09
675.0880034031836,171.8072748290413,4.214498060430091,-82.05061562155156,-150.9484553094404,-1.1399643960551114e-09
675.5880034031836,172.30686975639838,4.214616289399346,-82.27131000967982,-151.39712320430527,-1.1399646891361408e-09
676.0880034031836,172.80646703665784,4.214733834751446,-82.4920043779014,-151.84579106253756,-1.1399647172145063e-09
676.5880034031836,173.3060666495907,4.214850702395295,-82.71269872644983,-152.29445888455666,-1.139964507044714e-09
677.0880034031836,173.80566857519912,4.214966898171932,-82.93339305555511,-152.74312667077612,-1.139964516125764e-09
677.5880034031836,174.30527279371313,4.215082427855498,-83.15408736544386,-153.19179442160367,-1.1399646270148415e-09
678.0880034031836,174.8048792855873,4.215197297154194,-83.3747816563396,-153.64046213744103,-1.1399645423810061e-09
678.5880034031836,175.3044880314977,4.215311511711214,-83.59547592846252,-154.08912981868437,-1.1399643259511911e-09
679.0880034031836,175.8040990123386,4.215425077105674,-83.81617018202965,-154.53779746572425,-1.1399645530542675e-09
679.5880034031836,176.30371220921958,4.215537998853515,-84.03686441725466,-154.9864650789458,-1.1399643827640407e-09
680.0880034031836,176.8033276034624,4.215650282408393,-84.25755863434861,-155.4351326587286,-1.139964513978759e-09
680.5880034031836,177.30294517659803,4.2157619331625575,-84.47825283351915,-155.88380020544707,-1.1399643960744269e-09
681.0880034031836,177.80256491036377,4.215872956447712,-84.69894701497117,-156.33246771947032,-1.1399646341981956e-09
681.5880034031836,178.3021867867004,4.215983357535862,-84.9196411789065,-156.7811352011624,-1.139964528047981e-09
682.0880034031836,178.80181078774922,4.216093141640145,-85.14033532552419,-157.22980265088222,-1.1399643279321952e-09
682.5880034031836,179.3014368958495,4.216202313915652,-85.36102945502056,-157.67847006898376,-1.1399646417031687e-09
683.0880034031836,179.8010650935355,4.216310879460233,-85.58172356758892,-158.12713745581618,-1.1399646360130559e-09
683.5880034031836,180.300695363534,4.216418843315286,-85.80241766342017,-158.57580481172369,-1.1399644300404799e-09
684.0880034031836,180.8003276887615,4.21652621046654,-86.02311174270231,-159.02447213704593,-1.1399644332742383e-09
684.5880034031836,181.29996205232175,4.216632985844819,-86.24380580562064,-159.47313943211785,-1.139964614591852e-09
685.0880034031836,181.79959843750302,4.216739174326792,-86.46449985235819,-159.92180669726972,-1.139964449846208e-09
685.5880034031836,182.2992368277758,4.21684478073572,-86.68519388309514,-160.37047393282745,-1.1399643096462492e-09
686.0880034031836,182.79887720679014,4.216949809842181,-86.90588789800921,-160.81914113911253,-1.1399641504929067e-09
686.5880034031836,183.29851955837339,4.217054266364789,-87.1265818972759,-161.26780831644194,-1.1399643786022518e-09
687.0880034031836,183.79816386652763,4.217158154970897,-87.34727588106797,-161.7164754651286,-1.1399643711718815e-09
687.5880034031836,184.29781011542747,4.217261480277292,-87.56796984955602,-162.16514258548108,-1.1399643325467536e-09
688.0880034031836,184.79745828941762,4.21736424685088,-87.78866380290815,-162.61380967780383,-1.1399643516170006e-09
688.5880034031836,185.29710837301067,4.217466459209352,-88.00935774129037,-163.06247674239722,-1.13996457975607e-09
689.0880034031836,185.79676035088482,4.217568121821851,-88.2300516648662,-163.5111437795576,-1.1399644852748075e-09
689.5880034031836,186.2964142078817,4.217669239109618,-88.45074557379702,-163.9598107895775,-1.1399644482466685e-09
690.0880034031836,186.79606992900415,4.2177698154466325,-88.67143946824216,-164.40847777274527,-1.139964330418838e-09
690.5880034031836,187.29572749941417,4.217869855160243,-88.89213334835861,-164.85714472934572,-1.1399640654461863e-09
691.0880034031836,187.7953869044307,4.217969362531788,-89.11282721430123,-165.30581165965978,-1.1399642527659091e-09
691.5880034031836,188.29504812952766,4.2180683417972,-89.3335210662229,-165.75447856396474,-1.1399640983141227e-09
692.0880034031836,188.79471116033184,4.218166797147613,-89.5542149042743,-166.20314544253424,-1.1399643695972198e-09
692.5880034031836,189.29437598262095,4.2182647327299465,-89.77490872860425,-166.65181229563825,-1.1399641986120134e-09
693.0880034031836,189.79404258232154,4.21836215264749,-89.99560253935958,-167.10047912354318,-1.1399641520758848e-09
693.5880034031836,190.2937109455072,4.218459060960475,-90.2162963366851,-167.54914592651215,-1.1399640537593906e-09
694.0880034031836,190.79338105839656,4.218555461686638,-90.4369901207236,-167.99781270480474,-1.1399638540200333e-09
694.5880034031836,191.2930529073514,4.218651358801772,-90.65768389161619,-168.44647945867715,-1.1399642657446139e-09
695.0880034031836,191.79272647887487,4.218746756240276,-90.878377649502,-168.89514618838223,-1.1399641415865582e-09
695.5880034031836,192.29240175960956,4.218841657895691,-91.09907139451833,-169.34381289416967,-1.1399641493772841e-09
696.0880034031836,192.79207873633578,4.218936067621228,-91.3197651268006,-169.7924795762859,-1.1399642712498807e-09
696.5880034031836,193.29175739596977,4.219029989230288,-91.54045884648262,-170.24114623497414,-1.1399641095369922e-09
697.0880034031836,193.791437725562,4.219123426496976,-91.76115255369626,-170.68981287047464,-1.1399642710527055e-09
697.5880034031836,194.2911197122953,4.219216383156606,-91.98184624857177,-171.1384794830244,-1.139964143786709e-09
698.0880034031836,194.79080334348345,4.219308862906196,-92.20253993123777,-171.58714607285754,-1.1399642086346255e-09
698.5880034031836,195.29048860656917,4.219400869404958,-92.42323360182115,-172.035812640205,-1.1399641137540355e-09
699.0880034031836,195.7901754891228,4.219492406274782,-92.64392726044704,-172.4844791852951,-1.1399639965665144e-09
699.5880034031836,196.28986397884046,4.219583477100706,-92.86462090723917,-172.933145708353,-1.1399642764111873e-09
700.0880034031836,196.78955406354262,4.219674085431388,-93.08531454231954,-173.38181220960115,-1.1399641233017175e-09
700.5880034031836,197.28924573117243,4.219764234779563,-93.30600816580854,-173.83047868925925,-1.139964016617373e-09
701.0880034031836,197.7889389697942,4.2198539286224985,-93.52670177782524,-174.279145147544,-1.1399639255492205e-09
701.5880034031836,198.2886337675919,4.219943170402438,-93.74739537848696,-174.7278115846697,-1.1399637474925716e-09
702.0880034031836,198.7883301128677,4.220031963527043,-93.96808896790957,-175.17647800084774,-1.139963696713109e-09
702.5880034031836,199.28802799404042,4.220120311369826,-94.18878254620742,-175.62514439628708,-1.1399640852639123e-09
703.0880034031836,199.78772739964415,4.220208217270574,-94.40947611349361,-176.0738107711939,-1.1399639350594721e-09
703.5880034031836,200.28742831832676,4.220295684535775,-94.63016966987963,-176.52247712577193,-1.1399638926958805e-09
704.0880034031836,200.7871307388485,4.2203827164390235,-94.85086321547564,-176.97114346022227,-1.1399642198085706e-09
704.5880034031836,201.2868346500807,4.220469316221436,-95.07155675039024,-177.41980977474373,-1.1399642227559938e-09
705.0880034031836,201.78654004100426,4.220555487092048,-95.29225027473097,-177.86847606953248,-1.139964124954106e-09
705.5880034031836,202.28624690070845,4.22064123222821,-95.51294378860386,-178.31714234478238,-1.139963732103631e-09
706.0880034031836,202.78595521838946,4.22072655477598,-95.73363729211363,-178.76580860068484,-1.1399641014821514e-09
706.5880034031836,203.28566498334916,4.220811457850506,-95.95433078536364,-179.21447483742907,-1.1399639839958085e-09
707.0880034031836,203.7853761849938,4.220895944536405,-96.1750242684561,-179.66314105520175,-1.1399638835482237e-09
707.5880034031836,204.28508881283275,4.220980017888135,-96.3957177414918,-180.11180725418754,-1.1399640465357708e-09
708.0880034031836,204.78480285647723,4.221063680930365,-96.61641120457017,-180.56047343456885,-1.1399640323029151e-09
708.5880034031836,205.28451830563904,4.221146936658333,-96.83710465778982,-181.00913959652564,-1.1399641821639848e-09
709.0880034031836,205.78423515012946,4.221229788038206,-97.05779810124788,-181.45780574023587,-1.1399641677948389e-09
709.5880034031836,206.28395337985796,4.221312238007433,-97.2784915350403,-181.90647186587535,-1.1399640491086969e-09
710.0880034031836,206.78367298483101,4.221394289475087,-97.49918495926177,-182.35513797361781,-1.1399643073209213e-09
710.5880034031836,207.28339395515098,4.22147594532221,-97.71987837400616,-182.80380406363474,-1.1399643674163014e-09
711.0880034031836,207.78311628101494,4.22155720840215,-97.94057177936578,-183.25247013609578,-1.139964038688047e-09
711.5880034031836,208.28283995271357,4.221638081540893,-98.16126517543209,-183.7011361911684,-1.1399640719685114e-09
712.0880034031836,208.78256496063,4.221718567537386,-98.38195856229515,-184.14980222901823,-1.1399640037760438e-09
712.5880034031836,209.28229129523876,4.2217986691638645,-98.60265194004431,-184.59846824980875,-1.1399639156393197e-09
713.0880034031836,209.7820189471047,4.221878389166167,-98.82334530876763,-185.04713425370159,-1.1399641970903665e-09
713.5880034031836,210.28174790688183,4.22195773026405,-99.04403866855229,-185.49580024085645,-1.1399641738880496e-09
714.0880034031836,210.78147816531245,4.2220366951514965,-99.26473201948414,-185.94446621143123,-1.1399641214789514e-09
714.5880034031836,211.2812097132259,4.222115286497021,-99.48542536164808,-186.39313216558193,-1.1399640029168162e-09
715.0880034031836,211.78094254153766,4.222193506943968,-99.70611869512813,-186.84179810346265,-1.139964073068556e-09
715.5880034031836,212.28067664124833,4.2222713591108105,-99.92681202000713,-187.2904640252258,-1.1399641156760993e-09
716.0880034031836,212.78041200344265,4.222348845591438,-100.14750533636706,-187.73912993102192,-1.1399639299694497e-09
716.5880034031836,213.28014861928847,4.222425968955448,-100.3681986442889,-188.1877958209999,-1.1399642011221573e-09
717.0880034031836,213.7798864800358,4.222502731748427,-100.58889194385272,-188.6364616953067,-1.1399642258590051e-09
717.5880034031836,214.27962557701588,4.222579136492231,-100.80958523513759,-189.0851275540878,-1.1399643476045224e-09
718.0880034031836,214.77936590164023,4.222655185685264,-101.03027851822169,-189.5337933974868,-1.1399645220920417e-09
718.5880034031836,215.27910744539972,4.222730881802745,-101.25097179318216,-189.98245922564584,-1.1399643514855159e-09
719.0880034031836,215.77885019986365,4.22280622729698,-101.47166506009522,-190.4311250387054,-1.1399645066242431e-09
719.5880034031836,216.27859415667885,4.222881224597623,-101.69235831903643,-190.87979083680415,-1.1399643878766821e-09
720.0880034031836,216.77833930756879,4.222955876111942,-101.91305157008033,-191.32845662007932,-1.1399644398470533e-09
720.5880034031836,217.27808564433272,4.22303018422507,-102.13374481330051,-191.77712238866658,-1.1399644602281867e-09
721.0880034031836,217.7778331588448,4.223104151300265,-102.3544380487698,-192.22578814270003,-1.1399646716399215e-09
721.5880034031836,218.2775818430532,4.223177779679153,-102.57513127656031,-192.6744538823121,-1.1399645056455669e-09
722.0880034031836,218.7773316889794,4.223251071681982,-102.79582449674302,-193.123119607634,-1.1399644521327535e-09
722.5880034031836,219.2770826887171,4.223324029607862,-103.01651770938834,-193.57178531879524,-1.1399645675448392e-09
723.0880034031836,219.7768348344317,4.223396655735003,-103.23721091456561,-194.02045101592398,-1.139964512069154e-09
723.5880034031836,220.27658811835929,4.223468952320957,-103.45790411234367,-194.46911669914687,-1.139964595402754e-09
724.0880034031836,220.77634253280593,4.223540921602845,-103.67859730279037,-194.91778236858914,-1.1399643128029154e-09
724.5880034031836,221.27609807014684,4.223612565797595,-103.89929048597303,-195.36644802437453,-1.1399643664684424e-09
725.0880034031836,221.77585472282564,4.223683887102163,-104.11998366195769,-195.81511366662568,-1.139964324616907e-09
725.5880034031836,222.2756124833536,4.22375488769376,-104.3406768308102,-196.26377929546348,-1.1399642875512856e-09
726.0880034031836,222.7753713443088,4.2238255697300735,-104.56136999259539,-196.71244491100774,-1.1399642253233697e-09
726.5880034031836,223.27513129833557,4.223895935349485,-104.78206314737753,-197.1611105133768,-1.13996421546056e-09
727.0880034031836,223.7748923381435,4.223965986671286,-105.00275629521983,-197.60977610268776,-1.1399640617279211e-09
727.5880034031836,224.27465445650694,4.22403572579589,-105.223449436185,-198.05844167905644,-1.1399641203909274e-09
728.0880034031836,224.77441764626417,4.2241051548050415,-105.44414257033519,-198.5071072425973,-1.139964248074643e-09
728.5880034031836,225.27418190031673,4.224174275762025,-105.66483569773152,-198.9557727934236,-1.1399642668771006e-09
729.0880034031836,225.7739472116287,4.224243090711868,-105.88552881843464,-199.40443833164736,-1.139964174989206e-09
729.5880034031836,226.273713573226,4.224311601681539,-106.10622193250455,-199.8531038573792,-1.1399641314050997e-09
730.0880034031836,226.77348097819578,4.224379810680155,-106.32691504000034,-200.3017693707289,-1.139964107518612e-09
730.5880034031836,227.2732494196857,4.2244477196991665,-106.54760814098077,-200.75043487180463,-1.1399639683024066e-09
731.0880034031836,227.77301889090327,4.224515330712561,-106.76830123550367,-201.19910036071366,-1.1399638037680065e-09
731.5880034031836,228.2727893851152,4.224582645677046,-106.98899432362654,-201.64776583756185,-1.1399639094687113e-09
732.0880034031836,228.7725608956468,4.224649666532245,-107.20968740540589,-202.09643130245416,-1.1399637715259384e-09
732.5880034031836,229.2723334158812,4.224716395200877,-107.43038048089782,-202.54509675549426,-1.1399638493239584e-09
733.0880034031836,229.77210693925898,4.224782833588946,-107.65107355015772,-202.99376219678473,-1.1399638082259917e-09
733.5880034031836,230.2718814592773,4.2248489835859155,-107.87176661324038,-203.44242762642716,-1.1399639461737407e-09
734.0880034031836,230.7716569694894,4.224914847064895,-108.09245967019997,-203.8910930445219,-1.1399637452512668e-09
734.5880034031836,231.27143346350402,4.2249804258828085,-108.31315272109032,-204.3397584511681,-1.139963825332998e-09
735.0880034031836,231.77121093498477,4.225045721880577,-108.53384576596426,-204.78842384646424,-1.139963658294788e-09
735.5880034031836,232.2709893776495,4.225110736883285,-108.75453880487436,-205.23708923050737,-1.1399636507039315e-09
736.0880034031836,232.7707687852698,4.225175472700351,-108.9752318378725,-205.68575460339366,-1.1399636548516089e-09
736.5880034031836,233.27054915167042,4.225239931125698,-109.19592486500994,-206.1344199652183,-1.1399637610617178e-09
737.0880034031836,233.77033047072862,4.225304113937915,-109.41661788633755,-206.58308531607537,-1.1399639105894875e-09
737.5880034031836,234.2701127363737,4.225368022900423,-109.63731090190558,-207.0317506560579,-1.1399638045714546e-09
738.0880034031836,234.7698959425864,4.225431659761639,-109.85800391176365,-207.48041598525816,-1.1399636335678298e-09
738.5880034031836,235.2696800833984,4.225495026255127,-110.07869691596079,-207.92908130376733,-1.13996353860336e-09
739.0880034031836,235.76946515289177,4.225558124099765,-110.29938991454584,-208.37774661167546,-1.1399638105174119e-09
739.5880034031836,236.26925114519835,4.225620954999891,-110.52008290756685,-208.82641190907188,-1.1399636243551782e-09
740.0880034031836,236.7690380544994,4.225683520645465,-110.74077589507135,-209.27507719604492,-1.1399637840183757e-09
740.5880034031836,237.2688258750249,4.225745822712214,-110.96146887710631,-209.72374247268203,-1.1399636073435974e-09
741.0880034031836,237.7686146010532,4.2258078628617834,-111.18216185371851,-210.17240773906957,-1.1399635207492631e-09
741.5880034031836,238.2684042269104,4.225869642741887,-111.40285482495386,-210.62107299529322,-1.1399635272586813e-09
742.0880034031836,238.7681947469699,4.225931163986447,-111.6235477908581,-211.06973824143753,-1.1399636832187836e-09
742.5880034031836,239.2679861556519,4.225992428215744,-111.84424075147618,-211.51840347758647,-1.1399635708377169e-09
743.0880034031836,239.76777844742293,4.226053437036557,-112.06493370685286,-211.96706870382286,-1.1399635365344947e-09
743.5880034031836,240.26757161679532,4.226114192042299,-112.2856266570323,-212.41573392022877,-1.139963701681221e-09
744.0880034031836,240.76736565832684,4.2261746948131655,-112.5063196020581,-212.8643991268855,-1.1399634826229093e-09
744.5880034031836,241.26716056662008,4.226234946916261,-112.72701254197368,-213.3130643238734,-1.1399636047970104e-09
745.0880034031836,241.7669563363221,4.22629494990574,-112.94770547682178,-213.76172951127197,-1.1399636708571559e-09
745.5880034031836,242.26675296212392,4.226354705322941,-113.16839840664463,-214.21039468916007,-1.1399639860464485e-09
746.0880034031836,242.76655043876008,4.226414214696515,-113.38909133148414,-214.6590598576156,-1.1399639494299506e-09
746.5880034031836,243.26634876100826,4.226473479542556,-113.60978425138194,-215.10772501671565,-1.1399636535493625e-09
747.0880034031836,243.76614792368872,4.226532501364734,-113.83047716637884,-215.5563901665367,-1.139963754191347e-09
747.5880034031836,244.26594792166395,4.226591281654417,-114.05117007651556,-216.00505530715424,-1.1399637247731337e-09
748.0880034031836,244.76574874983822,4.226649821890797,-114.27186298183246,-216.45372043864305,-1.1399638403212422e-09
748.5880034031836,245.26555040315716,4.226708123541019,-114.49255588236909,-216.90238556107727,-1.1399638978077926e-09
749.0880034031836,245.76535287660735,4.226766188060296,-114.71324877816488,-217.35105067453017,-1.1399637463866758e-09
749.5880034031836,246.26515616521584,4.226824016892036,-114.93394166925884,-217.79971577907432,-1.1399635604082856e-09
750.0880034031836,246.76496026404985,4.226881611467959,-115.1546345556895,-218.24838087478153,-1.1399638134673663e-09
750.5880034031836,247.2647651682163,4.226938973208213,-115.37532743749513,-218.69704596172286,-1.1399636446790308e-09
751.0880034031836,247.76457087286138,4.226996103521497,-115.59602031471341,-219.14571103996883,-1.1399638009665554e-09
751.5880034031836,248.26437737317028,4.227053003805168,-115.81671318738174,-219.59437610958906,-1.139963588925851e-09
752.0880034031836,248.76418466436664,4.227109675445362,-116.03740605553703,-220.0430411706526,-1.1399637988565362e-09
752.5880034031836,249.2639927417123,4.227166119817101,-116.25809891921617,-220.49170622322768,-1.1399635700019106e-09
753.0880034031836,249.7638016005068,4.227222338284406,-116.47879177845526,-220.94037126738198,-1.1399639230929629e-09
753.5880034031836,250.26361123608717,4.2272783322004095,-116.69948463329027,-221.38903630318242,-1.1399635324148052e-09
754.0880034031836,250.76342164382737,4.22733410290746,-116.92017748375663,-221.83770133069535,-1.13996358441602e-09
754.5880034031836,251.26323281913807,4.227389651737232,-117.14087032988958,-222.28636634998642,-1.1399635112718857e-09
755.0880034031836,251.76304475746616,4.227444980010827,-117.36156317172411,-222.73503136112046,-1.1399634490545869e-09
755.5880034031836,252.26285745429453,4.227500089038887,-117.5822560092945,-223.183696364162,-1.1399634975364646e-09
756.0880034031836,252.76267090514162,4.227554980121689,-117.80294884263506,-223.63236135917458,-1.1399637788038136e-09
756.5880034031836,253.2624851055611,4.227609654549252,-118.02364167177939,-224.08102634622142,-1.1399639365201625e-09
757.0880034031836,253.76230005114152,4.2276641136014375,-118.24433449676097,-224.52969132536498,-1.1399638816631905e-09
757.5880034031836,254.262115737506,4.227718358548046,-118.46502731761315,-224.97835629666707,-1.1399639333434063e-09
758.0880034031836,254.76193216031183,4.22777239064892,-118.68572013436852,-225.42702126018895,-1.1399639414783215e-09
758.5880034031836,255.26174931525017,4.22782621115404,-118.90641294705965,-225.87568621599127,-1.1399640507394969e-09
759.0880034031836,255.76156719804575,4.22787982130362,-119.12710575571855,-226.32435116413419,-1.139964063123148e-09
759.5880034031836,256.2613858044565,4.227933222328202,-119.34779856037721,-226.77301610467705,-1.1399639682814969e-09
760.0880034031836,256.76120513027325,4.227986415448752,-119.56849136106703,-227.22168103767893,-1.1399639292893048e-09
760.5880034031836,257.2610251713194,4.228039401876752,-119.78918415781924,-227.67034596319803,-1.1399640735491727e-09
761.0880034031836,257.7608459234506,4.228092182814291,-120.0098769506649,-228.11901088129218,-1.1399638208993715e-09
761.5880034031836,258.2606673825544,4.228144759454158,-120.23056973963449,-228.56767579201852,-1.1399640234928011e-09
762.0880034031836,258.7604895445502,4.228197132979929,-120.45126252475833,-229.0163406954338,-1.1399642428072917e-09
762.5880034031836,259.26031240538845,4.228249304566059,-120.67195530606645,-229.46500559159412,-1.1399642254407723e-09
763.0880034031836,259.7601359610509,4.2283012753779685,-120.89264808358837,-229.91367048055514,-1.1399640708288428e-09
763.5880034031836,260.25996020754985,4.228353046572126,-121.11334085735386,-230.36233536237182,-1.1399643831373636e-09
764.0880034031836,260.75978514092816,4.228404619296141,-121.33403362739179,-230.8110002370987,-1.1399640369427378e-09
764.5880034031836,261.2596107572588,4.228455994688843,-121.55472639373119,-231.25966510478983,-1.1399641126323426e-09
765.0880034031836,261.75943705264467,4.228507173880368,-121.77541915640043,-231.7083299654987,-1.1399639834423758e-09
765.5880034031836,262.2592640232182,4.228558157992241,-121.99611191542813,-232.15699481927828,-1.1399641268737373e-09
766.0880034031836,262.7590916651411,4.228608948137457,-122.21680467084212,-232.60565966618105,-1.1399639765335276e-09
766.5880034031836,263.2589199746042,4.228659545420562,-122.43749742267008,-233.05432450625912,-1.1399641973409483e-09
767.0880034031836,263.7587489478271,4.228709950937734,-122.6581901709398,-233.5029893395638,-1.1399640282641297e-09
767.5880034031836,264.25857858105775,4.228760165776862,-122.87888291567816,-233.95165416614634,-1.1399640730307056e-09
768.0880034031836,264.75840887057245,4.2288101910176215,-123.09957565691235,-234.4003189860571,-1.1399639431589933e-09
768.5880034031836,265.2582398126754,4.228860027731556,-123.32026839466906,-234.84898379934629,-1.1399642467449942e-09
769.0880034031836,265.7580714036985,4.228909676982149,-123.54096112897491,-235.29764860606326,-1.1399640231786125e-09
769.5880034031836,266.2579036400011,4.228959139824906,-123.76165385985587,-235.74631340625737,-1.1399637593383563e-09
770.0880034031836,266.75773651796965,4.229008417307422,-123.98234658733791,-236.19497819997727,-1.1399638916214204e-09
770.5880034031836,267.25757003401765,4.229057510469459,-124.20303931144684,-236.64364298727114,-1.1399636533777178e-09
771.0880034031836,267.75740418458514,4.229106420343019,-124.4237320322081,-237.0923077681867,-1.1399637947223323e-09
771.5880034031836,268.25723896613874,4.229155147952416,-124.64442474964696,-237.54097254277139,-1.1399638087716048e-09
772.0880034031836,268.75707437517116,4.229203694314347,-124.86511746378847,-237.989637311072,-1.1399638179774292e-09
772.5880034031836,269.256910408201,4.229252060437965,-125.08581017465723,-238.43830207313505,-1.139963984389343e-09
773.0880034031836,269.75674706177267,4.229300247324942,-125.30650288227797,-238.8869668290065,-1.1399641711429843e-09
773.5880034031836,270.25658433245604,4.2293482559695486,-125.5271955866749,-239.33563157873212,-1.139963897795964e-09
774.0880034031836,270.7564222168461,4.229396087358713,-125.74788828787217,-239.78429632235688,-1.139963993048072e-09
774.5880034031836,271.2562607115629,4.229443742472093,-125.96858098589345,-240.2329610599257,-1.139964062297792e-09
775.0880034031836,271.7560998132513,4.229491222282144,-126.1892736807625,-240.68162579148293,-1.1399640922072422e-09
775.5880034031836,272.2559395185807,4.229538527754181,-126.40996637250268,-241.13029051707255,-1.1399641120934487e-09
776.0880034031836,272.7557798242447,4.229585659846445,-126.63065906113725,-241.578955236738,-1.1399641907202217e-09
776.5880034031836,273.2556207269612,4.2296326195101726,-126.85135174668916,-242.0276199505226,-1.1399641306902492e-09
777.0880034031836,273.75546222347174,4.229679407689653,-127.07204442918119,-242.47628465846896,-1.1399643819700888e-09
777.5880034031836,274.25530431054176,4.229726025322295,-127.29273710863588,-242.92494936061956,-1.1399644084267218e-09
778.0880034031836,274.75514698496,4.22977247333869,-127.51342978507554,-243.37361405701643,-1.1399642640741933e-09
778.5880034031836,275.25499024353843,4.229818752662671,-127.73412245852242,-243.82227874770106,-1.1399644373327129e-09
779.0880034031836,275.75483408311214,4.229864864211377,-127.9548151289983,-244.27094343271483,-1.1399644125730916e-09
779.5880034031836,276.25467850053894,4.229910808895312,-128.1755077965251,-244.71960811209848,-1.1399644607705873e-09
780.0880034031836,276.7545234926993,4.229956587618403,-128.3962004611244,-245.16827278589255,-1.1399642716437841e-09
780.5880034031836,277.25436905649616,4.230002201278065,-128.6168931228173,-245.61693745413726,-1.1399645038785592e-09
781.0880034031836,277.7542151888546,4.230047650765252,-128.83758578162514,-246.06560211687233,-1.1399644847115339e-09
781.5880034031836,278.2540618867216,4.230092936964521,-129.05827843756884,-246.51426677413716,-1.1399645033966566e-09
782.0880034031836,278.7539091470662,4.230138060754086,-129.27897109066907,-246.9629314259709,-1.1399644013364286e-09
782.5880034031836,279.25375696687894,4.230183023005877,-129.49966374094663,-247.41159607241218,-1.139964621396207e-09
783.0880034031836,279.75360534317167,4.230227824585593,-129.7203563884216,-247.86026071349946,-1.1399646597628202e-09
783.5880034031836,280.25345427297765,4.230272466352761,-129.9410490331145,-248.30892534927074,-1.1399645174007708e-09
784.0880034031836,280.75330375335113,4.230316949160789,-130.16174167504525,-248.7575899797637,-1.1399646652783265e-09
784.5880034031836,281.25315378136725,4.230361273857021,-130.38243431423376,-249.20625460501574,-1.1399644718881201e-09
785.0880034031836,281.75300435412174,4.230405441282789,-130.60312695069973,-249.65491922506382,-1.1399645562594356e-09
785.5880034031836,282.2528554687309,4.23044945227347,-130.8238195844625,-250.1035838399448,-1.1399643630847009e-09
786.0880034031836,282.7527071223313,4.230493307658535,-131.0445122155415,-250.5522484496949,-1.139964457004678e-09
786.5880034031836,283.2525593120797,4.230537008261602,-131.26520484395584,-251.00091305435038,-1.13996426278542e-09
787.0880034031836,283.7524120351528,4.230580554900489,-131.4858974697244,-251.44957765394687,-1.1399643854300972e-09
787.5880034031836,284.2522652887471,4.2306239483872625,-131.706590092866,-251.89824224851992,-1.1399644067685758e-09
788.0880034031836,284.7521190700786,4.2306671895282895,-131.92728271339956,-252.34690683810445,-1.1399642633068685e-09
788.5880034031836,285.25197337638286,4.230710279124288,-132.14797533134325,-252.79557142273543,-1.1399644802283574e-09
789.0880034031836,285.7518282049147,4.230753217970376,-132.3686679467155,-253.2442360024474,-1.139964434621658e-09
789.5880034031836,286.25168355294807,4.230796006856117,-132.58936055953467,-253.6929005772744,-1.1399646081892403e-09
790.0880034031836,286.75153941777575,4.230838646565576,-132.81005316981845,-254.14156514725056,-1.13996445004282e-09
790.5880034031836,287.2513957967094,4.230881137877358,-133.0307457775848,-254.59022971240944,-1.1399647245240433e-09
791.0880034031836,287.7512526870792,4.230923481564663,-133.25143838285138,-255.03889427278435,-1.1399646938861225e-09
791.5880034031836,288.2511100862339,4.230965678395328,-133.47213098563586,-255.4875588284083,-1.1399647520534764e-09
792.0880034031836,288.75096799154045,4.2310077291318775,-133.69282358595532,-255.93622337931427,-1.1399647092884778e-09
792.5880034031836,289.2508264003839,4.231049634531566,-133.91351618382714,-256.38488792553454,-1.1399646011294945e-09
793.0880034031836,289.7506853101674,4.231091395346422,-134.13420877926842,-256.8335524671013,-1.1399647491721179e-09
793.5880034031836,290.2505447183118,4.2311330123233,-134.35490137229618,-257.2822170040465,-1.1399646928427754e-09
794.0880034031836,290.75040462225576,4.231174486203918,-134.57559396292714,-257.73088153640185,-1.139964793443429e-09
794.5880034031836,291.2502650194553,4.231215817724904,-134.79628655117781,-258.1795460641987,-1.1399647943224917e-09
795.0880034031836,291.75012590738396,4.231257007617842,-135.01697913706457,-258.62821058746835,-1.1399647247572069e-09
795.5880034031836,292.2499872835324,4.231298056609308,-135.23767172060394,-259.0768751062414,-1.1399645972497668e-09
796.0880034031836,292.74984914540835,4.231338965420922,-135.45836430181214,-259.5255396205485,-1.1399646184124834e-09
796.5880034031836,293.2497114905366,4.231379734769383,-135.67905688070528,-259.97420413042,-1.1399648306618819e-09
797.0880034031836,293.74957431645856,4.231420365366515,-135.89974945729907,-260.42286863588606,-1.1399647823552444e-09
797.5880034031836,294.2494376207324,4.231460857919306,-136.12044203160954,-260.87153313697627,-1.1399649044140715e-09
798.0880034031836,294.7493014009328,4.23150121312995,-136.34113460365222,-261.3201976337204,-1.1399649273326565e-09
798.5880034031836,295.2491656546507,4.231541431695888,-136.56182717344274,-261.7688621261477,-1.139964777392061e-09
799.0880034031836,295.7490303794934,4.231581514309847,-136.78251974099632,-262.21752661428724,-1.1399647574776918e-09
799.5880034031836,296.24889557308416,4.231621461659882,-137.00321230632818,-262.666191098168,-1.1399649490455649e-09
800.0880034031836,296.7487612330623,4.2316612744294115,-137.22390486945355,-263.1148555778183,-1.1399649122237717e-09
800.5880034031836,297.2486273570829,4.231700953297259,-137.44459743038743,-263.56352005326664,-1.139964897845007e-09
801.0880034031836,297.7484939428168,4.231740498937691,-137.6652899891447,-264.01218452454106,-1.1399648848548044e-09
801.5880034031836,298.2483609879504,4.231779912020458,-137.88598254574006,-264.46084899166954,-1.1399649599303156e-09
802.0880034031836,298.74822849018534,4.231819193210825,-138.10667510018826,-264.90951345467954,-1.1399651316508674e-09
802.5880034031836,299.2480964472388,4.231858343169618,-138.32736765250354,-265.35817791359864,-1.1399651003698155e-09
803.0880034031836,299.7479648568431,4.231897362553253,-138.54806020270067,-265.8068423684539,-1.1399651482785903e-09
803.5880034031836,300.2478337167455,4.23193625201378,-138.7687527507935,-266.25550681927234,-1.1399651286310539e-09
804.0880034031836,300.74770302470824,4.2319750121989115,-138.9894452967964,-266.7041712660808,-1.139965453502367e-09
804.5880034031836,301.24757277850836,4.232013643752065,-139.2101378407233,-267.1528357089056,-1.139965162248191e-09
805.0880034031836,301.74744297593753,4.2320521473123955,-139.43083038258817,-267.60150014777304,-1.1399652560592678e-09
805.5880034031836,302.2473136148021,4.232090523514831,-139.65152292240478,-268.0501645827094,-1.1399648252265577e-09
806.0880034031836,302.74718469292276,4.232128772990108,-139.87221546018665,-268.4988290137404,-1.1399652443403691e-09
806.5880034031836,303.2470562081345,4.232166896364805,-140.0929079959474,-268.9474934408917,-1.139965159569061e-09
807.0880034031836,303.7469281582866,4.232204894261378,-140.31360052970047,-269.39615786418887,-1.1399651527386826e-09
807.5880034031836,304.24680054124235,4.232242767298193,-140.53429306145932,-269.8448222836569,-1.1399651447411528e-09
808.0880034031836,304.7466733548791,4.232280516089562,-140.75498559123702,-270.293486699321,-1.1399650476357762e-09
808.5880034031836,305.2465465970879,4.232318141245771,-140.97567811904676,-270.74215111120594,-1.1399651668060693e-09
809.0880034031836,305.74642026577374,4.232355643373119,-141.19637064490158,-271.19081551933635,-1.1399650856099823e-09
809.5880034031836,306.2462943588551,4.232393023073949,-141.41706316881417,-271.6394799237367,-1.1399651786084212e-09
810.0880034031836,306.746168874264,4.232430280946676,-141.63775569079738,-272.0881443244312,-1.1399654990674787e-09
810.5880034031836,307.24604380994595,4.232467417585822,-141.85844821086414,-272.5368087214437,-1.139965227093848e-09
811.0880034031836,307.74591916385964,4.23250443358205,-142.07914072902676,-272.98547311479825,-1.1399651718807764e-09
811.5880034031836,308.2457949339771,4.232541329522191,-142.2998332452979,-273.4341375045184,-1.139965253421494e-09
812.0880034031836,308.7456711182833,4.232578105989279,-142.5205257596897,-273.88280189062766,-1.139965108327312e-09
812.5880034031836,309.2455477147763,4.232614763562576,-142.74121827221472,-274.3314662731491,-1.1399651943039568e-09
813.0880034031836,309.74542472146703,4.232651302817609,-142.96191078288487,-274.78013065210604,-1.139965397636568e-09
813.5880034031836,310.24530213637917,4.232687724326196,-143.18260329171235,-275.22879502752124,-1.1399653335376383e-09
814.0880034031836,310.74517995754906,4.232724028656476,-143.4032957987093,-275.6774593994174,-1.1399653217465184e-09
814.5880034031836,311.2450581830256,4.232760216372941,-143.62398830388722,-276.12612376781715,-1.1399653961788782e-09
815.0880034031836,311.74493681087023,4.232796288036462,-143.84468080725827,-276.5747881327426,-1.1399655772778029e-09
815.5880034031836,312.24481583915673,4.232832244204321,-144.06537330883387,-277.02345249421614,-1.1399653696398933e-09
816.0880034031836,312.74469526597113,4.232868085430237,-144.2860658086258,-277.47211685225966,-1.1399654503230396e-09
816.5880034031836,313.2445750894116,4.2329038122643965,-144.50675830664548,-277.92078120689496,-1.13996555185703e-09
817.0880034031836,313.74445530758857,4.23293942525348,-144.72745080290431,-278.36944555814375,-1.1399655700286565e-09
817.5880034031836,314.24433591862424,4.2329749249406925,-144.9481432974136,-278.8181099060275,-1.1399658727585693e-09
818.0880034031836,314.7442169206528,4.233010311865787,-145.16883579018446,-279.26677425056744,-1.1399657751163506e-09
818.5880034031836,315.2440983118202,4.233045586565094,-145.38952828122822,-279.71543859178473,-1.1399657031762083e-09
819.0880034031836,315.74398009028414,4.233080749571551,-145.61022077055583,-280.1641029297004,-1.1399656671694091e-09
819.5880034031836,316.2438622542139,4.2331158014147245,-145.8309132581782,-280.61276726433516,-1.1399658173474203e-09
820.0880034031836,316.74374480179034,4.233150742620841,-146.0516057441064,-281.0614315957097,-1.139965536980803e-09
820.5880034031836,317.2436277312056,4.2331855737128095,-146.272298228351,-281.51009592384446,-1.1399657812779483e-09
821.0880034031836,317.7435110406633,4.233220295210251,-146.49299071092278,-281.9587602487598,-1.1399657684995177e-09
821.5880034031836,318.2433947283782,4.233254907629522,-146.71368319183236,-282.40742457047577,-1.1399657538451545e-09
822.0880034031836,318.7432787925763,4.233289411483741,-146.9343756710903,-282.8560888890125,-1.1399656845865928e-09
822.5880034031836,319.2431632314947,4.233323807282814,-147.155068148707,-283.3047532043897,-1.1399657109606293e-09
823.0880034031836,319.7430480433814,4.233358095533459,-147.3757606246927,-283.7534175166273,-1.1399655485527218e-09
823.5880034031836,320.2429332264954,4.233392276739231,-147.59645309905787,-284.20208182574453,-1.1399656710122084e-09
824.0880034031836,320.74281877910636,4.233426351400547,-147.81714557181252,-284.650746131761,-1.1399656375927573e-09
824.5880034031836,321.2427046994948,4.233460320014709,-148.03783804296688,-285.0994104346958,-1.1399653532533575e-09
825.0880034031836,321.742590985952,4.233494183075931,-148.25853051253128,-285.548074734568,-1.13996551070298e-09
825.5880034031836,322.24247763677954,4.23352794107536,-148.4792229805154,-285.9967390313966,-1.139965518125088e-09
826.0880034031836,322.7423646502897,4.233561594501104,-148.69991544692897,-286.4454033252004,-1.1399653826152471e-09
826.5880034031836,323.24225202480505,4.233595143838249,-148.92060791178199,-286.8940676159981,-1.13996535579549e-09
827.0880034031836,323.74213975865854,4.233628589568887,-149.1413003750841,-287.3427319038081,-1.1399656041870592e-09
827.5880034031836,324.2420278501934,4.233661932172139,-149.36199283684505,-287.79139618864883,-1.1399655301676284e-09
828.0880034031836,324.7419162977629,4.2336951721241745,-149.5826852970746,-288.2400604705383,-1.1399655376430983e-09
828.5880034031836,325.2418050997305,4.233728309898239,-149.80337775578192,-288.6887247494949,-1.1399655160102296e-09
829.0880034031836,325.7416942544698,4.233761345964672,-150.02407021297654,-289.1373890255364,-1.1399658895912022e-09
829.5880034031836,326.24158376036405,4.233794280790933,-150.24476266866787,-289.58605329868067,-1.1399659867666729e-09
830.0880034031836,326.74147361580657,4.2338271148416196,-150.46545512286534,-290.0347175689452,-1.1399659188184248e-09
830.5880034031836,327.24136381920033,4.233859848578493,-150.6861475755779,-290.48338183634775,-1.1399658400821142e-09
831.0880034031836,327.74125436895815,4.233892482460496,-150.90684002681482,-290.9320461009056,-1.139965945164416e-09
831.5880034031836,328.2411452635024,4.23392501694378,-151.12753247658526,-291.38071036263597,-1.1399660150228125e-09
832.0880034031836,328.7410365012651,4.233957452481719,-151.34822492489812,-291.82937462155616,-1.1399658873205476e-09
832.5880034031836,329.24092808068764,4.233989789524937,-151.56891737176215,-292.2780388776832,-1.1399659488113128e-09
833.0880034031836,329.7408200002209,4.234022028521324,-151.78960981718663,-292.7267031310337,-1.1399662321908262e-09
833.5880034031836,330.2407122583251,4.234054169916061,-152.0103022611802,-293.17536738162454,-1.1399661141803016e-09
834.0880034031836,330.7406048534698,4.234086214151637,-152.23099470375146,-293.6240316294725,-1.139966160390726e-09
834.5880034031836,331.24049778413365,4.234118161667872,-152.4516871449092,-294.0726958745939,-1.139966375879084e-09
835.0880034031836,331.7403910488045,4.234150012901933,-152.6723795846618,-294.5213601170052,-1.1399662377205857e-09
835.5880034031836,332.24028464597933,4.2341817682883605,-152.89307202301805,-294.9700243567227,-1.1399659560815165e-09
836.0880034031836,332.740178574164,4.234213428259081,-153.1137644599863,-295.41868859376245,-1.1399660262943351e-09
836.5880034031836,333.2400728318734,4.234244993243432,-153.3344568955751,-295.8673528281404,-1.1399662109785605e-09
837.0880034031836,333.7399674176313,4.234276463668179,-153.55514932979258,-296.3160170598726,-1.1399659782259356e-09
837.5880034031836,334.2398623299702,4.234307839957535,-153.77584176264708,-296.76468128897477,-1.1399660827534717e-09
838.0880034031836,334.7397575674314,4.2343391225331795,-153.99653419414688,-297.2133455154625,-1.1399657867471528e-09
838.5880034031836,335.2396531285649,4.234370311814278,-154.21722662430017,-297.66200973935145,-1.1399660005880418e-09
839.0880034031836,335.73954901192917,4.234401408217499,-154.4379190531151,-298.11067396065687,-1.1399661688629404e-09
839.5880034031836,336.2394452160913,4.2344324121570365,-154.65861148059946,-298.5593381793942,-1.1399659397036245e-09
840.0880034031836,336.73934173962704,4.234463324044623,-154.87930390676144,-299.0080023955786,-1.1399658904181363e-09
840.5880034031836,337.2392385811202,4.234494144289552,-155.0999963316089,-299.4566666092252,-1.1399658348320008e-09
841.0880034031836,337.7391357391633,4.234524873298693,-155.3206887551496,-299.9053308203489,-1.1399658568694855e-09
841.5880034031836,338.23903321235696,4.234555511476513,-155.54138117739157,-300.3539950289646,-1.1399658503427672e-09
842.0880034031836,338.73893099931,4.234586059225091,-155.76207359834214,-300.80265923508716,-1.139965969337797e-09
842.5880034031836,339.2388290986396,4.234616516944135,-155.9827660180093,-301.2513234387311,-1.1399660919366373e-09
843.0880034031836,339.73872750897084,4.234646885031005,-156.20345843640058,-301.69998763991094,-1.1399658360037842e-09
843.5880034031836,340.23862622893705,4.234677163880721,-156.4241508535238,-302.1486518386411,-1.1399659322703732e-09
844.0880034031836,340.7385252571794,4.234707353885991,-156.6448432693861,-302.597316034936,-1.1399661470585329e-09
844.5880034031836,341.2384245923471,4.2347374554372195,-156.86553568399498,-303.04598022880987,-1.139966000440715e-09
845.0880034031836,341.73832423309716,4.234767468922527,-157.08622809735803,-303.4946444202768,-1.1399660920637444e-09
845.5880034031836,342.2382241780945,4.234797394727768,-157.3069205094827,-303.94330860935065,-1.1399662570864894e-09
846.0880034031836,342.7381244260118,4.234827233236547,-157.52761292037601,-304.39197279604554,-1.1399658496658288e-09
846.5880034031836,343.2380249755293,4.234856984830232,-157.74830533004524,-304.8406369803752,-1.1399663040675093e-09
847.0880034031836,343.7379258253351,4.234886649887977,-157.96899773849754,-305.2893011623534,-1.1399661640255113e-09
847.5880034031836,344.23782697412474,4.234916228786729,-158.18969014574023,-305.7379653419937,-1.1399661977959245e-09
848.0880034031836,344.7377284206014,4.234945721901254,-158.41038255178034,-306.1866295193096,-1.1399662134501937e-09
848.5880034031836,345.2376301634757,4.234975129604146,-158.63107495662476,-306.63529369431456,-1.1399661712542604e-09
849.0880034031836,345.7375322014658,4.235004452265843,-158.85176736028046,-307.083957867022,-1.1399661751694899e-09
849.5880034031836,346.237434533297,4.235033690254648,-159.07245976275456,-307.5326220374449,-1.1399663168922958e-09
850.0880034031836,346.73733715770214,4.235062843936737,-159.29315216405374,-307.98128620559663,-1.1399660189095024e-09
850.5880034031836,347.2372400734213,4.235091913676179,-159.51384456418495,-308.4299503714901,-1.139966094620727e-09
851.0880034031836,347.7371432792017,4.235120899834951,-159.73453696315502,-308.87861453513824,-1.139965956695242e-09
851.5880034031836,348.23704677379783,4.235149802772951,-159.95522936097058,-309.32727869655395,-1.1399660251224634e-09
852.0880034031836,348.73695055597125,4.235178622848015,-160.17592175763826,-309.77594285575,-1.13996578629647e-09
852.5880034031836,349.2368546244906,4.23520736041593,-160.39661415316482,-310.224607012739,-1.1399657775484618e-09
853.0880034031836,349.73675897813155,4.2352360158304485,-160.6173065475568,-310.6732711675336,-1.1399658225826526e-09
853.5880034031836,350.23666361567666,4.235264589443306,-160.83799894082063,-311.12193532014624,-1.1399658131365976e-09
854.0880034031836,350.7365685359155,4.2352930816042305,-161.05869133296287,-311.57059947058923,-1.1399658387344927e-09
854.5880034031836,351.2364737376446,4.235321492660962,-161.27938372399007,-312.0192636188751,-1.1399659118269317e-09
855.0880034031836,351.736379219667,4.235349822959262,-161.50007611390853,-312.4679277650159,-1.1399658415257646e-09
855.5880034031836,352.2362849807929,4.2353780728429316,-161.7207685027246,-312.91659190902374,-1.1399659543552216e-09
856.0880034031836,352.73619101983894,4.235406242653823,-161.94146089044446,-313.3652560509109,-1.1399661727007565e-09
856.5880034031836,353.23609733562853,4.2354343327318515,-162.16215327707457,-313.81392019068915,-1.1399662892035003e-09
857.0880034031836,353.73600392699177,4.235462343415015,-162.38284566262107,-314.2625843283704,-1.1399661611103365e-09
857.5880034031836,354.23591079276525,4.235490275039401,-162.6035380470901,-314.7112484639665,-1.1399660152011367e-09
858.0880034031836,354.73581793179216,4.235518127939203,-162.82423043048803,-315.15991259748904,-1.139966305427054e-09
858.5880034031836,355.23572534292214,4.235545902446737,-163.04492281282066,-315.6085767289498,-1.1399660717872238e-09
859.0880034031836,355.73563302501134,4.235573598892449,-163.26561519409393,-316.05724085836033,-1.1399662981720287e-09
859.5880034031836,356.23554097692227,4.23560121760493,-163.48630757431425,-316.50590498573195,-1.1399661492158352e-09
860.0880034031836,356.7354491975238,4.235628758910931,-163.7069999534872,-316.95456911107624,-1.139966102673228e-09
860.5880034031836,357.23535768569104,4.235656223135374,-163.92769233161886,-317.4032332344044,-1.1399662050354241e-09
861.0880034031836,357.7352664403055,4.235683610601365,-164.14838470871516,-317.8518973557276,-1.1399660947337163e-09
861.5880034031836,358.2351754602549,4.235710921630208,-164.36907708478174,-318.30056147505724,-1.13996592723905e-09
862.0880034031836,358.73508474443304,4.235738156541415,-164.58976945982448,-318.74922559240423,-1.1399660680132859e-09
862.5880034031836,359.23499429173995,4.235765315652721,-164.8104618338492,-319.1978897077795,-1.1399660873674788e-09
863.0880034031836,359.7349041010817,4.235792399280094,-165.0311542068614,-319.6465538211942,-1.1399661136520822e-09
863.5880034031836,360.2348141713705,4.2358194077377505,-165.25184657886706,-320.09521793265895,-1.139966047307248e-09
864.0880034031836,360.73472450152445,4.2358463413381635,-165.47253894987168,-320.5438820421846,-1.1399660003427668e-09
864.5880034031836,361.2346350904677,4.235873200392079,-165.69323131988062,-320.9925461497819,-1.1399658623285071e-09
865.0880034031836,361.7345459371303,4.235899985208523,-165.91392368889976,-321.44121025546144,-1.1399659392778788e-09
865.5880034031836,362.23445704044826,4.235926696094817,-166.13461605693448,-321.88987435923383,-1.1399660009315227e-09
866.0880034031836,362.73436839936335,4.2359533333565915,-166.35530842399018,-322.33853846110947,-1.1399659228956232e-09
866.5880034031836,363.23428001282315,4.23597989729779,-166.57600079007256,-322.78720256109875,-1.139965782228477e-09
867.0880034031836,363.73419187978106,4.23600638822069,-166.7966931551866,-323.2358666592121,-1.1399658466335694e-09
867.5880034031836,364.23410399919624,4.236032806425906,-167.01738551933803,-323.68453075545966,-1.1399656735345259e-09
868.0880034031836,364.73401637003343,4.236059152212408,-167.2380778825321,-324.1331948498517,-1.1399659099083998e-09
868.5880034031836,365.2339289912631,4.236085425877528,-167.4587702447739,-324.58185894239847,-1.1399659102317904e-09
869.0880034031836,365.7338418618613,4.236111627716973,-167.67946260606877,-325.0305230331099,-1.1399659125354617e-09
869.5880034031836,366.23375498080975,4.236137758024835,-167.90015496642195,-325.479187121996,-1.1399662335257803e-09
870.0880034031836,366.73366834709554,4.236163817093604,-168.1208473258389,-325.92785120906655,-1.1399660455514416e-09
870.5880034031836,367.2335819597114,4.2361898052141775,-168.3415396843243,-326.3765152943317,-1.1399660340111612e-09
871.0880034031836,367.7334958176554,4.236215722675871,-168.5622320418837,-326.8251793778009,-1.1399658402751612e-09
871.5880034031836,368.23340991993115,4.23624156976643,-168.78292439852163,-327.27384345948417,-1.1399660226571794e-09
872.0880034031836,368.7333242655476,4.236267346772039,-169.0036167542437,-327.722507539391,-1.1399661222644884e-09
872.5880034031836,369.233238853519,4.2362930539773345,-169.2243091090546,-328.171171617531,-1.1399661379184402e-09
873.0880034031836,369.73315368286507,4.236318691665412,-169.44500146295937,-328.61983569391367,-1.1399659749058111e-09
873.5880034031836,370.2330687526106,4.23634426011784,-169.66569381596273,-329.06849976854863,-1.1399661455275547e-09
874.0880034031836,370.7329840617858,4.236369759614668,-169.8863861680698,-329.51716384144515,-1.1399659303683491e-09
874.5880034031836,371.23289960942606,4.236395190434436,-170.10707851928558,-329.9658279126125,-1.1399657411734126e-09
875.0880034031836,371.73281539457184,4.236420552854189,-170.32777086961465,-330.4144919820601,-1.13996588264396e-09
875.5880034031836,372.23273141626885,4.236445847149481,-170.54846321906203,-330.8631560497971,-1.1399659744012709e-09
876.0880034031836,372.73264767356784,4.23647107359439,-170.7691555676324,-331.3118201158326,-1.1399656463818386e-09
876.5880034031836,373.23256416552465,4.236496232461525,-170.9898479153304,-331.7604841801758,-1.139965843834822e-09
877.0880034031836,373.73248089120017,4.236521324022038,-171.21054026216072,-332.2091482428356,-1.1399660947730605e-09
877.5880034031836,374.2323978496603,4.236546348545631,-171.43123260812808,-332.6578123038211,-1.139965861426741e-09
878.0880034031836,374.7323150399759,4.236571306300568,-171.6519249532371,-333.10647636314127,-1.1399656505257322e-09
878.5880034031836,375.23223246122274,4.236596197553681,-171.87261729749264,-333.5551404208047,-1.1399659424222364e-09
879.0880034031836,375.7321501124815,4.236621022570388,-172.09330964089904,-334.0038044768203,-1.139966108624678e-09
879.5880034031836,376.23206799283787,4.2366457816146905,-172.3140019834609,-334.4524685311968,-1.1399660007359555e-09
880.0880034031836,376.7319861013821,4.236670474949193,-172.53469432518278,-334.9011325839429,-1.1399660774980395e-09
880.5880034031836,377.23190443720955,4.236695102835107,-172.75538666606914,-335.3497966350672,-1.139966098548304e-09
881.0880034031836,377.73182299942016,4.236719665532261,-172.97607900612434,-335.7984606845784,-1.1399657539792202e-09
881.5880034031836,378.23174178711866,4.236744163299111,-173.19677134535303,-336.2471247324847,-1.1399662836083921e-09
882.0880034031836,378.73166079941456,4.236768596392748,-173.4174636837594,-336.6957887787948,-1.1399661820754695e-09
882.5880034031836,379.2315800354219,4.236792965068909,-173.63815602134784,-337.144452823517,-1.1399662301340234e-09
883.0880034031836,379.7314994942596,4.236817269581982,-173.85884835812277,-337.59311686665967,-1.1399660327098137e-09
883.5880034031836,380.231419175051,4.23684151018502,-174.07954069408854,-338.0417809082311,-1.1399659806383248e-09
884.0880034031836,380.7313390769241,4.236865687129745,-174.30023302924945,-338.49044494823937,-1.1399661648434566e-09
884.5880034031836,381.23125919901145,4.236889800666561,-174.52092536360976,-338.93910898669276,-1.1399662534528663e-09
885.0880034031836,381.7311795404502,4.2369138510445605,-174.7416176971735,-339.38777302359955,-1.1399663327644284e-09
885.5880034031836,382.231100100382,4.236937838511531,-174.9623100299453,-339.8364370589674,-1.1399662778644276e-09
886.0880034031836,382.73102087795274,4.236961763313968,-175.1830023619287,-340.2851010928048,-1.1399662315207944e-09
886.5880034031836,383.2309418723131,4.236985625697079,-175.40369469312833,-340.7337651251194,-1.1399660610080767e-09
887.0880034031836,383.730863082618,4.2370094259047955,-175.62438702354822,-341.18242915591924,-1.1399660272016803e-09
887.5880034031836,384.23078450802666,4.237033164179779,-175.8450793531925,-341.6310931852121,-1.139966051265574e-09
888.0880034031836,384.73070614770285,4.237056840763432,-176.06577168206493,-342.0797572130059,-1.1399661168324934e-09
888.5880034031836,385.23062800081453,4.237080455895901,-176.28646401016977,-342.5284212393084,-1.1399662033386688e-09
889.0880034031836,385.730550066534,4.23710400981609,-176.50715633751108,-342.97708526412714,-1.1399665377378391e-09
889.5880034031836,386.2304723440379,4.237127502761664,-176.72784866409282,-343.4257492874699,-1.1399660882095304e-09
890.0880034031836,386.730394832507,4.237150934969063,-176.94854098991908,-343.87441330934416,-1.1399662009679603e-09
890.5880034031836,387.23031753112633,4.237174306673503,-177.16923331499362,-344.32307732975767,-1.1399662729038794e-09
891.0880034031836,387.73024043908515,4.23719761810899,-177.38992563932013,-344.77174134871797,-1.1399664446917825e-09
891.5880034031836,388.2301635555769,4.237220869508322,-177.6106179629028,-345.22040536623234,-1.1399665479065424e-09
892.0880034031836,388.73008687979905,4.237244061103102,-177.8313102857454,-345.6690693823083,-1.1399663570863478e-09
892.5880034031836,389.2300104109533,4.237267193123741,-178.0520026078519,-346.11773339695316,-1.1399661782155926e-09
893.0880034031836,389.7299341482454,4.237290265799471,-178.27269492922596,-346.5663974101742,-1.139966416401754e-09
893.5880034031836,390.2298580908851,4.2373132793583475,-178.49338724987155,-347.0150614219788,-1.139966537876571e-09
894.0880034031836,390.7297822380863,4.23733623402726,-178.71407956979215,-347.4637254323742,-1.1399662527636228e-09
894.5880034031836,391.2297065890667,4.237359130031938,-178.93477188899158,-347.9123894413675,-1.139966740227935e-09
895.0880034031836,391.72963114304827,4.237381967596959,-179.15546420747353,-348.36105344896595,-1.1399667900512737e-09
895.5880034031836,392.2295558992567,4.2374047469457565,-179.37615652524175,-348.80971745517655,-1.1399666683299128e-09
896.0880034031836,392.7294808569217,4.237427468300625,-179.59684884230003,-349.25838146000626,-1.13996651717796e-09
896.5880034031836,393.229406015277,4.237450131882731,-179.81754115865175,-349.70704546346235,-1.1399663606741039e-09
897.0880034031836,393.72933137355994,4.237472737912117,-180.0382334743006,-350.15570946555164,-1.1399663244802917e-09
897.5880034031836,394.22925693101195,4.237495286607707,-180.2589257892503,-350.6043734662809,-1.1399665248684198e-09
898.0880034031836,394.72918268687823,4.237517778187321,-180.4796181035043,-351.0530374656572,-1.1399666497991148e-09
898.5880034031836,395.22910864040773,4.237540212867674,-180.7003104170662,-351.50170146368725,-1.1399661876402393e-09
899.0880034031836,395.7290347908533,4.2375625908643855,-180.92100272993966,-351.9503654603779,-1.1399660812014129e-09
899.5880034031836,396.2289611374714,4.2375849123919895,-181.141695042128,-352.3990294557358,-1.1399664181163426e-09
900.0880034031836,396.72888767952236,4.2376071776639375,-181.36238735363477,-352.84769344976763,-1.1399663716562337e-09
900.5880034031836,397.22881441627015,4.237629386892607,-181.58307966446333,-353.29635744248026,-1.1399661405303476e-09
901.0880034031836,397.72874134698253,4.237651540289307,-181.8037719746173,-353.74502143388014,-1.139966109038734e-09
901.5880034031836,398.22866847093076,4.237673638064288,-182.02446428409982,-354.1936854239739,-1.1399662511692233e-09
902.0880034031836,398.72859578738985,4.237695680426743,-182.24515659291438,-354.642349412768,-1.1399660536727743e-09
902.5880034031836,399.22852329563847,4.237717667584819,-182.46584890106465,-355.09101340026893,-1.1399661693967902e-09
903.0880034031836,399.7284509949588,4.237739599745623,-182.68654120855376,-355.5396773864832,-1.1399660827319847e-09
903.5880034031836,400.22837888463664,4.237761477115226,-182.907233515385,-355.9883413714172,-1.139966327727753e-09
904.0880034031836,400.72830696396136,4.2377832998986715,-183.12792582156172,-356.43700535507736,-1.1399662969077987e-09
904.5880034031836,401.22823523222587,4.237805068299981,-183.34861812708718,-356.88566933746995,-1.139966508019607e-09
905.0880034031836,401.7281636887265,4.23782678252216,-183.5693104319645,-357.33433331860135,-1.139966542274225e-09
905.5880034031836,402.2280923327632,4.2378484427672065,-183.79000273619712,-357.7829972984777,-1.1399661737916295e-09
906.0880034031836,402.72802116363926,4.237870049236114,-184.01069503978835,-358.2316612771053,-1.139966165712027e-09
906.5880034031836,403.2279501806615,4.23789160212888,-184.23138734274124,-358.6803252544902,-1.1399661845291014e-09
907.0880034031836,403.7278793831401,4.237913101644513,-184.4520796450591,-359.1289892306385,-1.139966256506667e-09
907.5880034031836,404.2278087703887,4.237934547981035,-184.67277194674506,-359.5776532055565,-1.1399661422956296e-09
908.0880034031836,404.7277383417244,4.237955941335491,-184.8934642478022,-360.0263171792501,-1.1399661241140103e-09
908.5880034031836,405.2276680964675,4.237977281903953,-185.11415654823375,-360.47498115172544,-1.1399657026051214e-09
909.0880034031836,405.72759803394166,4.23799856988153,-185.3348488480425,-360.92364512298855,-1.1399659970110297e-09
909.5880034031836,406.227528153474,4.238019805462365,-185.55554114723193,-361.37230909304526,-1.1399658234420029e-09
910.0880034031836,406.7274584543948,4.238040988839651,-185.77623344580502,-361.82097306190144,-1.1399660256870046e-09
910.5880034031836,407.22738893603776,4.2380621202056314,-185.99692574376468,-362.26963702956317,-1.1399657722404722e-09
911.0880034031836,407.7273195977396,4.238083199751607,-186.2176180411141,-362.7183009960361,-1.139965883022972e-09
911.5880034031836,408.22725043884054,4.238104227667941,-186.43831033785608,-363.16696496132613,-1.1399659370332556e-09
912.0880034031836,408.7271814586839,4.238125204144066,-186.659002633994,-363.61562892543895,-1.1399660032093337e-09
912.5880034031836,409.22711265661616,4.23814612936849,-186.87969492953044,-364.0642928883804,-1.1399659075772462e-09
913.0880034031836,409.7270440319871,4.238167003528798,-187.10038722446856,-364.5129568501561,-1.1399661038778969e-09
913.5880034031836,410.22697558414956,4.238187826811665,-187.32107951881133,-364.9616208107718,-1.1399660966735735e-09
914.0880034031836,410.72690731245956,4.238208599402855,-187.54177181256156,-365.41028477023303,-1.1399661717463113e-09
914.5880034031836,411.22683921627623,4.238229321487228,-187.7624641057219,-365.8589487285456,-1.1399661451315042e-09
915.0880034031836,411.72677129496185,4.238249993248749,-187.98315639829562,-366.3076126857149,-1.1399661368194022e-09
915.5880034031836,412.22670354788175,4.238270614870487,-188.20384869028558,-366.75627664174647,-1.1399663330944528e-09
916.0880034031836,412.7266359744043,4.238291186534628,-188.42454098169438,-367.2049405966458,-1.1399663196915866e-09
916.5880034031836,413.226568573901,4.238311708422474,-188.64523327252508,-367.65360455041844,-1.1399662786515113e-09
917.0880034031836,413.7265013457462,4.238332180714452,-188.8659255627803,-368.1022685030698,-1.139966164623918e-09
917.5880034031836,414.2264342893176,4.238352603590117,-189.08661785246315,-368.55093245460506,-1.1399660737473073e-09
918.0880034031836,414.7263674039955,4.238372977228161,-189.30731014157612,-368.99959640502993,-1.1399660240505097e-09
918.5880034031836,415.22630068916345,4.238393301806411,-189.52800243012223,-369.4482603543495,-1.1399660996621033e-09
919.0880034031836,415.72623414420787,4.238413577501844,-189.74869471810396,-369.89692430256906,-1.1399660994605673e-09
919.5880034031836,416.2261677685181,4.238433804490583,-189.9693870055243,-370.345588249694,-1.1399659643424738e-09
920.0880034031836,416.7261015614864,4.238453982947909,-190.19007929238563,-370.79425219572965,-1.139966044011415e-09
920.5880034031836,417.226035522508,4.23847411304826,-190.41077157869077,-371.2429161406811,-1.1399659947240674e-09
921.0880034031836,417.725969650981,4.238494194965241,-190.63146386444254,-371.69158008455355,-1.139965817408735e-09
921.5880034031836,418.22590394630635,4.238514228871626,-190.85215614964358,-372.140244027352,-1.1399661074500189e-09
922.0880034031836,418.72583840788775,4.238534214939365,-191.0728484342965,-372.58890796908173,-1.1399661185093778e-09
922.5880034031836,419.2257730351319,4.238554153339589,-191.2935407184039,-373.03757190974784,-1.139966171613102e-09
923.0880034031836,419.7257078274483,4.23857404424261,-191.51423300196845,-373.48623584935524,-1.1399660559279641e-09
923.5880034031836,420.22564278424915,4.238593887817934,-191.73492528499284,-373.93489978790905,-1.1399662688730217e-09
924.0880034031836,420.72557790494955,4.238613684234258,-191.95561756747966,-374.38356372541415,-1.1399661452444822e-09
924.5880034031836,421.2255131889673,4.238633433659481,-192.17630984943116,-374.83222766187583,-1.1399662969491887e-09
925.0880034031836,421.7254486357229,4.238653136260704,-192.39700213085015,-375.2808915972986,-1.1399663769178396e-09
925.5880034031836,422.22538424463977,4.238672792204238,-192.61769441173922,-375.72955553168765,-1.1399662940945653e-09
926.0880034031836,422.7253200151439,4.238692401655608,-192.8383866921007,-376.1782194650478,-1.1399663239145095e-09
926.5880034031836,423.225255946664,4.2387119647795535,-193.0590789719374,-376.6268833973838,-1.1399661840344253e-09
927.0880034031836,423.7251920386315,4.238731481740041,-193.2797712512514,-377.07554732870057,-1.1399660787316524e-09
927.5880034031836,424.2251282904806,4.238750952700262,-193.50046353004544,-377.5242112590029,-1.1399660234754386e-09
928.0880034031836,424.72506470164797,4.23877037782264,-193.7211558083219,-377.97287518829563,-1.1399661476161037e-09
928.5880034031836,425.225001271573,4.238789757268835,-193.94184808608352,-378.42153911658323,-1.1399662228315398e-09
929.0880034031836,425.7249379996977,4.238809091199747,-194.16254036333243,-378.8702030438706,-1.139966025978445e-09
929.5880034031836,426.2248748854668,4.238828379775523,-194.38323264007113,-379.31886697016245,-1.1399660256053447e-09
930.0880034031836,426.7248119283275,4.238847623155558,-194.6039249163019,-379.76753089546344,-1.1399662165096058e-09
930.5880034031836,427.2247491277295,4.238866821498502,-194.82461719202726,-380.2161948197781,-1.1399663658050014e-09
931.0880034031836,427.72468648312537,4.238885974962262,-195.04530946724984,-380.664858743111,-1.1399660233478005e-09
931.5880034031836,428.22462399396994,4.23890508370401,-195.26600174197154,-381.1135226654668,-1.1399659656301787e-09
932.0880034031836,428.7245616597207,4.238924147880183,-195.48669401619503,-381.56218658685003,-1.1399661729123336e-09
932.5880034031836,429.2244994798376,4.2389431676464895,-195.70738628992268,-382.01085050726516,-1.1399664064374585e-09
933.0880034031836,429.7244374537832,4.238962143157916,-195.92807856315642,-382.45951442671685,-1.1399662184228063e-09
933.5880034031836,430.22437558102246,4.238981074568724,-196.14877083589906,-382.9081783452093,-1.1399661312525682e-09
934.0880034031836,430.72431386102284,4.238999962032465,-196.36946310815242,-383.35684226274725,-1.1399662240690659e-09
934.5880034031836,431.22425229325427,4.239018805701972,-196.59015537991928,-383.80550617933477,-1.1399661525335514e-09
935.0880034031836,431.7241908771892,4.239037605729376,-196.81084765120175,-384.2541700949765,-1.1399662024415944e-09
935.5880034031836,432.22412961230236,4.2390563622661,-197.03153992200174,-384.70283400967685,-1.1399662363052732e-09
936.0880034031836,432.724068498071,4.23907507546287,-197.25223219232194,-385.15149792343993,-1.1399660170464147e-09
936.5880034031836,433.2240075339748,4.239093745469716,-197.47292446216434,-385.6001618362703,-1.1399659172091463e-09
937.0880034031836,433.7239467194958,4.239112372435974,-197.69361673153125,-386.048825748172,-1.1399661933174593e-09
937.5880034031836,434.2238860541184,4.239130956510296,-197.91430900042462,-386.49748965914955,-1.1399658046317801e-09
938.0880034031836,434.7238255373294,4.239149497840647,-198.1350012688472,-386.94615356920696,-1.1399658020442371e-09
938.5880034031836,435.2237651686179,4.239167996574315,-198.35569353680083,-387.39481747834856,-1.1399657398511222e-09
939.0880034031836,435.72370494747537,4.23918645285791,-198.5763858042874,-387.8434813865787,-1.139965762591297e-09
939.5880034031836,436.22364487339564,4.239204866837372,-198.79707807130964,-388.2921452939011,-1.1399659114553256e-09
940.0880034031836,436.72358494587485,4.239223238657971,-199.0177703378691,-388.7408092003204,-1.139966034324993e-09
940.5880034031836,437.2235251644114,4.239241568464313,-199.23846260396846,-389.18947310584053,-1.1399659816702516e-09
941.0880034031836,437.723465528506,4.239259856400344,-199.45915486960962,-389.6381370104654,-1.1399658849263444e-09
941.5880034031836,438.22340603766156,4.2392781026093544,-199.67984713479453,-390.0868009141995,-1.1399657761468407e-09
942.0880034031836,438.72334669138337,4.239296307233979,-199.90053939952554,-390.53546481704643,-1.1399657746369062e-09
942.5880034031836,439.22328748917886,4.239314470416206,-200.1212316638044,-390.9841287190105,-1.139965902357741e-09
943.0880034031836,439.7232284305578,4.239332592297375,-200.34192392763356,-391.43279262009565,-1.1399659091078488e-09
943.5880034031836,440.2231695150321,4.239350673018186,-200.56261619101483,-391.88145652030585,-1.139966349415602e-09
944.0880034031836,440.7231107421159,4.2393687127187,-200.78330845395047,-392.330120419645,-1.1399660844637406e-09
944.5880034031836,441.22305211132556,4.2393867115383435,-201.00400071644216,-392.77878431811723,-1.1399659306177337e-09
945.0880034031836,441.72299362217956,4.239404669615912,-201.22469297849204,-393.22744821572627,-1.139965981751213e-09
945.5880034031836,442.2229352741987,4.239422587089571,-201.44538524010252,-393.67611211247606,-1.1399658975572578e-09
946.0880034031836,442.7228770669057,4.239440464096866,-201.6660775012753,-394.12477600837036,-1.139965941107979e-09
946.5880034031836,443.2228189998257,4.23945830077472,-201.8867697620123,-394.57343990341326,-1.139965690628069e-09
947.0880034031836,443.7227610724857,4.2394760972594385,-202.10746202231553,-395.0221037976084,-1.1399659038175488e-09
947.5880034031836,444.2227032844151,4.239493853686715,-202.32815428218709,-395.4707676909597,-1.1399660695262164e-09
948.0880034031836,444.7226456351452,4.239511570191631,-202.54884654162873,-395.9194315834709,-1.1399660194645935e-09
948.5880034031836,445.22258812420955,4.239529246908663,-202.76953880064255,-396.36809547514576,-1.1399659946510377e-09
949.0880034031836,445.72253075114367,4.239546883971684,-202.9902310592306,-396.816759365988,-1.1399660641737858e-09
949.5880034031836,446.22247351548515,4.239564481513967,-203.21092331739436,-397.2654232560014,-1.1399660527897627e-09
950.0880034031836,446.7224164167738,4.239582039668187,-203.43161557513622,-397.7140871451896,-1.1399659469500923e-09
950.5880034031836,447.22235945455134,4.239599558566429,-203.6523078324579,-398.1627510335563,-1.1399662013590164e-09
951.0880034031836,447.72230262836155,4.239617038340184,-203.87300008936134,-398.6114149211051,-1.1399661645563805e-09
951.5880034031836,448.22224593775024,4.239634479120362,-204.0936923458481,-399.0600788078399,-1.1399663604531066e-09
952.0880034031836,448.72218938226536,4.239651881037283,-204.31438460192038,-399.5087426937641,-1.139966376120388e-09
952.5880034031836,449.2221329614567,4.239669244220693,-204.5350768575801,-399.95740657888115,-1.1399662645185655e-09
953.0880034031836,449.7220766748761,4.2396865687997565,-204.75576911282894,-400.40607046319496,-1.1399662243919997e-09
953.5880034031836,450.22202052207746,4.239703854903068,-204.97646136766863,-400.85473434670894,-1.139966073295762e-09
954.0880034031836,450.7219645026166,4.239721102658649,-205.1971536221012,-401.3033982294266,-1.139966443599758e-09
954.5880034031836,451.2219086160512,4.239738312193955,-205.4178458761284,-401.7520621113515,-1.139966262369292e-09
955.0880034031836,451.72185286194116,4.239755483635877,-205.6385381297522,-402.2007259924871,-1.1399662300524003e-09
955.5880034031836,452.22179723984806,4.239772617110745,-205.85923038297398,-402.64938987283705,-1.1399661587385698e-09
956.0880034031836,452.7217417493355,4.239789712744331,-206.07992263579578,-403.09805375240455,-1.1399663629670444e-09
956.5880034031836,453.221686389969,4.239806770661852,-206.30061488821946,-403.5467176311932,-1.1399662263656177e-09
957.0880034031836,453.7216311613161,4.239823790987974,-206.5213071402466,-403.9953815092065,-1.1399662710093246e-09
957.5880034031836,454.22157606294604,4.2398407738468125,-206.74199939187926,-404.44404538644756,-1.1399660968260715e-09
958.0880034031836,454.7215210944301,4.239857719361939,-206.962691643119,-404.89270926292005,-1.1399660716576797e-09
958.5880034031836,455.2214662553414,4.239874627656381,-207.18338389396766,-405.34137313862715,-1.139966207477767e-09
959.0880034031836,455.7214115452549,4.239891498852627,-207.4040761444268,-405.7900370135724,-1.139966040217055e-09
959.5880034031836,456.22135696374744,4.239908333072629,-207.62476839449815,-406.23870088775897,-1.139966057662485e-09
960.0880034031836,456.7213025103977,4.239925130437804,-207.8454606441835,-406.6873647611902,-1.1399661306281937e-09
960.5880034031836,457.22124818478625,4.239941891069039,-208.06615289348457,-407.1360286338695,-1.1399658684392313e-09
961.0880034031836,457.7211939864954,4.239958615086692,-208.28684514240297,-407.58469250580004,-1.1399660671802358e-09
961.5880034031836,458.22113991510935,4.239975302610597,-208.50753739094046,-408.0333563769852,-1.1399661336118795e-09
962.0880034031836,458.72108597021406,4.239991953760065,-208.7282296390985,-408.4820202474281,-1.139966198566099e-09
962.5880034031836,459.2210321513973,4.240008568653887,-208.94892188687916,-408.93068411713193,-1.1399660042266408e-09
963.0880034031836,459.7209784582487,4.240025147410338,-209.16961413428368,-409.3793479861001,-1.1399661829700266e-09
963.5880034031836,460.2209248903595,4.240041690147179,-209.39030638131408,-409.8280118543355,-1.1399662170210154e-09
964.0880034031836,460.72087144732296,4.240058196981661,-209.61099862797147,-410.2766757218417,-1.1399659761201687e-09
964.5880034031836,461.22081812873387,4.240074668030523,-209.83169087425804,-410.7253395886214,-1.1399661320906831e-09
965.0880034031836,461.7207649341889,4.240091103410004,-210.05238312017514,-411.17400345467814,-1.13996611178052e-09
965.5880034031836,462.22071186328634,4.240107503235835,-210.2730753657243,-411.6226673200148,-1.1399659034783506e-09
966.0880034031836,462.72065891562636,4.240123867623251,-210.49376761090724,-412.0713311846346,-1.1399659135810052e-09
966.5880034031836,463.2206060908108,4.240140196686987,-210.71445985572547,-412.51999504854064,-1.1399659379325688e-09
967.0880034031836,463.7205533884432,4.240156490541283,-210.93515210018094,-412.96865891173576,-1.139966130825684e-09
967.5880034031836,464.22050080812875,4.240172749299889,-211.15584434427484,-413.4173227742232,-1.1399661713973668e-09
968.0880034031836,464.7204483494744,4.240188973076065,-211.37653658800875,-413.86598663600597,-1.139965979289738e-09
968.5880034031836,465.2203960120888,4.240205161982583,-211.59722883138414,-414.3146504970873,-1.1399659347091587e-09
969.0880034031836,465.72034379558227,4.240221316131732,-211.81792107440288,-414.7633143574699,-1.1399660609767503e-09
969.5880034031836,466.2202916995667,4.240237435635319,-212.03861331706622,-415.21197821715685,-1.1399660392513849e-09
970.0880034031836,466.7202397236558,4.240253520604672,-212.25930555937595,-415.66064207615113,-1.139966007675704e-09
970.5880034031836,467.22018786746486,4.240269571150643,-212.4799978013334,-416.10930593445573,-1.13996587535374e-09
971.0880034031836,467.72013613061074,4.2402855873836085,-212.70069004294027,-416.5579697920736,-1.1399659933471726e-09
971.5880034031836,468.220084512712,4.240301569413476,-212.9213822841978,-417.0066336490076,-1.1399658242864528e-09
972.0880034031836,468.7200330133888,4.240317517349682,-213.14207452510783,-417.4552975052606,-1.139966147608586e-09
972.5880034031836,469.21998163226294,4.240333431301199,-213.36276676567167,-417.9039613608356,-1.1399658870171712e-09
973.0880034031836,469.7199303689579,4.240349311376533,-213.58345900589097,-418.3526252157354,-1.1399661322656813e-09
973.5880034031836,470.21987922309853,4.240365157683731,-213.80415124576675,-418.80128906996293,-1.139966031774833e-09
974.0880034031836,470.7198281943115,4.240380970330379,-214.02484348530092,-419.24995292352105,-1.1399659134773038e-09
974.5880034031836,471.219777282225,4.240396749423608,-214.2455357244946,-419.69861677641256,-1.1399659885339924e-09
975.0880034031836,471.7197264864687,4.240412495070094,-214.46622796334958,-420.14728062864026,-1.1399657371977873e-09
975.5880034031836,472.21967580667393,4.240428207376063,-214.68692020186703,-420.59594448020704,-1.139965677597373e-09
976.0880034031836,472.7196252424736,4.240443886447288,-214.90761244004858,-421.0446083311156,-1.1399658016987242e-09
976.5880034031836,473.2195747935021,4.240459532389099,-215.1283046778957,-421.49327218136875,-1.1399655967121159e-09
977.0880034031836,473.7195244593953,4.2404751453063785,-215.34899691540969,-421.9419360309692,-1.1399658616356348e-09
977.5880034031836,474.21947423979077,4.2404907253035695,-215.5696891525919,-422.3905998799198,-1.1399658831661965e-09
978.0880034031836,474.7194241343275,4.240506272484673,-215.7903813894439,-422.83926372822316,-1.1399659506205632e-09
978.5880034031836,475.21937414264596,4.240521786953253,-216.01107362596701,-423.28792757588207,-1.1399657580118008e-09
979.0880034031836,475.7193242643882,4.240537268812439,-216.2317658621625,-423.73659142289927,-1.1399657796123891e-09
979.5880034031836,476.2192744991978,4.240552718164926,-216.45245809803185,-424.1852552692775,-1.1399658021823674e-09
980.0880034031836,476.7192248467197,4.240568135112979,-216.67315033357644,-424.63391911501924,-1.1399658073592216e-09
980.5880034031836,477.2191753066005,4.2405835197584345,-216.89384256879796,-425.0825829601271,-1.1399656812946672e-09
981.0880034031836,477.7191258784881,4.240598872202703,-217.11453480369738,-425.53124680460405,-1.1399658723518395e-09
981.5880034031836,478.21907656203194,4.240614192546771,-217.33522703827614,-425.97991064845246,-1.1399657933983553e-09
982.0880034031836,478.719027356883,4.2406294808912035,-217.55591927253553,-426.4285744916751,-1.1399656095001226e-09
982.5880034031836,479.21897826269355,4.240644737336145,-217.77661150647685,-426.8772383342745,-1.139965751948213e-09
983.0880034031836,479.7189292791175,4.240659961981321,-217.9973037401019,-427.3259021762532,-1.1399657322549687e-09
983.5880034031836,480.21888040581007,4.240675154926047,-218.2179959734115,-427.7745660176139,-1.1399656137716043e-09
984.0880034031836,480.7188316424279,4.2406903162692196,-218.43868820640716,-428.22322985835905,-1.139965633843361e-09
984.5880034031836,481.21878298862913,4.240705446109328,-218.65938043909017,-428.67189369849126,-1.1399656674770124e-09
985.0880034031836,481.7187344440733,4.240720544544453,-218.88007267146165,-429.12055753801314,-1.1399656793344645e-09
985.5880034031836,482.21868600842123,4.240735611672265,-219.10076490352319,-429.5692213769271,-1.139965720167946e-09
986.0880034031836,482.7186376813354,4.240750647590033,-219.32145713527578,-430.0178852152358,-1.1399656651110858e-09
986.5880034031836,483.21858946247943,4.240765652394623,-219.54214936672108,-430.46654905294156,-1.139965476892563e-09
987.0880034031836,483.71854135151847,4.2407806261825005,-219.76284159786005,-430.9152128900471,-1.1399654564547107e-09
987.5880034031836,484.218493348119,4.240795569049731,-219.98353382869425,-431.3638767265545,-1.1399657252566686e-09
988.0880034031836,484.7184454519489,4.240810481091986,-220.20422605922477,-431.81254056246655,-1.1399657323027734e-09
988.5880034031836,485.21839766267743,4.240825362404543,-220.42491828945273,-432.26120439778566,-1.139965769112656e-09
989.0880034031836,485.71834997997513,4.240840213082284,-220.64561051937977,-432.70986823251417,-1.1399657881405102e-09
989.5880034031836,486.2183024035139,4.240855033219704,-220.86630274900668,-433.15853206665463,-1.1399656602467307e-09
990.0880034031836,486.71825493296717,4.240869822910908,-221.0869949783353,-433.60719590020915,-1.1399655814504342e-09
990.5880034031836,487.21820756800946,4.240884582249617,-221.3076872073664,-434.05585973318045,-1.1399658198367031e-09
991.0880034031836,487.7181603083167,4.240899311329165,-221.52837943610126,-434.5045235655708,-1.139965600880018e-09
991.5880034031836,488.21811315356626,4.240914010242506,-221.74907166454108,-434.95318739738264,-1.1399656696253545e-09
992.0880034031836,488.7180661034367,4.240928679082211,-221.9697638926873,-435.40185122861817,-1.1399658080449494e-09
992.5880034031836,489.2180191576079,4.240943317940476,-222.19045612054094,-435.85051505927987,-1.1399654156568975e-09
993.0880034031836,489.71797231576113,4.240957926909119,-222.4111483481032,-436.2991788893702,-1.139965678116937e-09
993.5880034031836,490.21792557757885,4.240972506079583,-222.6318405753753,-436.7478427188912,-1.139965681992102e-09
994.0880034031836,490.7178789427449,4.240987055542939,-222.85253280235824,-437.1965065478455,-1.1399656005489119e-09
994.5880034031836,491.21783241094437,4.241001575389887,-223.07322502905333,-437.6451703762352,-1.1399658251947227e-09
995.0880034031836,491.71778598186364,4.241016065710757,-223.29391725546213,-438.0938342040626,-1.1399656904521549e-09
995.5880034031836,492.2177396551903,4.241030526595515,-223.51460948158532,-438.54249803133,-1.1399655847154706e-09
996.0880034031836,492.7176934306133,4.2410449581337595,-223.73530170742438,-438.9911618580397,-1.1399655159762288e-09
996.5880034031836,493.21764730782274,4.241059360414726,-223.95599393298036,-439.43982568419386,-1.139965490307015e-09
997.0880034031836,493.7176012865101,4.241073733527291,-224.1766861582544,-439.8884895097948,-1.139965439769711e-09
997.5880034031836,494.217555366368,4.241088077559967,-224.39737838324763,-440.3371533348448,-1.1399652969144417e-09
998.0880034031836,494.71750954709034,4.241102392600912,-224.61807060796127,-440.7858171593459,-1.139965278886872e-09
998.5880034031836,495.2174638283723,4.241116678737929,-224.8387628323963,-441.2344809833006,-1.1399653830023023e-09
999.0880034031836,495.71741820991014,4.241130936058463,-225.05945505655404,-441.6831448067108,-1.1399652554480703e-09
999.5880034031836,496.2173726914016,4.24114516464961,-225.2801472804353,-442.13180862957904,-1.1399652454911467e-09
1000.0880034031836,496.71732727254533,4.241159364598113,-225.5008395040416,-442.58047245190716,-1.1399653458179737e-09
1000.5880034031836,497.2172819530414,4.241173535990368,-225.7215317273739,-443.0291362736975,-1.1399654111540786e-09
1001.0880034031836,497.717236732591,4.241187678912424,-225.94222395043317,-443.4778000949521,-1.1399652314073856e-09
1001.5880034031836,498.2171916108966,4.241201793449983,-226.16291617322045,-443.9264639156734,-1.1399651391878908e-09
1002.0880034031836,498.71714658766166,4.241215879688404,-226.38360839573716,-444.3751277358632,-1.1399651884593776e-09
1002.5880034031836,499.21710166259106,4.241229937712705,-226.60430061798408,-444.82379155552377,-1.1399652314033212e-09
1003.0880034031836,499.7170568353908,4.241243967607563,-226.82499283996265,-445.2724553746572,-1.1399654514577257e-09
1003.5880034031836,500.21701210576794,4.241257969457316,-227.04568506167357,-445.7211191932656,-1.1399653082608362e-09
1004.0880034031836,500.71696747343077,4.241271943345967,-227.26637728311815,-446.1697830113511,-1.1399654400452481e-09
1004.5880034031836,501.21692293808877,4.241285889357181,-227.4870695042976,-446.6184468289156,-1.1399655659534075e-09
1005.0880034031836,501.7168784994526,4.241299807574293,-227.70776172521263,-447.06711064596135,-1.1399656667577495e-09
1005.5880034031836,502.21683415723396,4.241313698080305,-227.92845394586442,-447.5157744624904,-1.1399653434742126e-09
1006.0880034031836,502.71678991114584,4.2413275609578855,-228.14914616625433,-447.96443827850476,-1.1399654609426205e-09
1006.5880034031836,503.2167457609022,4.24134139628938,-228.3698383863829,-448.41310209400643,-1.1399654260788074e-09
1007.0880034031836,503.7167017062183,4.241355204156804,-228.59053060625155,-448.86176590899754,-1.1399657111062117e-09
1007.5880034031836,504.2166577468104,4.241368984641848,-228.81122282586114,-449.31042972348007,-1.1399656092860623e-09
1008.0880034031836,504.716613882396,4.241382737825878,-229.0319150452128,-449.75909353745595,-1.1399657095105325e-09
1008.371414342022,504.99999999999994,4.241390521339143,-229.1570082232602,-450.0134060027152,-1.1399658873521721e-09
