tau,r,phi,X,Y,H
0.0,500.0,0.0,500.0,0.0,-6.039722263471707e-17
0.00488912429089691,499.99511134896153,1.3689681862666326e-07,499.99511134895687,6.844774007255687e-05,2.416077577753279e-16
0.05378036719986601,499.9462248390891,1.5060122536993696e-06,499.94622483852214,0.0007529251407981238,1.2089826070034686e-16
0.5426927962895569,499.45735979165306,1.5211907481980897e-05,499.4573597338653,0.007597699148052051,-0.0
1.042692796289557,498.9574083444772,2.925640326407501e-05,498.9574081309391,0.01459769914804132,-1.8423785350177592e-16
1.542692796289557,498.4574569953241,4.3329072224059e-05,498.45745652742,0.021597699148013228,-6.190633473187427e-17
2.0426927962895567,497.9575057444884,5.742999921433767e-05,497.95750492330546,0.028597699147959336,-1.8721357348093198e-16
2.5426927962895567,497.457554592266,7.155926942838227e-05,497.45755331859334,0.035597699147871115,-2.516289288293683e-16
3.0426927962895567,496.95760353895383,8.571696840244572e-05,496.957601713281,0.04259769914773994,-2.5365801384663485e-16
3.5426927962895567,496.45765258485017,9.990318201728828e-05,496.45765010736613,0.049597699147557114,-1.917791530558096e-16
4.042692796289557,495.9577017302544,0.0001141179964999136,495.9576985008464,0.05659769914731384,-1.9332876445896116e-16
4.542692796289557,495.4577509754672,0.00012836149842531525,495.4577468937192,0.06359769914700124,-3.8978497195192847e-16
5.042692796289557,494.95780032079034,0.00014263377471823398,494.9577952859822,0.07059769914661035,-1.9647046056438948e-16
5.542692796289557,494.45784976652686,0.00015693491265492544,494.4578436776328,0.07759769914613213,-1.3204188851802194e-16
6.042692796289557,493.95789931298106,0.00017126499986493872,493.95789206866857,0.08459769914555738,-2.6622633170847754e-16
6.542692796289557,493.45794896045845,0.00018562412433290577,493.4579404590871,0.09159769914487693,-2.0129135637919428e-16
7.042692796289557,492.9579987092658,0.00020001237440034158,492.9579888488858,0.09859769914408142,-2.705704067022608e-16
7.542692796289557,492.458048559711,0.0002144298387674554,492.45803723806216,0.10559769914316144,-2.72772327806087e-16
8.042692796289558,491.9580985121034,0.00022887660649497299,491.9580856266137,0.11259769914210746,-0.0
8.542692796289558,491.4581485667534,0.00024335276700596995,491.4581340145378,0.11959769914090985,-2.7723695609358417e-16
9.042692796289558,490.9581987239727,0.00025785841008771636,490.95818240183195,0.12659769913955896,-6.98750194259602e-17
9.542692796289558,490.4582489840745,0.00027239362589353254,490.4582307884935,0.13359769913804492,-7.044600444939292e-17
10.042692796289558,489.95829934737293,0.0002869585049446562,489.95827917452004,0.1405976991363579,-2.1306674209740383e-16
10.542692796289558,489.45834981418363,0.0003015531381321213,489.45832755990875,0.14759769913448784,-2.8641520819137856e-16
11.042692796289558,488.9584003848235,0.0003161776167186479,488.95837594465723,0.15459769913242472,-1.4438144595225836e-16
11.542692796289558,488.45845105961064,0.0003308320323405442,488.4584243287628,0.1615976991301583,-1.4556613049340267e-16
12.042692796289558,487.95850183886455,0.0003455164770096197,487.9584727122227,0.16859769912767827,-7.338088457864032e-17
12.542692796289558,487.45855272290595,0.0003602310431151109,487.4585210950345,0.1755976991249743,-0.0
13.042692796289558,486.95860371205697,0.0003749758234256178,486.9585694771953,0.1825976991220358,-7.459318046437516e-17
13.542692796289558,486.458654806641,0.0003897509110910533,486.4586178587025,0.1895976991188523,-1.5041554328253323e-16
14.042692796289558,485.95870600698277,0.0004045563996446042,485.95866623955357,0.19659769911541294,-7.582806914162734e-17
14.542692796289558,485.45875731340834,0.0004193923830047042,485.4587146197456,0.20359769911170703,1.529082638344198e-16
15.042692796289558,484.95880872624514,0.00043425895547701953,484.958762999276,0.2105976991077236,-1.5417203918109119e-16
15.542692796289558,484.4588602458219,0.0004491562117564463,484.45881137814195,0.21759769910345161,-2.3317137738984134e-16
16.042692796289558,483.9589118724687,0.00046408424692912073,483.95885975634076,0.22459769909887997,-7.836751152462374e-17
16.542692796289558,483.4589636065171,0.0004790431564744417,483.45890813386967,0.2315976990939974,-1.5803447691982119e-16
17.042692796289558,482.9590154482999,0.0004940330362671056,482.95895651072584,0.2385976990887926,-7.967303565927976e-17
17.542692796289558,482.4590673981513,0.0005090539825791542,482.45900488690654,0.24559769908325405,8.033496622646937e-17
18.042692796289558,481.95911945640694,0.0005241060920820351,481.959053262409,0.2525976990773702,1.6200618797546265e-16
18.542692796289558,481.4591716234038,0.000539189461848675,481.4591016372303,0.2595976990711294,3.267099340034653e-16
19.042692796289558,480.95922389948026,0.0005543041893555657,480.9591500113676,0.2665976990645198,-0.0
19.542692796289558,480.4592762849761,0.0005694503724848636,480.4591983848182,0.27359769905752945,1.6609061945355035e-16
20.042692796289558,479.95932878023257,0.0005846281095265021,479.9592467575791,0.2805976990501464,8.373887929593927e-17
20.542692796289558,479.4593813855923,0.000599837499180317,479.4592951296474,0.28759769904235855,3.3775590539480673e-16
21.042692796289558,478.9594341013993,0.0006150786405581851,478.9593435010203,0.29459769903415345,3.40582676961957e-16
21.542692796289558,478.4594869279992,0.0006303516331861771,478.45939187169495,0.30159769902551886,2.5757708134537956e-16
22.042692796289558,477.9595398657388,0.000645656577006723,477.9594402416683,0.3085976990164422,3.4631647965907016e-16
22.542692796289558,477.45959291496655,0.0006609935723807914,477.4594886109375,0.3155976990069109,2.6191805516988857e-16
23.042692796289558,476.95964607603224,0.0006763627200900828,476.9595369794995,0.3225976989969121,3.5215917643945977e-16
23.542692796289558,476.45969934928723,0.0006917641213392365,476.4595853473514,0.32959769898643304,5.326831168354364e-16
24.042692796289558,475.9597527350843,0.000707197877758051,475.95963371449017,0.3365976989754607,5.371696062937104e-16
24.542692796289558,475.45980623377767,0.0007226640914037195,475.4596820809128,0.34359769896398185,6.319817904861841e-16
25.042692796289558,474.95985984572314,0.000738162864763078,474.95973044661633,0.3505976989519833,7.283610404315729e-16
25.542692796289558,474.459913571278,0.0007536943007548692,474.4597788115978,0.35759769893945176,4.590719745893282e-16
26.042692796289558,473.95996741080086,0.0007692585027320194,473.95982717585395,0.36459769892637356,7.407278737711619e-16
26.542692796289558,473.4600213646521,0.0007848555744839305,473.4598755393819,0.37159769891273514,6.536248289315012e-16
27.042692796289558,472.9600754331935,0.0008004856202387864,472.9599239021785,0.37859769889852274,7.533315795293327e-16
27.542692796289558,472.46012961678827,0.0008161487446658744,472.4599722642406,0.3855976988837223,8.546893135156161e-16
28.042692796289558,471.96018391580134,0.0008318450528779203,471.9600206255651,0.39259769886831997,6.704050599744229e-16
28.542692796289558,471.4602383305991,0.0008475746504334396,471.460068986149,0.39959769885230145,7.726923613293253e-16
29.042692796289558,470.96029286154953,0.000863337643339103,470.9601173459891,0.40659769883565255,7.79269941956939e-16
29.542692796289558,470.4603475090221,0.0008791341380521168,470.46016570508215,0.4135976988183587,5.894329641984e-16
30.042692796289558,469.96040227338784,0.0008949642414826191,469.96021406342504,0.42059769880040543,7.926150657181515e-16
30.542692796289558,469.4604571550194,0.0009108280609960909,469.4602624210145,0.4275976987817778,6.994609682384896e-16
31.042692796289558,468.9605121542911,0.0009267257044157826,468.96031077784744,0.43459769876246096,7.054407519971216e-16
31.542692796289558,468.4605672715787,0.0009426572800251564,468.4603591339205,0.44159769874244004,6.098384092397615e-16
32.04269279628956,467.96062250725964,0.0009586228965703439,467.96040748923053,0.4485976987216998,9.225948370092261e-16
32.54269279628956,467.46067786171295,0.0009746226632626194,467.4604558437741,0.4555976987002248,8.271179780980127e-16
33.04269279628956,466.96073333531933,0.0009906566897808899,466.9605041975481,0.4625976986779999,8.342196371124426e-16
33.54269279628956,466.46078892846106,0.0010067250862742,466.46055255054927,0.46959769865500917,1.051737509599112e-15
34.04269279628956,465.9608446415221,0.0010228279633642538,465.9606009027741,0.4765976986312369,9.54708558221466e-16
34.54269279628956,465.460900474888,0.0010389654321479528,465.4606492542194,0.4835976986066673,7.489473697721876e-16
35.04269279628956,464.96095642894596,0.0010551376041999499,464.96069760488183,0.49059769858128427,8.633208299814452e-16
35.54269279628956,464.4610125040849,0.0010713445915752197,464.46074595475784,0.49759769855507163,9.796202239029699e-16
36.04269279628956,463.9610687006954,0.0010875865068116467,463.96079430384424,0.5045976985280128,1.207660758980242e-15
36.54269279628956,463.4611250191697,0.0011038634629326283,463.46084265213744,0.5115976985000915,1.2181086762063208e-15
37.04269279628956,462.9611814599017,0.0011201755734496965,462.96089099963416,0.5185976984712909,1.0052660049982402e-15
37.54269279628956,462.4612380232871,0.0011365229523651553,462.4609393463309,0.5255976984415941,1.2956435136145347e-15
38.04269279628956,461.9612947097232,0.0011529057141747361,461.96098769222425,0.5325976984109843,1.1932467305836176e-15
38.54269279628956,461.461351519609,0.0011693239738702697,461.4610360373106,0.539597698379444,9.743550244500983e-16
39.04269279628956,460.9614084533454,0.0011857778469423759,460.96108438158655,0.5465976983469563,9.250170301755828e-16
39.54269279628956,460.46146551133495,0.0012022674493831708,460.4611327250485,0.5535976983135033,9.913892447860933e-16
40.04269279628956,459.9615226939818,0.0012187928976889915,459.96118106769296,0.5605976982790672,1.1176826908384609e-15
40.54269279628956,459.4615800016921,0.0012353543088631392,459.4612294095164,0.5675976982436306,1.068098210546234e-15
41.04269279628956,458.9616374348735,0.0012519518004186388,458.9612777505152,0.5745976982071752,8.380011230196324e-16
41.54269279628956,458.46169499393574,0.0012685854903810182,458.4613260906857,0.5815976981696829,8.453306515436827e-16
42.04269279628956,457.9617526792901,0.001285255497291105,457.9613744300244,0.5885976981311354,9.745513383249513e-16
42.54269279628956,457.4618104913497,0.0013019619402078412,457.46142276852765,0.595597698091514,9.830939700024487e-16
43.04269279628956,456.96186843052953,0.0013187049387111173,456.9614711061917,0.6025976980508001,1.2396512307537127e-15
43.54269279628956,456.46192649724634,0.0013354846129046238,456.461519443013,0.6095976980089747,1.250541636981971e-15
44.04269279628956,455.9619846919187,0.0013523010834187233,455.96156777898767,0.6165976979660187,1.0723088763643644e-15
44.54269279628956,455.4620430149671,0.001369154471413339,455.46161611411213,0.6235976979219131,1.2726470710254364e-15
45.04269279628956,454.96210146681375,0.0013860448985808641,454.9616644483827,0.6305976978766381,1.1554780395658651e-15
45.54269279628956,454.4621600478828,0.0014029724871490908,454.4617127817954,0.6375976978301743,1.2304336571123158e-15
46.04269279628956,453.96221875860016,0.0014199373598841564,453.96176111434664,0.6445976977825016,1.045307845611128e-15
46.54269279628956,453.46227759939376,0.0014369396400935107,453.4618094460326,0.6515976977336002,1.0545521487912755e-15
47.04269279628956,452.9623365706933,0.001453979451628903,452.96185777684934,0.65859769768345,9.973955413198065e-16
47.54269279628956,452.4623956729305,0.001471056918889388,452.46190610679304,0.6655976976320305,1.0062357684562145e-15
48.04269279628956,451.9624549065388,0.0014881721668243521,451.9619544358599,0.6725976975793209,9.474866709559653e-16
48.54269279628956,451.46251427195375,0.0015053253209365602,451.46200276404613,0.6795976975253007,1.092460894019311e-15
49.04269279628956,450.96257376961273,0.0015225165072852217,450.96205109134763,0.6865976974699488,1.102176165577736e-15
49.54269279628956,450.462633399955,0.0015397458524890782,450.46209941776056,0.6935976974132441,1.3204866962171689e-15
50.04269279628956,449.9626931634219,0.0015570134837295108,449.962147743281,0.700597697355165,1.2621373575322292e-15
50.54269279628956,449.4627530604566,0.001574319528753669,449.46219606790487,0.70759769729569,1.2026549000730529e-15
51.04269279628956,448.9628130915043,0.0015916641158776191,448.96224439162825,0.7145976972347974,1.2847744932370627e-15
51.54269279628956,448.46287325701223,0.0016090473739895155,448.46229271444713,0.7215976971724649,1.2242495092912262e-15
52.04269279628956,447.96293355742955,0.0016264694325527915,447.96234103635743,0.7285976971086706,1.1625508157603919e-15
52.54269279628956,447.4629939932074,0.0016439304216093727,447.4623893573551,0.735597697043392,8.797281572554155e-16
53.04269279628956,446.96305456479905,0.0016614304717829113,446.9624376774361,0.7425976969766064,9.615906481872777e-16
53.54269279628956,446.46311527265965,0.0016789697142820426,446.46248599659634,0.7495976969082909,8.955959375311446e-16
54.04269279628956,445.96317611724646,0.0016965482809036623,445.96253431483154,0.7565976968384223,9.789546623758937e-16
54.54269279628956,445.4632370990188,0.001714166304036228,445.4625826321377,0.7635976967669775,1.2157154748687308e-15
55.04269279628956,444.963298218438,0.001731823916663081,444.9626309485106,0.7705976966939329,1.0733395210492508e-15
55.54269279628956,444.46335947596754,0.0017495212523657904,444.46267926394603,0.7775976966192648,1.1603843529123724e-15
56.04269279628956,443.96342087207285,0.0017672584453275219,443.9627275784397,0.7845976965429491,1.2489254471966469e-15
56.54269279628956,443.4634824072216,0.0017850356303364269,443.46277589198746,0.7915976964649616,1.1026937462693274e-15
57.04269279628956,442.96354408188347,0.0018028529427890564,442.962824204585,0.798597696385278,1.1921554975089414e-15
57.54269279628956,442.46360589653034,0.001820710518693797,442.462872516228,0.8055976963038735,1.1227650629663679e-15
58.04269279628956,441.9636678516361,0.0018386084946743306,441.9629208269121,0.8125976962207232,8.901786919664759e-16
58.54269279628956,441.4637299476769,0.001856547007973117,441.4629691366331,0.8195976961358019,1.0615879329996222e-15
59.04269279628956,440.96379218513096,0.0018745261964549014,440.96301744538647,0.8265976960490843,9.064375429291106e-16
59.54269279628956,440.46385456447877,0.001892546198610245,440.463065753168,0.8335976959605448,5.820768078099309e-16
60.04269279628956,439.96391708620285,0.0019106071535590788,439.96311405997307,0.8405976958701573,8.391194715306442e-16
60.54269279628956,439.46397975078804,0.0019287092010542841,439.4631623657973,0.8475976957778959,8.467785332391341e-16
61.04269279628956,438.9640425587213,0.001946852481485295,438.9632106706363,0.8545976956837341,7.690647351436731e-16
61.54269279628956,438.4641055104919,0.0019650371358817262,438.4632589744855,0.8615976955876454,9.48567279610754e-16
62.04269279628956,437.9641686065912,0.0019832633059170264,437.96330727734033,0.8685976954896029,8.702320007212146e-16
62.54269279628956,437.46423184751296,0.0020015311339121565,437.4633555791964,0.8755976953895793,7.90390464627436e-16
63.04269279628956,436.9642952337531,0.002019840762839292,436.963403880049,0.8825976952875473,6.203915946535499e-16
63.54269279628956,436.4643587658098,0.0020381923363255523,436.4634521798936,0.8895976951834791,7.15535349264417e-16
64.04269279628956,435.96442244418347,0.0020565859986567555,435.96350047872545,0.8965976950773469,4.513245135871404e-16
64.54269279628956,435.464486269377,0.002075021894781197,435.46354877654005,0.9035976949691225,5.465785203682018e-16
65.04269279628956,434.96455024189544,0.002093500170313457,434.96359707333266,0.9105976948587776,7.354925531387993e-16
65.54269279628956,434.46461436224615,0.0021120209715382314,434.4636453690986,0.9175976947462832,4.639272483200126e-16
66.04269279628956,433.9646786309389,0.002130584445414194,433.9636936638331,0.9245976946316102,4.682158129923073e-16
66.54269279628956,433.4647430484858,0.0021491907395778777,433.4637419575314,0.93159769451473,6.615686714280251e-16
67.04269279628956,432.9648076154012,0.0021678400023475907,432.96379025018877,0.9385976943956122,3.815419841717592e-16
67.54269279628956,432.46487233220194,0.0021865323827273543,432.46383854180027,0.945597694274227,7.701625999982339e-16
68.04269279628956,431.9649371994072,0.002205268030410871,431.96388683236114,0.9525976941505448,7.77315226397347e-16
68.54269279628956,431.4650022175386,0.002224047095785518,431.4639351218665,0.9595976940245348,6.864748696897566e-16
69.04269279628956,430.9650673871202,0.00224286972993637,430.9639834103114,0.9665976938961663,6.928651775146845e-16
69.54269279628956,430.46513270867837,0.0022617360846502502,430.4640316976911,0.9735976937654085,7.992257361096858e-16
70.04269279628956,429.96519818274203,0.0022806463124198087,429.9640799840004,0.9805976936322298,7.058476768777263e-16
70.54269279628956,429.4652638098425,0.002299600566447629,429.4641282692344,0.9875976934965989,8.142187924157509e-16
71.04269279628956,428.9653295905136,0.002318599000650364,428.96417655338814,0.9945976933584836,1.027292316084291e-15
71.54269279628956,428.4653955252916,0.002337641769662902,428.4642248364565,1.0015976932178519,7.25838023612697e-16
72.04269279628956,427.96546161471537,0.002356729028842559,427.96427311843445,1.008597693074671,1.046632105663179e-15
72.54269279628956,427.46552785932613,0.0023758609342733037,427.4643213993168,1.0155976929289081,9.508098940596575e-16
73.04269279628956,426.9655942596678,0.0023950376427700083,426.96436967909864,1.0225976927805305,9.597443993457459e-16
73.54269279628956,426.4656608162867,0.0024142593118827342,426.4644179577746,1.029597692629504,8.611320101379755e-16
74.04269279628956,425.9657275297318,0.0024335260999010433,425.96446623533944,1.0365976924757956,7.605876016303656e-16
74.54269279628956,425.4657944005546,0.0024528381658583415,425.46451451178814,1.0435976923193706,7.677600226896692e-16
75.04269279628956,424.96586142930926,0.002472195669536254,424.96456278711537,1.0505976921601947,6.642931386114208e-16
75.54269279628956,424.46592861655245,0.0024915987714690295,424.46461106131574,1.0575976919982335,1.1176205999138754e-15
76.04269279628956,423.96599596284346,0.002511047632947976,423.9646593343841,1.064597691833451,9.025579546804281e-16
76.54269279628956,423.4660634687443,0.0025305424160259296,423.4647076063149,1.0715976916658125,7.402766036825737e-16
77.04269279628956,422.9661311348196,0.0025500832835217532,422.96475587710296,1.078597691495282,6.323299708754423e-16
77.54269279628956,422.46619896163656,0.002569670399024868,422.4648041467427,1.0855976913218233,7.543965780007058e-16
78.04269279628956,421.9662669497652,0.002589303926899815,421.9648524152288,1.0925976911454,6.444054363617734e-16
78.54269279628956,421.4663350997782,0.0026089840322908544,421.4649006825557,1.099597690965975,6.505403474210448e-16
79.04269279628956,420.9664034122509,0.0026287108811265916,420.96494894871796,1.1065976907835116,7.164448087436144e-16
79.54269279628956,420.4664718877614,0.0026484846401246395,420.46499721371,1.113597690597972,7.835553863467337e-16
80.04269279628956,419.9665405268905,0.002668305476796313,419.9650454775262,1.1205976904093182,1.0344393841044035e-15
80.54269279628956,419.46660933022196,0.0026881735594513592,419.465093740161,1.127597690217512,9.214719032158769e-16
81.04269279628956,418.96667829834206,0.0027080890572027173,418.9651420016088,1.134597690022515,1.0543369328333074e-15
81.54269279628956,418.46674743183996,0.002728052139971317,418.4651902618639,1.1415976898242879,1.001832462279028e-15
82.04269279628956,417.9668167313077,0.002748062978490908,417.9652385209205,1.1485976896227912,8.218036374030818e-16
82.54269279628956,417.4668861973401,0.0027681217443129265,417.46528677877296,1.1555976894179856,9.573495512394057e-16
83.04269279628956,416.96695583053486,0.002788228609811395,416.9653350354154,1.1625976892098304,9.02125338587159e-16
83.54269279628956,416.46702563149245,0.002808383748187859,416.46538329084217,1.1695976889982853,1.040934496826185e-15
84.04269279628956,415.9670956008163,0.0028285873334763577,415.96543154504724,1.1765976887833096,1.182348529185315e-15
84.54269279628956,415.4671657391128,0.002848839540548431,415.4654797980249,1.1835976885648616,1.1274480865365314e-15
85.04269279628956,414.96723604699105,0.0028691405451181638,414.9655280497691,1.1905976883429,1.0713892388017573e-15
85.54269279628956,414.4673065250633,0.002889490523747266,414.46557630027394,1.1975976881173824,1.014152524103534e-15
86.04269279628956,413.9673771739446,0.0029098896538501877,413.9656245495334,1.2045976878882663,8.191869956959583e-16
86.54269279628956,413.46744799425306,0.002930338113699275,413.46567279754146,1.2115976876555086,8.960660463439254e-16
87.04269279628956,412.9675189866097,0.0029508360824299605,412.96572104429214,1.2185976874190663,6.2638180752600155e-16
87.54269279628956,412.46759015163866,0.0029713837400459917,412.4657692897792,1.2255976871788952,7.730264825795986e-16
88.04269279628956,411.96766148996693,0.002991981267424699,411.9658175339966,1.2325976869349513,6.386374375904235e-16
88.54269279628956,411.4677330022247,0.0030126288463223007,411.46586577693813,1.2395976866871903,5.732144857288918e-16
89.04269279628956,410.9678046890451,0.0030333266593792468,410.9659140185976,1.2465976864355668,5.788121028848316e-16
89.54269279628956,410.4678765510645,0.003054074890125603,410.4659622589687,1.2535976861800353,6.575302327698409e-16
90.04269279628956,409.96794858892207,0.003074873722986473,409.9660104980452,1.2605976859205497,6.639669960758172e-16
90.54269279628956,409.4680208032604,0.0030957233432874604,409.46605873582075,1.2675976856570639,8.939663542218937e-16
91.04269279628956,408.9680931947251,0.0031166239372601716,408.966106972289,1.2745976853895313,7.522826812875569e-16
91.54269279628956,408.4681657639649,0.0031375756920477577,408.46615520744365,1.281597685117904,7.596742466172605e-16
92.04269279628956,407.96823851163174,0.0031585787957104984,407.966203441278,1.288597684842135,1.1507214790311495e-15
92.54269279628956,407.4683114383807,0.0031796334372314267,407.4662516737858,1.2955976845621753,9.296446893955846e-16
93.04269279628956,406.9683845448701,0.003200739806521995,406.9662999049604,1.3025976842779765,7.823440340600024e-16
93.54269279628956,406.46845783176155,0.0032218980944277833,406.4663481347953,1.30959768398949,7.110621605537343e-16
94.04269279628956,405.96853129971987,0.0032431084927342464,405.9663963632839,1.3165976836966655,8.776680632416146e-16
94.54269279628956,405.46860494941313,0.00326437119417251,405.46644459041954,1.3235976833994532,5.640446482938777e-16
95.04269279628956,404.96867878151266,0.0032856863924252038,404.9664928161955,1.3305976830978024,7.323877625348142e-16
95.54269279628956,404.4687527966932,0.003307054282132341,404.4665410406051,1.337597682791662,7.396555372641447e-16
96.04269279628956,403.9688269956327,0.003328475058897241,403.96658926364154,1.3445976824809807,6.640040746041672e-16
96.54269279628956,403.46890137901255,0.003349948919292493,403.46663748529807,1.351597682165706,7.544359138386119e-16
97.04269279628956,402.9689759475175,0.00337147606086597,402.9666857055677,1.3585976818457859,9.312728970843507e-16
97.54269279628956,402.46905070183567,0.0033930566821468817,402.46673392444376,1.3655976815211666,8.550550423689081e-16
98.04269279628956,401.9691256426586,0.003414690982651877,401.96678214191905,1.3725976811917946,7.772339252736016e-16
98.54269279628956,401.46920077068125,0.0034363791628911895,401.4668303579868,1.3795976808576162,1.0466730421307286e-15
99.04269279628956,400.9692760866021,0.003458121424374828,400.96687857263987,1.3865976805185765,7.928631898312281e-16
99.54269279628956,400.4693515911231,0.003479917969618817,400.46692678587124,1.3935976801746202,8.008102476329215e-16
100.04269279628956,399.9694272849496,0.0035017690021514817,399.96697499767384,1.400597679825692,7.189751713971632e-16
100.54269279628956,399.46950316879054,0.003523674726519779,399.4670232080404,1.407597679471735,7.261998032036982e-16
101.04269279628956,398.9695792433584,0.003545635348295679,398.9670714169638,1.4145976791126926,7.335062433833522e-16
101.54269279628956,398.46965550936926,0.003567651074082592,398.46711962443675,1.4215976787485078,6.482835824194201e-16
102.04269279628956,397.96973196754277,0.0035897221115218456,397.967167830452,1.428597678379122,7.483686864856058e-16
102.54269279628956,397.46980861860214,0.0036118486692992098,397.46721603500225,1.4355976780044772,7.559267942066406e-16
103.04269279628956,396.96988546327424,0.003634030957151471,396.96726423807996,1.442597677624514,7.63570920335107e-16
103.54269279628956,396.46996250228966,0.003656269185873057,396.4673124396778,1.4495976772391728,6.748893849664879e-16
104.04269279628956,395.97003973638255,0.003678563567322712,395.9673606397883,1.4565976768483933,7.7912160051726885e-16
104.54269279628956,395.4701171662909,0.003700914314430219,395.46740883840397,1.4635976764521146,8.854091765406695e-16
105.04269279628956,394.97019479275633,0.0037233216412031795,394.9674570355171,1.4705976760502757,5.96272219353223e-16
105.54269279628956,394.4702726165242,0.0037457857627338385,394.4675052311202,1.4775976756428142,8.031204920589108e-16
106.04269279628956,393.97035063834375,0.003768306895205965,393.9675534252056,1.4845976752296672,7.098911274249845e-16
106.54269279628956,393.47042885896786,0.003790885255901784,393.46760161776547,1.491597674810772,9.220294919530315e-16
107.04269279628956,392.9705072791534,0.0038135210632089613,392.96764980879215,1.4985976743860645,9.314488887810342e-16
107.54269279628956,392.470585899661,0.0038362145366276417,392.46769799827774,1.50559767395548,7.318707854749762e-16
108.04269279628956,391.9706647212551,0.003858965896777541,391.96774618621447,1.5125976735189532,9.50614387328553e-16
108.54269279628956,391.4707437447042,0.0038817753654050925,391.46779437259437,1.5195976730764194,7.469492232192539e-16
109.04269279628956,390.9708229707805,0.003904643165390648,390.9678425574094,1.5265976726278105,8.62422090548061e-16
109.54269279628956,390.47090240026034,0.003927569520755735,390.46789074065174,1.5335976721730606,8.71289360741565e-16
110.04269279628956,389.9709820339239,0.003950554656670368,389.9679389223131,1.5405976717121013,9.902917933191988e-16
110.54269279628956,389.4710618725555,0.003973598799460417,389.46798710238545,1.547597671244865,8.893334485194108e-16
111.04269279628956,388.9711419169433,0.0039967021766150355,388.96803528086065,1.5545976707712816,9.5466999266647e-16
111.54269279628956,388.4712221678796,0.004019865016794138,388.4680834577304,1.561597670291282,9.645366411839417e-16
112.04269279628956,387.9713026261608,0.004043087549835947,387.9681316329865,1.5685976698047952,1.0318428031561569e-15
112.54269279628956,387.4713832925874,0.004066370006764584,387.4681798066206,1.5755976693117506,1.158371961611663e-15
113.04269279628956,386.971464167964,0.004089712619797737,386.9682279786242,1.582597668812076,1.228910173144449e-15
113.54269279628956,386.47154525309924,0.004113115622354368,386.46827614898905,1.589597668305699,1.123422352269049e-15
114.04269279628956,385.9716265488061,0.004136579249062497,385.96832431770645,1.5965976677925462,1.0156236901500043e-15
114.54269279628956,385.4717080559018,0.004160103735767035,385.46837248476805,1.6035976672725438,1.0865674464268554e-15
115.04269279628956,384.9717897752076,0.004183689319537686,384.96842065016517,1.6105976667456168,1.1588945625659659e-15
115.54269279628956,384.4718717075491,0.004207336238676905,384.46846881388905,1.6175976662116893,9.244716449811635e-16
116.04269279628956,383.9719538537563,0.004231044732727922,383.96851697593104,1.6245976656706855,8.718630470213042e-16
116.54269279628956,383.4720362146634,0.004254815042482827,383.4685651362824,1.6315976651225288,8.809922188615317e-16
117.04269279628956,382.9721187911089,0.004278647409990714,382.9686132949343,1.6385976645671407,1.0174046992205146e-15
117.54269279628956,382.4722015839359,0.004302542078565901,382.4686614518778,1.645597664004443,9.638305075146638e-16
118.04269279628956,381.97228459399156,0.0043264992927962,381.9687096071039,1.652597663434356,8.441009008386063e-16
118.54269279628956,381.47236782212775,0.004350519298551263,381.46875776060375,1.6595976628568,1.0498289880794364e-15
119.04269279628956,380.9724512692007,0.004374602342990988,380.9688059123681,1.6665976622716943,1.1935060621351819e-15
119.54269279628956,380.4725349360711,0.0043987486745739905,380.46885406238795,1.6735976616789563,9.38079622227826e-16
120.04269279628956,379.9726188236042,0.004422958543066148,379.96890221065405,1.6805976610785045,8.125656625543663e-16
120.54269279628956,379.4727029326698,0.004447232199549205,379.4689503571572,1.687597660470255,9.580249872034826e-16
121.04269279628956,378.97278726414226,0.0044715698964294505,378.96899850188805,1.6945976598541235,1.0373317816684752e-15
121.54269279628956,378.47287181890056,0.004495971887446462,378.4690466448373,1.701597659230025,9.784488875431203e-16
122.04269279628956,377.9729565978283,0.004520438427681922,377.9690947859954,1.708597658597874,9.888442718696506e-16
122.54269279628956,377.4730416018137,0.004544969773568498,377.46914292535297,1.7155976579575833,9.99364116822769e-16
123.04269279628956,376.97312683174977,0.004569566182898801,376.96919106290045,1.7225976573090658,9.378665034540612e-16
123.54269279628956,376.4732122885342,0.00459422791483441,376.4692391986281,1.7295976566522324,1.1666101096093622e-15
124.04269279628956,375.9732979730695,0.004618955229914972,375.96928733252633,1.7365976559869938,1.0316871199254019e-15
124.54269279628956,375.4733838862629,0.0046437483900673695,375.4693354645854,1.7435976553132604,9.682415183315216e-16
125.04269279628956,374.9734700290265,0.004668607658614968,374.96938359479543,1.7505976546309405,1.0538891494716985e-15
125.54269279628956,374.4735564022772,0.004693533300286932,374.4694317231466,1.757597653939942,1.065191446862818e-15
126.04269279628956,373.97364300693687,0.004718525581227619,373.96947984962895,1.7645976532401721,1.0766303375589828e-15
126.54269279628956,373.47372984393223,0.004743584769006048,373.4695279742325,1.7715976525315367,1.0104785401316454e-15
127.04269279628956,372.97381691419497,0.004768711132625442,372.96957609694704,1.778597651813941,7.8566091018256e-16
127.54269279628956,372.4739042186618,0.004793904942532849,372.4696242177626,1.7855976510872893,7.941321974519659e-16
128.04269279628954,371.97399175827445,0.0048191664706288455,371.96967233666885,1.7925976503514838,7.224357761724687e-16
128.54269279628954,371.47407953397965,0.004844495990277309,371.4697204536555,1.7995976496064279,1.0548004526546803e-15
129.04269279628954,370.9741675467293,0.0048698937763152735,370.9697685687123,1.8065976488520223,7.381523221772112e-16
129.54269279628954,370.47425579748034,0.004895360105062869,370.46981668182866,1.8135976480881673,9.11966771613491e-16
130.04269279628954,369.9743442871949,0.004920895254333334,369.9698647929942,1.8205976473147623,9.21866860697051e-16
130.54269279628954,369.4744330168404,0.004946499503443115,369.4699129021984,1.8275976465317052,8.47170966643095e-16
131.04269279628954,368.9745219873893,0.004972173133222049,368.96996100943056,1.834597645738893,1.0276713035798494e-15
131.54269279628954,368.4746111998195,0.004997916426023618,368.47000911467995,1.8415976449362226,8.657276628951486e-16
132.04269279628954,367.974700655114,0.005023729665735303,367.97005721793573,1.848597644123588,7.001417925203316e-16
132.54269279628954,367.4747903542614,0.005049613137789011,367.4701053191872,1.8555976433008843,6.193201376207458e-16
133.04269279628954,366.97488029825547,0.00507556712917159,366.97015341842337,1.8625976424680037,8.944266932755461e-16
133.54269279628954,366.4749704880954,0.005101591928435432,366.4702015156332,1.869597641624838,7.233838194707614e-16
134.04269279628954,365.97506092478585,0.005127687825709162,365.97024961080564,1.8765976407712783,8.227385427729264e-16
134.54269279628954,365.47515160933705,0.005153855112708414,365.4702977039295,1.8835976399072143,7.393606750207149e-16
135.04269279628954,364.97524254276465,0.005180094082746695,364.97034579499353,1.890597639032534,6.540605301272591e-16
135.54269279628954,364.4753337260899,0.005206405030746337,364.47039388398656,1.8975976381471256,6.61268774505686e-16
136.04269279628954,363.9754251603396,0.005232788253249546,363.97044197089707,1.9045976372508746,9.55095060815415e-16
136.54269279628954,363.47551684654627,0.005259244048429535,363.4704900557137,1.9115976363436664,7.725200818817095e-16
137.04269279628954,362.97560878574797,0.005285772716101752,362.97053813842484,1.9185976354253849,9.763365969944086e-16
137.54269279628954,362.4757009789885,0.005312374557735197,362.4705862190188,1.9255976344959123,6.910094566355849e-16
138.04269279628954,361.97579342731757,0.005339049876463844,361.97063429748397,1.9325976335551303,7.984890087460326e-16
138.54269279628954,361.4758861317905,0.005365798977098138,361.47068237380853,1.9395976326029198,9.082828421125901e-16
139.04269279628954,360.9759790934685,0.005392622166136613,360.9707304479806,1.9465976316391593,8.163471714112811e-16
139.54269279628954,360.4760723134186,0.00541951975177758,360.47077851998836,1.9535976306637268,7.222639311868173e-16
140.04269279628954,359.9761657927139,0.0054464920439309325,359.9708265898196,1.9605976296764989,7.3032405511999e-16
140.54269279628954,359.4762595324333,0.005473539354230042,359.4708746574623,1.9675976286773509,9.494814136142474e-16
141.04269279628954,358.9763535336617,0.005500661996043754,358.9709227229043,1.9745976276661565,7.467498162422461e-16
141.54269279628954,358.47644779749015,0.005527860284488482,358.4709707861332,1.981597626642789,9.708664019166255e-16
142.04269279628954,357.9765423250156,0.005555134536440408,357.97101884713675,1.9885976256071194,8.726771380158384e-16
142.54269279628954,357.4766371173412,0.005582485070547782,357.4710669059024,1.995597624559018,8.824844012659947e-16
143.04269279628954,356.9767321755764,0.005609912207243322,356.9711149624176,2.0025976234983536,8.924158708700924e-16
143.54269279628954,356.47682750083663,0.005637416268756726,356.47116301666983,2.009597622424993,7.896641352399626e-16
144.04269279628954,355.9769230942437,0.005664997579127282,355.97121106864626,2.016597621338804,8.556173050099836e-16
144.54269279628954,355.4770189569257,0.005692656464216589,355.47125911833416,2.023597620239649,5.19172402535693e-16
145.04269279628954,354.977115090017,0.00572039325172138,354.9713071657206,2.030597619127393,7.584031285189222e-16
145.54269279628954,354.4772114946583,0.005748208271186462,354.4713552107925,2.037597618001897,9.439985459024957e-16
146.04269279628954,353.977308171997,0.005776101854017757,353.9714032535369,2.0445976168630215,8.95043422183563e-16
146.54269279628954,353.4774051231866,0.00580407433349546,353.47145129394056,2.0515976157106253,9.052166898239972e-16
147.04269279628954,352.9775023493874,0.005832126044787303,352.97149933199023,2.0585976145445657,6.713815303221776e-16
147.54269279628954,352.4775998517662,0.005860257324961938,352.47154736767254,2.0655976133647,7.407648129378782e-16
148.04269279628954,351.97769763149626,0.005888468513002428,351.97159540097414,2.0725976121708816,5.619154915484184e-16
148.54269279628954,351.4777956897576,0.005916759949819857,351.4716434318812,2.0795976109629635,6.946365024785633e-16
149.04269279628954,350.977894027737,0.005945131978267057,350.9716914603804,2.0865976097407977,5.748451727536016e-16
149.54269279628954,350.47799264662797,0.005973584943152447,350.4717394864577,2.093597608504234,5.81435326485743e-16
150.04269279628954,349.97809154763075,0.006002119191253997,349.9717875100995,2.1005976072531207,7.188018724396152e-16
150.54269279628954,349.47819073195245,0.006030735071333307,349.4718355312917,2.107597605987305,5.948722862092097e-16
151.04269279628954,348.9782902008071,0.00605943293414981,348.97188355002027,2.1145976047066313,6.017215599868509e-16
151.54269279628954,348.47838995541565,0.006088213132475095,348.4719315662711,2.121597603410943,7.439174203438142e-16
152.04269279628954,347.9784899970061,0.006117076021107356,347.97197958002994,2.1285976021000836,7.525075705835893e-16
152.54269279628954,347.4785903268134,0.0061460219568859635,347.4720275912825,2.135597600773892,7.612095064614837e-16
153.04269279628954,346.97869094607967,0.00617505129870616,346.9720756000142,2.1425975994322073,9.100293645201636e-16
153.54269279628954,346.47879185605416,0.0062041644075338884,346.4721236062106,2.1495975980748665,7.789552366584355e-16
154.04269279628954,345.9788930579933,0.006233361646420744,345.97217160985684,2.156597596701704,9.312755007238941e-16
154.54269279628954,345.47899455316076,0.006262643380519058,345.4722196109384,2.1635975953125546,1.1595169090897659e-15
155.04269279628954,344.97909634282763,0.006292009977097113,344.9722676094403,2.170597593907249,1.0263954226110769e-15
155.54269279628954,344.4791984282722,0.006321461805554486,344.4723156053475,2.177597592485618,1.1125378819687843e-15
156.04269279628954,343.9793008107802,0.006350999237437535,343.97236359864496,2.1845975910474893,1.0504993636457413e-15
156.54269279628954,343.4794034916449,0.006380622646455008,343.47241158931746,2.1915975895926887,1.0627897470285857e-15
157.04269279628954,342.97950647216703,0.006410332408493802,342.9724595773497,2.198597588121041,7.680301286432104e-16
157.54269279628954,342.4796097536549,0.006440128901634846,342.47250756272626,2.20559758663237,1.010154823554663e-15
158.04269279628954,341.97971333742447,0.006470012506169135,341.97255554543165,2.212597585126495,1.0220254063610024e-15
158.54269279628954,341.4798172247993,0.0064999836046139,341.4726035254501,2.2195975836032353,9.545106422007522e-16
159.04269279628954,340.9799214171108,0.006530042581728917,340.97265150276587,2.2265975820624084,9.657604695277938e-16
159.54269279628954,340.4800259156981,0.006560189824532967,340.4726994773631,2.233597580503829,9.771597229186159e-16
160.04269279628954,339.9801307219082,0.006590425722320431,339.9727474492259,2.2405975789273103,8.239255093718048e-16
160.54269279628954,339.4802358370961,0.006620750666678045,339.47279541833797,2.2475975773326637,1.0004153793569942e-15
161.04269279628954,338.9803412626245,0.006651165051501789,338.97284338468313,2.254597575719697,9.279199496520714e-16
161.54269279628954,338.48044699986445,0.006681669273013934,338.4728913482451,2.2615975740882184,1.1096536945386003e-15
162.04269279628954,337.98055305019494,0.006712263729780242,337.97293930900736,2.2685975724380327,1.0364759639874507e-15
162.54269279628954,337.48065941500306,0.006742948822727311,337.4729872669533,2.275597570768943,6.992129612223896e-16
163.04269279628954,336.98076609568415,0.00677372495516008,336.97303522206613,2.282597569080749,8.844404884508813e-16
163.54269279628954,336.48087309364183,0.006804592532779486,336.4730831743291,2.2895975673732507,8.950048929013821e-16
164.04269279628954,335.98098041028805,0.006835551963700288,335.9731311237252,2.2965975656462443,8.151403598626134e-16
164.54269279628954,335.48108804704316,0.006866603658469033,335.47317907023734,2.303597563899524,9.16562473247067e-16
165.04269279628954,334.9811960053359,0.006897748030082203,334.97322701384826,2.3105975621328816,7.420479564481732e-16
165.54269279628954,334.4813042866036,0.006928985494004505,334.47327495454067,2.3175975603461074,9.387061294932012e-16
166.04269279628954,333.98141289229204,0.006960316468187344,333.97332289229706,2.324597558538989,8.550029367812106e-16
166.54269279628954,333.48152182385587,0.0069917413730874465,333.47337082709976,2.331597556711312,8.653082593533783e-16
167.04269279628954,332.9816310827582,0.00702326063168566,332.9734187589311,2.3385975548628593,8.757535659000081e-16
167.54269279628954,332.4817406704711,0.00705487466950592,332.4734666877731,2.3455975529934117,1.08330563327563e-15
168.04269279628954,331.9818505884753,0.0070865839146343895,331.97351461360785,2.3525975511027473,8.970726312008985e-16
168.54269279628954,331.48196083826065,0.007118388797738766,331.4735625364171,2.3595975491906422,9.079507288597392e-16
169.04269279628954,330.9820714213258,0.007150289752087775,330.97361045618266,2.3665975472568705,1.0210860995530956e-15
169.54269279628954,330.4821823391785,0.007182287213570823,330.473658372886,2.373597545301202,1.1368563244711305e-15
170.04269279628954,329.9822935933356,0.007214381620717851,329.9737062865086,2.380597543323407,9.4148608281181e-16
170.54269279628954,329.48240518532316,0.007246573414719345,329.4737541970318,2.3875975413232506,1.058858391066662e-15
171.04269279628954,328.9825171166764,0.0072788630394465485,328.97380210443663,2.394597539300497,8.574372968294418e-16
171.54269279628954,328.4826293889399,0.007311250941471848,328.47385000870423,2.4015975372549065,9.764217206667134e-16
172.04269279628954,327.98274200366774,0.007343737570089348,327.9738979098153,2.4085975351862383,6.58926196564371e-16
172.54269279628954,327.48285496242323,0.0073763233773356356,327.47394580775074,2.415597533094247,5.558456559218804e-16
173.04269279628954,326.98296826677944,0.0074090088180107355,326.97399370249093,2.4225975309786874,6.189473397302406e-16
173.54269279628954,326.4830819183189,0.007441794349699254,326.4740415940164,2.4295975288393086,6.265686142498323e-16
174.04269279628954,325.9831959186338,0.007474680432791721,325.9740894823074,2.4365975266758593,8.649486153871693e-16
174.54269279628954,325.4833102693262,0.007507667530506126,325.4741373673441,2.443597524488084,8.172564709705546e-16
175.04269279628954,324.98342497200787,0.007540756108909656,324.9741852491063,2.450597522275725,8.2736636779823245e-16
175.54269279628954,324.4835400283005,0.007573946636940629,324.47423312757394,2.4575975200385214,5.98298010900122e-16
176.04269279628954,323.9836554398359,0.00760723958643064,323.9742810027266,2.4645975177762103,4.845778288451643e-16
176.54269279628954,323.48377120825575,0.007640635432126897,323.47432887454386,2.471597515488525,6.132503914064309e-16
177.04269279628954,322.98388733521193,0.00767413465171478,322.97437674300505,2.478597513175196,6.208839430958651e-16
177.54269279628954,322.4840038223665,0.0077077377258406,322.47442460808924,2.4855975108359507,8.172119604827294e-16
178.04269279628954,321.9841206713919,0.0077414451381345745,321.9744724697755,2.4925975084705154,9.547109837646406e-16
178.54269279628954,321.4842378839708,0.007775257375234012,321.4745203280427,2.49959750607861,7.733206278334208e-16
179.04269279628954,320.9843554617965,0.007809174926806719,320.9745681828695,2.5065975036599553,7.177565089309291e-16
179.54269279628954,320.4844734065726,0.007843198285574624,320.4746160342345,2.513597501214264,6.606919312494616e-16
180.04269279628954,319.9845917200135,0.00787732794733762,319.974663882116,2.520597498741251,6.68993689094038e-16
180.54269279628954,319.4847104038442,0.007911564410997635,319.47471172649205,2.5275974962406247,6.774130121866191e-16
181.04269279628954,318.9848294598005,0.007945908178582923,318.9747595673408,2.534597493712091,8.917372796173337e-16
181.54269279628954,318.4849488896291,0.00798035975527259,318.4748074046401,2.5415974911553523,6.946117983941163e-16
182.04269279628954,317.9850686950876,0.00801491964942135,317.9748552383676,2.5485974885701084,5.627160517669702e-16
182.54269279628954,317.4851888779446,0.00804958837258451,317.47490306850074,2.5555974859560564,6.410731535140436e-16
183.04269279628954,316.9853094399799,0.00808436643954319,316.97495089501683,2.562597483312887,6.49205191296167e-16
183.54269279628954,316.48543038298453,0.008119254368329798,316.47499871789313,2.5695974806402906,6.574534897261719e-16
184.04269279628954,315.9855517087607,0.008154252680253724,315.9750465371064,2.5765974779379537,5.918399100190894e-16
184.54269279628954,315.485673419122,0.008189361899927293,315.4750943526335,2.5835974752055577,6.743063008336601e-16
185.04269279628954,314.98579551589364,0.008224582555291961,314.97514216445103,2.5905974724427816,6.829146113698109e-16
185.54269279628954,314.4859180009123,0.00825991517764476,314.47518997253536,2.5975974696493003,6.91646779526775e-16
186.04269279628954,313.9860408760263,0.008295360301664995,313.97523777686274,2.6045974668247864,9.340063850514965e-16
186.54269279628954,313.4861641430958,0.0083309184654412,313.47528557740907,2.6115974639689066,9.459875435168122e-16
187.04269279628954,312.98628780399264,0.008366590210498348,312.97533337415035,2.6185974610813254,7.984516002543822e-16
187.54269279628954,312.4864118606008,0.00840237608182532,312.4753811670621,2.625597458161704,9.704723027728979e-16
188.04269279628954,311.98653631481614,0.008438276627902646,311.97542895611974,2.632597455209698,9.010664003880043e-16
188.54269279628954,311.48666116854673,0.008474292400730507,311.47547674129856,2.639597452224961,9.956724822285013e-16
189.04269279628954,310.98678642371283,0.008510423955857006,310.9755245225737,2.6465974492071407,9.24502429472902e-16
189.54269279628954,310.486912082247,0.008546671852406715,310.4755722999198,2.6535974461558824,1.1067456687209027e-15
190.04269279628954,309.9870381460943,0.0085830366531095,309.97562007331163,2.6605974430708277,9.486265904131511e-16
190.54269279628954,309.4871646172122,0.008619518924329614,309.47566784272357,2.667597439951612,1.1356725879118863e-15
191.04269279628954,308.98729149757094,0.008656119236095093,308.97571560812986,2.674597436797868,9.734614090429908e-16
191.54269279628954,308.48741878915337,0.008692838162127414,308.47576336950453,2.6815974336092254,8.068521076129148e-16
192.04269279628954,307.9875464939552,0.008729676279871455,307.9758111268214,2.688597430385307,1.0898511545570664e-15
192.54269279628954,307.4876746139851,0.008766634170525749,307.475858880054,2.6955974271257337,8.280796958629836e-16
193.04269279628954,306.9878031512648,0.008803712419073025,306.9759066291757,2.702597423830121,1.0253572239585767e-15
193.54269279628954,306.48793210782907,0.00884091161431105,306.4759543741598,2.7095974204980804,7.555002469965847e-16
194.04269279628954,305.988061485726,0.008878232348883781,305.97600211497905,2.716597417129218,1.0524674710868202e-15
194.54269279628954,305.4881912870171,0.008915675219312812,305.4760498516064,2.7235974137231374,1.1632629760175199e-15
195.04269279628954,304.98832151377724,0.008953240826029135,304.97609758401416,2.7305974102794353,9.821699510578092e-16
195.54269279628954,304.4884521680949,0.008990929773405211,304.4761453121747,2.7375974067977054,1.0946585218939428e-15
196.04269279628954,303.98858325207226,0.009028742669787366,303.97619303605995,2.7445974032775355,1.3108048673325617e-15
196.54269279628954,303.4887147678253,0.00906668012752849,303.4762407556418,2.7515973997185097,1.123842641852074e-15
197.04269279628954,302.9888467174839,0.00910474276302108,302.97628847089186,2.7585973961202077,1.3458099824166313e-15
197.54269279628954,302.48897910319204,0.009142931196730592,302.4763361817814,2.7655973924822033,1.258805655308441e-15
198.04269279628954,301.98911192710773,0.009181246053229139,301.9763838882816,2.772597388804065,1.1692750334952116e-15
198.54269279628954,301.48924519140337,0.00921968796122951,301.47643159036323,2.779597385085359,1.0771596612898316e-15
199.04269279628954,300.9893788982656,0.009258257553619541,300.976479287997,2.7865973813256435,1.2007108216192786e-15
199.54269279628954,300.4895130498957,0.009296955467496818,300.4765269811533,2.7935973775244727,9.955509896526196e-16
200.04269279628954,299.9896476485095,0.00933578234420373,299.9765746698022,2.800597373681395,9.52850610859691e-16
200.54269279628954,299.48978269633756,0.009374738829362884,299.4766223539136,2.807597369795955,9.65649174499475e-16
201.04269279628954,298.9899181956253,0.009413825572912853,298.97667003345725,2.8145973658676913,8.63507204042934e-16
201.54269279628954,298.49005414863313,0.0094530432291443,298.4767177084023,2.8215973618961367,9.918308461876962e-16
202.04269279628954,297.99019055763665,0.009492392456736463,297.9767653787181,2.828597357880819,9.46089924728278e-16
202.54269279628954,297.4903274249266,0.009531873918794002,297.47681304437333,2.83559735382126,1.0188139819877375e-15
203.04269279628954,296.9904647528091,0.009571488282884219,296.97686070533666,2.8425973497169776,8.503885005064065e-16
203.54269279628954,296.49060254360586,0.009611236221074657,296.4769083615764,2.849597345567482,8.61927242573995e-16
204.04269279628954,295.99074079965413,0.009651118409971085,295.97695601306077,2.8565973413722787,1.18565761664842e-15
204.54269279628954,295.49087952330694,0.009691135530755849,295.4770036597574,2.8635973371308663,8.855371400093808e-16
205.04269279628954,294.9910187169332,0.009731288269226639,294.9770513016338,2.8705973328427397,1.0258449827927635e-15
205.54269279628954,294.49115838291783,0.009771577315835627,294.4770989386573,2.877597328507386,9.748684630085243e-16
206.04269279628954,293.991298523662,0.009812003365729021,293.97714657079484,2.8845973241242873,8.564482951660852e-16
206.54269279628954,293.4914391415831,0.009852567118787011,293.47719419801314,2.891597319692919,9.349726998354556e-16
207.04269279628954,292.99158023911497,0.009893269279664128,292.97724182027855,2.8985973152127498,8.124101396206628e-16
207.54269279628954,292.491721818708,0.009934110557830025,292.47728943755726,2.9055973106832433,1.029481802667185e-15
208.04269279628954,291.9918638828294,0.009975091667610658,291.977337049815,2.9125973061038573,9.045118479236477e-16
208.54269279628954,291.4920064339631,0.010016213328229908,291.4773846570173,2.919597301474041,1.0580735549727932e-15
209.04269279628954,290.9921494746102,0.010057476263851622,290.9774322591295,2.9265972967932385,8.581629808889075e-16
209.54269279628954,290.49229300728877,0.01009888120362209,290.4774798561164,2.933597292060887,9.425536569321425e-16
210.04269279628954,289.9924370345343,0.010140428881712963,289.9775274479428,2.940597287276417,8.821216542747687e-16
210.54269279628954,289.49258155889976,0.010182120037364614,289.4775750345729,2.947597282439253,9.689144620104367e-16
211.04269279628954,288.9927265829556,0.010223955414929944,288.9776226159708,2.9545972775488116,1.0579748601271455e-15
211.54269279628954,288.4928721092901,0.010265935763918653,288.47767019210016,2.961597272604503,7.662367052917939e-16
212.04269279628954,287.9930181405094,0.010308061839041961,287.9777177629244,2.9685972676057295,9.323313504008619e-16
212.54269279628954,287.4931646792377,0.010350334400257805,287.4777653284065,2.975597262551888,9.453809864897672e-16
213.04269279628954,286.9933117281175,0.010392754212816498,286.9778128885094,2.982597257442366,7.988637513902351e-16
213.54269279628954,286.49345928980955,0.010435322047306874,286.4778604431954,2.989597252276546,8.100845929254651e-16
214.04269279628954,285.9936073669932,0.010478038679702912,285.97790799242665,2.996597247053801,7.393347761700652e-16
214.54269279628954,285.4937559623665,0.010520904891410854,285.4779555361648,3.0035972417734977,7.497561216070888e-16
215.04269279628954,284.9939050786463,0.010563921469316806,284.9780030743714,3.0105972364349944,5.913779218748535e-16
215.54269279628954,284.49405471856863,0.010607089205834863,284.47805060700756,3.0175972310376427,4.283880371835544e-16
216.04269279628954,283.99420488488846,0.010650408898955714,283.978098134034,3.0245972255807847,6.951336716340847e-16
216.54269279628954,283.49435558038033,0.010693881352295785,283.478145655411,3.0315972200637575,4.406260150517625e-16
217.04269279628954,282.9945068078382,0.010737507375146891,282.9781931710988,3.038597214485886,8.044059096844905e-16
217.54269279628954,282.4946585700758,0.010781287782526412,282.478240681057,3.0455972088464907,5.439105282701071e-16
218.04269279628954,281.99481086992665,0.01082522339522801,281.97828818524493,3.0525972031448823,4.597276118906911e-16
218.54269279628954,281.49496371024446,0.010869315039872882,281.4783356836217,3.0595971973803633,4.663005145912304e-16
219.04269279628954,280.995117093903,0.010913563548961558,280.9783831761458,3.066597191552227,4.729793452078807e-16
219.54269279628954,280.49527102379653,0.010957969760926254,280.4784306627755,3.0735971856597586,4.797660040638414e-16
220.04269279628954,279.9954255028399,0.011002534520183791,279.9784781434687,3.080597179702236,5.839949148609482e-16
220.54269279628954,279.49558053396873,0.011047258677189068,279.47852561818286,3.0875971736789247,3.949364771524453e-16
221.04269279628954,278.9957361201396,0.011092143088489123,278.97857308687514,3.0945971675890855,2.0031700868633347e-16
221.54269279628954,278.4958922643303,0.011137188616777767,278.47862054950224,3.1015971614319677,3.0481815625223906e-16
222.04269279628954,277.99604896953974,0.011182396130950813,277.97866800602054,3.1085971552068115,3.092315454176067e-16
222.54269279628954,277.4962062387886,0.011227766506161894,277.47871545638594,3.1155971489128476,4.1828928467185844e-16
223.04269279628954,276.9963640751192,0.011273300623878891,276.978762900554,3.122597142549299,4.2436762550626146e-16
223.54269279628954,276.49652248159566,0.011318999371940974,276.4788103384799,3.1295971361153767,3.2290914711392813e-16
224.04269279628954,275.9966814613044,0.011364863644616254,275.9788577701184,3.1365971296102835,3.2761860904910967e-16
224.54269279628954,275.49684101735403,0.011410894342660067,275.4789051954238,3.1435971230332123,4.432073251843555e-16
225.04269279628954,274.9970011528757,0.011457092373373898,274.97895261435,3.1505971163833455,6.745424370915943e-16
225.54269279628954,274.4971618710233,0.01150345865066494,274.4790000268506,3.1575971096598554,3.9925343326476333e-16
226.04269279628954,273.9973231749736,0.011549994095106306,273.9790474328785,3.1645971028619035,3.472449984862201e-16
226.54269279628954,273.4974850679265,0.011596699633997907,273.4790948323864,3.171597095988642,4.110820385177879e-16
227.04269279628954,272.99764755310537,0.011643576201427988,272.9791422253266,3.1785970890392132,3.5755186716025562e-16
227.54269279628954,272.49781063375696,0.011690624738335353,272.4791896116508,3.1855970820127455,1.8141703358489517e-16
228.04269279628954,271.99797431315193,0.011737846192572262,271.9792369913103,3.192597074908361,3.682042311729364e-16
228.54269279628954,271.4981385945849,0.011785241518968034,271.4792843642561,3.1995970677251666,3.736639898885326e-16
229.04269279628954,270.9983034813746,0.011832811679393342,270.9793317304385,3.2065970604622605,3.792150073515019e-16
229.54269279628954,270.49846897686433,0.011880557642825237,270.47937908980754,3.2135970531187286,3.848589816567524e-16
230.04269279628954,269.99863508442195,0.01192848038541287,269.9794264423127,3.2205970456936446,2.603984304807385e-16
230.54269279628954,269.4988018074403,0.011976580890543969,269.479473787903,3.2275970381860737,3.3036064005310833e-16
231.04269279628954,268.99896914933726,0.012024860148912036,268.97952112652695,3.234597030595065,2.0118307680276742e-16
231.54269279628954,268.4991371135561,0.01207331915858431,268.4795684581328,3.24159702291966,5.445328593174383e-16
232.04269279628954,267.99930570356565,0.012121958925070479,267.97961578266796,3.2485970151588837,3.454459340937065e-16
232.54269279628954,267.4994749228606,0.012170780461392168,267.4796631000796,3.2555970073117515,4.2077450199865933e-16
233.04269279628954,266.99964477496167,0.012219784788153205,266.97971041031445,3.2625969993772674,6.406796199991971e-16
233.54269279628954,266.4998152634159,0.01226897293361067,266.47975771331846,3.269596991354419,6.503592818036529e-16
234.04269279628954,265.9999863917969,0.012318345933746757,265.97980500903736,3.276596983242184,5.134918446632763e-16
234.54269279628954,265.500158163705,0.012367904832341441,265.47985229741613,3.2835969750395266,5.957478232546986e-16
235.04269279628954,265.0003305827678,0.012417650681045963,264.97989957839945,3.2905969667453974,7.559999727647996e-16
235.54269279628954,264.5005036526399,0.012467584539457153,264.4799468519313,3.297596958358733,6.140071832110302e-16
236.04269279628954,264.00067737700374,0.01251770747519259,263.97999411795524,3.3045969498784573,7.012939442197338e-16
236.54269279628954,263.5008517595694,0.012568020563966626,263.48004137641414,3.3115969413034803,6.328986319093966e-16
237.04269279628954,263.0010268040752,0.012618524889667271,262.9800886272506,3.3185969326326985,5.622653545776114e-16
237.54269279628954,262.5012025142877,0.01266922154443395,262.4801358704065,3.3255969238649925,6.524465764459979e-16
238.04269279628954,262.00137889400213,0.012720111628736163,261.9801831058231,3.3325969149992303,5.7966531448270995e-16
238.54269279628954,261.5015559470426,0.012771196251453027,261.4802303334412,3.3395969060342643,7.567610226847024e-16
239.04269279628954,261.00173367726245,0.012822476529953754,260.980277553201,3.346596896968932,8.538192330703252e-16
239.54269279628954,260.50191208854443,0.012873953590179033,260.4803247650422,3.353596887802058,8.67018541838899e-16
240.04269279628954,260.00209118480103,0.012925628566723364,259.9803719689038,3.3605968785324487,7.924030890360184e-16
240.54269279628954,259.50227096997475,0.012977502602918339,259.4804191647243,3.3675968691588967,8.941117005693646e-16
241.04269279628954,259.00245144803836,0.01302957685091688,258.9804663524415,3.374596859680177,9.080145717534014e-16
241.54269279628954,258.50263262299535,0.013081852471778467,258.4805135319928,3.3815968500950526,8.299450316217984e-16
242.04269279628954,258.00281449887996,0.01313433063555534,257.9805607033148,3.3885968404022666,7.492449439874212e-16
242.54269279628954,257.50299707975773,0.013187012521379715,257.48060786634346,3.3955968306005464,6.658431718371405e-16
243.04269279628954,257.00318036972567,0.013239899317552012,256.98065502101434,3.402596820688605,5.796666976850481e-16
243.54269279628954,256.5033643729126,0.013292992221630114,256.4807021672622,3.409596810665136,6.868968014391277e-16
244.04269279628954,256.00354909347936,0.013346292440519672,255.9807493050212,3.4165968005288176,6.977037601061532e-16
244.54269279628954,255.50373453561937,0.01339980119056547,255.48079643422489,3.4235967902783093,5.062159960124899e-16
245.04269279628954,255.00392070355863,0.01345351969764386,254.98084355480603,3.4305967799122548,8.227388448997588e-16
245.54269279628954,254.5041076015563,0.01350744919725628,254.48089066669692,3.4375967694292764,6.268199245745918e-16
246.04269279628954,254.00429523390494,0.013561590934623896,253.98093776982913,3.4445967588279833,9.5513993252785e-16
246.54269279628954,253.5044836049307,0.013615946164783331,253.4809848641334,3.4515967481069607,7.546906338064978e-16
247.04269279628954,253.0046727189939,0.013670516152683563,252.98103194954004,3.458596737264781,7.667060972293026e-16
247.54269279628954,252.50486258048917,0.013725302173283936,252.48107902597846,3.465596726299992,7.789372213492612e-16
248.04269279628954,252.00505319384587,0.013780305511653367,251.98112609337744,3.4725967152111252,9.609715262689181e-16
248.54269279628954,251.5052445635284,0.01383552746307072,251.48117315166513,3.4795967039966933,8.040637849376755e-16
249.04269279628954,251.00543669403663,0.013890969333126373,250.9812202007688,3.486596692655187,7.58613264144705e-16
249.54269279628954,250.50562958990614,0.013946632437825018,250.48126724061515,3.4935966811850787,8.301059540467038e-16
250.04269279628954,250.00582325570863,0.014002518103689672,249.9813142711301,3.500596669584819,6.024871131697647e-16
250.54269279628954,249.50601769605228,0.01405862766786695,249.48136129223877,3.5075966578528384,7.958794548964445e-16
251.04269279628954,249.00621291558213,0.014114962478233602,248.98140830386558,3.5145966459875457,6.843318802651087e-16
251.54269279628954,248.50640891898038,0.014171523893504335,248.48145530593422,3.5215966339873304,8.218671232041385e-16
252.04269279628954,248.00660571096688,0.014228313283340928,247.9815022983675,3.5285966218505576,6.424753988647761e-16
252.54269279628954,247.50680329629935,0.014285332028462685,247.48154928108758,3.5355966095755713,8.488134207140176e-16
253.04269279628954,247.00700167977396,0.01434258152075821,246.98159625401576,3.5425965971606947,7.962999834482143e-16
253.54269279628954,246.50720086622553,0.014400063163398551,246.4816432170725,3.5495965846042257,6.06986169416951e-16
254.04269279628954,246.007400860528,0.014457778370951722,245.9816901701776,3.55659657190444,5.48379746337458e-16
254.54269279628954,245.5076016675949,0.014515728569498615,245.48173711324986,3.5635965590595924,6.967242370039883e-16
255.04269279628954,245.0078032923796,0.014573915196750338,244.98178404620737,3.570596546067909,6.373637389634468e-16
255.54269279628954,244.50800573987584,0.014632339702166982,244.48183096896742,3.577596532927598,6.478668506418131e-16
256.04269279628954,244.00820901511807,0.01469100354707785,243.98187788144625,3.5845965196368375,7.317389944413956e-16
256.54269279628954,243.5084131231819,0.014749908204803167,243.4819247835595,3.591596506193784,8.926166779856949e-16
257.04269279628954,243.0086180691845,0.01480905516077729,242.98197167522173,3.5985964925965663,6.805632196118443e-16
257.54269279628954,242.5088238582851,0.014868445912673438,242.4820185563468,3.6055964788432906,9.224952682497578e-16
258.04269279628954,242.00903049568527,0.01492808197052996,241.98206542684744,3.612596464932034,8.597007499939503e-16
258.54269279628954,241.5092379866295,0.014987964856878184,241.48211228663575,3.619596450860849,7.945865031417518e-16
259.04269279628954,241.0094463364056,0.015048096106871845,240.98215913562277,3.6265964366277617,7.270849617034291e-16
259.54269279628954,240.50965555034512,0.01510847726841812,240.48220597371858,3.633596422230769,8.214083041034208e-16
260.04269279628954,240.00986563382378,0.01516910990231031,239.98225280083238,3.6405964076678416,6.681601065826152e-16
260.54269279628954,239.51007659226207,0.015229995582362175,239.48229961687247,3.647596392936921,5.944771318186805e-16
261.04269279628954,239.01028843112553,0.015291135895543958,238.98234642174612,3.6545963780359214,8.635725438931865e-16
261.54269279628954,238.51050115592534,0.0153525324421201,238.48239321535962,3.661596362962727,7.025314076078928e-16
262.04269279628954,238.01071477221876,0.015414186835788716,237.98243999761831,3.6685963477151926,7.144271635036265e-16
262.54269279628954,237.51092928560962,0.015476100703822807,237.48248676842655,3.6755963322911436,6.357312675138569e-16
263.04269279628954,237.0111447017488,0.015538275687213268,236.9825335276877,3.682596316688375,7.3890480465662e-16
263.54269279628954,236.51136102633473,0.0156007134408137,236.48258027530397,3.6895963009046495,8.454335153122841e-16
264.04269279628954,236.01157826511388,0.015663415633487065,235.98262701117673,3.6965962849377,7.643300368562426e-16
264.54269279628954,235.5117964238813,0.015726383948254208,235.48267373520613,3.703596268785227,8.745870562833348e-16
265.04269279628954,235.01201550848106,0.015789620082444267,234.98272044729137,3.7105962524448985,1.0872727184914334e-15
265.54269279628954,234.5122355248069,0.015853125747847002,234.4827671473305,3.7175962359143493,9.048765323905679e-16
266.04269279628954,234.01245647880262,0.015916902670867084,233.98281383522055,3.7245962191911817,9.204625896729506e-16
266.54269279628954,233.51267837646267,0.01598095259268035,233.48286051085736,3.731596202272964,7.282732605514793e-16
267.04269279628954,233.01290122383276,0.01604527726939207,232.9829071741358,3.738596185157227,7.408716885930845e-16
267.54269279628954,232.51312502701023,0.01610987847219728,232.4829538249494,3.7455961678414713,6.460421519902314e-16
268.04269279628954,232.01334979214482,0.01617475798754312,231.98300046319068,3.7525961503231584,6.572666259415353e-16
268.54269279628954,231.51357552543908,0.01623991761729335,231.48304708875105,3.7595961325997145,8.916146423487032e-16
269.04269279628954,231.013802233149,0.016305359178894942,230.98309370152057,3.766596114668529,8.504750197578139e-16
269.54269279628954,230.51402992158455,0.016371084505546855,230.48314030138832,3.7735960965269557,7.499685264120974e-16
270.04269279628954,230.0142585971103,0.01643709544637102,229.98318688824202,3.780596078172306,8.218138643076121e-16
270.54269279628954,229.51448826614603,0.016503393866585534,229.48323346196813,3.7875960596018583,8.362490489801598e-16
271.04269279628954,229.01471893516722,0.01656998164768014,228.98328002245205,3.7945960408128467,7.294029622948388e-16
271.54269279628954,228.5149506107058,0.016636860687593985,228.48332656957777,3.8015960218024687,8.041274338703315e-16
272.04269279628954,228.01518329935064,0.016704032900895734,227.98337310322805,3.8085960025678784,9.442449751276032e-16
272.54269279628954,227.5154170077483,0.016771500218966045,227.48341962328445,3.8155959831061934,8.328473192283072e-16
273.04269279628954,227.01565174260355,0.016839264590182444,226.98346612962703,3.8225959634144835,8.476387492537777e-16
273.54269279628954,226.51588751068007,0.016907327980106662,226.48351262213475,3.829595943489781,5.30908542911304e-16
274.04269279628954,226.01612431880105,0.01697569237167444,225.98355910068508,3.836595923329072,4.72832135643456e-16
274.54269279628954,225.5163621738499,0.01704435976538785,225.48360556515416,3.8435959029293003,4.81285990838096e-16
275.04269279628954,225.0166010827709,0.0171133321795102,224.9836520154168,3.850595882287363,6.998718206869837e-16
275.54269279628954,224.51684105256984,0.01718261165026352,224.4836984513464,3.857595861400113,5.699529287111883e-16
276.04269279628954,224.01708209031474,0.017252200232028683,223.9837448728149,3.864595840264358,6.527385334321123e-16
276.54269279628954,223.51732420313652,0.01732209999754822,223.48379127969278,3.871595818876856,5.90679351559786e-16
277.04269279628954,223.01756739822974,0.017392313038131862,222.98383767184924,3.8785957972343206,5.261896503404141e-16
277.54269279628954,222.51781168285325,0.017462841463864825,222.48388404915187,3.8855957753334147,5.357253996659152e-16
278.04269279628954,222.01805706433097,0.017533687403818936,221.9839304114668,3.892595753170751,7.792228663959836e-16
278.54269279628954,221.51830355005256,0.017604853006266585,221.48397675865854,3.8995957307428952,4.760450613749159e-16
279.04269279628954,221.01855114747423,0.017676340438897594,220.9840230905903,3.9065957080463583,2.423655601928999e-16
279.54269279628954,220.5187998641194,0.017748151889039027,220.48406940712357,3.9135956850776026,6.581278545260898e-16
280.04269279628954,220.01904970757954,0.01782028956387798,219.98411570811828,3.920595661833035,4.1886955631901233e-16
280.54269279628954,219.51930068551496,0.017892755690687424,219.48416199343285,3.9275956383090107,3.412520323752802e-16
281.04269279628954,219.01955280565548,0.01796555251705514,218.98420826292394,3.9345956145018284,3.4753595882301885e-16
281.54269279628954,218.51980607580128,0.018038682311115776,218.48425451644673,3.9415955904077333,3.539503668177901e-16
282.04269279628954,218.02006050382374,0.018112147361786093,217.98430075385463,3.9485955660229135,2.7037370521419927e-16
282.54269279628954,217.5203160976662,0.018185949979003465,217.4843469749994,3.9555955413434996,4.589784667587406e-16
283.04269279628954,217.02057286534483,0.018260092493967647,216.9843931797311,3.9625955163655613,3.7400703942780095e-16
283.54269279628954,216.52083081494942,0.01833457725938591,216.484439367898,3.969595491085114,4.762179077517925e-16
284.04269279628954,216.02108995464425,0.01840940664972156,215.98448553934674,3.9765954654981095,6.791539506468226e-16
284.54269279628954,215.52135029266893,0.01848458306144591,215.48453169392207,3.983595439600437,4.941892502296677e-16
285.04269279628954,215.02161183733932,0.018560108913293762,214.98457783146694,3.990595413387926,6.041521854536953e-16
285.54269279628954,214.52187459704834,0.01863598664652246,214.48462395182253,3.9975953868563407,5.129271815432359e-16
286.04269279628954,214.02213858026695,0.018712218725174565,213.98467005482811,4.004595360001382,8.361519228591039e-16
286.54269279628954,213.522403795545,0.018788807636344204,213.4847161403211,4.011595332818682,7.454554881985057e-16
287.04269279628954,213.02267025151212,0.018865755890447183,212.984762208137,4.0185953053038075,6.510621693094647e-16
287.54269279628954,212.52293795687876,0.018943066021494884,212.48480825810935,4.02559527745226,8.845611975046024e-16
288.04269279628954,212.02320692043708,0.01902074058737204,211.98485429006982,4.032595249259468,7.887182091804925e-16
288.54269279628954,211.52347715106183,0.019098782170118452,211.48490030384795,4.03959522072079,1.0334074796809847e-15
289.04269279628954,211.02374865771142,0.019177193376214676,210.98494629927134,4.046595191831514,8.191280910704768e-16
289.54269279628954,210.52402144942894,0.0192559768368718,210.48499227616554,4.053595162586854,9.5408698701969e-16
290.04269279628954,210.02429553534307,0.01933513520832534,209.98503823435405,4.060595132981949,9.724153097195785e-16
290.54269279628954,209.52457092466915,0.019414671172133333,209.4850841736582,4.067595103011865,1.053086983393928e-15
291.04269279628954,209.02484762671014,0.019494587435478716,208.98513009389723,4.074595072671587,1.0734147529335427e-15
291.54269279628954,208.52512565085777,0.019574886731476015,208.48517599488818,4.081595041956025,1.1585488497350517e-15
292.04269279628954,208.02540500659353,0.019655571819482482,207.98522187644593,4.0885950108600095,1.2466330596467843e-15
292.54269279628954,207.52568570348976,0.019736645485413703,207.48526773838307,4.095594979378287,1.0702082586657512e-15
293.04269279628954,207.02596775121074,0.01981811054206377,206.98531358050997,4.102594947505523,1.0910678383477052e-15
293.54269279628954,206.5262511595138,0.019899969829430094,206.48535940263474,4.109594915236298,1.2514341719178496e-15
294.04269279628954,206.02653593825045,0.019982226215042958,205.98540520456308,4.116594882565109,9.215161804355922e-16
294.54269279628954,205.52682209736747,0.020064882594299827,205.48545098609836,4.123594849486364,9.396098207554159e-16
295.04269279628954,205.02710964690814,0.020147941890804592,204.98549674704154,4.130594815994382,9.581041096397755e-16
295.54269279628954,204.5273985970134,0.020231407056711732,204.48554248719117,4.137594782083392,9.018543951888677e-16
296.04269279628954,204.02768895792295,0.020315281073075567,203.98558820634338,4.144594747747533,9.963344259329297e-16
296.54269279628954,203.52798073997656,0.020399566950204617,203.4856339042917,4.151594712980848,7.816084842294633e-16
297.04269279628954,203.02827395361527,0.020484267728021196,202.9856795808271,4.158594677777286,8.768603039981261e-16
297.54269279628954,202.52856860938257,0.020569386476426327,202.48572523573813,4.1655946421306975,8.130313021483317e-16
298.04269279628954,202.02886471792576,0.02065492629567007,201.98577086881056,4.172594606034836,1.0780560643992125e-15
298.54269279628954,201.52916228999712,0.020740890316727312,201.48581647982752,4.179594569483351,1.0150589385070777e-15
299.04269279628954,201.0294613364553,0.020827281701679218,200.98586206856956,4.186594532469794,9.491527597735748e-16
299.54269279628954,200.52976186826663,0.020914103644100315,200.4859076348144,4.19359449498761,8.80234423213438e-16
300.04269279628954,200.03006389650636,0.021001359369451397,199.98595317833696,4.200594457030136,1.077596379022996e-15
300.54269279628954,199.53036743236015,0.021089052135478334,199.48599869890944,4.207594418590604,1.007780172083977e-15
301.04269279628954,199.03067248712532,0.021177185232616847,198.986044196301,4.214594379662134,1.2151686321811417e-15
301.54269279628954,198.53097907221235,0.02126576198440342,198.48608967027812,4.221594340237731,8.583762988814112e-16
302.04269279628954,198.03128719914628,0.021354785747892405,197.9861351206042,4.228594300310291,9.731936466398228e-16
302.54269279628954,197.5315968795681,0.021444259914079444,197.48618054703962,4.23559425987259,9.930828455094216e-16
303.04269279628954,197.03190812523624,0.021534187908331334,196.98622594934182,4.242594218917285,1.216116584312572e-15
303.54269279628954,196.53222094802805,0.02162457319082244,196.48627132726503,4.2495941774369115,1.2410980095234864e-15
304.04269279628954,196.03253535994136,0.021715419256977758,195.98631668056046,4.256594135423887,1.1611033633717322e-15
304.54269279628954,195.53285137309592,0.021806729637922777,195.48636200897613,4.2635940928704965,1.185077791443549e-15
305.04269279628954,195.03316899973498,0.02189850790094023,194.9864073122567,4.270594049768901,1.2096105411580354e-15
305.54269279628954,194.53348825222693,0.02199075764993388,194.48645259014364,4.27759400611113,1.2347160958359427e-15
306.04269279628954,194.03380914306686,0.02208348252589946,193.98649784237523,4.28459396188908,1.1458266846448295e-15
306.54269279628954,193.53413168487813,0.0221766862074029,193.48654306868607,4.291593917094513,1.2282190179791404e-15
307.04269279628954,193.0344558904141,0.022270372411065956,192.98658826880757,4.298593871719052,1.194200650669097e-15
307.54269279628954,192.53478177255977,0.022364544892059395,192.48663344246748,4.30559382575418,9.144346409868519e-16
308.04269279628954,192.0351093443335,0.02245920744460388,191.98667858939018,4.312593779191236,1.1826399727217512e-15
308.54269279628954,191.53543861888872,0.022554363902478655,191.48672370929626,4.319593732021413,1.207573731487466e-15
309.04269279628954,191.0357696095157,0.022650018139538222,190.98676880190285,4.326593684235756,9.735003290426278e-16
309.54269279628954,190.53610232964334,0.022746174070237123,190.48681386692323,4.333593635825159,1.1266846051743769e-15
310.04269279628954,190.03643679284096,0.022842835650162978,189.98685890406693,4.34059358678036,8.798918988187028e-16
310.54269279628954,189.53677301282013,0.02294000687657797,189.4869039130397,4.347593537091938,9.67766510028008e-16
311.04269279628954,189.03711100343656,0.023037691788968855,188.9869488935433,4.354593486750313,9.884423874348893e-16
311.54269279628954,188.53745077869206,0.023135894469605758,188.4869938452757,4.361593435745742,8.653855844601674e-16
312.04269279628954,188.03779235273632,0.023234619044109808,187.98703876793064,4.368593384068312,8.839733733289307e-16
312.54269279628954,187.538135739869,0.02333386968202987,187.48708366119797,4.375593331707943,7.525095857253274e-16
313.04269279628954,187.03848095454168,0.023433650597428485,186.9871285247633,4.382593278654378,8.456361170326937e-16
313.54269279628954,186.53882801135984,0.02353396604947722,186.487173358308,4.389593224897185,9.424877641086003e-16
314.04269279628954,186.03917692508497,0.023634820343061583,185.98721816150925,4.396593170425751,7.222134765901513e-16
314.54269279628954,185.53952771063666,0.023736217829395705,185.4872629340398,4.403593115229279,9.83916017406779e-16
315.04269279628954,185.03988038309464,0.023838162906646948,184.987307675568,4.410593059296784,1.0891785493929159e-15
315.54269279628954,184.54023495770107,0.023940660020570662,184.48735238575773,4.417593002617088,8.56170073011694e-16
316.04269279628954,184.0405914498626,0.024043713665155248,183.98739706426827,4.424592945178819,9.624597020843523e-16
316.54269279628954,183.54094987515268,0.02414732838327773,183.4874417107543,4.431592886970407,8.047997900320246e-16
317.04269279628954,183.04131024931374,0.024251508767370072,182.98748632486576,4.438592827980075,6.397711454008935e-16
317.54269279628954,182.54167258825962,0.024356259460096372,182.48753090624777,4.445592768195841,6.539308738560151e-16
318.04269279628954,182.04203690807773,0.024461585155041245,181.98757545454063,4.452592707605511,7.639361355286144e-16
318.54269279628954,181.54240322503162,0.024567490597409498,181.4876199693796,4.4595926461966755,7.809379570830448e-16
319.04269279628954,181.0427715555632,0.02467398058473739,180.98766445039504,4.466592583956705,5.987749627991528e-16
319.54269279628954,180.54314191629535,0.024781059967615687,180.48770889721206,4.473592520872744,5.101462837877401e-16
320.04269279628954,180.04351432403436,0.02488873365042472,179.98775330945062,4.480592456931707,5.215953593401139e-16
320.54269279628954,179.5438887957724,0.024997006592081702,179.4877976867254,4.487592392120279,5.333342920707071e-16
321.04269279628954,179.04426534869017,0.025105883806800514,178.98784202864567,4.4945923264248995,7.63519760820085e-16
321.54269279628954,178.54464400015956,0.02521537036486425,178.48788633481527,4.501592259831772,3.346288118473067e-16
322.04269279628954,178.04502476774618,0.025325471393410716,177.98793060483243,4.508592192326843,4.562986169793518e-16
322.54269279628954,177.5454076692122,0.025436192077231183,177.48797483828974,4.515592123895811,4.083491840731724e-16
323.04269279628954,177.04579272251905,0.025547537659582637,176.98801903477403,4.5225920545241145,4.1767043559668286e-16
323.54269279628954,176.54617994583018,0.02565951344301377,176.4880631938663,4.5295919841969265,3.0516551467591366e-16
324.04269279628954,176.046569357514,0.025772124790205044,175.9881073151416,4.5365919128991505,3.1217137550709606e-16
324.54269279628954,175.54696097614666,0.02588537712482304,175.4881513981689,4.543591840615413,3.8323041927141585e-16
325.04269279628954,175.04735482051518,0.025999275932389414,174.98819544251106,4.5505917673300615,3.2673267220071293e-16
325.54269279628954,174.54775090962022,0.026113826761164763,174.4882394477246,4.557591693027156,2.0057924787057915e-16
326.04269279628954,174.0481492626793,0.02622903522304765,173.98828341335977,4.564591617690461,2.736499843619265e-16
326.54269279628954,173.54854989912977,0.02634490699448916,173.48832733896023,4.571591541303442,3.500296276576609e-16
327.04269279628954,173.04895283863212,0.026461447817423232,172.98837122406317,4.5785914638492615,3.5820612624686587e-16
327.54269279628954,172.54935810107304,0.026578663500213155,172.488415068199,4.585591385310767,4.3991772673902047e-16
328.04269279628954,172.04976570656873,0.026696559918614474,171.98845887089132,4.592591305670489,3.0016951448947535e-16
328.54269279628954,171.55017567546827,0.02681514301675473,171.4885026316568,4.599591224910629,5.37675629437731e-16
329.04269279628954,171.0505880283569,0.026934418808130293,170.98854635000495,4.60659114301306,3.1450498708802353e-16
329.54269279628954,170.5510027860596,0.027054393376620713,170.48859002543827,4.613591059959311,7.244108925445907e-16
330.04269279628954,170.0514199696444,0.027175072877520887,169.98863365745183,4.620590975730568,4.944227986187245e-16
330.54269279628954,169.5518396004261,0.027296463538591435,169.4886772455333,4.62759089030766,5.062130044522398e-16
331.04269279628954,169.05226169996976,0.027418571661127673,168.9887207891627,4.634590803671053,5.183204185855844e-16
331.54269279628954,168.55268629009453,0.027541403621047546,168.48876428781242,4.641590715800843,4.422954588445288e-16
332.04269279628954,168.05311339287726,0.027664965869998916,167.98880774094695,4.648590626676753,5.43525224618792e-16
332.54269279628954,167.5535430306564,0.027789264936486625,167.48885114802283,4.655590536278111,3.7109506036733654e-16
333.04269279628954,167.05397522603585,0.027914307427019724,166.9888945084884,4.662590444583855,4.750976133758439e-16
333.54269279628954,166.5544100018889,0.02804010002727932,166.48893782178385,4.669590351572521,2.9197984937139603e-16
334.04269279628954,166.05484738136232,0.02816664950330743,165.98898108734082,4.676590257222228,4.984845658423888e-16
334.54269279628954,165.55528738788038,0.028293962702717324,165.48902430458241,4.683590161510678,5.106617110705218e-16
335.04269279628954,165.05573004514906,0.0284220465559258,164.98906747292298,4.69059006441514,6.278093878511727e-16
335.54269279628954,164.5561753771603,0.028550908077407844,164.48911059176802,4.697589965912443,4.2882656881293546e-16
336.04269279628954,164.05662340819623,0.028680554366974153,163.98915366051392,4.7045898659789644,6.590982390590869e-16
336.54269279628954,163.55707416283377,0.028810992611072037,163.48919667854787,4.711589764590624,5.628314747831658e-16
337.04269279628954,163.0575276659489,0.028942230084110152,162.98923964524766,4.718589661722867,6.921521204957198e-16
337.54269279628954,162.55798394272134,0.029074274149807615,162.4892825599815,4.725589557350664,7.684900537638267e-16
338.04269279628954,162.0584430186392,0.029207132262568013,161.98932542210787,4.732589451448487,5.453117543114334e-16
338.54269279628954,161.55890491950365,0.02934081196887882,161.48936823097537,4.73958934399031,6.831806359605729e-16
339.04269279628954,161.05936967143376,0.02947532090873682,160.98941098592235,4.74658923494959,7.003406394812839e-16
339.54269279628954,160.55983730087146,0.029610666817100065,160.48945368627702,4.753589124299258,5.221723643451985e-16
340.04269279628954,160.06030783458647,0.029746857525366936,159.989496331357,4.760589012011707,7.361350824243425e-16
340.54269279628954,159.56078129968145,0.029883900962882945,159.48953892046927,4.767588898058781,6.861825283143202e-16
341.04269279628954,159.06125772359715,0.030021805158475842,158.98958145290987,4.774588782411762,7.036368638160385e-16
341.54269279628954,158.56173713411772,0.030160578242019672,158.4896239279638,4.781588665041351,7.2159219967224235e-16
342.04269279628954,158.0622195593761,0.030300228446028407,157.98966634490472,4.788588545917666,8.140710186721675e-16
342.54269279628954,157.56270502785944,0.03044076410727983,157.4897087029948,4.795588425010218,6.831634898471999e-16
343.04269279628954,157.0631935684148,0.030582193668470304,156.98975100148436,4.802588302287904,7.786273248816963e-16
343.54269279628954,156.56368521025476,0.03072452567990116,156.4897932396119,4.809588177718989,7.188774247529803e-16
344.04269279628954,156.06417998296328,0.030867768801197362,155.9898354166037,4.81658805127109,7.37518568422246e-16
344.54269279628954,155.56467791650158,0.03101193180305923,155.48987753167347,4.823587922911167,7.567051977157945e-16
345.04269279628954,155.06517904121418,0.031157023569047895,154.98991958402243,4.830587792605501,8.627278921748768e-16
345.54269279628954,154.56568338783504,0.031303053097405296,154.48996157283872,4.837587660319682,7.967867146574717e-16
346.04269279628954,154.06619098749385,0.0314500295029095,153.99000349729744,4.844587526018589,8.177191287216896e-16
346.54269279628954,153.56670187172242,0.03159796201876612,153.4900453565602,4.851587389666381,8.392721327380806e-16
347.04269279628954,153.0672160724611,0.031746859998536645,152.9900871497749,4.858587251226465,7.657477630157939e-16
347.54269279628954,152.56773362206556,0.031896732918104596,152.49012887607552,4.865587110661499,7.86064608947995e-16
348.04269279628954,152.06825455331347,0.03204759037768029,151.99017053458184,4.872586967933353,6.052423464446332e-16
348.54269279628954,151.56877889941134,0.03219944210384513,151.49021212439905,4.8795868230031045,6.214077185030539e-16
349.04269279628954,151.06930669400174,0.03235229795163634,150.99025364461758,4.886586675831014,6.380603606816339e-16
349.54269279628954,150.56983797117024,0.03250616790667313,150.49029509431273,4.893586526376503,7.644194181507467e-16
350.04269279628954,150.07037276545293,0.03266106208732509,149.99033647254447,4.9005863745981415,5.607446224467988e-16
350.54269279628954,149.57091111184377,0.03281699074692403,149.490377778357,4.907586220453618,7.487010686555647e-16
351.04269279628954,149.07145304580223,0.032973964276020055,148.99041901077848,4.914586063899726,6.507236143197712e-16
351.54269279628954,148.571998603261,0.033131993204683116,148.4904601688208,4.921585904892335,7.292273813084044e-16
352.04269279628954,148.07254782063401,0.0332910882048509,147.9905012514791,4.928585743386374,4.370155803493996e-16
352.54269279628954,147.57310073482444,0.03345126009272433,147.49054225773153,4.935585579335804,5.772954496639753e-16
353.04269279628954,147.07365738323293,0.033612519831211746,146.99058318653888,4.942585412693597,4.6137096701964e-16
353.54269279628954,146.5742178037661,0.03377487853242282,146.49062403684428,4.949585243411709,6.095810412334015e-16
354.04269279628954,146.07478203484496,0.033938347460213604,145.99066480757264,4.95658507144106,4.176546380401407e-16
354.54269279628954,145.57535011541384,0.03410293803278368,145.49070549763053,4.963584896731497,4.2927450578654446e-16
355.04269279628954,145.07592208494918,0.03426866182532692,144.99074610590563,4.97058471923178,3.6771605311941793e-16
355.54269279628954,144.57649798346876,0.03443553057273693,144.49078663126642,4.977584538889548,6.04828913459858e-16
356.04269279628954,144.0770778515409,0.034603556172368655,143.99082707256173,4.984584355651293,6.218333819719081e-16
356.54269279628954,143.57766173029404,0.03477275068685736,143.4908674286204,4.991584169462328,4.795330988502347e-16
357.04269279628954,143.07824966142636,0.03494312634699658,142.99090769825077,4.998583980266757,6.574802524049737e-16
357.54269279628954,142.57884168721571,0.035114695554676285,142.4909478802403,5.005583788007453,6.76161578538359e-16
358.04269279628954,142.07943785052979,0.03528747088588283,141.99098797335517,5.012583592626012,6.085117984983562e-16
358.54269279628954,141.58003819483628,0.035461465093762204,141.49102797633972,5.0195833940627335,8.04760993609152e-16
359.04269279628954,141.0806427642135,0.035636691111748185,140.99106788791605,5.02658319225658,5.519152471933014e-16
359.54269279628954,140.5812516033612,0.03581316205675685,140.4911077067836,5.033582987145145,5.678226581080488e-16
360.04269279628954,140.08186475761147,0.0359908912324493,139.99114743161863,5.040582778664617,6.81622216401403e-16
360.54269279628954,139.58248227293987,0.036169892132564115,139.49118706107356,5.0475825667497425,6.012088873710299e-16
361.04269279628954,139.08310419597709,0.03635017844432144,138.9912265937768,5.054582351333789,9.280890028479686e-16
361.54269279628954,138.58373057402045,0.036531764051900374,138.49126602833184,5.061582132348507,7.429558102770952e-16
362.04269279628954,138.084361455046,0.0367146630399916,137.99130536331705,5.068581909724088,7.647614412668472e-16
362.54269279628954,137.58499688772062,0.036898889697427106,137.49134459728486,5.075581683389128,7.310545740581438e-16
363.04269279628954,137.08563692141456,0.037084458520888965,136.99138372876146,5.08258145327058,9.263620551916803e-16
363.54269279628954,136.58628160621416,0.037271384218699216,136.49142275624592,5.089581219293713,6.557736337080565e-16
364.04269279628954,136.08693099293484,0.03745968171469291,135.99146167820987,5.0965809813820675,5.525235156184404e-16
364.54269279628954,135.58758513313447,0.037649366152176414,135.4915004930967,5.103580739457408,8.219500775297675e-16
365.04269279628954,135.0882440791269,0.03784045289797322,134.99153919932107,5.110580493439679,7.814916657339657e-16
365.54269279628954,134.58890788399592,0.03803295754655951,134.49157779526814,5.117580243246948,8.721175108515876e-16
366.04269279628954,134.08957660160945,0.03822689592429181,133.9916162792931,5.124579988795369,9.676005905743427e-16
366.54269279628954,133.59025028663402,0.03842228409372906,133.49165464972026,5.131579729999111,1.068178972092319e-15
367.04269279628954,133.09092899454964,0.03861913835805175,132.99169290484252,5.138579466770326,8.07195492265711e-16
367.54269279628954,132.59161278166502,0.03881747526558043,132.49173104292063,5.145579199019075,9.831315605199629e-16
368.04269279628954,132.09230170513302,0.03901731161439639,131.99176906218244,5.152578926653282,1.0133120673305281e-15
368.54269279628954,131.59299582296654,0.03921866445706716,131.4918069608221,5.159578649578672,1.044538608325618e-15
369.04269279628954,131.09369519405473,0.03942155110547961,130.99184473699938,5.16657836769871,1.0768516104690922e-15
369.54269279628954,130.59439987817967,0.03962598913578344,130.49188238883895,5.173578080914538,1.0248860543274475e-15
370.04269279628954,130.09510993603323,0.0398319963934482,129.99191991442927,5.180577789124914,7.926282073413891e-16
370.54269279628954,129.5958254292345,0.04003959099843668,129.49195731182215,5.187577492226143,8.174353935160181e-16
371.04269279628954,129.09654642034752,0.040248791350497935,128.99199457903157,5.194577190112003,6.557593852956276e-16
371.54269279628954,128.59727297289948,0.04045961613458315,128.49203171403298,5.201576882673686,8.697142010050115e-16
372.04269279628954,128.09800515139924,0.040672084326387636,127.99206871476231,5.208576569799717,9.969515729348082e-16
372.54269279628954,127.59874302135646,0.0408862151980225,127.49210557911515,5.215576251375873,7.200538147935602e-16
373.04269279628954,127.09948664930097,0.04110202832381938,126.9921423049457,5.222575927285123,7.430380649489659e-16
373.54269279628954,126.60023610280275,0.0413195435862721,126.49217889006577,5.229575597407528,7.668507414589655e-16
374.04269279628954,126.1009914504923,0.04153878118211881,125.99221533224392,5.236575261620171,7.915251438523271e-16
374.54269279628954,125.60175276208149,0.041759761628568655,125.49225162920426,5.243574919797067,5.8364003533560455e-16
375.04269279628954,125.10252010838494,0.04198250576967694,124.99228777862548,5.250574571809071,3.0128563759863755e-16
375.54269279628954,124.60329356134191,0.0422070347828729,124.49232377813975,5.257574217523793,3.110979655236209e-16
376.04269279628954,124.1040731940387,0.04243337018564445,123.99235962533157,5.2645738568055025,4.497796305410246e-16
376.54269279628954,123.60485908073154,0.04266153384238415,123.49239531773665,5.271573489515024,2.6545602967782704e-16
377.04269279628954,123.1056512968701,0.04289154797140118,122.99243085284067,5.278573115509646,2.742080441816482e-16
377.54269279628954,122.60644991912156,0.043123435152103796,122.49246622807813,5.2855727346430115,2.8328591608845683e-16
378.04269279628954,122.1072550253952,0.043357218332357304,121.99250144083103,5.292572346765009,3.6587897145680805e-16
378.54269279628954,121.60806669486769,0.04359292083602244,121.4925364884276,5.299571951721665,2.268554847426174e-16
379.04269279628954,121.10888500800887,0.04383056637067942,120.99257136814099,5.306571549355027,3.1261312743971307e-16
379.54269279628954,120.60971004660831,0.044070179035542945,120.49260607718786,5.313571139503045,3.231361088813538e-16
380.04269279628954,120.11054189380243,0.04431178332957376,119.99264061272704,5.32057072199945,4.1757391437249846e-16
380.54269279628954,119.6113806341023,0.04455540415979238,119.49267497185802,5.327570296673623,8.63497896305849e-17
381.04269279628954,119.11222635342213,0.044801066849800994,118.99270915161947,5.334569863350469,-0.0
381.54269279628954,118.61307913910849,0.045048797148519525,118.49274314898769,5.3415694218502745,3.6940209098743856e-16
382.04269279628954,118.11393907997031,0.04529862123914227,117.9927769608751,5.348568971988575,2.8657729471918594e-16
382.54269279628954,117.6148062663095,0.04555056574832154,117.49281058412855,5.355568513575999,1.9764862374169948e-16
383.04269279628954,117.11568078995249,0.04580465775558504,116.99284401552764,5.3625680464181285,2.0450301003002246e-16
383.54269279628954,116.61656274428249,0.04606092480299406,116.49287725178306,5.3695675703153345,2.1162588247762808e-16
384.04269279628954,116.11745222427255,0.04631939490504953,115.99291028953468,5.376567085062618,3.285434590665674e-16
384.54269279628954,115.61834932651958,0.046580096558853465,115.4929431253499,5.383566590449447,1.1336228924286443e-16
385.04269279628954,115.11925414927909,0.04684305875453353,114.9929757557216,5.390566086259576,2.3472559360824596e-16
385.54269279628954,114.62016679250095,0.04710831098593864,114.49300817706632,5.397565572270873,6.076138489465587e-17
386.04269279628954,114.12108735786606,0.04737588326161384,113.99304038572213,5.40456504825513,1.887739492948428e-16
386.54269279628954,113.62201594882387,0.04764580611606311,113.49307237794667,5.411564513977875,2.6069965128818456e-16
387.04269279628954,113.12295267063105,0.04791811062130874,112.99310414991501,5.418563969198168,2.0254823216044272e-16
387.54269279628954,112.623897630391,0.048192828398756604,112.49313569771736,5.425563413668395,2.798089608338286e-16
388.04269279628954,112.12485093709455,0.04846999163137672,111.99316701735695,5.432562847134061,3.624385098200595e-16
388.54269279628954,111.62581270166166,0.04874963307620886,111.49319810474759,5.439562269333556,6.010158270223052e-16
389.04269279628954,111.12678303698424,0.04903178607720348,110.99322895571129,5.446561679997937,4.672488720020598e-16
389.54269279628954,110.62776205797009,0.04931648457840838,110.49325956597575,5.453561078850684,5.651532928250692e-16
390.04269279628954,110.12874988158812,0.049603763137512025,109.9932899311719,5.46056046560745,5.022979850231766e-16
390.54269279628954,109.62974662691465,0.049893656939754887,109.49332004683112,5.46755983997581,6.07745259763722e-16
391.04269279628954,109.13075241518109,0.050186201812220374,108.99334990838263,5.474559201654995,9.00552287415833e-16
391.54269279628954,108.6317673698228,0.0504814342385176,108.49337951115054,5.481558550335611,5.60555054750901e-16
392.04269279628954,108.1327916165294,0.05077939137386848,107.99340885035113,5.488557885699356,8.724508745643501e-16
392.54269279628954,107.63382528329639,0.05108011106061226,107.49343792108968,5.495557207418722,8.048110781392357e-16
393.04269279628954,107.1348685004782,0.051383631844140944,106.99346671835745,5.50255651515669,6.265206860071298e-16
393.54269279628954,106.63592140084275,0.05168999298927959,106.49349523702847,5.5095558085664,5.4201310546707965e-16
394.04269279628954,106.13698411962744,0.051999234497126186,105.99352347185622,5.5165550872908335,7.878972024229064e-16
394.54269279628954,105.63805679459685,0.052311397122365974,105.49355141747021,5.523554350962449,8.182351327000973e-16
395.04269279628954,105.13913956610192,0.052626522391076055,104.99357906837257,5.530553599202844,9.713062577387157e-16
395.54269279628954,104.64023257714085,0.0529446526190364,104.49360641893418,5.537552831622366,8.198680430071582e-16
396.04269279628954,104.14133597342179,0.053265830930564195,103.99363346339109,5.544552047819731,8.518975910811433e-16
396.54269279628954,103.6424499034272,0.053590101277889005,103.49366019584056,5.551551247381623,7.491347409611895e-16
397.04269279628954,103.14357451848016,0.05391750846108692,102.99368661023706,5.55855042988227,7.78688392630814e-16
397.54269279628954,102.64470997281252,0.05424809814859262,102.4937127003881,5.5655495948830165,5.151742451362307e-16
398.04269279628954,102.14585642363501,0.05458191689830885,101.99373845994984,5.572548741931865,6.122281431563585e-16
398.54269279628954,101.64701403120948,0.05491901217933385,101.49376388242281,5.579547870563006,3.979636599983128e-16
399.04269279628954,101.14818295892314,0.055259432394327714,100.99378896114717,5.586546980296334,5.795691791126243e-16
399.54269279628954,100.64936337336503,0.05560322690253984,100.493813689298,5.59354607063693,3.445764610556563e-16
400.04269279628954,100.15055544440473,0.05595044604352026,99.99383805988033,5.600545141074537,4.482283991478961e-16
400.54269279628954,99.6517593452734,0.0563011411615386,99.49386206572412,5.607544191083008,3.732323938530955e-16
401.04269279628954,99.15297525264727,0.056655364630735526,98.99388569947888,5.614543220119731,2.9141885720036274e-16
401.54269279628954,98.65420334673352,0.057013169881032194,98.49390895360828,5.62154222762503,2.0229791377267784e-16
402.04269279628954,98.15544381135891,0.05737461142482463,97.99393182038443,5.628541213021545,1.0534532353376842e-16
402.54269279628954,97.65669683406088,0.05773974488449079,97.49395429188209,5.635540175713581,3.2921537390729423e-16
403.04269279628954,97.15796260618163,0.05810862702073922,96.99397635997252,5.642539115086436,5.7169329793937e-16
403.54269279628954,96.65924132296485,0.058481315761829605,96.49399801631718,5.6495380305056875,5.957841178399789e-16
404.04269279628954,96.16053318365562,0.05885787023369646,95.99401925236133,5.656536921316473,3.105111966074399e-16
404.54269279628954,95.66183839160325,0.05923835079100865,95.4940400593271,5.663535786842711,3.237345687046338e-16
405.04269279628954,95.1631571543674,0.05962281904919892,94.99406042820667,5.670534626386318,2.0255668480558904e-16
405.54269279628954,94.66448968382734,0.06001133791749869,94.49408034975482,5.677533439226355,7.042502445192173e-17
406.04269279628954,94.16583619629489,0.060403971633015204,93.99409981448154,5.684532224618185,2.2041765062779858e-16
406.54269279628954,93.66719691263066,0.060800785795889475,93.49411881264415,5.691530981792548,-7.666915295400948e-17
407.04269279628954,93.16857205836409,0.06120184740557521,92.99413733423923,5.6985297099546255,-0.0
407.54269279628954,92.66996186381733,0.06160722489828045,92.49415536899419,5.705528408283052,-0.0
408.04269279628954,92.17136656423298,0.062016988185615685,91.9941729063585,5.712527075928883,-1.744746645937487e-16
408.54269279628954,91.672786399906,0.062431208694493825,91.49418993549479,5.719525712014525,-3.644669687892099e-16
409.04269279628954,91.17422161631987,0.06284995940832966,90.99420644526924,5.726524315632602,-1.903823818773159e-16
409.54269279628954,90.67567246428716,0.06327331490958815,90.49422242424197,5.7335228858447955,-9.947162763180702e-17
410.04269279628954,90.17713920009469,0.0637013514237335,89.99423786065684,5.740521421680603,-2.079393617493508e-16
410.54269279628954,89.67862208565344,0.06413414686463274,89.49425274243089,5.747519922136073,-0.0
411.04269279628954,89.18012138865349,0.0645717808814704,88.99426705714349,5.754518386172444,1.1366882964638163e-16
411.54269279628954,88.6816373827239,0.06501433490723305,88.49428079202485,5.761516812714764,-0.0
412.04269279628954,88.18317034759819,0.06546189220882512,87.99429393394429,5.76851520065041,6.219855019359396e-17
412.54269279628954,87.68472056928513,0.06591453793888055,87.49430646939791,5.775513548827557,-6.509244160706427e-17
413.04269279628954,87.18628834024543,0.06637235918933712,86.99431838449576,5.782511856053572,-1.3627716811650398e-16
413.54269279628954,86.68787395957439,0.06683544504684388,86.49432966494864,5.789510121093344,-1.4269184695577188e-16
414.04269279628954,86.18947773319076,0.06730388665007506,85.99434029605419,5.796508342667506,-2.9889594796300724e-16
414.54269279628954,85.69109997403208,0.06777777724902724,85.4943502626826,5.803506519450607,-1.5656584864119641e-16
415.04269279628954,85.19274100225681,0.06825721226638022,84.99435954926146,5.8105046500691735,8.203355240722557e-17
415.54269279628954,84.69440114545336,0.06874228936100553,84.49436813976034,5.817502733099692,-8.59874035055305e-17
416.04269279628954,84.1960807388565,0.06923310849371078,83.99437601767444,5.824500767066481,-9.015677706068057e-17
416.54269279628954,83.69778012557137,0.0697297719953119,83.49438316600772,5.83149875043948,1.8910959136072992e-16
417.04269279628954,83.19949965680536,0.0702323846371297,82.99438956725525,5.838496681631903,-0.0
417.54269279628954,82.70123969210819,0.07074105370401215,82.49439520338493,5.845494558997807,2.081874834092231e-16
418.04269279628954,82.20300059962064,0.07125588906998791,81.99440005581822,5.852492380829515,-0.0
418.54269279628954,81.70478275633215,0.07177700327666252,81.49440410541033,5.859490145354932,-0.0
419.04269279628954,81.20658654834777,0.07230451161447343,80.99440733242932,5.866487850734708,-6.024975569624856e-17
419.54269279628954,80.70841237116477,0.07283853220692606,80.49440971653442,5.8734854950592785,-0.0
420.04269279628954,80.2102606299594,0.0733791860979388,79.99441123675344,5.880483076345738,-2.6609688188469593e-16
420.54269279628954,79.71213173988414,0.07392659734243157,79.49441187145908,5.887480592534561,-1.3986919006583694e-16
421.04269279628954,79.2140261263761,0.07448089310029873,78.9944115983443,5.894478041486165,-0.0
421.54269279628954,78.71594422547666,0.07504220373391453,78.49441039439658,5.90147542097728,2.320845299264344e-16
422.04269279628954,78.21788648416333,0.07561066290932647,77.994408235871,5.908472728697142,2.4421380349665454e-16
422.54269279628954,77.71985336069393,0.07618640770130013,77.49440509826218,5.915469962243483,2.5706025602919407e-16
423.04269279628954,77.221845324964,0.07676957870238685,76.9944009562749,5.922467119118318,-9.022375741092211e-17
423.54269279628954,76.72386285887761,0.07736032013619484,76.49439578379342,5.929464196723496,9.503256676388444e-17
424.04269279628954,76.22590645673273,0.07795877997505339,75.99438955384943,5.936461192356029,2.002627530779103e-16
424.54269279628954,75.72797662562121,0.07856511006226963,75.49438223858847,5.943458103203169,2.110794619109513e-16
425.04269279628954,75.23007388584443,0.0791794662391878,74.9943738092348,5.950454926337209,2.2255726302111304e-16
425.54269279628954,74.73219877134528,0.07980200847727197,74.49436423605476,5.957451658710019,3.5211196862069057e-16
426.04269279628954,74.23435183015704,0.0804329010154446,73.99435348831827,5.964448297147269,2.476801788200185e-16
426.54269279628954,73.73653362487018,0.08107231250292624,73.49434153425857,5.971444838342354,1.3071306336137672e-16
427.04269279628954,73.23874473311768,0.08172041614783379,72.99432834103014,5.978441278849963,6.900885624045701e-17
427.54269279628954,72.74098574807996,0.08237738987180987,72.49431387466444,5.985437615079301,2.1867651256632054e-16
428.04269279628954,72.24325727901011,0.0830434164709694,71.9942981000237,5.992433843286943,-7.70228051427636e-17
428.54269279628954,71.74555995178062,0.08371868378346582,71.49428098075236,5.9994299595692615,-8.141836622892827e-17
429.04269279628954,71.24789440945244,0.0844033848639959,70.99426247922624,6.00642595985444,-8.609784843937026e-17
429.54269279628954,70.75026131286755,0.08509771816557928,70.4942425564991,6.013421839894035,-1.8216350650633283e-16
430.04269279628954,70.25266134126618,0.08580188772896813,69.99422117224672,6.020417595254042,-9.639222056376093e-17
430.54269279628954,69.75509519292973,0.08651610338006195,69.49419828470806,6.027413221305447,-3.0615951720109727e-16
431.04269279628954,69.25756358585095,0.08724058093572351,68.99417385062358,6.034408713214234,-0.0
431.54269279628954,68.76006725843237,0.08797554241841475,68.49414782517043,6.0414040659308,-3.435962651902604e-16
432.04269279628954,68.26260697021466,0.08872121628009529,67.99412016189424,6.048399274178742,-3.6422490564987085e-16
432.54269279628954,67.76518350263628,0.08947783763585143,67.49409081263771,6.055394332442987,-3.8625568745703235e-16
433.04269279628954,67.26779765982596,0.09024564850775112,66.9940597274651,6.0623892349572,-2.731967860647518e-16
433.54269279628954,66.77045026942993,0.09102489807944865,66.49402685458331,6.069383975690434,-5.074520683053787e-16
434.04269279628954,66.27314218347527,0.09181584296209448,65.99399214025841,6.076378548332976,-3.0791481821355257e-16
434.54269279628954,65.77587427927162,0.09261874747213752,65.49395552872798,6.083372946281312,-3.2711410053041193e-16
435.04269279628954,65.27864746035297,0.09343388392164301,64.99391696210886,6.090367162622172,-6.084206729439667e-16
435.54269279628954,64.78146265746183,0.09426153292178611,64.49387638029981,6.097361190115583,-5.545296426775749e-16
436.04269279628954,64.28432082957784,0.09510198370022159,63.99383372087914,6.104355021176863,-4.916036517083076e-16
436.54269279628954,63.78722296499323,0.0959555344330722,63.49378891899656,6.111348647857462,-4.1858509622402637e-16
437.04269279628954,63.29017008243772,0.09682249259232457,62.99374190725935,6.118342061824606,-4.457308654286597e-16
437.54269279628954,62.79316323225539,0.09770317530946974,62.493692615612126,6.125335254339619,-4.7487048982927e-16
438.04269279628954,62.296203497636384,0.09859790975627777,61.993640971210056,6.132328216234855,-6.327097413029624e-16
438.54269279628954,61.799291995906486,0.09950703354365191,61.49358689828483,6.139320937889122,-6.747518825251004e-16
439.04269279628954,61.302429879877664,0.10043089513956735,60.993530318003295,6.146313409201488,-8.639501355128778e-16
439.54269279628954,60.80561833926305,0.10136985430716393,60.493471148317916,6.15330561956337,-7.685959049301576e-16
440.04269279628954,60.3088586021599,0.1023242825641306,59.99340930380875,6.160297557828748,-6.56764468489722e-16
440.54269279628954,59.81215193660437,0.10329456366459344,59.49334469551625,6.167289212282379,-6.141493516943669e-16
441.04269279628954,59.3154996522022,0.10428109410479773,58.993277230764505,6.174280570605855,-4.690733796288728e-16
441.54269279628954,58.81890310183962,0.10528428365396003,58.493206812973945,6.181271619841355,-5.018547787269206e-16
442.04269279628954,58.32236368347914,0.10630455591175668,57.993133341463086,6.188262346352879,-6.446783083874901e-16
442.54269279628954,57.82588284204515,0.10734234889401387,57.49305671123847,6.1952527357848055,-8.056087674139654e-16
443.04269279628954,57.32946207140449,0.1083981156482694,56.99297681277192,6.202242773017539,-7.400593343787042e-16
443.54269279628954,56.833102916447835,0.1094723249009898,56.49289353176447,6.209232442120021,-5.952180421042261e-16
444.04269279628954,56.33680697527757,0.11056546173834877,55.99280674889564,6.216221726298861,-4.967564021044846e-16
444.54269279628954,55.84057590150887,0.11167802832260412,55.49271633955751,6.223210607843814,-6.857533211334389e-16
445.04269279628954,55.34441140669064,0.11281054464625265,54.99262217357213,6.2301990680692985,-5.730284907962009e-16
445.54269279628954,54.84831526285366,0.1139635493262949,54.492524114891275,6.237187087251645,-5.280314210242276e-16
446.04269279628954,54.35228930519386,0.11513760044110723,53.992422021277235,6.244174644561707,-5.6803172808637645e-16
446.54269279628954,53.85633543489895,0.11633327641259636,53.492315743963246,6.251161717992463,-6.114668982014099e-16
447.04269279628954,53.3604556221276,0.11755117693650487,52.99220512729205,6.25814828428117,-5.488893027102832e-16
447.54269279628954,52.864651909150595,0.1187919239639436,52.49209000833109,6.265134318825638,-4.733319647048039e-16
448.04269279628954,52.36892641366438,0.12005616273745283,51.99197021646239,6.272119795594069,-7.658639881776114e-16
448.54269279628954,51.873281332288165,0.12134456288513763,51.49184557294542,6.279104687027968,-6.8892832502223e-16
449.04269279628954,51.37771894425628,0.12265781957668727,50.99171589045082,6.28608896393747,-6.697844036023719e-16
449.54269279628954,50.882241615318776,0.12399665474537483,50.49158097256264,6.293072595388436,-4.0225529253432064e-16
450.04269279628954,50.38685180186388,0.1253618183804442,49.99144061324691,6.300055548580596,-5.2221470948299e-16
450.54269279628954,49.89155205527711,0.12675408989462844,49.49129459628365,6.307037788715905,-3.769268122790906e-16
451.04269279628954,49.39634502655308,0.1281742795719109,48.99114269465968,6.314019278856278,-2.0420471339103406e-16
451.54269279628954,48.90123347117691,0.12962323010103752,48.490984669918845,6.32099997976965,-4.42874462563061e-16
452.04269279628954,48.40622025429395,0.13110181820072342,47.99082027146657,6.327979849763382,-3.6047881451488447e-16
452.54269279628954,47.9113083561876,0.132610956342968,47.490649235824684,6.334958844503745,-2.6102752382204945e-16
453.04269279628954,47.416500878086765,0.1341515945814068,46.99047128583279,6.3419369168202175,-4.2564012833299814e-16
453.54269279628954,46.92180104832622,0.1357247224921893,46.49028612979151,6.348914016493154,-5.402925421082903e-16
454.04269279628954,46.42721222888492,0.13733137123548292,45.99009346054285,6.355890090023185,-4.2026461067045077e-16
454.54269279628954,45.93273792232942,0.13897261574637157,45.48989295448246,6.362865080380622,-4.580731672436184e-16
455.04269279628954,45.438381779191886,0.14064957706464726,44.98968427049778,6.369838926732874,-4.997412001516117e-16
455.54269279628954,44.944147605814344,0.14236342481379102,44.48946704882606,6.376811564147695,-2.1828409535670998e-16
456.04269279628954,44.45003937269387,0.14411537984031408,43.989240909824794,6.38378292326986,-1.7894335664340002e-16
456.54269279628954,43.956061223366035,0.14590671702558722,43.48900545264747,6.39075292996857,-1.957816492790579e-16
457.04269279628954,43.46221748386721,0.14773876828333612,42.98876025381565,6.397721504952558,-1.429455013281755e-16
457.54269279628954,42.96851267282002,0.1496129257571335,42.48850486567859,6.404688563349604,-0.0
458.04269279628954,42.47495151218984,0.1515306452334835,41.98823881474993,6.411654014246695,8.599205945140615e-17
458.54269279628954,41.981538938764594,0.15349344978748616,41.48796159991021,6.418617760186672,-0.0
459.04269279628954,41.48828011641481,0.15550293367960055,40.987672690463015,6.4255796966167305,4.1561140115872047e-16
459.54269279628954,40.99518044919595,0.1575607665237118,40.48737152403078,6.432539711283517,3.432051549289709e-16
460.04269279628954,40.50224559536062,0.15966869774856668,39.987057504275285,6.439497683569021,5.674730448547423e-16
460.54269279628954,40.00948148235476,0.1618285613766937,39.48672999842603,6.446453483760681,6.262561760924267e-16
461.04269279628954,39.516894322878365,0.16404228114719022,38.98638833459792,6.453406972248334,5.381865728110974e-16
461.54269279628954,39.024490632099294,0.16631187601126424,38.4860317988776,6.460357998639705,6.804260871050953e-16
462.04269279628954,38.532277246116855,0.16863946603219168,37.98565963215564,6.467306400785121,8.478777247646382e-16
462.54269279628954,38.04026134178128,0.17102727872442158,37.48527102667919,6.474252003700862,9.403505241921152e-16
463.04269279628954,37.548450457985396,0.173477655869968,36.984865122296654,6.481194618379264,1.1603106385855546e-15
463.54269279628954,37.05685251855637,0.17599306085400931,36.48444100236298,6.488134040472089,1.4193143678459163e-15
464.04269279628954,36.5654758568879,0.17857608656581733,35.983997689270424,6.4950700488318684,1.8678422981930084e-15
464.54269279628954,36.074329242467556,0.18122946391581363,35.483534139565464,6.50200240389392,2.0828867376319437e-15
465.04269279628954,35.583421909469386,0.18395607102475625,34.983049238607926,6.50893084587931,2.415526463134938e-15
465.54269279628954,35.092763587599684,0.18675894314686353,34.48254179472334,6.515855092796374,2.801614879298187e-15
466.04269279628954,34.60236453540304,0.189641283395159,33.98201053279315,6.522774838215215,3.2502321765387205e-15
466.54269279628954,34.112235576257746,0.1926064743445591,33.48145408722124,6.529689748786014,3.520640164548418e-15
467.04269279628954,33.622388137313905,0.19565809059631942,32.98087099420702,6.5365994614677945,4.097399986081045e-15
467.54269279628954,33.13283429165478,0.1987999123965223,32.480259683247034,6.543503580429392,5.0094058367977464e-15
468.04269279628954,32.6435868039925,0.20203594041145054,31.979618467776774,6.5504016735787784,5.558286837964864e-15
468.54269279628954,32.15465918024343,0.20537041177410068,31.478945534853356,6.557293268670317,6.480248637098392e-15
469.04269279628954,31.666065721366994,0.20880781752890842,30.978238933766495,6.564177848931847,7.446765354884617e-15
469.54269279628954,31.177821581895,0.212352921616181,30.477496563450746,6.571054848144657,8.571232385063563e-15
470.04269279628954,30.689942833627057,0.2160107815539762,29.976716158554567,6.577923645098829,9.955742455229297e-15
470.54269279628954,30.202446535022844,0.2197867709934875,29.47589527400267,6.584783557334318,1.1329057856707304e-14
471.04269279628954,29.71535080688366,0.22368660434467752,28.975031267865585,6.591633834063669,1.3013488719252486e-14
471.54269279628954,29.228674914985945,0.22771636369228174,28.474121282324557,6.598473648155336,1.4869259015014943e-14
472.04269279628954,28.74243936040861,0.23188252824876215,27.97316222249025,6.6053020870366455,1.7151202449948826e-14
472.54269279628954,28.256665978385854,0.23619200662076653,27.472150732799424,6.612118142351712,1.9466741786604313e-14
473.04269279628954,27.771378046619077,0.24065217219965102,26.971083170674063,6.618920698181717,2.214240108461888e-14
473.54269279628954,27.286600404097275,0.24527090202523344,26.469955577081407,6.625708517601603,2.5717957585556425e-14
474.04269279628954,26.80235958160698,0.25005661951583663,25.968763643580193,6.632480227307656,2.9391099748415255e-14
474.54269279628954,26.318683945262805,0.2550183415076286,25.467502675376227,6.639234300003191,3.360468002401432e-14
475.04269279628954,25.835603854560777,0.2601657301031632,24.96616754983853,6.645969034172903,3.873675468916428e-14
475.54269279628954,25.353151836651854,0.2655091498938993,24.46475266984313,6.652682530808653,4.45963163695044e-14
476.04269279628954,24.871362778756364,0.27105973119551113,23.963251911213483,6.6593726665678386,5.147650665772098e-14
476.54269279628954,24.390274140895592,0.2768294400193589,23.461658563411994,6.666037062747018,5.940188409599476e-14
477.04269279628954,23.90992619140952,0.2828311556001261,22.959965262502784,6.672673049334614,6.88722711013063e-14
477.54269279628954,23.430362268065473,0.2890787564101382,22.458163915248605,6.679277623262235,7.975506385672867e-14
478.04269279628954,22.95162906794787,0.29558721571729124,21.95624561302027,6.68584739979891,9.213759349793657e-14
478.54269279628954,22.473776969762294,0.302372707888165,21.454200533980128,6.692378555818913,1.0678972430140296e-13
479.04269279628954,21.996860392696256,0.30945272680338376,20.95201783174629,6.698866763412659,1.2419137219754948e-13
479.54269279628954,21.5209381965651,0.31684621794156964,20.44968550844411,6.705307111990164,1.442875370774902e-13
480.04269279628954,21.046074128646048,0.3245737259045707,19.947190269698577,6.711694016632971,1.6830867225089574e-13
480.54269279628954,20.572337323379795,0.3326575594036231,19.444517358705127,6.718021109965372,1.9633394094211546e-13
481.04269279628954,20.099802862013345,0.341121976007586,18.94165036602669,6.724281114215918,2.2990673191799374e-13
481.54269279628954,19.628552400286402,0.34999338927440476,18.438571011188667,6.730465689396389,2.6953051167867075e-13
482.04269279628954,19.158674873446966,0.35930060124959484,17.935258891465846,6.736565252600424,3.1662357124238753e-13
482.54269279628954,18.690267289240403,0.36907506372460736,17.431691192460505,6.742568762270402,3.7261974573191564e-13
483.04269279628954,18.223435621073854,0.3793511721066144,16.927842354140964,6.748463459838445,4.392771423194142e-13
483.54269279628954,17.758295815338293,0.39016659626136174,16.423683684925894,6.754234559338349,5.197535320086688e-13
484.04269279628954,17.29497492889853,0.4015626532517928,15.919182915143875,6.759864873310714,6.160377206010558e-13
484.54269279628954,16.833612415059555,0.4135847275028556,15.414303679753603,6.765334360457118,7.317433197655386e-13
485.04269279628954,16.374361578904498,0.42628274456696813,14.909004918568188,6.770619576878719,8.713210423425682e-13
485.54269279628954,15.917391225784842,0.4397117053255784,14.403240180388542,6.775693008152991,1.040068835384487e-12
486.04269279628954,15.462887529922254,0.45393228810687786,13.896956815438715,6.780522253695259,1.2447999133662427e-12
486.54269279628954,15.011056153523311,0.46901152677446273,13.390095038367567,6.785069027483386,1.4938540528521758e-12
487.04269279628954,14.562124650445089,0.4850235732633822,12.88258684195144,6.789287929870122,1.7975036990306211e-12
487.54269279628954,14.116345192153153,0.5020505531826439,12.374354739706785,6.793124933336765,2.169159895848981e-12
488.04269279628954,13.67399765726891,0.5201835227800067,11.865310314246909,6.796515509996394,2.625328082158283e-12
488.54269279628954,13.235393129067598,0.5395235345029878,11.355352547955812,6.7993823096369,3.188148057583949e-12
489.04269279628954,12.800877847335865,0.5601828161969645,10.84436591429423,6.801632273161167,3.885480724205043e-12
489.54269279628954,12.370837661246696,0.5822860651001911,10.332218213173924,6.803153036370467,4.7547263991023614e-12
490.04269279628954,11.945703027223441,0.6059718514479352,9.818758144424551,6.8038084420353755,5.8448347888355305e-12
490.54269279628954,11.52595458853211,0.6313941166130644,9.303812632547906,6.80343293311152,7.222972217011606e-12
491.04269279628954,11.112129359328316,0.6587237358448268,8.787183948266811,6.8018245462352525,8.983534618096326e-12
491.54269279628954,10.704827512077571,0.6881500939239971,8.268646724365409,6.79873616277129,1.1257274595718987e-11
492.04269279628954,10.304719729724559,0.7198825910213071,7.747945044103422,6.793864607256153,1.4233899878356522e-11
492.54269279628954,9.91255502776855,0.7541519528146169,7.224789902357289,6.786837116458277,1.818916962902e-11
493.04269279628954,9.52916887067249,0.7912111602340631,6.698857518337943,6.777194649322155,2.3528030124619983e-11
493.54269279628954,9.155491295516454,0.8313357369181213,6.169789232891305,6.764371492162155,3.084520547809592e-11
494.04269279628954,8.792554607862327,0.8748230344968801,5.637194072068125,6.747670674097916,4.100711486008126e-11
494.54269279628954,8.441500027474913,0.9219900379119629,5.100655515249692,6.726234907332024,5.524764431241295e-11
495.04269279628954,8.103582438004093,0.9731690815893739,4.559744565982845,6.6990131976671226,7.525020000934015e-11
495.54269279628954,7.780172149267216,1.0287007388476928,4.014041842186042,6.664724057409499,1.0315287053683023e-10
496.04269279628954,7.4727523451313305,1.0889230533847718,3.463171960835601,6.621817543646752,1.413317599839424e-10
496.54269279628954,7.182910719494512,1.1541562760258681,2.9068537530343477,6.568440276252749,1.9171746062816004e-10
497.04269279628954,6.912323778747351,1.2246824288109914,2.3449694089371524,6.502410206483823,2.5430109762014247e-10
497.54269279628954,6.662732511215743,1.3007194365189791,1.7776539489313146,6.421211019259539,3.245100180245762e-10
498.04269279628954,6.435908686733195,1.3823903333793068,1.2054027984179174,6.322019038055331,3.8949825159195154e-10
498.5425641151558,6.233660756943186,1.469666030651391,0.6293379352047767,6.201811041620478,4.2429846879500297e-10
499.0194068223708,6.065133929092051,1.558010390207709,0.07754630488929777,6.064638171269709,3.979226558007704e-10
499.476133011593,5.927351051368612,1.6469999832198776,-0.45124879355060354,5.9101493223504695,3.1568377607060234e-10
499.9154328186144,5.817672167776132,1.7362341101959406,-0.9580784123306899,5.7382397307487025,1.8868556284485297e-10
500.3386179740839,5.73399180257232,1.8250921493372312,-1.4424655667513115,5.549590532706299,3.4179593282051124e-11
500.74529143022977,5.674469923773139,1.9126357493397224,-1.9021995029282557,5.346143092629061,-1.2508403341921233e-10
501.13294700254323,5.637176553521803,1.9975150786867182,-2.3331485762208666,5.131683662975973,-2.6480137127453153e-10
501.496401059247,5.619666229757791,2.0778665040120936,-2.7290120225119594,4.912549431289759,-3.662828460084556e-10
501.7709111369585,5.617704002275538,2.138751740456875,-3.021816816050984,4.735738737241962,-3.8511520297301873e-10
502.0452499529671,5.62543638621858,2.199536531694454,-3.308467321756016,4.549678946504306,-4.0327180945612357e-10
502.3488116274712,5.645255331981005,2.266472076662846,-3.618068447727675,4.333415335600479,-4.340917899457453e-10
502.687187101135,5.681198600883553,2.3403575631393814,-3.9530926246743747,4.080327957827201,-4.854115642581049e-10
503.05129100197104,5.735990798971087,2.4186077154647383,-4.301041844690747,3.7950796429192604,-5.496453895641633e-10
503.4356159594091,5.811622454769035,2.499353050517834,-4.653693100196444,3.4811055838568987,-6.158847457127222e-10
503.8369212281939,5.909617415974489,2.5811906142359873,-5.0056911105684385,3.141119944982221,-6.753093140171126e-10
504.2537495482527,6.031316866849007,2.6630984156124704,-5.353935125006938,2.777077929326844,-7.242747129304485e-10
504.68614252363614,6.178149906335713,2.744371951583531,-5.697117578351913,2.390060158989645,-7.643669519557969e-10
505.13540203847043,6.351858301715705,2.8245542521980718,-6.035299937346316,1.9802167940259128,-8.007874737667609e-10
505.6039071529653,6.554675913765146,2.9033677951760892,-6.369561378762067,1.5467592497462617,-8.405736088990968e-10
506.0950171462556,6.789486774028603,2.9806583671080125,-6.701753050916882,1.0879506878694427,-8.913294617290856e-10
506.5950171462556,7.050190371934468,3.0538143077866167,-7.02304681482936,0.6180596388963222,-9.4529376422093e-10
507.0950171462556,7.330980251865189,3.1215626532429415,-7.3295097030432395,0.14682971849184556,-9.936010030369197e-10
507.5950171462556,7.630145271356956,3.184158136853618,-7.623234088639507,-0.3246827556484874,-1.0343914855158845e-09
508.0950171462556,7.9460525327936695,3.2419054997797123,-7.906106805625724,-0.7957550074962221,-1.0669886679680574e-09
508.5950171462556,8.277167098909489,3.295136434995682,-8.179788663886862,-1.2659196646777038,-1.0917967344807394e-09
509.0950171462556,8.622063702605054,3.344191900945656,-8.445715573047037,-1.7348979655790557,-1.1098806543771324e-09
509.5950171462556,8.979431902908058,3.389409289645422,-8.705112814953015,-2.202545840136777,-1.122554707892642e-09
510.0950171462556,9.348076220357903,3.4311136627699486,-8.959016150229468,-2.6688122154899667,-1.131106749810674e-09
510.5950171462556,9.726912673414295,3.4696122066962802,-9.208295457029964,-3.133707856879605,-1.136650530642876e-09
511.0950171462556,10.11496292467107,3.5051911167984957,-9.453678218646035,-3.5972827392030053,-1.1400771388446398e-09
511.5950171462556,10.511346999626472,3.538114238100579,-9.695771354042577,-4.059610030124052,-1.1420620326474489e-09
512.0950171462556,10.915275303966501,3.5686229222311,-9.93508067744115,-4.52077503246031,-1.1430958838324491e-09
512.5950171462556,11.326040459622826,3.5969366863249514,-10.172027768903531,-4.980867751875037,-1.1435235944591252e-09
513.0950171462556,11.743009313063613,3.6232543674409956,-10.40696432444267,-5.439978058455408,-1.1435801640685296e-09
513.5950171462556,12.16561534082993,3.6477555531639814,-10.640184202332946,-5.898192669069141,-1.1434227275031542e-09
514.0950171462556,12.593351582564209,3.6706021363389705,-10.871933444131034,-6.355593384449446,-1.1431526662942807e-09
514.5950171462556,13.025764164535497,3.691939892140361,-11.102418560252863,-6.8122561742090895,-1.1428342363687945e-09
515.0950171462556,13.46244643081356,3.7119000121888557,-11.331813354070922,-7.268250821967052,-1.1425062641631166e-09
515.5950171462556,13.903033669379667,3.7306005563094535,-11.560264529825806,-7.723640929791856,-1.1421910175734288e-09
516.0950171462556,14.347198402166049,3.7481478004313744,-11.787896296673926,-8.178484143774883,-1.1418999961466918e-09
516.5950171462556,14.794646197843942,3.7646374712061643,-12.014814148601108,-8.63283250700214,-1.1416384517730185e-09
517.0950171462556,15.245111961542044,3.780155865815356,-12.241107970059044,-9.086732877404796,-1.141407775752279e-09
517.5950171462556,15.698356654681724,3.7947808603936837,-12.466854590986456,-9.54022736965896,-1.1412068374099e-09
518.0950171462556,16.154164399414242,3.808582813417509,-12.692119892545204,-9.993353795226147,-1.1410333263708783e-09
518.5950171462556,16.61233992479976,3.8216253719564186,-12.91696054621752,-10.446146084779595,-1.1408842087705255e-09
519.0950171462556,17.072706315239596,3.833966189324123,-13.141425453477463,-10.898634684083902,-1.1407569736111867e-09
519.5950171462556,17.535103025339087,3.8456575627183933,-13.365556940613077,-11.350846918908102,-1.1406485979787173e-09
520.0950171462556,17.999384129067828,3.856746999133425,-13.58939175299046,-11.802807327474834,-1.140556458878252e-09
520.5950171462556,18.465416774631386,3.8672777173142827,-13.81296188471164,-12.25453796078586,-1.1404781063543423e-09
521.0950171462556,18.933079819779635,3.8772890929038377,-14.036295272872879,-12.706058652267952,-1.1404119362002821e-09
521.5950171462556,19.402262625305408,3.886817053274292,-14.25941638018074,-13.157387258797103,-1.140355256648613e-09
522.0950171462556,19.872863987217038,3.8958944278800316,-14.482346685281978,-13.608539875450631,-1.1403073981747682e-09
522.5950171462556,20.344791190503717,3.9045512593415967,-14.705105096608058,-14.05953102642152,-1.1402668010810296e-09
523.0950171462556,20.817959169567736,3.9128150798861974,-14.92770830265972,-14.510373834484536,-1.1402324609241604e-09
523.5950171462556,21.292289762294384,3.9207111572353246,-15.150171069329689,-14.961080171282818,-1.1402030999180998e-09
524.0950171462556,21.767711046391916,3.9282627135467014,-15.372506492973613,-15.411660790540932,-1.1401780392407504e-09
524.5950171462556,22.244156748085516,3.9354911205851995,-15.594726216405913,-15.862125446129234,-1.1401567250878235e-09
525.0950171462556,22.721565714513993,3.9424160739128165,-15.816840613748782,-16.31248299671895,-1.1401384856649251e-09
525.5950171462556,23.199881442278546,3.9490557485477917,-16.038858949043814,-16.762741498587204,-1.14012267526754e-09
526.0950171462556,23.67905165554949,3.9554269382434146,-16.260789512702793,-17.212908287960985,-1.1401092225698015e-09
526.5950171462556,24.159027927967983,3.9615451802740047,-16.482639739191377,-17.662990054132006,-1.1400976697098658e-09
527.0950171462556,24.63976534330156,3.967424867384917,-16.704416308778413,-18.1129929044314,-1.1400881192995865e-09
527.5950171462556,25.121222190439305,3.973079348361563,-16.926125235721276,-18.562922422024492,-1.1400795841678037e-09
528.0950171462556,25.60335968885737,3.9785210184958792,-17.14777194487608,-19.012783717370986,-1.140072349240271e-09
528.5950171462556,26.086141741159064,3.983761401074348,-17.369361338405685,-19.4625814740938,-1.1400658389191273e-09
529.0950171462556,26.569534709706023,3.9888112208767965,-17.590897853995994,-19.91231998990957,-1.1400605643071304e-09
529.5950171462556,27.053507214715577,3.99368047055731,-17.81238551577307,-20.362003213194555,-1.1400558802925872e-09
530.0950171462556,27.538029951512225,3.998378470675514,-18.033827978931527,-20.811634775689555,-1.1400518783036431e-09
530.5950171462556,28.023075524893827,4.00291392405633,-18.255228568932385,-21.261218021786483,-1.1400482588592029e-09
531.0950171462556,28.508618298811392,4.00729496507738,-18.476590316001335,-21.71075603478537,-1.1400451365449554e-09
531.5950171462556,28.994634259769576,4.011529204414105,-18.697915985550843,-22.16025166046374,-1.140042328952028e-09
532.0950171462556,29.48110089253731,4.015623769712045,-18.919208105059674,-22.60970752825893,-1.1400403415658051e-09
532.5950171462556,29.967997066917736,4.019585342602585,-19.14046898786684,-23.05912607032838,-1.140038084821848e-09
533.0950171462556,30.455302934466847,4.023420192431726,-19.361700754273073,-23.50850953872079,-1.140036193459225e-09
533.5950171462556,30.94299983417334,4.027134207030436,-19.582905350287646,-23.957860020864274,-1.1400347341496165e-09
534.0950171462556,31.431070206220596,4.030732920818928,-19.804084564312486,-24.407179453552757,-1.1400333034905298e-09
534.5950171462556,31.91949751304709,4.034221540505434,-20.025240042015728,-24.856469635591242,-1.1400320460630203e-09
535.0950171462556,32.408266167005706,4.0376049686118884,-20.246373299613055,-25.30573223924181,-1.1400311008677058e-09
535.5950171462556,32.89736146399676,4.04088782503418,-20.46748573574655,-25.75496882059597,-1.1400299945167986e-09
536.0950171462556,33.38676952251529,4.044074466822655,-20.6885786421257,-26.20418082898483,-1.1400292217544874e-09
536.5950171462556,33.87647722761125,4.047169006349157,-20.909653213074336,-26.65336961552579,-1.1400284273420444e-09
537.0950171462556,34.36647217931296,4.0501753280096695,-21.13071055410875,-27.102536440893655,-1.1400281274126045e-09
537.5950171462556,34.8567426451098,4.05309710359637,-21.351751689656513,-27.551682482394177,-1.1400272970680298e-09
538.0950171462556,35.34727751613091,4.055937806459316,-21.572777570012104,-28.00080884040953,-1.140027017303955e-09
538.5950171462556,35.838066266692856,4.058700724565949,-21.793789077613386,-28.449916544277738,-1.1400263503100293e-09
539.0950171462556,36.32909891692136,4.061388972555828,-22.014787032713016,-28.899006557661245,-1.1400260672237832e-09
539.5950171462556,36.8203659981811,4.064005502878453,-22.23577219850989,-29.34807978345408,-1.1400256982970069e-09
540.0950171462556,37.311858521073205,4.066553116093487,-22.456745285797968,-29.797137068271745,-1.1400253889685924e-09
540.5950171462556,37.80356794578293,4.0690344704050165,-22.677706957183396,-30.246179206563305,-1.1400249790976095e-09
541.0950171462556,38.29548615458079,4.071452090494726,-22.8986578309144,-30.695206944381265,-1.1400247846633853e-09
541.5950171462556,38.787605426298626,4.073808375712661,-23.119598484364115,-31.144220982840768,-1.1400244751049789e-09
542.0950171462556,39.27991841261867,4.076105607678841,-23.340529457201143,-31.593221981296953,-1.1400240665573104e-09
542.5950171462556,39.77241811602862,4.078345957344024,-23.561451254279408,-32.04221056026592,-1.1400240440531116e-09
543.0950171462556,40.265097869308896,4.080531491553503,-23.78236434827508,-32.49118730411245,-1.1400239429015251e-09
543.5950171462556,40.75795131643045,4.082664179153852,-24.00326918209525,-32.94015276352542,-1.1400236341217134e-09
544.0950171462556,41.250972394752175,4.084745896678944,-24.22416617108058,-33.38910745779948,-1.1400236059162576e-09
544.5950171462556,41.74415531841681,4.086778433648345,-24.445055705021744,-33.83805187694011,-1.1400234619359387e-09
545.0950171462556,42.23749456285302,4.088763497508264,-24.66593815000703,-34.28698648360725,-1.1400234465046497e-09
545.5950171462556,42.73098485029936,4.090702718242627,-24.886813850117278,-34.735911714911474,-1.1400230563735516e-09
546.0950171462556,43.224621136272816,4.09259765267944,-25.107683128981993,-35.18482798407512,-1.1400231863292106e-09
546.5950171462556,43.71839859691162,4.0944497885154725,-25.328546291209683,-35.63373568196986,-1.1400228805830364e-09
547.0950171462556,44.2123126171273,4.0962605480803465,-25.549403623703633,-36.08263517854085,-1.1400230071667827e-09
547.5950171462556,44.70635877950698,4.09803129185933,-25.770255396873324,-36.531526824127155,-1.1400229941053975e-09
548.0950171462556,45.200532853911206,4.099763321792546,-25.991101865751173,-36.980410950686476,-1.140022562192959e-09
548.5950171462556,45.69483078771756,4.1014578843668446,-26.211943271022324,-37.42928787293244,-1.1400226769336972e-09
549.0950171462556,46.18924869666389,4.103116173515267,-26.43277983997573,-37.878157889391076,-1.1400225966079424e-09
549.5950171462556,46.68378285624901,4.104739333337811,-26.65361178738279,-38.32702128338306,-1.140022493855156e-09
550.0950171462556,47.17842969365184,4.106328460656131,-26.87443931630992,-38.775878323937754,-1.1400226207086116e-09
550.5950171462556,47.67318578013319,4.107884607413785,-27.095262618870677,-39.224729266644054,-1.1400227062490155e-09
551.0950171462556,48.168047823886994,4.109408782932734,-27.316081876922546,-39.67357435444314,-1.1400227948512273e-09
551.5950171462556,48.6630126633106,4.1109019560359785,-27.5368972627126,-40.12241381836765,-1.1400225517846287e-09
552.0950171462556,49.158077260665785,4.112365057045432,-27.757708939476817,-40.57124787823115,-1.1400227571254515e-09
552.5950171462556,49.65323869610447,4.11379897966345,-27.978517061996328,-41.02007674327178,-1.1400224892220704e-09
553.0950171462556,50.148494162035064,4.115204582745792,-28.199321777114307,-41.46890061275355,-1.1400226065180546e-09
553.5950171462556,50.6438409578071,4.1165826919732105,-28.420123224216574,-41.91771967652827,-1.1400227346033876e-09
554.0950171462556,51.13927648469341,4.117934101428314,-28.640921535678793,-42.36653411556116,-1.1400229816214508e-09
554.5950171462556,51.634798241150854,4.119259575083882,-28.861716837282827,-42.81534410242268,-1.1400228093103781e-09
555.0950171462556,52.13040381834164,4.120559848208339,-29.08250924860466,-43.26414980174918,-1.1400227381483657e-09
555.5950171462556,52.626090895898905,4.121835628693675,-29.303298883376275,-43.712951370674254,-1.1400225712096898e-09
556.0950171462556,53.12185723792114,4.12308759831075,-29.524085849823038,-44.161748959233414,-1.140022524372962e-09
556.5950171462556,53.61770068918126,4.124316413896536,-29.744870250978884,-44.61054271074339,-1.140022633426986e-09
557.0950171462556,54.11361917153709,4.125522708477536,-29.965652184980602,-45.05933276215831,-1.14002276663844e-09
557.5950171462556,54.60961068053092,4.126707092333336,-30.18643174534308,-45.50811924440408,-1.1400227666616935e-09
558.0950171462556,55.10567328216672,4.127870154003948,-30.40720902121671,-45.956902282692425,-1.140022743090155e-09
558.5950171462556,55.60180510985427,4.12901246124437,-30.627984097628296,-46.40568199681634,-1.140022878675386e-09
559.0950171462556,56.09800436151028,4.130134561929543,-30.848757055706677,-46.85445850142773,-1.1400228479130058e-09
559.5950171462556,56.59426929680719,4.131236984912666,-31.069527972894036,-47.30323190629884,-1.1400226899483326e-09
560.0950171462556,57.09059823456105,4.132320240839644,-31.290296923144293,-47.75200231656817,-1.1400227090357275e-09
560.5950171462556,57.586989550250266,4.13338482292224,-31.511063977108932,-48.20076983297239,-1.1400225522895883e-09
561.0950171462556,58.08344167365776,4.134431207672354,-31.73182920231154,-48.64953455206464,-1.1400226304027349e-09
561.5950171462556,58.57995308662942,4.135459855599666,-31.95259266331186,-49.09829656642044,-1.1400227734640617e-09
562.0950171462556,59.076522320942274,4.136471211874759,-32.17335442185967,-49.547055964832,-1.1400225766518848e-09
562.5950171462556,59.573147956276095,4.137465706959684,-32.39411453703969,-49.99581283249145,-1.14002272157944e-09
563.0950171462556,60.069828618282784,4.138443757207811,-32.61487306540775,-50.44456725116398,-1.1400225714607073e-09
563.5950171462556,60.56656297674801,4.139405765434683,-32.83563006111898,-50.89331929935129,-1.1400224333212435e-09
564.0950171462556,61.06334974384006,4.1403521214615,-33.05638557604862,-51.34206905244603,-1.1400224936175697e-09
564.5950171462556,61.56018767244109,4.141283202632734,-33.277139659905686,-51.79081658287789,-1.1400223112603047e-09
565.0950171462556,62.05707555455635,4.142199374309305,-33.4978923603401,-52.23956196025176,-1.1400224577581155e-09
565.5950171462556,62.554012219797166,4.143100990338634,-33.7186437230438,-52.688305251478454,-1.1400225119567412e-09
566.0950171462556,63.050996533933706,4.143988393502837,-33.93939379184609,-53.13704652089838,-1.1400224977159214e-09
566.5950171462556,63.548027397513856,4.144861915946224,-34.160142608803724,-53.585785830398756,-1.1400223265299566e-09
567.0950171462556,64.04510374454472,4.145721879583211,-34.38089021428572,-54.03452323952464,-1.140022633261668e-09
567.5950171462556,64.54222454123345,4.146568596487666,-34.60163664705386,-54.4832588055841,-1.1400221685718844e-09
568.0950171462556,65.03938878478436,4.147402369264689,-34.82238194433832,-54.93199258374809,-1.1400223542150945e-09
568.5950171462556,65.53659550224936,4.14822349140571,-35.043126141909724,-55.38072462714489,-1.1400222144893376e-09
569.0950171462556,66.03384374942898,4.149032247627794,-35.263869274146856,-55.82945498695006,-1.1400224246701786e-09
569.5950171462556,66.53113260982161,4.149828914197951,-35.484611374100794,-56.27818371247161,-1.1400222945940546e-09
570.0950171462556,67.02846119361814,4.150613759243216,-35.70535247355594,-56.72691085123097,-1.1400222962919092e-09
570.5950171462556,67.52582863674009,4.151387043047218,-35.9260926030875,-57.17563644903981,-1.1400220631961114e-09
571.0950171462556,68.02323409991887,4.152149018333933,-36.14683179211608,-57.62436055007319,-1.1400222711328157e-09
571.5950171462556,68.52067676781418,4.152899930539236,-36.36757006895945,-58.07308319693896,-1.1400222579643123e-09
572.0950171462556,69.01815584816967,4.153640018070874,-36.588307460881566,-58.52180443074389,-1.1400222927513696e-09
572.5950171462556,69.51567057100391,4.154369512557431,-36.80904399413914,-58.97052429115641,-1.1400222478514875e-09
573.0950171462556,70.01322018783516,4.15508863908681,-37.02977969402585,-59.41924281646645,-1.140022359028748e-09
573.5950171462556,70.51080397093816,4.155797616434756,-37.2505145849142,-59.86796004364239,-1.140022154971709e-09
574.0950171462556,71.00842121263143,4.156496657283894,-37.47124869029531,-60.316676008385336,-1.1400221108223872e-09
574.5950171462556,71.50607122459374,4.15718596843373,-37.69198203281693,-60.765390745180596,-1.1400221927924366e-09
575.0950171462556,72.00375333720817,4.157865751002064,-37.91271463431923,-61.214104287346984,-1.1400220240554466e-09
575.5950171462556,72.5014668989327,4.158536200618202,-38.13344651586906,-61.6628166670838,-1.1400220610725669e-09
576.0950171462556,72.99921127569597,4.159197507608358,-38.35417769779252,-62.111527915515424,-1.140021994605478e-09
576.5950171462556,73.49698585031693,4.159849857173621,-38.574908199705796,-62.560238062734044,-1.1400220426703427e-09
577.0950171462556,73.99479002194761,4.160493429560819,-38.79563804054467,-63.00894713784036,-1.140021953038492e-09
577.5950171462556,74.4926232055376,4.161128400226608,-39.01636723859253,-63.45765516898243,-1.14002204507678e-09
578.0950171462556,74.9904848313195,4.16175493999511,-39.2370958115071,-63.906362183392766,-1.1400222281450594e-09
578.5950171462556,75.48837434431428,4.162373215209376,-39.457823776345904,-64.35506820742371,-1.1400222232188322e-09
579.0950171462556,75.98629120385563,4.162983387876962,-39.67855114959048,-64.8037732665813,-1.1400222415682885e-09
579.5950171462556,76.4842348831326,4.163585615809889,-39.899277947169395,-65.25247738555771,-1.1400223396983885e-09
580.0950171462556,76.98220486874956,4.164180052759218,-40.12000418448043,-65.7011805882619,-1.140022184092424e-09
580.5950171462556,77.48020066030284,4.164766848544505,-40.34072987641161,-66.14988289784937,-1.1400221201064456e-09
581.0950171462556,77.97822176997319,4.165346149178338,-40.5614550373611,-66.59858433675039,-1.1400220117137115e-09
581.5950171462556,78.47626772213353,4.165918096986185,-40.782179681256565,-67.04728492669692,-1.1400220696573438e-09
582.0950171462556,78.97433805297122,4.166482830721758,-41.002903821573334,-67.49598468874859,-1.1400222415536022e-09
582.5950171462556,79.47243231012425,4.16704048567808,-41.22362747135186,-67.9446836433174,-1.1400220563680353e-09
583.0950171462556,79.97055005233075,4.167591193794441,-41.44435064321442,-68.39338181019147,-1.140022020295494e-09
583.5950171462556,80.46869084909133,4.168135083759425,-41.66507334938114,-68.84207920855765,-1.1400220890334216e-09
584.0950171462556,80.96685428034355,4.1686722811101715,-41.88579560168509,-69.29077585702332,-1.140022094698375e-09
584.5950171462556,81.46503993614822,4.169202908328029,-42.106517411587,-69.73947177363723,-1.1400222994879192e-09
585.0950171462556,81.96324741638679,4.169727084930754,-42.32723879018903,-70.18816697590951,-1.1400220595718466e-09
585.5950171462556,82.46147633046971,4.170244927561398,-42.54795974824833,-70.63686148083065,-1.1400218924277448e-09
586.0950171462556,82.95972629705484,4.1707565500740245,-42.768680296189665,-71.08555530488998,-1.140021735441608e-09
586.5950171462556,83.45799694377602,4.1712620636163855,-42.989400444117535,-71.5342484640933,-1.1400222731915661e-09
587.0950171462556,83.95628790698095,4.171761576709675,-43.21012020182805,-71.98294097397971,-1.1400221262756447e-09
587.5950171462556,84.45459883147826,4.172255195325488,-43.43083957882007,-72.43163284963777,-1.1400224856370775e-09
588.0950171462556,84.95292937029336,4.172743022960098,-43.651558584305974,-72.88032410572113,-1.1400223816685499e-09
588.5950171462556,85.45127918443254,4.1732251607061555,-43.872277227221836,-73.32901475646338,-1.1400222297096521e-09
589.0950171462556,85.94964794265529,4.1737017073219125,-44.09299551623732,-73.77770481569256,-1.1400221071827776e-09
589.5950171462556,86.44803532125431,4.174172759298077,-44.313713459765225,-74.22639429684466,-1.1400220669610024e-09
590.0950171462556,86.94644100384289,4.1746384109223875,-44.53443106597042,-74.67508321297714,-1.140022095101027e-09
590.5950171462556,87.44486468114951,4.175098754341993,-44.755148342778625,-75.1237715767814,-1.1400222127970429e-09
591.0950171462556,87.94330605081929,4.175553879623735,-44.975865297884724,-75.57245940059512,-1.1400223612807927e-09
591.5950171462556,88.44176481722202,4.176003874812406,-45.19658193876076,-76.021146696414,-1.1400223157063176e-09
592.0950171462556,88.94024069126657,4.176448825987068,-45.417298272663565,-76.46983347590303,-1.1400223200439177e-09
592.5950171462556,89.43873339022134,4.1768888173154926,-45.63801430664225,-76.9185197504074,-1.1400220592448824e-09
593.0950171462556,89.9372426375407,4.1773239311068195,-45.85873004754517,-77.36720553096285,-1.1400222780083563e-09
593.5950171462556,90.43576816269693,4.177754247862476,-46.07944550202688,-77.81589082830577,-1.1400220793302605e-09
594.0950171462556,90.9343097010177,4.17817984632544,-46.300160676554455,-78.26457565288297,-1.1400224378094906e-09
594.5950171462556,91.43286699352875,4.178600803527904,-46.520875577413946,-78.71326001486084,-1.1400223332350415e-09
595.0950171462556,91.93143978680163,4.179017194837397,-46.74159021071631,-79.16194392413442,-1.1400218871820913e-09
595.5950171462556,92.43002783280625,4.179429094001425,-46.96230458240335,-79.61062739033599,-1.1400221022298792e-09
596.0950171462556,92.9286308887681,4.179836573190691,-47.18301869825315,-80.05931042284337,-1.1400221899788295e-09
596.5950171462556,93.42724871703003,4.180239703040934,-47.40373256388553,-80.507993030788,-1.1400222472654102e-09
597.0950171462556,93.9258810849183,4.180638552693449,-47.624446184767145,-80.95667522306256,-1.1400222263888348e-09
597.5950171462556,94.42452776461285,4.181033189834333,-47.84515956621648,-81.40535700832855,-1.1400222922713286e-09
598.0950171462556,94.92318853302153,4.181423680732499,-48.06587271340874,-81.85403839502325,-1.1400225424637875e-09
598.5950171462556,95.42186317165834,4.181810090276512,-48.28658563138028,-82.30271939136682,-1.1400223947300198e-09
599.0950171462556,95.9205514665253,4.1821924820102785,-48.507298325033155,-82.75140000536888,-1.1400223435588141e-09
599.5950171462556,96.41925320799791,4.182570918167642,-48.728010799139334,-83.20008024483495,-1.1400224451155534e-09
600.0950171462556,96.91796819071426,4.182945459705911,-48.94872305834483,-83.6487601173727,-1.1400224886312732e-09
600.5950171462556,97.41669621346726,4.183316166338372,-49.16943510717362,-84.09743963039783,-1.140022358743735e-09
601.0950171462556,97.91543707910033,4.183683096565808,-49.390146950031564,-84.54611879113993,-1.1400225306900285e-09
601.5950171462556,98.41419059440608,4.184046307707069,-49.61085859121001,-84.99479760664796,-1.1400221754677287e-09
602.0950171462556,98.91295657002806,4.184405855928725,-49.83157003488929,-85.44347608379577,-1.1400223593018601e-09
602.5950171462556,99.41173482036542,4.184761796273828,-50.0522812851423,-85.89215422928714,-1.1400225170808573e-09
603.0950171462556,99.91052516348043,4.185114182689823,-50.27299234593756,-86.34083204966095,-1.1400223806324958e-09
603.5950171462556,100.40932742100856,4.185463068055626,-50.4937032211426,-86.78950955129585,-1.1400224321280758e-09
604.0950171462556,100.90814141807141,4.185808504207913,-50.71441391452699,-87.23818674041506,-1.1400221359418442e-09
604.5950171462556,101.406966983192,4.1861505419666285,-50.9351244297652,-87.68686362309083,-1.1400222170864254e-09
605.0950171462556,101.90580394821264,4.186489231159755,-51.15583477043952,-88.13554020524887,-1.1400222981839408e-09
605.5950171462556,102.40465214821499,4.186824620647363,-51.376544940042876,-88.58421649267248,-1.1400221311291215e-09
606.0950171462556,102.90351142144266,4.1871567583449645,-51.59725494198136,-89.0328924910067,-1.1400221339721556e-09
606.5950171462556,103.4023816092258,4.187485691246192,-51.817964779576904,-89.48156820576227,-1.1400221376258026e-09
607.0950171462556,103.90126255590795,4.1878114654448355,-52.038674456069714,-89.93024364231934,-1.1400220066848921e-09
607.5950171462556,104.40015410877491,4.188134126156241,-52.25938397462075,-90.37891880593119,-1.140022258793071e-09
608.0950171462556,104.89905611798568,4.1884537177381125,-52.48009333831382,-90.82759370172799,-1.1400220706645479e-09
608.5950171462556,105.3979684365052,4.18877028371072,-52.700802550158095,-91.27626833471992,-1.1400221231654871e-09
609.0950171462556,105.89689092003913,4.18908386677654,-52.92151161309003,-91.72494270980081,-1.1400222511128626e-09
609.5950171462556,106.39582342697032,4.189394508839351,-53.142220529975695,-92.17361683175113,-1.140022292119431e-09
610.0950171462556,106.89476581829712,4.189702251022791,-53.36292930361253,-92.62229070524131,-1.1400223371014967e-09
610.5950171462556,107.39371795757327,4.190007133688404,-53.58363793673151,-93.07096433483466,-1.1400222085916322e-09
611.0950171462556,107.8926797108496,4.1903091964531916,-53.80434643199894,-93.51963772499026,-1.1400220355091187e-09
611.5950171462556,108.39165094661718,4.190608478206676,-54.02505479201821,-93.96831088006599,-1.140022041386242e-09
612.0950171462556,108.89063153575205,4.1909050171275,-54.24576301933182,-94.41698380432099,-1.1400216857042023e-09
612.5950171462556,109.3896213514615,4.191198850699577,-54.46647111642264,-94.86565650191865,-1.1400219046701047e-09
613.0950171462556,109.88862026923175,4.191490015727798,-54.68717908571615,-95.31432897692886,-1.1400218563623748e-09
613.5950171462556,110.38762816677699,4.1917785483533185,-54.907886929581494,-95.76300123333077,-1.1400219244521547e-09
614.0950171462556,110.88664492398988,4.192064484068438,-55.12859465033331,-96.21167327501507,-1.1400218318639744e-09
614.5950171462556,111.38567042289323,4.1923478577310735,-55.34930225023316,-96.6603451057864,-1.1400217335408693e-09
615.0950171462556,111.88470454759312,4.192628703578853,-55.57000973149108,-97.1090167293655,-1.1400216138956498e-09
615.5950171462556,112.38374718423312,4.192907055242836,-55.790717096266825,-97.55768814939162,-1.1400219425202023e-09
616.0950171462556,112.88279822094975,4.193182945760869,-56.011424346671355,-98.00635936942443,-1.1400217227301751e-09
616.5950171462556,113.38185754782916,4.193456407590593,-56.23213148476802,-98.45503039294633,-1.1400218445346793e-09
617.0950171462556,113.88092505686478,4.193727472622107,-56.452838512573926,-98.90370122336425,-1.1400216206386235e-09
617.5950171462556,114.3800006419163,4.193996172190305,-56.67354543206128,-99.35237186401167,-1.140021570556953e-09
618.0950171462556,114.87908419866946,4.1942625370868925,-56.89425224515836,-99.80104231815056,-1.1400215381876553e-09
618.5950171462556,115.37817562459708,4.19452659757209,-57.11495895375085,-100.24971258897315,-1.1400216550728785e-09
619.0950171462556,115.87727481892091,4.194788383386039,-57.33566555968291,-100.69838267960371,-1.140021446766637e-09
619.5950171462556,116.3763816825746,4.1950479237599145,-57.55637206475821,-101.14705259310034,-1.1400215906389406e-09
620.0950171462556,116.87549611816752,4.195305247426752,-57.77707847074104,-101.59572233245662,-1.1400214807782627e-09
620.5950171462556,117.37461802994945,4.195560382632004,-57.99778477935741,-102.04439190060309,-1.1400216364447736e-09
621.0950171462556,117.87374732377631,4.195813357143825,-58.218490992295834,-102.49306130040917,-1.1400216161424421e-09
621.5950171462556,118.37288390707663,4.196064198263101,-58.439197111208564,-102.9417305346843,-1.1400215705330541e-09
622.0950171462556,118.87202768881883,4.196312932833225,-58.65990313771233,-103.39039960617968,-1.1400215941128777e-09
622.5950171462556,119.37117857947943,4.196559587249629,-58.88060907338935,-103.83906851758961,-1.140021460207675e-09
623.0950171462556,119.87033649101193,4.196804187469082,-59.10131491978812,-104.28773727155296,-1.1400214272755327e-09
623.5950171462556,120.36950133681651,4.197046759018752,-59.32202067842437,-104.73640587065448,-1.1400213314756992e-09
624.0950171462556,120.86867303171051,4.197287327005048,-59.54272635078182,-105.18507431742611,-1.1400213588031997e-09
624.5950171462556,121.36785149189953,4.197525916122246,-59.76343193831295,-105.63374261434845,-1.1400213662733682e-09
625.0950171462556,121.86703663494929,4.1977625506609,-59.98413744243996,-106.08241076385163,-1.1400212221424886e-09
625.5950171462556,122.36622837975823,4.19799725451605,-60.204842864555424,-106.53107876831689,-1.1400213724188716e-09
626.0950171462556,122.86542664653064,4.1982300511952335,-60.425548206022896,-106.97974663007761,-1.1400211394022384e-09
626.5950171462556,123.36463135675054,4.1984609638262995,-60.646253468177726,-107.42841435142054,-1.140021315864129e-09
627.0950171462556,123.86384243315614,4.198690015165034,-60.86695865232789,-107.87708193458673,-1.1400213184402813e-09
627.5950171462556,124.36305979971493,4.198917227602604,-61.08766375975458,-108.32574938177275,-1.140021160453404e-09
628.0950171462556,124.86228338159934,4.199142623172829,-61.30836879171264,-108.77441669513183,-1.1400213549769044e-09
628.5950171462556,125.36151310516298,4.1993662235592675,-61.529073749431554,-109.22308387677471,-1.140021228365425e-09
629.0950171462556,125.86074889791746,4.199588050102146,-61.749778634115884,-109.67175092877069,-1.140021218610015e-09
629.5950171462556,126.35999068850971,4.199808123805121,-61.970483446945785,-110.12041785314874,-1.1400210873566942e-09
630.0950171462556,126.85923840669989,4.200026465341879,-62.191188189077884,-110.56908465189815,-1.1400210920472987e-09
630.5950171462556,127.35849198333976,4.200243095062589,-62.41189286164544,-111.01775132696983,-1.1400212253162021e-09
631.0950171462556,127.85775135035159,4.200458033000196,-62.63259746575936,-111.46641788027678,-1.140021348103624e-09
631.5950171462556,128.35701644070753,4.200671298876573,-62.85330200250829,-111.91508431369539,-1.1400212032363488e-09
632.0950171462556,128.85628718840945,4.200882912108533,-63.074006472959475,-112.36375062906596,-1.140020998600334e-09
632.5950171462556,129.3555635284693,4.201092891813694,-63.29471087815905,-112.81241682819366,-1.140021331831728e-09
633.0950171462556,129.85484539688983,4.20130125681622,-63.51541521913262,-113.26108291284935,-1.1400212460326097e-09
633.5950171462556,130.3541327306458,4.201508025652418,-63.736119496885856,-113.70974888477025,-1.1400211411635181e-09
634.0950171462556,130.85342546766566,4.2017132165762225,-63.95682371240474,-114.15841474566083,-1.1400211417518123e-09
634.5950171462556,131.3527235468135,4.201916847564539,-64.17752786665616,-114.6070804971935,-1.1400213738173344e-09
635.0950171462556,131.85202690787165,4.202118936322481,-64.39823196058828,-115.0557461410093,-1.1400214041569651e-09
635.5950171462556,132.35133549152332,4.202319500288478,-64.61893599513115,-115.50441167871858,-1.1400213912732462e-09
636.0950171462556,132.85064923933598,4.202518556639277,-64.83963997119682,-115.95307711190185,-1.1400214739383935e-09
636.5950171462556,133.3499680937449,4.2027161222948255,-65.06034388968003,-116.4017424421102,-1.1400214061509802e-09
637.0950171462556,133.84929199803713,4.2029122139230495,-65.2810477514584,-116.85040767086616,-1.1400213085584908e-09
637.5950171462556,134.3486208963358,4.203106847944524,-65.50175155739305,-117.29907279966416,-1.1400214749631526e-09
638.0950171462556,134.84795473358477,4.203300040537043,-65.72245530832873,-117.74773782997133,-1.140021614171512e-09
638.5950171462556,135.34729345553365,4.203491807640081,-65.94315900509419,-118.19640276322797,-1.140021569341078e-09
639.0950171462556,135.84663700872312,4.203682164959165,-66.16386264850286,-118.64506760084817,-1.1400214200453087e-09
639.5950171462556,136.3459853404706,4.203871127970148,-66.38456623935289,-119.09373234422033,-1.1400213837575458e-09
640.0950171462556,136.84533839885611,4.204058711923384,-66.60526977842763,-119.54239699470777,-1.1400214382132735e-09
640.5950171462556,137.34469613270863,4.204244931847823,-66.82597326649584,-119.9910615536493,-1.1400212925137968e-09
641.0950171462556,137.84405849159262,4.204429802555007,-67.04667670431202,-120.43972602235972,-1.1400211965801114e-09
641.5950171462556,138.34342542579486,4.204613338642983,-67.26738009261693,-120.8883904021303,-1.1400212694465699e-09
642.0950171462556,138.84279688631156,4.204795554500138,-67.4880834321376,-121.33705469422934,-1.1400213024843958e-09
642.5950171462556,139.34217282483579,4.20497646430894,-67.70878672358786,-121.7857188999026,-1.1400214101293438e-09
643.0950171462556,139.84155319374509,4.205156082049609,-67.92948996766866,-122.23438302037377,-1.1400212902307051e-09
643.5950171462556,140.34093794608947,4.205334421503706,-68.15019316506793,-122.68304705684507,-1.1400210451658635e-09
644.0950171462556,140.84032703557955,4.205511496257648,-68.37089631646148,-123.1317110104975,-1.1400211229368442e-09
644.5950171462556,141.33972041657498,4.205687319706143,-68.59159942251281,-123.58037488249144,-1.140021176304171e-09
645.0950171462556,141.83911804407316,4.205861905055561,-68.8123024838734,-124.02903867396711,-1.1400213120041145e-09
645.5950171462556,142.33851987369806,4.206035265327227,-69.03300550118331,-124.47770238604475,-1.1400210836387237e-09
646.0950171462556,142.83792586168948,4.20620741336065,-69.25370847507111,-124.92636601982532,-1.1400213961530487e-09
646.5950171462556,143.33733596489228,4.2063783618166815,-69.47441140615418,-125.37502957639067,-1.1400211595047572e-09
647.0950171462556,143.83675014074606,4.206548123180612,-69.69511429503893,-125.82369305680417,-1.1400215706369683e-09
647.5950171462556,144.33616834727493,4.2067167097652,-69.91581714232109,-126.27235646211095,-1.1400213597838058e-09
648.0950171462556,144.83559054307753,4.206884133713635,-70.13651994858616,-126.7210197933381,-1.1400212146806281e-09
648.5950171462556,145.33501668731716,4.2070504070024555,-70.35722271440902,-127.16968305149544,-1.1400214163751007e-09
649.0950171462556,145.8344467397123,4.207215541444384,-70.57792544035476,-127.61834623757552,-1.1400209695144675e-09
649.5950171462556,146.33388066052714,4.207379548691124,-70.79862812697858,-128.06700935255418,-1.1400212695067127e-09
650.0950171462556,146.83331841056247,4.207542440236089,-71.01933077482613,-128.51567239739072,-1.1400211088966372e-09
650.5950171462556,147.3327599511465,4.2077042274170795,-71.24003338443346,-128.96433537302846,-1.140021043757117e-09
651.0950171462556,147.8322052441262,4.207864921418908,-71.46073595632757,-129.41299828039485,-1.1400213277755088e-09
651.5950171462556,148.33165425185845,4.2080245332759665,-71.68143849102637,-129.8616611204018,-1.1400212071402426e-09
652.0950171462556,148.83110693720178,4.208183073874745,-71.90214098903888,-130.3103238939462,-1.1400210871101774e-09
652.5950171462556,149.33056326350783,4.208340553956302,-72.12284345086556,-130.7589866019099,-1.1400211548430475e-09
653.0950171462556,149.83002319461332,4.208496984118679,-72.34354587699826,-131.2076492451603,-1.1400211186532652e-09
653.5950171462556,150.329486694832,4.208652374819277,-72.56424826792052,-131.65631182455047,-1.140021151694023e-09
654.0950171462556,150.8289537289469,4.208806736377174,-72.78495062410767,-132.1049743409196,-1.1400211296352872e-09
654.5950171462556,151.32842426220256,4.208960078975408,-73.00565294602723,-132.5536367950929,-1.1400210326917332e-09
655.0950171462556,151.82789826029747,4.209112412663205,-73.22635523413874,-133.00229918788233,-1.1400211852324754e-09
655.5950171462556,152.32737568937682,4.2092637473581735,-73.44705748889415,-133.45096152008657,-1.1400212630405331e-09
656.0950171462556,152.82685651602517,4.209414092848446,-73.66775971073797,-133.89962379249135,-1.1400212449310227e-09
656.5950171462556,153.3263407072593,4.209563458794788,-73.88846190010707,-134.3482860058698,-1.140021278326493e-09
657.0950171462556,153.82582823052138,4.209711854732658,-74.10916405743131,-134.79694816098248,-1.1400211949771766e-09
657.5950171462556,154.32531905367202,4.209859290074234,-74.32986618313346,-135.24561025857784,-1.140021085764899e-09
658.0950171462556,154.8248131449836,4.210005774110394,-74.55056827762924,-135.69427229939234,-1.1400211785635918e-09
658.5950171462556,155.32431047313378,4.210151316012668,-74.77127034132772,-136.14293428415056,-1.1400211366807402e-09
659.0950171462556,155.8238110071989,4.210295924835144,-74.99197237463109,-136.59159621356585,-1.1400211222783139e-09
659.5950171462556,156.32331471664784,4.210439609516339,-75.21267437793516,-137.04025808833995,-1.1400210856778869e-09
660.0950171462556,156.82282157133568,4.210582378881038,-75.43337635162938,-137.48891990916368,-1.1400210251967433e-09
660.5950171462556,157.32233154149768,4.210724241642098,-75.6540782960967,-137.93758167671703,-1.1400209021103698e-09
661.0950171462556,157.82184459774325,4.210865206402212,-75.87478021171404,-138.38624339166918,-1.1400210923995077e-09
661.5950171462556,158.32136071105018,4.211005281655645,-76.09548209885219,-138.83490505467898,-1.1400210910669996e-09
662.0950171462556,158.82087985275882,4.2111444757899354,-76.31618395787608,-139.2835666663949,-1.1400209707507966e-09
662.5950171462556,159.32040199456648,4.211282797087566,-76.53688578914489,-139.7322282274553,-1.140021171489146e-09
663.0950171462556,159.81992710852182,4.211420253727603,-76.75758759301195,-140.1808897384887,-1.140021097964723e-09
663.5950171462556,160.31945516701953,4.211556853787301,-76.97828936982502,-140.62955120011395,-1.1400210924320337e-09
664.0950171462556,160.8189861427949,4.211692605243686,-77.19899111992636,-141.0782126129403,-1.1400210316112014e-09
664.5950171462556,161.31852000891865,4.2118275159750995,-77.41969284365278,-141.52687397756776,-1.1400210084022815e-09
665.0950171462556,161.81805673879174,4.211961593762722,-77.64039454133598,-141.97553529458696,-1.1400209973948088e-09
665.5950171462556,162.31759630614033,4.212094846292064,-77.86109621330237,-142.4241965645796,-1.1400211060120694e-09
666.0950171462556,162.8171386850109,4.212227281154433,-78.08179785987325,-142.8728577881186,-1.1400210311544945e-09
666.5950171462556,163.31668384976524,4.212358905848366,-78.30249948136493,-143.32151896576806,-1.140021074537413e-09
667.0950171462556,163.8162317750759,4.21248972778105,-78.5232010780888,-143.77018009808367,-1.1400211799775642e-09
667.5950171462556,164.31578243592122,4.212619754269701,-78.74390265035147,-144.21884118561266,-1.1400210815022225e-09
668.0950171462556,164.815335807581,4.212748992542927,-78.96460419845484,-144.66750222889402,-1.1400210679389924e-09
668.5950171462556,165.31489186563178,4.212877449742067,-79.18530572269604,-145.11616322845876,-1.1400210892830483e-09
669.0950171462556,165.8144505859425,4.2130051329225,-79.40600722336787,-145.56482418482983,-1.1400209451455603e-09
669.5950171462556,166.31401194467014,4.213132049054933,-79.62670870075846,-146.01348509852247,-1.140021088727441e-09
670.0950171462556,166.81357591825537,4.213258205026673,-79.84741015515168,-146.4621459700442,-1.140020722097485e-09
670.5950171462556,167.3131424834184,4.213383607642862,-80.0681115868269,-146.9108067998951,-1.140020661810481e-09
671.0950171462556,167.81271161715486,4.213508263627702,-80.2888129960595,-147.3594675885678,-1.1400208597148306e-09
671.5950171462556,168.31228329673172,4.213632179625654,-80.50951438312062,-147.80812833654775,-1.1400208569256973e-09
672.0950171462556,168.81185749968327,4.213755362202616,-80.73021574827729,-148.25678904431314,-1.1400208790245925e-09
672.5950171462556,169.31143420380724,4.213877817847078,-80.95091709179259,-148.70544971233525,-1.1400209031683208e-09
673.0950171462556,169.81101338716095,4.213999552971261,-81.17161841392561,-149.15411034107845,-1.1400206843374017e-09
673.5950171462556,170.31059502805755,4.214120573912233,-81.39231971493163,-149.60277093100038,-1.1400207564953313e-09
674.0950171462556,170.81017910506222,4.214240886933006,-81.61302099506193,-150.05143148255206,-1.1400206719553566e-09
674.5950171462556,171.30976559698865,4.214360498223615,-81.83372225456439,-150.5000919961779,-1.1400206643602338e-09
675.0950171462556,171.80935448289534,4.2144794139021755,-82.05442349368306,-150.94875247231593,-1.1400209635381915e-09
675.5950171462556,172.30894574208216,4.214597640015925,-82.27512471265841,-151.39741291139794,-1.1400206070365467e-09
676.0950171462556,172.80853935408675,4.214715182542248,-82.4958259117273,-151.84607331384942,-1.140020834140853e-09
676.5950171462556,173.3081352986813,4.214832047389678,-82.71652709112314,-152.2947336800899,-1.1400208730269092e-09
677.0950171462556,173.80773355586905,4.214948240398887,-82.93722825107619,-152.74339401053277,-1.1400205839678444e-09
677.5950171462556,174.3073341058811,4.215063767343658,-83.15792939181291,-153.19205430558569,-1.1400207951095856e-09
678.0950171462556,174.8069369291731,4.215178633931834,-83.37863051355691,-153.6407145656504,-1.1400206813453785e-09
678.5950171462556,175.30654200642218,4.215292845806264,-83.59933161652829,-154.08937479112308,-1.1400207873998212e-09
679.0950171462556,175.80614931852364,4.215406408545719,-83.82003270094397,-154.53803498239427,-1.1400207927119602e-09
679.5950171462556,176.30575884658805,4.215519327665799,-84.04073376701797,-154.9866951398489,-1.1400207155458074e-09
680.0950171462556,176.80537057193817,4.215631608619828,-84.26143481496094,-155.43535526386677,-1.140020814742694e-09
680.5950171462556,177.304984476106,4.215743256799727,-84.48213584498073,-155.8840153548221,-1.1400207947892756e-09
681.0950171462556,177.8046005408298,4.215854277536875,-84.70283685728212,-156.33267541308408,-1.1400206723548966e-09
681.5950171462556,178.30421874805126,4.215964676102955,-84.92353785206711,-156.7813354390166,-1.1400205724382964e-09
682.0950171462556,178.80383907991268,4.216074457710794,-85.14423882953469,-157.22999543297857,-1.1400206047612048e-09
682.5950171462556,179.3034615187542,4.2161836275151705,-85.36493978988102,-157.67865539532406,-1.140020594116512e-09
683.0950171462556,179.80308604711107,4.216292190613629,-85.58564073329967,-158.12731532640206,-1.1400206372557068e-09
683.5950171462556,180.3027126477109,4.216400152047268,-85.80634165998123,-158.57597522655686,-1.140020660006807e-09
684.0950171462556,180.8023413034711,4.216507516801519,-86.02704257011379,-159.02463509612807,-1.1400206865453624e-09
684.5950171462556,181.30197199749628,4.216614289806912,-86.24774346388273,-159.47329493545055,-1.1400208277539008e-09
685.0950171462556,181.80160471307562,4.2167204759398285,-86.468444341471,-159.92195474485462,-1.140020691440224e-09
685.5950171462556,182.3012394336804,4.216826080023246,-86.68914520305877,-160.37061452466614,-1.140020568316217e-09
686.0950171462556,182.80087614296156,4.216931106827462,-86.90984604882382,-160.81927427520654,-1.1400207118838395e-09
686.5950171462556,183.30051482474724,4.217035561070814,-87.13054687894154,-161.26793399679292,-1.140020797953353e-09
687.0950171462556,183.80015546304037,4.217139447420382,-87.35124769358488,-161.71659368973795,-1.140020515280235e-09
687.5950171462556,184.2997980420163,4.217242770492686,-87.57194849292428,-162.16525335435028,-1.1400206890700245e-09
688.0950171462556,184.79944254602057,4.217345534854366,-87.79264927712798,-162.61391299093432,-1.140020873450536e-09
688.5950171462556,185.29908895956652,4.217447745022854,-88.01335004636175,-163.06257259979049,-1.140020725794164e-09
689.0950171462556,185.79873726733314,4.217549405467034,-88.23405080078933,-163.51123218121504,-1.1400207261273342e-09
689.5950171462556,186.2983874541628,4.2176505206078945,-88.45475154057203,-163.95989173550043,-1.1400207408676957e-09
690.0950171462556,186.79803950505908,4.217751094819165,-88.67545226586911,-164.40855126293516,-1.1400205510565883e-09
690.5950171462556,187.29769340518473,4.217851132427948,-88.89615297683747,-164.85721076380398,-1.14002069719979e-09
691.0950171462556,187.79734913985942,4.2179506377153375,-89.11685367363218,-165.30587023838777,-1.1400209104935477e-09
691.5950171462556,188.29700669455775,4.218049614917028,-89.33755435640599,-165.7545296869637,-1.140020850645418e-09
692.0950171462556,188.79666605490723,4.218148068223916,-89.5582550253097,-166.20318910980544,-1.1400208266835768e-09
692.5950171462556,189.29632720668624,4.2182460017826875,-89.77895568049206,-166.651848507183,-1.1400210309741321e-09
693.0950171462556,189.79599013582205,4.218343419696404,-89.99965632209982,-167.10050787936277,-1.1400210706693235e-09
693.5950171462556,190.2956548283889,4.2184403260250685,-90.22035695027789,-167.54916722660778,-1.1400210981823696e-09
694.0950171462556,190.79532127060608,4.218536724786194,-90.44105756516907,-167.9978265491776,-1.140021165056987e-09
694.5950171462556,191.29498944883605,4.218632619955355,-90.6617581669143,-168.44648584732852,-1.1400211667398715e-09
695.0950171462556,191.79465934958253,4.218728015466732,-90.88245875565275,-168.8951451213133,-1.1400211719774638e-09
695.5950171462556,192.2943309594888,4.218822915213652,-91.10315933152175,-169.34380437138162,-1.140021034989991e-09
696.0950171462556,192.79400426533581,4.218917323049112,-91.32385989465688,-169.79246359777986,-1.1400210194889589e-09
696.5950171462556,193.29367925404043,4.219011242786307,-91.54456044519176,-170.24112280075133,-1.1400209884085145e-09
697.0950171462556,193.79335591265365,4.219104678199135,-91.76526098325832,-170.6897819805361,-1.1400210217194067e-09
697.5950171462556,194.293034228359,4.219197633022707,-91.9859615089868,-171.13844113737125,-1.140020997151387e-09
698.0950171462556,194.79271418847077,4.21929011095384,-92.20666202250578,-171.58710027149084,-1.140021164933017e-09
698.5950171462556,195.29239578043234,4.219382115651549,-92.42736252394222,-172.03575938312588,-1.1400209671706367e-09
699.0950171462556,195.79207899181458,4.2194736507375294,-92.64806301342115,-172.48441847250464,-1.1400208768335575e-09
699.5950171462556,196.2917638103142,4.219564719796627,-92.86876349106635,-172.93307753985226,-1.1400212503610043e-09
700.0950171462556,196.79145022375218,4.219655326377309,-93.08946395699985,-173.3817365853911,-1.140021108875833e-09
700.5950171462556,197.29113822007227,4.219745473992123,-93.31016441134207,-173.8303956093409,-1.1400212787929798e-09
701.0950171462556,197.7908277873393,4.219835166118153,-93.5308648542119,-174.27905461191847,-1.1400211670782306e-09
701.5950171462556,198.29051891373783,4.219924406197459,-93.7515652857268,-174.7277135933379,-1.140021018280809e-09
702.0950171462556,198.7902115875705,4.220013197637523,-93.9722657060025,-175.17637255381078,-1.1400213603552528e-09
702.5950171462556,199.28990579725667,4.22010154381168,-94.19296611515354,-175.62503149354586,-1.1400212172758666e-09
703.0950171462556,199.78960153133093,4.220189448059542,-94.41366651329295,-176.07369041274933,-1.1400211571685888e-09
703.5950171462556,200.28929877844166,4.220276913687423,-94.63436690053213,-176.52234931162496,-1.1400210979302943e-09
704.0950171462556,200.78899752734964,4.2203639439687475,-94.85506727698134,-176.97100819037382,-1.1400209786371465e-09
704.5950171462556,201.28869776692665,4.220450542144463,-95.0757676427493,-177.41966704919466,-1.1400210986251879e-09
705.0950171462556,201.78839948615413,4.220536711423439,-95.29646799794332,-177.8683258882837,-1.1400211606427544e-09
705.5950171462556,202.2881026741218,4.2206224549828635,-95.51716834266948,-178.3169847078348,-1.1400213126070992e-09
706.0950171462556,202.78780732002633,4.220707775968632,-95.73786867703242,-178.76564350803937,-1.1400211386683193e-09
706.5950171462556,203.28751341317005,4.220792677495731,-95.95856900113569,-179.2143022890865,-1.1400213700366504e-09
707.0950171462556,203.7872209429597,4.2208771626486215,-96.17926931508127,-179.66296105116305,-1.1400212208932804e-09
707.5950171462556,204.28692989890507,4.220961234481605,-96.39996961897018,-180.11161979445353,-1.1400213396595816e-09
708.0950171462556,204.78664027061785,4.221044896019196,-96.62066991290185,-180.56027851914027,-1.1400212913137623e-09
708.5950171462556,205.2863520478103,4.221128150256481,-96.84137019697474,-181.00893722540334,-1.1400211914562038e-09
709.0950171462556,205.78606522029412,4.221211000159479,-97.06207047128602,-181.45759591342065,-1.140021582449354e-09
709.5950171462556,206.2857797779792,4.221293448665489,-97.28277073593156,-181.90625458336805,-1.1400213562872385e-09
710.0950171462556,206.78549571087245,4.221375498683439,-97.50347099100635,-182.35491323541913,-1.1400212143538277e-09
710.5950171462556,207.28521300907664,4.221457153094227,-97.72417123660384,-182.8035718697455,-1.1400209317327113e-09
711.0950171462556,207.78493166278926,4.221538414751059,-97.94487147281662,-183.25223048651668,-1.140021032168644e-09
711.5950171462556,208.28465166230143,4.221619286479779,-98.165571699736,-183.7008890859003,-1.140021222764106e-09
712.0950171462556,208.78437299799666,4.221699771079196,-98.38627191745232,-184.1495476680617,-1.1400211065989137e-09
712.5950171462556,209.2840956603499,4.2217798713214085,-98.6069721260547,-184.59820623316457,-1.1400213182447697e-09
713.0950171462556,209.78381963992635,4.22185958995212,-98.8276723256312,-185.0468647813705,-1.140021341454305e-09
713.5950171462556,210.2835449273805,4.221938929690954,-99.04837251626888,-185.49552331283923,-1.140021540914717e-09
714.0950171462556,210.7832715134549,4.222017893231762,-99.2690726980537,-185.94418182772856,-1.14002130898167e-09
714.5950171462556,211.28299938897936,4.222096483242926,-99.48977287107061,-186.3928403261945,-1.140021183096e-09
715.0950171462556,211.7827285448697,4.222174702367664,-99.71047303540352,-186.84149880839118,-1.1400213185367194e-09
715.5950171462556,212.28245897212696,4.222252553224321,-99.93117319113544,-187.29015727447094,-1.1400214103893955e-09
716.0950171462556,212.78219066183615,4.22233003840666,-100.15187333834828,-187.73881572458436,-1.1400215566622996e-09
716.5950171462556,213.28192360516553,4.222407160484156,-100.37257347712313,-188.18747415888015,-1.1400215764310388e-09
717.0950171462556,213.78165779336544,4.222483922002273,-100.59327360753991,-188.63613257750546,-1.1400214040311197e-09
717.5950171462556,214.2813932177675,4.222560325482748,-100.81397372967757,-189.08479098060576,-1.1400216477158696e-09
718.0950171462556,214.78112986978354,4.222636373423863,-101.03467384361433,-189.5334493683247,-1.1400215967166363e-09
718.5950171462556,215.2808677409048,4.22271206830072,-101.25537394942742,-189.98210774080425,-1.1400214347397012e-09
719.0950171462556,215.7806068227009,4.222787412565508,-101.47607404719318,-190.43076609818488,-1.1400216698421214e-09
719.5950171462556,216.28034710681897,4.222862408647767,-101.6967741369871,-190.87942444060525,-1.1400217583181809e-09
720.0950171462556,216.78008858498285,4.222937058954651,-101.91747421888356,-191.32808276820268,-1.1400215196949642e-09
720.5950171462556,217.27983124899214,4.223011365871181,-102.13817429295631,-191.77674108111282,-1.1400217529329923e-09
721.0950171462556,217.77957509072127,4.223085331760503,-102.35887435927816,-192.22539937946965,-1.1400217831927414e-09
721.5950171462556,218.27932010211876,4.223158958964135,-102.57957441792102,-192.67405766340582,-1.1400215570142815e-09
722.0950171462556,218.77906627520636,4.223232249802217,-102.80027446895625,-193.12271593305226,-1.140021587411794e-09
722.5950171462556,219.27881360207815,4.22330520657375,-103.02097451245385,-193.5713741885387,-1.140021869522819e-09
723.0950171462556,219.77856207489975,4.22337783155684,-103.24167454848352,-194.0200324299931,-1.1400217564358102e-09
723.5950171462556,220.2783116859076,4.223450127008935,-103.46237457711385,-194.4686906575422,-1.1400219253066606e-09
724.0950171462556,220.77806242740803,4.223522095167052,-103.68307459841287,-194.91734887131116,-1.1400218963310989e-09
724.5950171462556,221.2778142917766,4.2235937382480175,-103.9037746124476,-195.3660070714239,-1.1400219749549728e-09
725.0950171462556,221.77756727145717,4.223665058448687,-104.12447461928444,-195.8146652580028,-1.1400217676752957e-09
725.5950171462556,222.27732135896133,4.223736057946172,-104.34517461898919,-196.2633234311689,-1.140021787123561e-09
726.0950171462556,222.77707654686745,4.2238067388980625,-104.56587461162644,-196.71198159104202,-1.1400217797347302e-09
726.5950171462556,223.27683282782007,4.223877103442642,-104.78657459726057,-197.1606397377404,-1.1400217601867994e-09
727.0950171462556,223.77659019452912,4.223947153699107,-105.00727457595475,-197.60929787138124,-1.140021914727563e-09
727.5950171462556,224.27634863976922,4.224016891767775,-105.22797454777184,-198.05795599208025,-1.1400218669564684e-09
728.0950171462556,224.7761081563789,4.224086319730298,-105.44867451277385,-198.50661409995192,-1.1400217148361569e-09
728.5950171462556,225.27586873725997,4.224155439649867,-105.66937447102204,-198.95527219510947,-1.1400217814738409e-09
729.0950171462556,225.77563037537672,4.2242242535714185,-105.89007442257689,-199.40393027766493,-1.1400218452860885e-09
729.5950171462556,226.27539306375542,4.224292763521832,-106.11077436749848,-199.85258834772904,-1.14002185582069e-09
730.0950171462556,226.7751567954834,4.224360971510132,-106.33147430584596,-200.30124640541132,-1.1400217216968636e-09
730.5950171462556,227.27492156370863,4.224428879527683,-106.55217423767802,-200.74990445082017,-1.1400216369768627e-09
731.0950171462556,227.77468736163885,4.224496489548385,-106.77287416305244,-201.19856248406273,-1.140021802215923e-09
731.5950171462556,228.274454182541,4.22456380352886,-106.99357408202671,-201.64722050524495,-1.1400219239719503e-09
732.0950171462556,228.77422201974062,4.224630823408646,-107.21427399465735,-202.0958785144717,-1.1400217471409552e-09
732.5950171462556,229.27399086662115,4.224697551110377,-107.4349739010005,-202.54453651184676,-1.1400219555619434e-09
733.0950171462556,229.77376071662334,4.224763988539973,-107.6556738011116,-202.9931944974726,-1.140021782604403e-09
733.5950171462556,230.2735315632446,4.2248301375868165,-107.87637369504549,-203.44185247145072,-1.1400218100843352e-09
734.0950171462556,230.77330340003843,4.224896000123935,-108.09707358285623,-203.89051043388153,-1.1400217956484749e-09
734.5950171462556,231.27307622061377,4.224961578008173,-108.31777346459755,-204.33916838486437,-1.1400217531235267e-09
735.0950171462556,231.77285001863444,4.225026873080371,-108.53847334032257,-204.7878263244974,-1.1400217099223055e-09
735.5950171462556,232.27262478781856,4.225091887165535,-108.75917321008376,-205.23648425287777,-1.1400220312088088e-09
736.0950171462556,232.77240052193793,4.225156622073007,-108.97987307393275,-205.6851421701018,-1.140021949992962e-09
736.5950171462556,233.27217721481748,4.225221079596631,-109.2005729319211,-206.13380007626452,-1.140021760237466e-09
737.0950171462556,233.7719548603347,4.225285261514922,-109.42127278409953,-206.58245797146,-1.1400220065096804e-09
737.5950171462556,234.2717334524191,4.225349169591227,-109.64197263051827,-207.03111585578142,-1.1400221438582621e-09
738.0950171462556,234.7715129850517,4.225412805573885,-109.86267247122697,-207.4797737293209,-1.1400220234530453e-09
738.5950171462556,235.2712934522643,4.225476171196391,-110.08337230627481,-207.9284315921696,-1.1400220561252065e-09
739.0950171462556,235.7710748481392,4.225539268177546,-110.30407213571043,-208.3770894444177,-1.1400220093959173e-09
739.5950171462556,236.27085716680847,4.225602098221621,-110.52477195958178,-208.82574728615447,-1.140022101967304e-09
740.0950171462556,236.77064040245352,4.225664663018502,-110.74547177793661,-209.27440511746823,-1.1400220349704738e-09
740.5950171462556,237.27042454930458,4.225726964243847,-110.96617159082189,-209.7230629384463,-1.1400220415725743e-09
741.0950171462556,237.77020960164018,4.225789003559233,-111.18687139828421,-210.17172074917525,-1.1400221227307907e-09
741.5950171462556,238.26999555378657,4.2258507826123015,-111.40757120036982,-210.62037854974054,-1.1400219771463994e-09
742.0950171462556,238.7697824001174,4.225912303036911,-111.62827099712405,-211.06903634022694,-1.1400219837100257e-09
742.5950171462556,239.26957013505304,4.225973566453274,-111.84897078859213,-211.51769412071826,-1.1400220325342693e-09
743.0950171462556,239.7693587530602,4.226034574468102,-112.0696705748187,-211.96635189129736,-1.1400220693904896e-09
743.5950171462556,240.26914824865142,4.226095328674744,-112.29037035584797,-212.41500965204634,-1.1400216770673335e-09
744.0950171462556,240.76893861638462,4.226155830653329,-112.51107013172376,-212.86366740304632,-1.140022059596777e-09
744.5950171462556,241.26872985086257,4.2262160819708985,-112.73176990248902,-213.31232514437787,-1.1400220649625465e-09
745.0950171462556,241.7685219467325,4.226276084181545,-112.95246966818665,-213.76098287612044,-1.1400221568991746e-09
745.5950171462556,242.26831489868565,4.226335838826541,-113.17316942885914,-214.20964059835276,-1.1400218827432238e-09
746.0950171462556,242.76810870145673,4.226395347434478,-113.3938691845483,-214.65829831115278,-1.1400219287571633e-09
746.5950171462556,243.26790334982354,4.226454611521389,-113.6145689352955,-215.10695601459773,-1.1400220785713097e-09
747.0950171462556,243.76769883860658,4.226513632590881,-113.83526868114195,-215.55561370876384,-1.1400220961519721e-09
747.5950171462556,244.26749516266847,4.226572412134263,-114.0559684221282,-216.00427139372675,-1.140022017840313e-09
748.0950171462556,244.76729231691365,4.2266309516306695,-114.2766681582943,-216.45292906956132,-1.140022201903759e-09
748.5950171462556,245.2670902962879,4.226689252547184,-114.49736788968022,-216.9015867363415,-1.1400219679214736e-09
749.0950171462556,245.76688909577797,4.226747316338964,-114.71806761632524,-217.35024439414065,-1.1400221667458588e-09
749.5950171462556,246.26668871041107,4.22680514444936,-114.93876733826829,-217.7989020430313,-1.1400222034739479e-09
750.0950171462556,246.7664891352546,4.226862738310033,-115.15946705554794,-218.24755968308534,-1.140022358597282e-09
750.5950171462556,247.2662903654156,4.226920099341078,-115.38016676820241,-218.69621731437385,-1.1400221394853497e-09
751.0950171462556,247.76609239604048,4.226977228951136,-115.60086647626945,-219.14487493696717,-1.1400222839339024e-09
751.5950171462556,248.2658952223145,4.22703412853751,-115.82156617978647,-219.59353255093507,-1.1400222415097097e-09
752.0950171462556,248.7656988394615,4.22709079948628,-116.0422658787906,-220.04219015634644,-1.1400222807605545e-09
752.5950171462556,249.26550324274345,4.227147243172416,-116.26296557331835,-220.49084775326966,-1.1400222527059924e-09
753.0950171462556,249.7653084274601,4.227203460959886,-116.4836652634061,-220.93950534177227,-1.140022230354858e-09
753.5950171462556,250.26511438894855,4.227259454201769,-116.70436494908957,-221.3881629219214,-1.1400220131670175e-09
754.0950171462556,250.7649211225829,4.227315224240361,-116.92506463040445,-221.83682049378316,-1.1400221479987916e-09
754.5950171462556,251.264728623774,4.227370772407285,-117.14576430738593,-222.2854780574232,-1.1400220761108486e-09
755.0950171462556,251.7645368879689,4.227426100023595,-117.36646398006863,-222.73413561290667,-1.14002192781666e-09
755.5950171462556,252.26434591065058,4.227481208399879,-117.5871636484872,-223.18279316029776,-1.140021852493472e-09
756.0950171462556,252.76415568733765,4.227536098836365,-117.80786331267575,-223.63145069966023,-1.1400217958466049e-09
756.5950171462556,253.26396621358393,4.227590772623022,-118.02856297266821,-224.08010823105712,-1.1400217869257645e-09
757.0950171462556,253.76377748497808,4.227645231039663,-118.24926262849777,-224.528765754551,-1.140021503754847e-09
757.5950171462556,254.26358949714333,4.227699475356041,-118.46996228019775,-224.9774232702036,-1.1400215636345333e-09
758.0950171462556,254.76340224573715,4.2277535068319505,-118.69066192780102,-225.42608077807614,-1.1400217924183877e-09
758.5950171462556,255.26321572645082,4.227807326717325,-118.91136157133982,-225.87473827822947,-1.140021386592201e-09
759.0950171462556,255.76302993500917,4.22786093625233,-119.13206121084647,-226.32339577072347,-1.1400213724926516e-09
759.5950171462556,256.26284486717026,4.227914336667462,-119.35276084635272,-226.7720532556177,-1.1400216976410237e-09
760.0950171462556,256.76266051872506,4.227967529183642,-119.57346047789005,-227.22071073297107,-1.1400218958873847e-09
760.5950171462556,257.2624768854971,4.228020515012306,-119.7941601054899,-227.66936820284187,-1.1400217900873497e-09
761.0950171462556,257.7622939633422,4.228073295355498,-120.014859729183,-228.11802566528792,-1.1400215649416862e-09
761.5950171462556,258.262111748148,4.228125871405963,-120.23555934899987,-228.56668312036646,-1.1400218322340573e-09
762.0950171462556,258.761930235834,4.228178244347234,-120.45625896497091,-229.01534056813415,-1.1400217678820588e-09
762.5950171462556,259.26174942235076,4.228230415353721,-120.67695857712614,-229.46399800864705,-1.1400218327445049e-09
763.0950171462556,259.7615693036802,4.228282385590801,-120.89765818549526,-229.9126554419608,-1.1400219018411299e-09
763.5950171462556,260.26138987583465,4.228334156214902,-121.11835779010774,-230.3613128681304,-1.1400219193579606e-09
764.0950171462556,260.7612111348572,4.228385728373589,-121.33905739099264,-230.80997028721046,-1.1400220654624899e-09
764.5950171462556,261.26103307682087,4.228437103205652,-121.55975698817899,-231.25862769925484,-1.1400219759239576e-09
765.0950171462556,261.7608556978287,4.228488281841184,-121.78045658169528,-231.70728510431718,-1.1400220341826492e-09
765.5950171462556,262.2606789940131,4.22853926540167,-122.00115617156966,-232.15594250245044,-1.1400220829049987e-09
766.0950171462556,262.76050296153613,4.228590055000065,-122.2218557578303,-232.60459989370707,-1.140022030319324e-09
766.5950171462556,263.2603275965886,4.228640651740873,-122.44255534050508,-233.05325727813909,-1.1400220047781587e-09
767.0950171462556,263.7601528953901,4.228691056720235,-122.66325491962125,-233.501914655798,-1.1400221811915176e-09
767.5950171462556,264.2599788541889,4.228741271025998,-122.88395449520627,-233.95057202673482,-1.1400220812862168e-09
768.0950171462556,264.75980546926127,4.2287912957378015,-123.10465406728696,-234.39922939100006,-1.1400222212759632e-09
768.5950171462556,265.25963273691156,4.228841131927148,-123.32535363589018,-234.84788674864382,-1.140022237874088e-09
769.0950171462556,265.75946065347176,4.228890780657487,-123.54605320104218,-235.2965440997157,-1.1400222089776967e-09
769.5950171462556,266.2592892153013,4.228940242984282,-123.76675276276927,-235.74520144426484,-1.140022257342276e-09
770.0950171462556,266.7591184187868,4.228989519955093,-123.98745232109742,-236.19385878233984,-1.140022188408002e-09
770.5950171462556,267.2589482603418,4.229038612609643,-124.20815187605255,-236.64251611398896,-1.1400224317465555e-09
771.0950171462556,267.75877873640655,4.2290875219799,-124.42885142765992,-237.09117343926,-1.140022324850732e-09
771.5950171462556,268.25860984344763,4.229136249090141,-124.64955097594475,-237.53983075820022,-1.1400225925113116e-09
772.0950171462556,268.7584415779579,4.229184794957027,-124.8702505209321,-237.98848807085665,-1.1400220708320912e-09
772.5950171462556,269.2582739364561,4.229233160589675,-125.09095006264681,-238.43714537727553,-1.1400223036441753e-09
773.0950171462556,269.7581069154866,4.2292813469897235,-125.31164960111327,-238.88580267750302,-1.1400225588076082e-09
773.5950171462556,270.2579405116195,4.229329355151407,-125.53234913635589,-239.33445997158478,-1.140022576537232e-09
774.0950171462556,270.75777472144983,4.22937718606162,-125.7530486683987,-239.7831172595659,-1.1400225995950611e-09
774.5950171462556,271.2576095415978,4.229424840699987,-125.9737481972655,-240.23177454149123,-1.1400226468773322e-09
775.0950171462556,271.7574449687083,4.229472320038927,-126.19444772298006,-240.68043181740504,-1.1400227145852855e-09
775.5950171462556,272.25728099945076,4.229519625043724,-126.41514724556563,-241.12908908735142,-1.1400226558867172e-09
776.0950171462556,272.75711763051896,4.229566756672587,-126.6358467650454,-241.5777463513738,-1.1400229113532854e-09
776.5950171462556,273.2569548586308,4.229613715876717,-126.85654628144262,-242.0264036095153,-1.1400225147096136e-09
777.0950171462556,273.75679268052806,4.229660503600372,-127.07724579477974,-242.47506086181886,-1.1400225743677143e-09
777.5950171462556,274.25663109297614,4.22970712078093,-127.29794530507952,-242.92371810832674,-1.1400227933310596e-09
778.0950171462556,274.7564700927639,4.229753568348948,-127.5186448123643,-243.37237534908093,-1.140022700811302e-09
778.5950171462556,275.2563096767034,4.2297998472282305,-127.73934431665604,-243.82103258412312,-1.1400227251609867e-09
779.0950171462556,275.7561498416298,4.229845958335884,-127.96004381797695,-244.26968981349444,-1.140022810132968e-09
779.5950171462556,276.255990584401,4.229891902582381,-128.1807433163486,-244.71834703723584,-1.1400225572123604e-09
780.0950171462556,276.7558319018976,4.22993768087162,-128.40144281179246,-245.1670042553879,-1.1400225321324638e-09
780.5950171462556,277.2556737910225,4.229983294100983,-128.62214230433008,-245.61566146799055,-1.140022827425868e-09
781.0950171462556,277.7555162487009,4.230028743161397,-128.84284179398244,-246.06431867508377,-1.1400228875437137e-09
781.5950171462556,278.25535927188,4.230074028937388,-129.0635412807706,-246.51297587670683,-1.1400225779424065e-09
782.0950171462556,278.7552028575288,4.23011915230714,-129.28424076471524,-246.96163307289893,-1.1400227610254656e-09
782.5950171462556,279.25504700263787,4.230164114142555,-129.504940245837,-247.41029026369876,-1.1400228392976447e-09
783.0950171462556,279.75489170421923,4.230208915309303,-129.7256397241563,-247.8589474491446,-1.1400228175048408e-09
783.5950171462556,280.25473695930623,4.230253556666883,-129.94633919969343,-248.30760462927458,-1.1400227777635918e-09
784.0950171462556,280.7545827649531,4.230298039068673,-130.16703867246835,-248.75626180412632,-1.1400224929576969e-09
784.5950171462556,281.2544291182351,4.2303423633619905,-130.38773814250092,-249.20491897373728,-1.1400225751171637e-09
785.0950171462556,281.75427601624807,4.230386530388141,-130.60843760981072,-249.65357613814444,-1.1400226575552212e-09
785.5950171462556,282.25412345610835,4.230430540982471,-130.82913707441745,-250.1022332973845,-1.1400226491269708e-09
786.0950171462556,282.7539714349526,4.2304743959744275,-131.04983653634008,-250.55089045149396,-1.1400225353824174e-09
786.5950171462556,283.25381994993757,4.230518096187599,-131.2705359955982,-250.99954760050863,-1.1400224619392215e-09
787.0950171462556,283.75366899824013,4.2305616424397785,-131.49123545221042,-251.4482047444646,-1.140022198272568e-09
787.5950171462556,284.25351857705675,4.230605035543006,-131.7119349061957,-251.89686188339707,-1.1400222850143608e-09
788.0950171462556,284.75336868360364,4.230648276303621,-131.9326343575728,-252.3455190173412,-1.140022109178153e-09
788.5950171462556,285.2532193151164,4.2306913655223175,-132.1533338063601,-252.79417614633184,-1.1400221641193287e-09
789.0950171462556,285.75307046884984,4.230734303994186,-132.37403325257588,-253.2428332704035,-1.1400223194270266e-09
789.5950171462556,286.252922142078,4.2307770925087675,-132.59473269623834,-253.69149038959046,-1.1400222710579935e-09
790.0950171462556,286.75277433209374,4.230819731850099,-132.81543213736532,-254.1401475039266,-1.1400222772836418e-09
790.5950171462556,287.25262703620876,4.2308622227967625,-133.03613157597482,-254.5888046134456,-1.1400221684352745e-09
791.0950171462556,287.75248025175335,4.230904566121932,-133.2568310120845,-255.03746171818068,-1.1400220798558596e-09
791.5950171462556,288.2523339760763,4.230946762593422,-133.47753044571192,-255.4861188181649,-1.1400220453475495e-09
792.0950171462556,288.7521882065446,4.23098881297373,-133.69822987687436,-255.93477591343114,-1.1400220798964253e-09
792.5950171462556,289.2520429405434,4.2310307180200875,-133.91892930558916,-256.38343300401175,-1.140022330851719e-09
793.0950171462556,289.7518981754759,4.231072478484501,-134.1396287318734,-256.83209008993896,-1.1400223287065757e-09
793.5950171462556,290.2517539087631,4.2311140951138,-134.36032815574382,-257.2807471712448,-1.1400221237792067e-09
794.0950171462556,290.7516101378435,4.23115556864968,-134.58102757721733,-257.7294042479608,-1.1400221073504283e-09
794.5950171462556,291.25146686017337,4.231196899828745,-134.80172699631055,-258.1780613201184,-1.1400219231176539e-09
795.0950171462556,291.7513240732262,4.231238089382554,-135.02242641304002,-258.62671838774867,-1.1400223383771426e-09
795.5950171462556,292.2511817744928,4.231279138037665,-135.24312582742206,-259.0753754508825,-1.1400220592223169e-09
796.0950171462556,292.75103996148096,4.231320046515672,-135.4638252394727,-259.5240325095505,-1.1400222305759352e-09
796.5950171462556,293.2508986317155,4.231360815533255,-135.68452464920813,-259.97268956378304,-1.140022104992184e-09
797.0950171462556,293.7507577827379,4.231401445802213,-135.90522405664433,-260.42134661361007,-1.1400220202619971e-09
797.5950171462556,294.25061741210635,4.231441938029514,-136.12592346179696,-260.8700036590615,-1.1400220188297058e-09
798.0950171462556,294.75047751739555,4.23148229291733,-136.34662286468162,-261.31866070016696,-1.1400220606780234e-09
798.5950171462556,295.2503380961966,4.231522511163081,-136.567322265314,-261.7673177369556,-1.1400222197057197e-09
799.0950171462556,295.75019914611676,4.231562593459471,-136.78802166370963,-262.21597476945647,-1.1400219851160044e-09
799.5950171462556,296.2500606647794,4.231602540494535,-137.00872105988344,-262.6646317976985,-1.1400220355158915e-09
800.0950171462556,296.74992264982393,4.2316423529516705,-137.22942045385065,-263.11328882171034,-1.1400219590025538e-09
800.5950171462556,297.2497850989055,4.23168203150968,-137.45011984562643,-263.5619458415202,-1.1400219535576525e-09
801.0950171462556,297.74964800969485,4.231721576842812,-137.6708192352254,-264.01060285715624,-1.1400220131860253e-09
801.5950171462556,298.24951137987847,4.231760989620793,-137.8915186226625,-264.45925986864626,-1.1400221172673806e-09
802.0950171462556,298.7493752071582,4.231800270508871,-138.1122180079522,-264.907916876018,-1.1400220576219178e-09
802.5950171462556,299.24923948925124,4.231839420167851,-138.33291739110908,-265.35657387929894,-1.1400217939188088e-09
803.0950171462556,299.7491042238898,4.231878439254129,-138.55361677214756,-265.805230878516,-1.1400217812327967e-09
803.5950171462556,300.24896940882127,4.231917328419735,-138.77431615108182,-266.2538878736964,-1.1400218239326462e-09
804.0950171462556,300.748835041808,4.231956088312364,-138.995015527926,-266.7025448648667,-1.1400219418250792e-09
804.5950171462556,301.248701120627,4.231994719575413,-139.21571490269415,-267.15120185205353,-1.1400220309194196e-09
805.0950171462556,301.7485676430701,4.232033222848018,-139.43641427540015,-267.5998588352831,-1.1400218714590999e-09
805.5950171462556,302.2484346069436,4.2320715987650885,-139.65711364605767,-268.04851581458155,-1.140021769021309e-09
806.0950171462556,302.74830201006824,4.232109847957342,-139.87781301468056,-268.49717278997474,-1.140021999341018e-09
806.5950171462556,303.2481698502791,4.232147971051338,-140.0985123812824,-268.9458297614882,-1.140021987177716e-09
807.0950171462556,303.7480381254255,4.232185968669516,-140.31921174587654,-269.3944867291475,-1.1400220865280694e-09
807.5950171462556,304.2479068333708,4.232223841430222,-140.53991110847628,-269.8431436929778,-1.1400221186319424e-09
808.0950171462556,304.7477759719923,4.2322615899477505,-140.7606104690947,-270.2918006530043,-1.1400221968264013e-09
808.5950171462556,305.24764553918124,4.232299214832371,-140.98130982774512,-270.7404576092516,-1.1400222199392594e-09
809.0950171462556,305.7475155328425,4.232336716690364,-141.20200918444044,-271.1891145617445,-1.140022174831154e-09
809.5950171462556,306.2473859508947,4.232374096124054,-141.42270853919356,-271.63777151050726,-1.140022225774666e-09
810.0950171462556,306.7472567912699,4.232411353731838,-141.6434078920174,-272.0864284555642,-1.1400220462841947e-09
810.5950171462556,307.2471280519136,4.232448490108224,-141.8641072429246,-272.5350853969393,-1.1400221467612465e-09
811.0950171462556,307.74699973078464,4.232485505843856,-142.08480659192756,-272.9837423346564,-1.1400221757909497e-09
811.5950171462556,308.24687182585495,4.232522401525548,-142.30550593903902,-273.4323992687391,-1.1400222378650708e-09
812.0950171462556,308.74674433510967,4.232559177736317,-142.5262052842711,-273.88105619921106,-1.1400222410990726e-09
812.5950171462556,309.24661725654687,4.23259583505541,-142.74690462763635,-274.32971312609516,-1.1400222612425461e-09
813.0950171462556,309.7464905881775,4.232632374058335,-142.96760396914678,-274.7783700494148,-1.140022183864622e-09
813.5950171462556,310.24636432802527,4.232668795316896,-143.18830330881428,-275.2270269691928,-1.1400221446710686e-09
814.0950171462556,310.7462384741265,4.232705099399215,-143.40900264665117,-275.67568388545175,-1.1400223444473724e-09
814.5950171462556,311.2461130245303,4.232741286869769,-143.629701982669,-276.1243407982143,-1.1400224602185314e-09
815.0950171462556,311.74598797729806,4.232777358289411,-143.8504013168799,-276.5729977075026,-1.140022255242835e-09
815.5950171462556,312.2458633305036,4.2328133142154085,-144.0711006492954,-277.0216546133391,-1.1400223062494613e-09
816.0950171462556,312.74573908223294,4.232849155201466,-144.29179997992688,-277.4703115157456,-1.1400222648855654e-09
816.5950171462556,313.2456152305844,4.2328848817977525,-144.51249930878615,-277.91896841474386,-1.140022263952385e-09
817.0950171462556,313.74549177366833,4.232920494550934,-144.73319863588455,-278.3676253103557,-1.1400222608217106e-09
817.5950171462556,314.2453687096071,4.2329559940042,-144.95389796123337,-278.81628220260245,-1.1400221255958577e-09
818.0950171462556,314.7452460365348,4.232991380697289,-145.1745972848438,-279.2649390915054,-1.1400224100496086e-09
818.5950171462556,315.2451237525975,4.233026655166517,-145.39529660672684,-279.7135959770859,-1.1400221186767824e-09
819.0950171462556,315.745001855953,4.233061817944805,-145.61599592689385,-280.1622528593647,-1.1400223780290631e-09
819.5950171462556,316.2448803447705,4.233096869561708,-145.83669524535543,-280.6109097383627,-1.1400224092980807e-09
820.0950171462556,316.7447592172308,4.233131810543434,-146.05739456212265,-281.0595666141004,-1.1400225492378657e-09
820.5950171462556,317.2446384715263,4.233166641412881,-146.27809387720637,-281.50822348659835,-1.140022317983127e-09
821.0950171462556,317.7445181058605,4.233201362689654,-146.4987931906171,-281.95688035587693,-1.1400223803202004e-09
821.5950171462556,318.2443981184483,4.2332359748900945,-146.71949250236574,-282.40553722195614,-1.1400223782815079e-09
822.0950171462556,318.74427850751573,4.2332704785273085,-146.94019181246264,-282.8541940848561,-1.1400223051733105e-09
822.5950171462556,319.24415927129985,4.233304874111187,-147.16089112091822,-283.3028509445966,-1.1400224841081812e-09
823.0950171462556,319.74404040804876,4.233339162148436,-147.38159042774268,-283.7515078011975,-1.1400224705854396e-09
823.5950171462556,320.2439219160214,4.233373343142595,-147.6022897329466,-284.200164654678,-1.1400224954611451e-09
824.0950171462556,320.74380379348764,4.2334074175940675,-147.82298903653992,-284.64882150505787,-1.1400223733153847e-09
824.5950171462556,321.24368603872796,4.233441386000143,-148.04368833853314,-285.09747835235595,-1.1400225651304467e-09
825.0950171462556,321.7435686500335,4.233475248855022,-148.264387638936,-285.5461351965916,-1.1400225377935736e-09
825.5950171462556,322.24345162570614,4.2335090066498395,-148.48508693775852,-285.9947920377836,-1.1400224689700307e-09
826.0950171462556,322.743334964058,4.233542659872688,-148.7057862350105,-286.44344887595093,-1.1400225793523419e-09
826.5950171462556,323.2432186634118,4.233576209008641,-148.92648553070202,-286.89210571111204,-1.1400223894212518e-09
827.0950171462556,323.7431027221005,4.233609654539778,-149.1471848248426,-287.34076254328545,-1.1400226510272495e-09
827.5950171462556,324.24298713846724,4.233642996945208,-149.36788411744186,-287.7894193724896,-1.1400224437035054e-09
828.0950171462556,324.74287191086546,4.233676236701087,-149.58858340850955,-288.2380761987426,-1.140022545699515e-09
828.5950171462556,325.24275703765863,4.233709374280648,-149.80928269805506,-288.68673302206264,-1.1400223364466513e-09
829.0950171462556,325.7426425172203,4.233742410154219,-150.02998198608788,-289.1353898424676,-1.1400224910925634e-09
829.5950171462556,326.24252834793384,4.2337753447892466,-150.25068127261721,-289.5840466599754,-1.1400224384643035e-09
830.0950171462556,326.7424145281925,4.233808178650316,-150.47138055765254,-290.0327034746035,-1.1400224735921162e-09
830.5950171462556,327.24230105639947,4.233840912199176,-150.69207984120297,-290.4813602863697,-1.1400223638491941e-09
831.0950171462556,327.7421879309674,4.233873545894758,-150.9127791232778,-290.930017095291,-1.140022540436412e-09
831.5950171462556,328.24207515031884,4.233906080193201,-151.13347840388585,-291.3786739013851,-1.1400224214672145e-09
832.0950171462556,328.7419627128857,4.233938515547868,-151.35417768303623,-291.827330704669,-1.1400223053864563e-09
832.5950171462556,329.2418506171095,4.23397085240937,-151.5748769607379,-292.2759875051596,-1.1400222534145148e-09
833.0950171462556,329.7417388614411,4.234003091225587,-151.7955762369998,-292.7246443028738,-1.140022208638803e-09
833.5950171462556,330.24162744434074,4.234035232441687,-152.0162755118306,-293.1733010978284,-1.1400220029901394e-09
834.0950171462556,330.741516364278,4.234067276500148,-152.23697478523925,-293.62195789004,-1.1400221855718145e-09
834.5950171462556,331.24140561973167,4.2340992238407775,-152.45767405723427,-294.0706146795251,-1.1400221532786942e-09
835.0950171462556,331.7412952091895,4.234131074900734,-152.67837332782418,-294.5192714663001,-1.1400220236996491e-09
835.5950171462556,332.24118513114854,4.234162830114545,-152.8990725970176,-294.96792825038125,-1.1400223945648854e-09
836.0950171462556,332.7410753841147,4.234194489914126,-153.11977186482306,-295.4165850317846,-1.1400219659649746e-09
836.5950171462556,333.2409659666029,4.234226054728803,-153.34047113124902,-295.8652418105263,-1.140021907681874e-09
837.0950171462556,333.7408568771369,4.234257524985333,-153.5611703963035,-296.3138985866222,-1.1400221782473273e-09
837.5950171462556,334.2407481142492,4.234288901107916,-153.7818696599951,-296.76255536008796,-1.140021973164406e-09
838.0950171462556,334.7406396764812,4.234320183518221,-154.00256892233185,-297.2112121309394,-1.1400219159138186e-09
838.5950171462556,335.2405315623828,4.2343513726354045,-154.2232681833219,-297.65986889919196,-1.1400220383174192e-09
839.0950171462556,335.7404237705126,4.234382468876124,-154.44396744297347,-298.1085256648611,-1.140021905860924e-09
839.5950171462556,336.24031629943784,4.234413472654561,-154.66466670129475,-298.55718242796206,-1.1400219053766406e-09
840.0950171462556,336.740209147734,4.2344443843824395,-154.88536595829342,-299.0058391885101,-1.1400220406505097e-09
840.5950171462556,337.2401023139852,4.234475204469042,-155.10606521397753,-299.4544959465203,-1.1400216907847188e-09
841.0950171462556,337.7399957967838,4.23450593332123,-155.3267644683549,-299.9031527020077,-1.1400217317144007e-09
841.5950171462556,338.2398895947304,4.234536571343457,-155.54746372143322,-300.351809454987,-1.1400218735501022e-09
842.0950171462556,338.7397837064341,4.234567118937794,-155.76816297322037,-300.8004662054731,-1.1400217459618925e-09
842.5950171462556,339.23967813051183,4.23459757650394,-155.98886222372394,-301.2491229534807,-1.1400216577657346e-09
843.0950171462556,339.7395728655889,4.234627944439242,-156.20956147295155,-301.69777969902424,-1.1400215632337626e-09
843.5950171462556,340.2394679102986,4.234658223138714,-156.43026072091087,-302.14643644211816,-1.1400215737504319e-09
844.0950171462556,340.73936326328203,4.234688412995052,-156.65095996760945,-302.5950931827766,-1.140021786773905e-09
844.5950171462556,341.2392589231885,4.234718514398651,-156.87165921305456,-303.0437499210141,-1.1400214865431287e-09
845.0950171462556,341.7391548886751,4.234748527737622,-157.09235845725382,-303.4924066568446,-1.1400215630710154e-09
845.5950171462556,342.2390511584067,4.234778453397812,-157.31305770021427,-303.94106339028224,-1.1400215283619021e-09
846.0950171462556,342.738947731056,4.234808291762814,-157.53375694194338,-304.3897201213409,-1.1400216806336741e-09
846.5950171462556,343.23884460530326,4.234838043213988,-157.7544561824485,-304.8383768500342,-1.1400216088188482e-09
847.0950171462556,343.73874177983663,4.234867708130476,-157.9751554217367,-305.287033576376,-1.1400216668845501e-09
847.5950171462556,344.23863925335166,4.23489728688922,-158.19585465981524,-305.7356903003799,-1.1400215129507868e-09
848.0950171462556,344.7385370245516,4.234926779864974,-158.41655389669108,-306.1843470220594,-1.1400216234605654e-09
848.5950171462556,345.238435092147,4.234956187430324,-158.63725313237106,-306.633003741428,-1.1400215702669307e-09
849.0950171462556,345.738333454856,4.2349855099557,-158.85795236686243,-307.08166045849896,-1.1400215127981678e-09
849.5950171462556,346.23823211140405,4.235014747809394,-159.0786516001721,-307.5303171732855,-1.1400218087069808e-09
850.0950171462556,346.738131060524,4.2350439013575745,-159.2993508323067,-307.9789738858008,-1.1400217352217224e-09
850.5950171462556,347.23803030095587,4.2350729709643025,-159.52005006327332,-308.4276305960579,-1.1400216381321625e-09
851.0950171462556,347.737929831447,4.235101956991545,-159.7407492930788,-308.87628730406954,-1.1400217020326657e-09
851.5950171462556,348.2378296507518,4.235130859799193,-159.96144852172966,-309.32494400984876,-1.1400217550815187e-09
852.0950171462556,348.7377297576319,4.235159679745072,-160.18214774923254,-309.7736007134083,-1.1400219613513455e-09
852.5950171462556,349.2376301508559,4.235188417184962,-160.40284697559417,-310.22225741476086,-1.1400219378414661e-09
853.0950171462556,349.7375308291996,4.235217072472607,-160.62354620082124,-310.6709141139189,-1.140021968067583e-09
853.5950171462556,350.23743179144554,4.235245645959734,-160.84424542492008,-311.1195708108951,-1.1400217953227932e-09
854.0950171462556,350.73733303638335,4.235274137996062,-161.06494464789745,-311.5682275057016,-1.1400218731870303e-09
854.5950171462556,351.2372345628094,4.235302548929324,-161.28564386975955,-312.0168841983509,-1.1400219286469663e-09
855.0950171462556,351.73713636952704,4.235330879105273,-161.506343090513,-312.46554088885506,-1.140022007072567e-09
855.5950171462556,352.2370384553462,4.235359128867703,-161.72704231016377,-312.91419757722645,-1.1400217717455926e-09
856.0950171462556,352.73694081908366,4.235387298558456,-161.94774152871838,-313.362854263477,-1.1400217526795045e-09
856.5950171462556,353.23684345956286,4.235415388517442,-162.1684407461833,-313.8115109476186,-1.1400217205369457e-09
857.0950171462556,353.7367463756139,4.235443399082649,-162.38913996256443,-314.2601676296633,-1.140021868604217e-09
857.5950171462556,354.2366495660734,4.2354713305901575,-162.60983917786805,-314.70882430962274,-1.1400219587743818e-09
858.0950171462556,354.7365530297846,4.235499183374155,-162.83053839210027,-315.15748098750873,-1.1400218147287893e-09
858.5950171462556,355.23645676559715,4.235526957766947,-163.05123760526732,-315.6061376633329,-1.1400217826875508e-09
859.0950171462556,355.73636077236716,4.235554654098972,-163.2719368173752,-316.05479433710667,-1.1400218994391481e-09
859.5950171462556,356.2362650489572,4.2355822726988155,-163.49263602842976,-316.5034510088417,-1.1400218524914119e-09
860.0950171462556,356.7361695942361,4.23560981389322,-163.71333523843717,-316.9521076785493,-1.1400218967052748e-09
860.5950171462556,357.2360744070791,4.2356372780071,-163.93403444740318,-317.4007643462407,-1.1400217139417891e-09
861.0950171462556,357.7359794863677,4.235664665363554,-164.15473365533364,-317.8494210119272,-1.1400218155164437e-09
861.5950171462556,358.2358848309895,4.23569197628388,-164.37543286223445,-318.29807767562,-1.1400217611706462e-09
862.0950171462556,358.73579043983847,4.235719211087581,-164.59613206811142,-318.74673433733017,-1.1400219272788048e-09
862.5950171462556,359.23569631181454,4.235746370092386,-164.81683127296998,-319.1953909970687,-1.1400220301940941e-09
863.0950171462556,359.7356024458239,4.2357734536142555,-165.0375304768163,-319.6440476548465,-1.1400218965425481e-09
863.5950171462556,360.23550884077866,4.235800461967399,-165.25822967965578,-320.09270431067443,-1.1400219760607212e-09
864.0950171462556,360.73541549559707,4.235827395464282,-165.4789288814942,-320.54136096456324,-1.1400219737278551e-09
864.5950171462556,361.2353224092032,4.235854254415644,-165.69962808233703,-320.9900176165237,-1.1400218033941728e-09
865.0950171462556,361.73522958052723,4.235881039130504,-165.92032728218987,-321.43867426656635,-1.1400218775974097e-09
865.5950171462556,362.23513700850503,4.235907749916178,-166.14102648105822,-321.8873309147018,-1.1400219885796783e-09
866.0950171462556,362.7350446920785,4.235934387078287,-166.36172567894755,-322.33598756094045,-1.1400220289019507e-09
866.5950171462556,363.23495263019515,4.23596095092077,-166.58242487586335,-322.7846442052928,-1.1400219861293958e-09
867.0950171462556,363.7348608218085,4.235987441745896,-166.80312407181117,-323.23330084776904,-1.1400221297428409e-09
867.5950171462556,364.2347692658777,4.236013859854274,-167.0238232667962,-323.68195748837957,-1.140022046048937e-09
868.0950171462556,364.7346779613674,4.236040205544867,-167.24452246082356,-324.13061412713466,-1.1400218962285944e-09
868.5950171462556,365.23458690724823,4.236066479115001,-167.46522165389885,-324.57927076404434,-1.1400221066951134e-09
869.0950171462556,365.73449610249617,4.236092680860376,-167.68592084602702,-325.02792739911865,-1.1400218841100432e-09
869.5950171462556,366.2344055460929,4.2361188110750785,-167.90662003721354,-325.47658403236755,-1.1400221899284956e-09
870.0950171462556,366.7343152370256,4.236144870051591,-168.12731922746354,-325.92524066380105,-1.1400222293040102e-09
870.5950171462556,367.234225174287,4.236170858080805,-168.34801841678217,-326.3738972934289,-1.1400221244309595e-09
871.0950171462556,367.73413535687524,4.23619677545203,-168.56871760517444,-326.8225539212611,-1.1400221619000596e-09
871.5950171462556,368.2340457837939,4.236222622453005,-168.7894167926455,-327.2712105473071,-1.140022174477713e-09
872.0950171462556,368.7339564540519,4.236248399369909,-169.01011597920026,-327.71986717157677,-1.1400220817863264e-09
872.5950171462556,369.2338673666636,4.236274106487371,-169.2308151648441,-328.1685237940795,-1.1400220560785895e-09
873.0950171462556,369.7337785206486,4.236299744088481,-169.45151434958152,-328.61718041482493,-1.140022087477556e-09
873.5950171462556,370.2336899150319,4.2363253124548015,-169.67221353341787,-329.06583703382256,-1.1400220768934214e-09
874.0950171462556,370.7336015488436,4.236350811866376,-169.89291271635773,-329.51449365108175,-1.1400224178907171e-09
874.5950171462556,371.23351342111897,4.236376242601739,-170.11361189840616,-329.96315026661165,-1.140022257597307e-09
875.0950171462556,371.73342553089867,4.236401604937928,-170.33431107956793,-330.4118068804218,-1.1400222256487946e-09
875.5950171462556,372.2333378772284,4.236426899150493,-170.5550102598478,-330.8604634925214,-1.1400222803393322e-09
876.0950171462556,372.73325045915885,4.236452125513506,-170.7757094392506,-331.30912010291945,-1.1400222966023408e-09
876.5950171462556,373.233163275746,4.23647728429957,-170.99640861778084,-331.75777671162524,-1.1400223829843093e-09
877.0950171462556,373.73307632605065,4.23650237577983,-171.2171077954437,-332.20643331864756,-1.1400221736114614e-09
877.5950171462556,374.2329896091387,4.236527400223983,-171.4378069722434,-332.6550899239955,-1.1400223063340043e-09
878.0950171462556,374.7329031240811,4.236552357900288,-171.65850614818484,-333.10374652767797,-1.14002255380872e-09
878.5950171462556,375.2328168699536,4.236577249075572,-171.87920532327237,-333.55240312970386,-1.1400223927506256e-09
879.0950171462556,375.7327308458369,4.236602074015245,-172.09990449751095,-334.00105973008186,-1.1400223530520397e-09
879.5950171462556,376.2326450508166,4.236626832983306,-172.3206036709048,-334.4497163288208,-1.1400222036938497e-09
880.0950171462556,376.7325594839831,4.236651526242351,-172.5413028434587,-334.89837292592915,-1.1400224426357478e-09
880.5950171462556,377.2324741444317,4.236676154053588,-172.76200201517713,-335.3470295214157,-1.1400223213718374e-09
881.0950171462556,377.73238903126236,4.23670071667684,-172.9827011860643,-335.7956861152891,-1.1400225367756151e-09
881.5950171462556,378.2323041435799,4.236725214370557,-173.2034003561247,-336.2443427075577,-1.1400221352169106e-09
882.0950171462556,378.7322194804937,4.236749647391824,-173.42409952536306,-336.6929992982299,-1.1400223519605203e-09
882.5950171462556,379.23213504111794,4.236774015996374,-173.64479869378349,-337.14165588731413,-1.1400225768694567e-09
883.0950171462556,379.73205082457144,4.23679832043859,-173.8654978613901,-337.5903124748189,-1.1400224915986073e-09
883.5950171462556,380.23196682997764,4.236822560971518,-174.08619702818766,-338.03896906075227,-1.140022526296823e-09
884.0950171462556,380.73188305646454,4.236846737846878,-174.3068961941802,-338.4876256451226,-1.1400224212979032e-09
884.5950171462556,381.2317995031647,4.236870851315066,-174.52759535937204,-338.9362822279381,-1.1400226475485745e-09
885.0950171462556,381.73171616921525,4.2368949016251705,-174.7482945237673,-339.38493880920674,-1.1400227372813222e-09
885.5950171462556,382.2316330537578,4.236918889024974,-174.96899368737036,-339.83359538893666,-1.140022430247685e-09
886.0950171462556,382.7315501559384,4.236942813760966,-175.18969285018528,-340.28225196713584,-1.140022621964262e-09
886.5950171462556,383.2314674749076,4.23696667607835,-175.4103920122164,-340.73090854381223,-1.1400226476623394e-09
887.0950171462556,383.7313850098204,4.236990476221053,-175.63109117346767,-341.1795651189738,-1.1400223651521614e-09
887.5950171462556,384.231302759836,4.237014214431732,-175.851790333943,-341.62822169262853,-1.140022376120663e-09
888.0950171462556,384.73122072411826,4.2370378909517825,-176.07248949364666,-342.07687826478406,-1.1400225778712024e-09
888.5950171462556,385.23113890183504,4.237061506021347,-176.29318865258273,-342.5255348354481,-1.1400224417801525e-09
889.0950171462556,385.73105729215877,4.237085059879325,-176.51388781075522,-342.9741914046286,-1.1400224162764816e-09
889.5950171462556,386.23097589426595,4.237108552763378,-176.73458696816792,-343.422847972333,-1.1400225102577069e-09
890.0950171462556,386.7308947073375,4.23713198490994,-176.9552861248249,-343.871504538569,-1.1400223152603826e-09
890.5950171462556,387.2308137305584,4.237155356554222,-177.17598528073037,-344.3201611033441,-1.1400225402464013e-09
891.0950171462556,387.73073296311793,4.237178667930225,-177.39668443588798,-344.76881766666577,-1.140022419794969e-09
891.5950171462556,388.2306524042095,4.237201919270744,-177.61738359030156,-345.2174742285416,-1.1400225258990898e-09
892.0950171462556,388.73057205303064,4.237225110807376,-177.83808274397484,-345.6661307889791,-1.1400228378194795e-09
892.5950171462556,389.23049190878305,4.237248242770529,-178.05878189691205,-346.1147873479854,-1.1400227718337708e-09
893.0950171462556,389.73041197067244,4.237271315389429,-178.27948104911684,-346.5634439055678,-1.1400225368861682e-09
893.5950171462556,390.2303322379086,4.237294328892128,-178.50018020059275,-347.01210046173384,-1.1400227116077308e-09
894.0950171462556,390.73025270970544,4.237317283505511,-178.72087935134374,-347.46075701649056,-1.1400226002618769e-09
894.5950171462556,391.23017338528075,4.237340179455302,-178.94157850137356,-347.90941356984524,-1.1400224952716337e-09
895.0950171462556,391.7300942638564,4.237363016966075,-179.16227765068592,-348.35807012180493,-1.140022566198698e-09
895.5950171462556,392.23001534465817,4.237385796261258,-179.38297679928462,-348.80672667237667,-1.1400225504883535e-09
896.0950171462556,392.72993662691573,4.237408517563144,-179.60367594717317,-349.2553832215676,-1.1400223991957905e-09
896.5950171462556,393.22985810986273,4.237431181092892,-179.82437509435525,-349.70403976938474,-1.1400224722878312e-09
897.0950171462556,393.72977979273674,4.237453787070541,-180.04507424083448,-350.152696315835,-1.1400223969962962e-09
897.5950171462556,394.22970167477905,4.237476335715012,-180.2657733866145,-350.60135286092526,-1.1400224159027217e-09
898.0950171462556,394.72962375523485,4.237498827244121,-180.4864725316986,-351.05000940466255,-1.1400225573176834e-09
898.5950171462556,395.2295460333532,4.237521261874576,-180.70717167609078,-351.4986659470535,-1.140022250394143e-09
899.0950171462556,395.72946850838684,4.237543639821997,-180.92787081979418,-351.94732248810504,-1.1400222146263253e-09
899.5950171462556,396.2293911795923,4.23756596130091,-181.14856996281253,-352.3959790278238,-1.1400221672589806e-09
900.0950171462556,396.72931404622994,4.237588226524764,-181.36926910514921,-352.8446355662164,-1.1400223115447566e-09
900.5950171462556,397.22923710756373,4.237610435705932,-181.58996824680773,-353.2932921032898,-1.1400222681829588e-09
901.0950171462556,397.72916036286136,4.237632589055719,-181.81066738779157,-353.74194863905035,-1.1400224202502602e-09
901.5950171462556,398.2290838113942,4.237654686784372,-182.031366528104,-354.1906051735047,-1.1400224795172485e-09
902.0950171462556,398.72900745243726,4.2376767291010795,-182.25206566774844,-354.63926170665945,-1.140022348771916e-09
902.5950171462556,399.22893128526914,4.237698716213986,-182.4727648067283,-355.087918238521,-1.140022112526761e-09
903.0950171462556,399.7288553091721,4.237720648330193,-182.693463945047,-355.5365747690958,-1.1400221183411659e-09
903.5950171462556,400.22877952343197,4.237742525655768,-182.9141630827077,-355.9852312983904,-1.1400219801693552e-09
904.0950171462556,400.728703927338,4.23776434839575,-183.13486221971394,-356.43388782641097,-1.1400222078135307e-09
904.5950171462556,401.22862852018324,4.237786116754157,-183.3555613560689,-356.882544353164,-1.1400221470507626e-09
905.0950171462556,401.72855330126396,4.237807830933993,-183.57626049177563,-357.33120087865575,-1.1400222061626079e-09
905.5950171462556,402.2284782698801,4.237829491137249,-183.79695962683775,-357.77985740289233,-1.140022343357653e-09
906.0950171462556,402.72840342533505,4.237851097564916,-184.0176587612583,-358.2285139258801,-1.1400224289022062e-09
906.5950171462556,403.22832876693553,4.237872650416989,-184.23835789504054,-358.67717044762526,-1.1400223336993192e-09
907.0950171462556,403.7282542939918,4.237894149892471,-184.4590570281877,-359.12582696813377,-1.1400220127422067e-09
907.5950171462556,404.2281800058176,4.2379155961893815,-184.6797561607026,-359.57448348741195,-1.1400220790939288e-09
908.0950171462556,404.7281059017298,4.237936989504762,-184.90045529258862,-360.02314000546585,-1.1400222180413098e-09
908.5950171462556,405.22803198104884,4.23795833003468,-185.12115442384922,-360.4717965223012,-1.1400222846024627e-09
909.0950171462556,405.72795824309844,4.237979617974241,-185.34185355448693,-360.92045303792435,-1.1400224557789736e-09
909.5950171462556,406.22788468720563,4.238000853517585,-185.56255268450525,-361.36910955234106,-1.1400225798326226e-09
910.0950171462556,406.72781131270074,4.238022036857902,-185.7832518139071,-361.8177660655572,-1.1400223494077284e-09
910.5950171462556,407.2277381189174,4.23804316818743,-186.00395094269547,-362.2664225775788,-1.14002224328349e-09
911.0950171462556,407.7276651051925,4.238064247697468,-186.2246500708735,-362.71507908841164,-1.1400220237790049e-09
911.5950171462556,408.2275922708661,4.238085275578376,-186.44534919844415,-363.1637355980615,-1.1400221451237124e-09
912.0950171462556,408.72751961528166,4.238106252019582,-186.6660483254104,-363.61239210653423,-1.1400223594594527e-09
912.5950171462556,409.22744713778565,4.2381271772095905,-186.88674745177534,-364.0610486138355,-1.1400221996674157e-09
913.0950171462556,409.7273748377277,4.238148051335985,-187.1074465775418,-364.50970511997093,-1.1400221020140012e-09
913.5950171462556,410.22730271446085,4.238168874585435,-187.3281457027127,-364.95836162494635,-1.140022261668947e-09
914.0950171462556,410.72723076734104,4.2381896471437015,-187.54884482729113,-365.40701812876733,-1.1400224259352721e-09
914.5950171462556,411.22715899572745,4.238210369195642,-187.7695439512801,-365.85567463143934,-1.1400221317007205e-09
915.0950171462556,411.7270873989823,4.238231040925216,-187.9902430746823,-366.304331132968,-1.140022284211327e-09
915.5950171462556,412.2270159764709,4.238251662515493,-188.21094219750034,-366.752987633359,-1.1400224790508206e-09
916.0950171462556,412.7269447275618,4.238272234148654,-188.4316413197373,-367.2016441326178,-1.1400225329032057e-09
916.5950171462556,413.22687365162625,4.238292756005997,-188.6523404413961,-367.65030063074977,-1.1400223347143019e-09
917.0950171462556,413.7268027480389,4.2383132282679465,-188.8730395624794,-368.0989571277604,-1.140022391013827e-09
917.5950171462556,414.22673201617715,4.238333651114055,-189.09373868299014,-368.54761362365497,-1.1400225057538037e-09
918.0950171462556,414.72666145542155,4.23835402472301,-189.31443780293102,-368.99627011843904,-1.140022419045218e-09
918.5950171462556,415.22659106515556,4.238374349272636,-189.5351369223051,-369.4449266121176,-1.1400224100085286e-09
919.0950171462556,415.7265208447656,4.2383946249399065,-189.7558360411149,-369.8935831046963,-1.1400224792805585e-09
919.5950171462556,416.22645079364105,4.238414851900942,-189.97653515936304,-370.34223959618026,-1.140022492804886e-09
920.0950171462556,416.7263809111742,4.23843503033102,-190.19723427705222,-370.7908960865749,-1.140022770862445e-09
920.5950171462556,417.2263111967602,4.238455160404576,-190.4179333941854,-371.2395525758851,-1.14002252765993e-09
921.0950171462556,417.7262416497972,4.238475242295212,-190.63863251076498,-371.6882090641164,-1.1400227180594873e-09
921.5950171462556,418.2261722696861,4.238495276175699,-190.8593316267937,-372.1368655512737,-1.1400225586104391e-09
922.0950171462556,418.7261030558307,4.238515262217984,-191.0800307422742,-372.5855220373622,-1.140022662333581e-09
922.5950171462556,419.2260340076377,4.238535200593193,-191.30072985720923,-373.0341785223869,-1.140022627917281e-09
923.0950171462556,419.7259651245165,4.238555091471639,-191.52142897160132,-373.482835006353,-1.140022371005253e-09
923.5950171462556,420.22589640587944,4.238574935022822,-191.7421280854532,-373.9314914892654,-1.1400225333342549e-09
924.0950171462556,420.7258278511415,4.2385947314154375,-191.96282719876723,-374.3801479711292,-1.1400224092222113e-09
924.5950171462556,421.22575945972056,4.238614480817381,-192.18352631154627,-374.82880445194917,-1.1400223257073144e-09
925.0950171462556,421.72569123103716,4.238634183395751,-192.4042254237925,-375.27746093173056,-1.1400222996563293e-09
925.5950171462556,422.2256231645147,4.238653839316856,-192.6249245355087,-375.726117410478,-1.1400225767686318e-09
926.0950171462556,422.7255552595791,4.2386734487462165,-192.8456236466975,-376.1747738881965,-1.1400224080975637e-09
926.5950171462556,423.22548751565915,4.2386930118485715,-193.06632275736132,-376.6234303648908,-1.1400223847467627e-09
927.0950171462556,423.7254199321863,4.238712528787883,-193.28702186750252,-377.0720868405658,-1.1400225621815584e-09
927.5950171462556,424.22535250859465,4.2387319997273405,-193.50772097712382,-377.5207433152263,-1.140022484881331e-09
928.0950171462556,424.72528524432096,4.238751424829364,-193.72842008622757,-377.969399788877,-1.1400225448300994e-09
928.5950171462556,425.2252181388046,4.238770804255612,-193.94911919481615,-378.41805626152274,-1.1400225649802543e-09
929.0950171462556,425.72515119148767,4.238790138166982,-194.16981830289203,-378.86671273316813,-1.1400221529732006e-09
929.5950171462556,426.22508440181474,4.238809426723616,-194.39051741045768,-379.31536920381785,-1.1400225494852339e-09
930.0950171462556,426.7250177692331,4.238828670084909,-194.6112165175154,-379.7640256734767,-1.1400223746974056e-09
930.5950171462556,427.2249512931926,4.238847868409507,-194.83191562406776,-380.2126821421491,-1.140022418748015e-09
931.0950171462556,427.72488497314555,4.238867021855315,-195.052614730117,-380.66133860983985,-1.1400224929109928e-09
931.5950171462556,428.22481880854696,4.238886130579502,-195.2733138356654,-381.10999507655345,-1.1400224118859415e-09
932.0950171462556,428.72475279885424,4.238905194738503,-195.49401294071535,-381.55865154229446,-1.140022509718589e-09
932.5950171462556,429.22468694352744,4.238924214488023,-195.71471204526952,-382.0073080070673,-1.140022593507806e-09
933.0950171462556,429.724621242029,4.238943189983045,-195.93541114932998,-382.45596447087644,-1.1400227778378352e-09
933.5950171462556,430.22455569382396,4.238962121377832,-196.1561102528988,-382.90462093372656,-1.140022768231453e-09
934.0950171462556,430.7244902983798,4.238981008825928,-196.37680935597865,-383.353277395622,-1.140022575909177e-09
934.5950171462556,431.2244250551665,4.238999852480168,-196.59750845857167,-383.80193385656713,-1.1400227008994448e-09
935.0950171462556,431.7243599636563,4.2390186524926765,-196.81820756068032,-384.2505903165663,-1.1400227431161775e-09
935.5950171462556,432.22429502332415,4.239037409014877,-197.0389066623066,-384.6992467756239,-1.1400226038021201e-09
936.0950171462556,432.72423023364723,4.239056122197491,-197.25960576345298,-385.1479032337443,-1.1400223761425576e-09
936.5950171462556,433.2241655941052,4.2390747921905465,-197.48030486412148,-385.59655969093177,-1.1400226212981202e-09
937.0950171462556,433.7241011041802,4.239093419143378,-197.70100396431457,-386.04521614719073,-1.140022559730835e-09
937.5950171462556,434.22403676335654,4.239112003204634,-197.92170306403432,-386.4938726025253,-1.1400223689408045e-09
938.0950171462556,434.723972571121,4.239130544522279,-198.14240216328278,-386.9425290569398,-1.1400225861536446e-09
938.5950171462556,435.22390852696276,4.239149043243597,-198.36310126206203,-387.3911855104385,-1.1400224447382803e-09
939.0950171462556,435.7238446303733,4.2391674995151964,-198.58380036037474,-387.83984196302544,-1.1400227439237097e-09
939.5950171462556,436.22378088084645,4.239185913483014,-198.80449945822266,-388.28849841470486,-1.1400228133008047e-09
940.0950171462556,436.7237172778783,4.239204285292318,-199.02519855560794,-388.73715486548105,-1.1400228046428246e-09
940.5950171462556,437.22365382096723,4.239222615087712,-199.2458976525329,-389.1858113153579,-1.1400228610861583e-09
941.0950171462556,437.723590509614,4.23924090301314,-199.46659674899973,-389.63446776433955,-1.1400226803689098e-09
941.5950171462556,438.22352734332156,4.23925914921189,-199.68729584501045,-390.0831242124301,-1.1400228341232445e-09
942.0950171462556,438.7234643215952,4.239277353826594,-199.90799494056697,-390.53178065963374,-1.1400226686012587e-09
942.5950171462556,439.22340144394235,4.239295516999238,-200.12869403567146,-390.9804371059544,-1.140022741140204e-09
943.0950171462556,439.72333870987273,4.239313638871161,-200.34939313032584,-391.42909355139614,-1.1400226588260903e-09
943.5950171462556,440.2232761188983,4.23933171958306,-200.57009222453252,-391.8777499959628,-1.1400227078679648e-09
944.0950171462556,440.7232136705332,4.239349759274992,-200.7907913182935,-392.3264064396583,-1.140022830040108e-09
944.5950171462556,441.22315136429376,4.239367758086383,-201.01149041161074,-392.77506288248674,-1.1400227200147003e-09
945.0950171462556,441.7230891996985,4.239385716156025,-201.23218950448617,-393.22371932445196,-1.1400224054669555e-09
945.5950171462556,442.22302717626815,4.239403633622084,-201.4528885969217,-393.67237576555794,-1.1400226350285332e-09
946.0950171462556,442.7229652935256,4.239421510622101,-201.67358768891964,-394.12103220580843,-1.140022690637256e-09
946.5950171462556,443.2229035509958,4.239439347292998,-201.89428678048174,-394.5696886452074,-1.1400226678112754e-09
947.0950171462556,443.72284194820594,4.239457143771078,-202.1149858716099,-395.01834508375873,-1.1400226556893555e-09
947.5950171462556,444.2227804846853,4.239474900192032,-202.33568496230637,-395.46700152146605,-1.140022659542499e-09
948.0950171462556,444.7227191599652,4.239492616690941,-202.55638405257284,-395.9156579583332,-1.1400226814499592e-09
948.5950171462556,445.2226579735792,4.239510293402278,-202.77708314241164,-396.36431439436393,-1.140022644113918e-09
949.0950171462556,445.7225969250628,4.239527930459913,-202.99778223182435,-396.812970829562,-1.1400226212770528e-09
949.5950171462556,446.2225360139537,4.239545527997119,-203.21848132081305,-397.26162726393113,-1.1400226061626982e-09
950.0950171462556,446.72247523979155,4.239563086146568,-203.4391804093797,-397.71028369747495,-1.140022589284652e-09
950.5950171462556,447.2224146021182,4.239580605040342,-203.65987949752588,-398.15894013019744,-1.1400225585593622e-09
951.0950171462556,447.7223541004774,4.239598084809933,-203.88057858525386,-398.6075965621019,-1.1400227183309758e-09
951.5950171462556,448.22229373441496,4.239615525586245,-204.10127767256537,-399.0562529931921,-1.1400223948972342e-09
952.0950171462556,448.7222335034788,4.2396329274996,-204.32197675946227,-399.50490942347164,-1.1400221540898235e-09
952.5950171462556,449.22217340721875,4.239650290679739,-204.54267584594638,-399.9535658529443,-1.1400224679620092e-09
953.0950171462556,449.72211344518666,4.239667615255827,-204.76337493201964,-400.4022222816133,-1.140022450996731e-09
953.5950171462556,450.2220536169364,4.239684901356454,-204.98407401768378,-400.8508787094826,-1.140022432446141e-09
954.0950171462556,450.72199392202384,4.239702149109641,-205.20477310294072,-401.29953513655545,-1.1400223813260375e-09
954.5950171462556,451.2219343600067,4.2397193586428426,-205.4254721877921,-401.74819156283553,-1.1400224020576985e-09
955.0950171462556,451.7218749304447,4.239736530082946,-205.64617127223994,-402.19684798832634,-1.1400222527490507e-09
955.5950171462556,452.22181563289956,4.2397536635562805,-205.86687035628592,-402.64550441303123,-1.1400225056066491e-09
956.0950171462556,452.7217564669349,4.239770759188615,-206.08756943993203,-403.09416083695373,-1.1400225748052678e-09
956.5950171462556,453.22169743211623,4.239787817105166,-206.30826852317966,-403.54281726009737,-1.1400224216700942e-09
957.0950171462556,453.721638528011,4.239804837430597,-206.52896760603082,-403.99147368246537,-1.140022531062771e-09
957.5950171462556,454.2215797541886,4.239821820289022,-206.74966668848757,-404.44013010406127,-1.1400225227431501e-09
958.0950171462556,454.72152111022024,4.239838765804009,-206.97036577055138,-404.88878652488836,-1.14002254265502e-09
958.5950171462556,455.221462595679,4.239855674098587,-207.1910648522237,-405.3374429449503,-1.1400222816448875e-09
959.0950171462556,455.7214042101399,4.239872545295241,-207.41176393350648,-405.78609936425016,-1.140022515468787e-09
959.5950171462556,456.22134595317976,4.239889379515921,-207.63246301440145,-406.23475578279135,-1.140022483237361e-09
960.0950171462556,456.7212878243773,4.239906176882042,-207.8531620949104,-406.68341220057727,-1.140022319104044e-09
960.5950171462556,457.2212298233131,4.239922937514489,-208.07386117503506,-407.132068617611,-1.140022520187889e-09
961.0950171462556,457.72117194956934,4.23993966153362,-208.29456025477697,-407.580725033896,-1.1400224627185015e-09
961.5950171462556,458.22111420273035,4.239956349059264,-208.515259334138,-408.02938144943533,-1.1400223906744186e-09
962.0950171462556,458.72105658238206,4.239973000210734,-208.7359584131196,-408.47803786423253,-1.1400227173480555e-09
962.5950171462556,459.22099908811225,4.239989615106817,-208.9566574917235,-408.9266942782906,-1.1400226473233378e-09
963.0950171462556,459.7209417195105,4.240006193865787,-209.17735656995131,-409.3753506916129,-1.140022591381104e-09
963.5950171462556,460.2208844761682,4.240022736605403,-209.3980556478047,-409.8240071042025,-1.1400224751484048e-09
964.0950171462556,460.72082735767844,4.240039243442913,-209.61875472528573,-410.27266351606255,-1.1400225725463806e-09
964.5950171462556,461.2207703636361,4.240055714495058,-209.83945380239567,-410.72131992719613,-1.140022569932927e-09
965.0950171462556,461.72071349363785,4.240072149878071,-210.06015287913598,-411.16997633760667,-1.140022618282932e-09
965.5950171462556,462.220656747282,4.240088549707686,-210.28085195550833,-411.61863274729717,-1.1400225214410417e-09
966.0950171462556,462.7206001241687,4.240104914099132,-210.50155103151437,-412.0672891562707,-1.1400226482288648e-09
966.5950171462556,463.22054362389974,4.2401212431671444,-210.72225010715573,-412.5159455645303,-1.1400226851197272e-09
967.0950171462556,463.72048724607873,4.240137537025962,-210.94294918243412,-412.96460197207904,-1.1400225472150117e-09
967.5950171462556,464.22043099031083,4.2401537957893325,-211.16364825735107,-413.41325837892,-1.1400225325820371e-09
968.0950171462556,464.720374856203,4.240170019570514,-211.38434733190792,-413.8619147850563,-1.1400226015464476e-09
968.5950171462556,465.22031884336394,4.240186208482277,-211.60504640610654,-414.31057119049075,-1.1400229281132585e-09
969.0950171462556,465.72026295140387,4.24020236263691,-211.82574547994815,-414.7592275952266,-1.14002271916117e-09
969.5950171462556,466.2202071799348,4.240218482146217,-212.04644455343458,-415.2078839992667,-1.1400228957995246e-09
970.0950171462556,466.72015152857034,4.240234567121525,-212.26714362656713,-415.6565404026141,-1.1400227748415836e-09
970.5950171462556,467.2200959969258,4.240250617673684,-212.4878426993474,-416.10519680527176,-1.1400228357453227e-09
971.0950171462556,467.7200405846181,4.240266633913071,-212.70854177177708,-416.5538532072426,-1.1400228187879015e-09
971.5950171462556,468.2199852912658,4.24028261594959,-212.92924084385726,-417.0025096085296,-1.1400226746850053e-09
972.0950171462556,468.719930116489,4.240298563892677,-213.14993991558975,-417.45116600913553,-1.1400229605755811e-09
972.5950171462556,469.2198750599096,4.240314477851301,-213.37063898697608,-417.8998224090634,-1.140022907999508e-09
973.0950171462556,469.719820121151,4.24033035793397,-213.59133805801756,-418.3484788083161,-1.1400229657661093e-09
973.5950171462556,470.21976529983806,4.240346204248726,-213.8120371287158,-418.79713520689637,-1.140022874734346e-09
974.0950171462556,470.7197105955975,4.2403620169031555,-214.0327361990724,-419.24579160480715,-1.1400230667492075e-09
974.5950171462556,471.2196560080575,4.240377796004387,-214.25343526908858,-419.6944480020513,-1.1400230839166076e-09
975.0950171462556,471.7196015368477,4.240393541659096,-214.47413433876596,-420.14310439863146,-1.1400230583007212e-09
975.5950171462556,472.2195471815994,4.240409253973506,-214.69483340810584,-420.5917607945506,-1.1400229245177281e-09
976.0950171462556,472.7194929419456,4.24042493305339,-214.9155324771095,-421.0404171898116,-1.140023184355601e-09
976.5950171462556,473.2194388175206,4.240440579004075,-215.13623154577874,-421.48907358441716,-1.1400231953690438e-09
977.0950171462556,473.71938480796035,4.240456191930444,-215.35693061411487,-421.9377299783698,-1.1400228920323735e-09
977.5950171462556,474.21933091290236,4.240471771936937,-215.57762968211904,-422.3863863716727,-1.1400228541051717e-09
978.0950171462556,474.7192771319856,4.240487319127554,-215.79832874979303,-422.83504276432814,-1.1400229084016194e-09
978.5950171462556,475.2192234648507,4.2405028336058574,-216.0190278171379,-423.28369915633925,-1.1400227944941446e-09
979.0950171462556,475.7191699111396,4.240518315474975,-216.2397268841555,-423.7323555477084,-1.1400228875828656e-09
979.5950171462556,476.2191164704958,4.240533764837601,-216.46042595084663,-424.18101193843853,-1.1400228349953997e-09
980.0950171462556,476.7190631425644,4.240549181795999,-216.6811250172133,-424.6296683285319,-1.1400230006549625e-09
980.5950171462556,477.2190099269919,4.240564566452005,-216.90182408325632,-425.07832471799185,-1.1400229452166896e-09
981.0950171462556,477.7189568234262,4.240579918907027,-217.12252314897742,-425.5269811068205,-1.1400231978554778e-09
981.5950171462556,478.21890383151685,4.240595239262051,-217.34322221437762,-425.97563749502064,-1.1400233197217177e-09
982.0950171462556,478.7188509509147,4.240610527617639,-217.56392127945867,-426.42429388259484,-1.1400231406807385e-09
982.5950171462556,479.2187981812722,4.240625784073934,-217.78462034422174,-426.87295026954575,-1.1400230875232e-09
983.0950171462556,479.718745522243,4.240641008730664,-218.00531940866807,-427.32160665587594,-1.1400230663260246e-09
983.5950171462556,480.2186929734825,4.240656201687139,-218.22601847279904,-427.77026304158807,-1.1400231507889404e-09
984.0950171462556,480.71864053464736,4.2406713630422574,-218.44671753661598,-428.2189194266846,-1.14002316190313e-09
984.5950171462556,481.21858820539563,4.240686492894505,-218.6674166001204,-428.66757581116804,-1.1400232523766669e-09
985.0950171462556,481.71853598538684,4.240701591341961,-218.88811566331322,-429.1162321950411,-1.1400230797624044e-09
985.5950171462556,482.21848387428196,4.240716658482296,-219.1088147261959,-429.5648885783063,-1.1400233592475393e-09
986.0950171462556,482.7184318717433,4.240731694412777,-219.32951378877002,-430.0135449609659,-1.1400233405390905e-09
986.5950171462556,483.21837997743455,4.24074669923027,-219.5502128510363,-430.4622013430227,-1.140023089071852e-09
987.0950171462556,483.7183281910209,4.240761673031237,-219.7709119129963,-430.910857724479,-1.1400232168504586e-09
987.5950171462556,484.21827651216876,4.240776615911744,-219.99161097465148,-431.3595141053374,-1.1400232212549004e-09
988.0950171462556,484.71822494054607,4.240791527967461,-220.21231003600315,-431.80817048560004,-1.1400233104457608e-09
988.5950171462556,485.218173475822,4.240806409293662,-220.4330090970522,-432.2568268652698,-1.1400231463840589e-09
989.0950171462556,485.7181221176673,4.240821259985232,-220.65370815779988,-432.70548324434907,-1.1400233896477145e-09
989.5950171462556,486.2180708657537,4.240836080136662,-220.87440721824785,-433.1541396228399,-1.1400230160612895e-09
990.0950171462556,486.71801971975464,4.240850869842056,-221.0951062783971,-433.60279600074506,-1.1400233542501394e-09
990.5950171462556,487.21796867934466,4.2408656291951345,-221.31580533824874,-434.0514523780669,-1.1400232364448138e-09
991.0950171462556,487.7179177441998,4.24088035828923,-221.5365043978042,-434.5001087548077,-1.1400234461049457e-09
991.5950171462556,488.2178669139972,4.240895057217295,-221.75720345706458,-434.94876513096983,-1.140023497054255e-09
992.0950171462556,488.7178161884156,4.240909726071901,-221.97790251603115,-435.3974215065557,-1.1400233516361715e-09
992.5950171462556,489.2177655671349,4.24092436494524,-222.1986015747053,-435.8460778815677,-1.1400233308587521e-09
993.0950171462556,489.7177150498363,4.24093897392913,-222.41930063308803,-436.29473425600804,-1.140023315520747e-09
993.5950171462556,490.21766463620224,4.2409535531150135,-222.6399996911804,-436.7433906298792,-1.1400231882219371e-09
994.0950171462556,490.7176143259166,4.24096810259396,-222.86069874898382,-437.1920470031834,-1.1400233243940805e-09
994.5950171462556,491.2175641186644,4.240982622456667,-223.08139780649938,-437.64070337592295,-1.1400233895235086e-09
995.0950171462556,491.7175140141321,4.240997112793467,-223.30209686372817,-438.0893597481002,-1.1400234029216964e-09
995.5950171462556,492.2174640120073,4.241011573694322,-223.52279592067157,-438.5380161197174,-1.1400235182257904e-09
996.0950171462556,492.71741411197894,4.241026005248829,-223.74349497733095,-438.98667249077664,-1.1400234067936958e-09
996.5950171462556,493.2173643137371,4.241040407546224,-223.96419403370686,-439.43532886128054,-1.1400234221671554e-09
997.0950171462556,493.7173146169733,4.241054780675381,-224.18489308980077,-439.8839852312312,-1.1400233032529188e-09
997.5950171462556,494.21726502138006,4.241069124724813,-224.40559214561404,-440.33264160063055,-1.140023259309161e-09
998.0950171462556,494.7172155266514,4.241083439782677,-224.62629120114747,-440.78129796948116,-1.14002335946358e-09
998.5950171462556,495.2171661324824,4.241097725936772,-224.8469902564023,-441.2299543377852,-1.140023473001265e-09
999.0950171462556,495.7171168385695,4.2411119832745445,-225.0676893113799,-441.67861070554477,-1.1400235361114707e-09
999.5950171462556,496.2170676446102,4.241126211883088,-225.28838836608116,-442.12726707276204,-1.1400235492703784e-09
1000.0950171462556,496.71701855030335,4.2411404118491465,-225.50908742050734,-442.57592343943924,-1.1400235110339016e-09
1000.5950171462556,497.2169695553489,4.241154583259114,-225.72978647465922,-443.02457980557864,-1.1400232918052863e-09
1001.0950171462556,497.7169206594481,4.241168726199037,-225.95048552853805,-443.4732361711823,-1.140023515993663e-09
1001.5950171462556,498.2168718623033,4.241182840754617,-226.1711845821453,-443.9218925362523,-1.140023419020093e-09
1002.0950171462556,498.7168231636182,4.241196927011214,-226.3918836354815,-444.37054890079094,-1.1400235533118308e-09
1002.5950171462556,499.2167745630975,4.241210985053843,-226.61258268854814,-444.8192052648002,-1.1400234122158699e-09
1003.0950171462556,499.7167260604472,4.2412250149671795,-226.8332817413462,-445.2678616282822,-1.140023474004223e-09
1003.5950171462556,500.2166776553744,4.2412390168355625,-227.05398079387675,-445.71651799123913,-1.1400233573130293e-09
1004.0950171462556,500.71662934758746,4.241252990742992,-227.27467984614103,-446.16517435367297,-1.1400234672068591e-09
1004.5950171462556,501.2165811367958,4.241266936773134,-227.4953788981398,-446.6138307155859,-1.1400234832580257e-09
1005.0950171462556,501.71653302271005,4.241280855009322,-227.7160779498741,-447.0624870769801,-1.1400236809476775e-09
1005.5950171462556,502.216485005042,4.241294745534554,-227.9367770013455,-447.5111434378573,-1.1400237422108398e-09
1006.0950171462556,502.7164370835045,4.241308608431503,-228.15747605255447,-447.9597997982198,-1.1400237620370795e-09
1006.5950171462556,503.21638925781167,4.241322443782509,-228.37817510350234,-448.40845615806967,-1.1400235437226703e-09
1007.0950171462556,503.71634152767865,4.241336251669588,-228.59887415419007,-448.8571125174088,-1.1400235211909582e-09
1007.5950171462556,504.2162938928218,4.241350032174429,-228.8195732046189,-449.3057688762392,-1.1400235481427858e-09
1008.0950171462556,504.7162463529585,4.241363785378399,-229.04027225478953,-449.75442523456303,-1.140023817231174e-09
1008.3787977329276,505.0,4.241371579049237,-229.165532466546,-450.009065163497,-1.140023816507156e-09
