tau,r,phi,X,Y,H
0.0,500.0,0.0,500.0,0.0,-1.8752040237513098e-16
0.004855668363951702,499.99514478578664,1.3596003442083146e-07,499.99514478578203,6.797935709532395e-05,-0.0
0.05341235200346872,499.94659264415844,1.4957056194621872e-06,499.9465926435992,0.0007477729280485619,-2.5023873671910923e-16
0.5389791883986389,499.4610712784648,1.5107701223944475e-05,499.46107122146566,0.0075457086375792385,-0.0
1.0389791883986388,498.9611181970732,2.9151988219418283e-05,498.961117985055,0.014545708637568601,-1.9063384594495264e-16
1.5389791883986388,498.46116521370215,4.322444785645974e-05,498.4611647480515,0.021545708637540666,-1.2810195974502938e-16
2.038979188398639,497.96121232864635,5.7325164985504246e-05,497.96121151045264,0.028545708637487,-6.456190558249798e-17
2.538979188398639,497.4612595422016,7.145422479804427e-05,497.4612582722561,0.03554570863739906,6.507743824053453e-17
3.038979188398639,496.961306854665,8.561171282834459e-05,496.9613050334595,0.04254570863726824,1.3119524829840593e-16
3.538979188398639,496.46135426633464,9.979771495516784e-05,496.4613517940604,0.04954570863708583,-0.0
4.038979188398638,495.96140177750993,0.00011401231740351058,495.9613985540563,0.05654570863684302,1.3330428700105692e-16
4.538979188398638,495.46144938849153,0.00012825560674634975,495.4614453134448,0.06354570863653097,6.71865721388469e-17
5.038979188398638,494.96149709958127,0.00014252766990639976,494.9614920722235,0.0705457086361407,-0.0
5.538979188398638,494.46154491108217,0.00015682859415788034,494.46153883038994,0.07754570863566315,1.3654001862097713e-16
6.038979188398638,493.9615928232985,0.00017115846712829487,493.96158558794156,0.08454570863508917,2.752764650042099e-16
6.538979188398638,493.4616408365357,0.00018551737680021986,493.4616323448758,0.09154570863440953,2.0811964584379793e-16
7.038979188398638,492.9616889511006,0.00019990541151310498,492.9616791011904,0.0985457086336149,1.398647139745603e-16
7.538979188398638,492.4617371673011,0.0002143226599650843,492.46172585688254,0.10554570863269586,4.229795551225828e-16
8.038979188398638,491.9617854854465,0.0002287692112147984,491.9617726119499,0.11254570863164291,7.106597360413862e-17
8.538979188398638,491.4618339058472,0.00024324515468322774,491.46181936638993,0.1195457086304464,2.1492165762271636e-16
9.038979188398638,490.961882428815,0.0002577505801555371,490.9618661202,0.12654570862909667,-0.0
9.538979188398638,490.46193105466284,0.00027228557778293146,490.4619128733775,0.1335457086275839,2.1841654836487324e-16
10.038979188398638,489.9619797837051,0.00028685023808452297,489.9619596259199,0.1405457086258982,2.2018802499065835e-16
10.538979188398638,489.46202861625727,0.0003014446519492096,489.4620063778247,0.14754570862402955,7.39919135358066e-17
11.038979188398638,488.96207755263623,0.0003160689106375655,488.9620531290891,0.1545457086219679,1.4918657408894702e-16
11.538979188398638,488.4621265931602,0.00033072310578374217,488.4620998797107,0.16154570861970305,3.0080073914136345e-16
12.038979188398638,487.9621757381485,0.0003454073293973823,487.9621466296867,0.16854570861722465,3.032506532729352e-16
12.538979188398638,487.462224987922,0.00036012167386554483,487.4621933790144,0.17554570861452237,3.0572311936581987e-16
13.038979188398638,486.96227434280274,0.0003748662319546418,486.9622401276914,0.1825457086115857,3.0821836879864896e-16
13.538979188398638,486.4623238031141,0.0003896410968123875,486.4622868757147,0.18954570860840403,2.3305247667555477e-16
14.038979188398638,485.9623733691808,0.0004044463619697593,485.96233362308186,0.19654570860496662,2.349586172383408e-16
14.538979188398638,485.4624230413289,0.00041928212134297103,485.46238036979,0.20354570860126273,3.158431703779948e-16
15.038979188398638,484.9624728198858,0.00043414846923545787,484.96242711583653,0.2105457085972814,7.960797994799247e-17
15.538979188398638,484.4625227051803,0.00044904550033987426,484.4624738612187,0.21754570859301162,2.4078348701480627e-16
16.03897918839864,483.9625726975424,0.00046397330974010375,483.9625206059336,0.22454570858844222,1.6184080331911413e-16
16.53897918839864,483.4626227973036,0.0004789319929132815,483.4625673499787,0.231545708583562,4.0792880255312063e-16
17.03897918839864,482.9626730047968,0.000493921645731829,482.96261409335114,0.2385457085783596,8.225730220353909e-17
17.53897918839864,482.46272332035613,0.0005089423644655023,482.46266083604803,0.24554570857282357,8.293509077255703e-17
18.03897918839864,481.96277374431725,0.0005239942457834519,481.96270757806667,0.25254570856694236,2.5085757294936696e-16
18.53897918839864,481.4628242770171,0.0005390773867562959,481.46275431940427,0.2595457085607043,3.3723867336397627e-16
19.03897918839864,480.9628749187941,0.0005541918848582066,480.9628010600579,0.2665457085540974,3.4002635640597953e-16
19.53897918839864,480.46292566998807,0.0005693378379690091,480.4628478000248,0.2735457085471101,5.142601216733113e-16
20.03897918839864,479.9629765309401,0.0005845153443762943,479.96289453930206,0.28054570853973004,5.185201779351892e-16
20.53897918839864,479.46302750199294,0.0005997245027775436,479.46294127788684,0.28754570853194517,5.228201147592201e-16
21.03897918839864,478.9630785834905,0.0006149654122822683,478.9629880157761,0.29454570852374323,3.5144023215800553e-16
21.53897918839864,478.46312977577844,0.0006302381724141616,478.4630347529672,0.30154570851511187,4.429510827054274e-16
22.03897918839864,477.96318107920354,0.0006455428831132642,477.963081489457,0.3085457085060386,3.573089290081479e-16
22.53897918839864,477.4632324941142,0.0006608796447381437,477.46312822524254,0.3155457084965106,6.304982386105074e-16
23.03897918839864,476.9632840208603,0.0006762485580680877,476.96317496032106,0.32254570848651537,6.357548625279401e-16
23.53897918839864,476.4633356597932,0.0006916497243053104,476.4632216946894,0.3295457084760399,5.494808670761604e-16
24.03897918839864,475.9633874112655,0.0007070832450771737,475.9632684283447,0.3365457084650712,6.464172058103671e-16
24.53897918839864,475.4634392756316,0.0007225492224384214,475.4633151612839,0.34354570845359617,4.655885508782542e-16
25.03897918839864,474.9634912532471,0.0007380477588734285,474.963361893504,0.35054570844160154,6.572818399796199e-16
25.53897918839864,474.46354334446943,0.0007535789572984641,474.463408625002,0.357545708429074,7.574758289909672e-16
26.03897918839864,473.9635955496572,0.0007691429210639686,473.9634553557748,0.364545708416,7.638320536572929e-16
26.53897918839864,473.4636478691707,0.0007847397539568455,473.4635020858193,0.37154570840236567,5.776864119581427e-16
27.03897918839864,472.9637003033717,0.0008003695602027684,472.9635488151326,0.3785457083881576,5.825444645748953e-16
27.53897918839864,472.4637528526235,0.0008160324444685008,472.4635955437113,0.38554570837336166,4.895405677873093e-16
28.03897918839864,471.96380551729095,0.0008317285118642328,471.96364227155266,0.3925457083579639,4.936662926296418e-16
28.53897918839864,471.4638582977404,0.0008474578679459311,471.4636889986532,0.39954570834194997,3.982650457354643e-16
29.03897918839864,470.9639111943398,0.0008632206187177048,470.96373572500994,0.4065457083253058,6.0244323406449665e-16
29.53897918839864,470.4639642074587,0.0008790168706341861,470.4637824506198,0.4135457083080168,6.075370537711087e-16
30.03897918839864,469.9640173374681,0.0008948467306029256,469.9638291754795,0.4205457082900684,4.0845302658955567e-16
30.53897918839864,469.4640705847406,0.000910710305986804,469.4638758995858,0.4275457082714458,7.208497456662206e-16
31.03897918839864,468.9641239496505,0.0009266077046064584,468.96392262293546,0.4345457082521341,6.231125900806611e-16
31.53897918839864,468.4641774325736,0.0009425390347427243,468.46396934552536,0.4415457082321184,5.236701740193054e-16
32.03897918839864,467.9642310338873,0.0009585044051390932,467.96401606735225,0.4485457082113836,8.449954712643275e-16
32.53897918839864,467.4642847539707,0.000974503925004186,467.46406278841283,0.45554570818991413,7.456637030797555e-16
33.03897918839864,466.9643385932044,0.0009905377040142433,466.96410950870376,0.46254570816769486,8.594478648344161e-16
33.53897918839864,466.46439255197066,0.0010066058523156291,466.46415622822184,0.4695457081447098,7.584312218044119e-16
34.03897918839864,465.96444663065347,0.0010227084805273542,465.96420294696367,0.47654570812094343,8.741798622418702e-16
34.53897918839864,465.4645008296383,0.001038845699743612,465.464249664926,0.4835457080963798,7.714460186216533e-16
35.03897918839864,464.96455514931245,0.0010550176215363342,464.9642963821054,0.4905457080710028,8.891974983606023e-16
35.53897918839864,464.46460959006475,0.0010712243579577604,464.46434309849843,0.4975457080447963,7.847134365372525e-16
36.03897918839864,463.9646641522858,0.0010874660215430257,463.9643898141019,0.5045457080177439,9.045069518250452e-16
36.53897918839864,463.4647188363678,0.0011037427253127643,463.46443652891224,0.511545707989829,6.842048108359705e-16
37.03897918839864,462.9647736427047,0.0011200545827757312,462.96448324292606,0.5185457079610349,6.900859115828303e-16
37.53897918839864,462.4648285716921,0.0011364017079314387,462.4645299561399,0.5255457079313449,5.220180952089712e-16
38.03897918839864,461.96488362372736,0.0011527842152728124,461.96457666855036,0.5325457079007418,3.5101003751969835e-16
38.53897918839864,461.4649387992095,0.0011692022197888627,461.4646233801539,0.5395457078692085,5.310557860170694e-16
39.03897918839864,460.96499409853936,0.0011856558369673748,460.9646700909471,0.5465457078367277,5.356407591430773e-16
39.53897918839864,460.4650495221194,0.0012021451827976158,460.4647168009263,0.5535457078032817,4.802404053827388e-16
40.03897918839864,459.9651050703539,0.0012186703737730586,459.96476351008806,0.5605457077688532,6.05494847670269e-16
40.53897918839864,459.4651607436489,0.0012352315268941256,459.46481021842874,0.567545707733424,2.4429598740471544e-16
41.03897918839864,458.9652165424121,0.0012518287596709485,458.96485692594484,0.5745457076969761,4.3122549571455e-16
41.53897918839864,458.4652724670532,0.0012684621901261467,458.4649036326327,0.5815457076594915,4.349693385263293e-16
42.03897918839864,457.96532851798344,0.0012851319367976242,457.96495033848885,0.5885457076209519,5.641070181347112e-16
42.53897918839864,457.46538469561597,0.0013018381187413844,457.4649970435094,0.5955457075813385,3.7934364899175096e-16
43.03897918839864,456.96544100036573,0.0013185808555343638,456.9650437476909,0.6025457075406326,2.55098746986759e-16
43.53897918839864,456.4654974326495,0.001335360267277284,456.4650904510296,0.6095457074988155,2.573234081792139e-16
44.03897918839864,455.9655539928859,0.0013521764745975226,455.96513715352177,0.6165457074558681,6.489249683231603e-17
44.53897918839864,455.4656106814952,0.0013690295986520029,455.46518385516373,0.623545707411771,1.9637904380160627e-16
45.03897918839864,454.9656674988998,0.0013859197611301025,454.9652305559518,0.6305457073665045,2.6412986494222613e-16
45.53897918839864,454.46572444552373,0.001402847084256582,454.4652772558821,0.6375457073200496,1.9983274008367887e-16
46.03897918839864,453.965781521793,0.0014198116907945314,453.965323954951,0.644545707272386,2.6878034006231995e-16
46.53897918839864,453.46583872813545,0.0014368137040483375,453.4653706531544,0.6515457072234939,4.744953102919283e-16
47.03897918839864,452.96589606498077,0.0014538532478666703,452.9654173504888,0.6585457071733529,3.419042759651334e-16
47.53897918839864,452.46595353276064,0.001470930446645489,452.4654640469503,0.6655457071219428,4.1389549371823617e-16
48.03897918839864,451.96601113190854,0.0014880454253310687,451.96551074253483,0.672545707069243,3.4795145534725524e-16
48.53897918839864,451.46606886285997,0.0015051983094230461,451.4655574372388,0.6795457070152324,2.1061214340833107e-16
49.03897918839864,450.96612672605227,0.0015223892249774866,450.965604131058,0.6865457069598905,4.249435173361939e-16
49.53897918839864,450.4661847219248,0.001539618298609971,450.46565082398865,0.6935457069031957,2.1434992265659282e-16
50.03897918839864,449.9662428509188,0.0015568856574987029,449.9656975160269,0.700545706845127,3.6041140255920935e-16
50.53897918839864,449.4663011134774,0.0015741914293876374,449.46574420716865,0.7075457067856624,2.908836319902832e-16
51.03897918839864,448.96635951004595,0.00159153574258963,448.96579089740993,0.7145457067247803,2.2009778127590658e-16
51.53897918839864,448.4664180410715,0.0016089187259896067,448.4658375867468,0.7215457066624588,2.960696363028257e-16
52.03897918839864,447.96647670700327,0.001626340509047756,447.96588427517503,0.7285457065986753,2.987017044232501e-16
52.53897918839864,447.46653550829234,0.001643801221802741,447.46593096269066,0.7355457065334078,3.7670025613725185e-16
53.03897918839864,446.966594445392,0.0016613009948749343,446.96597764928964,0.7425457064666334,1.520227167717278e-16
53.53897918839864,446.46665351875737,0.001678839959469674,446.4660243349679,0.7495457063983294,3.067576897539999e-16
54.03897918839864,445.9667127288457,0.0016964182473805417,445.96607101972126,0.7565457063284724,3.0949727666922514e-16
54.53897918839864,445.4667720761163,0.0017140359909926628,445.4661177035454,0.7635457062570393,3.122645011648401e-16
55.03897918839864,444.96683156103046,0.001731693323286028,444.9661643864364,0.7705457061840066,3.150596739151165e-16
55.53897918839864,444.4668911840517,0.0017493903778388394,444.46621106838995,0.7775457061093506,3.973538868053447e-16
56.03897918839864,443.9669509456454,0.0017671272888308766,443.9662577494018,0.7845457060330471,2.405513446339741e-16
56.53897918839864,443.46701084627927,0.0017849041910468872,443.4663044294677,0.7915457059550721,8.090401162487468e-17
57.03897918839864,442.9670708864229,0.00180272121988,442.96635110858347,0.798545705875401,5.714208443945336e-16
57.53897918839864,442.4671310665482,0.0018205785113351613,442.46639778674466,0.8055457057940091,3.294659075239282e-16
58.03897918839864,441.96719138712905,0.001838476202032594,441.96644446394714,0.8125457057108718,4.986532698783918e-16
58.53897918839864,441.4672518486416,0.0018564144292112805,441.46649114018646,0.8195457056259636,2.515765145460176e-16
59.03897918839864,440.967312451564,0.00187439333073247,440.9665378154582,0.8265457055392593,1.6923288446441446e-16
59.53897918839864,440.46737319637674,0.0018924130450832086,440.466584489758,0.8335457054507333,2.561453318411436e-16
60.03897918839864,439.9674340835624,0.0019104737113798936,439.96663116308156,0.8405457053603596,1.7230986246040811e-16
60.53897918839864,439.4674951136057,0.001928575469371853,439.4666778354242,0.847545705268112,1.738719861743797e-16
61.03897918839864,438.96755628699367,0.0019467184594449487,438.96672450678165,0.8545457051739642,1.7545010594756846e-16
61.53897918839864,438.4676176042155,0.001964902822625204,438.46677117714927,0.8615457050778897,8.852220214468289e-17
62.03897918839864,437.96767906576264,0.001983128700582457,437.9668178465227,0.8685457049798616,8.932753300237845e-17
62.53897918839864,437.46774067212874,0.0020013962356340374,437.46686451489734,0.8755457048798528,3.605645564517513e-16
63.03897918839864,436.9678024238097,0.002019705570748471,436.9669111822686,0.8825457047778357,1.8192623044403261e-16
63.53897918839864,436.4678643213037,0.0020380568495492074,436.4669578486317,0.8895457046737825,2.753806718133282e-16
64.03897918839864,435.9679263651112,0.002056450216318374,435.9670045139823,0.8965457045676656,3.705302496561949e-16
64.53897918839864,435.467988555735,0.002074885816000556,435.4670511783156,0.9035457044594567,3.7392091613497674e-16
65.03897918839864,434.9680508936802,0.0020933637942066033,434.9670978416269,0.9105457043491274,3.7734662703670956e-16
65.53897918839864,434.46811337945405,0.002111884297217462,434.4671445039116,0.9175457042366488,1.9040389296529983e-16
66.03897918839864,433.9681760135664,0.0021304474719880334,433.9671911651649,0.9245457041219922,5.764572022637397e-16
66.53897918839864,433.46823879652925,0.0021490534661510593,433.46723782538197,0.931545704005128,3.8783808765929543e-16
67.03897918839864,432.96830172885706,0.002167702428021035,432.96728448455815,0.9385457038860269,2.9355604765083963e-16
67.53897918839864,432.4683648110666,0.002186394506598148,432.4673311426886,0.9455457037646585,2.96261365220896e-16
68.03897918839864,431.968428043677,0.002205129851572246,431.9673777997684,0.9525457036409934,2.98994840885158e-16
68.53897918839864,431.4684914272099,0.0022239086133268304,431.4674244557927,0.9595457035150005,1.0058560039711295e-16
69.03897918839864,430.96855496218933,0.002242730942943079,430.96747111075666,0.9665457033866494,4.060634358157403e-16
69.53897918839864,430.46861864914166,0.0022615969922038966,430.4675177646553,0.9735457032559091,2.0491166856793599e-16
70.03897918839864,429.9686824885958,0.0022805069135979922,429.9675644174837,0.9805457031227484,2.068112789394491e-16
70.53897918839864,429.46874648108303,0.0022994608603239875,429.46761106923685,0.9875457029871355,2.0873077808897028e-16
71.03897918839864,428.96881062713715,0.002318458986294552,428.9676577199097,0.9945457028490384,3.1600559703791485e-16
71.53897918839864,428.46887492729445,0.0023375014461405673,428.4677043694972,1.0015457027084251,2.1263037374066358e-16
72.03897918839864,427.9689393820937,0.002356588395215321,427.9677510179944,1.008545702565263,4.2922188650575014e-16
72.53897918839864,427.46900399207624,0.002375719989598731,427.46779766539606,1.0155457024195196,3.2491852147150996e-16
73.03897918839864,426.96906875778586,0.002394896386101597,426.96784431169715,1.022545702271161,2.1863483112205853e-16
73.53897918839864,426.4691336797689,0.002414117742269884,426.4678909568924,1.0295457021201544,4.413572820562989e-16
74.03897918839864,425.96919875857435,0.0024333842163890345,425.96793760097665,1.0365457019664657,6.682320837532044e-16
74.53897918839864,425.46926399475365,0.002452695967488314,425.4679842439447,1.0435457018100605,6.744937367625255e-16
75.03897918839864,424.9693293888609,0.002472053155345182,424.96803088579134,1.0505457016509048,6.808216533749919e-16
75.53897918839864,424.46939494145283,0.0024914559404896996,424.4680775265112,1.0575457014889638,5.726805123879867e-16
76.03897918839864,423.96946065308873,0.002510904484208963,423.968124166099,1.0645457013242023,4.0464632405384654e-16
76.53897918839864,423.46952652433055,0.002530398948551573,423.4681708045494,1.0715457011565848,4.0845632829025414e-16
77.03897918839864,422.96959255574285,0.0025499394963321336,422.968217441857,1.0785457009860755,4.7120782302692735e-16
77.53897918839864,422.46965874789294,0.0025695262911357825,422.4682640780163,1.0855457008126383,4.7565526237289e-16
78.03897918839864,421.9697251013508,0.0025891594973227548,421.9683107130221,1.092545700636237,4.2013134278877347e-16
78.53897918839864,421.46979161668895,0.0026088392800329785,421.46835734686874,1.099545700456834,1.817598438680268e-16
79.03897918839864,420.96985829448283,0.002628565805190703,420.96840397955066,1.106545700274393,4.281237323069867e-16
79.53897918839864,420.4699251353105,0.002648339239509161,420.46845061106245,1.113545700088876,4.939247293654836e-16
80.03897918839864,419.96999213975283,0.0026681597504952634,419.96849724139844,1.120545699900245,-0.0
80.53897918839864,419.4700593083934,0.002688027506454326,419.4685438705531,1.127545699708462,3.775165142568877e-16
81.03897918839864,418.9701266418185,0.002707942676494833,418.9685904985207,1.1345456995134884,4.446283671918113e-16
81.53897918839864,418.4701941406174,0.0027279054305332333,418.46863712529574,1.141545699315285,2.5649478089614503e-16
82.03897918839864,417.9702618053821,0.0027479159392987712,417.9686837508723,1.1485456991138125,3.23677836519345e-16
82.53897918839864,417.47032963670733,0.002767974374338351,417.4687303752448,1.1555456989090311,6.535403252731486e-17
83.03897918839864,416.97039763519075,0.0027880809080214376,416.9687769984073,1.1625456987009006,2.639166801778097e-16
83.53897918839864,416.4704658014329,0.002808235713544993,416.4688236203541,1.1695456984893806,-6.661106005279614e-17
84.03897918839864,415.97053413603714,0.002828438964938447,415.96887024107934,1.17654569827443,-6.724978381244496e-17
84.53897918839864,415.4706026396098,0.002848690837068703,415.4689168605771,1.1835456980560077,1.3579084732293788e-16
85.03897918839864,414.9706713127601,0.002868991505645184,414.96896347884154,1.1905456978340718,-0.0
85.53897918839864,414.47074015610013,0.00288934114722491,414.4690100958667,1.1975456976085803,1.384155729275858e-16
86.03897918839864,413.970809170245,0.002909739939217615,413.96905671164643,1.2045456973794904,2.0962403887492781e-16
86.53897918839864,413.4708783558127,0.002930188059890902,413.4691033261748,1.2115456971467595,1.410976586476048e-16
87.03897918839864,412.9709477134244,0.0029506856883754324,412.9691499394458,1.2185456969103439,2.136909705828041e-16
87.53897918839864,412.47101724370407,0.002971233004670156,412.46919655145325,1.2255456966702003,2.876770055168584e-16
88.03897918839864,411.97108694727876,0.002991830189647577,411.9692431621911,1.2325456964262842,7.261570321416438e-17
88.53897918839864,411.47115682477863,0.0030124774250590604,411.46928977165317,1.239545696178551,7.33197705780927e-17
89.03897918839864,410.9712268768368,0.003033174893540174,410.9693363798331,1.2465456959269554,1.480630924889553e-16
89.53897918839864,410.4712971040895,0.003053922778616074,410.4693829867248,1.2535456956714524,2.242533726978935e-16
90.03897918839864,409.9713675071761,0.003074721264706925,409.96942959232194,1.2605456954119958,2.26435799477948e-16
90.53897918839864,409.47143808673906,0.0030955705371333636,409.4694761966182,1.2675456951485393,7.621406959065448e-17
91.03897918839864,408.9715088434239,0.0031164707821219996,408.9695227996072,1.274545694881036,2.3087289418299793e-16
91.53897918839864,408.4715797778794,0.0031374221868109595,408.4695694012825,1.2815456946094388,3.108375377017599e-16
92.03897918839864,407.9716508907575,0.003158424939255468,407.9696160016377,1.2885456943337,2.3540828763784356e-16
92.53897918839864,407.4717221827132,0.0031794792284334746,407.4696626006663,1.2955456940537708,1.5847573528900086e-16
93.03897918839864,406.97179365440496,0.0032005852442513177,406.96970919836184,1.3025456937696034,2.400444089695674e-16
93.53897918839864,406.4718653064942,0.0032217431775494326,406.4697557947177,1.3095456934811476,8.080033991798319e-17
94.03897918839864,405.9719371396457,0.003242953220108102,405.96980238972725,1.316545693188355,2.447837535584633e-16
94.53897918839864,405.4720091545276,0.003264215564653247,405.46984898338394,1.3235456928911749,-0.0
95.03897918839864,404.9720813518112,0.0032855304048622623,404.96989557568094,1.3305456925895565,2.496288850153752e-16
95.53897918839864,404.4721537321712,0.0033068979353698953,404.46994216661165,1.337545692283449,-8.403064703518531e-17
96.03897918839864,403.97222629628556,0.0033283183517741686,403.9699887561693,1.3445456919728007,-0.0
96.53897918839864,403.4722990448356,0.0033497918506423447,403.47003534434697,1.3515456916575597,8.570023797644436e-17
97.03897918839864,402.9723719785061,0.0033713186295169367,402.97008193113794,1.3585456913376732,2.596471164444737e-16
97.53897918839864,402.4724450979851,0.003392898886921764,402.4701285165352,1.365545691013088,-0.0
98.03897918839864,401.97251840396416,0.003414532822368052,401.97017510053195,1.372545690683751,-0.0
98.53897918839864,401.4725918971383,0.0034362206363605795,401.47022168312105,1.3795456903496077,-0.0
99.03897918839864,400.9726655782058,0.003457962530403868,400.9702682642956,1.3865456900106035,-0.0
99.53897918839864,400.47273944786866,0.0034797587070084226,400.47031484404846,1.3935456896666831,9.093781129538885e-17
100.03897918839864,399.97281350683227,0.0035016093696970145,399.9703614223726,1.4005456893177908,9.184537024024762e-17
100.53897918839864,399.47288775580546,0.0035235147230110154,399.4704079992607,1.4075456889638704,2.782894663616007e-16
101.03897918839864,398.97296219550077,0.003545474972516776,398.97045457470574,1.4145456886048648,9.369129530273064e-17
101.53897918839864,398.4730368266342,0.0035674903248120544,398.47050114870035,1.4215456882407171,-0.0
102.03897918839864,397.9731116499254,0.0035895609875324914,397.9705477212373,1.4285456878713694,9.557916127995375e-17
102.53897918839864,397.47318666609755,0.003611687169358136,397.4705942923093,1.4355456874967625,9.653915313012751e-17
103.03897918839864,396.97326187587754,0.00363386908002002,396.97064086190886,1.4425456871168378,9.751003111422373e-17
103.53897918839864,396.47333727999586,0.003656106930306782,396.4706874300286,1.4495456867315357,9.849193275273689e-17
104.03897918839864,395.97341287918675,0.0036784009320713403,395.97073399666107,1.4565456863407957,9.948499748113929e-17
104.53897918839864,395.47348867418805,0.0037007512982376203,395.4707805617987,1.4635456859445568,1.004893666790244e-16
105.03897918839864,394.97356466574143,0.003723158242807328,394.97082712543386,1.4705456855427583,4.060207347989227e-16
105.53897918839864,394.47364085459225,0.003745621980866778,394.47087368755905,1.4775456851353375,4.1013037560182243e-16
106.03897918839864,393.9737172414896,0.003768142728593774,393.9709202481665,1.4845456847222316,1.0357174467286852e-16
106.53897918839864,393.47379382718657,0.0037907207032645373,393.47096680724866,1.491545684303378,4.1849114189691945e-16
107.03897918839864,392.9738706124398,0.0038133561232606963,392.9710133647975,1.4985456838787126,3.170576035770866e-16
107.53897918839864,392.4739475980099,0.00383604920807632,392.47105992080543,1.5055456834481706,3.202834365334343e-16
108.03897918839864,391.97402478466137,0.0038588001783250118,391.9711064752645,1.512545683011687,1.0784877427654478e-16
108.53897918839864,391.47410217316263,0.0038816092557470558,391.4711530281668,1.5195456825691962,1.0894891219652637e-16
109.03897918839864,390.97417976428596,0.0039044766632166175,390.9711995795043,1.5265456821206316,-0.0
109.53897918839864,390.47425755880755,0.003927402624748999,390.47124612926905,1.5335456816659259,3.3356207653626713e-16
110.03897918839864,389.9743355575077,0.0039503873655079525,389.97129267745305,1.5405456812050118,1.1232599494058864e-16
110.53897918839864,389.4744137611705,0.003973431111813048,389.47133922404805,1.547545680737821,2.2695558998659607e-16
111.03897918839864,388.9744921705843,0.003996534091147097,388.9713857690459,1.5545456802642836,2.8660732134974675e-16
111.53897918839864,388.4745707865413,0.004019696532163638,388.4714323124384,1.5615456797843306,3.474647025705776e-16
112.03897918839864,387.9746496098378,0.004042918664694474,387.9714788542173,1.5685456792978907,1.7552082949716393e-16
112.53897918839864,387.47472864127434,0.004066200719757272,387.4715253943742,1.5755456788048936,1.773300927495145e-16
113.03897918839864,386.9748078816554,0.00408954292956322,386.97157193290076,1.5825456783052667,-0.0
113.53897918839864,386.4748873317898,0.004112945527524745,386.47161846978855,1.5895456777989383,1.2067470303733568e-16
114.03897918839864,385.9749669924903,0.004136408748263289,385.97166500502897,1.596545677285834,2.4384707048012347e-16
114.53897918839864,385.47504686457415,0.0041599328276171466,385.47171153861365,1.603545676765881,4.927478288675913e-16
115.03897918839864,384.9751269488626,0.004183518002649361,384.97175807053384,1.6105456762390038,3.111628971001297e-16
115.53897918839864,384.4752072461813,0.004207164511655689,384.4718046007809,1.6175456757051268,3.1439583176375903e-16
116.03897918839864,383.9752877573601,0.0042308725941726175,383.9718511293462,1.624545675164174,1.270666741757074e-16
116.53897918839864,383.4753684832332,0.004254642490985451,383.47189765622085,1.6315456746160684,1.2839038142302158e-16
117.03897918839864,382.9754494246391,0.004278474444136462,382.97194418139605,1.6385456740607323,1.9459448321081557e-16
117.53897918839864,382.47553058242084,0.004302368696933097,382.47199070486295,1.6455456734980871,1.3108470025369936e-16
118.03897918839864,381.97561195742566,0.0043263254939562585,381.97203722661254,1.6525456729280537,1.3245572263259854e-16
118.53897918839864,381.4756935505053,0.0043503450810686425,381.4720837466359,1.659545672350552,-0.0
119.03897918839864,380.97577536251595,0.004374427705423148,380.97213026492386,1.6665456717654998,1.352465426711097e-16
119.53897918839864,380.4758573943183,0.004398573615471351,380.47217678146734,1.6735456711728172,1.3666676921659441e-16
120.03897918839864,379.97593964677765,0.004422783060972041,379.9722232962572,1.6805456705724202,1.381038312298811e-16
120.53897918839864,379.4760221207637,0.004447056292999833,379.4722698092841,1.6875456699642264,2.0933692652655262e-16
121.03897918839864,378.97610481715077,0.004471393563953841,378.9723163205388,1.6945456693481518,-0.0
121.53897918839864,378.47618773681785,0.0044957951275664204,378.472362830012,1.7015456687241106,1.4251826937406928e-16
122.03897918839864,377.9762708806485,0.004520261238911988,377.97240933769416,1.7085456680920172,1.440249289415801e-16
122.53897918839864,377.4763542495309,0.004544792154415899,377.47245584357574,1.7155456674517853,3.638739209679475e-16
123.03897918839864,376.9764378443581,0.004569388131863406,376.9725023476473,1.7225456668033265,2.941848534400182e-16
123.53897918839864,376.4765216660277,0.004594049430408685,376.47254884989917,1.7295456661465531,4.459612393541097e-16
124.03897918839864,375.9766057154421,0.004618776310583927,375.9725953503216,1.7365456654813753,3.755844341270022e-16
124.53897918839864,375.47668999350856,0.004643569034308518,375.47264184890497,1.7435456648077026,2.277491370047076e-16
125.03897918839864,374.9767745011392,0.0046684278648982756,374.97268834563937,1.750545664125444,-0.0
125.53897918839864,374.4768592392508,0.004693353067074769,374.47273484051493,1.757545663434508,2.3263292299752043e-16
126.03897918839864,373.9769442087653,0.0047183449069747125,373.97278133352177,1.7645456627348008,7.837300314078779e-17
126.53897918839864,373.47702941060936,0.004743403652159431,373.4728278246498,1.7715456620262287,-0.0
127.03897918839864,372.97711484571465,0.004768529571624406,372.972874313889,1.7785456613086972,1.6012103649853217e-16
127.53897918839864,372.47720051501784,0.004793722935808898,372.47292080122924,1.78554566058211,-0.0
128.03897918839863,371.9772864194606,0.004818984016605637,371.9729672866602,1.7925456598463703,-0.0
128.53897918839863,371.4773725599897,0.004844313087370612,371.47301377017175,1.7995456591013808,8.266914624041566e-17
129.03897918839863,370.97745893755695,0.004869710422932914,370.9730602517534,1.8065456583470423,-0.0
129.53897918839863,370.4775455531193,0.004895176299604677,370.4731067313948,1.813545657583255,4.2230719964746276e-16
130.03897918839863,369.9776324076388,0.004920710995191098,369.9731532090854,1.820545656809918,-1.7074796625949378e-16
130.53897918839863,369.4777195020828,0.004946314789000525,369.47319968481463,1.8275456560269299,8.629765510312068e-17
131.03897918839863,368.9778068374238,0.0049719879618546434,368.9732461585719,1.8345456552341874,-1.7446521405352126e-16
131.53897918839863,368.47789441463965,0.004997730796098735,368.4732926303465,1.841545654431587,-0.0
132.03897918839863,367.9779822347134,0.005023543575612025,367.9733391001277,1.848545653619024,8.913696678888901e-17
132.53897918839863,367.4780702986335,0.005049426585818111,367.47338556790453,1.8555456527963918,-1.8021337689785207e-16
133.03897918839863,366.9781586073937,0.0050753801136954775,366.9734320336661,1.8625456519635837,1.8217663555680228e-16
133.53897918839863,366.47824716199324,0.0051014044477880995,366.47347849740146,1.8695456511204918,-9.208201764996721e-17
134.03897918839863,365.97833596343673,0.005127499878216129,365.9735249590995,1.8765456502670061,-9.308795339188881e-17
134.53897918839863,365.4784250127343,0.005153666696686671,365.4735714187491,1.8835456494030167,-3.7642517131402096e-16
135.03897918839863,364.97851431090163,0.005179905196504649,364.9736178763389,1.8905456485284124,-0.0
135.53897918839863,364.47860385895984,0.005206215672583755,364.4736643318577,1.8975456476430799,-0.0
136.03897918839863,363.9786936579358,0.0052325984214575,363.97371078529414,1.9045456467469062,-9.723744986110624e-17
136.53897918839863,363.47878370886195,0.005259053741290341,363.4737572366367,1.911545645839776,-0.0
137.03897918839863,362.9788740127763,0.005285581931888915,362.97380368587386,1.918545644921573,-3.9756039704379057e-16
137.53897918839863,362.4789645707227,0.005312183294713353,362.47385013299396,1.9255456439921799,-2.009730604810963e-16
138.03897918839863,361.97905538375073,0.005338858132888699,361.97389657798533,1.9325456430514782,-2.031932262592807e-16
138.53897918839863,361.47914645291576,0.005365606751216415,361.4739430208362,1.9395456420993489,-2.0544107453524572e-16
139.03897918839863,360.9792377792789,0.005392429456185983,360.9739894615347,1.9465456411356703,1.0385849488842302e-16
139.53897918839863,360.4793293639072,0.00541932655598661,360.4740359000688,1.9535456401603206,-0.0
140.03897918839863,359.97942120787366,0.005446298360519024,359.9740823364266,1.9605456391731764,-1.0617729427787008e-16
140.53897918839863,359.47951331225715,0.005473345181407367,359.47412877059594,1.9675456381741128,-2.1471707085332854e-16
141.03897918839863,358.9796056781426,0.005500467332011195,358.97417520256454,1.9745456371630044,-3.256638267592367e-16
141.53897918839863,358.47969830662095,0.00552766512743757,358.4742216323203,1.981545636139723,-1.0976572220689487e-16
142.03897918839863,357.97979119878914,0.005554938884553262,357.9742680598506,1.9885456351041406,-3.329762578082653e-16
142.53897918839863,357.47988435575036,0.0055822889219970424,357.47431448514317,1.9955456340561277,-0.0
143.03897918839863,356.9799777786139,0.00560971556019209,356.9743609081854,2.002545632995552,-0.0
143.53897918839863,356.48007146849517,0.0056372191213584985,356.4744073289647,2.0095456319222817,1.721472530507363e-16
144.03897918839863,355.980165426516,0.0056647999295258876,355.9744537474683,2.016545630836183,-0.0
144.53897918839863,355.4802596538044,0.005692458310546122,355.47450016368344,2.0235456297371197,-1.1736026463871549e-16
145.03897918839863,354.98035415149474,0.005720194592106136,354.97454657759715,2.030545628624956,-1.1868274064209416e-16
145.53897918839863,354.4804489207277,0.005748009103740873,354.4745929891965,2.0375456274995534,6.001101791295325e-17
146.03897918839863,353.9805439626506,0.005775902176846322,353.9746393984684,2.0445456263607724,6.068919422443277e-17
146.53897918839863,353.48063927841696,0.005803874144692678,353.4746858053997,2.051545625208472,6.13760202450062e-17
147.03897918839863,352.98073486918696,0.005831925342437608,352.974732209977,2.0585456240425093,6.207161885610232e-17
147.53897918839863,352.4808307361273,0.005860056107139627,352.4747786121871,2.0655456228627407,-0.0
148.03897918839863,351.98092688041135,0.005888266777771596,351.9748250120164,2.0725456216690206,-2.5395854011885433e-16
148.53897918839863,351.4810233032191,0.005916557695234325,351.4748714094515,2.079545620461202,-1.2842461621725875e-16
149.03897918839863,350.98112000573724,0.005944929202370303,350.97491780447865,2.086545619239137,6.494426487858043e-17
149.53897918839863,350.4812169891592,0.005973381643977534,350.47496419708415,2.0935456180026746,-6.568563817769666e-17
150.03897918839863,349.9813142546851,0.006001915366823505,349.9750105872541,2.1005456167516634,1.3287312587849706e-16
150.53897918839863,349.4814118035222,0.006030530719659258,349.4750569749745,2.1075456154859507,-1.343943524555246e-16
151.03897918839863,348.98150963688437,0.006059228053233596,348.9751033602315,2.114545614205382,-1.3593523455162166e-16
151.53897918839863,348.48160775599257,0.006088007720307409,348.4751497430108,2.121545612909799,6.874802752149363e-17
152.03897918839863,347.9817061620747,0.006116870075668113,347.9751961232982,2.1285456115990464,6.953855064661995e-17
152.53897918839863,347.4818048563658,0.006145815476144229,347.4752425010794,2.1355456102729624,-7.033933261560908e-17
153.03897918839863,346.9819038401078,0.0061748442806200746,346.9752888763398,2.142545608931387,-1.423010434302461e-16
153.53897918839863,346.48200311454997,0.006203956850050593,346.475335249065,2.1495456075741552,-2.1591680578333634e-16
154.03897918839863,345.98210268094874,0.006233153547476305,345.97538161924024,2.156545606201105,-3.640236315331121e-16
154.53897918839863,345.4822025405677,0.006262434738038386,345.47542798685083,2.163545604812067,-2.9459220140152595e-16
155.03897918839863,344.98230269467786,0.0062918007889938895,344.9754743518818,2.1705456034068753,-3.7251199356421364e-16
155.53897918839863,344.4824031445575,0.006321252069731086,344.4755207143183,2.1775456019853587,-2.2610379573912132e-16
156.03897918839863,343.98250389149234,0.006350788951784944,343.9755670741451,2.184545600547345,-0.0
156.53897918839863,343.48260493677554,0.006380411808852747,343.47561343134697,2.191545599092662,-3.085328313171162e-16
157.03897918839863,342.9827062817078,0.006410121016809845,342.97565978590876,2.1985455976211323,-2.3409985393894646e-16
157.53897918839863,342.48280792759743,0.00643991695372554,342.47570613781494,2.20554559613258,-4.7367128757634855e-16
158.03897918839863,341.9829098757603,0.0064697999998791205,341.97575248705,2.212545594626826,-3.9934585769719785e-16
158.53897918839863,341.48301212751994,0.006499770537776025,341.4757988335983,2.219545593103688,-4.040266607419274e-16
159.03897918839863,340.98311468420775,0.006529828952164158,340.975845177444,2.226545591562984,-3.270155038219412e-16
159.53897918839863,340.4832175471628,0.006559975630050342,340.4758915185713,2.2335455900045296,-4.962899124277051e-16
160.03897918839863,339.983320717732,0.006590210960716919,339.9759378569642,2.240545588428136,-5.021330754152734e-16
160.53897918839863,339.48342419727027,0.006620535335738498,339.4759841926066,2.247545586833616,-2.540269376145207e-16
161.03897918839863,338.9835279871404,0.006650949148998848,338.9760305254821,2.254545585220778,-1.7135115360562914e-16
161.53897918839863,338.4836320887133,0.006681452796707943,338.4760768555745,2.2615455835894287,-3.467553332459724e-16
162.03897918839863,337.9837365033679,0.00671204667741916,337.97612318286724,2.2685455819393736,-8.771561319196973e-17
162.53897918839863,337.4838412324912,0.0067427311920466235,337.4761695073438,2.275545580270415,-3.550244698993724e-16
163.03897918839863,336.98394627747865,0.006773506743882711,336.9762158289874,2.2825455785823547,-3.592422019390074e-16
163.53897918839863,336.48405163973376,0.006804373738615711,336.47626214778126,2.2895455768749913,-6.361538392955657e-16
164.03897918839863,335.9841573206684,0.006835332584347638,335.97630846370834,2.2965455751481203,-3.678481472381114e-16
164.53897918839863,335.4842633217028,0.006866383691612211,335.4763547767516,2.303545573401537,-5.583570946833303e-16
165.03897918839863,334.9843696442658,0.006897527473392985,334.97640108689376,2.310545571635034,-4.708588745737494e-16
165.53897918839863,334.4844762897946,0.006928764345141653,334.4764473941175,2.3175455698484004,-5.717942154907243e-16
166.03897918839863,333.98458325973496,0.006960094724796509,333.97649369840525,2.3245455680414238,-2.8932457245105685e-16
166.53897918839863,333.48469055554136,0.006991519032801077,333.4765399997395,2.3315455662138893,-5.855968123262876e-16
167.03897918839863,332.984798178677,0.007023037692122904,332.9765862981024,2.338545564365581,-4.938655126363522e-16
167.53897918839863,332.48490613061387,0.0070546511282725335,332.4766325934762,2.345545562496279,-4.998133116870521e-16
168.03897918839863,331.9850144128327,0.007086359769322635,331.97667888584283,2.3525455606057624,-3.035051665752246e-16
168.53897918839863,331.48512302682315,0.007118164045927319,331.4767251751841,2.359545558693806,-5.119526340367992e-16
169.03897918839863,330.9852319740839,0.007150064391341622,330.97677146148175,2.3665455567601845,-5.181466249226784e-16
169.53897918839863,330.48534125612264,0.0071820612414411665,330.4768177447173,2.373545554804669,-4.1954014539136596e-16
170.03897918839863,329.98545087445615,0.007214155034742004,329.97686402487227,2.380545552827027,-5.307895904437714e-16
170.53897918839863,329.48556083061044,0.0072463462124206365,329.4769103019279,2.3875455508270256,-5.3724115854880765e-16
171.03897918839863,328.9856711261207,0.007278635218334216,328.97695657586524,2.394545548804428,-4.350249724133578e-16
171.53897918839863,328.4857817625315,0.0073110224990409365,328.47700284666547,2.401545546758996,-3.3024666789749937e-16
172.03897918839863,327.9858927413967,0.007343508503820608,327.9770491143094,2.408545544690487,-1.114264452129421e-16
172.53897918839863,327.48600406427977,0.007376093684695417,327.47709537877773,2.415545542598658,-3.3836757119052833e-16
173.03897918839863,326.98611573275355,0.007408778496450882,326.977141640051,2.4225455404832608,5.708537122915947e-17
173.53897918839863,326.48622774840055,0.0074415633966569954,326.47718789810966,2.4295455383440467,-1.1557139048060085e-16
174.03897918839863,325.986340112813,0.007474448845689568,325.97723415293393,2.4365455361807635,-5.849571422247577e-17
174.53897918839863,325.48645282759287,0.007507435306751761,325.47728040450403,2.4435455339931567,-1.1843115532137064e-16
175.03897918839863,324.9865658943518,0.007540523245895823,324.97732665279983,2.4505455317809672,-1.79836312741681e-16
175.53897918839863,324.4866793147116,0.007573713132045025,324.47737289780116,2.4575455295439355,-1.820563457866738e-16
176.03897918839863,323.98679309030376,0.0076070054370158,323.97741913948767,2.4645455272817975,-1.843073038653214e-16
176.53897918839863,323.48690722277007,0.007640400635540086,323.4774653778388,2.471545524994287,6.219655559372655e-17
177.03897918839863,322.9870217137623,0.0076738992052878775,322.97751161283406,2.4785455226811353,-1.2593594836227183e-16
177.53897918839863,322.4871365649425,0.007707501626889985,322.47755784445246,2.4855455203420687,-1.2750037834676434e-16
178.03897918839863,321.987251777983,0.00774120838396101,321.97760407267305,2.4925455179768137,-1.2908673773000506e-16
178.53897918839863,321.4873673545664,0.00777501996312253,321.4776502974747,2.499545515585091,-6.534768444224803e-17
179.03897918839863,320.98748329638596,0.007808936854026503,320.9776965188361,2.50654551316662,-0.0
179.53897918839863,320.48759960514525,0.00784295954937889,320.4777427367358,2.5135455107211153,1.3398084556825897e-16
180.03897918839863,319.98771628255855,0.007877088544963494,319.9777889511521,2.5205455082482904,3.3914601437074496e-16
180.53897918839863,319.4878333303509,0.007911324339666034,319.47783516206323,2.5275455057478533,2.7471933445921946e-16
181.03897918839863,318.98795075025794,0.007945667435498438,318.9778813694471,2.5345455032195114,2.781700059520523e-16
181.53897918839863,318.48806854402636,0.007980118337623356,318.4779275732817,2.5415455006629672,2.112521886310126e-16
182.03897918839863,317.98818671341365,0.008014677554378924,317.97797377354465,2.548545498077919,3.565235539715712e-16
182.53897918839863,317.4883052601884,0.008049345597303744,317.4780199702133,2.5555454954640635,2.8881856644414596e-16
183.03897918839863,316.9884241861303,0.008084122981162113,316.97806616326517,2.5625454928210947,2.193521653620904e-16
183.53897918839863,316.4885434930303,0.008119010223969476,316.4781123526772,2.5695454901487,7.404315460444742e-17
184.03897918839863,315.9886631826906,0.008154007847018141,315.9781585384265,2.576545487446567,2.9992858759043283e-16
184.53897918839863,315.4887832569247,0.008189116374903216,315.4782047204897,2.5835454847143766,3.796728789545966e-16
185.03897918839863,314.9889037175578,0.00822433633554881,314.9782508988435,2.590545481951808,3.0760262173280894e-16
185.53897918839863,314.4890245664264,0.008259668260234476,314.47829707346426,2.597545479158537,3.8940301867730595e-16
186.03897918839863,313.9891458053789,0.008295112683621908,313.9783432443282,2.604545476334235,1.577492848862469e-16
186.53897918839863,313.4892674362752,0.008330670143781891,313.47838941141134,2.6115454734785697,3.195319888391402e-16
187.03897918839863,312.9893894609873,0.008366341182221513,312.97843557468946,2.6185454705912052,4.854353860349754e-16
187.53897918839863,312.4895118813989,0.008402126343911636,312.4784817341382,2.625545467671803,4.916614651717118e-16
188.03897918839863,311.98963469940594,0.00843802617731463,311.9785278897331,2.6325454647200175,3.3198509845718863e-16
188.53897918839863,311.48975791691635,0.008474041234412375,311.47857404144924,2.6395454617355036,4.2032115492285333e-16
189.03897918839863,310.9898815358503,0.008510172070734533,310.9786201892618,2.646545458717909,4.2573846497585614e-16
189.53897918839863,310.49000555814035,0.008546419245387092,310.47866633314555,2.653545455666879,4.3123455693020925e-16
190.03897918839863,309.9901299857314,0.008582783321081191,309.9787124730752,2.660545452582054,1.7472428273323052e-16
190.53897918839863,309.490254820581,0.008619264864162212,309.4787586090251,2.667545449463071,2.6548092810867803e-16
191.03897918839863,308.9903800646592,0.008655864444639168,308.9788047409695,2.674545446309562,3.585667192254572e-16
191.53897918839863,308.49050571994877,0.00869258263621437,308.4788508688825,2.681545443121157,5.448391309488753e-16
192.03897918839863,307.9906317884454,0.00872942001631338,307.97889699273776,2.6885454398974793,3.679537709401675e-16
192.53897918839863,307.4907582721577,0.00876637716611526,307.47894311250894,2.6955454366381484,2.79563164312736e-16
193.03897918839863,306.9908851731072,0.008803454670583119,306.9789892281695,2.7025454333427805,-0.0
193.53897918839863,306.4910124933287,0.008840653118494952,306.4790353396925,2.7095454300109876,4.781974651132378e-16
194.03897918839863,305.9911402348703,0.008877973102474786,305.97908144705093,2.7165454266423756,5.813554152338444e-16
194.53897918839863,305.4912683997932,0.008915415219024128,305.4791275502175,2.7235454232365472,1.9632833997159066e-16
195.03897918839863,304.9913969901724,0.008952980068553724,304.97917364916475,2.7305454197931,1.9890920074987666e-16
195.53897918839863,304.4915260080962,0.008990668255415635,304.47921974386486,2.7375454163116277,-0.0
196.03897918839863,303.9916554556667,0.009028480387935618,303.97926583428995,2.744545412791718,1.0209319781686832e-16
196.53897918839863,303.49178533499986,0.009066417078445837,303.4793119204117,2.751545409232956,3.1032600904352867e-16
197.03897918839863,302.9919156482255,0.009104478943317895,302.97935800220193,2.75854540563492,3.1443274301291984e-16
197.53897918839863,302.4920463974874,0.009142666602996192,302.47940407963176,2.7655454019971843,2.1240053119954822e-16
198.03897918839863,301.99217758494365,0.009180980682031612,301.9794501526725,2.7725453983193185,5.380519836182337e-16
198.53897918839863,301.49230921276643,0.009219421809115549,301.4794962212948,2.779545394600887,3.271249615902611e-16
199.03897918839863,300.9924412831424,0.009257990617114272,300.97954228546945,2.786545390841448,3.314831685886368e-16
199.53897918839863,300.49257379827264,0.009296687743103629,300.47958834516675,2.7935453870405564,5.598448135816891e-16
200.03897918839863,299.992706760373,0.009335513828404099,299.9796344003569,2.800545383197762,4.538629561293258e-16
200.53897918839863,299.4928401716739,0.009374469518616197,299.47968045100976,2.8075453793126086,6.324179995841425e-16
201.03897918839863,298.9929740344207,0.009413555463656229,298.9797264970949,2.8145453753846335,5.243732881167091e-16
201.53897918839863,298.49310835087374,0.009452772317792414,298.47977253858176,2.8215453714133707,3.5427913461540173e-16
202.03897918839863,297.9932431233085,0.009492120739681363,297.9798185754395,2.828545367398348,4.787297071917706e-16
202.53897918839863,297.49337835401565,0.009531601392404925,297.47986460763684,2.8355453633390875,4.851837754983481e-16
203.03897918839863,296.99351404530125,0.009571214943507409,296.9799106351425,2.8425453592351055,3.688020128913347e-16
203.53897918839863,296.4936501994869,0.009610962065033177,296.4799566579249,2.849545355085914,3.737910716133374e-16
204.03897918839863,295.99378681890977,0.009650843433564628,295.98000267595194,2.8565453508910177,3.788562785024633e-16
204.53897918839863,295.49392390592277,0.00969085973026055,295.48004868919145,2.863545346649916,3.1999910670237415e-16
205.03897918839863,294.99406146289476,0.00973101164089488,294.98009469761104,2.870545342362104,3.243502824801234e-16
205.53897918839863,294.49419949221056,0.009771299855895846,294.48014070117785,2.8775453380270672,5.917827821975912e-16
206.03897918839863,293.9943379962712,0.009811725070385514,293.9801866998589,2.884545333644289,3.999048442679081e-16
206.53897918839863,293.49447697749406,0.009852287984219733,293.48023269362096,2.8915453292132445,4.0537070192451644e-16
207.03897918839863,292.99461643831285,0.009892989302028499,292.9802786824303,2.8985453247334028,4.1092084862035266e-16
207.53897918839863,292.49475638117787,0.00993382973325672,292.4803246662531,2.905545320204227,4.859828540729401e-16
208.03897918839863,291.9948968085562,0.009974809992205408,291.9803706450552,2.9125453156251746,5.630397698238667e-16
208.53897918839863,291.4950377229317,0.010015930798073294,291.48041661880205,2.9195453109956957,2.8539442508693477e-16
209.03897918839863,290.9951791268054,0.010057192874998868,290.98046258745904,2.9265453063152345,2.8932912966730464e-16
209.53897918839863,290.4953210226953,0.010098596952102851,290.480508550991,2.933545301583228,1.466625195935186e-16
210.03897918839863,289.99546341313675,0.010140143763531112,289.9805545093626,2.940545296799107,1.4869160700888719e-16
210.53897918839863,289.4956063006826,0.01018183404849803,289.4806004625382,2.947545291962295,1.507523673911028e-16
211.03897918839863,288.9957496879032,0.010223668551330294,288.9806464104817,2.95454528707221,3.821133784710249e-16
211.53897918839863,288.49589357738677,0.010265648021511174,288.48069235315694,2.961545282128261,3.8742780050529185e-16
212.03897918839863,287.9960379717393,0.010307773213725238,287.98073829052726,2.9685452771298513,4.713907374230029e-16
212.53897918839863,287.496182873585,0.01035004488790355,287.4807842225557,2.9755452720763764,4.779699335422207e-16
213.03897918839863,286.9963282855661,0.010392463809269325,286.98083014920513,2.9825452669672265,4.846527315854789e-16
213.53897918839863,286.49647421034337,0.010435030748384066,286.48087607043783,2.9895452618017813,6.552545981043592e-16
214.03897918839863,285.996620650596,0.010477746481194199,285.98092198621606,2.996545256579415,6.644485822345198e-16
214.53897918839863,285.496767609022,0.010520611789078172,285.4809678965015,3.0035452512994953,5.053410839058549e-16
215.03897918839863,284.99691508833814,0.010563627458894071,284.9810138012556,3.01054524596138,4.2704734577277864e-16
215.53897918839863,284.49706309128015,0.010606794283027726,284.48105970043946,3.0175452405644196,4.330713265067052e-16
216.03897918839863,283.9972116206031,0.010650113059441326,283.9811055940138,3.024545235107958,3.5135294321268425e-16
216.53897918839863,283.4973606790813,0.010693584591722555,283.481151481939,3.03154522959133,4.454086027064442e-16
217.03897918839863,282.99751026950867,0.010737209689134239,282.9811973641752,3.0385452240138635,5.420703962299301e-16
217.53897918839863,282.4976603946988,0.010780989166664522,282.4812432406821,3.045545218374877,3.6651450240055037e-16
218.03897918839863,281.99781105748514,0.010824923845077584,281.981289111419,3.0525452126736816,1.8586551892198037e-16
218.53897918839863,281.4979622607212,0.010869014550964885,281.4813349763449,3.0595452069095797,2.8277350479610235e-16
219.03897918839863,280.99811400728066,0.01091326211679696,280.98138083541835,3.0665452010818646,4.780211327664863e-16
219.53897918839863,280.49826630005776,0.01095766738097578,280.48142668859776,3.0735451951898236,4.84861581245968e-16
220.03897918839863,279.9984191419672,0.011002231187887653,279.9814725358409,3.0805451892327316,3.934499739506756e-16
220.53897918839863,279.4985725359444,0.011046954387956708,279.4815183771052,3.0875451832098566,1.995503108861363e-16
221.03897918839863,278.9987264849459,0.011091837837698943,278.98156421234796,3.094545177120458,3.0363212148845897e-16
221.53897918839863,278.4988809919493,0.011136882399776865,278.48161004152576,3.101545170963785,2.0533912347606767e-16
222.03897918839863,277.99903605995354,0.011182088943054705,277.981655864595,3.1085451647390787,6.249128428686749e-16
222.53897918839863,277.49919169197904,0.011227458342654248,277.48170168151165,3.11554515844557,3.169766192684218e-16
223.03897918839863,276.999347891068,0.011272991480011244,276.9817474922312,3.1225451520824805,5.359509892924783e-16
223.53897918839863,276.4995046602845,0.011318689242932454,276.4817932967089,3.129545145649023,5.437328091939207e-16
224.03897918839863,275.9996620027148,0.011364552525653295,275.9818390948993,3.1365451391443986,7.722989473001671e-16
224.53897918839863,275.49981992146735,0.011410582228896128,275.48188488675703,3.1435451325678017,6.71617443831114e-16
225.03897918839863,274.99997841967325,0.01145677925992917,274.9819306722358,3.1505451259184145,6.246377233224957e-16
225.53897918839863,274.5001375004862,0.011503144532626054,274.48197645128914,3.157545119195409,5.761583433081404e-16
226.03897918839863,274.00029716708286,0.01154967896752604,273.9820222238702,3.1645451123979473,5.846012751644004e-16
226.53897918839863,273.5004574226631,0.011596383491894883,273.4820679899316,3.1715451055251815,3.559102743285226e-16
227.03897918839863,273.00061827045,0.011643259039786377,272.9821137494255,3.1785450985762536,5.417176137598452e-16
227.53897918839863,272.5007797136903,0.011690306552104564,272.4821595023037,3.185545091550293,3.0538895258602593e-16
228.03897918839863,272.0009417556544,0.01173752697666664,271.98220524851746,3.1925450844464196,3.0989740132396877e-16
228.53897918839863,271.5011043996369,0.011784921268266541,271.4822509880178,3.199545077263742,3.1448094123157755e-16
229.03897918839863,271.0012676489564,0.011832490388739252,270.9822967207551,3.206545070001359,5.10625544522342e-16
229.53897918839863,270.501431506956,0.011880235307025807,270.4823424466793,3.2135450626583557,6.477577902289941e-16
230.03897918839863,270.0015959770035,0.011928156999239029,269.98238816573985,3.220545055233807,4.601746537173561e-16
230.53897918839863,269.5017610624915,0.011976256448729983,269.4824338778859,3.2275450477267755,3.335943040714935e-16
231.03897918839863,269.0019267668378,0.012024534646155187,268.982479583066,3.2345450401363136,3.38574774503059e-16
231.53897918839863,268.50209309348554,0.012072992589544558,268.4825252812281,3.24154503246146,5.498226152090179e-16
232.03897918839863,268.0022600459034,0.012121631284370134,267.98257097232005,3.2485450247012424,3.4878895789477675e-16
232.53897918839863,267.502427627586,0.012170451743615543,267.4826166562887,3.2555450168546756,1.4161034041425663e-16
233.03897918839863,267.0025958420537,0.012219454987846271,266.98266233308084,3.2625450089207613,6.46832616442037e-16
233.53897918839863,266.50276469285365,0.012268642045280718,266.4827080026425,3.26954500089849,2.188604635288475e-16
234.03897918839863,266.00293418355915,0.012318013951862043,265.9827536649193,3.276544992786839,3.7027551644531066e-16
234.53897918839863,265.5031043177705,0.012367571751330828,265.4827993198564,3.283544984584771,4.510529152515562e-16
235.03897918839863,265.003275099115,0.012417316495298565,264.9828449673983,3.2905449762912373,4.578899502336079e-16
235.53897918839863,264.5034465312473,0.012467249243321973,264.4828906074891,3.297544967905176,1.549479686665919e-16
236.03897918839863,264.0036186178495,0.012517371062978155,263.98293624007226,3.30454495942551,1.5730566986208767e-16
236.53897918839863,263.50379136263166,0.012567683029940614,263.4829818650909,3.3115449508511503,7.985192246561146e-17
237.03897918839863,263.00396476933184,0.012618186228056133,262.9830274824873,3.3185449421809907,4.864298032604748e-16
237.53897918839863,262.5041388417165,0.012668881749422538,262.4830730922035,3.3255449334139144,4.1156182130273747e-16
238.03897918839863,262.0043135835807,0.01271977069446734,261.9831186941807,3.332544924548789,4.178725852871101e-16
238.53897918839863,261.50448899874846,0.012770854172027286,261.4831642883598,3.3395449155844674,5.091510254683963e-16
239.03897918839863,261.00466509107287,0.012822133299428821,260.98320987468094,3.346544906519787,4.3082373267140713e-16
239.53897918839863,260.5048418644365,0.012873609202569474,260.4832554530838,3.3535448973535713,3.499746942989958e-16
240.03897918839863,260.00501932275176,0.012925283016000183,259.98330102350747,3.3605448880846276,5.330743449553661e-16
240.53897918839863,259.50519746996093,0.01297715588300857,259.48334658589033,3.3675448787117483,9.022134643798727e-17
241.03897918839863,259.0053763100367,0.013029228955703184,258.98339214017034,3.3745448692337106,1.832419962732248e-16
241.53897918839863,258.5055558469823,0.01308150339509871,258.4834376862848,3.3815448596492743,9.304514677966271e-17
242.03897918839863,258.0057360848319,0.01313398037120218,257.9834832241703,3.388544849957185,1.8898853984000514e-16
242.53897918839863,257.50591702765075,0.013186661063100173,257.48352875376287,3.395544840156169,9.596885537395752e-17
243.03897918839863,257.00609867953574,0.013239546659047047,256.98357427499803,3.40254483024494,2.9240820438736947e-16
243.53897918839863,256.5062810446155,0.013292638356554188,256.48361978781054,3.4095448202221914,1.9799283451664966e-16
244.03897918839863,256.0064641270508,0.013345937362480312,255.98366529213462,3.416544810086602,-0.0
244.53897918839863,255.5066479310347,0.013399444893122822,255.48371078790373,3.4235447998368302,1.021319495511205e-16
245.03897918839863,255.0068324607932,0.013453162174310241,254.98375627505075,3.43054478947152,2.0748308053668235e-16
245.53897918839863,254.50701772058517,0.01350709044149573,254.48380175350786,3.4375447789892957,3.161392490218057e-16
246.03897918839863,254.007203714703,0.013561230939851709,253.98384722320668,3.4445447683887642,1.0704714453699848e-16
246.53897918839863,253.5073904474727,0.0136155849243656,253.48389268407803,3.451544757668513,-1.0874430400127648e-16
247.03897918839863,253.00757792325436,0.0136701536599367,252.98393813605205,3.4585447468271115,-0.0
247.53897918839863,252.50776614644246,0.013724938421474207,252.48398357905833,3.465544735863111,2.2446059392323853e-16
248.03897918839863,252.00795512146615,0.013779940493996405,251.9840290130256,3.472544724775042,5.70101766576479e-17
248.53897918839863,251.50814485278968,0.013835161172731042,251.48407443788196,3.4795447135614164,5.792131030764738e-17
249.03897918839863,251.00833534491267,0.013890601763216884,250.98411985355477,3.4865447022207254,-0.0
249.53897918839863,250.50852660237052,0.013946263581406517,250.4841652599707,3.493544690751442,5.979319236811419e-17
250.03897918839863,250.00871862973477,0.014002147953770347,249.9842106570556,3.500544679152017,-4.25282255678089e-16
250.53897918839863,249.50891143161337,0.014058256217401867,249.48425604473468,3.50754466742088,-3.0866731856547847e-16
251.03897918839863,249.00910501265116,0.014114589720124193,248.98430142293236,3.5145446555564415,-3.7638067218999797e-16
251.53897918839863,248.50929937753017,0.014171149820597872,248.48434679157228,3.5215446435570894,-1.2748982629197872e-16
252.03897918839863,248.00949453097,0.014227937888429998,247.9843921505773,3.52854463142119,-3.886694120008321e-16
252.53897918839863,247.5096904777282,0.014284955304284653,247.48443749986956,3.535544619147088,-5.924740959800945e-16
253.03897918839863,247.00988722260072,0.014342203459994683,246.98448283937037,3.542544606733104,-5.352156594069533e-16
253.53897918839863,246.51008477042217,0.01439968375867483,246.48452816900024,3.5495445941775388,-6.119382229521624e-16
254.03897918839863,246.0102831260663,0.014457397614836246,245.98457348867888,3.556544581478668,-4.837307505735766e-16
254.53897918839863,245.5104822944464,0.014515346454502406,245.4846187983252,3.563544568634746,-4.916529808769878e-16
255.03897918839863,245.01068228051565,0.014573531715326427,244.98466409785726,3.5705445556439996,-6.424991844718388e-16
255.53897918839863,244.51088308926754,0.01463195484670984,244.48470938719225,3.577544542504635,-7.256279774898102e-16
256.0389791883986,244.0110847257363,0.01469061730992281,243.9847546662466,3.5845445292148326,-5.900686294026664e-16
256.5389791883986,243.51128719499738,0.01474952057822583,243.4847999349358,3.5915445157727475,-5.248361383178308e-16
257.0389791883986,243.01149050216767,0.014808666136992941,242.98484519317452,3.5985445021765106,-6.097383654288371e-16
257.5389791883986,242.51169465240616,0.014868055483836433,242.4848904408765,3.605544488424226,-9.297739565877358e-16
258.0389791883986,242.01189965091424,0.014927690128733125,241.98493567795464,3.612544474513973,-7.089180747855917e-16
258.5389791883986,241.51210550293618,0.014987571594152198,241.48498090432093,3.6195444604438047,-6.406425934455298e-16
259.0389791883986,241.0123122137595,0.015047701415184609,240.98502611988638,3.626544446211744,-4.884996882212396e-16
259.5389791883986,240.5125197887155,0.015108081139674134,240.4850713245612,3.633544431815791,-6.622244975251074e-16
260.0389791883986,240.01272823317979,0.015168712328350032,239.98511651825459,3.640544417253915,-5.049911651095319e-16
260.5389791883986,239.51293755257248,0.015229596554961373,239.4851617008747,3.6475444025240584,-6.846284034116181e-16
261.0389791883986,239.01314775235895,0.015290735406413052,238.98520687232892,3.654544387624136,-6.091307821251962e-16
261.5389791883986,238.5133588380501,0.015352130482903507,238.48525203252356,3.6615443725520307,-5.309169447332641e-16
262.0389791883986,238.01357081520297,0.015413783398064172,237.98529718136393,3.668544357305599,-6.298708606844302e-16
262.5389791883986,237.5137836894211,0.015475695779100691,237.48534231875442,3.675544341882665,-6.405381994959511e-16
263.0389791883986,237.01399746635516,0.015537869266935914,236.98538744459833,3.682544326281025,-5.583508776760064e-16
263.5389791883986,236.5142121517033,0.015600305516354699,236.48543255879798,3.689544310498442,-5.67847433127316e-16
264.0389791883986,236.01442775121174,0.015663006196150565,235.9854776612546,3.6965442945326483,-3.8501747616565667e-16
264.5389791883986,235.51464427067526,0.01572597298927419,235.4855227518685,3.703544278381345,-2.936955580002811e-16
265.0389791883986,235.0148617159377,0.015789207592983835,234.9855678305388,3.7105442620422,-2.98723062568603e-16
265.5389791883986,234.5150800928925,0.015852711718997645,234.48561289716358,3.7175442455128485,-3.038476612849661e-16
266.0389791883986,234.0152994074832,0.015916487093647933,233.98565795163984,3.724544228790893,-1.0302381429992211e-16
266.5389791883986,233.51551966570403,0.01598053545803743,233.4857029938635,3.7315442118739024,-1.0479884856927718e-16
267.0389791883986,233.01574087360035,0.01604485856819755,232.98574802372934,3.738544194759407,-2.1321677255555307e-16
267.5389791883986,232.51596303726927,0.016109458195248682,232.48579304113096,3.745544177444907,-1.0845317451695222e-16
268.0389791883986,232.01618616286024,0.016174336125562565,231.98583804596092,3.752544159927866,-1.103339782146012e-16
268.5389791883986,231.51641025657554,0.01623949416092675,231.48588303811056,3.759544142205709,-1.1225158060037976e-16
269.0389791883986,231.01663532467086,0.01630493411871121,230.98592801747003,3.766544124275827,2.855169592114831e-16
269.5389791883986,230.51686137345587,0.0163706578320371,230.48597298392826,3.7735441061355712,5.810020437529271e-17
270.0389791883986,230.01708840929487,0.016436667149947716,229.9860179373731,3.780544087782256,5.911664843057167e-17
270.5389791883986,229.51731643860734,0.016502963937581702,229.4860628776911,3.7875440692131583,6.015315468967493e-17
271.0389791883986,229.01754546786847,0.016569550076348503,228.98610780476747,3.794544050425514,-0.0
271.5389791883986,228.51777550360987,0.016636427464106113,228.4861527184863,3.801544031416519,1.2457625782233616e-16
272.0389791883986,228.01800655242016,0.016703598015341194,227.9861976187304,3.808544012183331,1.9016253431053222e-16
272.5389791883986,227.51823862094554,0.01677106366135151,227.4862425053812,3.8155439927230628,2.580351434719846e-16
273.0389791883986,227.01847171589048,0.016838826350430824,226.98628737831896,3.822543973032788,2.6260975124842315e-16
273.5389791883986,226.51870584401837,0.0169068880480562,226.4863322374225,3.829543953109539,1.3363792950807198e-16
274.0389791883986,226.01894101215208,0.016975250737077802,225.98637708256933,3.8365439329503004,4.080532582420763e-16
274.5389791883986,225.5191772271747,0.01704391641791122,225.48642191363567,3.8435439125520174,2.768907794913217e-16
275.0389791883986,225.01941449603018,0.017112887108732332,224.98646673049626,3.850543891911587,4.932266871809911e-16
275.5389791883986,224.51965282572397,0.017182164845674804,224.48651153302447,3.857543871025863,3.5862102977231666e-16
276.0389791883986,224.01989222332378,0.017251751683030187,223.98655632109234,3.8645438498916516,2.190390258806261e-16
276.5389791883986,223.5201326959602,0.017321649693450725,223.48660109457035,3.871543828505714,4.459676344903819e-16
277.0389791883986,223.02037425082744,0.01739186096815487,222.98664585332764,3.878543806864762,3.7834793688518987e-16
277.5389791883986,222.52061689518405,0.017462387617135578,222.48669059723187,3.8855437849654595,3.0815423305813286e-16
278.0389791883986,222.02086063635355,0.0175332317693714,221.9867353261491,3.8925437628044195,3.921773579488979e-16
278.5389791883986,221.5211054817253,0.017604395573040433,221.48678003994402,3.899543740378207,3.1944385081640957e-16
279.0389791883986,221.02135143875512,0.01767588119573717,220.98682473847967,3.9065437176833346,8.131568288872898e-17
279.5389791883986,220.52159851496612,0.017747690824692297,220.48686942161763,3.913543694716264,8.280029979152612e-17
280.0389791883986,220.0218467179494,0.017819826666995473,219.9869140892178,3.9205436714734017,8.43154978767394e-17
280.5389791883986,219.52209605536484,0.01789229094982116,219.48695874113858,3.9275436479511048,8.586197888815107e-17
281.0389791883986,219.02234653494196,0.017965085920657535,218.98700337723673,3.9345436241456726,8.744046232608949e-17
281.5389791883986,218.52259816448057,0.01803821384753853,218.4870479973674,3.941543600053349,-8.905168593873694e-17
282.0389791883986,218.02285095185167,0.018111677019279078,217.987092601384,3.948543575670323,9.069640622819844e-17
282.5389791883986,217.5231049049982,0.018185477745713587,217.48713718913828,3.955543550992725,-9.237539897181001e-17
283.0389791883986,217.023360031936,0.018259618357937702,216.98718176048035,3.9625435260166277,-1.8817891951836517e-16
283.5389791883986,216.52361634075442,0.01833410120855341,216.4872263152585,3.969543500738044,-9.583940454549297e-17
284.0389791883986,216.02387383961735,0.01840892867191755,215.98727085331936,3.9765434751529263,-0.0
284.5389791883986,215.52413253676403,0.018484103144393776,215.48731537450763,3.983543449257165,-9.945031520120989e-17
285.0389791883986,215.0243924405099,0.018559627044608014,214.98735987866633,3.9905434230465895,-1.013130200266322e-16
285.5389791883986,214.5246535592475,0.0186355028137075,214.48740436563662,3.997543396516965,1.0321508799209475e-16
286.0389791883986,214.02491590144734,0.018711732915623436,213.98744883525782,4.00454336966399,-0.0
286.5389791883986,213.5251794756589,0.018788319837337336,213.48749328736733,4.011543342483301,-0.0
287.0389791883986,213.0254442905114,0.018865266089151095,212.9875377218007,4.018543314970464,-0.0
287.5389791883986,212.52571035471482,0.018942574204960896,212.48758213839145,4.025543287120979,-1.112358900217875e-16
288.0389791883986,212.0259776770609,0.01902024674253495,211.98762653697122,4.032543258930277,-0.0
288.5389791883986,211.52624626642398,0.019098286283795198,211.48767091736963,4.039543230393716,2.3101547839064776e-16
289.0389791883986,211.02651613176207,0.019176695435102982,210.98771527941426,4.046543201506584,-5.885634633553477e-17
289.5389791883986,210.52678728211774,0.019255476827548804,210.48775962293067,4.053543172264095,-5.998256808657214e-17
290.0389791883986,210.02705972661926,0.0193346331172462,209.98780394774235,4.06054314266139,-0.0
290.5389791883986,209.5273334744815,0.01941416698562981,209.4878482536707,4.067543112693535,-6.230854070934189e-17
291.0389791883986,209.027608535007,0.019494081139757743,208.9878925405349,4.0745430823555155,-6.35094767478404e-17
291.5389791883986,208.52788491758702,0.019574378312618247,208.48793680815206,4.081543051642242,6.47365290192428e-17
292.0389791883986,208.02816263170254,0.01965506126344082,207.98798105633702,4.088543020548545,-6.59903302515186e-17
292.5389791883986,207.52844168692548,0.019736132778011797,207.48802528490242,4.095542989069171,1.3454306015545828e-16
293.0389791883986,207.0287220929196,0.019817595668994506,206.98806949365866,4.102542957198785,1.3716159105993898e-16
293.5389791883986,206.52900385944176,0.019899452776254063,206.4881136824138,4.109542924931971,2.0975643464694824e-16
294.0389791883986,206.02928699634296,0.01998170696718688,205.98815785097358,4.116542892263224,1.425725630199689e-16
294.5389791883986,205.52957151356955,0.02006436113705499,205.4882019991414,4.123542859186954,2.907357110610107e-16
295.0389791883986,205.02985742116425,0.020147418209325238,204.98824612671825,4.1305428256974785,2.22337476612187e-16
295.5389791883986,204.5301447292675,0.02023088113601343,204.48829023350268,4.1375427917890315,-7.557273683055992e-17
296.0389791883986,204.03043344811852,0.020314752898033556,203.98833431929077,4.1445427574557465,-0.0
296.5389791883986,203.53072358805653,0.020399036505552144,203.48837838387612,4.151542722691672,1.5718283767079653e-16
297.0389791883986,203.03101515952204,0.02048373499834781,202.98842242704973,4.158542687490753,2.404544587830918e-16
297.5389791883986,202.53130817305802,0.020568851446176165,202.4884664486001,4.1655426518468435,8.174649526053557e-17
298.0389791883986,202.03160263931122,0.020654388949140085,201.98851044831304,4.172542615753697,2.5013195325982104e-16
298.5389791883986,201.53189856903342,0.020740350638065532,201.48855442597176,4.1795425792049645,3.401793986157128e-16
299.0389791883986,201.03219597308268,0.02082673967488292,200.98859838135672,4.186542542194196,1.7350002318941624e-16
299.5389791883986,200.53249486242476,0.020913559253014212,200.4886423142457,4.193542504714839,-0.0
300.0389791883986,200.0327952481344,0.021000812597765782,199.9886862244137,4.200542466760231,1.805540724248006e-16
300.5389791883986,199.5330971413966,0.021088502966727193,199.4887301116328,4.2075424283236025,9.210087057670061e-17
301.0389791883986,199.03340055350822,0.021176633650175965,198.98877397567233,4.214542389398075,-0.0
301.5389791883986,198.53370549587908,0.021265207971488433,198.48881781629865,4.221542349976657,9.587432031085186e-17
302.0389791883986,198.03401198003363,0.021354229287556835,197.98886163327523,4.228542310052241,1.9565215415064156e-16
302.5389791883986,197.5343200176123,0.02144370098921271,197.4889054263625,4.235542269617605,-9.982266623516108e-17
303.0389791883986,197.03462962037287,0.02153362650165673,196.98894919531784,4.242542228665409,-0.0
303.5389791883986,196.53494080019212,0.021624009284895072,196.48899293989555,4.2495421871881875,-1.0395496367807749e-16
304.0389791883986,196.0352535690672,0.021714852834182466,195.98903665984687,4.256542145178356,1.0609306489594574e-16
304.5389791883986,195.53556793911727,0.02180616068047201,195.48908035491974,4.263542102628203,-0.0
305.0389791883986,195.03588392258496,0.021897936390871908,194.98912402485894,4.27054205952989,1.1051941129420175e-16
305.5389791883986,194.536201531838,0.021990183569109204,194.489167669406,4.277542015875447,2.2562051840553566e-16
306.0389791883986,194.03652077937082,0.022082905856000708,193.989211288299,4.284541971656771,2.878867188274052e-16
306.5389791883986,193.5368416778061,0.022176106929931168,193.48925488127279,4.291541926865626,1.7633113887817342e-16
307.0389791883986,193.03716423989658,0.02226979050733888,192.98929844805866,4.298541881493633,1.2000991080637152e-16
307.5389791883986,192.53748847852657,0.022363960343208842,192.48934198838447,4.305541835532278,3.063090500726061e-16
308.0389791883986,192.03781440671372,0.022458620231573585,191.9893855019745,4.3125417889729,-0.0
308.5389791883986,191.5381420376108,0.02255377400602184,191.48942898854955,4.319541741806694,3.1932709417503716e-16
309.0389791883986,191.03847138450737,0.02264942554021517,190.98947244782659,4.326541694024706,1.9564128105406808e-16
309.5389791883986,190.53880246083162,0.022745578748412702,190.48951587951896,4.333541645617829,3.9956534041650076e-16
310.0389791883986,190.03913528015212,0.02284223758600416,189.98955928333626,4.340541596576801,3.4003830319904634e-16
310.5389791883986,189.53946985617975,0.022939406050051278,189.4896026589842,4.347541546892204,-0.0
311.0389791883986,189.03980620276948,0.023037088179837795,188.98964600616466,4.35454149655446,2.837479755697529e-16
311.5389791883986,188.5401443339223,0.023135288057428184,188.48968932457547,4.361541445553823,3.6227361627220176e-16
312.0389791883986,188.04048426378725,0.023234009808235274,187.98973261391052,4.368541393880383,4.440545710700281e-16
312.5389791883986,187.54082600666317,0.023333257601596928,187.48977587385966,4.375541341524062,6.048087632973842e-16
313.0389791883986,187.04116957700083,0.023433035651361935,186.98981910410845,4.382541288474602,4.633904337233052e-16
313.5389791883986,186.541514989405,0.023533348216485325,186.48986230433837,4.389541234721574,4.734124260040134e-16
314.0389791883986,186.0418622586363,0.023634199601633234,185.9899054742266,4.396541180254365,4.0306583965907095e-16
314.5389791883986,185.5422113996136,0.023735594157797545,185.48994861344585,4.403541125062179,4.118306916313558e-16
315.0389791883986,185.04256242741576,0.023837536282920454,184.9899917216646,4.410541069134031,1.6832424803259788e-16
315.5389791883986,184.5429153572841,0.02394003042252917,184.4900347985467,4.417541012458746,2.5800690353567496e-16
316.0389791883986,184.04327020462443,0.024043081070380935,183.9900778437514,4.424540955024951,3.5155152585637294e-16
316.5389791883986,183.54362698500938,0.02414669276911856,183.49012085693352,4.431540896821077,2.694603395060868e-16
317.0389791883986,183.0439857141805,0.02425087011093667,182.99016383774287,4.438540837835351,4.590014122260659e-16
317.5389791883986,182.54434640805076,0.024355617738258867,182.49020678582474,4.44554077805579,4.691485727971071e-16
318.0389791883986,182.0447090827067,0.024460940344426044,181.99024970081936,4.452540717470201,3.836391007646093e-16
318.5389791883986,181.54507375441096,0.024566842674396027,181.49029258236212,4.459540656066178,3.9216748712975797e-16
319.0389791883986,181.04544043960456,0.02467332952545477,180.9903354300833,4.4665405938310885,5.011372746725712e-16
319.5389791883986,180.54580915490948,0.02478040574793936,180.4903782436081,4.473540530752081,3.074040595666934e-16
320.0389791883986,180.046179917131,0.024888076245973025,179.99042102255646,4.480540466816072,3.1429532358374535e-16
320.5389791883986,179.54655274326043,0.02499634597821237,179.49046376654312,4.487540402009746,1.071203079300383e-16
321.0389791883986,179.04692765047747,0.02510521995860714,178.99050647517737,4.4945403363195435,3.286057749466735e-16
321.5389791883986,178.54730465615305,0.025214703257172684,178.49054914806305,4.50154026973167,2.2402329643633687e-16
322.0389791883986,178.0476837778518,0.025324801000775405,177.99059178479848,4.508540202232075,3.436536585544698e-16
322.5389791883986,177.5480650333349,0.025435518373931446,177.4906343849762,4.515540133806456,2.9288942143242854e-16
323.0389791883986,177.04844844056274,0.025546860619618875,176.99067694818316,4.522540064440254,1.1982714808107032e-16
323.5389791883986,176.54883401769777,0.02565883304010363,176.49071947400031,4.529539994118643,2.451345380300759e-16
324.0389791883986,176.04922178310736,0.0257714409977795,175.99076196200278,4.536539922826527,1.8806715394013817e-16
324.5389791883986,175.54961175536664,0.025884689916022413,175.49080441175954,4.543539850548535,3.2065420631885846e-16
325.0389791883986,175.05000395326152,0.025998585280059335,174.99084682283348,4.550539777269018,2.624402136924684e-16
325.5389791883986,174.5503983957916,0.026113132637852046,174.49088919478118,4.557539702972033,6.712777023422398e-17
326.0389791883986,174.0507951021733,0.02622833760099613,173.9909315271529,4.5645396276413495,1.373702173602478e-16
326.5389791883986,173.55119409184292,0.02634420584563542,173.49097381949238,4.571539551260435,-7.028322148984255e-17
327.0389791883986,173.05159538445974,0.026460743113392294,172.99101607133682,4.578539473812453,7.192329838989828e-17
327.5389791883986,172.55199899990933,0.026577955212314062,172.4910582822166,4.585539395280251,3.6803283701701214e-16
328.0389791883986,172.05240495830677,0.026695848017835835,171.9911004516554,4.592539315646363,-1.5066859239743085e-16
328.5389791883986,171.55281327999992,0.026814427473760147,171.49114257916995,4.599539234892991,2.313233804691046e-16
329.0389791883986,171.05322398557288,0.026933699593253754,170.99118466426984,4.60653915300201,-0.0
329.5389791883986,170.55363709584938,0.027053670459861862,170.4912267064575,4.613539069954953,8.079754242153138e-17
330.0389791883986,170.05405263189624,0.02717434622854024,169.99126870522807,4.620538985733004,8.271663008558982e-17
330.5389791883986,169.55447061502701,0.02729573312670551,169.49131066006927,4.6275389003169956,1.693743229778165e-16
331.0389791883986,169.05489106680554,0.02741783745530402,168.99135257046115,4.6345388136873975,-0.0
331.5389791883986,168.55531400904965,0.027540665589899708,168.49139443587617,4.641538725824306,3.5515501517340227e-16
332.0389791883986,168.05573946383493,0.02766422398178129,167.9914362557788,4.648538636707444,9.092304230339646e-17
332.5389791883986,167.5561674534985,0.02778851915908924,167.4914780296257,4.655538546316145,9.311523349564163e-17
333.0389791883986,167.0565980006429,0.027913557727962925,166.99151975686524,4.66253845462935,9.53670781532e-17
333.5389791883986,166.55703112814015,0.02803934637370835,166.49156143693756,4.669538361625593,-0.0
334.0389791883986,166.0574668591356,0.02816589186198692,165.99160306927442,4.676538267282998,4.002281006257191e-16
334.5389791883986,165.5579052170521,0.028293201040025705,165.49164465329895,4.6835381715792685,3.074967891237544e-16
335.0389791883986,165.05834622559428,0.028421280837849578,164.99168618842555,4.690538074491676,-1.0500809665714615e-16
335.5389791883986,164.5587899087526,0.028550138269535796,164.49172767405977,4.69753797599705,3.2275977298981107e-16
336.0389791883986,164.0592362908078,0.028679780434491424,163.99176910959804,4.7045378760717735,2.204730953313947e-16
336.5389791883986,163.55968539633525,0.028810214518754117,163.49181049442757,4.711537774691767,1.1296017414314025e-16
337.0389791883986,163.0601372502095,0.028941447796316744,162.9918518279262,4.718537671832479,1.7363962971560479e-16
337.5389791883986,162.56059187760872,0.029073487630476402,162.49189310946224,4.72553756746888,5.931882271205085e-17
338.0389791883986,162.06104930401946,0.0292063414752083,161.99193433839417,4.732537461575448,1.215962927020699e-16
338.5389791883986,161.56150955524137,0.029340016876565074,161.49197551407065,4.739537354126157,1.2463822069476534e-16
339.0389791883986,161.06197265739192,0.02947452147410208,160.99201663583008,4.746537245094468,6.388302114027389e-17
339.5389791883986,160.56243863691142,0.029609863002329234,160.49205770300074,4.753537134453316,3.929473823708576e-16
340.0389791883986,160.062907520568,0.029746049292189953,159.9920987149003,4.760537022175095,1.3429027343367376e-16
340.5389791883986,159.5633793354626,0.029883088272567825,159.49213967083577,4.767536908231653,4.130771245997263e-16
341.0389791883986,159.06385410903434,0.03002098797182159,158.99218057010327,4.774536792594273,4.235752827169992e-16
341.5389791883986,158.56433186906563,0.030159756519349074,158.49222141198783,4.781536675233662,3.6197883099235697e-16
342.0389791883986,158.06481264368767,0.030299402147180667,157.9922621957632,4.788536556119939,5.197321473574363e-16
342.5389791883986,157.56529646138588,0.030439933191603086,157.49230292069157,4.795536435222618,5.330681461355959e-16
343.0389791883986,157.0657833510055,0.030581358094814,156.99234358602337,4.8025363125106,4.686774878443874e-16
343.5389791883986,156.56627334175732,0.030723685406608265,156.49238419099711,4.809536187952153,4.0065099058150017e-16
344.0389791883986,156.06676646322344,0.030866923786096463,155.99242473483912,4.816536061514898,6.57650301480421e-16
344.5389791883986,155.56726274536322,0.03101108200345645,155.49246521676326,4.8235359331657985,5.06058565445309e-16
345.0389791883986,155.06776221851928,0.031156168941718666,154.99250563597073,4.830535802871138,6.057981803817389e-16
345.5389791883986,154.56826491342363,0.03130219359858599,154.49254599164976,4.83753567059651,6.21647930235826e-16
346.0389791883986,154.06877086120403,0.031449165088288884,153.99258628297548,4.8445355363067995,6.379657816842548e-16
346.5389791883986,153.56928009339026,0.03159709264347664,153.49262650910964,4.851535399966166,5.612289820351176e-16
347.0389791883986,153.0697926419207,0.031745985617145575,152.9926666692002,4.858535261538025,5.760582798621863e-16
347.5389791883986,152.57030853914895,0.031895853484604976,152.49270676238115,4.865535120985033,5.913298946500577e-16
348.0389791883986,152.07082781785056,0.03204670584548171,151.9927467877724,4.8725349782690675,6.070585335823556e-16
348.5389791883986,151.57135051122995,0.03219855242576432,151.49278674447916,4.879534833351209,4.155062956647612e-16
349.0389791883986,151.0718766529275,0.03235140307988762,150.99282663159195,4.886534686191721,3.1997421627882535e-16
349.5389791883986,150.57240627702666,0.0325052677928586,150.49286644818622,4.8935345367500345,4.3809459524584086e-16
350.0389791883986,150.07293941806125,0.03266015668242471,149.99290619332191,4.900534384984718,3.374284120418978e-16
350.5389791883986,149.57347611102298,0.03281608000128542,149.49294586604336,4.907534230853469,4.0431466719494685e-16
351.0389791883986,149.074016391369,0.03297304813934817,148.99298546537878,4.914534074313082,2.9663428522138224e-16
351.5389791883986,148.57456029502973,0.03313107162602966,148.49302499034016,4.921533915319433,3.047125325383722e-16
352.0389791883986,148.07510785841666,0.033290161132603545,147.99306443992268,4.928533753827456,2.504313087143077e-16
352.5389791883986,147.5756591184306,0.033450327474595754,147.49310381310468,4.935533589791116,3.216226076079208e-16
353.0389791883986,147.07621411246973,0.03361158161422839,146.99314310884694,4.942533423163392,3.3047178199969076e-16
353.5389791883986,146.57677287843816,0.03377393466291348,146.49318232609264,4.949533253896244,4.0751499444998303e-16
354.0389791883986,146.07733545475443,0.033937397883797724,145.9932214637669,4.956533081940595,2.792034133027153e-16
354.5389791883986,145.57790188036026,0.034101982694359496,145.4932605207763,4.963532907246303,5.021897698559192e-16
355.0389791883986,145.0784721947295,0.03426770066905929,144.99329949600866,4.97053272976213,2.949713807764164e-16
355.5389791883986,144.57904643787725,0.034434563542044945,144.49333838833255,4.9775325494357245,6.064586653131429e-16
356.0389791883986,144.07962465036914,0.03460258320991296,143.9933771965969,4.984532366213578,5.455595128018597e-16
356.5389791883986,143.58020687333084,0.03477177173452731,143.4934159196306,4.991532180041013,4.8080618954166305e-16
357.0389791883986,143.08079314845776,0.03494214134589701,142.9934545562421,4.998531990862141,5.768111793378081e-16
357.5389791883986,142.58138351802492,0.03511370444511409,142.49349310521907,5.00553179861984,7.62671265841534e-16
358.0389791883986,142.08197802489707,0.03528647360735322,141.99353156532763,5.012531603255711,8.715590841517222e-16
358.5389791883986,141.582576712539,0.035460461584934745,141.49356993531234,5.0195314047100625,6.275377343535463e-16
359.0389791883986,141.0831796250261,0.03563568131045243,140.9936082138954,5.026531202921864,5.533263379154527e-16
359.5389791883986,140.58378680705502,0.03581214589996778,140.49364639977637,5.0335309978287155,5.692633854867612e-16
360.0389791883986,140.0843983039547,0.03598986865627238,139.99368449163154,5.040530789366813,6.833384844547539e-16
360.5389791883986,139.58501416169767,0.036168863072220094,139.49372248811355,5.047530577470909,6.027110766803248e-16
361.0389791883986,139.08563442691135,0.036349142834130786,138.99376038785087,5.054530362074281,6.202600571289262e-16
361.5389791883986,138.58625914688983,0.036530721825267405,138.49379818944712,5.061530143108685,5.319883099070569e-16
362.0389791883986,138.08688836960584,0.03671361412938825,137.9938358914808,5.068529920504322,6.571099701596835e-16
362.5389791883986,137.5875221437229,0.03689783403437636,137.49387349250452,5.075529694189796,6.20082885524203e-16
363.0389791883986,137.08816051860782,0.037083396035947944,136.9939109910445,5.082529464092066,6.964411309093439e-16
363.5389791883986,136.58880354434345,0.03727031484144189,136.4939483856,5.089529230136413,7.170950242089545e-16
364.0389791883986,136.08945127174167,0.03745860537369241,135.99398567464277,5.096528992246384,3.6922027202524464e-16
364.5389791883986,135.59010375235673,0.037648282774987,135.49402285661637,5.103528750343753,5.703776373100634e-16
365.0389791883986,135.0907610384988,0.03783936241111185,134.99405992993556,5.1105285043484745,5.874831238815271e-16
365.5389791883986,134.59142318324797,0.03803185987548696,134.49409689298568,5.117528254178627,4.0344524674276265e-16
366.0389791883986,134.09209024046828,0.03822579099339344,133.99413374412202,5.124527999750371,3.463631947895027e-16
366.5389791883986,133.59276226482243,0.03842117182629512,133.4941704816691,5.131527740977888,4.282423679505666e-16
367.0389791883986,133.09343931178645,0.03861801867625724,132.99420710391996,5.138527477773338,3.67733896711876e-16
367.5389791883986,132.59412143766505,0.03881634809046455,132.49424360913545,5.145527210046796,5.305617911647125e-16
368.0389791883986,132.09480869960697,0.0390161768658415,131.99427999554365,5.152526937706194,3.124795169274343e-16
368.5389791883986,131.59550115562095,0.03921752205377728,131.49431626133884,5.15952666065727,4.02628889914513e-16
369.0389791883986,131.09619886459194,0.039420400964958406,130.99435240468102,5.166526378803501,4.1507675222146813e-16
369.5389791883986,130.59690188629764,0.03962483117431178,130.49438842369497,5.17352609204604,5.9914289386425e-16
370.0389791883986,130.09761028142555,0.03983083052606114,129.99442431646935,5.1805258002836565,3.5303454770125356e-16
370.5389791883986,129.59832411159022,0.04003841713889994,129.4944600810561,5.187525503412665,5.461155905768526e-16
371.0389791883986,129.09904343935116,0.040247609411283865,128.9944957154694,5.194525201326863,2.816322259277061e-16
371.5389791883986,128.59976832823088,0.0404584260268461,128.49453121768497,5.201524893917452,4.841845462186074e-16
372.0389791883986,128.10049884273354,0.040670885959938806,127.99456658563885,5.208524581072968,2.9970532702827123e-16
372.5389791883986,127.60123504836393,0.04088500848130416,127.49460181722685,5.215524262679208,2.0615238354315054e-16
373.0389791883986,127.10197701164698,0.04110081316387853,126.99463691030337,5.222523938619149,3.1909357436289924e-16
373.5389791883986,126.60272480014763,0.041318319888733496,126.49467186268045,5.229523608772871,3.293140026377767e-16
374.0389791883986,126.10347848249125,0.041537548851157374,125.99470667212684,5.236523273017471,1.1330138103058794e-16
374.5389791883986,125.60423812838452,0.041758520566881216,125.49474133636684,5.243522931226977,-5.847981873602587e-17
375.0389791883986,125.10500380863675,0.04198125587845332,124.99477585307942,5.250522583272263,-6.037564863863054e-17
375.5389791883986,124.6057755951818,0.042205775961766334,124.49481021989693,5.257522229020955,-6.234089325106592e-17
376.0389791883986,124.10655356110041,0.04243210233274125,123.99484443440414,5.264521868337338,-3.2189193724304856e-16
376.5389791883986,123.60733778064319,0.04266025685417271,123.49487849413696,5.271521501082257,-6.649109394639942e-17
377.0389791883986,123.10812832925409,0.04289026174274019,122.99491239658133,5.278521127113015,-0.0
377.5389791883986,122.60892528359442,0.043122139576189704,122.49494613917199,5.285520746283273,-0.0
378.0389791883986,122.10972872156749,0.043355913300691,121.9949797192912,5.292520358442941,-7.331216695687218e-17
378.5389791883986,121.61053872234389,0.04359160623837514,121.49501313426747,5.299519963438064,7.575813481848084e-17
379.0389791883986,121.11135536638726,0.04382924209505767,120.99504638137418,5.306519561110707,-1.5659255879476855e-16
379.5389791883986,120.61217873548084,0.04406884496815284,120.4950794578283,5.313519151298843,-0.0
380.0389791883986,120.11300891275458,0.04431043935478423,119.99511236078892,5.3205187338362245,8.366477822548361e-17
380.5389791883986,119.61384598271296,0.04455405016009759,119.49514508735582,5.3275183085522535,8.65034310892324e-17
381.0389791883986,119.11469003126346,0.04479970270578181,118.99517763456795,5.334517875271858,2.683526300877654e-16
381.5389791883986,118.61554114574584,0.04504742273880402,118.49520999940195,5.341517433815348,2.7753529924664245e-16
382.0389791883986,118.11639941496198,0.04529723644036524,117.99524217877055,5.348516983998281,-0.0
382.5389791883986,117.61726492920666,0.04554917043508301,117.49527416952085,5.3555165256313115,-0.0
383.0389791883986,117.11813778029902,0.04580325180040774,116.99530596843286,5.362516058520046,1.0242497707408559e-16
383.5389791883986,116.61901806161484,0.046059508076279794,116.49533757221752,5.3695155824648815,1.0599072362987711e-16
384.0389791883986,116.11990586811957,0.046317967275034434,115.99536897751513,5.376515097260848,3.2909010735895864e-16
384.5389791883986,115.62080129640236,0.04657865789156217,115.49540018089336,5.383514602697438,2.270981327678545e-16
385.0389791883986,115.12170444471082,0.04684160891373209,114.99543117884551,5.3905140985584366,5.877713321410116e-17
385.5389791883986,114.62261541298672,0.04710684983308629,114.49546196778842,5.3975135846217395,1.8257860137406594e-16
386.0389791883986,114.12353430290271,0.0473744106558135,113.99549254406061,5.404513060659171,6.302528278795256e-17
386.5389791883986,113.62446121789984,0.04764432191401058,113.49552290392008,5.411512526436288,6.527810228937043e-17
387.0389791883986,113.12539626322612,0.0479166146772406,112.99555304354227,5.418511981712186,3.3810948986822875e-16
387.5389791883986,112.6263395459762,0.048191320564396734,112.49558295901785,5.425511426239281,7.006076903100708e-17
388.0389791883986,112.12729117513192,0.04846847175588139,111.99561264635044,5.432510859763114,-2.1779705599957415e-16
388.5389791883986,111.62825126160405,0.04874810100611043,111.49564210145427,5.43951028202211,-3.0096466089133227e-16
389.0389791883986,111.12921991827513,0.04903024165635253,110.99567132015179,5.4465096927473615,-3.119678158500477e-16
389.5389791883986,110.63019726004339,0.049314927647914356,110.49570029817119,5.453509091662386,-3.2342547820974036e-16
390.0389791883986,110.13118340386794,0.049602193535682265,109.99572903114381,5.460508478482877,-2.5151894788593534e-16
390.5389791883986,109.6321784688151,0.04989207450203201,109.49575751460155,5.467507852916449,8.694729715678295e-17
391.0389791883986,109.13318257610604,0.05018460637111797,108.99578574397408,5.474507214662373,-1.80370197279603e-16
391.5389791883986,108.63419584916569,0.05047982562355419,108.49581371458609,5.481506563411299,-0.0
392.0389791883986,108.13521841367299,0.05077776941149968,107.99584142165432,5.48850589884497,-2.912274233783847e-16
392.5389791883986,107.63625039761249,0.05107847557416104,107.49586886028456,5.495505220635921,-3.0222552306335767e-16
393.0389791883986,107.13729193132745,0.051381982653726004,106.99589602546867,5.502504528447179,-4.1825726243701263e-16
393.5389791883986,106.63834314757436,0.051688329911741764,106.49592291208118,5.509503821931939,-3.2565204485390316e-16
394.0389791883986,106.13940418157895,0.05199755734595276,105.99594951487619,5.516503100733224,-4.508351242939336e-16
394.5389791883986,105.64047517109385,0.05230970570761293,105.49597582848382,5.523502364483554,-4.09664046968119e-16
395.0389791883986,105.14155625645776,0.0526248165192881,104.99600184740673,5.530501612804572,-5.470814035948898e-16
395.5389791883986,104.64264758065639,0.052942932093164766,104.4960275660165,5.537500845306683,-4.4204392530519275e-16
396.0389791883986,104.14374928938507,0.05326409554988209,103.9960529785498,5.5445000615886615,-6.56151892235004e-16
396.5389791883986,103.64486153111318,0.05358835083790466,103.49607807910456,5.55149926123725,-6.137107113142093e-16
397.0389791883986,103.14598445715039,0.05391574275345419,102.99610286163592,5.55849844382674,-4.961541363417034e-16
397.5389791883986,102.64711822171483,0.054246316961018934,102.49612731995207,5.5654976089185375,-5.89504732738499e-16
398.0389791883986,102.14826298200322,0.05458012001446058,101.99615144770993,5.572496756060711,-5.363597990397123e-16
398.5389791883986,101.649418898263,0.05491719937873888,101.49617523841076,5.579495884787518,-6.375172973715859e-16
399.0389791883986,101.15058613386667,0.05525760345227521,100.99619868539547,5.5864949946189215,-5.802666067646032e-16
399.5389791883986,100.6517648553882,0.05560138158997705,100.49622178183992,5.593494085060079,-6.037257500491787e-16
400.0389791883986,100.15295523268172,0.05594858412694628,99.99624452074997,5.600493155600805,-6.282568374670325e-16
400.5389791883986,99.65415743896261,0.056299262402895026,99.49626689495638,5.607492205715033,-5.604981812882811e-16
401.0389791883986,99.1553716508909,0.05665346878729379,98.99628889710955,5.614491234860231,-2.917528413523152e-16
401.5389791883986,98.65659804865719,0.0570112567052776,98.49631051967403,5.621490242476806,-5.063172302239178e-16
402.0389791883986,98.15783681607121,0.05737268066433687,97.99633175492282,5.628489227987485,-5.273153768576286e-16
402.5389791883986,97.65908814065303,0.05773779628182083,97.49635259493161,5.635488190796662,-4.3943831044659186e-16
403.0389791883986,97.16035221372695,0.058106660313282515,96.99637303157263,5.642487130289727,-2.2892651168650355e-16
403.5389791883986,96.6616292305184,0.05847933068169538,96.49639305650837,5.649486045832355,-1.7892751358956887e-16
404.0389791883986,96.1629193902537,0.058855866507573,95.99641266118505,5.656484936769783,-1.8650455492102617e-16
404.5389791883986,95.66422289626294,0.05923632814002447,95.4964318368259,5.663483802426035,-4.53703408444422e-16
405.0389791883986,95.16553995608604,0.05962077718877959,94.99645057442417,5.670482642103128,-2.0276618858090777e-16
405.5389791883986,94.66687078158208,0.06000927655721921,94.49646886473577,5.677481455080243,-4.934782957542206e-16
406.0389791883986,94.16821558904212,0.06040189047644778,93.99648669827185,5.684480240612852,-3.6773266213194957e-16
406.5389791883986,93.6695745993055,0.060798684540446485,93.49650406529092,5.691478997931817,-5.372171820859017e-16
407.0389791883986,93.17094803787988,0.061199725742347194,92.99652095579077,5.698477726242445,-4.0050690819589807e-16
407.5389791883986,92.67233613506498,0.061605082511868955,92.49653735950008,5.705476424723496,-3.344935124340552e-16
408.0389791883986,92.17373912608043,0.06201482475396076,91.9965532658697,5.712475092526164,-4.366023060357942e-16
408.5389791883986,91.67515725119763,0.06242902388869598,91.49656866406352,5.719473728772988,-4.56011750043223e-16
409.0389791883986,91.17659075587584,0.06284775289246604,90.99658354294915,5.726472332556744,-2.858380799579679e-16
409.5389791883986,90.67803989090277,0.06327108634052278,90.49659789108816,5.733470902939256,-1.991248862684763e-16
410.0389791883986,90.17950491253974,0.06369910045092128,89.99661169672588,5.740469438950184,-2.0812646206342595e-16
410.5389791883986,89.68098608267157,0.06413187312991704,89.49662494778093,5.747467939585732,-2.1758816214585533e-16
411.0389791883986,89.18248366896137,0.06456948401887393,88.99663763183423,5.7544664038073154,-0.0
411.5389791883986,88.68399794501059,0.06501201454274175,88.49664973611765,5.761464830540149,-1.7849899183374028e-16
412.0389791883986,88.18552919052433,0.06545954796016497,87.99666124750217,5.768463218671794,6.225126712221623e-17
412.5389791883986,87.68707769148222,0.06591216941528671,87.49667215248566,5.775461567050616,-1.302935409329124e-16
413.0389791883986,87.18864374031494,0.06636996599131538,86.99668243717998,5.782459874484181,-6.819457895190194e-17
413.5389791883986,86.69022763608702,0.06683302676592393,86.49669208729783,5.789458139737579,-2.1421092108118137e-16
414.0389791883986,86.19182968468549,0.06730144286855536,85.99670108813878,5.796456361531657,-2.24350451164407e-16
414.5389791883986,85.69345019901533,0.06777530753971116,85.49670942457496,5.803454538541185,-7.834426071727463e-17
415.0389791883986,85.19508949920149,0.06825471619230299,84.99671708103611,5.810452669392926,8.209679029941749e-17
415.5389791883986,84.69674791279793,0.06873976647515172,84.4967240414939,5.817450752663601,-3.442104271499416e-16
416.0389791883986,84.198425775004,0.06923055833872191,83.99673028944576,5.824448786877784,-9.022401174337275e-17
416.5389791883986,83.70012342888838,0.06972719410318372,83.49673580789795,5.8314467705056705,-9.462412994230533e-17
417.0389791883986,83.20184122562092,0.07022977852889885,82.99674057934794,5.838444701960752,-2.9780090937251293e-16
417.5389791883986,82.70357952471277,0.07073841888943153,82.49674458576604,5.845442579597367,-4.1666995429740753e-16
418.0389791883986,82.20533869426492,0.07125322504719055,81.99674780857632,5.852440401708137,-2.1868332590407128e-16
418.5389791883986,81.70711911122594,0.07177430953181325,81.49675022863659,5.859438166521271,-2.2961313031256166e-16
419.0389791883986,81.20892116165871,0.07230178762140801,80.99675182621765,5.866435872197749,-2.411608907926199e-16
419.5389791883986,80.71074524101712,0.07283577742677701,80.49675258098158,5.873433516828336,-4.433898735455446e-16
420.0389791883986,80.21259175443274,0.07337639997874766,79.99675247195916,5.8804310984304795,-4.659710054437366e-16
420.5389791883986,79.71446111701201,0.07392377931874676,79.49675147752608,5.887428614945022,-4.898531765208379e-16
421.0389791883986,79.21635375414456,0.07447804259275849,78.99674957537853,5.894426064232761,-3.6794295968785156e-16
421.5389791883986,78.71827010182291,0.07503932014881423,78.49674674250721,5.901423444070828,-4.644528238570948e-16
422.0389791883986,78.22021060697413,0.07560774563816977,77.99674295517066,5.908420752148877,-3.258135891615075e-16
422.5389791883986,77.72217572780411,0.07618345612033299,77.49673818886703,5.915417986065078,-2.5721129610815256e-16
423.0389791883986,77.22416593415477,0.07676659217211391,76.99673241830475,5.922415143321901,-4.513785216002076e-16
423.5389791883986,76.72618170787493,0.07735729800087725,76.4967256173719,5.929412221321672,-5.705169882853194e-16
424.0389791883986,76.22822354320552,0.07795572156218719,75.99671775910413,5.936409217361905,-6.011200649770797e-16
424.5389791883986,75.73029194717954,0.07856201468204398,75.49670881565106,5.943406128630372,-6.335807278693663e-16
425.0389791883986,75.23238744003767,0.07917633318392198,74.99669875824128,5.950402952199912,-6.6802499214072715e-16
425.5389791883986,74.73451055566012,0.07979883702083024,74.49668755714553,5.9573996850229705,-8.220197201468725e-16
426.0389791883986,74.23666184201547,0.08042969041262797,73.99667518163837,5.9643963239258175,-6.195137145858394e-16
426.5389791883986,73.73884186162735,0.08106906198883987,73.49666159995785,5.971392865602476,-7.846661679742795e-16
427.0389791883986,73.24105119205973,0.08171712493722913,72.9966467792634,5.978389306608292,-8.285062732384992e-16
427.5389791883986,72.74329042642171,0.0823740571584002,72.49663068559171,5.9853856433531645,-8.751186057664103e-16
428.0389791883986,72.24556017389271,0.08304004142671748,71.99661328381042,5.992381872094389,-1.0017573829059476e-15
428.5389791883986,71.74786106026907,0.0837152655578425,71.4965945375696,5.9993779889290995,-8.145492582819896e-16
429.0389791883986,71.250193728533,0.08439992258320808,70.99657440925093,6.006373989786275,-8.613554153140905e-16
429.5389791883986,70.7525588394451,0.08509421093176589,70.49655285991426,6.01336987041831,-9.112060857902365e-16
430.0389791883986,70.25495707216136,0.08579833461936251,69.99652984924175,6.020365626392075,-7.714581317122526e-16
430.5389791883986,69.75738912487613,0.08651250344611897,69.49650533547901,6.027361253079483,-8.167554929793298e-16
431.0389791883986,69.25985571549201,0.08723693320220971,68.99647927537339,6.034356745647485,-1.1894627785494634e-15
431.5389791883986,68.76235758231827,0.08797184588245972,68.49645162410924,6.041352099047496,-9.73894886420903e-16
432.0389791883986,68.26489548479901,0.08871746991020224,67.99642233523976,6.048347308004185,-1.093080402880834e-15
432.5389791883986,67.76747020427268,0.08947404037086495,67.49639136061539,6.055342367003605,-7.727897427845034e-16
433.0389791883986,67.27008254476449,0.09024179925577995,66.99635865030871,6.062337270280605,-1.3664612684467485e-15
433.5389791883986,66.77273333381335,0.09102099571674123,66.4963241525351,6.06933201180549,-1.1602831715205647e-15
434.0389791883986,66.27542342333517,0.09181188633186466,65.99628781356954,6.076326585269857,-1.078055110616608e-15
434.5389791883986,65.77815369052433,0.09261473538333803,65.49624957765899,6.083320984071576,-8.99848941211491e-16
435.0389791883986,65.28092503879536,0.09342981514768393,64.99620938693,6.090315201298836,-8.694385894513182e-16
435.5389791883986,64.78373839876684,0.09425740619919537,64.49616718129157,6.097309229713201,-1.2018360149158019e-15
436.0389791883986,64.28659472928985,0.09509779772724443,63.99612289833261,6.104303061731609,-1.081836173124234e-15
436.5389791883986,63.78949501852325,0.09595128786820642,63.49607647321402,6.111296689407221,-1.0467497734341284e-15
437.0389791883986,63.29244028505831,0.09681818405278804,62.99602783855473,6.118290104409067,-1.337545217417727e-15
437.5389791883986,62.79543157909538,0.09769880336959648,62.49597692431159,6.125283298000379,-1.4843459509552063e-15
438.0389791883986,62.29846998367532,0.09859347294583877,61.995923657652526,6.132276261015521,-1.2657265196981311e-15
438.5389791883986,61.80155661596884,0.09950253034609648,61.49586796282266,6.139268983835429,-1.3498170594480218e-15
439.0389791883986,61.30469262862678,0.10042632399018064,60.99580976100287,6.1462614563614215,-1.512247939256678e-15
439.5389791883986,60.80787921119478,0.10136521359113589,60.495748970160335,6.1532536679872925,-1.3837649455288527e-15
440.0389791883986,60.31111759159594,0.10231957061453135,59.99568550489054,6.160245607569539,-1.2316807837365148e-15
440.5389791883986,59.81440903768527,0.10328977876024986,59.495619276250174,6.167237263395582,-1.3162851030087993e-15
441.0389791883986,59.31775485888008,0.10427623446806554,58.995550191580286,6.174228623149837,-1.1259790133610574e-15
441.5389791883986,58.82115640787046,0.10527934744838523,58.495478154319166,6.18121967387747,-1.2046561532055223e-15
442.0389791883986,58.32461508241476,0.1062995412396201,57.995403063804076,6.188210401945653,-1.2895624943332042e-15
442.5389791883986,57.828132327224715,0.10733725379375186,57.49532481506125,6.195200793002127,-9.783854024546367e-16
443.0389791883986,57.33170963594567,0.10839293809176331,56.99524329858325,6.20219083193086,-9.86883158967434e-16
443.5389791883986,56.83534855323744,0.10946706279071652,56.49515840009284,6.20918050280458,-1.1905896965870623e-15
444.0389791883986,56.339050676961776,0.11056011290438388,55.995070000292486,6.2161697888339225,-1.135578182403586e-15
444.5389791883986,55.84281766048291,0.11167259051946876,55.49497797459837,6.223158672312914,-1.4478588751579041e-15
445.0389791883986,55.346651215087945,0.1128050155495946,54.99488219285794,6.230147134560521,-1.3099085784965915e-15
445.5389791883986,54.850553112534485,0.11395792652939354,54.49478251904973,6.2371351558579065,-1.1441693564794833e-15
446.0389791883986,54.35452518773323,0.11513188145119145,53.99467881096422,6.244122715381071,-1.2308319588401794e-15
446.5389791883986,53.85856934157406,0.11632745864696382,53.49457091986437,6.2511097911284725,-1.2230174316682085e-15
447.0389791883986,53.36268754390446,0.11754525771842984,52.99445869012432,6.258096359843213,-1.4271954558077463e-15
447.5389791883986,52.866881836669975,0.11878590051836002,52.49434195884459,6.2650823969293254,-1.242556447438928e-15
448.0389791883986,52.37115433722704,0.12005003218639805,51.99422055544218,6.2720678763616595,-1.1488399936528578e-15
448.5389791883986,51.87550724183917,0.1213383222429413,51.49409430121351,6.279052770588809,-1.1023165285039424e-15
449.0389791883986,51.37994282936854,0.12265146574488871,50.993963008868214,6.286037050428481,-1.1163277962884323e-15
449.5389791883986,50.88446346517559,0.12399018450735083,50.493826482031665,6.2930206849546355,-1.1263242220949185e-15
450.0389791883986,50.389071605240545,0.125355228395728,49.993684514713586,6.300003641375656,-1.3055346582765222e-15
450.5389791883986,49.893769800521454,0.12674737669289904,49.49353689074023,6.306985884902763,-1.3192285627664906e-15
451.0389791883986,49.39856070156486,0.12816743954663032,48.99338338314741,6.313967378607788,-1.1231017316903766e-15
451.5389791883986,48.90344706338603,0.12961625950271172,48.493223753530906,6.320948083269295,-1.1071512866678376e-15
452.0389791883986,48.4084317506374,0.1310947131297611,47.993057751351174,6.327927957206037,-1.2015462459406252e-15
452.5389791883986,47.913517743084995,0.1326037127421088,47.492885113188485,6.3349069560965106,-1.044056427570913e-15
453.0389791883986,47.41870814141448,0.1341442082276888,46.99270556194447,6.341885032783327,-9.221636937578441e-16
453.5389791883986,46.92400617338988,0.13571718898842267,46.49251880598561,6.348862137060936,-1.0033288753875471e-15
454.0389791883986,46.42941520039025,0.13732368600119446,45.99232453822395,6.355838215445137,-1.008553078570937e-15
454.5389791883986,45.93493872435134,0.13896477400818158,45.4921224351296,6.362813210922554,-9.160627252364082e-16
455.0389791883986,45.440580395141566,0.14064157384603695,44.99191215566929,6.369787062678165,-7.99504962133356e-16
455.5389791883986,44.9463440184043,0.14235525492421552,44.49169334016464,6.376759705798658,-8.73039243265547e-16
456.0389791883986,44.452233563900755,0.14410703786361173,43.991465609063106,6.3837310709492305,-1.0138893847836741e-15
456.5389791883986,43.95825317439108,0.14589819730763207,43.491228561614065,6.390701084021114,-7.177717862176315e-16
457.0389791883986,43.464407175094095,0.14773006491887603,42.990981774441416,6.397669665746853,-3.5731323415477256e-16
457.5389791883986,42.97070008376996,0.14960403257575045,42.490724800003676,6.40463673127996,-4.70065719750648e-16
458.0389791883986,42.477136621473704,0.15152155578460808,41.99045716493123,6.411602189735274,-4.298908327963158e-16
458.5389791883986,41.983721724031795,0.1534841573243915,41.490178368229465,6.418565943685794,-4.722823892109549e-16
459.0389791883986,41.49046055429876,0.1554934311422943,40.989887879335534,6.4255278886114,-3.116518585137068e-16
459.5389791883986,40.997358515255726,0.15755104652063773,40.48958513601492,6.432487912294206,5.718987155563511e-17
460.0389791883986,40.50442126401868,0.15965875253701867,39.989269542082695,6.439445894154713,-0.0
460.5389791883986,40.0116547268302,0.16181838284183642,39.488940464932796,6.446401704522223,6.956922344180826e-17
461.0389791883986,39.51906511511549,0.16403186077957058,38.98859723285657,6.453355203832107,3.074666099035407e-16
461.5389791883986,39.02665894269107,0.16630120488268674,38.488239132130246,6.460306241741695,2.5510023413062065e-16
462.0389791883986,38.534443044222826,0.16862853476981862,37.98786540384823,6.467254656155383,6.592996565694114e-16
462.5389791883986,38.04242459503943,0.17101607748294534,37.48747524047697,6.4742002721484555,8.356545363026785e-16
463.0389791883986,37.550611132417515,0.17346617430168806,36.98706778210104,6.481142900777712,1.1600032495270366e-15
463.5389791883986,37.0590105784663,0.17598128807662966,36.48664211233001,6.48808233776541,1.3544267407942701e-15
464.0389791883986,36.567631264752066,0.1785640111277615,35.9861972538308,6.495018362041261,1.5800294716259544e-15
464.5389791883986,36.07648195881707,0.1812170737588342,35.485732163446514,6.501950734125178,1.842006249984737e-15
465.0389791883986,35.58557189276301,0.18394335344359258,34.98524572685761,6.5088791943310635,2.4147825409252673e-15
465.5389791883986,35.09491079408675,0.18674588474567583,34.48473675273648,6.51580346076924,2.800721298578061e-15
466.0389791883986,34.60450891897552,0.18962787004043874,33.984203966340296,6.522723227121999,3.13711953373337e-15
466.5389791883986,34.11437708829032,0.19259269111418323,33.48364600248022,6.529638160163083,3.896521656761087e-15
467.0389791883986,33.624526726491,0.1956439217243811,32.98306139779769,6.536547896987774,4.449055333593782e-15
467.5389791883986,33.134969903783286,0.19878534121352995,32.482448582269434,6.543452041915369,5.246039299386807e-15
468.0389791883986,32.64571938179882,0.20202094927944286,31.981805869853197,6.550350163020205,6.093896967963995e-15
468.5389791883986,32.15678866315328,0.20535498201617503,31.481131448174654,6.557241788240849,7.287457864813121e-15
469.0389791883986,31.66819204526631,0.2087919293526031,30.98042336714332,6.564126401009389,8.07365468503175e-15
469.5389791883986,31.17994467886998,0.21233655403008864,30.479679526370063,6.57100343533391,9.216780299601802e-15
470.0389791883986,30.692062631681306,0.21599391227689393,29.978897661242247,6.577872270256709,1.039382244781358e-14
470.5389791883986,30.20456295776919,0.21976937635532867,29.478075327492878,6.58473222359865,1.1995187261579719e-14
471.0389791883986,29.717463773208067,0.22366865917827863,28.977209884077745,6.591582544885632,1.348588678517452e-14
471.5389791883986,29.230784338680543,0.22769784121513537,28.476298474148898,6.598422407336236,1.5627393123578495e-14
472.0389791883986,28.744545149770545,0.23186339993358943,27.975338003882996,6.605250898769628,1.7706183440222314e-14
472.5389791883986,28.258768035778285,0.2361722420537115,27.474325118888906,6.612067011269217,2.003166442027205e-14
473.0389791883986,27.773476267990148,0.2406317389247285,26.973256177879083,6.618869629409522,2.3039721514874062e-14
473.5389791883986,27.288694678452405,0.24524976537349225,26.472127223243625,6.625657516820523,2.608558164290781e-14
474.0389791883986,26.804449790429207,0.25003474241750656,25.970933948112265,6.632429300824121,3.003575235093236e-14
474.5389791883986,26.32076996187529,0.2549956842852994,25.469671659427934,6.639183454830124,3.460622300149006e-14
475.0389791883986,25.837685543424747,0.26014225024379306,24.968335236483345,6.645918278122625,3.967759776983679e-14
475.5389791883986,25.35522905259248,0.2654848017971648,24.466919084288048,6.652631872599836,4.551924946526416e-14
476.0389791883986,24.87343536610799,0.27103446589568475,23.965417081035454,6.659322115948869,5.235254445870138e-14
476.5389791883986,24.39234193255666,0.2768032048775277,23.463822518824774,6.665986630638677,6.007373552247542e-14
477.0389791883986,23.9119890077962,0.2828038939631409,22.96212803665854,6.672622747995431,6.924541144752802e-14
477.5389791883986,23.432419915951503,0.28905040723219605,22.460325544579522,6.679227466480627,7.994952389740836e-14
478.0389791883986,22.953681339176455,0.29555771313950024,21.958406137626017,6.685797403116966,9.256009479549506e-14
478.5389791883986,22.475823639813868,0.3023419807708044,21.456359998068194,6.692328736793716,1.0740482305707314e-13
479.0389791883986,21.9989012190937,0.30942069820484885,20.95417628413321,6.698817141922262,1.246509211949124e-13
479.5389791883986,21.5229729170954,0.3168128045371631,20.45184300312708,6.705257710592783,1.4483636152731621e-13
480.0389791883986,21.048102459374363,0.32453883733735617,19.94934686650844,6.711644860989814,1.68771887523633e-13
480.5389791883986,20.574358956428487,0.3326210975584834,19.44667312405359,6.717972229339806,1.970087704639301e-13
481.0389791883986,20.101817463074557,0.341083834198404,18.943805373762974,6.724232542064433,2.302986455512896e-13
481.5389791883986,19.63055960583222,0.34995345133290207,18.44072534358312,6.730417464070326,2.699216566832724e-13
482.0389791883986,19.160674287595995,0.35925874050279877,17.937412640341314,6.736517418181731,3.168938311623704e-13
482.5389791883986,18.692258480233573,0.36903114184616514,17.433844460495653,6.742521369570064,3.728902753292707e-13
483.0389791883986,18.225418117305477,0.3793050378252207,16.929995256373896,6.748416567593027,4.3992787765896285e-13
483.5389791883986,17.760269100880574,0.39011808390741304,16.425836350491288,6.754188235648482,5.196950493837063e-13
484.0389791883986,17.29693843844891,0.40151158112104435,15.921335489282226,6.759819197376049,6.160355100750033e-13
484.5389791883986,16.835565528230283,0.4135308960133611,15.416456326137586,6.765289424675653,7.316806490313644e-13
485.0389791883986,16.376303613762722,0.42622593418300286,14.911157821998154,6.7705754893953625,8.710759137975649e-13
485.5389791883986,15.91932143153918,0.43965167421968493,14.405393549917017,6.775649895963623,1.0399639313369458e-12
486.0389791883986,15.464805078638388,0.4538687695288262,13.899110887992116,6.78048026643974,1.2443323461874367e-12
486.5389791883986,15.012960130736879,0.468944226094059,13.392250082941926,6.785028342095341,1.4930249765906106e-12
487.0389791883986,14.564014044525374,0.48495216465313756,12.884743164467011,6.789248756294981,1.7966317607209128e-12
487.5389791883986,14.118218882256615,0.5019746759069742,12.37651268861289,6.793087521584816,2.167816115968031e-12
488.0389791883986,13.6758543997085,0.5201027770608266,11.867470286971326,6.79648015886746,2.623558667834034e-12
488.5389791883986,13.237231541914003,0.5394374769386674,11.357514998289542,6.799349377541289,3.186006835443581e-12
489.0389791883986,12.802696393062904,0.5600909547245826,10.846531360787758,6.801602191571746,3.8826320252438385e-12
489.5389791883986,12.372634627239139,0.5821878535126045,10.334387248588282,6.803126326577577,4.750798503972842e-12
490.0389791883986,11.947476503987062,0.6058666835111756,9.820931446218651,6.8037857360440555,5.839696157203235e-12
490.5389791883986,11.52770244549092,0.6312813198811427,9.305990974277304,6.8034149997223246,7.2170185012793e-12
491.0389791883986,11.113849218173254,0.658602565345021,8.789368211595455,6.801812323585938,8.975556088604163e-12
491.5389791883986,10.706516717758973,0.6880197259949609,8.270837911119067,6.798730798880623,1.1246698185271098e-11
492.0389791883986,10.306375319375645,0.7197421177398031,7.7501442873774975,6.793867510385036,1.421977201105349e-11
492.5389791883986,9.914173698131341,0.7540003776570663,7.226998475075069,6.786850017348394,1.816995185371446e-11
493.0389791883986,9.53074694499599,0.7910473958996691,6.701076836766977,6.777219677514922,2.350187269601881e-11
493.5389791883986,9.157024691434692,0.8311586066020897,6.172020851386885,6.7644112685133315,3.080886343544652e-11
494.0389791883986,8.794038808455236,0.8746312783484749,5.639439663654099,6.747728421077846,4.0956463178723435e-11
494.5389791883986,8.442930058568685,0.9217823269288224,5.102916830544551,6.726314577421113,5.517662180010828e-11
495.0389791883986,8.104952855745125,0.9729440417406591,4.562023360524552,6.699119617672112,7.51510251317235e-11
495.5389791883986,7.7814770430112645,1.0284569886857178,4.016339759724962,6.664863082266864,1.0301559562214717e-10
496.0389791883986,7.473985361547352,1.0886592586229678,3.465490358369199,6.621996206633935,1.4114760998514841e-10
496.5389791883986,7.184065114205497,1.1538712242602351,2.9091934535579345,6.568666913074532,1.914810684736926e-10
497.0389791883986,6.913392501433838,1.2243751263807892,2.347330372107407,6.502694518664069,2.540212543961954e-10
497.5389791883986,6.6637083284713245,1.3003892270407114,1.780034860696839,6.421564029241013,3.2422098805307276e-10
498.0389791883986,6.43678434377354,1.3820370334463739,1.2078006006555955,6.32245287821935,3.892773886909976e-10
498.5389522796334,6.234390616196598,1.4693084072561289,0.6316297524429416,6.202311682844475,4.243340394790909e-10
499.0158828057251,6.06573175184361,1.5576499873600214,0.07973987162728509,6.065207600585211,3.9820277826030673e-10
499.4726831863877,5.927829132750112,1.6466380897951567,-0.44914614365423633,5.910788946386217,3.1617424231088406e-10
499.91204880049804,5.818040093939227,1.7358727477832243,-0.9560652261328402,5.738948494111437,1.8932771835921804e-10
500.3352977060211,5.7342574388485685,1.8247344439645978,-1.4405470887002736,5.550363272816232,3.488935029870213e-11
500.74204061107935,5.674640714540523,1.9122863150771303,-1.9003884576253487,5.3469683886521455,-1.2440707051453675e-10
501.1297808970643,5.637261138379352,1.9971803817748583,-2.3314658696128236,5.132541284891198,-2.642507397017859e-10
501.4933476788261,5.619676286503453,2.0775554022948888,-2.727488468913136,4.91340698670842,-3.659132243574296e-10
501.7681794448344,5.617667149589347,2.1385123200087324,-3.020663080788107,4.736431014586722,-3.8488000669439076e-10
502.04283968935715,5.62537549465644,2.1993694290073016,-3.307671208288402,4.550182483564932,-4.0316848305766855e-10
502.3462874173565,5.645154728591602,2.2662817488151026,-3.617179150140619,4.3340266387654,-4.339295028914031e-10
502.68458060502707,5.68104951011098,2.3401525094625604,-3.952152136913202,4.081031367561956,-4.852011119702726e-10
503.0486212961619,5.735786885393002,2.4183939021898766,-4.300077435460042,3.7958642288277042,-5.494146173910437e-10
503.43289468576324,5.8113590412845815,2.4991349264915264,-4.652722781152283,3.4819627551808496,-6.156635490763547e-10
503.834154622494,5.909290721302454,2.5809714753955544,-5.004725963119682,3.142043103292353,-6.751155091434464e-10
504.2509393711393,6.030923224523712,2.662880587271421,-5.352980679143993,2.7780627762544547,-7.241098673554318e-10
504.68328677965775,6.177685082287526,2.7441569776922172,-5.696175052117763,2.391104922739494,-7.642207860881234e-10
505.1324955815968,6.351316955045253,2.82434309461527,-6.034367333148052,1.9813222736548883,-8.006419411594078e-10
505.60094209077806,6.554051157724949,2.903161009453154,-6.368634313421478,1.5479287968076176,-8.40408393250445e-10
506.0919829824397,6.788769757723625,2.9804562373274965,-6.70082527899496,1.0891902514092762,-8.911236675470735e-10
506.5919829824397,7.049416503777259,3.05362794920811,-7.02216063608781,0.6193004478490445,-9.45101786429277e-10
507.0919829824397,7.330154505141328,3.121391375687502,-7.328658868659434,0.14806841683201954,-9.934283073934777e-10
507.5919829824397,7.6292724152417355,3.1840010822653326,-7.62241291620994,-0.32344848239610413,-1.0342419379452318e-09
508.0919829824397,7.945137067244466,3.2417617142536255,-7.9053102653807255,-0.7945266674996588,-1.0668618276037151e-09
508.5919829824397,8.27621321388023,3.2950049250546325,-8.17901239214247,-1.2646981658821381,-1.0916907077099036e-09
509.0919829824397,8.621075257697326,3.3440716750632427,-8.44495583961976,-1.733683784821539,-1.1097913550252146e-09
509.5919829824397,8.978412423038444,3.3892993871050354,-8.70436646523623,-2.2013391553874637,-1.1224784035512333e-09
510.0919829824397,9.347028903164087,3.4310131723251596,-8.958280536457275,-2.6676130054255607,-1.1310401554123516e-09
510.5919829824397,9.725840404656564,3.4695202774279954,-9.207568368050287,-3.132515973547448,-1.136590676304683e-09
511.0919829824397,10.113868298583213,3.5051069632645566,-9.452957813618738,-3.59609795959884,-1.1400218631358011e-09
511.5919829824397,10.510232341879123,3.5380371414897263,-9.695056102786943,-4.058432091842312,-1.1420104105243192e-09
512.0919829824397,10.914142695542076,3.5685522288514067,-9.93436930843553,-4.519603657652803,-1.1430462137848405e-09
512.5919829824397,11.324891760427896,3.596871804419721,-10.171319224920776,-4.979702662826835,-1.1434748820810086e-09
513.0919829824397,11.741846184517465,3.6231947630483248,-10.406257725259849,-5.43881898727445,-1.1435318091121584e-09
513.5919829824397,12.164439266975029,3.6477007455197357,-10.639478813708164,-5.897039363322844,-1.1433749271788461e-09
514.0919829824397,12.592163889465716,3.670551693160018,-10.871228652173926,-6.354445610068358,-1.1431051261685472e-09
514.5919829824397,13.024566037888873,3.691893425005785,-11.101713850347181,-6.811113716591273,-1.1427868682156093e-09
515.0919829824397,13.461238931779477,3.711857172152071,-11.331108293587864,-7.267113485933724,-1.1424590142888348e-09
515.5919829824397,13.901817748727876,3.730561029815238,-11.559558753965282,-7.722508538840861,-1.142143572897312e-09
516.0919829824397,14.345974912845424,3.748111305571988,-11.787189496870997,-8.177356538933859,-1.1418526152146396e-09
516.5919829824397,14.793415906113154,3.764603754324558,-12.014106063027707,-8.631709545481854,-1.1415911220180186e-09
517.0919829824397,15.243875556800411,3.7801246984469774,-12.240398375833246,-9.085614431182732,-1.1413605250892855e-09
517.5919829824397,15.697114758137136,3.7947520365285583,-12.46614329777178,-9.539113324075064,-1.1411591614737898e-09
518.0919829824397,16.15291757171775,3.8085561470589924,-12.691406737281357,-9.992244047640025,-1.1409856724103091e-09
518.5919829824397,16.611088672766627,3.8216006949507197,-12.916245388772595,-10.445040543316548,-1.1408367537772286e-09
519.0919829824397,17.07145109776567,3.8339433494343433,-13.140708173051511,-10.897533266482924,-1.1407092240165582e-09
519.5919829824397,17.533844258610255,3.845636421917665,-13.36483743275531,-11.349749551475675,-1.1406009167750798e-09
520.0919829824397,17.998122191149523,3.856727432093257,-13.588669927118545,-11.801713944142731,-1.1405088508970477e-09
520.5919829824397,18.46415200951504,3.867259610066107,-13.81223766204277,-12.253448502267657,-1.1404305269330418e-09
521.0919829824397,18.931812540953715,3.877272341653781,-14.035568584693298,-12.704973065307259,-1.1403643582514876e-09
521.5919829824397,19.4009931189103,3.886801563353205,-14.258687166394163,-13.15630549549953,-1.1403078621660944e-09
522.0919829824397,19.871592514835655,3.8958801128127725,-14.481614893188501,-13.607461892691575,-1.140259966667677e-09
522.5919829824397,20.343517991633018,3.9045380400213516,-14.704370679873914,-14.058456785321804,-1.1402192048033487e-09
523.0919829824397,20.816684463810635,3.912802883841297,-14.9269712204457,-14.509303299946584,-1.1401846215416545e-09
523.5919829824397,21.291013751306373,3.920699917977507,-15.149431285551596,-14.96001331158056,-1.1401552733734118e-09
524.0919829824397,21.76643391561236,3.9282523699911036,-15.371763975673083,-15.410597576957207,-1.1401302856196044e-09
524.5919829824397,22.242878668279673,3.935481616533562,-15.59398093721366,-15.861065852635122,-1.1401090574715951e-09
525.0919829824397,22.720286843148493,3.9424073575924243,-15.81609254742549,-16.31142699969008,-1.1400905354572596e-09
525.5919829824397,23.1986019247501,3.949047772199604,-16.03810807308632,-16.761689076552592,-1.1400748349159102e-09
526.0919829824397,23.677771626284166,3.9554196577536462,-16.260035807005533,-17.211859421380524,-1.1400618105655582e-09
526.5919829824397,24.157747511406093,3.961538554844128,-16.481883185754533,-17.661944725199128,-1.1400505245539151e-09
527.0919829824397,24.638484654781397,3.9674188592356767,-16.703656891455726,-18.111951096897926,-1.140040537531605e-09
527.5919829824397,25.11994133699125,3.973073922467134,-16.92536294000159,-18.561884121044997,-1.1400323027218047e-09
528.0919829824397,25.602078769918478,3.978516142344773,-17.147006757693717,-19.011748909364346,-1.1400247207637417e-09
528.5919829824397,26.08486084921705,3.983757044454082,-17.3685932479754,-19.461550146619867,-1.1400184216447584e-09
529.0919829824397,26.56825393088041,3.9888073556797066,-17.590126849669065,-19.911292131559257,-1.1400127905067425e-09
529.5919829824397,27.05222662928285,3.99367707060519,-17.811611587911525,-20.360978813491656,-1.1400081394226636e-09
530.0919829824397,27.536749634381067,3.998375511561052,-18.03305111879795,-20.810613825002996,-1.1400040871901862e-09
530.5919829824397,28.02179554603574,4.002911382999542,-18.25444876859325,-21.260200511251835,-1.1400000850348213e-09
531.0919829824397,28.507338723651404,4.007292820795457,-18.47580756824199,-21.70974195623446,-1.1399969855469133e-09
531.5919829824397,28.993355149541202,4.011527437003266,-18.69713028380056,-22.15924100636155,-1.1399943740194316e-09
532.0919829824397,29.479822304605424,4.015622360540159,-18.91841944332552,-22.608700291646898,-1.1399920188749903e-09
532.5919829824397,29.96671905507265,4.0195842742114545,-19.13967736067523,-23.058122244773326,-1.1399899445362017e-09
533.0919829824397,30.454025549192483,4.023419448448064,-19.36090615661788,-23.50750911826909,-1.1399884864767917e-09
533.5919829824397,30.941723122892043,4.027133772084653,-19.58210777758422,-23.95686300000039,-1.1399866816137688e-09
534.0919829824397,31.42979421351693,4.030732780470973,-19.803284012356766,-24.406185827161877,-1.1399853918237056e-09
534.5919829824397,31.91822228087262,4.034221681176979,-20.024436506947822,-24.85547939892547,-1.1399840982066332e-09
535.0919829824397,32.406991734866594,4.037605377524271,-20.245566777884747,-25.304745387889625,-1.1399828909425372e-09
535.5919829824397,32.89608786912586,4.040888490151523,-20.466676224092236,-25.75398535045454,-1.1399819255178699e-09
536.0919829824397,33.38549680003008,4.0440753767996975,-20.687766137536432,-26.203200736234876,-1.139980914128263e-09
536.5919829824397,33.87520541065908,4.0471701504833435,-20.908837712774535,-26.652392896608806,-1.1399804868516171e-09
537.0919829824397,34.3652012992046,4.050176696197108,-21.12989205553531,-27.101563092491165,-1.1399795945752982e-09
537.5919829824397,34.85547273144249,4.053098686291305,-21.35093019044003,-27.550712501408878,-1.1399792384631993e-09
538.0919829824397,35.346008596901775,4.055939594636796,-21.571953067959946,-27.999842223948114,-1.1399784594011349e-09
538.5919829824397,35.83679836840358,4.058702709687407,-21.792961570694466,-28.448953289635238,-1.1399781613210954e-09
539.0919829824397,36.32783206467485,4.061391146537313,-22.013956519044033,-28.898046662306722,-1.1399777141489576e-09
539.5919829824397,36.8191002157709,4.064007858061288,-22.234938676342935,-29.34712324501756,-1.1399774454886759e-09
540.0919829824397,37.310593831066164,4.066555645217128,-22.45590875350925,-29.796183884532248,-1.1399768819101772e-09
540.5919829824397,37.80230436959584,4.069037166581947,-22.67686741326302,-30.245229375437944,-1.1399765603776648e-09
541.0919829824397,38.2942237125514,4.071454947187191,-22.8978152739572,-30.694260463915178,-1.1399761835966115e-09
541.5919829824397,38.78634413775152,4.0738113867111005,-23.118752913061222,-31.14327785119792,-1.1399763616786383e-09
542.0919829824397,39.27865829592646,4.076108767081883,-23.33968087033234,-31.59228219675171,-1.1399759997958127e-09
542.5919829824397,39.77115918866881,4.078349259539898,-23.560599650706195,-32.041274121195286,-1.1399756279423396e-09
543.0919829824397,40.26384014791677,4.080534931202768,-23.781509726934363,-32.490254208988894,-1.1399755225420858e-09
543.5919829824397,40.756694816848295,4.0826677511733305,-24.002411541993542,-32.93922301091032,-1.1399754091994925e-09
544.0919829824397,41.249717132075155,4.084749596226766,-24.22330551128875,-33.38818104633708,-1.1399753735883073e-09
544.5919829824397,41.742901307035716,4.0867822561100136,-24.44419202467019,-33.83712880535188,-1.139975031487995e-09
545.0919829824397,42.23624181649417,4.088767438483667,-24.66507144828125,-34.28606675068682,-1.1399750774460834e-09
545.5919829824397,42.72973338206181,4.090706773533912,-24.885944126253857,-34.73499531951975,-1.1399750875691578e-09
546.0919829824397,43.2233709586632,4.0926018182797,-25.106810382264882,-35.18391492513597,-1.1399748296947976e-09
546.5919829824397,43.71714972187666,4.094454060598171,-25.327670520966834,-35.63282595846599,-1.139974604729444e-09
547.0919829824397,44.211065056084244,4.0962649229894295,-25.54852482930377,-36.08172878951011,-1.1399749139629513e-09
547.5919829824397,44.705112543372096,4.098035766099974,-25.76937357772322,-36.530623768658884,-1.1399748942139767e-09
548.0919829824397,45.19928795312651,4.099767892022497,-25.990217021292867,-36.97951122791844,-1.139974668002228e-09
548.5919829824397,45.69358723227581,4.101462547388301,-26.211055400730817,-37.42839148204767,-1.1399744957423133e-09
549.0919829824397,46.18800649613209,4.1031209262672705,-26.431888943356654,-37.87726482961514,-1.1399745817774088e-09
549.5919829824397,46.682542019790446,4.10474417288911,-26.652717863970377,-38.32613155398148,-1.1399746885656458e-09
550.0919829824397,47.177190230046776,4.10633338419848,-26.873542365665056,-38.77499192421356,-1.1399746503462295e-09
550.5919829824397,47.671947697798316,4.107889612255648,-27.094362640579217,-39.2238461959355,-1.13997447641534e-09
551.0919829824397,48.16681113089374,4.109413866493372,-27.315178870593552,-39.67269461212168,-1.139974435777051e-09
551.5919829824397,48.66177736740234,4.110907115839887,-27.535991227976904,-40.12153740383598,-1.1399743137313792e-09
552.0919829824397,49.15684336927402,4.112370290717104,-27.756799875985635,-40.570374790921306,-1.1399741401483616e-09
552.5919829824397,49.652006216364136,4.113804284922448,-27.97760496941996,-41.01920698264351,-1.1399742015278186e-09
553.0919829824397,50.1472631007989,4.115209957402109,-28.198406655140886,-41.468034178292726,-1.1399742392186812e-09
553.5919829824397,50.6426113216592,4.116588133922888,-28.419205072551,-41.91685656774535,-1.139974101602966e-09
554.0919829824397,51.13804827996206,4.117939608649321,-28.640000354041646,-42.36567433198986,-1.1399740832827855e-09
554.5919829824397,51.63357147392056,4.11926514563222,-28.860792625409417,-42.814487643618676,-1.139974301025889e-09
555.0919829824397,52.129178494464604,4.120565480214362,-29.081582006244176,-43.26329666728884,-1.1399742316486011e-09
555.5919829824397,52.62486702100577,4.121841320358621,-29.30236861029088,-43.71210156015358,-1.1399741056127559e-09
556.0919829824397,53.120634817431196,4.1230933479034615,-29.523152545787127,-44.16090247226687,-1.1399741282599724e-09
556.5919829824397,53.61647972831209,4.124322219750352,-29.743933915778364,-44.609699546963,-1.1399741321711104e-09
557.0919829824397,54.1123996753137,4.125528568987363,-29.964712818412195,-45.0584929212127,-1.1399741012885797e-09
557.5919829824397,54.60839265379439,4.126713005952866,-30.185489347213707,-45.50728272595753,-1.1399743466916137e-09
558.0919829824397,55.10445672958237,4.127876119243031,-30.406263591342928,-45.956069086424144,-1.1399740605537979e-09
558.5919829824397,55.60059003591942,4.129018476666523,-30.627035635835682,-46.404852122419626,-1.139974346732234e-09
559.0919829824397,56.09679077056161,4.130140626149589,-30.84780556182933,-46.853631948609255,-1.1399741049868626e-09
559.5919829824397,56.593057193027725,4.131243096594495,-31.068573446774124,-47.30240867477796,-1.1399744594761146e-09
560.0919829824397,57.08938762198676,4.1323263986940875,-31.289339364631577,-47.75118240607632,-1.1399742953665464e-09
560.5919829824397,57.58578043277636,4.133391025705059,-31.510103386060383,-48.199953243252374,-1.1399743619977534e-09
561.0919829824397,58.08223405504466,4.134437454182324,-31.730865578590937,-48.64872128287014,-1.1399741866337256e-09
561.5919829824397,58.578746970508426,4.13546614467676,-31.951626006789358,-49.09748661751548,-1.1399742510183378e-09
562.0919829824397,59.07531771082095,4.136477542398424,-32.172384732411466,-49.54624933599043,-1.139974073414537e-09
562.5919829824397,59.571944855543386,4.137472077847195,-32.39314181454776,-49.99500952349644,-1.1399741075052645e-09
563.0919829824397,60.06862703021392,4.138450167412712,-32.61389730975947,-50.44376726180758,-1.139974151417407e-09
563.5919829824397,60.565362904509115,4.139412213945302,-32.834651272206976,-50.89252262943394,-1.1399742169220005e-09
564.0919829824397,61.062151190492585,4.140358607299536,-33.05540375377033,-51.34127570177626,-1.1399742021438299e-09
564.5919829824397,61.558990640946014,4.141289724851914,-33.27615480416313,-51.790026551271914,-1.1399741586976503e-09
565.0919829824397,62.05588004777819,4.1422059319940985,-33.4969044710397,-52.23877524753309,-1.1399742624963832e-09
565.5919829824397,62.55281824050779,4.143107582603034,-33.71765280009615,-52.68752185747753,-1.1399741084226173e-09
566.0919829824397,63.049804084815975,4.143995019489196,-33.93839983516573,-53.13626644545229,-1.139974150453609e-09
566.5919829824397,63.5468364811651,4.144868574824147,-34.15914561830888,-53.58500907335096,-1.1399741003384989e-09
567.0919829824397,64.04391436348006,4.145728570548491,-34.37989018989824,-54.0337498007246,-1.1399742458753386e-09
567.5919829824397,64.54103669788894,4.14657531876128,-34.600633588698955,-54.48248868488704,-1.1399743216737875e-09
568.0919829824397,65.03820248152003,4.1474091220918305,-34.821375851944445,-54.93122578101474,-1.1399741423784005e-09
568.5919829824397,65.53541074135207,4.148230274054871,-35.04211701540835,-55.379961142241264,-1.1399740311133457e-09
569.0919829824397,66.0326605331152,4.149039059389885,-35.26285711347234,-55.828694819747156,-1.1399740187621135e-09
569.5919829824397,66.52995094024006,4.149835754385461,-35.4835961791903,-56.27742686284529,-1.1399741190049219e-09
570.0919829824397,67.02728107285225,4.150620627189408,-35.70433424434925,-56.726157319061606,-1.1399740939392077e-09
570.5919829824397,67.52465006681047,4.151393938105366,-35.92507133952684,-57.17488623421225,-1.139974026869407e-09
571.0919829824397,68.02205708278558,4.152155939876584,-36.14580749414614,-57.62361365247644,-1.13997426837698e-09
571.5919829824397,68.51950130537895,4.152906877957508,-36.366542736527144,-58.07233961646605,-1.1399743233884816e-09
572.0919829824397,69.016981942278,4.153646990773787,-36.58727709393602,-58.52106416729169,-1.139974158040241e-09
572.5919829824397,69.51449822344706,4.15437650997126,-36.80801059263149,-58.969787344625495,-1.1399743109671002e-09
573.0919829824397,70.01204940035214,4.155095660654472,-37.02874325790918,-59.41850918676094,-1.139974062848875e-09
573.5919829824397,70.50963474521754,4.1558046616152176,-37.2494751141435,-59.86722973066979,-1.139974074417759e-09
574.0919829824397,71.00725355031314,4.156503725551606,-37.47020618482741,-60.31594901205633,-1.1399742180828364e-09
574.5919829824397,71.50490512727073,4.1571930592780895,-37.690936492610305,-60.764667065409036,-1.1399740724222542e-09
575.0919829824397,72.00258880642811,4.15787286392689,-37.91166605933404,-61.213383924049694,-1.1399741535868175e-09
575.5919829824397,72.50030393619949,4.15854333514124,-38.13239490606699,-61.662099620180456,-1.139974361202259e-09
576.0919829824397,72.99804988247122,4.159204663260802,-38.353123053136756,-62.11081418492844,-1.1399743747719445e-09
576.5919829824397,73.49582602802147,4.159857033499654,-38.57385052016093,-62.559527648388446,-1.1399744135897791e-09
577.0919829824397,73.99363177196282,4.160500626117174,-38.794577326076684,-63.00824003966373,-1.1399744266945452e-09
577.5919829824397,74.49146652920679,4.161135616582146,-39.0153034891687,-63.45695138690478,-1.1399741191691325e-09
578.0919829824397,74.98932972994913,4.161762175730414,-39.236029027095945,-63.90566171734643,-1.1399743487541404e-09
578.5919829824397,75.48722081917519,4.16238046991636,-39.45675395691711,-64.35437105734327,-1.1399744117625475e-09
579.0919829824397,75.98513925618425,4.1629906611585,-39.67747829511483,-64.80307943240356,-1.1399742872885162e-09
579.5919829824397,76.48308451413206,4.163592907279452,-39.89820205761883,-65.25178686722141,-1.139974391132981e-09
580.0919829824397,76.98105607959079,4.164187362040531,-40.11892525982795,-65.70049338570784,-1.1399745476451005e-09
580.5919829824397,77.47905345212557,4.164774175271212,-40.33964791663116,-66.14919901102029,-1.13997453124628e-09
581.0919829824397,77.97707614388702,4.165353492993684,-40.56037004242766,-66.59790376559079,-1.1399745877924825e-09
581.5919829824397,78.47512367921885,4.165925457542708,-40.781091651146,-67.04660767115311,-1.1399744515440159e-09
582.0919829824397,78.97319559428017,4.1664902076809955,-41.00181275626233,-67.49531074876859,-1.1399746742653271e-09
582.5919829824397,79.4712914366816,4.16704787871028,-41.222533370818006,-67.94401301885088,-1.1399745645433768e-09
583.0919829824397,79.96941076513477,4.16759860257829,-41.44325350743611,-68.39271450118964,-1.1399747974687856e-09
583.5919829824397,80.4675531491146,4.168142507981786,-41.66397317833753,-68.84141521497327,-1.1399748872037602e-09
584.0919829824397,80.96571816853378,4.1686797204658275,-41.88469239535608,-69.29011517881062,-1.1399746230255496e-09
584.5919829824397,81.46390541342902,4.169210362519439,-42.105411169953165,-69.73881441075187,-1.1399747720345873e-09
585.0919829824397,81.96211448365843,4.169734553667816,-42.32612951323174,-70.18751292830844,-1.1399747725450824e-09
585.5919829824397,82.46034498860978,4.170252410561223,-42.546847435949545,-70.63621074847217,-1.1399746274161803e-09
586.0919829824397,82.958596546919,4.170764047060719,-42.76756494853189,-71.08490788773372,-1.139974824797092e-09
586.5919829824397,83.45686878619863,4.171269574320837,-42.988282061083986,-71.53360436210005,-1.1399746178882483e-09
587.0919829824397,83.95516134277571,4.171769100869349,-43.20899878340254,-71.9823001871114,-1.1399746956427635e-09
587.5919829824397,84.45347386143885,4.172262732684233,-43.42971512498695,-72.4309953778575,-1.1399745207735934e-09
588.0919829824397,84.95180599519401,4.172750573267956,-43.65043109505008,-72.87968994899309,-1.1399744798632381e-09
588.5919829824397,85.45015740502862,4.1732327237191775,-43.87114670252859,-73.32838391475283,-1.1399745889716364e-09
589.0919829824397,85.9485277596839,4.173709282801983,-44.091861956092636,-73.77707728896574,-1.1399749046352816e-09
589.5919829824397,86.44691673543474,4.1741803470127445,-44.312576864155474,-74.22577008506885,-1.1399746633462105e-09
590.0919829824397,86.9453240158772,4.174646010644698,-44.533291434882436,-74.6744623161205,-1.139974720374943e-09
590.5919829824397,87.44374929172301,4.175106365850332,-44.75400567619969,-75.12315399481304,-1.1399747572894222e-09
591.0919829824397,87.94219226060102,4.175561502701676,-44.97471959580251,-75.57184513348507,-1.1399748853395565e-09
591.5919829824397,88.44065262686522,4.176011509248561,-45.195433201163375,-76.02053574413311,-1.1399749656158654e-09
592.0919829824397,88.93913010140912,4.176456471574941,-45.41614649953952,-76.46922583842301,-1.1399747953644063e-09
592.5919829824397,89.43762440148623,4.176896473853347,-45.63685949798041,-76.91791542770072,-1.1399745288177077e-09
593.0919829824397,89.93613525053641,4.17733159839754,-45.85757220333482,-77.36660452300276,-1.1399748295189574e-09
593.5919829824397,90.43466237801785,4.177761925713442,-46.07828462225753,-77.81529313506633,-1.1399747865023799e-09
594.0919829824397,90.93320551924454,4.1781875345484,-46.29899676121607,-78.2639812743389,-1.1399748342748425e-09
594.5919829824397,91.43176441522893,4.178608501938851,-46.51970862649682,-78.71266895098755,-1.1399746258437244e-09
595.0919829824397,91.9303388125296,4.179024903256456,-46.74042022421104,-79.16135617490802,-1.1399747630384088e-09
595.5919829824397,92.42892846310387,4.1794368122527406,-46.9611315603008,-79.61004295573325,-1.1399746875016287e-09
596.0919829824397,92.92753312416502,4.179844301102313,-47.1818426405445,-80.0587293028417,-1.1399747644495694e-09
596.5919829824397,93.42615255804398,4.180247440444715,-47.402553470562246,-80.50741522536539,-1.1399746542730252e-09
597.0919829824397,93.92478653205542,4.180646299424941,-47.62326405582096,-80.95610073219764,-1.1399746992612915e-09
597.5919829824397,94.423434818368,4.181040945732688,-47.843974401639414,-81.40478583200044,-1.1399746047613043e-09
598.0919829824397,94.92209719387861,4.181431445640373,-48.06468451319301,-81.85347053321173,-1.1399745017722894e-09
598.5919829824397,95.4207734400906,4.181817864039972,-48.285394395518416,-82.30215484405217,-1.1399746360840736e-09
599.0919829824397,95.91946334299556,4.182200264478712,-48.506104053517845,-82.75083877253189,-1.1399748069467468e-09
599.5919829824397,96.41816669295889,4.182578709193669,-48.72681349196356,-83.19952232645693,-1.1399748527576227e-09
600.0919829824397,96.91688328460882,4.182953259145301,-48.947522715501734,-83.64820551343543,-1.1399746773347123e-09
600.5919829824397,97.41561291672868,4.183323974049961,-49.16823172865661,-84.09688834088358,-1.1399743247985479e-09
601.0919829824397,97.91435539215254,4.183690912411419,-49.38894053583423,-84.54557081603141,-1.1399744113278918e-09
601.5919829824397,98.41311051766392,4.184054131551434,-49.60964914132611,-84.99425294592838,-1.1399744877538515e-09
602.0919829824397,98.91187810389751,4.184413687639412,-49.83035754931286,-85.4429347374487,-1.1399744085196175e-09
602.5919829824397,99.41065796524383,4.184769635721168,-50.05106576386744,-85.89161619729666,-1.1399744920592923e-09
603.0919829824397,99.9094499197567,4.185122029746839,-50.271773788958676,-86.34029733201142,-1.1399744016226656e-09
603.5919829824397,100.40825378906342,4.185470922597966,-50.492481628454165,-86.78897814797216,-1.1399743898242542e-09
604.0919829824397,100.9070693982776,4.185816366113782,-50.713189286123665,-87.2376586514024,-1.1399743210930525e-09
604.5919829824397,101.40589657591447,4.186158411116725,-50.93389676564189,-87.68633884837476,-1.1399743719857227e-09
605.0919829824397,101.90473515380872,4.186497107437212,-51.15460407059119,-88.13501874481535,-1.1399743268823989e-09
605.5919829824397,102.40358496703465,4.1868325039376835,-51.37531120446467,-88.58369834650782,-1.1399743064227757e-09
606.0919829824397,102.90244585382862,4.187164648535963,-51.59601817066863,-89.0323776590975,-1.139974180318849e-09
606.5919829824397,103.40131765551375,4.187493588227941,-51.816724972525016,-89.48105668809549,-1.139974288896469e-09
607.0919829824397,103.90020021642671,4.187819369109606,-52.03743161327427,-89.92973543888229,-1.1399742668498517e-09
607.5919829824397,104.39909338384662,4.188142036398452,-52.25813809607747,-90.37841391671147,-1.1399739897150662e-09
608.0919829824397,104.89799700792591,4.188461634454279,-52.478844424018526,-90.82709212671345,-1.1399741342273048e-09
608.5919829824397,105.39691094162318,4.188778206799399,-52.699550600106676,-91.27577007389881,-1.1399740452744042e-09
609.0919829824397,105.89583504063785,4.189091796138285,-52.92025662727859,-91.72444776316159,-1.1399740816423432e-09
609.5919829824397,106.39476916334672,4.189402444376662,-53.14096250840039,-92.17312519928257,-1.139974258477468e-09
610.0919829824397,106.8937131707422,4.189710192640067,-53.36166824626974,-92.62180238693239,-1.1399741832689286e-09
610.5919829824397,107.39266692637227,4.190015081291903,-53.58237384361763,-93.07047933067463,-1.1399739348198657e-09
611.0919829824397,107.8916302962821,4.190317149950981,-53.80307930311047,-93.5191560349687,-1.1399739660249739e-09
611.5919829824397,108.39060314895724,4.190616437508593,-54.02378462735175,-93.96783250417268,-1.1399740194605182e-09
612.0919829824397,108.88958535526838,4.19091298214511,-54.244489818884084,-94.41650874254597,-1.1399741536369045e-09
612.5919829824397,109.38857678841755,4.191206821346132,-54.465194880190495,-94.86518475425216,-1.1399739661439644e-09
613.0919829824397,109.88757732388582,4.191497991918198,-54.68589981369636,-95.31386054336143,-1.1399738558657089e-09
613.5919829824397,110.38658683938239,4.191786530004076,-54.90660462177105,-95.76253611385309,-1.1399739651913934e-09
614.0919829824397,110.885605214795,4.192072471097635,-55.12730930672932,-96.21121146961806,-1.1399737311626173e-09
614.5919829824397,111.38463233214173,4.1923558500583304,-55.34801387083284,-96.65988661446117,-1.1399739092990622e-09
615.0919829824397,111.88366807552397,4.192636701125292,-55.568718316291644,-97.1085615521034,-1.1399737488246137e-09
615.5919829824397,112.38271233108071,4.192915057931048,-55.78942264526559,-97.55723628618416,-1.139973730633636e-09
616.0919829824397,112.88176498694403,4.193190953514878,-56.01012685986565,-98.0059108202634,-1.1399738341368209e-09
616.5919829824397,113.38082593319571,4.193464420335825,-56.230830962155366,-98.45458515782357,-1.1399738726342444e-09
617.0919829824397,113.87989506182494,4.19373549028536,-56.45153495415189,-98.90325930227186,-1.139973958926921e-09
617.5919829824397,114.37897226668723,4.194004194699716,-56.67223883782745,-99.35193325694195,-1.1399738866804606e-09
618.0919829824397,114.87805744346427,4.19427056437191,-56.892942615110414,-99.80060702509594,-1.1399738300349116e-09
618.5919829824397,115.3771504896249,4.194534629563441,-57.11364628788655,-100.24928060992625,-1.139973634263441e-09
619.0919829824397,115.87625130438698,4.194796420015707,-57.33434985799998,-100.69795401455733,-1.139973918670043e-09
619.5919829824397,116.37535978868037,4.195055964961105,-57.55505332725457,-101.1466272420474,-1.1399738884182172e-09
620.0919829824397,116.87447584511068,4.195313293133871,-57.77575669741459,-101.5953002953902,-1.1399737432416526e-09
620.5919829824397,117.37359937792411,4.195568432780628,-57.99645997020614,-102.04397317751649,-1.139974105252154e-09
621.0919829824397,117.872730292973,4.195821411670679,-58.21716314731778,-102.49264589129574,-1.1399740391693177e-09
621.5919829824397,118.3718684976824,4.196072257106032,-58.43786623040185,-102.94131843953755,-1.1399742110680458e-09
622.0919829824397,118.87101390101734,4.196320995931177,-58.658569221075055,-103.38999082499333,-1.1399740760205496e-09
622.5919829824397,119.370166413451,4.196567654542621,-58.87927212091973,-103.83866305035745,-1.1399741724580374e-09
623.0919829824397,119.86932594693364,4.196812258898184,-59.099974931484375,-104.28733511826897,-1.1399741540379364e-09
623.5919829824397,120.36849241486226,4.197054834526063,-59.32067765428481,-104.73600703131272,-1.1399740718754024e-09
624.0919829824397,120.86766573205105,4.197295406533674,-59.54138029080481,-105.18467879202079,-1.1399741447932246e-09
624.5919829824397,121.36684581470259,4.197533999616279,-59.762082842496895,-105.63335040287384,-1.1399742609253213e-09
625.0919829824397,121.86603258037961,4.197770638065396,-59.98278531078327,-106.08202186630224,-1.139974020587441e-09
625.5919829824397,122.36522594797762,4.198005345777013,-60.20348769705652,-106.5306931846873,-1.139974000794866e-09
626.0919829824397,122.86442583769806,4.198238146259589,-60.42419000268033,-106.97936436036248,-1.1399741284726016e-09
626.5919829824397,123.36363217102215,4.198469062641881,-60.64489222899005,-107.42803539561464,-1.1399741764402836e-09
627.0919829824397,123.86284487068535,4.198698117680562,-60.865594377293704,-107.87670629268497,-1.1399742383988952e-09
627.5919829824397,124.36206386065248,4.198925333767668,-61.08629644887243,-108.3253770537702,-1.1399742922819459e-09
628.0919829824397,124.86128906609333,4.199150732937867,-61.30699844498132,-108.77404768102352,-1.139974087443889e-09
628.5919829824397,125.36052041335896,4.199374336875554,-61.52770036684974,-109.22271817655586,-1.139974064271664e-09
629.0919829824397,125.85975782995843,4.19959616692177,-61.748402215682304,-109.67138854243663,-1.139973974952533e-09
629.5919829824397,126.35900124453622,4.1998162440809725,-61.96910399265928,-110.12005878069483,-1.1399741505021644e-09
630.0919829824397,126.85825058685006,4.2000345890276325,-62.18980569893714,-110.56872889331996,-1.139974217648732e-09
630.5919829824397,127.35750578774937,4.200251222112684,-62.41050733564947,-111.01739888226287,-1.1399744018814026e-09
631.0919829824397,127.85676677915409,4.2004661633698275,-62.63120890390688,-111.46606874943681,-1.1399743662693585e-09
631.5919829824397,128.35603349403408,4.200679432521672,-62.851910404798296,-111.91473849671814,-1.1399741742681518e-09
632.0919829824397,128.85530586638902,4.200891048985753,-63.07261183939084,-112.3634081259473,-1.1399741293402822e-09
632.5919829824397,129.35458383122864,4.201101031880397,-63.29331320873072,-112.81207763892955,-1.139974269462272e-09
633.0919829824397,129.85386732455356,4.201309400030462,-63.51401451384365,-113.26074703743578,-1.1399743987491357e-09
633.5919829824397,130.35315628333646,4.201516171972937,-63.73471575573522,-113.70941632320331,-1.1399742901231095e-09
634.0919829824397,130.85245064550372,4.201721365962421,-63.95541693539149,-114.1580854979367,-1.1399744438636962e-09
634.5919829824397,131.35175034991747,4.201924999976476,-64.17611805377939,-114.60675456330841,-1.1399742578754847e-09
635.0919829824397,131.85105533635797,4.202127091720855,-64.39681911184712,-115.05542352095956,-1.1399744029119902e-09
635.5919829824397,132.35036554550658,4.202327658634617,-64.61752011052467,-115.50409237250062,-1.1399741703033597e-09
636.0919829824397,132.84968091892887,4.202526717895126,-64.8382210507242,-115.9527611195121,-1.139974427603237e-09
636.5919829824397,133.34900139905824,4.202724286422934,-65.0589219333404,-116.40142976354524,-1.1399741260630086e-09
637.0919829824397,133.8483269291799,4.20292038088656,-65.27962275925098,-116.85009830612256,-1.1399743668727527e-09
637.5919829824397,134.34765745341522,4.203115017707162,-65.50032352931697,-117.29876674873867,-1.1399744037710197e-09
638.0919829824397,134.84699291670628,4.203308213063102,-65.72102424438326,-117.74743509286061,-1.139974151786845e-09
638.5919829824397,135.34633326480102,4.2034999828944155,-65.94172490527868,-118.19610333992881,-1.1399741554732e-09
639.0919829824397,135.84567844423842,4.203690342907179,-66.1624255128166,-118.64477149135742,-1.139974182120432e-09
639.5919829824397,136.3450284023342,4.2038793085777835,-66.38312606779512,-119.09343954853493,-1.1399741740740067e-09
640.0919829824397,136.84438308716682,4.204066895157113,-66.60382657099758,-119.54210751282471,-1.139974102569368e-09
640.5919829824397,137.34374244756364,4.204253117674635,-66.82452702319281,-119.99077538556566,-1.1399741879589879e-09
641.0919829824397,137.84310643308757,4.2044379909424,-67.04522742513544,-120.43944316807254,-1.139974137570026e-09
641.5919829824397,138.34247499402386,4.204621529558955,-67.26592777756613,-120.88811086163675,-1.1399740760481512e-09
642.0919829824397,138.84184808136723,4.204803747913177,-67.48662808121202,-121.33677846752657,-1.1399741690525814e-09
642.5919829824397,139.34122564680925,4.204984660188014,-67.70732833678694,-121.78544598698787,-1.1399741028313292e-09
643.0919829824397,139.84060764272604,4.20516428036416,-67.92802854499168,-122.23411342124442,-1.1399741858288417e-09
643.5919829824397,140.3399940221662,4.20534262222364,-68.14872870651439,-122.68278077149843,-1.1399742007786638e-09
644.0919829824397,140.83938473883896,4.205519699353323,-68.36942882203086,-123.13144803893098,-1.1399742201839194e-09
644.5919829824397,141.3387797471026,4.205695525148365,-68.5901288922045,-123.58011522470252,-1.1399741996091433e-09
645.0919829824397,141.83817900195316,4.2058701128155755,-68.81082891768696,-124.02878232995326,-1.139973989439742e-09
645.5919829824397,142.33758245901333,4.20604347537671,-69.03152889911816,-124.47744935580354,-1.139974119002111e-09
646.0919829824397,142.8369900745216,4.206215625671699,-69.25222883712676,-124.92611630335432,-1.1399741961677546e-09
646.5919829824397,143.33640180532154,4.20638657636181,-69.47292873233012,-125.37478317368755,-1.1399742454810646e-09
647.0919829824397,143.83581760885156,4.2065563399327415,-69.69362858533465,-125.82344996786662,-1.1399743337172167e-09
647.5919829824397,144.3352374431345,4.20672492869765,-69.9143283967363,-126.27211668693658,-1.139974176052577e-09
648.0919829824397,144.83466126676782,4.206892354800122,-70.13502816712028,-126.72078333192476,-1.1399743010897983e-09
648.5919829824397,145.33408903891365,4.2070586302170785,-70.35572789706164,-127.16944990384091,-1.1399743389196302e-09
649.0919829824397,145.8335207192893,4.207223766761624,-70.57642758712545,-127.61811640367766,-1.1399740555812916e-09
649.5919829824397,146.3329562681579,4.207387776085833,-70.797127237867,-128.06678283241084,-1.1399742972108657e-09
650.0919829824397,146.83239564631901,4.207550669683485,-71.01782684983186,-128.51544919099985,-1.1399744315918806e-09
650.5919829824397,147.33183881509984,4.207712458892742,-71.23852642355608,-128.96411548038805,-1.1399742324949785e-09
651.0919829824397,147.83128573634622,4.207873154898769,-71.45922595956675,-129.4127817015028,-1.13997446042395e-09
651.5919829824397,148.330736372414,4.208032768736303,-71.67992545838176,-129.86144785525616,-1.1399743828956826e-09
652.0919829824397,148.83019068616068,4.208191311292178,-71.90062492051018,-130.310113942545,-1.139974248983401e-09
652.5919829824397,149.32964864093685,4.2083487933077866,-72.12132434645227,-130.7587799642513,-1.139973990383589e-09
653.0919829824397,149.82911020057827,4.208505225381501,-72.3420237367,-131.20744592124245,-1.1399741133455316e-09
653.5919829824397,150.32857532939772,4.208660617971043,-72.56272309173698,-131.65611181437157,-1.1399741781403978e-09
654.0919829824397,150.82804399217721,4.208814981395811,-72.78342241203865,-132.10477764447768,-1.1399741055146727e-09
654.5919829824397,151.32751615416035,4.208968325839154,-73.00412169807238,-132.55344341238632,-1.1399740240547644e-09
655.0919829824397,151.82699178104474,4.209120661350608,-73.2248209502978,-133.00210911890932,-1.1399742407358636e-09
655.5919829824397,152.32647083897464,4.20927199784808,-73.44552016916688,-133.4507747648454,-1.1399741161288718e-09
656.0919829824397,152.82595329453366,4.209422345120003,-73.66621935512396,-133.89944035098034,-1.1399738353489786e-09
656.5919829824397,153.32543911473775,4.209571712827432,-73.8869185086061,-134.3481058780873,-1.1399741132486878e-09
657.0919829824397,153.82492826702818,4.2097201105061135,-74.10761763004321,-134.79677134692685,-1.1399741842995667e-09
657.5919829824397,154.3244207192647,4.209867547568507,-74.32831671985788,-135.24543675824745,-1.1399740540020905e-09
658.0919829824397,154.8239164397189,4.21001403330577,-74.54901577846593,-135.69410211278563,-1.1399738763160821e-09
658.5919829824397,155.32341539706755,4.210159576889703,-74.76971480627644,-136.14276741126605,-1.1399737613749811e-09
659.0919829824397,155.82291756038623,4.210304187374663,-74.9904138036916,-136.59143265440196,-1.1399738609164478e-09
659.5919829824397,156.32242289914302,4.210447873699431,-75.21111277110725,-137.04009784289525,-1.139973710834606e-09
660.0919829824397,156.8219313831922,4.210590644689053,-75.43181170891273,-137.48876297743675,-1.139973808241468e-09
660.5919829824397,157.32144298276825,4.210732509056639,-75.65251061749113,-137.93742805870636,-1.1399736403517724e-09
661.0919829824397,157.82095766847985,4.2108734754051325,-75.87320949721938,-138.38609308737338,-1.1399738355309624e-09
661.5919829824397,158.32047541130402,4.211013552229046,-76.09390834846829,-138.83475806409658,-1.139973969024187e-09
662.0919829824397,158.81999618258038,4.211152747916162,-76.31460717160267,-139.28342298952455,-1.139973974809512e-09
662.5919829824397,159.31951995400553,4.211291070749201,-76.5353059669818,-139.73208786429566,-1.1399738223008502e-09
663.0919829824397,159.81904669762744,4.211428528907464,-76.75600473495896,-140.1807526890385,-1.1399737140106083e-09
663.5919829824397,160.3185763858401,4.211565130468438,-76.9767034758819,-140.62941746437193,-1.1399737896147411e-09
664.0919829824397,160.81810899137807,4.2117008834093745,-77.19740219009294,-141.07808219090515,-1.1399738718159882e-09
664.5919829824397,161.31764448731144,4.21183579560884,-77.41810087792895,-141.52674686923817,-1.1399738177245874e-09
665.0919829824397,161.81718284704047,4.211969874848235,-77.63879953972153,-141.97541149996172,-1.1399742519011378e-09
665.5919829824397,162.3167240442907,4.212103128813285,-77.85949817579719,-142.42407608365747,-1.1399740100670223e-09
666.0919829824397,162.81626805310796,4.2122355650955114,-78.0801967864772,-142.87274062089836,-1.139973865789425e-09
666.5919829824397,163.31581484785346,4.212367191193663,-78.30089537207782,-143.32140511224858,-1.1399740134145747e-09
667.0919829824397,163.81536440319903,4.212498014515131,-78.52159393291042,-143.7700695582638,-1.1399740205841827e-09
667.5919829824397,164.3149166941225,4.212628042377335,-78.74229246928176,-144.21873395949123,-1.1399742071955085e-09
668.0919829824397,164.814471695903,4.2127572820090835,-78.96299098149356,-144.66739831646996,-1.1399740677647118e-09
668.5919829824397,165.3140293841165,4.2128857405519105,-79.18368946984323,-145.11606262973086,-1.1399738705848614e-09
669.0919829824397,165.8135897346314,4.21301342506139,-79.40438793462323,-145.56472689979714,-1.1399740092562255e-09
669.5919829824397,166.31315272360405,4.21314034250842,-79.62508637612197,-146.0133911271838,-1.1399740951659267e-09
670.0919829824397,166.81271832747458,4.213266499780493,-79.84578479462319,-146.46205531239858,-1.1399740114012458e-09
670.5919829824397,167.31228652296267,4.213391903682938,-80.06648319040639,-146.9107194559414,-1.139974069150564e-09
671.0919829824397,167.81185728706336,4.213516560940138,-80.28718156374678,-147.3593835583051,-1.1399740362128069e-09
671.5919829824397,168.3114305970431,4.213640478196734,-80.50787991491559,-147.80804761997499,-1.1399739162452572e-09
672.0919829824397,168.8110064304357,4.213763662018797,-80.7285782441799,-148.25671164142932,-1.1399738328226641e-09
672.5919829824397,169.3105847650383,4.213886118894994,-80.9492765518027,-148.7053756231394,-1.1399737567459372e-09
673.0919829824397,169.81016557890777,4.214007855237715,-81.16997483804316,-149.15403956556966,-1.1399739399805949e-09
673.5919829824397,170.30974885035673,4.214128877384197,-81.39067310315646,-149.60270346917767,-1.1399738190487011e-09
674.0919829824397,170.80933455794988,4.214249191597618,-81.61137134739397,-150.05136733441455,-1.1399739429025763e-09
674.5919829824397,171.30892268050042,4.214368804068176,-81.8320695710035,-150.50003116172473,-1.139973817734555e-09
675.0919829824397,171.80851319706633,4.214487720914145,-82.05276777422922,-150.94869495154612,-1.139974004039095e-09
675.5919829824397,172.30810608694702,4.214605948182924,-82.2734659573115,-151.39735870431062,-1.1399739862883988e-09
676.0919829824397,172.80770132967973,4.214723491852051,-82.49416412048726,-151.84602242044375,-1.1399741105677034e-09
676.5919829824397,173.30729890503613,4.214840357830213,-82.71486226399001,-152.29468610036497,-1.1399739233255844e-09
677.0919829824397,173.80689879301906,4.214956551958235,-82.9355603880498,-152.7433497444878,-1.1399739958972485e-09
677.5919829824397,174.30650097385913,4.215072080010046,-83.15625849289324,-153.1920133532198,-1.1399740437971812e-09
678.0919829824397,174.80610542801156,4.215186947693639,-83.37695657874377,-153.64067692696284,-1.139973948483181e-09
678.5919829824397,175.30571213615303,4.215301160652006,-83.59765464582162,-154.08934046611301,-1.13997412756806e-09
679.0919829824397,175.80532107917847,4.2154147244640585,-83.81835269434383,-154.53800397106085,-1.1399742058524133e-09
679.5919829824397,176.30493223819803,4.215527644645539,-84.03905072452424,-154.98666744219142,-1.1399740925664775e-09
680.0919829824397,176.80454559453403,4.21563992664991,-84.25974873657356,-155.43533087988445,-1.1399741921350218e-09
680.5919829824397,177.30416112971807,4.215751575869226,-84.48044673069968,-155.88399428451416,-1.1399741042473611e-09
681.0919829824397,177.80377882548802,4.2158625976350015,-84.70114470710737,-156.33265765644978,-1.1399742738810476e-09
681.5919829824397,178.30339866378517,4.215972997219053,-84.9218426659986,-156.78132099605517,-1.139974199255684e-09
682.0919829824397,178.80302062675148,4.216082779834335,-85.14254060757229,-157.2299843036894,-1.139974139143398e-09
682.5919829824397,179.30264469672665,4.216191950635756,-85.36323853202481,-157.67864757970634,-1.139974217606289e-09
683.0919829824397,179.80227085624557,4.216300514720987,-85.5839364395495,-158.12731082445512,-1.1399741717427288e-09
683.5919829824397,180.3018990880355,4.21640847713125,-85.8046343303371,-158.57597403828007,-1.1399741175037926e-09
684.0919829824397,180.80152937501347,4.2165158428521,-86.02533220457562,-159.0246372215207,-1.1399741535165642e-09
684.5919829824397,181.30116170028376,4.216622616814187,-86.2460300624506,-159.47330037451192,-1.1399743613185457e-09
685.0919829824397,181.80079604713515,4.216728803894014,-86.46672790414475,-159.92196349758413,-1.1399742239801556e-09
685.5919829824397,182.3004323990386,4.216834408914674,-86.6874257298384,-160.37062659106311,-1.1399742070159936e-09
686.0919829824397,182.80007073964475,4.21693943664658,-86.90812353970942,-160.81928965527032,-1.1399743539935036e-09
686.5919829824397,183.29971105278133,4.217043891808184,-87.12882133393312,-161.26795269052278,-1.1399739659789756e-09
687.0919829824397,183.79935332245097,4.21714777906668,-87.34951911268224,-161.71661569713336,-1.1399742561521536e-09
687.5919829824397,184.2989975328287,4.2172511030386985,-87.5702168761274,-162.16527867541072,-1.1399741479667206e-09
688.0919829824397,184.79864366825973,4.217353868290988,-87.79091462443684,-162.61394162565912,-1.1399742569285145e-09
688.5919829824397,185.29829171325707,4.217456079341088,-88.01161235777636,-163.06260454817905,-1.1399741326685663e-09
689.0919829824397,185.79794165249942,4.217557740657989,-88.23231007630967,-163.5112674432668,-1.1399741612443485e-09
689.5919829824397,186.29759347082882,4.217658856662785,-88.45300778019809,-163.9599303112148,-1.139974121546728e-09
690.0919829824397,186.79724715324858,4.217759431729309,-88.67370546960076,-164.40859315231162,-1.1399741836339564e-09
690.5919829824397,187.29690268492112,4.217859470184765,-88.89440314467487,-164.8572559668419,-1.139974332492172e-09
691.0919829824397,187.7965600511658,4.217958976310347,-89.11510080557514,-165.30591875508665,-1.139974236335633e-09
691.5919829824397,188.296219237457,4.218057954341848,-89.33579845245457,-165.75458151732303,-1.139974303914938e-09
692.0919829824397,188.79588022942187,4.2181564084702625,-89.55649608546396,-166.2032442538246,-1.1399743170464643e-09
692.5919829824397,189.29554301283852,4.218254342842374,-89.77719370475197,-166.65190696486147,-1.1399744059454956e-09
693.0919829824397,189.79520757363397,4.218351761561338,-89.99789131046533,-167.1005696507001,-1.1399742569565474e-09
693.5919829824397,190.29487389788218,4.218448668687251,-90.218588902749,-167.54923231160342,-1.1399745029224294e-09
694.0919829824397,190.79454197180215,4.218545068237719,-90.43928648174568,-167.99789494783113,-1.139974319297976e-09
694.5919829824397,191.29421178175605,4.218640964188407,-90.65998404759647,-168.44655755963933,-1.1399744751240528e-09
695.0919829824397,191.7938833142474,4.218736360473585,-90.88068160044061,-168.89522014728092,-1.1399745799867091e-09
695.5919829824397,192.29355655591922,4.2188312609866685,-91.10137914041525,-169.3438827110056,-1.1399746230790277e-09
696.0919829824397,192.79323149355216,4.218925669580743,-91.32207666765598,-169.7925452510597,-1.139974510466045e-09
696.5919829824397,193.2929081140628,4.219019590069089,-91.54277418229644,-170.24120776768652,-1.1399745477711405e-09
697.0919829824397,193.792586404502,4.21911302622569,-91.76347168446854,-170.68987026112626,-1.139974526457643e-09
697.5919829824397,194.29226635205296,4.21920598178574,-91.98416917430261,-171.13853273161592,-1.1399745149562824e-09
698.0919829824397,194.79194794402974,4.21929846044614,-92.20486665192719,-171.58719517938954,-1.1399746629859638e-09
698.5919829824397,195.2916311678755,4.219390465865986,-92.42556411746911,-172.03585760467826,-1.1399744813679593e-09
699.0919829824397,195.79131601116086,4.219482001667053,-92.64626157105364,-172.48452000771013,-1.1399744054750087e-09
699.5919829824397,196.2910024615823,4.219573071434267,-92.86695901280446,-172.9331823887105,-1.1399742330023376e-09
700.0919829824397,196.79069050696063,4.219663678716174,-93.08765644284351,-173.38184474790174,-1.1399746261420026e-09
700.5919829824397,197.29038013523927,4.219753827025398,-93.30835386129134,-173.83050708550343,-1.139974000320779e-09
701.0919829824397,197.79007133448292,4.219843519839099,-93.52905126826685,-174.27916940173245,-1.1399742786080339e-09
701.5919829824397,198.28976409287583,4.219932760599414,-93.74974866388729,-174.72783169680298,-1.1399742527346374e-09
702.0919829824397,198.78945839872048,4.220021552713898,-93.97044604826866,-175.17649397092651,-1.1399741578365385e-09
702.5919829824397,199.28915424043603,4.2201098995559585,-94.19114342152538,-175.62515622431184,-1.1399740443127735e-09
703.0919829824397,199.78885160655685,4.220197804465282,-94.41184078377044,-176.0738184571652,-1.1399744327555099e-09
703.5919829824397,200.2885504857311,4.220285270748252,-94.6325381351153,-176.52248066969034,-1.139974211304907e-09
704.0919829824397,200.78825086671938,4.220372301678364,-94.85323547567023,-176.97114286208839,-1.139974385648079e-09
704.5919829824397,201.28795273839324,4.220458900496636,-95.07393280554382,-177.41980503455798,-1.139974181188947e-09
705.0919829824397,201.78765608973393,4.220545070412005,-95.29463012484361,-177.86846718729544,-1.1399743286467358e-09
705.5919829824397,202.28736090983097,4.2206308146017255,-95.5153274336755,-178.3171293204945,-1.1399744424237615e-09
706.0919829824397,202.78706718788084,4.220716136211761,-95.73602473214424,-178.76579143434674,-1.1399744213549876e-09
706.5919829824397,203.2867749131857,4.220801038357166,-95.95672202035323,-179.21445352904124,-1.1399743422478855e-09
707.0919829824397,203.7864840751521,4.220885524122464,-96.17741929840464,-179.6631156047648,-1.139974286652317e-09
707.5919829824397,204.28619466328962,4.22096959656202,-96.39811656639937,-180.1117776617019,-1.1399742632088198e-09
708.0919829824397,204.78590666720976,4.221053258700414,-96.61881382443693,-180.5604397000349,-1.1399742886175951e-09
708.5919829824397,205.2856200766246,4.221136513532795,-96.83951107261568,-181.0091017199439,-1.139974239444614e-09
709.0919829824397,205.7853348813457,4.221219364025243,-97.06020831103277,-181.4577637216069,-1.1399742247545268e-09
709.5919829824397,206.28505107128274,4.221301813115118,-97.28090553978427,-181.90642570519958,-1.1399739989032863e-09
710.0919829824397,206.78476863644246,4.221383863711408,-97.50160275896498,-182.3550876708956,-1.139974102246678e-09
710.5919829824397,207.28448756692748,4.221465518695071,-97.7222999686684,-182.8037496188667,-1.1399740206228327e-09
711.0919829824397,207.78420785293514,4.221546780919372,-97.94299716898709,-183.25241154928233,-1.1399742153374055e-09
711.5919829824397,208.28392948475633,4.221627653210212,-98.1636943600124,-183.70107346231,-1.1399739403681952e-09
712.0919829824397,208.78365245277445,4.221708138366457,-98.38439154183472,-184.1497353581152,-1.1399739190997316e-09
712.5919829824397,209.28337674746425,4.221788239160263,-98.60508871454313,-184.59839723686156,-1.139973754218578e-09
713.0919829824397,209.7831023593908,4.2218679583373895,-98.82578587822562,-185.04705909871072,-1.1399740052576983e-09
713.5919829824397,210.28282927920839,4.221947298617513,-99.04648303296943,-185.4957209438223,-1.1399737985533328e-09
714.0919829824397,210.78255749765947,4.22202626269454,-99.2671801788604,-185.94438277235423,-1.1399738110183306e-09
714.5919829824397,211.28228700557364,4.2221048532369085,-99.48787731598351,-186.39304458446244,-1.139973620445829e-09
715.0919829824397,211.78201779386663,4.222183072887887,-99.70857444442268,-186.84170638030113,-1.1399736932838883e-09
715.5919829824397,212.28174985353925,4.222260924265873,-99.92927156426086,-187.29036816002264,-1.1399736185171726e-09
716.0919829824397,212.78148317567644,4.222338409964683,-100.14996867558001,-187.73902992377748,-1.1399737298297648e-09
716.5919829824397,213.28121775144626,4.222415532553842,-100.37066577846112,-188.18769167171453,-1.1399737937065069e-09
717.0919829824397,213.78095357209895,4.222492294578864,-100.59136287298409,-188.63635340398088,-1.1399735910871587e-09
717.5919829824397,214.28069062896594,4.222568698561536,-100.81205995922818,-189.0850151207218,-1.1399735932412134e-09
718.0919829824397,214.78042891345896,4.222644747000189,-101.03275703727137,-189.5336768220811,-1.1399737736378076e-09
718.5919829824397,215.2801684170691,4.222720442369973,-101.25345410719096,-189.98233850820083,-1.1399737522282402e-09
719.0919829824397,215.7799091313658,4.222795787123127,-101.47415116906318,-190.43100017922134,-1.1399737140912954e-09
719.5919829824397,216.27965104799614,4.222870783689237,-101.69484822296354,-190.8796618352814,-1.139973874752848e-09
720.0919829824397,216.77939415868377,4.222945434475504,-101.91554526896655,-191.32832347651825,-1.1399736219358915e-09
720.5919829824397,217.27913845522815,4.223019741866995,-102.13624230714576,-191.7769851030676,-1.1399735473069554e-09
721.0919829824397,217.77888392950362,4.2230937082269016,-102.35693933757426,-192.22564671506336,-1.139973782541134e-09
721.5919829824397,218.27863057345857,4.223167335896788,-102.57763636032375,-192.67430831263826,-1.1399738592193797e-09
722.0919829824397,218.77837837911457,4.223240627196837,-102.7983333754654,-193.1229698959233,-1.1399736445615688e-09
722.5919829824397,219.2781273385656,4.223313584426095,-103.0190303830697,-193.57163146504797,-1.1399734852303643e-09
723.0919829824397,219.77787744397722,4.223386209862712,-103.23972738320599,-194.02029302014049,-1.1399737387103562e-09
723.5919829824397,220.27762868758566,4.223458505764175,-103.46042437594306,-194.46895456132742,-1.1399736014136687e-09
724.0919829824397,220.77738106169718,4.223530474367549,-103.68112136134876,-194.91761608873406,-1.139973836609204e-09
724.5919829824397,221.27713455868718,4.2236021178896985,-103.90181833949028,-195.3662776024842,-1.1399738160647554e-09
725.0919829824397,221.77688917099945,4.223673438527522,-104.12251531043398,-195.81493910270027,-1.1399735408892442e-09
725.5919829824397,222.27664489114542,4.223744438458171,-104.3432122742455,-196.2636005895034,-1.1399735090253365e-09
726.0919829824397,222.7764017117034,4.223815119839276,-104.56390923098967,-196.71226206301324,-1.1399736019633563e-09
726.5919829824397,223.27615962531775,4.223885484809163,-104.78460618073053,-197.16092352334823,-1.1399737375074859e-09
727.0919829824397,223.77591862469833,4.223955535487064,-105.00530312353172,-197.60958497062543,-1.139973866467831e-09
727.5919829824397,224.27567870261964,4.2240252739733375,-105.22600005945583,-198.05824640496056,-1.1399737525095352e-09
728.0919829824397,224.7754398519201,4.224094702349674,-105.44669698856481,-198.50690782646822,-1.1399735569794783e-09
728.5919829824397,225.27520206550142,4.224163822679304,-105.66739391091988,-198.95556923526163,-1.1399736645221632e-09
729.0919829824397,225.7749653363278,4.224232637007199,-105.88809082658182,-199.40423063145272,-1.1399734964896374e-09
729.5919829824397,226.27472965742535,4.2243011473602765,-106.10878773561039,-199.85289201515224,-1.1399734809982618e-09
730.0919829824397,226.7744950218814,4.224369355747599,-106.32948463806491,-200.30155338646983,-1.1399734430717405e-09
730.5919829824397,227.2742614228437,4.224437264160566,-106.55018153400398,-200.75021474551377,-1.139973761809158e-09
731.0919829824397,227.77402885351995,4.224504874573113,-106.77087842348571,-201.19887609239117,-1.139973532164642e-09
731.5919829824397,228.27379730717698,4.224572188941899,-106.99157530656716,-201.6475374272081,-1.1399735648730383e-09
732.0919829824397,228.77356677714025,4.224639209206495,-107.21227218330512,-202.0961987500694,-1.139973585274841e-09
732.5919829824397,229.27333725679307,4.2247059372895714,-107.43296905375556,-202.54486006107877,-1.1399738413297217e-09
733.0919829824397,229.77310873957612,4.224772375097082,-107.65366591797401,-202.99352136033878,-1.1399736280086113e-09
733.5919829824397,230.2728812189867,4.224838524518443,-107.87436277601533,-203.44218264795086,-1.1399737706620669e-09
734.0919829824397,230.7726546885782,4.224904387426715,-108.09505962793352,-203.89084392401548,-1.1399737884471083e-09
734.5919829824397,231.2724291419595,4.224969965678777,-108.31575647378237,-204.33950518863196,-1.1399736452184282e-09
735.0919829824397,231.77220457279432,4.2250352611155,-108.53645331361496,-204.78816644189845,-1.139973601116673e-09
735.5919829824397,232.27198097480067,4.225100275561924,-108.7571501474836,-205.2368276839122,-1.139973694895536e-09
736.0919829824397,232.77175834175029,4.225165010827422,-108.97784697544014,-205.68548891476945,-1.1399737080271895e-09
736.5919829824397,233.27153666746798,4.225229468705871,-109.19854379753603,-206.13415013456517,-1.1399737673555482e-09
737.0919829824397,233.77131594583122,4.225293650975816,-109.41924061382205,-206.5828113433936,-1.1399738485475072e-09
737.5919829824397,234.2710961707694,4.225357559400634,-109.63993742434853,-207.03147254134774,-1.1399737882416507e-09
738.0919829824397,234.77087733626337,4.225421195728697,-109.86063422916484,-207.48013372851983,-1.1399738979476745e-09
738.5919829824397,235.27065943634497,4.225484561693527,-110.08133102832046,-207.92879490500096,-1.1399738382935437e-09
739.0919829824397,235.77044246509632,4.225547659013958,-110.30202782186383,-208.37745607088132,-1.1399742255061754e-09
739.5919829824397,236.27022641664948,4.225610489394287,-110.52272460984308,-208.8261172262502,-1.139973975302451e-09
740.0919829824397,236.77001128518575,4.2256730545244325,-110.74342139230576,-209.27477837119594,-1.1399740088559042e-09
740.5919829824397,237.2697970649353,4.225735356080079,-110.96411816929891,-209.7234395058059,-1.1399739507779648e-09
741.0919829824397,237.7695837501765,4.225797395722833,-111.18481494086913,-210.17210063016663,-1.1399740491046905e-09
741.5919829824397,238.26937133523566,4.225859175100365,-111.40551170706262,-210.62076174436356,-1.139974321130328e-09
742.0919829824397,238.76915981448624,4.225920695846559,-111.62620846792495,-211.06942284848137,-1.1399743084743633e-09
742.5919829824397,239.26894918234856,4.225981959581657,-111.84690522350115,-211.51808394260394,-1.1399742377617374e-09
743.0919829824397,239.76873943328928,4.226042967912396,-112.06760197383585,-211.96674502681424,-1.1399743708406026e-09
743.5919829824397,240.26853056182085,4.226103722432154,-112.28829871897325,-212.41540610119424,-1.1399743334432177e-09
744.0919829824397,240.7683225625011,4.226164224721085,-112.50899545895719,-212.8640671658252,-1.13997439781809e-09
744.5919829824397,241.26811542993278,4.226224476346258,-112.72969219383076,-213.31272822078748,-1.1399741385463347e-09
745.0919829824397,241.767909158763,4.22628447886179,-112.9503889236367,-213.7613892661607,-1.139974315159174e-09
745.5919829824397,242.26770374368292,4.226344233808981,-113.17108564841752,-214.21005030202355,-1.139974354610189e-09
746.0919829824397,242.7674991794272,4.226403742716447,-113.3917823682149,-214.65871132845407,-1.1399743788174579e-09
746.5919829824397,243.2672954607736,4.226463007100246,-113.61247908307055,-215.10737234552926,-1.13997416656171e-09
747.0919829824397,243.7670925825425,4.226522028464011,-113.83317579302526,-215.55603335332566,-1.1399740730464498e-09
747.5919829824397,244.26689053959646,4.226580808299074,-114.05387249811992,-216.00469435191866,-1.1399742519361513e-09
748.0919829824397,244.76668932683987,4.226639348084595,-114.27456919839443,-216.45335534138323,-1.1399741668919147e-09
748.5919829824397,245.26648893921845,4.226697649287682,-114.49526589388883,-216.90201632179327,-1.1399744166243808e-09
749.0919829824397,245.76628937171887,4.226755713363515,-114.71596258464236,-217.35067729322213,-1.1399744850316733e-09
749.5919829824397,246.2660906193683,4.226813541755467,-114.93665927069402,-217.7993382557424,-1.1399744055811939e-09
750.0919829824397,246.76589267723404,4.226871135895226,-115.15735595208226,-218.24799920942598,-1.1399741786181707e-09
750.5919829824397,247.26569554042308,4.226928497202906,-115.37805262884545,-218.69666015434385,-1.1399743708631787e-09
751.0919829824397,247.76549920408178,4.226985627087173,-115.59874930102131,-219.14532109056645,-1.1399743070450037e-09
751.5919829824397,248.26530366339534,4.227042526945353,-115.81944596864714,-219.59398201816353,-1.139974416199423e-09
752.0919829824397,248.76510891358754,4.227099198163548,-116.04014263176005,-220.042642937204,-1.1399745643522728e-09
752.5919829824397,249.26491494992027,4.227155642116749,-116.26083929039653,-220.49130384775626,-1.1399743469785486e-09
753.0919829824397,249.7647217676932,4.227211860168946,-116.48153594459308,-220.9399647498878,-1.1399744575949655e-09
753.5919829824397,250.26452936224342,4.227267853673241,-116.70223259438546,-221.3886256436657,-1.1399743718165914e-09
754.0919829824397,250.76433772894498,4.227323623971951,-116.9229292398092,-221.83728652915622,-1.1399743990399813e-09
754.5919829824397,251.26414686320862,4.227379172396719,-117.14362588089946,-222.28594740642498,-1.139974216647753e-09
755.0919829824397,251.76395676048136,4.227434500268619,-117.36432251769132,-222.73460827553689,-1.1399742402917286e-09
755.5919829824397,252.26376741624614,4.227489608898262,-117.5850191502189,-223.18326913655642,-1.1399742091542834e-09
756.0919829824397,252.76357882602147,4.227544499585895,-117.80571577851653,-223.63192998954722,-1.1399740171691279e-09
756.5919829824397,253.26339098536113,4.227599173621509,-118.02641240261805,-224.08059083457235,-1.1399741395808893e-09
757.0919829824397,253.76320388985374,4.227653632284935,-118.24710902255683,-224.5292516716943,-1.1399742930877869e-09
757.5919829824397,254.26301753512251,4.227707876845947,-118.46780563836602,-224.97791250097498,-1.1399740777979713e-09
758.0919829824397,254.76283191682478,4.227761908564358,-118.68850225007846,-225.42657332247552,-1.1399742411333317e-09
758.5919829824397,255.26264703065183,4.227815728690121,-118.90919885772662,-225.87523413625667,-1.139974325261009e-09
759.0919829824397,255.76246287232843,4.227869338463423,-119.1298954613425,-226.3238949423785,-1.1399742785135965e-09
759.5919829824397,256.2622794376126,4.227922739114777,-119.35059206095818,-226.77255574090046,-1.1399744247170622e-09
760.0919829824397,256.76209672229527,4.2279759318651235,-119.57128865660489,-227.2212165318815,-1.1399740591477257e-09
760.5919829824397,257.26191472219983,4.228028917925917,-119.79198524831409,-227.66987731537986,-1.1399742344551308e-09
761.0919829824397,257.7617334331821,4.22808169849922,-120.01268183611667,-228.11853809145336,-1.1399742943946683e-09
761.5919829824397,258.2615528511297,4.228134274777796,-120.23337842004298,-228.5671988601593,-1.1399743463633158e-09
762.0919829824397,258.76137297196203,4.228186647945195,-120.45407500012357,-229.01585962155426,-1.1399741885983087e-09
762.5919829824397,259.26119379162975,4.228238819175846,-120.67477157638842,-229.4645203756944,-1.1399741515166868e-09
763.0919829824397,259.76101530611453,4.228290789635143,-120.8954681488672,-229.9131811226353,-1.1399741621821735e-09
763.5919829824397,260.2608375114288,4.228342560479532,-121.11616471758931,-230.361841862432,-1.139974214921988e-09
764.0919829824397,260.7606604036155,4.228394132856595,-121.3368612825839,-230.81050259513898,-1.1399740189273526e-09
764.5919829824397,261.26048397874763,4.228445507905138,-121.55755784387985,-231.25916332081042,-1.1399741311241214e-09
765.0919829824397,261.7603082329282,4.228496686755273,-121.77825440150583,-231.7078240394996,-1.1399741242058212e-09
765.5919829824397,262.26013316228966,4.2285476705285,-121.99895095549003,-232.15648475125963,-1.1399741523955585e-09
766.0919829824397,262.75995876299385,4.228598460337791,-122.21964750586046,-232.605145456143,-1.1399743365175364e-09
766.5919829824397,263.2597850312317,4.228649057287668,-122.44034405264499,-233.0538061542017,-1.139974122470303e-09
767.0919829824397,263.75961196322265,4.228699462474285,-122.66104059587103,-233.50246684548725,-1.139974312421873e-09
767.5919829824397,264.25943955521495,4.228749676985508,-122.8817371355659,-233.95112753005057,-1.1399743103918982e-09
768.0919829824397,264.7592678034849,4.22879970190099,-123.10243367175659,-234.39978820794227,-1.139974300902133e-09
768.5919829824397,265.2590967043367,4.228849538292252,-123.3231302044697,-234.84844887921244,-1.1399742828834972e-09
769.0919829824397,265.75892625410233,4.228899187222756,-123.54382673373182,-235.29710954391058,-1.139974306790904e-09
769.5919829824397,266.25875644914123,4.2289486497479825,-123.76452325956907,-235.7457702020859,-1.1399742501331102e-09
770.0919829824397,266.75858728583995,4.228997926915507,-123.9852197820073,-236.19443085378714,-1.1399741920422934e-09
770.5919829824397,267.258418760612,4.229047019765068,-124.2059163010724,-236.64309149906245,-1.1399742557427976e-09
771.0919829824397,267.75825086989755,4.229095929328648,-124.42661281678978,-237.09175213795962,-1.1399745347049579e-09
771.5919829824397,268.2580836101632,4.229144656630537,-124.64730932918488,-237.5404127705259,-1.1399742637028478e-09
772.0919829824397,268.75791697790174,4.229193202687413,-124.86800583828258,-237.98907339680818,-1.1399742690598023e-09
772.5919829824397,269.25775096963184,4.229241568508406,-125.0887023441076,-238.437734016853,-1.139974097445126e-09
773.0919829824397,269.75758558189796,4.22928975509517,-125.30939884668437,-238.88639463070638,-1.1399742270879334e-09
773.5919829824397,270.25742081127,4.229337763441953,-125.53009534603727,-239.33505523841396,-1.139974238551737e-09
774.0919829824397,270.757256654343,4.229385594535664,-125.75079184219052,-239.78371584002076,-1.1399739723121551e-09
774.5919829824397,271.25709310773715,4.229433249355941,-125.97148833516786,-240.23237643557175,-1.1399742072294302e-09
775.0919829824397,271.7569301680973,4.229480728875218,-126.19218482499274,-240.6810370251113,-1.1399744697954912e-09
775.5919829824397,272.25676783209286,4.22952803405879,-126.41288131168888,-241.12969760868316,-1.1399741694963838e-09
776.0919829824397,272.7566060964176,4.229575165864881,-126.63357779527938,-241.578358186331,-1.1399743054472005e-09
776.5919829824397,273.25644495778937,4.229622125244706,-126.854274275787,-242.0270187580981,-1.1399744843790634e-09
777.0919829824397,273.75628441294987,4.229668913142536,-127.07497075323485,-242.47567932402706,-1.1399743147890115e-09
777.5919829824397,274.25612445866443,4.229715530495762,-127.29566722764517,-242.92433988416036,-1.1399743938237611e-09
778.0919829824397,274.755965091722,4.229761978234954,-127.51636369904045,-243.37300043854,-1.1399744064738634e-09
778.5919829824397,275.2558063089345,4.229808257283929,-127.73706016744299,-243.82166098720742,-1.1399743173467927e-09
779.0919829824397,275.7556481071371,4.229854368559805,-127.95775663287462,-244.27032153020406,-1.1399745176556339e-09
779.5919829824397,276.2554904831877,4.22990031297307,-128.17845309535693,-244.71898206757075,-1.1399744255888113e-09
780.0919829824397,276.7553334339668,4.2299460914276334,-128.39914955491165,-245.1676425993479,-1.1399743362828404e-09
780.5919829824397,277.25517695637734,4.22999170482089,-128.61984601156007,-245.6163031255757,-1.1399744023940786e-09
781.0919829824397,277.7550210473444,4.230037154043777,-128.8405424653233,-246.06496364629396,-1.1399744338397104e-09
781.5919829824397,278.25486570381526,4.230082439980834,-129.0612389162224,-246.51362416154208,-1.1399744387578604e-09
782.0919829824397,278.75471092275876,4.230127563510258,-129.2819353642781,-246.96228467135913,-1.1399745076916344e-09
782.5919829824397,279.2545567011655,4.230172525503962,-129.5026318095109,-247.41094517578384,-1.1399744057006503e-09
783.0919829824397,279.7544030360475,4.230217326827627,-129.72332825194133,-247.85960567485455,-1.139974387526514e-09
783.5919829824397,280.254249924438,4.230261968340764,-129.94402469158962,-248.30826616860926,-1.1399744797009416e-09
784.0919829824397,280.7540973633913,4.230306450896764,-130.16472112847555,-248.7569266570858,-1.139974592355972e-09
784.5919829824397,281.25394534998253,4.230350775342955,-130.38541756261915,-249.20558714032154,-1.1399745272511809e-09
785.0919829824397,281.75379388130756,4.230394942520652,-130.60611399404021,-249.65424761835342,-1.1399748276171424e-09
785.5919829824397,282.2536429544827,4.2304389532652165,-130.82681042275806,-250.10290809121818,-1.1399746042586922e-09
786.0919829824397,282.7534925666446,4.230482808406102,-131.04750684879207,-250.5515685589522,-1.1399746368953895e-09
786.5919829824397,283.25334271494995,4.230526508766912,-131.26820327216134,-251.00022902159157,-1.1399746575853051e-09
787.0919829824397,283.75319339657557,4.230570055165448,-131.48889969288487,-251.44888947917204,-1.1399745722201247e-09
787.5919829824397,284.25304460871797,4.230613448413761,-131.70959611098158,-251.89754993172903,-1.1399746231520621e-09
788.0919829824397,284.75289634859325,4.230656689318203,-131.93029252647005,-252.34621037929762,-1.1399746778502843e-09
788.5919829824397,285.252748613437,4.230699778679477,-132.1509889393687,-252.79487082191272,-1.139974593623576e-09
789.0919829824397,285.7526014005041,4.230742717292684,-132.3716853496958,-253.24353125960886,-1.139974302051184e-09
789.5919829824397,286.2524547070684,4.230785505947376,-132.59238175746958,-253.69219169242027,-1.1399746286181531e-09
790.0919829824397,286.7523085304229,4.230828145427598,-132.81307816270828,-254.14085212038066,-1.1399746285082932e-09
790.5919829824397,287.2521628678792,4.230870636511944,-133.03377456542947,-254.58951254352382,-1.1399745945878592e-09
791.0919829824397,287.75201771676757,4.230912979973599,-133.2544709656507,-255.03817296188322,-1.139974708022385e-09
791.5919829824397,288.25187307443673,4.230955176580386,-133.4751673633898,-255.48683337549173,-1.1399748113334946e-09
792.0919829824397,288.7517289382537,4.230997227094813,-133.69586375866407,-255.93549378438206,-1.139974892871041e-09
792.5919829824397,289.25158530560356,4.2310391322741205,-133.91656015149064,-256.3841541885868,-1.1399747734250692e-09
793.0919829824397,289.75144217388953,4.2310808928703265,-134.13725654188647,-256.8328145881382,-1.139975015758726e-09
793.5919829824397,290.2512995405325,4.231122509630269,-134.35795292986865,-257.28147498306816,-1.139974807034998e-09
794.0919829824397,290.7511574029711,4.231163983295652,-134.5786493154539,-257.7301353734083,-1.139974964293842e-09
794.5919829824397,291.2510157586615,4.2312053146030895,-134.799345698659,-258.17879575918994,-1.1399749516597973e-09
795.0919829824397,291.7508746050772,4.231246504284152,-135.02004207950026,-258.62745614044434,-1.1399748129614775e-09
795.5919829824397,292.2507339397088,4.231287553065403,-135.24073845799413,-259.07611651720214,-1.1399749933868398e-09
796.0919829824397,292.7505937600643,4.23132846166845,-135.46143483415662,-259.5247768894942,-1.1399749332655384e-09
796.5919829824397,293.25045406366837,4.231369230809976,-135.68213120800414,-259.9734372573506,-1.139975107509061e-09
797.0919829824397,293.7503148480625,4.231409861201795,-135.9028275795522,-260.42209762080165,-1.1399749437734342e-09
797.5919829824397,294.25017611080483,4.231450353550881,-136.12352394881697,-260.8707579798769,-1.1399746792766518e-09
798.0919829824397,294.7500378494701,4.231490708559415,-136.34422031581386,-261.3194183346061,-1.1399749153624948e-09
798.5919829824397,295.2499000616494,4.231530926924825,-136.56491668055844,-261.76807868501857,-1.1399748531662508e-09
799.0919829824397,295.74976274494986,4.231571009339826,-136.78561304306618,-262.2167390311433,-1.1399748652303123e-09
799.5919829824397,296.2496258969949,4.23161095649246,-137.0063094033522,-262.6653993730091,-1.1399746624247865e-09
800.0919829824397,296.74948951542393,4.231650769066134,-137.2270057614316,-263.1140597106447,-1.1399748223788967e-09
800.5919829824397,297.24935359789197,4.231690447739657,-137.4477021173196,-263.5627200440783,-1.1399748396046767e-09
801.0919829824397,297.7492181420699,4.231729993187287,-137.66839847103103,-264.01138037333794,-1.1399746422121452e-09
801.5919829824397,298.2490831456441,4.231769406078759,-137.88909482258038,-264.46004069845173,-1.1399749203732484e-09
802.0919829824397,298.7489486063164,4.2318086870793294,-138.10979117198238,-264.9087010194472,-1.1399747300072876e-09
802.5919829824397,299.2488145218039,4.23184783684981,-138.33048751925162,-265.3573613363518,-1.139974608983725e-09
803.0919829824397,299.74868088983897,4.231886856046606,-138.55118386440262,-265.80602164919253,-1.1399748245115735e-09
803.5919829824397,300.2485477081688,4.231925745321756,-138.77188020744924,-266.2546819579965,-1.139974995661482e-09
804.0919829824397,300.7484149745558,4.231964505322961,-138.9925765484058,-266.7033422627905,-1.1399746916376242e-09
804.5919829824397,301.24828268677703,4.232003136693627,-139.21327288728637,-267.152002563601,-1.1399747525178327e-09
805.0919829824397,301.74815084262417,4.232041640072897,-139.43396922410494,-267.6006628604541,-1.1399749860590848e-09
805.5919829824397,302.24801943990354,4.232080016095688,-139.65466555887514,-268.0493231533761,-1.1399748753600635e-09
806.0919829824397,302.7478884764359,4.232118265392726,-139.87536189161068,-268.49798344239275,-1.1399747606621106e-09
806.5919829824397,303.24775795005627,4.232156388590579,-140.09605822232507,-268.94664372752976,-1.1399748470423525e-09
807.0919829824397,303.74762785861395,4.232194386311692,-140.31675455103166,-269.3953040088126,-1.139974698898335e-09
807.5919829824397,304.2474981999723,4.2322322591744195,-140.53745087774394,-269.8439642862665,-1.1399751066815805e-09
808.0919829824397,304.74736897200864,4.232270007793062,-140.7581472024752,-270.29262455991636,-1.1399750049738677e-09
808.5919829824397,305.2472401726141,4.232307632777897,-140.97884352523837,-270.7412848297871,-1.1399748518645584e-09
809.0919829824397,305.74711179969364,4.232345134735213,-141.19953984604658,-271.18994509590334,-1.1399749714942287e-09
809.5919829824397,306.2469838511658,4.23238251426734,-141.42023616491255,-271.63860535828957,-1.139975080731015e-09
810.0919829824397,306.74685632496266,4.232419771972684,-141.64093248184935,-272.08726561696983,-1.1399748978818434e-09
810.5919829824397,307.2467292190297,4.232456908445759,-141.86162879686944,-272.5359258719683,-1.1399750807220057e-09
811.0919829824397,307.74660253132566,4.2324939242772155,-142.08232510998528,-272.98458612330876,-1.1399750371728572e-09
811.5919829824397,308.2464762598226,4.232530820053876,-142.3030214212095,-273.43324637101495,-1.139975015021721e-09
812.0919829824397,308.7463504025055,4.232567596358762,-142.5237177305547,-273.8819066151101,-1.1399748760733347e-09
812.5919829824397,309.24622495737253,4.232604253771128,-142.74441403803294,-274.33056685561763,-1.139975010973583e-09
813.0919829824397,309.74609992243455,4.232640792866491,-142.9651103436563,-274.7792270925606,-1.1399748988929416e-09
813.5919829824397,310.24597529571525,4.232677214216658,-143.1858066474368,-275.22788732596194,-1.1399751612704462e-09
814.0919829824397,310.74585107525104,4.232713518389761,-143.40650294938666,-275.67654755584425,-1.1399750905203943e-09
814.5919829824397,311.24572725909087,4.23274970595028,-143.6271992495177,-276.12520778223006,-1.1399751022534692e-09
815.0919829824397,311.74560384529616,4.232785777459077,-143.84789554784163,-276.5738680051417,-1.1399752450275727e-09
815.5919829824397,312.2454808319407,4.2328217334734255,-144.0685918443703,-277.02252822460144,-1.1399752229871283e-09
816.0919829824397,312.7453582171106,4.232857574547035,-144.28928813911511,-277.4711884406312,-1.139974987417473e-09
816.5919829824397,313.2452359989041,4.2328933012300825,-144.5099844320877,-277.9198486532527,-1.1399751233506516e-09
817.0919829824397,313.74511417543147,4.23292891406924,-144.7306807232993,-278.3685088624878,-1.139975142865121e-09
817.5919829824397,314.2449927448151,4.232964413607703,-144.95137701276124,-278.8171690683578,-1.1399755109675204e-09
818.0919829824397,314.7448717051891,4.2329998003852145,-145.17207330048493,-279.26582927088407,-1.139975419629182e-09
818.5919829824397,315.2447510546995,4.2330350749380985,-145.39276958648136,-279.7144894700877,-1.1399753120420538e-09
819.0919829824397,315.74463079150405,4.233070237799282,-145.61346587076153,-280.16314966598975,-1.1399752962188933e-09
819.5919829824397,316.244510913772,4.233105289498324,-145.8341621533365,-280.6118098586109,-1.139975165322851e-09
820.0919829824397,316.7443914196842,4.233140230561441,-146.05485843421727,-281.0604700479718,-1.1399751528247289e-09
820.5919829824397,317.2442723074329,4.233175061511534,-146.27555471341455,-281.50913023409294,-1.1399751787248757e-09
821.0919829824397,317.7441535752216,4.233209782868216,-146.49625099093876,-281.95779041699467,-1.139975083945231e-09
821.5919829824397,318.2440352212653,4.2332443951478345,-146.71694726680093,-282.4064505966971,-1.1399751312350363e-09
822.0919829824397,318.7439172437899,4.2332788988635,-146.93764354101123,-282.85511077322025,-1.1399750695078354e-09
822.5919829824397,319.24379964103247,4.233313294525111,-147.1583398135802,-283.303770946584,-1.1399750636092388e-09
823.0919829824397,319.74368241124114,4.233347582639375,-147.37903608451836,-283.752431116808,-1.1399751911077604e-09
823.5919829824397,320.2435655526748,4.233381763709841,-147.59973235383583,-284.20109128391175,-1.1399750430190015e-09
824.0919829824397,320.7434490636033,4.233415838236916,-147.8204286215429,-284.6497514479147,-1.1399752847051232e-09
824.5919829824397,321.2433329423071,4.233449806717896,-148.0411248876498,-285.09841160883593,-1.1399752890270176e-09
825.0919829824397,321.74321718707745,4.233483669646987,-148.26182115216633,-285.5470717666948,-1.1399752929104506e-09
825.5919829824397,322.243101796216,4.233517427515329,-148.4825174151025,-285.99573192151,-1.1399753187972646e-09
826.0919829824397,322.74298676803505,4.233551080811019,-148.70321367646838,-286.4443920733004,-1.1399751874406903e-09
826.5919829824397,323.24287210085714,4.233584630019136,-148.92390993627373,-286.8930522220845,-1.139975406181802e-09
827.0919829824397,323.7427577930153,4.2336180756217665,-149.1446061945281,-287.3417123678811,-1.1399753965342144e-09
827.5919829824397,324.2426438428527,4.233651418098022,-149.3653024512413,-287.79037251070827,-1.1399751471289437e-09
828.0919829824397,324.7425302487228,4.233684657924067,-149.58599870642277,-288.23903265058453,-1.139975059187469e-09
828.5919829824397,325.242417008989,4.233717795573137,-149.80669496008207,-288.68769278752774,-1.1399752064943308e-09
829.0919829824397,325.74230412202473,4.2337508315155645,-150.0273912122289,-289.1363529215558,-1.139975354737495e-09
829.5919829824397,326.2421915862135,4.233783766218802,-150.24808746287235,-289.58501305268663,-1.1399753288499562e-09
830.0919829824397,326.7420793999485,4.23381660014744,-150.46878371202178,-290.03367318093785,-1.1399752967862414e-09
830.5919829824397,327.24196756163286,4.233849333763232,-150.68947995968645,-290.48233330632695,-1.1399751248810298e-09
831.0919829824397,327.74185606967933,4.233881967525116,-150.91017620587525,-290.9309934288715,-1.1399750123039914e-09
831.5919829824397,328.2417449225103,4.233914501889234,-151.13087245059742,-291.3796535485887,-1.1399751942403076e-09
832.0919829824397,328.7416341185577,4.233946937308953,-151.3515686938621,-291.8283136654955,-1.1399749000981608e-09
832.5919829824397,329.24152365626315,4.23397927423489,-151.57226493567813,-292.2769737796091,-1.1399753319629394e-09
833.0919829824397,329.7414135340774,4.234011513114929,-151.7929611760543,-292.7256338909463,-1.139974741622339e-09
833.5919829824397,330.2413037504608,4.2340436543942435,-152.01365741499956,-293.1742939995239,-1.1399748307618149e-09
834.0919829824397,330.7411943038828,4.2340756985153165,-152.2343536525224,-293.6229541053586,-1.1399748132149872e-09
834.5919829824397,331.24108519282214,4.23410764591796,-152.45504988863163,-294.07161420846677,-1.1399749603751954e-09
835.0919829824397,331.7409764157667,4.234139497039336,-152.67574612333584,-294.5202743088648,-1.1399750125074245e-09
835.5919829824397,332.2408679712134,4.234171252313976,-152.89644235664366,-294.96893440656896,-1.139974913875027e-09
836.0919829824397,332.7407598576682,4.234202912173801,-153.11713858856365,-295.4175945015953,-1.1399748008587432e-09
836.5919829824397,333.240652073646,4.234234477048143,-153.33783481910393,-295.86625459396004,-1.1399748923800065e-09
837.0919829824397,333.74054461767054,4.2342659473637605,-153.55853104827287,-296.314914683679,-1.1399749027516451e-09
837.5919829824397,334.2404374882744,4.234297323544859,-153.779227276079,-296.7635747707678,-1.1399748381056563e-09
838.0919829824397,334.7403306839988,4.234328606013113,-153.99992350253032,-297.2122348552423,-1.139974695255914e-09
838.5919829824397,335.24022420339384,4.2343597951876815,-154.22061972763498,-297.6608949371179,-1.1399744621898527e-09
839.0919829824397,335.740118045018,4.234390891485227,-154.44131595140112,-298.10955501641024,-1.139974396029948e-09
839.5919829824397,336.2400122074384,4.234421895319937,-154.66201217383679,-298.5582150931344,-1.1399742758919442e-09
840.0919829824397,336.7399066892306,4.234452807103536,-154.88270839495019,-299.00687516730545,-1.1399745146112577e-09
840.5919829824397,337.23980148897874,4.2344836272453135,-155.103404614749,-299.4555352389387,-1.1399747826918529e-09
841.0919829824397,337.7396966052751,4.2345143561521335,-155.32410083324095,-299.90419530804917,-1.13997466885644e-09
841.5919829824397,338.23959203672047,4.234544994228456,-155.54479705043394,-300.35285537465165,-1.1399746442503742e-09
842.0919829824397,338.7394877819237,4.234575541876352,-155.76549326633588,-300.8015154387609,-1.1399748049159768e-09
842.5919829824397,339.23938383950184,4.234605999495527,-155.98618948095438,-301.2501755003915,-1.1399747227661307e-09
843.0919829824397,339.7392802080801,4.234636367483334,-156.20688569429677,-301.69883555955806,-1.139974906855229e-09
843.5919829824397,340.2391768862918,4.234666646234787,-156.42758190637093,-302.1474956162751,-1.1399749191173184e-09
844.0919829824397,340.7390738727781,4.2346968361425885,-156.64827811718425,-302.59615567055675,-1.1399749087704788e-09
844.5919829824397,341.2389711661882,4.234726937597136,-156.86897432674434,-303.0448157224173,-1.1399749285539005e-09
845.0919829824397,341.73886876517923,4.234756950986546,-157.0896705350584,-303.4934757718709,-1.139974779450221e-09
845.5919829824397,342.2387666684161,4.234786876696668,-157.31036674213374,-303.94213581893166,-1.1399747397022087e-09
846.0919829824397,342.7386648745713,4.234816715111098,-157.531062947978,-304.3907958636133,-1.1399745956895769e-09
846.5919829824397,343.2385633823254,4.234846466611201,-157.75175915259805,-304.8394559059298,-1.1399746783722354e-09
847.0919829824397,343.7384621903663,4.234876131576124,-157.9724553560012,-305.28811594589473,-1.1399746819515036e-09
847.5919829824397,344.23836129738964,4.23490571038281,-158.1931515581948,-305.73677598352174,-1.1399746854141398e-09
848.0919829824397,344.7382607020986,4.234935203406018,-158.41384775918564,-306.1854360188245,-1.139974681186398e-09
848.5919829824397,345.2381604032038,4.234964611018338,-158.63454395898074,-306.63409605181624,-1.1399747280929532e-09
849.0919829824397,345.7380603994233,4.234993933590203,-158.8552401575872,-307.0827560825104,-1.13997458144137e-09
849.5919829824397,346.23796068948263,4.235023171489908,-159.0759363550121,-307.5314161109201,-1.1399745788027732e-09
850.0919829824397,346.7378612721145,4.235052325083625,-159.29663255126212,-307.98007613705846,-1.1399747483787e-09
850.5919829824397,347.237762146059,4.2350813947354204,-159.51732874634408,-308.42873616093857,-1.1399746847551322e-09
851.0919829824397,347.7376633100635,4.235110380807264,-159.7380249402648,-308.8773961825734,-1.1399750420176704e-09
851.5919829824397,348.23756476288236,4.2351392836590485,-159.95872113303102,-309.3260562019758,-1.1399747777261681e-09
852.0919829824397,348.7374665032772,4.235168103648605,-160.17941732464936,-309.7747162191585,-1.1399749392533037e-09
852.5919829824397,349.2373685300166,4.235196841131716,-160.4001135151265,-310.2233762341342,-1.1399750326362985e-09
853.0919829824397,349.73727084187635,4.235225496462129,-160.62080970446883,-310.6720362469155,-1.1399749124397193e-09
853.5919829824397,350.237173437639,4.235254069991574,-160.84150589268307,-311.12069625751485,-1.1399750928066576e-09
854.0919829824397,350.73707631609415,4.2352825620697745,-161.06220207977572,-311.56935626594463,-1.1399750124015784e-09
854.5919829824397,351.23697947603824,4.235310973044466,-161.28289826575318,-312.01801627221727,-1.1399751606387888e-09
855.0919829824397,351.7368829162745,4.235339303261404,-161.50359445062196,-312.46667627634474,-1.139974976171026e-09
855.5919829824397,352.23678663561293,4.2353675530643855,-161.72429063438847,-312.9153362783393,-1.1399752409578744e-09
856.0919829824397,352.7366906328703,4.235395722795257,-161.9449868170589,-313.363996278213,-1.1399753215943138e-09
856.5919829824397,353.23659490687004,4.235423812793932,-162.16568299863923,-313.81265627597793,-1.1399754077821353e-09
857.0919829824397,353.73649945644223,4.2354518233984,-162.3863791791359,-314.2613162716459,-1.1399750633555505e-09
857.5919829824397,354.23640428042347,4.2354797549447465,-162.60707535855528,-314.7099762652286,-1.1399750712598891e-09
858.0919829824397,354.73630937765694,4.23550760776716,-162.82777153690336,-315.1586362567378,-1.1399750389003364e-09
858.5919829824397,355.23621474699235,4.235535382197951,-163.0484677141862,-315.6072962461851,-1.139974937843465e-09
859.0919829824397,355.73612038728584,4.235563078567561,-163.2691638904097,-316.05595623358226,-1.1399750839265375e-09
859.5919829824397,356.23602629739986,4.235590697204578,-163.48986006558,-316.50461621894055,-1.1399750795792666e-09
860.0919829824397,356.73593247620335,4.235618238435747,-163.71055623970292,-316.95327620227147,-1.13997522238546e-09
860.5919829824397,357.23583892257153,4.235645702585987,-163.93125241278457,-317.40193618358626,-1.1399751692044733e-09
861.0919829824397,357.7357456353858,4.235673089978398,-164.15194858483065,-317.85059616289624,-1.1399748640584331e-09
861.5919829824397,358.2356526135339,4.235700400934281,-164.3726447558471,-318.29925614021255,-1.1399750192162956e-09
862.0919829824397,358.7355598559096,4.235727635773142,-164.59334092583973,-318.7479161155461,-1.1399751627872103e-09
862.5919829824397,359.23546736141304,4.235754794812713,-164.81403709481427,-319.19657608890805,-1.1399751604078356e-09
863.0919829824397,359.7353751289503,4.235781878368958,-165.0347332627765,-319.64523606030923,-1.1399753038727173e-09
863.5919829824397,360.23528315743346,4.235808886756089,-165.2554294297319,-320.0938960297605,-1.139975126450148e-09
864.0919829824397,360.73519144578074,4.235835820286574,-165.4761255956863,-320.54255599727276,-1.139975219307533e-09
864.5919829824397,361.23509999291633,4.235862679271154,-165.6968217606453,-320.99121596285653,-1.1399753150320859e-09
865.0919829824397,361.73500879777026,4.235889464018854,-165.91751792461415,-321.43987592652263,-1.1399750489865448e-09
865.5919829824397,362.2349178592785,4.23591617483699,-166.13821408759873,-321.88853588828147,-1.1399749751336793e-09
866.0919829824397,362.7348271763828,4.235942812031187,-166.35891024960418,-322.3371958481435,-1.139975217224517e-09
866.5919829824397,363.23473674803085,4.235969375905387,-166.5796064106361,-322.78585580611934,-1.1399750963085238e-09
867.0919829824397,363.73464657317606,4.2359958667618605,-166.80030257069996,-323.2345157622191,-1.1399751294300443e-09
867.5919829824397,364.2345566507775,4.236022284901221,-167.020998729801,-323.68317571645315,-1.1399752247599941e-09
868.0919829824397,364.73446697980006,4.236048630622433,-167.24169488794465,-324.1318356688317,-1.1399751923143627e-09
868.5919829824397,365.2343775592141,4.236074904222824,-167.46239104513617,-324.5804956193648,-1.139975127767221e-09
869.0919829824397,365.7342883879958,4.236101105998099,-167.68308720138054,-325.02915556806266,-1.1399750228111977e-09
869.5919829824397,366.23419946512666,4.2361272362423446,-167.90378335668345,-325.47781551493506,-1.1399753260789423e-09
870.0919829824397,366.734110789594,4.236153295248048,-168.12447951104969,-325.9264754599921,-1.1399751785808663e-09
870.5919829824397,367.23402236039044,4.236179283306102,-168.34517566448474,-326.3751354032435,-1.139975110670742e-09
871.0919829824397,367.73393417651414,4.23620520070582,-168.5658718169932,-326.82379534469925,-1.1399752655016182e-09
871.5919829824397,368.2338462369687,4.236231047734942,-168.7865679685805,-327.27245528436896,-1.1399753306364107e-09
872.0919829824397,368.73375854076306,4.23625682467965,-169.0072641192518,-327.72111522226214,-1.1399751761876508e-09
872.5919829824397,369.2336710869115,4.236282531824576,-169.22796026901182,-328.1697751583886,-1.139975105566679e-09
873.0919829824397,369.7335838744337,4.236308169452811,-169.44865641786583,-328.61843509275764,-1.1399753174378282e-09
873.5919829824397,370.23349690235455,4.236333737845921,-169.6693525658186,-329.0670950253789,-1.1399754015539427e-09
874.0919829824397,370.73341016970414,4.236359237283953,-169.8900487128748,-329.51575495626173,-1.1399752950314536e-09
874.5919829824397,371.2333236755179,4.236384668045442,-170.11074485903956,-329.96441488541547,-1.1399752641987622e-09
875.0919829824397,371.7332374188364,4.23641003040743,-170.3314410043177,-330.4130748128494,-1.1399753115726044e-09
875.5919829824397,372.2331513987052,4.236435324645467,-170.55213714871394,-330.86173473857275,-1.1399751895977128e-09
876.0919829824397,372.73306561417525,4.236460551033628,-170.77283329223334,-331.31039466259455,-1.1399752991615594e-09
876.5919829824397,373.23298006430224,4.236485709844518,-170.9935294348803,-331.759054584924,-1.1399753017880543e-09
877.0919829824397,373.73289474814715,4.236510801349286,-171.21422557665974,-332.20771450557,-1.139975340100994e-09
877.5919829824397,374.23280966477586,4.236535825817629,-171.43492171757623,-332.6563744245417,-1.1399753111432995e-09
878.0919829824397,374.7327248132592,4.23656078351781,-171.65561785763438,-333.10503434184784,-1.1399749563077812e-09
878.5919829824397,375.23264019267305,4.2365856747166575,-171.87631399683886,-333.55369425749745,-1.139975319513069e-09
879.0919829824397,375.73255580209803,4.236610499679585,-172.09701013519407,-334.00235417149923,-1.1399753565314942e-09
879.5919829824397,376.2324716406198,4.236635258670591,-172.31770627270473,-334.45101408386193,-1.1399751069966292e-09
880.0919829824397,376.7323877073287,4.236659951952277,-172.53840240937546,-334.8996739945942,-1.1399750470113999e-09
880.5919829824397,377.2323040013201,4.236684579785852,-172.75909854521055,-335.34833390370466,-1.1399751152251584e-09
881.0919829824397,377.7322205216938,4.236709142431139,-172.9797946802147,-335.7969938112018,-1.139974957668486e-09
881.5919829824397,378.2321372675547,4.236733640146593,-173.20049081439217,-336.24565371709417,-1.1399748026073298e-09
882.0919829824397,378.73205423801227,4.236758073189301,-173.4211869477472,-336.6943136213904,-1.1399748634027415e-09
882.5919829824397,379.23197143218056,4.236782441814996,-173.64188308028437,-337.14297352409864,-1.1399749883602357e-09
883.0919829824397,379.73188884917846,4.236806746278064,-173.86257921200823,-337.59163342522726,-1.1399749571534355e-09
883.5919829824397,380.23180648812934,4.236830986831555,-174.08327534292263,-338.0402933247846,-1.1399748279274702e-09
884.0919829824397,380.7317243481612,4.236855163727188,-174.3039714730321,-338.48895322277895,-1.1399749230009365e-09
884.5919829824397,381.23164242840664,4.236879277215363,-174.52466760234105,-338.9376131192182,-1.1399749406486687e-09
885.0919829824397,381.73156072800276,4.2369033275451695,-174.7453637308533,-339.38627301411094,-1.1399750521801481e-09
885.5919829824397,382.23147924609117,4.236927314964393,-174.96605985857346,-339.8349329074648,-1.1399750213089058e-09
886.0919829824397,382.73139798181796,4.236951239719525,-175.18675598550556,-340.28359279928804,-1.1399750073820645e-09
886.5919829824397,383.2313169343337,4.23697510205577,-175.40745211165375,-340.7322526895885,-1.1399748354065565e-09
887.0919829824397,383.7312361027932,4.236998902217058,-175.6281482370221,-341.18091257837426,-1.139974843243395e-09
887.5919829824397,384.23115548635593,4.237022640446047,-175.84884436161477,-341.629572465653,-1.1399746545702607e-09
888.0919829824397,384.7310750841855,4.237046316984135,-176.06954048543554,-342.07823235143263,-1.1399747164225796e-09
888.5919829824397,385.23099489544984,4.237069932071467,-176.29023660848887,-342.5268922357208,-1.1399749572138221e-09
889.0919829824397,385.7309149193214,4.237093485946944,-176.51093273077845,-342.9755521185254,-1.139975119258583e-09
889.5919829824397,386.23083515497666,4.237116978848229,-176.73162885230852,-343.424211999854,-1.1399748896307677e-09
890.0919829824397,386.7307556015965,4.237140411011757,-176.9523249730828,-343.8728718797141,-1.1399750435909458e-09
890.5919829824397,387.23067625836603,4.237163782672743,-177.17302109310552,-344.32153175811334,-1.1399747753197459e-09
891.0919829824397,387.7305971244744,4.237187094065189,-177.39371721238047,-344.77019163505923,-1.1399748943242012e-09
891.5919829824397,388.23051819911507,4.237210345421891,-177.61441333091142,-345.2188515105593,-1.1399748919460642e-09
892.0919829824397,388.7304394814856,4.23723353697445,-177.83510944870213,-345.6675113846209,-1.139974793577554e-09
892.5919829824397,389.23036097078756,4.237256668953274,-178.05580556575654,-346.11617125725155,-1.1399748468264515e-09
893.0919829824397,389.7302826662268,4.2372797415875905,-178.27650168207867,-346.5648311284583,-1.1399747764223189e-09
893.5919829824397,390.23020456701306,4.237302755105454,-178.49719779767204,-347.01349099824864,-1.1399747044219063e-09
894.0919829824397,390.7301266723602,4.237325709733751,-178.71789391254055,-347.4621508666297,-1.1399747431724953e-09
894.5919829824397,391.23004898148605,4.237348605698208,-178.93859002668802,-347.9108107336086,-1.1399747766900154e-09
895.0919829824397,391.7299714936125,4.237371443223401,-179.15928614011784,-348.3594705991927,-1.1399746888393702e-09
895.5919829824397,392.22989420796523,4.2373942225327585,-179.37998225283405,-348.8081304633889,-1.1399747925834387e-09
896.0919829824397,392.729817123774,4.237416943848575,-179.60067836484018,-349.2567903262043,-1.1399746401385974e-09
896.5919829824397,393.22974024027246,4.237439607392012,-179.82137447613994,-349.7054501876458,-1.139974532924362e-09
897.0919829824397,393.72966355669803,4.237462213383111,-180.0420705867368,-350.1541100477204,-1.139974651611767e-09
897.5919829824397,394.22958707229213,4.237484762040794,-180.26276669663446,-350.6027699064351,-1.1399745467061432e-09
898.0919829824397,394.72951078629995,4.237507253582878,-180.48346280583615,-351.05142976379693,-1.139974598031735e-09
898.5919829824397,395.2294346979705,4.237529688226075,-180.70415891434584,-351.5000896198124,-1.1399748627563905e-09
899.0919829824397,395.7293588065565,4.237552066186002,-180.92485502216692,-351.9487494744884,-1.1399749911994678e-09
899.5919829824397,396.2292831113146,4.237574387677192,-181.14555112930285,-352.3974093278318,-1.1399748409294315e-09
900.0919829824397,396.72920761150505,4.237596652913092,-181.36624723575719,-352.84606917984917,-1.1399747606713667e-09
900.5919829824397,397.2291323063918,4.237618862106078,-181.58694334153336,-353.2947290305471,-1.1399748868606482e-09
901.0919829824397,397.7290571952426,4.2376410154674575,-181.80763944663482,-353.7433888799323,-1.1399748657437563e-09
901.5919829824397,398.2289822773288,4.237663113207476,-182.02833555106514,-354.19204872801123,-1.1399748285150484e-09
902.0919829824397,398.7289075519254,4.237685155535327,-182.2490316548273,-354.64070857479066,-1.1399747084954838e-09
902.5919829824397,399.228833018311,4.237707142659154,-182.46972775792494,-355.08936842027697,-1.1399745304516731e-09
903.0919829824397,399.72875867576784,4.237729074786062,-182.69042386036148,-355.5380282644765,-1.1399745906896967e-09
903.5919829824397,400.2286845235817,4.237750952122118,-182.9111199621402,-355.9866881073957,-1.139974803932171e-09
904.0919829824397,400.728610561042,4.237772774872365,-183.13181606326432,-356.43534794904105,-1.1399749933177659e-09
904.5919829824397,401.22853678744156,4.237794543240821,-183.3525121637372,-356.88400778941883,-1.1399748949677653e-09
905.0919829824397,401.7284632020768,4.237816257430491,-183.57320826356218,-357.3326676285352,-1.139974694614875e-09
905.5919829824397,402.2283898042476,4.237837917643368,-183.7939043627424,-357.78132746639653,-1.1399747422006098e-09
906.0919829824397,402.7283165932574,4.237859524080447,-184.01460046128082,-358.2299873030092,-1.1399747609313876e-09
906.5919829824397,403.22824356841284,4.237881076941721,-184.2352965591809,-358.6786471383792,-1.1399747388502237e-09
907.0919829824397,403.72817072902427,4.237902576426196,-184.4559926564461,-359.1273069725126,-1.1399745749914965e-09
907.5919829824397,404.2280980744053,4.237924022731892,-184.67668875307916,-359.5759668054156,-1.1399747592057536e-09
908.0919829824397,404.72802560387294,4.237945416055853,-184.8973848490836,-360.02462663709423,-1.1399745039395572e-09
908.5919829824397,405.2279533167475,4.237966756594148,-185.11808094446215,-360.4732864675546,-1.1399743727536317e-09
909.0919829824397,405.7278812123528,4.237988044541883,-185.33877703921817,-360.92194629680256,-1.1399743294077203e-09
909.5919829824397,406.22780929001584,4.2380092800932,-185.55947313335471,-361.3706061248442,-1.1399747408308202e-09
910.0919829824397,406.72773754906694,4.23803046344129,-185.78016922687485,-361.81926595168534,-1.1399745083855215e-09
910.5919829824397,407.2276659888397,4.238051594778394,-186.0008653197815,-362.267925777332,-1.1399743233848549e-09
911.0919829824397,407.72759460867104,4.23807267429581,-186.22156141207796,-362.71658560178975,-1.1399744523531952e-09
911.5919829824397,408.227523407901,4.2380937021839005,-186.44225750376694,-363.16524542506465,-1.139974522790596e-09
912.0919829824397,408.727452385873,4.238114678632095,-186.66295359485176,-363.6139052471623,-1.139974327099528e-09
912.5919829824397,409.22738154193354,4.238135603828899,-186.88364968533529,-364.0625650680885,-1.1399745040816524e-09
913.0919829824397,409.72731087543235,4.238156477961898,-187.10434577522014,-364.51122488784904,-1.1399743747992109e-09
913.5919829824397,410.22724038572227,4.238177301217762,-187.3250418645095,-364.95988470644954,-1.1399744089491886e-09
914.0919829824397,410.72717007215937,4.238198073782254,-187.54573795320658,-365.4085445238955,-1.1399744592915547e-09
914.5919829824397,411.2270999341028,4.238218795840233,-187.76643404131386,-365.8572043401927,-1.1399743065926378e-09
915.0919829824397,411.72702997091477,4.238239467575659,-187.98713012883454,-366.3058641553465,-1.1399745386850753e-09
915.5919829824397,412.22696018196064,4.238260089171604,-188.2078262157711,-366.75452396936277,-1.139974633184515e-09
916.0919829824397,412.7268905666088,4.238280660810248,-188.4285223021267,-367.20318378224664,-1.139974656219353e-09
916.5919829824397,413.22682112423075,4.238301182672893,-188.64921838790409,-367.6518435940038,-1.1399745967337766e-09
917.0919829824397,413.7267518542009,4.238321654939963,-188.8699144731061,-368.10050340463965,-1.1399745807167297e-09
917.5919829824397,414.22668275589683,4.238342077791012,-189.09061055773546,-368.54916321415953,-1.1399743779226953e-09
918.0919829824397,414.726613828699,4.238362451404729,-189.31130664179503,-368.99782302256887,-1.1399744517823717e-09
918.5919829824397,415.2265450719908,4.238382775958941,-189.53200272528764,-369.44648282987293,-1.1399744940496985e-09
919.0919829824397,415.72647648515874,4.2384030516306215,-189.75269880821588,-369.89514263607697,-1.1399745421574362e-09
919.5919829824397,416.22640806759216,4.238423278595892,-189.97339489058268,-370.34380244118637,-1.1399744276398842e-09
920.0919829824397,416.72633981868336,4.238443457030031,-190.19409097239068,-370.7924622452063,-1.1399743824396489e-09
920.5919829824397,417.2262717378275,4.238463587107476,-190.4147870536424,-371.2411220481421,-1.1399744291174808e-09
921.0919829824397,417.7262038244227,4.2384836690018295,-190.63548313434063,-371.6897818499988,-1.1399744556045644e-09
921.5919829824397,418.2261360778699,4.238503702885864,-190.8561792144883,-372.1384416507815,-1.1399744792204553e-09
922.0919829824397,418.7260684975729,4.238523688931528,-191.07687529408773,-372.58710145049537,-1.1399743215670463e-09
922.5919829824397,419.22600108293835,4.238543627309949,-191.29757137314152,-373.0357612491457,-1.1399743130524008e-09
923.0919829824397,419.7259338333757,4.238563518191439,-191.51826745165263,-373.4844210467372,-1.139974329809476e-09
923.5919829824397,420.2258667482972,4.238583361745502,-191.7389635296232,-373.9330808432753,-1.1399741249333733e-09
924.0919829824397,420.72579982711795,4.238603158140834,-191.959659607056,-374.38174063876477,-1.1399742559871668e-09
924.5919829824397,421.22573306925574,4.238622907545331,-192.1803556839537,-374.8304004332105,-1.13997422142791e-09
925.0919829824397,421.7256664741312,4.238642610126092,-192.40105176031892,-375.2790602266175,-1.1399742583869747e-09
925.5919829824397,422.2256000411675,4.2386622660494275,-192.62174783615416,-375.7277200189906,-1.1399743527543068e-09
926.0919829824397,422.72553376979084,4.238681875480859,-192.84244391146177,-376.1763798103348,-1.1399743099065463e-09
926.5919829824397,423.22546765942985,4.238701438585126,-193.0631399862446,-376.6250396006548,-1.1399742320854158e-09
927.0919829824397,423.725401709516,4.238720955526193,-193.28383606050485,-377.0736993899556,-1.1399743885330838e-09
927.5919829824397,424.2253359194834,4.238740426467249,-193.50453213424524,-377.5223591782418,-1.1399741720711985e-09
928.0919829824397,424.72527028876885,4.238759851570717,-193.72522820746786,-377.97101896551834,-1.1399743054783223e-09
928.5919829824397,425.2252048168117,4.238779230998254,-193.94592428017555,-378.41967875178995,-1.139974521507438e-09
929.0919829824397,425.725139503054,4.238798564910761,-194.16662035237042,-378.8683385370612,-1.1399745592903318e-09
929.5919829824397,426.22507434694035,4.2388178534683805,-194.38731642405511,-379.3169983213369,-1.1399744967519512e-09
930.0919829824397,426.72500934791805,4.238837096830507,-194.60801249523192,-379.7656581046217,-1.139974515462958e-09
930.5919829824397,427.2249445054369,4.238856295155789,-194.8287085659035,-380.21431788692,-1.1399742429796954e-09
931.0919829824397,427.72487981894926,4.2388754486021325,-195.04940463607178,-380.6629776682368,-1.1399741796084158e-09
931.5919829824397,428.2248152879101,4.238894557326707,-195.27010070573945,-381.11163744857635,-1.1399743768046354e-09
932.0919829824397,428.7247509117768,4.238913621485948,-195.49079677490866,-381.5602972279433,-1.1399744574873826e-09
932.5919829824397,429.2246866900095,4.2389326412355635,-195.7114928435821,-382.0089570063421,-1.1399740550745638e-09
933.0919829824397,429.7246226220706,4.238951616730536,-195.9321889117619,-382.4576167837773,-1.139974371356728e-09
933.5919829824397,430.22455870742516,4.238970548125129,-196.15288497945016,-382.90627656025345,-1.1399742967065989e-09
934.0919829824397,430.7244949455406,4.238989435572889,-196.37358104664958,-383.3549363357748,-1.1399741863205042e-09
934.5919829824397,431.22443133588683,4.239008279226651,-196.59427711336198,-383.803596110346,-1.1399741772441539e-09
935.0919829824397,431.72436787793634,4.239027079238541,-196.81497317958994,-384.2522558839714,-1.1399742982029305e-09
935.5919829824397,432.2243045711639,4.239045835759983,-197.03566924533578,-384.7009156566551,-1.139974176849972e-09
936.0919829824397,432.72424141504666,4.2390645489417,-197.2563653106017,-385.14957542840165,-1.1399742375462237e-09
936.5919829824397,433.2241784090644,4.239083218933721,-197.4770613753897,-385.5982351992154,-1.1399742043516068e-09
937.0919829824397,433.72411555269906,4.239101845885381,-197.6977574397023,-386.0468949691005,-1.1399742906976808e-09
937.5919829824397,434.22405284543515,4.239120429945331,-197.91845350354123,-386.49555473806146,-1.1399745079013617e-09
938.0919829824397,434.7239902867594,4.239138971261533,-198.13914956690928,-386.9442145061021,-1.139974295156175e-09
938.5919829824397,435.22392787616093,4.239157469981275,-198.35984562980818,-387.39287427322716,-1.1399742356446255e-09
939.0919829824397,435.7238656131313,4.239175926251165,-198.5805416922403,-387.8415340394405,-1.1399741441241432e-09
939.5919829824397,436.2238034971642,4.239194340217141,-198.8012377542078,-388.29019380474637,-1.1399743921458904e-09
940.0919829824397,436.72374152775586,4.2392127120244725,-199.02193381571269,-388.7388535691489,-1.139974421093512e-09
940.5919829824397,437.2236797044047,4.239231041817764,-199.24262987675746,-389.18751333265214,-1.1399741420758575e-09
941.0919829824397,437.7236180266113,4.23924932974096,-199.46332593734385,-389.6361730952603,-1.1399745431652166e-09
941.5919829824397,438.22355649387873,4.239267575937349,-199.68402199747396,-390.08483285697747,-1.1399743510443954e-09
942.0919829824397,438.7234951057122,4.239285780549565,-199.9047180571503,-390.5334926178075,-1.1399740091528244e-09
942.5919829824397,439.2234338616192,4.2393039437195945,-200.12541411637446,-390.98215237775474,-1.139974291515748e-09
943.0919829824397,439.72337276110943,4.239322065588777,-200.34611017514865,-391.43081213682296,-1.139974297252162e-09
943.5919829824397,440.22331180369486,4.239340146297809,-200.5668062334753,-391.8794718950161,-1.1399745267515985e-09
944.0919829824397,440.72325098888956,4.2393581859867515,-200.787502291356,-392.32813165233824,-1.1399743547693283e-09
944.5919829824397,441.22319031621,4.239376184795029,-201.0081983487931,-392.77679140879326,-1.1399746915435872e-09
945.0919829824397,441.7231297851746,4.239394142861436,-201.2288944057882,-393.2254511643853,-1.1399744086105268e-09
945.5919829824397,442.2230693953041,4.239412060324138,-201.44959046234382,-393.6741109191179,-1.1399747311215398e-09
946.0919829824397,442.72300914612134,4.239429937320678,-201.67028651846152,-394.12277067299505,-1.1399743781671843e-09
946.5919829824397,443.2229490371514,4.239447773987978,-201.89098257414352,-394.57143042602087,-1.1399745491514994e-09
947.0919829824397,443.72288906792136,4.239465570462341,-202.11167862939195,-395.0200901781987,-1.1399743848039095e-09
947.5919829824397,444.2228292379605,4.239483326879461,-202.33237468420836,-395.4687499295328,-1.1399746497305525e-09
948.0919829824397,444.72276954680024,4.239501043374418,-202.55307073859515,-395.91740968002665,-1.1399743382736644e-09
948.5919829824397,445.222709993974,4.239518720081686,-202.77376679255386,-396.3660694296842,-1.1399744376469856e-09
949.0919829824397,445.72265057901734,4.239536357135138,-202.99446284608675,-396.814729178509,-1.1399744209688806e-09
949.5919829824397,446.22259130146796,4.239553954668044,-203.2151588991956,-397.26338892650506,-1.1399742391992706e-09
950.0919829824397,446.72253216086557,4.239571512813081,-203.43585495188225,-397.71204867367584,-1.1399743003495234e-09
950.5919829824397,447.2224731567519,4.239589031702329,-203.65655100414858,-398.1607084200252,-1.1399742386399629e-09
951.0919829824397,447.7224142886708,4.239606511467282,-203.87724705599658,-398.60936816555665,-1.13997422334501e-09
951.5919829824397,448.22235555616805,4.239623952238844,-204.09794310742816,-399.0580279102739,-1.1399741920637641e-09
952.0919829824397,448.72229695879156,4.239641354147338,-204.31863915844528,-399.5066876541805,-1.1399741555284666e-09
952.5919829824397,449.22223849609117,4.239658717322506,-204.53933520904954,-399.95534739728015,-1.139974340488343e-09
953.0919829824397,449.7221801676187,4.239676041893513,-204.76003125924302,-400.4040071395764,-1.1399743838748796e-09
953.5919829824397,450.22212197292805,4.239693327988951,-204.9807273090276,-400.85266688107265,-1.1399743631319502e-09
954.0919829824397,450.722063911575,4.239710575736841,-205.20142335840484,-401.30132662177255,-1.1399744214935027e-09
954.5919829824397,451.22200598311736,4.239727785264638,-205.42211940737673,-401.7499863616797,-1.1399744830169643e-09
955.0919829824397,451.7219481871149,4.239744956699231,-205.64281545594486,-402.1986461007977,-1.1399745416193888e-09
955.5919829824397,452.2218905231292,4.239762090166949,-205.86351150411116,-402.64730583912984,-1.1399745887861812e-09
956.0919829824397,452.721832990724,4.239779185793563,-206.08420755187763,-403.0959655766796,-1.1399745449964003e-09
956.5919829824397,453.22177558946476,4.239796243704289,-206.30490359924593,-403.5446253134503,-1.1399746031884985e-09
957.0919829824397,453.72171831891893,4.239813264023791,-206.52559964621761,-403.99328504944566,-1.1399744746330483e-09
957.5919829824397,454.2216611786559,4.239830246876185,-206.7462956927947,-404.4419447846689,-1.139974480069712e-09
958.0919829824397,454.7216041682468,4.23984719238504,-206.96699173897898,-404.89060451912337,-1.1399743960683772e-09
958.5919829824397,455.22154728726485,4.239864100673383,-207.18768778477175,-405.3392642528126,-1.1399743330245865e-09
959.0919829824397,455.721490535285,4.239880971863702,-207.40838383017535,-405.7879239857397,-1.1399743949811855e-09
959.5919829824397,456.22143391188405,4.239897806077947,-207.62907987519105,-406.23658371790833,-1.1399741629862025e-09
960.0919829824397,456.72137741664073,4.239914603437534,-207.84977591982047,-406.6852434493216,-1.1399743187719953e-09
960.5919829824397,457.22132104913555,4.23993136406335,-208.0704719640657,-407.13390317998284,-1.1399743752403943e-09
961.0919829824397,457.72126480895093,4.23994808807575,-208.29116800792826,-407.58256290989533,-1.1399744259424936e-09
961.5919829824397,458.22120869567095,4.239964775594569,-208.51186405140984,-408.0312226390623,-1.139974558739485e-09
962.0919829824397,458.7211527088817,4.2399814267391145,-208.73256009451217,-408.479882367487,-1.1399742992005102e-09
962.5919829824397,459.2210968481708,4.239998041628178,-208.95325613723696,-408.9285420951726,-1.1399745360101155e-09
963.0919829824397,459.72104111312797,4.240014620380034,-209.17395217958568,-409.37720182212234,-1.139974665673102e-09
963.5919829824397,460.22098550334454,4.240031163112442,-209.39464822156,-409.82586154833956,-1.1399745247468905e-09
964.0919829824397,460.7209300184136,4.24004766994265,-209.6153442631617,-410.27452127382725,-1.1399745506502683e-09
964.5919829824397,461.22087465793,4.240064140987401,-209.83604030439216,-410.72318099858876,-1.1399743931799274e-09
965.0919829824397,461.72081942149043,4.240080576362927,-210.05673634525334,-411.17184072262694,-1.13997424035479e-09
965.5919829824397,462.2207643086932,4.2400969761849625,-210.2774323857465,-411.62050044594514,-1.1399745626501928e-09
966.0919829824397,462.7207093191385,4.240113340568739,-210.49812842587352,-412.0691601685464,-1.1399747148584708e-09
966.5919829824397,463.2206544524281,4.240129669628991,-210.71882446563566,-412.5178198904338,-1.1399746437632153e-09
967.0919829824397,463.7205997081656,4.240145963479959,-210.93952050503475,-412.96647961161057,-1.1399744091801903e-09
967.5919829824397,464.22054508595613,4.240162222235391,-211.16021654407237,-413.4151393320795,-1.1399744605988252e-09
968.0919829824397,464.72049058540676,4.240178446008545,-211.38091258275,-413.86379905184384,-1.13997444863616e-09
968.5919829824397,465.220436206126,4.240194634912193,-211.60160862106943,-414.3124587709063,-1.1399744759802904e-09
969.0919829824397,465.72038194772426,4.240210789058622,-211.82230465903217,-414.7611184892701,-1.1399742006114464e-09
969.5919829824397,466.22032780981345,4.24022690855964,-212.04300069663955,-415.2097782069382,-1.1399743777343912e-09
970.0919829824397,466.7202737920072,4.240242993526572,-212.2636967338931,-415.6584379239137,-1.1399742245063023e-09
970.5919829824397,467.2202198939208,4.240259044070271,-212.48439277079436,-416.10709764019947,-1.1399742656607542e-09
971.0919829824397,467.72016611517114,4.240275060301112,-212.70508880734485,-416.55575735579845,-1.139974263598981e-09
971.5919829824397,468.2201124553768,4.240291042329001,-212.92578484354624,-417.0044170707135,-1.1399741967140112e-09
972.0919829824397,468.72005891415796,4.240306990263374,-213.14648087939997,-417.4530767849475,-1.1399740418658607e-09
972.5919829824397,469.2200054911364,4.240322904213202,-213.36717691490736,-417.90173649850357,-1.139974084662334e-09
973.0919829824397,469.7199521859356,4.240338784286991,-213.58787295007005,-418.35039621138446,-1.1399740862092498e-09
973.5919829824397,470.21989899818044,4.240354630592787,-213.80856898488938,-418.7990559235931,-1.1399741183381456e-09
974.0919829824397,470.71984592749754,4.240370443238175,-214.0292650193669,-419.2477156351322,-1.1399742482482067e-09
974.5919829824397,471.2197929735151,4.240386222330284,-214.24996105350414,-419.69637534600463,-1.1399741387444447e-09
975.0919829824397,471.7197401358628,4.2404019679757905,-214.47065708730247,-420.14503505621326,-1.139974254780186e-09
975.5919829824397,472.21968741417203,4.240417680280918,-214.6913531207635,-420.5936947657608,-1.1399741588476138e-09
976.0919829824397,472.7196348080756,4.2404333593514405,-214.91204915388838,-421.04235447465027,-1.1399740107090669e-09
976.5919829824397,473.21958231720794,4.240449005292685,-215.13274518667907,-421.49101418288404,-1.1399742527096835e-09
977.0919829824397,473.719529941205,4.240464618209536,-215.3534412191365,-421.9396738904652,-1.1399742557218414e-09
977.5919829824397,474.2194776797042,4.240480198206434,-215.57413725126196,-422.3883335973965,-1.1399744550451302e-09
978.0919829824397,474.71942553234464,4.240495745387379,-215.79483328305747,-422.8369933036805,-1.1399742323363302e-09
978.5919829824397,475.2193734987668,4.240511259855934,-216.01552931452395,-423.28565300932,-1.1399743900413798e-09
979.0919829824397,475.71932157861266,4.240526741715228,-216.23622534566272,-423.73431271431775,-1.1399744038780546e-09
979.5919829824397,476.21926977152583,4.240542191067955,-216.4569213764756,-424.1829724186764,-1.1399739485875876e-09
980.0919829824397,476.7192180771513,4.240557608016379,-216.67761740696372,-424.63163212239857,-1.1399741666755226e-09
980.5919829824397,477.21916649513554,4.2405729926623374,-216.89831343712837,-425.0802918254869,-1.1399740808478172e-09
981.0919829824397,477.7191150251266,4.240588345107239,-217.11900946697085,-425.5289515279443,-1.1399743581832685e-09
981.5919829824397,478.2190636667739,4.240603665452068,-217.33970549649277,-425.9776112297731,-1.1399741296115956e-09
982.0919829824397,478.7190124197283,4.240618953797389,-217.5604015256953,-426.42627093097605,-1.1399743168274378e-09
982.5919829824397,479.2189612836422,4.240634210243346,-217.78109755457993,-426.87493063155574,-1.1399741469678603e-09
983.0919829824397,479.71891025816944,4.240649434889666,-218.001793583148,-427.32359033151465,-1.1399742586993026e-09
983.5919829824397,480.2188593429653,4.240664627835661,-218.22248961140045,-427.7722500308557,-1.1399742350866479e-09
984.0919829824397,480.71880853768636,4.240679789180227,-218.44318563933916,-428.220909729581,-1.1399743535340285e-09
984.5919829824397,481.2187578419908,4.240694919021854,-218.66388166696507,-428.66956942769343,-1.1399742031580133e-09
985.0919829824397,481.7187072555381,4.240710017458619,-218.88457769427936,-429.1182291251955,-1.1399743079708326e-09
985.5919829824397,482.2186567779892,4.240725084588195,-219.10527372128374,-429.5668888220896,-1.1399744234845488e-09
986.0919829824397,482.7186064090065,4.240740120507849,-219.32596974797954,-430.01554851837824,-1.1399743936917836e-09
986.5919829824397,483.21855614825364,4.240755125314445,-219.5466657743677,-430.464208214064,-1.139974147585701e-09
987.0919829824397,483.7185059953958,4.240770099104449,-219.76736180044975,-430.9128679091493,-1.139974426975043e-09
987.5919829824397,484.2184559500994,4.2407850419739255,-219.9880578262268,-431.3615276036367,-1.1399742553428713e-09
988.0919829824397,484.71840601203235,4.240799954018546,-220.2087538517,-431.8101872975287,-1.1399742843372642e-09
988.5919829824397,485.21835618086385,4.240814835333585,-220.42944987687096,-432.2588469908276,-1.1399744291052336e-09
989.0919829824397,485.71830645626454,4.240829686013926,-220.65014590174061,-432.70750668353594,-1.1399742909923872e-09
989.5919829824397,486.2182568379063,4.240844506154063,-220.87084192631053,-433.156166375656,-1.1399743402229604e-09
990.0919829824397,486.7182073254625,4.2408592958481,-221.0915379505815,-433.60482606719046,-1.1399744110316788e-09
990.5919829824397,487.21815791860774,4.240874055189757,-221.31223397455517,-434.0534857581415,-1.1399742642876085e-09
991.0919829824397,487.71810861701795,4.240888784272367,-221.53292999823245,-434.50214544851167,-1.139974351685991e-09
991.5919829824397,488.2180594203704,4.240903483188883,-221.75362602161502,-434.950805138303,-1.1399743534862312e-09
992.0919829824397,488.7180103283438,4.2409181520318775,-221.97432204470363,-435.39946482751833,-1.1399742578376722e-09
992.5919829824397,489.21796134061793,4.2409327908935435,-222.1950180674998,-435.8481245161596,-1.1399743485355074e-09
993.0919829824397,489.71791245687405,4.240947399865699,-222.4157140900043,-436.2967842042295,-1.139974382560731e-09
993.5919829824397,490.21786367679465,4.240961979039786,-222.63641011221887,-436.74544389173,-1.139974415139797e-09
994.0919829824397,490.7178150000636,4.240976528506875,-222.8571061341443,-437.19410357866377,-1.139974280345276e-09
994.5919829824397,491.2177664263659,4.240991048357665,-223.07780215578185,-437.64276326503295,-1.1399746068615405e-09
995.0919829824397,491.717717955388,4.2410055386824865,-223.29849817713287,-438.0914229508397,-1.1399740750484186e-09
995.5919829824397,492.2176695868176,4.241019999571304,-223.51919419819848,-438.5400826360865,-1.1399744488454884e-09
996.0919829824397,492.7176213203434,4.2410344311137145,-223.7398902189799,-438.98874232077543,-1.139974345014776e-09
996.5919829824397,493.2175731556557,4.241048833398954,-223.9605862394782,-439.43740200490885,-1.1399743725110207e-09
997.0919829824397,493.7175250924459,4.241063206515898,-224.18128225969423,-439.8860616884891,-1.1399741519037486e-09
997.5919829824397,494.2174771304067,4.241077550553059,-224.40197827962973,-440.3347213715183,-1.1399741364588458e-09
998.0919829824397,494.7174292692319,4.241091865598594,-224.6226742992855,-440.7833810539986,-1.13997408333938e-09
998.5919829824397,495.2173815086167,4.241106151740303,-224.84337031866266,-441.23204073593246,-1.1399741602642448e-09
999.0919829824397,495.71733384825745,4.241120409065634,-225.06406633776226,-441.68070041732193,-1.1399741932611418e-09
999.5919829824397,496.2172862878517,4.2411346376616805,-225.28476235658556,-442.1293600981692,-1.1399740120525054e-09
1000.0919829824397,496.71723882709836,4.241148837615185,-225.50545837513386,-442.57801977847635,-1.139974108530066e-09
1000.5919829824397,497.2171914656973,4.241163009012543,-225.7261543934081,-443.02667945824567,-1.1399739773037815e-09
1001.0919829824397,497.7171442033498,4.241177151939802,-225.9468504114095,-443.47533913747924,-1.1399739048988282e-09
1001.5919829824397,498.21709703975824,4.241191266482663,-226.16754642913915,-443.9239988161792,-1.1399741027757948e-09
1002.0919829824397,498.71704997462626,4.241205352726487,-226.38824244659784,-444.37265849434783,-1.1399741998072783e-09
1002.5919829824397,499.2170030076586,4.2412194107562895,-226.60893846378679,-444.82131817198723,-1.1399740879063297e-09
1003.0919829824397,499.7169561385612,4.241233440656747,-226.82963448070723,-445.2699778490994,-1.1399741629897495e-09
1003.5919829824397,500.21690936704124,4.241247442512197,-227.05033049736025,-445.7186375256864,-1.139974059308392e-09
1004.0919829824397,500.716862692807,4.241261416406641,-227.27102651374702,-446.1672972017504,-1.1399742242728297e-09
1004.5919829824397,501.21681611556795,4.241275362423746,-227.49172252986844,-446.61595687729346,-1.1399741084991979e-09
1005.0919829824397,501.7167696350347,4.2412892806468445,-227.7124185457253,-447.0646165523178,-1.139974273081248e-09
1005.5919829824397,502.2167232509191,4.241303171158937,-227.93311456131897,-447.5132762268253,-1.139974354534652e-09
1006.0919829824397,502.71667696293395,4.2413170340426944,-228.15381057665053,-447.96193590081816,-1.1399741187566043e-09
1006.5919829824397,503.21663077079336,4.241330869380459,-228.374506591721,-448.4105955742984,-1.1399741096848608e-09
1007.0919829824397,503.71658467421247,4.241344677254245,-228.59520260653156,-448.85925524726775,-1.1399742631611637e-09
1007.5919829824397,504.21653867290763,4.241358457745745,-228.8158986210828,-449.30791491972866,-1.1399742813373171e-09
1008.0919829824397,504.7164927665963,4.2413722109363245,-229.036594635376,-449.756574591683,-1.1399741640991713e-09
1008.3755162056723,505.0,4.24137999780984,-229.16174393983601,-450.01099443730595,-1.139974260239099e-09
