tau,r,phi,X,Y,H
0.0,500.0,0.0,500.0,0.0,-1.8043048630482272e-16
0.004893242494417816,499.9951072331549,1.3701213058051928e-07,499.9951072331502,6.850539492184954e-05,-0.0
0.05382566743859597,499.9461795652171,1.5072809333115986e-06,499.9461795646492,0.0007535593441403432,-1.805858502383381e-16
0.5431499168803775,499.45690293721424,1.5224734690618933e-05,499.45690287932905,0.0076040988363235374,-3.0334195992960916e-16
1.0431499168803775,498.9569516943143,2.9269256172915655e-05,498.9569514805887,0.01460409883631279,-3.0578074820315775e-16
1.5431499168803775,498.4570005494374,4.3341950898944076e-05,498.4570000812555,0.021604098836284683,-2.465932992450204e-16
2.0431499168803775,497.9570495028782,5.7442903721350354e-05,497.95704868132697,0.028604098836230763,-3.107248100241337e-16
2.5431499168803775,497.45709855493254,7.157219983384825e-05,497.4570972808007,0.0356040988361425,-6.264610622218858e-17
3.0431499168803775,496.9571477058974,8.572992477293436e-05,496.9571458796743,0.04260409883601129,-3.7891081778384495e-16
3.5431499168803775,496.457196956071,9.991616441961372e-05,496.45719447794534,0.049604098835828406,-3.1831049118335003e-16
4.0431499168803775,495.95724630575285,0.00011413100500113596,495.9572430756115,0.05660409883558507,-2.567081542350306e-16
4.5431499168803775,495.4572957552435,0.00012837453309274185,495.45729167267024,0.06360409883527242,-6.469667096693615e-17
5.0431499168803775,494.95734530484475,0.0001426468356194204,494.95734026911913,0.07060409883488146,-0.0
5.5431499168803775,494.4573949548597,0.0001569479998576768,494.45738886495565,0.07760409883440313,-2.6300081126943816e-16
6.0431499168803775,493.9574447055926,0.0001712781134373108,493.95743746017735,0.08460409883382831,-2.651367959249919e-16
6.5431499168803775,493.4574945573489,0.00018563726434320629,493.4574860547817,0.09160409883314775,-2.6729232275017686e-16
7.0431499168803775,492.95754451043547,0.00020002554091713134,492.95753464876634,0.09860409883235213,-2.0210069298085356e-16
7.5431499168803775,492.4575945651602,0.0002144430318595495,492.4575832421286,0.10560409883143203,-6.791570018082186e-17
8.043149916880378,491.95764472183237,0.0002288898262314421,491.957631834866,0.1126040988303779,-2.7387815637858986e-16
8.543149916880378,491.4576949807624,0.00024336601345614146,491.457680426976,0.11960409882918016,6.902846581830317e-17
9.043149916880378,490.95774534226217,0.0002578716833211757,490.95772901845606,0.1266040988278291,-6.959253234638562e-17
9.543149916880378,490.4577958066446,0.0002724069259801243,490.45777760930355,0.13360409882631494,-7.016179125864364e-17
10.043149916880378,489.957846374224,0.00028697183195448546,489.957826199516,0.14060409882462777,-0.0
10.543149916880378,489.457897045316,0.0003015664921355549,489.4578747890906,0.14760409882275757,-4.992126966658236e-16
11.043149916880378,488.95794782023734,0.00031619099778631564,488.957923378025,0.15460409882069426,-5.033087991885943e-16
11.543149916880378,488.4579986993063,0.00033084544054334016,488.4579719663164,0.16160409881842766,-5.799345858413614e-16
12.043149916880378,487.95804968284233,0.0003455299124187036,487.9580205539623,0.16860409881594746,-5.116149762408892e-16
12.543149916880378,487.45810077116613,0.0003602445058019091,487.4580691409599,0.17560409881324326,-3.684470241381052e-16
13.043149916880378,486.95815196459984,0.0003749893134618249,486.9581177273066,0.1826040988103046,-2.2288960004876697e-16
13.543149916880378,486.4582032634668,0.00038976442854863334,486.45816631299977,0.1896040988071208,-4.494557810562176e-16
14.043149916880378,485.95825466809185,0.00040456994459579185,485.9582148980366,0.19660409880368124,-3.0211101395404633e-16
14.543149916880378,485.45830617880097,0.00041940595552200627,485.4582634824145,0.2036040987999751,-6.853676591710604e-16
15.043149916880378,484.9583577959216,0.00043427255563321606,484.95831206613076,0.21060409879599137,-4.60691893682361e-16
15.543149916880378,484.4584095197825,0.00044916983962459215,484.45836064918257,0.21760409879171913,-5.419251189121373e-16
16.043149916880378,483.9584613507138,0.0004640979025825468,483.95840923156726,0.22460409878714724,-6.244775884588212e-16
16.543149916880378,483.4585132890469,0.0004790568399867562,483.458457813282,0.23160409878226437,-6.296601370729554e-16
17.043149916880378,482.9585653351147,0.0004940467477121956,482.958506394324,0.23860409877705926,-5.55529744958589e-16
17.543149916880378,482.4586174892515,0.0005090677220311868,482.4585549746906,0.24560409877152048,-6.401710924375211e-16
18.043149916880378,481.95866975179274,0.0005241198596154588,481.95860355437884,0.25260409876563633,-5.64812948683744e-16
18.543149916880378,481.4587221230755,0.000539203257538221,481.45865213338595,0.25960409875939516,-6.508799136534369e-16
19.043149916880378,480.9587746034382,0.0005543180132762498,480.9587007117091,0.26660409875278523,-5.74271089434571e-16
19.543149916880378,480.4588271932206,0.0005694642247119872,480.4587492893455,0.27360409874579456,-5.790669051520536e-16
20.043149916880378,479.95887989276395,0.0005846419901356534,479.95879786629223,0.28060409873841113,-5.839078384120176e-16
20.543149916880378,479.45893270241083,0.0005998514082473726,479.4588464425465,0.2876040987306228,-6.729078416021626e-16
21.043149916880378,478.9589856225054,0.0006150925781593119,478.95889501810524,0.2946040987224174,-5.937269517513032e-16
21.543149916880378,478.45903865339307,0.000630365599397833,478.4589435929657,0.3016040987137824,-8.552944180008231e-16
22.043149916880378,477.95909179542076,0.0006456705719056587,477.95899216712485,0.30860409870470534,-7.762272077187936e-16
22.543149916880378,477.45914504893693,0.0006610075960440517,477.4590407405799,0.31560409869517353,-1.0436674051389876e-15
23.043149916880378,476.9591984142914,0.0006763767725950084,476.9590893133277,0.32260409868517437,-1.1401515053985476e-15
23.543149916880378,476.45925189183544,0.0006917782027634649,476.4591378853654,0.32960409867469487,-8.84425743703456e-16
24.043149916880378,475.9593054819219,0.0007072119881795185,475.95918645669,0.336604098663722,-8.918819411921095e-16
24.543149916880378,475.459359184905,0.0007226782309006623,475.4592350272985,0.3436040986522428,-9.893498467265548e-16
25.043149916880378,474.9594130011405,0.0007381770334140341,474.9592835971879,0.3506040986402437,-9.977082752979988e-16
25.543149916880378,474.4594669309856,0.0007537084986386796,474.45933216635507,0.35760409862771164,-1.097614094814266e-15
26.043149916880378,473.95952097479915,0.0007692727299278294,473.95938073479704,0.36460409861463294,-1.1991491008819172e-15
26.543149916880378,473.4595751329414,0.0007848698310711918,473.45942930251084,0.371604098600994,-1.1162882597457298e-15
27.043149916880378,472.959629405774,0.0008004999062972582,472.95947786949324,0.37860409858678107,-1.125759227376783e-15
27.543149916880378,472.4596837936605,0.0008161630602756252,472.45952643574117,0.38560409857198014,-9.461005971806626e-16
28.043149916880378,471.9597382969655,0.0008318593981193291,471.9595750012515,0.3926040985565773,-6.679013191463941e-16
28.543149916880378,471.45979291605556,0.0008475890253871977,471.4596235660212,0.3996040985405583,-1.0584925277594797e-15
29.043149916880378,470.95984765129856,0.0008633520480862155,470.95967213004707,0.4066040985239087,-9.704649962351936e-16
29.543149916880378,470.45990250306403,0.0008791485726739043,470.4597206933259,0.41360409850661434,-7.829942063873153e-16
30.043149916880378,469.95995747172304,0.0008949787060607192,469.95976925585455,0.4206040984886603,-8.883900539571454e-16
30.543149916880378,469.4600125576482,0.0009108425556124596,469.4598178176298,0.42760409847003206,-7.964302019210428e-16
31.043149916880378,468.9600677612138,0.0009267402291526964,468.9598663786485,0.43460409845071457,-8.032453564815042e-16
31.543149916880378,468.46012308279563,0.0009426718349652134,468.45991493890733,0.441604098430693,-9.113919839670309e-16
32.04314991688038,467.9601785227712,0.0009586374817964656,467.9599634984031,0.44860409840995213,-8.170734609310288e-16
32.54314991688038,467.46023408151945,0.0009746372788580523,467.46001205713253,0.45560409838847654,-7.210768496975625e-16
33.04314991688038,466.96028975942113,0.0009906713358292074,466.96006061509235,0.46260409836625094,-9.35066285039733e-16
33.54314991688038,466.4603455568585,0.0010067397628593037,466.46010917227926,0.46960409834325945,-7.335306995812592e-16
34.04314991688038,465.9604014742155,0.0010228426705703756,465.96015772868986,0.4766040983194866,-8.455408718266632e-16
34.54314991688038,465.4604575118777,0.0010389801700596561,465.4602062843209,0.48360409829491635,-7.462271208850617e-16
35.04314991688038,464.9605136702323,0.0010551523729021312,464.960254839169,0.49060409826953244,-8.601919260409417e-16
35.54314991688038,464.4605699496682,0.001071359391153111,464.4603033932308,0.497604098243319,-8.676244291534958e-16
36.04314991688038,463.960626350576,0.0010876013373508167,463.9603519465029,0.5046040982162594,-6.563469591262552e-16
36.54314991688038,463.46068287334793,0.0011038783245189841,463.4604004989819,0.5116040981883373,-8.827072585084118e-16
37.04314991688038,462.960739518378,0.0011201904661694857,462.96044905066435,0.518604098159536,-7.790642658220157e-16
37.54314991688038,462.46079628606174,0.0011365378763049671,462.4604976015468,0.5256040981298383,-7.296947030411456e-16
38.04314991688038,461.96085317679655,0.0011529206694215037,461.9605461516259,0.5326040980992276,-7.926519585102835e-16
38.54314991688038,461.4609101909815,0.0011693389605112717,461.460594700898,0.5396040980676866,-6.853248563588557e-16
39.04314991688038,460.96096732901736,0.001185792865065238,460.96064324935963,0.5466040980351978,-5.184687304211186e-16
39.54314991688038,460.4610245913067,0.001202282499075868,460.46069179700737,0.5536040980017438,-7.554266937209804e-16
40.04314991688038,459.96108197825373,0.0012188079790398495,459.9607403438376,0.560604097967307,-5.275510630530393e-16
40.54314991688038,459.4611394902645,0.0012353694219608363,459.4607888898467,0.5676040979318694,-5.912880790635212e-16
41.04314991688038,458.9611971277468,0.001251966945352208,458.96083743503124,0.5746040978954131,-5.964586954117252e-16
41.54314991688038,458.4612548911103,0.0012686006672398486,458.4608859793875,0.5816040978579199,-5.415122236211856e-16
42.04314991688038,457.9613127807662,0.0012852707061649438,457.9609345229119,0.5886040978193713,-4.2486730752837713e-16
42.54314991688038,457.46137079712776,0.0013019771811867958,457.46098306560083,0.595604097779749,-5.510505639506681e-16
43.04314991688038,456.9614289406099,0.0013187202118856566,456.9610316074506,0.602604097739034,-3.705936864183638e-16
43.54314991688038,456.4614872116294,0.0013354999183655808,456.46108014845754,0.6096040976972076,-5.607783846987422e-16
44.04314991688038,455.96154561060484,0.001352316421257296,455.961128688618,0.6166040976542506,-5.657146563173618e-16
44.54314991688038,455.46160413795667,0.0013691698417210934,455.46117722792815,0.6236040976101439,-3.8046658535141364e-16
45.04314991688038,454.9616627941071,0.0013860603014497358,454.96122576638436,0.6306040975648678,-5.117640798639621e-16
45.54314991688038,454.4617215794803,0.0014029879226713862,454.4612743039828,0.6376040975184029,-3.872128922379089e-16
46.04314991688038,453.96178049450225,0.0014199528281525554,453.96132284071973,0.6446040974707292,-3.9063645118996135e-16
46.54314991688038,453.46183953960076,0.0014369551412010686,453.4613713765913,0.6516040974218268,-2.6272940670921155e-16
47.04314991688038,452.9618987152056,0.001453994985669052,452.9614199115937,0.6586040973716754,-3.9758624671984117e-16
47.54314991688038,452.4619580217485,0.0014710724859559395,452.46146844572314,0.6656040973202546,-0.0
48.04314991688038,451.9620174596629,0.0014881877670114988,451.9615169789757,0.672604097267544,-6.744591465627086e-17
48.54314991688038,451.4620770293843,0.0015053409543388774,451.4615655113476,0.6796040972135227,-2.0413668576158028e-16
49.04314991688038,450.9621367313501,0.0015225321739976705,450.96161404283475,0.6866040971581695,-4.119072910640158e-16
49.54314991688038,450.4621965659996,0.0015397615526070065,450.4616625734334,0.6936040971014634,-4.1557764810043233e-16
50.04314991688038,449.96225653377405,0.0015570292173486561,449.9617111031394,0.7006040970433831,-4.192848491002442e-16
50.54314991688038,449.46231663511674,0.0015743352959701597,449.461759631949,0.7076040969839069,-4.2302930552492064e-16
51.04314991688038,448.96237687047284,0.0015916799167879768,448.961808159858,0.714604096923013,-4.979466728793327e-16
51.54314991688038,448.46243724028955,0.0016090632086906574,448.4618566868626,0.7216040968606794,-3.588597132216026e-16
52.04314991688038,447.96249774501604,0.0016264853011420323,447.9619052129585,0.7286040967968838,-4.344903982812939e-16
52.54314991688038,447.4625583851035,0.0016439463241844266,447.46195373814186,0.7356040967316037,-5.114527754683246e-16
53.04314991688038,446.9626191610051,0.001661446408441894,446.96200226240853,0.7426040966648166,-3.6860431521014587e-16
53.54314991688038,446.46268007317605,0.0016789856851234738,446.46205078575434,0.7496040965964998,-2.9753473075144337e-16
54.04314991688038,445.9627411220736,0.001696564286026468,445.96209930817525,0.7566040965266297,-4.503192952322582e-16
54.54314991688038,445.4628023081571,0.001714182343539742,445.462147829667,0.7636040964551837,-6.058363059653644e-16
55.04314991688038,444.9628636318879,0.0017318399906470472,444.96219635022555,0.7706040963821377,-4.584763583921234e-16
55.54314991688038,444.4629250937294,0.0017495373609303657,444.4622448698466,0.7776040963074681,-4.626171472356679e-16
56.04314991688038,443.96298669414705,0.0017672745885732775,443.9622933885259,0.7846040962311508,-2.3340003352034405e-16
56.54314991688038,443.46304843360855,0.0017850518083643509,443.46234190625927,0.7916040961531619,-3.9252132892396007e-16
57.04314991688038,442.96311031258364,0.0018028691557005563,442.96239042304245,0.7986040960734767,-3.960785109056154e-16
57.54314991688038,442.46317233154406,0.0018207267665907014,442.46243893887106,0.8056040959920706,-1.5986880368259624e-16
58.04314991688038,441.9632344909638,0.0018386247776588918,441.9624874537408,0.8126040959089187,-6.452835780979353e-16
58.54314991688038,441.46329679131907,0.0018565633261480132,441.4625359676474,0.8196040958239958,-5.697574538098825e-16
59.04314991688038,440.963359233088,0.001874542549923239,440.96258448058643,0.8266040957372768,-4.928094632882405e-16
59.54314991688038,440.463421816751,0.0018925625874755608,440.46263299255344,0.8336040956487354,-5.801844903620926e-16
60.04314991688038,439.96348454279075,0.0019106235779253427,439.9626815035441,0.8406040955583464,-6.691181832671333e-16
60.54314991688038,439.46354741169205,0.001928725661025901,439.462730013554,0.8476040954660832,-5.908267484250236e-16
61.04314991688038,438.9636104239418,0.0019468689771671068,438.9627785225785,0.8546040953719196,-5.962301268917922e-16
61.54314991688038,438.4636735800293,0.0019650536673790154,438.46282703061325,0.8616040952758293,-6.016891759281994e-16
62.04314991688038,437.963736880446,0.0019832798733355173,437.96287553765376,0.8686040951777847,-6.072045336495232e-16
62.54314991688038,437.46380032568555,0.002001547737358018,437.46292404369535,0.8756040950777595,-6.127768462266041e-16
63.04314991688038,436.9638639162439,0.0020198574024191404,436.9629725487335,0.8826040949757255,-3.5337529599823765e-16
63.54314991688038,436.4639276526192,0.0020382090121464536,436.4630210527636,0.8896040948716555,-7.132513846597652e-16
64.04314991688038,435.963991535312,0.0020566027108262267,435.9630695557811,0.8966040947655215,-4.498872128416831e-16
64.54314991688038,435.46405556482506,0.00207503864340721,435.4631180577813,0.9036040946572952,-6.356488567206364e-16
65.04314991688038,434.9641197416634,0.00209351695550444,434.96316655875944,0.9106040945469482,-4.582256613946148e-16
65.54314991688038,434.4641840663345,0.002112037793403073,434.4632150587109,0.9176040944344518,-3.699680014683403e-16
66.04314991688038,433.96424853934803,0.0021306013040622435,433.96326355763085,0.9246040943197769,-4.66738423097639e-16
66.54314991688038,433.4643131612161,0.00214920763511895,433.4633120555147,0.9316040942028945,-6.594860100105748e-16
67.04314991688038,432.9643779324532,0.0021678569348919665,432.9633605523575,0.9386040940837745,-5.70515468113157e-16
67.54314991688038,432.4644428535761,0.0021865493523857845,432.4634090481546,0.9456040939623874,-7.677492957936648e-16
68.04314991688038,431.964507925104,0.002205285037294578,431.963457542901,0.9526040938387034,-4.843032254032806e-16
68.54314991688038,431.46457314755844,0.002224064140006199,431.46350603659187,0.9596040937126912,-4.888098404975827e-16
69.04314991688038,430.96463852146354,0.0022428868116061997,430.96355452922234,0.9666040935843206,-7.893819186839008e-16
69.54314991688038,430.46470404734566,0.002261753203881883,430.46360302078745,0.9736040934535607,-5.975584229355408e-16
70.04314991688038,429.96476972573373,0.0022806634693263816,429.96365151128225,0.9806040933203799,-7.036615017394432e-16
70.54314991688038,429.46483555715906,0.0022996177611427637,429.4637000007018,0.9876040931847465,-6.08777138703348e-16
71.04314991688038,428.9649015421555,0.002318616233248171,428.96374848904105,0.994604093046629,-6.14475235901794e-16
71.54314991688038,428.4649676812593,0.0023376590402779816,428.4637969762949,1.0016040929059948,-7.23605653816881e-16
72.04314991688038,427.9650339750093,0.0023567463375900053,427.9638454624584,1.008604092762812,-9.390785828257547e-16
72.54314991688038,427.4651004239468,0.002375878281268706,427.4638939475263,1.0156040926170469,-6.319328628694256e-16
73.04314991688038,426.96516702861567,0.0023950550281294555,426.96394243149354,1.022604092468667,-6.378755637382659e-16
73.54314991688038,426.4652337895622,0.0024142767357228164,426.46399091435495,1.0296040923176382,-5.365676864564724e-16
74.04314991688038,425.9653007073354,0.0024335435623388546,425.96403939610536,1.0366040921639272,-7.582756824856889e-16
74.54314991688038,425.46536778248685,0.002452855667011484,425.46408787673954,1.0436040920074998,-8.747791989087538e-16
75.04314991688038,424.96543501557056,0.002472213209522839,424.9641363562522,1.0506040918483215,-6.622834278228518e-16
75.54314991688038,424.4655024071433,0.002491616350407682,424.46418483463805,1.0576040916863574,-6.685484423140686e-16
76.04314991688038,423.96556995776433,0.002511065250957836,423.96423331189186,1.0646040915215726,-5.061601680805555e-16
76.54314991688038,423.4656376679957,0.002530560073226656,423.4642817880082,1.0716040913539315,-5.677329707064845e-16
77.04314991688038,422.96570553840195,0.002550100980033526,422.96433026298166,1.0786040911833983,-6.304349943081973e-16
77.54314991688038,422.4657735695504,0.002569688134968392,422.46437873680685,1.0856040910099367,-8.678551769829897e-16
78.04314991688038,421.965841762011,0.002589321702396323,421.9644272094784,1.0926040908335108,-6.42483428726517e-16
78.54314991688038,421.46591011635644,0.0026090018474621084,421.4644756809908,1.0996040906540834,-4.717124767453202e-16
79.04314991688038,420.9659786331621,0.002628728736094887,420.9645241513385,1.1066040904716172,-4.762120615358904e-16
79.54314991688038,420.466047313006,0.002648502535012809,420.4645726205159,1.1136040902860749,-5.408550004831996e-16
80.04314991688038,419.96611615646907,0.002668323411727728,419.96462108851756,1.1206040900974183,-4.85356871551609e-16
80.54314991688038,419.4661851641349,0.0026881915345499338,419.4646695553378,1.1276040899056095,-5.512536682205896e-16
81.04314991688038,418.9662543365899,0.002708107072592911,418.96471802097096,1.134604089710609,-4.946997611570051e-16
81.54314991688038,418.4663236744232,0.0027280701957781376,418.4647664854115,1.1416040895123793,-2.4972348719770654e-16
82.04314991688038,417.9663931782269,0.0027480810748399154,417.9648149486535,1.1486040893108798,-5.042455095966665e-16
82.54314991688038,417.4664628485957,0.0027681398813302355,417.46486341069135,1.155604089106071,-3.1818499003934253e-16
83.04314991688038,416.9665326861274,0.0027882467876236784,416.96491187151923,1.162604088897913,-3.212493895463805e-16
83.54314991688038,416.4666026914224,0.0028084019669223506,416.46496033113135,1.169604088686365,-0.0
84.04314991688038,415.9666728650842,0.0028286055932608555,415.96500878952185,1.1766040884713862,-2.6198266972607814e-16
84.54314991688038,415.4667432077191,0.002848857841511301,415.4650572466848,1.183604088252935,-6.612873866773523e-17
85.04314991688038,414.96681371993634,0.0028691588873883426,414.9651057026144,1.1906040880309703,-2.0030611127577663e-16
85.54314991688038,414.46688440234806,0.0028895089074542643,414.46515415730454,1.1976040878054492,-2.6966258490704783e-16
86.04314991688038,413.96695525556936,0.002909908079124094,413.9652026107494,1.20460408757633,-2.722786028377879e-16
86.54314991688038,413.46702628021836,0.0029303565806707583,413.4652510629428,1.211604087343569,-2.06192408923875e-16
87.04314991688038,412.9670974769161,0.0029508545912302737,412.9652995138788,1.2186040871071233,-3.469959496877546e-16
87.54314991688038,412.4671688462866,0.0029714022908069754,412.4653479635512,1.2256040868669489,-7.007489967751888e-17
88.04314991688038,411.967240388957,0.002991999860278785,411.9653964119539,1.232604086623002,-2.1227406436467214e-16
88.54314991688038,411.4673121055574,0.003012647481402514,411.4654448590808,1.2396040863752373,-0.0
89.04314991688038,410.967383996721,0.0030333453368192108,410.96549330492553,1.2466040861236103,-2.1644059251809197e-16
89.54314991688038,410.4674560630841,0.0030540936100595423,410.46554174948204,1.2536040858680753,-0.0
90.04314991688038,409.967528305286,0.003074892485549217,409.9655901927439,1.2606040856085865,-1.4713291291893398e-16
90.54314991688038,409.46760072396916,0.0030957421486144457,409.4656386347048,1.2676040853450972,1.4857603978613257e-16
91.04314991688038,408.9676733197792,0.003116642785487447,408.96568707535835,1.2746040850775606,2.2505267015062874e-16
91.54314991688038,408.4677460933649,0.0031375945833119873,408.4657355146983,1.2816040848059298,7.575516495881194e-17
92.04314991688038,407.9678190453782,0.003158597730148965,407.965783952718,1.288604084530157,3.0600377589683304e-16
92.54314991688038,407.46789217647415,0.003179652414982036,407.46583238941105,1.2956040842501937,2.3176498339635926e-16
93.04314991688038,406.9679654873111,0.003200758827723278,406.965880824771,1.3026040839659911,2.340522555058089e-16
93.54314991688038,406.4680389785507,0.0032219171592189006,406.46592925879116,1.3096040836775005,7.878831954031867e-17
94.04314991688038,405.9681126508577,0.0032431276012549926,405.965977691465,1.3166040833846722,-7.956780244512714e-17
94.54314991688038,405.46818650490013,0.0032643903465633165,405.4660261227859,1.3236040830874558,8.035597350968138e-17
95.04314991688038,404.9682605413495,0.003285705588827143,404.96607455274716,1.3306040827858012,1.6230588095471644e-16
95.54314991688038,404.46833476088034,0.0033070735226871303,404.46612298134204,1.3376040824796567,8.195881256319879e-17
96.04314991688038,403.96840916417074,0.003328494343747245,403.9661714085637,1.3446040821689713,2.483211014275959e-16
96.54314991688038,403.4684837519021,0.0033499682485807294,403.46621983440554,1.3516040818536925,2.5079314931985863e-16
97.04314991688038,402.96855852475915,0.003371495434736112,402.96626825886045,1.358604081533768,2.5329292265599e-16
97.54314991688038,402.46863348343,0.0033930761007432636,402.4663166819217,1.3656040812091448,5.116415348210772e-16
98.04314991688038,401.9687086286061,0.003414710446119496,401.9663651035823,1.3726040808797686,1.7225135620882969e-16
98.54314991688038,401.4687839609826,0.0034363986713757105,401.46641352383523,1.379604080545586,4.349367982007106e-16
99.04314991688038,400.9688594812578,0.0034581409780225876,400.9664619426735,1.3866040802065418,8.785875389584528e-17
99.54314991688038,400.4689351901338,0.003479937568576828,400.4665103600901,1.3936040798625813,3.549599307238535e-16
100.04314991688038,399.9690110883158,0.0035017886465674363,399.9665587760779,1.4006040795136485,4.48155847437689e-16
100.54314991688038,399.4690871765129,0.0035236944165420534,399.46660719062965,1.407604079159687,4.526621975779953e-16
101.04314991688038,398.9691634554375,0.003545655084073337,398.9666556037382,1.4146040788006402,3.6577567879588467e-16
101.54314991688038,398.4692399258057,0.0035676708557653893,398.4667040153964,1.4216040784364505,2.770972161944913e-16
102.04314991688038,397.9693165883371,0.0035897419392602343,397.9667524255967,1.4286040780670601,1.865960541873911e-16
102.54314991688038,397.469393443755,0.0036118685432443417,397.4668008343321,1.4356040776924102,1.8848183415971093e-16
103.04314991688038,396.96947049278623,0.0036340508774552033,396.96684924159496,1.4426040773124422,3.807781713023049e-16
103.54314991688038,396.46954773616136,0.0036562891526879552,396.466897647378,1.4496040769270961,3.846361613430453e-16
104.04314991688038,395.96962517461463,0.0036785835808020536,395.96694605167363,1.4566040765363117,3.885381900522941e-16
104.54314991688038,395.46970280888394,0.003700934374728,395.4669944544744,1.4636040761400284,4.906060209343025e-16
105.04314991688038,394.96978063971096,0.0037233417484741167,394.9670428557728,1.4706040757381844,5.947149128553473e-16
105.54314991688038,394.46985866784104,0.003745805917133375,394.46709125556094,1.4776040753307176,5.006426757578994e-16
106.04314991688038,393.9699368940234,0.0037683270968902737,393.96713965383145,1.4846040749175657,3.0344849700511305e-16
106.54314991688038,393.470015319011,0.003790905505027773,393.46718805057645,1.4916040744986652,5.10910957639816e-16
107.04314991688038,392.97009394356064,0.0038135413599342774,392.9672364457882,1.4986040740739526,3.096802879321367e-16
107.54314991688038,392.4701727684329,0.0038362348811106757,392.46728483945896,1.5056040736433627,5.214168218711164e-16
108.04314991688038,391.97025179439237,0.0038589862891774316,391.96733323158077,1.5126040732068309,8.428172070864695e-16
108.54314991688038,391.4703310222074,0.003881795805881731,391.46738162214575,1.519604072764291,5.321663926107695e-16
109.04314991688038,390.97041045265036,0.0039046636541046837,390.9674300111459,1.526604072315677,6.451614350172034e-16
109.54314991688038,390.4704900864975,0.003927590057868578,390.4674783985733,1.5336040718609216,5.43165968122959e-16
110.04314991688038,389.970569924529,0.0039505752423441955,389.96752678441976,1.5406040713999574,4.3900921984941696e-16
110.54314991688038,389.47064996752914,0.003973619433858178,389.46757516867723,1.547604070932715,5.544220261908135e-16
111.04314991688038,388.97073021628614,0.003996722859900453,388.96762355133745,1.5546040704591264,4.481186487607837e-16
111.54314991688038,388.47081067159235,0.004019885749131718,388.4676719323923,1.5616040699791212,3.39564737827787e-16
112.04314991688038,387.97089133424413,0.004043108331390979,387.9677203118335,1.5686040694926289,4.002611516488879e-16
112.54314991688038,387.4709722050419,0.0040663908377031495,387.46776868965253,1.575604068999578,3.466382594938142e-16
113.04314991688038,386.97105328479034,0.004089733500286711,386.9678170658413,1.5826040684998979,2.9186423953942277e-16
113.54314991688038,386.4711345742981,0.004113136552561427,386.4678654403911,1.5896040679935148,2.359186740821175e-16
114.04314991688038,385.9712160743782,0.004136600229156121,385.96791381329365,1.5966040674803559,4.171551747878276e-16
114.54314991688038,385.47129778584775,0.004160124765916515,385.4679621845402,1.6036040669603473,3.612883449686314e-16
115.04314991688038,384.9713797095281,0.004183710399913129,384.9680105541224,1.610604066433414,3.6505887455951956e-16
115.54314991688038,384.47146184624484,0.004207357369449236,384.4680589220313,1.6176040658994806,5.533106084451808e-16
116.04314991688038,383.97154419682795,0.004231065914068893,383.96810728825824,1.6246040653584706,4.3485577124609514e-16
116.54314991688038,383.4716267621116,0.004254836274565017,383.4681556527946,1.6316040648103072,1.2554626689704412e-16
117.04314991688038,382.97170954293443,0.004278668692987542,382.9682040156315,1.638604064254913,3.171584860695203e-16
117.54314991688038,382.47179254013935,0.004302563412651623,382.46825237675995,1.6456040636922087,1.9229413574563205e-16
118.04314991688038,381.97187575457366,0.004326520678145919,381.96830073617105,1.6526040631221153,3.238613996485609e-16
118.54314991688038,381.4719591870892,0.004350540735340934,381.46834909385586,1.6596040625445527,3.2727252558890693e-16
119.04314991688038,380.9720428385422,0.004374623831397421,380.9683974498052,1.6666040619594404,-1.3228965235939424e-16
119.54314991688038,380.4721267097934,0.004398770214774857,380.46844580400995,1.6736040613666956,6.684335001284961e-17
120.04314991688038,379.97221080170794,0.0044229801352399884,379.96849415646096,1.6806040607662367,6.755018506935697e-17
120.54314991688038,379.47229511515576,0.004447253843875431,379.4685425071491,1.68760406015798,2.0479632414229685e-16
121.04314991688038,378.9723796510111,0.004471591593088353,378.96859085606485,1.694604059541842,1.3797846116635457e-16
121.54314991688038,378.472464410153,0.004495993636619215,378.46863920319896,1.7016040589177364,-0.0
122.04314991688038,377.97254939346504,0.004520460229550588,377.968687548542,1.708604058285578,-2.1138858714598006e-16
122.54314991688038,377.4726346018355,0.0045449916283160354,377.4687358920845,1.71560405764528,7.121293650563345e-17
123.04314991688038,376.9727200361574,0.004569588090709069,376.9687842338168,1.7226040569967551,-0.0
123.54314991688038,376.4728056973284,0.004594249875892174,376.4688325737294,1.7296040563399147,1.4548038560131731e-16
124.04314991688038,375.97289158625097,0.004618977244405908,375.9688809118125,1.736604055674669,-7.351761683922406e-17
124.54314991688038,375.4729777038324,0.004643770458178072,375.4689292480564,1.7436040550009282,-2.2291320705838504e-16
125.04314991688038,374.9730640509847,0.004668629780532955,374.9689775824513,1.7506040543186008,-2.2530202431670763e-16
125.54314991688038,374.4731506286249,0.004693555476200651,374.46902591498736,1.7576040536275945,-2.2771968413885985e-16
126.04314991688038,373.9732374376748,0.004718547811326453,373.96907424565455,1.764604052927817,-2.3016657401422623e-16
126.54314991688038,373.47332447906115,0.00474360705348032,373.4691225744429,1.7716040522191736,-1.5509539144430513e-16
127.04314991688038,372.97341175371565,0.0047687334716664245,372.96917090134235,1.7786040515015704,-7.838320754872389e-17
127.54314991688038,372.473499262575,0.004793927336332768,372.46921922634266,1.7856040507749105,-1.5845772361685096e-16
128.0431499168804,371.9735870065809,0.004819188919380886,371.9692675494337,1.7926040500390976,-3.2033918199060115e-16
128.5431499168804,371.4736749866801,0.00484451849417562,371.46931587060516,1.7996040492940337,-3.238045906044183e-16
129.0431499168804,370.9737632038246,0.004869916335554976,370.9693641898467,1.8066040485396202,-1.6365611874987407e-16
129.5431499168804,370.4738516589712,0.004895382719840064,370.4694125071479,1.8136040477757567,-4.9629404328271675e-16
130.0431499168804,369.9739403530822,0.004920917924845105,369.9694608224982,1.8206040470023432,-1.6722827303684262e-16
130.5431499168804,369.47402928712484,0.00494652222988754,369.46950913588717,1.8276040462192777,-8.452359481399252e-17
131.0431499168804,368.9741184620717,0.004972195915798198,368.9695574473041,1.8346040454264574,-8.54441985022297e-17
131.5431499168804,368.47420787890064,0.004997939264931569,368.46960575673825,1.8416040446237782,-8.637609956427323e-17
132.0431499168804,367.9742975385947,0.005023752561176141,367.9696540641788,1.8486040438111353,-2.6195835679243616e-16
132.5431499168804,367.4743874421424,0.00504963608996484,367.469702369615,1.8556040429884226,-8.827441318621044e-17
133.0431499168804,366.97447759053756,0.005075590138285536,366.96975067303583,1.8626040421555328,-1.7848228254660122e-16
133.5431499168804,366.4745679847794,0.005101614994691653,366.4697989744304,1.8696040413123585,-1.8043959573104436e-16
134.0431499168804,365.9746586258727,0.00512771094931285,365.96984727378754,1.8766040404587894,-2.7363164021926307e-16
134.5431499168804,365.47474951482747,0.0051538782938658064,365.4698955710961,1.8836040395947162,-2.7664066244956085e-16
135.0431499168804,364.97484065265945,0.005180117321665077,364.96994386634486,1.890604038720027,-9.3228988867578e-17
135.5431499168804,364.4749320403899,0.0052064283276340535,364.4699921595225,1.8976040378346084,-1.885140444484898e-16
136.0431499168804,363.97502367904565,0.005232811608316006,363.9700404506178,1.9046040369383481,-9.52978281531363e-17
136.5431499168804,363.4751155696591,0.005259267461885217,363.470088739619,1.91160403603113,-9.635158323266668e-17
137.0431499168804,362.9752077132685,0.0052857961881582136,362.97013702651475,1.9186040351128382,9.741846673032688e-17
137.5431499168804,362.4753001109176,0.005312398088605082,362.47018531129333,1.925604034183356,9.849866064742122e-17
138.0431499168804,361.97539276365603,0.005339073466360885,361.9702335939431,1.932604033242564,-9.959234976461071e-17
138.5431499168804,361.4754856725392,0.0053658226262371725,361.4702818744523,1.9396040322903434,-0.0
139.0431499168804,360.9755788386283,0.0053926458747335804,360.970330152809,1.9466040313265724,-0.0
139.5431499168804,360.4756722629904,0.005419543520049536,360.47037842900136,1.9536040303511295,1.0295627879331116e-16
140.0431499168804,359.9757659466985,0.005446515872096056,359.97042670301727,1.9606040293638916,2.0821170749042118e-16
140.5431499168804,359.4758598908316,0.005473563242507639,359.4704749748446,1.9676040283647331,2.105397822868471e-16
141.0431499168804,358.97595409647454,0.005500685944654266,358.9705232444711,1.9746040273535281,1.0644859344840883e-16
141.5431499168804,358.4760485647184,0.005527884293653498,358.4705715118846,1.9816040263301504,3.2292649872827205e-16
142.0431499168804,357.97614329666015,0.005555158606382666,357.97061977707267,1.9886040252944701,4.354032731351617e-16
142.5431499168804,357.47623829340296,0.005582509201491179,357.4706680400229,1.995604024246358,3.3022428467135255e-16
143.0431499168804,356.9763335560562,0.005609936399412924,356.97071630072264,2.0026040231856825,3.339426339935233e-16
143.5431499168804,356.4764290857354,0.0056374405223787736,356.47076455915936,2.009604022112312,3.377081586382863e-16
144.0431499168804,355.9765248835623,0.0056650218944291975,355.97081281532036,2.0166040210261107,2.846012705090092e-16
144.5431499168804,355.47662095066505,0.005692680841426986,355.4708610691928,2.0236040199269447,4.0294730965279506e-16
145.0431499168804,354.976717288178,0.005720417691070071,354.97090932076367,2.0306040188146772,2.910787471029844e-16
145.5431499168804,354.4768138972419,0.005748232772904468,354.47095757002006,2.0376040176891697,5.298832304536204e-16
146.0431499168804,353.9769107790041,0.005776126418337312,353.97100581694895,2.0446040165502826,2.381780587430558e-16
146.5431499168804,353.47700793461814,0.005804098960650022,353.47105406153713,2.0516040153978747,6.022166992425243e-17
147.0431499168804,352.9771053652443,0.0058321507350115615,352.97110230377126,2.058604014231804,3.045375100981616e-16
147.5431499168804,352.47720307204935,0.005860282078491822,352.4711505436381,2.0656040130519258,3.08010673458905e-16
148.0431499168804,351.9773010562066,0.0058884933300751155,351.9711987811241,2.0726040118580955,3.115284680193543e-16
148.5431499168804,351.4773993188961,0.005916784830673783,351.4712470162156,2.0796040106501654,3.781098383742932e-16
149.0431499168804,350.97749786130464,0.005945156923141921,350.97129524889914,2.0866040094279876,2.549604108709472e-16
149.5431499168804,350.4775966846256,0.005973609952289222,350.4713434791609,2.093604008191411,4.512984998589563e-16
150.0431499168804,349.97769579005933,0.006002144264894939,349.97139170698705,2.100604006940285,2.608470992611436e-16
150.5431499168804,349.477795178813,0.006030760209721965,349.4714399323636,2.1076040056744563,4.617334418154078e-16
151.0431499168804,348.9778948521005,0.006059458137531032,348.9714881552766,2.11460400439377,1.3344357728624453e-16
151.5431499168804,348.47799481114293,0.006088238401095038,348.47153637571176,2.1216040030980694,2.0247456060661242e-16
152.0431499168804,347.9780950571682,0.006117101355213496,347.971584593655,2.1286040017871963,2.0481377220101053e-16
152.5431499168804,347.47819559141135,0.006146047356727103,347.47163280909183,2.135604000460992,4.1436686980864975e-16
153.0431499168804,346.9782964151144,0.006175076764532437,346.97168102200783,2.142603999119294,4.191679796541144e-16
153.5431499168804,346.47839752952666,0.006204189939596788,346.47172923238844,2.149603997761939,3.533598085314864e-16
154.0431499168804,345.9784989359046,0.006233387244973106,345.9717774402191,2.156603996388763,3.5746596015235893e-16
154.5431499168804,345.4786006355119,0.006262669045815086,345.47182564548496,2.1636039949995998,4.339510506863179e-16
155.0431499168804,344.97870262961953,0.006292035709392385,344.9718738481711,2.17060399359428,3.658403381450113e-16
155.5431499168804,344.4788049195059,0.0063214876051059625,344.4719220482625,2.1776039921726347,5.921762300800592e-16
156.0431499168804,343.9789075064567,0.00635102510450357,343.9719702457443,2.184603990734492,6.739849822672212e-16
156.5431499168804,343.47901039176526,0.006380648581295357,343.472018440601,2.1916039892796766,6.81874258076936e-16
157.0431499168804,342.97911357673223,0.006410358411369634,342.9720666328175,2.198603987808015,6.132156348885671e-16
157.5431499168804,342.479217062666,0.006440154972808752,342.4721148223783,2.205603986319329,5.428628356913451e-16
158.0431499168804,341.9793208508825,0.006470038645905138,341.97216300926783,2.212603984813439,6.2770893454543e-16
158.5431499168804,341.47942494270535,0.006500009813177466,341.47221119347046,2.219603983290165,4.763248742105909e-16
159.0431499168804,340.9795293394659,0.006530068859386963,340.97225937497046,2.226603981749323,6.425887871412919e-16
159.5431499168804,340.4796340425033,0.006560216171553872,340.47230755375193,2.2336039801907286,6.501772468365265e-16
160.0431499168804,339.9797390531645,0.0065904521389740485,339.9723557297988,2.2406039786141942,7.4010001795028795e-16
160.5431499168804,339.47984437280456,0.00662077715323571,339.472403903095,2.2476039770195317,8.320732371499273e-16
161.0431499168804,338.97995000278627,0.006651191608236331,338.9724520736243,2.2546039754065497,7.57748798708616e-16
161.5431499168804,338.48005594448057,0.006681695900199688,338.4725002413704,2.2616039737750553,8.519449014046071e-16
162.0431499168804,337.9801621992665,0.0067122904276930555,337.9725484063168,2.2686039721248537,6.896644595751712e-16
162.5431499168804,337.4802687685311,0.006742975591644558,337.4725965684468,2.2756039704557476,6.978816985233828e-16
163.0431499168804,336.98037565366985,0.006773751795360671,336.9726447277438,2.2826039687675377,8.827615744718566e-16
163.5431499168804,336.48048285608627,0.0068046194445438805,336.47269288419085,2.2896039670600232,7.146487909972706e-16
164.0431499168804,335.9805903771923,0.0068355789473105,335.97274103777096,2.296603965333,8.136022141931401e-16
164.5431499168804,335.48069821840835,0.006866630714208649,335.4727891884672,2.303603963586262,9.148381176333092e-16
165.0431499168804,334.9808063811631,0.0068977751582363885,334.9728373362621,2.310603961819603,8.332381124127751e-16
165.5431499168804,334.48091486689395,0.006929012694860019,334.4728854811385,2.317603960032812,1.0306457498711933e-15
166.0431499168804,333.9810236770467,0.006960343742032548,333.97293362307886,2.324603958225676,7.585856193020236e-16
166.5431499168804,333.481132813076,0.006991768720212317,333.4729817620656,2.3316039563979816,9.596664253646028e-16
167.0431499168804,332.9812422764449,0.007023288052381799,332.9730298980809,2.3386039545495114,9.712561963483187e-16
167.5431499168804,332.4813520686255,0.00705490216406657,332.4730780311068,2.345603952680045,7.864029491628579e-16
168.0431499168804,331.9814621910986,0.00708661148335444,331.97312616112555,2.352603950789363,8.954201557734182e-16
168.5431499168804,331.481572645354,0.0071184164409147715,331.47317428811874,2.35960394887724,9.062832761349636e-16
169.0431499168804,330.98168343289035,0.007150317470017961,330.9732224120682,2.366603946943449,1.223059867916317e-15
169.5431499168804,330.4817945552154,0.007182315006555104,330.4732705329554,2.3736039449877624,7.22133447318752e-16
170.0431499168804,329.98190601384607,0.007214409489057838,329.97331865076194,2.3806039430099486,7.309343522812946e-16
170.5431499168804,329.4820178103083,0.007246601358718361,329.47336676546894,2.3876039410097727,6.34162389535336e-16
171.0431499168804,328.9821299461375,0.007278891059409637,328.9734148770576,2.3946039389869993,5.349290007196582e-16
171.5431499168804,328.4822424228782,0.00731127903770579,328.47346298550906,2.4016039369413895,5.414783358500015e-16
172.0431499168804,327.98235524208434,0.007343765742902673,327.973511090804,2.4086039348727013,6.577416330898177e-16
172.5431499168804,327.4824684053194,0.007376351627038634,327.4735591929232,2.415603932780691,4.4387957053780923e-16
173.0431499168804,326.9825819141564,0.007409037144915472,326.9736072918472,2.4226039306651113,5.616740533858129e-16
173.5431499168804,326.4826957701778,0.00744182275411958,326.4736553875565,2.429603928525712,5.117339095724168e-16
174.0431499168804,325.98280997497596,0.007474708915043287,325.97370348003125,2.4366039263622423,4.029259224016608e-16
174.5431499168804,325.48292453015284,0.007507696090906397,325.47375156925165,2.4436039241744463,5.244490982785556e-16
175.0431499168804,324.98303943732026,0.007540784747777924,324.9737996551976,2.4506039219620663,2.3597320843817525e-16
175.5431499168804,324.4831546980999,0.0075739753545980264,324.4738477378489,2.457603919724842,4.180717783790335e-16
176.0431499168804,323.9832703141235,0.007607268383200152,323.97389581718534,2.464603917462509,3.627959466183847e-16
176.5431499168804,323.48338628703283,0.007640664308333376,323.47394389318623,2.4716039151748017,3.06089074389632e-16
177.0431499168804,322.9835026184798,0.007674163607684962,322.97399196583103,2.478603912861451,3.0990086288209465e-16
177.5431499168804,322.48361931012647,0.007707766761903115,322.47404003509894,2.4856039105221845,3.137661422586139e-16
178.0431499168804,321.9837363636452,0.007741474254619961,321.9740881009688,2.4926039081567266,3.176857478935396e-16
178.5431499168804,321.4838537807188,0.0077752865724747345,321.47413616341964,2.499603905764799,3.2166052953447606e-16
179.0431499168804,320.9839715630404,0.007809204205137179,320.97418422243004,2.506603903346121,1.954148109434914e-16
179.5431499168804,320.4840897123138,0.007843227645331177,320.47423227797856,2.513603900900408,1.3191163732712173e-16
180.0431499168804,319.9842082302533,0.007877357388858586,319.9742803300436,2.5206038984273715,6.678492985623727e-17
180.5431499168804,319.4843271185839,0.007911593934623318,319.4743283786033,2.5276038959267217,2.0287735767660617e-16
181.0431499168804,318.98444637904146,0.007945937784655624,318.97437642363553,2.534603893398165,6.847857192725316e-17
181.5431499168804,318.48456601337267,0.00798038944413662,318.4744244651184,2.5416038908414027,1.3868695266622184e-16
182.0431499168804,317.9846860233351,0.00801494942142305,317.97447250302935,2.548603888256135,7.022069075844796e-17
182.5431499168804,317.48480641069744,0.008049618228072259,317.474520537346,2.5556038856420575,-0.0
183.0431499168804,316.98492717723946,0.00808439637886743,316.9745685680456,2.5626038829988644,-0.0
183.5431499168804,316.4850483247521,0.00811928439184304,316.47461659510526,2.569603880326243,-7.29281611093742e-17
184.0431499168804,315.98516985503767,0.00815428278831057,315.974664618502,2.576603877623881,-7.385659984559279e-17
184.5431499168804,315.4852917699098,0.00818939209288445,315.4747126382125,2.5836038748914594,-2.2439507467356034e-16
185.0431499168804,314.98541407119365,0.008224612833508258,314.9747606542134,2.5906038721286575,-7.575364891052762e-17
185.5431499168804,314.48553676072595,0.008259945541481163,314.4748086664811,2.597603869335151,7.672268830894307e-17
186.0431499168804,313.985659840355,0.008295390751484624,313.9748566749919,2.604603866510611,-7.770569663795332e-17
186.5431499168804,313.48578331194096,0.008330949001609344,313.4749046797216,2.611603863654705,7.870289800200628e-17
187.0431499168804,312.9859071773557,0.008366620833382481,312.9749526806462,2.618603860767098,7.971452046674664e-17
187.5431499168804,312.4860314384832,0.008402406791795122,312.47500067774126,2.6256038578474494,1.6148159227103793e-16
188.0431499168804,311.98615609721935,0.008438307425330017,311.97504867098223,2.6326038548954167,8.178196122747443e-17
188.5431499168804,311.48628115547217,0.008474323285989583,311.4750966603443,2.6396038519106524,2.485147684719495e-16
189.0431499168804,310.9864066151619,0.008510454929324179,310.9751446458026,2.646603848892804,8.390992561672355e-17
189.5431499168804,310.48653247822125,0.00854670291446065,310.475192627332,2.6536038458415185,-8.499721865748551e-17
190.0431499168804,309.9866587465952,0.008583067804131147,309.975240604907,2.6606038427564345,2.583011663291837e-16
190.5431499168804,309.48678542224127,0.008619550164702238,309.4752885785021,2.6676038396371906,1.7443938800385844e-16
191.0431499168804,308.98691250712966,0.00865615056620428,308.9753365480916,2.6746038364834184,-0.0
191.5431499168804,308.48704000324324,0.00869286958236109,308.47538451364943,2.681603833294746,-1.7901553015640678e-16
192.0431499168804,307.9871679125778,0.008729707790619915,307.9754324751494,2.6886038300707984,-0.0
192.5431499168804,307.4872962371419,0.008766665772181664,307.4754804325651,2.6956038268111953,-0.0
193.0431499168804,306.9874249789573,0.008803744112031464,306.97552838586995,2.7026038235155525,-1.8613521251235657e-16
193.5431499168804,306.4875541400588,0.008840943398969504,306.4755763350371,2.709603820183481,-1.885788117744832e-16
194.0431499168804,305.9876837224946,0.008878264225642175,305.9756242800394,2.716603816814588,-4.776464069444615e-16
194.5431499168804,305.48781372832605,0.008915707188573527,305.47567222084973,2.723603813408476,-2.9036259117864327e-16
195.0431499168804,304.9879441596281,0.008953272888197025,304.9757201574405,2.7306038099647423,-2.9419336779176054e-16
195.5431499168804,304.4880750184893,0.008990961928887627,304.47576808978397,2.7376038064829804,-9.936036654005533e-17
196.0431499168804,303.9882063070118,0.00902877491899417,303.9758160178522,2.7446038029627786,-4.02702305501364e-16
196.5431499168804,303.4883380273116,0.009066712470872082,303.47586394161704,2.751603799403721,-4.0804162127281674e-16
197.0431499168804,302.9884701815186,0.009104775200916413,302.97591186105,2.7586037958053864,-3.1009553727665845e-16
197.5431499168804,302.4886027717767,0.009142963729595194,302.47595977612247,2.7656037921673495,-0.0
198.0431499168804,301.988735800244,0.009181278681483131,301.97600768680553,2.7726037884891785,-1.061358939390473e-16
198.5431499168804,301.48886926909285,0.00921972068529563,301.47605559307,2.7796037847704382,-0.0
199.0431499168804,300.98900318051,0.009258290373923162,300.9761034948866,2.786603781010688,-1.0899044803411936e-16
199.5431499168804,300.48913753669666,0.00929698838446597,300.47615139222574,2.7936037772094826,-1.1045004458425418e-16
200.0431499168804,299.98927233986865,0.009335815358269127,299.9761992850574,2.8006037733663702,-1.6789750453996083e-16
200.5431499168804,299.48940759225655,0.009374771940957935,299.47624717335157,2.8076037694808953,-5.671784669360568e-17
201.0431499168804,298.98954329610586,0.00941385878247369,298.9762950570779,2.814603765552596,-1.1496249254039749e-16
201.5431499168804,298.489679453677,0.0094530765371098,298.47634293620575,2.8216037615810055,5.825622550714954e-17
202.0431499168804,297.9898160672455,0.00949242586354827,297.9763908107042,2.8286037575656513,-1.180859597988975e-16
202.5431499168804,297.48995313910217,0.009531907424896544,297.47643868054206,2.835603753506056,-3.5905025147213065e-16
203.0431499168804,296.99009067155316,0.00957152188872474,296.9764865456881,2.842603749401737,-0.0
203.5431499168804,296.49022866692013,0.009611269927103231,296.4765344061105,2.8496037452522036,-0.0
204.0431499168804,295.9903671275403,0.009651152216640644,295.97658226177737,2.856603741056962,-1.246235755335745e-16
204.5431499168804,295.4905060557668,0.009691169438522208,295.47663011265655,2.863603736815511,-1.8948144079045528e-16
205.0431499168804,294.9906454539685,0.009731322278548511,294.97667795871547,2.8706037325273464,-6.40221998992251e-17
205.5431499168804,294.49078532453046,0.009771611427174656,294.47672579992155,2.8776037281919544,1.946915077079734e-16
206.0431499168804,293.9909256698537,0.0098120375795498,293.9767736362416,2.884603723808816,-1.3157123005089453e-16
206.5431499168804,293.4910664923557,0.009852601435557107,293.47682146764237,2.8916037193774073,1.333755365902439e-16
207.0431499168804,292.99120779447026,0.009893303699854111,292.97686929409025,2.898603714897199,6.760386443651657e-17
207.5431499168804,292.4913495786478,0.009934145081913487,292.4769171155513,2.905603710367652,2.0560242988555143e-16
208.0431499168804,291.9914918473556,0.009975126296064238,291.9769649319914,2.912603705788224,6.94788492628237e-17
208.5431499168804,291.49163460307756,0.010016248061533322,291.4770127433762,2.919603701158366,1.4087646274289198e-16
209.0431499168804,290.9917778483147,0.010057511102487685,290.9770605496706,2.9266036964775206,-7.141254338964974e-17
209.5431499168804,290.49192158558526,0.010098916148076743,290.4771083508399,2.9336036917451267,-2.1720613176320758e-16
210.0431499168804,289.9920658174247,0.010140463932475299,289.9771561468486,2.940603686960615,-1.468139930100827e-16
210.5431499168804,289.49221054638593,0.010182155194926901,289.477203937661,2.9476036821234075,-7.442766971954777e-17
211.0431499168804,288.99235577503947,0.010223990679787655,288.9772517232411,2.9546036772329223,-0.0
211.5431499168804,288.49250150597356,0.010265971136570491,288.47729950355273,2.961603672288569,-2.2955183453797656e-16
212.0431499168804,287.9926477417944,0.01030809731998989,287.97734727855914,2.968603667289752,-7.758677673321592e-17
212.5431499168804,287.49279448512624,0.010350369990007068,287.4773950482234,2.9756036622358644,-2.360193682727714e-16
213.0431499168804,286.9929417386115,0.010392789911875653,286.9774428125084,2.9826036571262975,-1.595532233026861e-16
213.5431499168804,286.493089504911,0.010435357856187818,286.4774905713765,2.989603651960431,-8.089754452063236e-17
214.0431499168804,285.99323778670407,0.010478074598920912,285.9775383247898,2.9966036467376393,-8.203622829938085e-17
214.5431499168804,285.4933865866888,0.01052094092148457,285.47758607271004,3.0036036414572886,8.319297587253396e-17
215.0431499168804,284.9935359075821,0.010563957610768329,284.97763381509867,3.010603636118738,-0.0
215.5431499168804,284.49368575211986,0.010607125459189732,284.4776815519168,3.0176036307213376,-2.5668583336915565e-16
216.0431499168804,283.99383612305724,0.010650445264742955,283.9777292831252,3.0246036252644317,-2.6032446642437267e-16
216.5431499168804,283.4939870231687,0.010693917831047938,283.4777770086842,3.0316036197473553,-1.7601415447329199e-16
217.0431499168804,282.9941384552482,0.010737543967400036,282.97782472855386,3.038603614169434,-1.7851810866483528e-16
217.5431499168804,282.49429042210954,0.010781324488820203,282.477872442694,3.0456036085299893,9.053110477174942e-17
218.0431499168804,281.99444292658626,0.010825260216105704,281.9779201510638,3.0526036028283303,-2.7547076038419215e-16
218.5431499168804,281.49459597153196,0.010869351975881372,281.4779678536224,3.0596035970637603,-1.8627373137304829e-16
219.0431499168804,280.99474955982055,0.0109136006006514,280.9780155503282,3.0666035912355722,-0.0
219.5431499168804,280.49490369434625,0.010958006928851701,280.47806324113964,3.0736035853430517,-0.0
220.0431499168804,279.99505837802394,0.011002571804902826,279.97811092601455,3.080603579385475,-9.7205245306857e-17
220.5431499168804,279.4952136137893,0.011047296079263434,279.47815860491045,3.087603573362111,-1.9721102160202215e-16
221.0431499168804,278.9953694045989,0.011092180608484357,278.9782062777844,3.094603567272218,-1.0002851069060157e-16
221.5431499168804,278.4955257534304,0.011137226255263232,278.4782539445931,3.1016035611150454,-0.0
222.0431499168804,277.99568266328293,0.01118243388849973,277.978301605293,3.1086035548898336,2.0588873057188726e-16
222.5431499168804,277.4958401371771,0.011227804383351378,277.47834925983994,3.115603548595814,2.088761328807467e-16
223.0431499168804,276.9959981781552,0.011273338621289982,276.9783969081896,3.122603542232209,1.059561952479558e-16
223.5431499168804,276.4961567892815,0.011319037490158673,276.478444550297,3.1296035357982293,-0.0
224.0431499168804,275.99631597364225,0.011364901884229556,275.9784921861169,3.1366035292930783,2.181350468966099e-16
224.5431499168804,275.49647573434623,0.011410932704262,275.47853981560377,3.1436035227159485,3.3198491745031904e-16
225.0431499168804,274.99663607452453,0.011457130857561554,274.9785874387114,3.150603516066022,5.614100775944764e-17
225.5431499168804,274.49679699733105,0.011503497258039511,274.4786350553933,3.157603509342472,5.696456705204683e-17
226.0431499168804,273.9969585059426,0.011550032826273123,273.9786826656025,3.1646035025444603,-5.780174309299556e-17
226.5431499168804,273.49712060355915,0.011596738489566473,273.47873026929176,3.171603495671138,-5.86527864953205e-17
227.0431499168804,272.997283293404,0.011643615182012018,272.9787778664132,3.1786034887216474,1.1903590590990765e-16
227.5431499168804,272.49744657872395,0.011690663844552807,272.4788254569186,3.185603481695118,1.2079500672679675e-16
228.0431499168804,271.9976104627897,0.011737885425045386,271.97887304075937,3.1926034745906704,1.2258340784620597e-16
228.5431499168804,271.49777494889577,0.011785280878323399,271.4789206178863,3.199603467407413,4.976066101249497e-16
229.0431499168804,270.997940040361,0.01183285116626188,270.9789681882498,3.2066034601444415,5.050011805808627e-16
229.5431499168804,270.49810574052873,0.011880597257842277,270.47901575179986,3.2136034528008444,4.484546548984578e-16
230.0431499168804,269.9982720527668,0.011928520129218185,269.97906330848605,3.220603445375695,4.551436701268141e-16
230.5431499168804,269.4984389804681,0.011976620763781809,269.47911085825734,3.2276034378680576,1.9797648891739723e-16
231.0431499168804,268.99860652705047,0.012024900152231172,268.9791584010623,3.234603430276982,3.3490083678791945e-16
231.5431499168804,268.49877469595725,0.012073359292638072,268.47920593684904,3.2416034226015085,4.0790906587024653e-16
232.0431499168804,267.99894349065727,0.0121219991905168,267.97925346556514,3.2486034148406637,4.830455491942221e-16
232.5431499168804,267.4991129146452,0.012170820858893622,267.4793009871576,3.2556034069934623,6.304092766395653e-16
233.0431499168804,266.9992829714418,0.012219825318377049,266.9793485015732,3.262603399058907,4.977145255720626e-16
233.5431499168804,266.49945366459417,0.01226901359722889,266.4793960087581,3.2696033910359885,5.052364786957186e-16
234.0431499168804,265.9996249976759,0.012318386731436108,265.97944350865765,3.276603382923682,5.86156075198756e-16
234.5431499168804,265.4997969742874,0.012367945764783492,265.4794910012172,3.2836033747209523,5.950482476350008e-16
235.0431499168804,264.9999695980561,0.012417691748927137,264.9795384863811,3.2906033664267493,2.2653467653623276e-16
235.5431499168804,264.50014287263684,0.012467625743468776,264.47958596409353,3.2976033580400106,3.0664581944312886e-16
236.0431499168804,264.00031680171196,0.012517748816030932,263.979633434298,3.30460334955966,3.1132435351117646e-16
236.5431499168804,263.50049138899163,0.012568062042332953,263.4796808969375,3.311603340984608,3.160833461489274e-16
237.0431499168804,263.0006666382141,0.01261856650626788,262.9797283519545,3.318603332313749,4.011554221084831e-16
237.5431499168804,262.500842553146,0.012669263299980225,262.47977579929085,3.3256033235459657,3.258489009535488e-16
238.0431499168804,262.0010191375826,0.012720153523944613,261.97982323888783,3.332603314680125,2.4814398151934295e-16
238.5431499168804,261.501196395348,0.012771238287045343,261.4798706706863,3.33960330571508,3.3595520099601496e-16
239.0431499168804,261.00137433029556,0.012822518706656849,260.97991809462644,3.3466032966496684,2.5585518957004444e-16
239.5431499168804,260.50155294630804,0.012873995908725094,260.4799655106479,3.3536032874827124,3.4641550782428443e-16
240.0431499168804,260.0017322472979,0.012925671027849903,259.9800129186897,3.360603278213021,-8.794567828327165e-17
240.5431499168804,259.50191223720776,0.012977545207368235,259.48006031869033,3.3676032688393853,8.931091322931872e-17
241.0431499168804,259.0020929200104,0.013029619599438439,258.98010771058773,3.374603259360583,9.070003739097312e-17
241.5431499168804,258.50227429970926,0.013081895365125464,258.48015509431906,3.3816032497753734,3.684540645080602e-16
242.0431499168804,258.0024563803387,0.013134373674487073,257.98020246982105,3.3886032400825012,1.8710364957372092e-16
242.5431499168804,257.5026391659642,0.01318705570666106,257.48024983702976,3.395603230280695,3.8006179577995943e-16
243.0431499168804,257.0028226606828,0.013239942649953469,256.98029719588055,3.402603220368666,4.825244232067321e-16
243.5431499168804,256.50300686862334,0.013293035701927866,256.48034454630834,3.409603210345109,3.9208255451147815e-16
244.0431499168804,256.00319179394677,0.013346336069495637,255.98039188824723,3.416603200208701,3.9825291448532405e-16
244.5431499168804,255.5033774408464,0.013399844969007351,255.48043922163066,3.4236031899581025,3.033995506879479e-16
245.0431499168804,255.00356381354837,0.013453563626345203,254.98048654639166,3.430603179591956,4.1092417553143885e-16
245.5431499168804,254.5037509163118,0.013507493277016534,254.48053386246227,3.4376031691088857,3.130720853277767e-16
246.0431499168804,254.0039387534292,0.013561635166248458,253.9805811697741,3.4446031585074985,1.0601270147857988e-16
246.5431499168804,253.50412732922686,0.013615990549083617,253.480628468258,3.451603147786382,2.153952791147856e-16
247.0431499168804,253.00431664806507,0.013670560690477049,252.98067575784418,3.4586031369441055,3.28238295609802e-16
247.5431499168804,252.5045067143385,0.01372534686539423,252.48072303846212,3.4656031259792197,3.3347604160070643e-16
248.0431499168804,252.00469753247654,0.013780350358910261,251.9807703100406,3.4726031148902554,2.8234000225525854e-16
248.5431499168804,251.5048891069436,0.01383557246631025,251.48081757250768,3.4796031036757245,2.294907104343297e-16
249.0431499168804,251.00508144223957,0.01389101449319088,250.98086482579075,3.4866030923341182,1.165873862678755e-16
249.5431499168804,250.50527454290005,0.013946677755563209,250.4809120698164,3.4936030808639087,1.7769412658858465e-16
250.0431499168804,250.00546841349677,0.014002563579956679,249.98095930451063,3.5006030692635464,1.805581817322996e-16
250.5431499168804,249.50566305863794,0.014058673303524396,249.4810065297985,3.507603057531462,1.834742745471846e-16
251.0431499168804,249.0058584829686,0.014115008274149661,248.98105374560447,3.5146030456660644,3.107390960972438e-16
251.5431499168804,248.50605469117102,0.014171569850553798,248.4811009518522,3.5216030336657433,6.31556023863211e-17
252.0431499168804,248.006251687965,0.014228359402405265,247.9811481484645,3.5286030215288626,2.5672723090958605e-16
252.5431499168804,247.50644947810838,0.01428537831043011,247.48119533536354,3.535603009253768,3.913608609763653e-16
253.0431499168804,247.0066480663973,0.014342627966523748,246.98124251247066,3.5426029968387813,2.6516397208892574e-16
253.5431499168804,246.50684745766662,0.01440010977386411,246.4812896797063,3.5496029842822012,4.716232377632159e-16
254.0431499168804,246.00704765679032,0.01445782514702615,245.9813368369902,3.5566029715823038,2.739139065017027e-16
254.5431499168804,245.5072486686819,0.014515775512097777,245.48138398424126,3.563602958737342,3.4801293980826294e-16
255.0431499168804,245.00745049829482,0.01457396230679718,244.98143112137748,3.570602945745545,4.952325094331695e-16
255.5431499168804,244.5076531506228,0.014632386980591603,244.48147824831614,3.577602932605117,5.033955175733053e-16
256.0431499168804,244.0078566307003,0.014691050994817573,243.98152536497355,3.5846029193142384,5.117102083706652e-16
256.5431499168804,243.50806094360303,0.014749955822802611,243.4815724712653,3.5916029058710652,5.201797198632276e-16
257.0431499168804,243.00826609444815,0.014809102949988443,242.981619567106,3.598602892273727,7.554389452070635e-16
257.5431499168804,242.5084720883949,0.014868493874055727,242.48166665240944,3.605602878520329,7.679944523561669e-16
258.0431499168804,242.00867893064492,0.01492813010505033,241.98171372708848,3.612602864608949,7.027066838330143e-16
258.5431499168804,241.5088866264427,0.014988013165511174,241.48176079105505,3.6196028505376394,5.556712757984686e-16
259.0431499168804,241.00909518107608,0.015048144590599654,240.98180784422027,3.626602836304426,6.456737477077795e-16
259.5431499168804,240.50930459987663,0.015108525928230695,240.48185488649423,3.6336028219073055,4.923711415138148e-16
260.0431499168804,240.00951488822014,0.01516915873920542,239.98190191778613,3.6406028073442487,5.006403098469341e-16
260.5431499168804,239.50972605152708,0.01523004459734549,239.48194893800422,3.647602792613198,6.787547218739832e-16
261.0431499168804,239.00993809526304,0.015291185089629128,238.98199594705582,3.6546027777120664,6.902021821429962e-16
261.5431499168804,238.51015102493923,0.015352581816328837,238.48204294484725,3.6616027626387377,4.386670604651504e-16
262.0431499168804,238.01036484611296,0.015414236391150877,237.98208993128378,3.668602747391069,3.568773366668843e-16
262.5431499168804,237.51057956438805,0.015476150441376476,237.48213690626977,3.6756027319668827,3.629345135422563e-16
263.0431499168804,237.01079518541545,0.015538325608004838,236.98218386970862,3.6826027163639754,3.6910759171440186e-16
263.5431499168804,236.51101171489358,0.015600763545897959,236.48223082150253,3.6896027005801098,7.507980808768376e-16
264.0431499168804,236.01122915856897,0.015663465923927287,235.9822777615528,3.6966026846130187,5.727170804350115e-16
264.5431499168804,235.51144752223667,0.01572643442512223,235.48232468975968,3.7036026684604018,4.854340224842695e-16
265.0431499168804,235.01166681174084,0.015789670746820587,234.98237160602233,3.710602652119928,7.90018362509736e-16
265.5431499168804,234.5118870329752,0.015853176600820862,234.4824185102388,3.7176026355892318,5.022499838275785e-16
266.0431499168804,234.0121081918836,0.01591695371353656,233.9824654023061,3.724602618865916,4.0872240990768767e-16
266.5431499168804,233.51233029446055,0.01598100382615245,233.48251228212015,3.7316026019475466,3.118344676112121e-16
267.0431499168804,233.01255334675173,0.016045328694782826,232.98255914957565,3.7386025848316575,4.2297353570716174e-16
267.5431499168804,232.5127773548546,0.01610993009063183,232.4826060045663,3.745602567515747,4.303081238314719e-16
268.0431499168804,232.01300232491886,0.01617480980015582,231.98265284698456,3.752602549997278,4.3778610289885524e-16
268.5431499168804,231.51322826314714,0.016239969625227856,231.48269967672184,3.759602532273676,4.454105942752251e-16
269.0431499168804,231.01345517579543,0.016305411383304314,230.98274649366823,3.766602514342331,6.231290920596743e-16
269.5431499168804,230.51368306917377,0.016371136907593658,230.4827932977127,3.773602496200595,5.763899698461586e-16
270.0431499168804,230.01391194964674,0.01643714804722742,229.98284008874305,3.7806024778457825,5.278449276479177e-16
270.5431499168804,229.51414182363413,0.016503446667433398,229.48288686664577,3.7876024592751683,5.371186199590844e-16
271.0431499168804,229.01437269761152,0.016570034649711143,228.98293363130617,3.7946024404859884,5.46576005379479e-16
271.5431499168804,228.5146045781108,0.016636913892009712,228.4829803826083,3.8016024214754394,4.3261643868750256e-16
272.0431499168804,228.01483747172097,0.016704086308907788,227.98302712043494,3.8086024022406777,6.289535113776149e-16
272.5431499168804,227.51507138508856,0.016771553831796144,227.48307384466756,3.815602382778818,6.401014787903096e-16
273.0431499168804,227.0153063249184,0.01683931840906254,226.98312055518636,3.8226023630869324,8.469138924523751e-16
273.5431499168804,226.5155422979742,0.016907382006279045,226.48316725187016,3.8296023431620516,4.641494950519484e-16
274.0431499168804,226.0157793110792,0.016975746606391843,225.98321393459648,3.8366023230011614,6.749020044750305e-16
274.5431499168804,225.51601737111685,0.017044414209913577,225.4832606032415,3.843602302601206,8.243655846303321e-16
275.0431499168804,225.01625648503145,0.017113386835118226,224.98330725767997,3.8506022819590835,7.692123861139154e-16
275.5431499168804,224.51649665982885,0.01718266651823861,224.4833538977853,3.8576022610716465,7.118454687109566e-16
276.0431499168804,224.0167379025771,0.01725225531366651,223.98340052342942,3.864602239935702,5.072629544091033e-16
276.5431499168804,223.51698022040716,0.017322155294155483,223.48344713448293,3.8716022185480083,4.4264244562140436e-16
277.0431499168804,223.01722362051365,0.0173923685510264,222.98349373081484,3.8786021969052777,4.506476921696133e-16
277.5431499168804,222.51746811015545,0.01746289719437575,222.48354031229286,3.885602175004175,3.0587744926862143e-16
278.0431499168804,222.0177136966565,0.017533743353286745,221.98358687878306,3.892602152841313,2.335757986648102e-16
278.5431499168804,221.51796038740653,0.01760490917604329,221.48363343015006,3.899602130413255,2.378288808694435e-16
279.0431499168804,221.01820818986175,0.017676396830346847,220.98367996625691,3.906602107716514,4.0361546811670574e-16
279.5431499168804,220.51845711154567,0.017748208503536245,220.48372648696517,3.9136020847475512,2.465989949385598e-16
280.0431499168804,220.01870716004981,0.01782034640281048,219.9837729921348,3.9206020615027746,2.511200696606474e-16
280.5431499168804,219.51895834303448,0.017892812755454554,219.48381948162415,3.9276020379785375,-0.0
281.0431499168804,219.0192106682296,0.017965609809068406,218.98386595528999,3.9346020141711424,3.472596631143349e-16
281.5431499168804,218.51946414343533,0.01803873983179898,218.48391241298737,3.9416019900768298,3.5367027695246923e-16
282.0431499168804,218.01971877652315,0.01811220511257547,217.98395885456978,3.9486019656917897,2.7016074658329674e-16
282.5431499168804,217.51997457543644,0.018186007961347818,217.48400527988898,3.9556019410121523,2.751711837422691e-16
283.0431499168804,217.0202315481914,0.018260150709328498,216.98405168879498,3.9626019160339894,-1.8685759884846267e-16
283.5431499168804,216.52048970287785,0.018334635709237632,216.48409808113612,3.9696018907533137,-0.0
284.0431499168804,216.02074904766013,0.018409465335551527,215.98414445675894,3.976601865166077,-0.0
284.5431499168804,215.52100959077794,0.018484641984754635,215.48419081550824,3.9836018392681702,-0.0
285.0431499168804,215.02127134054714,0.018560168075595056,214.98423715722703,3.990601813055422,1.0061492692427877e-16
285.5431499168804,214.52153430536072,0.018636046049343574,214.4842834817564,3.9976017865235955,2.0501450803073625e-16
286.0431499168804,214.0217984936897,0.018712278370056346,213.98432978893567,4.004601759668392,3.133191364612878e-16
286.5431499168804,213.52206391408393,0.01878886752484125,213.4843760786022,4.011601732485445,1.0641324912713809e-16
287.0431499168804,213.02233057517316,0.018865816024128,212.98442235059156,4.0186017049703215,4.3371534960674926e-16
287.5431499168804,212.52259848566786,0.018943126401942036,212.48446860473726,4.025601677118521,4.419498992988191e-16
288.0431499168804,212.0228676543602,0.019020801216182326,211.9845148408709,4.032601648925473,-0.0
288.5431499168804,211.52313809012503,0.01909884304890305,211.48456105882215,4.039601620386535,-0.0
289.0431499168804,211.02340980192085,0.019177254506599323,210.98460725841855,4.046601591496996,2.9233014135564793e-16
289.5431499168804,210.52368279879076,0.019256038220496954,210.48465343948564,4.053601562252069,1.7876010372199073e-16
290.0431499168804,210.02395708986347,0.01933519684684635,209.98469960184687,4.060601532646895,1.8219479051089463e-16
290.5431499168804,209.5242326843544,0.019414733067220614,209.48474574532366,4.067601502676536,1.2380259627668486e-16
291.0431499168804,209.02450959156656,0.01949464958881792,208.9847918697352,4.074601472335982,4.416748258858982e-16
291.5431499168804,208.52478782089176,0.019574949144768213,208.48483797489854,4.0816014416201405,3.215876399651842e-16
292.0431499168804,208.0250673818115,0.019655634494444338,207.9848840606285,4.08860141052384,1.3113060377563336e-16
292.5431499168804,207.52534828389824,0.019736708423777657,207.48493012673777,4.095601379041829,3.3420186555838666e-16
293.0431499168804,207.02563053681627,0.01981817374557823,206.98497617303667,4.102601347168774,1.3628681350397985e-16
293.5431499168804,206.525914150323,0.019900033299859617,206.4850221993333,4.109601314899254,-0.0
294.0431499168804,206.02619913426997,0.019982289954168436,205.98506820543335,4.116601282227765,-0.0
294.5431499168804,205.52648549860407,0.020064946603918693,205.4851141911402,4.123601249148717,-0.0
295.0431499168804,205.02677325336865,0.020148006172731003,204.98516015625486,4.130601215656427,-0.0
295.5431499168804,204.52706240870464,0.020231471612776778,204.48520610057585,4.137601181745127,7.510256978708903e-17
296.0431499168804,204.02735297485185,0.020315345905127465,203.98525202389922,4.1446011474089515,7.658838298438271e-17
296.5431499168804,203.52764496215013,0.020399632060108915,203.48529792601857,4.151601112641948,-0.0
297.0431499168804,203.02793838104054,0.020484333117660986,202.98534380672493,4.158601077438061,-0.0
297.5431499168804,202.52823324206668,0.02056945214770245,202.4853896658067,4.165601041791144,-8.124803325433827e-17
298.0431499168804,202.02852955587585,0.020654992250501325,201.98543550304976,4.172601005694948,1.6574295024084862e-16
298.5431499168804,201.52882733322045,0.02074095655705069,201.48548131823722,4.179600969143126,1.6906299757188868e-16
299.0431499168804,201.0291265849592,0.020827348229450107,200.98552711114957,4.186600932129227,8.62290223617673e-17
299.5431499168804,200.52942732205844,0.020914170461292722,200.48557288156456,4.193600894646696,1.759299787321852e-16
300.0431499168804,200.02972955559358,0.02100142647805818,199.98561862925717,4.2006008566888715,-0.0
300.5431499168804,199.53003329675028,0.021089119537511428,199.48566435399948,4.2076008182489835,1.8311231881635142e-16
301.0431499168804,199.03033855682594,0.0211772529301075,198.9857100555608,4.2146007793201505,-0.0
301.5431499168804,198.53064534723114,0.021265829979402424,198.48575573370746,4.221600739895383,2.859392851807768e-16
302.0431499168804,198.03095367949098,0.02135485404247034,197.9858013882029,4.228600699967571,9.72563764977274e-17
302.5431499168804,197.53126356524652,0.021444328510326918,197.48584701880762,4.235600659529494,1.984886818065543e-16
303.0431499168804,197.03157501625626,0.02153425680835924,196.98589262527886,4.242600618573808,3.038343979630679e-16
303.5431499168804,196.53188804439762,0.02162464239676219,196.485938207371,4.249600577093049,2.0671785689363605e-16
304.0431499168804,196.03220266166852,0.02171548877098155,195.9859837648352,4.256600535079633,1.0548793829303536e-16
304.5431499168804,195.53251888018877,0.02180679946216385,195.4860292974194,4.263600492525845,-1.0766640655348653e-16
305.0431499168804,195.03283671220174,0.02189857803761312,194.9860748048684,4.270600449423847,1.0989561300303154e-16
305.5431499168804,194.53315617007587,0.021990828101254693,194.4861202869236,4.277600405765669,5.608843696656749e-17
306.0431499168804,194.03347726630628,0.022083553294106145,193.9861657433232,4.2846003615432044,1.1451154329134402e-16
306.5431499168804,193.53380001351647,0.02217675729475551,193.48621117380193,4.291600316748218,1.1690101385938143e-16
307.0431499168804,193.03412442445986,0.022270443819846938,192.98625657809112,4.29860027137233,1.1934671847126646e-16
307.5431499168804,192.53445051202155,0.022364616624573876,192.48630195591852,4.305600225407027,4.874005250917251e-16
308.0431499168804,192.03477828922,0.022459279503179937,191.98634730700857,4.312600178843645,4.3544469158700826e-16
308.5431499168804,191.53510776920868,0.022554436289467624,191.48639263108183,4.31960013167338,4.446266735726654e-16
309.0431499168804,191.03543896527796,0.022650090857314984,190.98643792785535,4.326600083887274,5.837490343077134e-16
309.5431499168804,190.53577189085684,0.022746247121200405,190.48648319704247,4.333600035476221,4.636515359806162e-16
310.0431499168804,190.0361065595147,0.02284290903673566,189.98652843835276,4.340599986430959,5.411498920359938e-16
310.5431499168804,189.53644298496323,0.022940080601207394,189.48657365149188,4.347599936742068,5.526823015002376e-16
311.0431499168804,189.03678118105825,0.023037765854127142,188.98661883616168,4.354599886399967,4.939304192958597e-16
311.5431499168804,188.5371211618016,0.02313596887779012,188.48666399206002,4.361599835394913,4.324395996253653e-16
312.0431499168804,188.0374629413431,0.023234693797842886,187.98670911888078,4.368599783716995,4.417294633911606e-16
312.5431499168804,187.53780653398252,0.02333394478386005,187.48675421631367,4.375599731356129,3.008296151076937e-16
313.0431499168804,187.03815195417147,0.02343372604993024,186.98679928404434,4.38259967830206,6.146540708587346e-16
313.5431499168804,186.5384992165156,0.023534041855251445,186.4868443217542,4.389599624544357,8.634525375705459e-16
314.0431499168804,186.03884833577644,0.023634896504735946,185.98688932912037,4.396599570072405,4.8120154074306815e-16
314.5431499168804,185.5391993268737,0.023736294349624994,185.48693430581562,4.403599514875408,4.916794773143764e-16
315.0431499168804,185.03955220488726,0.02383823978811343,184.98697925150833,4.4105994589423805,5.861505491520346e-16
315.5431499168804,184.5399069850593,0.023940737265984443,184.48702416586235,4.417599402262144,2.5670720951867045e-16
316.0431499168804,184.04026368279662,0.024043791277254638,183.98706904853694,4.424599344823326,3.497904790845279e-16
316.5431499168804,183.54062231367274,0.024147406364829628,183.4871138991868,4.4315992866143565,6.25608816121202e-16
317.0431499168804,183.04098289343025,0.02425158712117033,182.98715871746182,4.4385992276234605,5.480733471223623e-16
317.5431499168804,182.54134543798304,0.0243563381889702,182.4872035030072,4.445599167838654,3.7347020639631165e-16
318.0431499168804,182.04170996341867,0.024461664261843583,181.98724825546316,4.452599107247742,6.680802234008761e-16
318.5431499168804,181.54207648600075,0.024567570085025425,181.48729297446505,4.459599045838318,2.92693209447949e-16
319.0431499168804,181.04244502217136,0.02467406045608253,180.98733765964312,4.466598983597748,4.987105636846788e-16
319.5431499168804,180.54281558855348,0.02478114022563662,180.48738231062254,4.473598920513179,2.0394930527934232e-16
320.0431499168804,180.04318820195346,0.0248888142980994,179.98742692702322,4.480598856571528,4.1705424339034704e-16
320.5431499168804,179.54356287936363,0.024997087632419878,179.4874715084599,4.487598791759474,6.396625375894742e-16
321.0431499168804,179.04393963796483,0.025105965242844166,178.9875160545418,4.494598726063461,4.36067494613902e-16
321.5431499168804,178.544318495129,0.025215452199688022,178.48756056487278,4.501598659469688,3.344537959059448e-16
322.0431499168804,178.04469946842192,0.025325553630122375,177.98760503905103,4.508598591964105,2.280306721803189e-16
322.5431499168804,177.54508257560587,0.025436274718972064,177.48764947666916,4.515598523532411,1.7491631792532862e-16
323.0431499168804,177.04546783464238,0.025547620709528103,176.987693877314,4.52259845416004,2.9818268765377685e-16
323.5431499168804,176.54585526369507,0.025659596904373694,176.4877382405666,4.529598383832169,2.4400766489542763e-16
324.0431499168804,176.04624488113245,0.025772208666224268,175.98778256600193,4.536598312533699,3.744153539380049e-16
324.5431499168804,175.54663670553083,0.02588546141878187,175.48782685318895,4.543598240249256,6.383948055887218e-17
325.0431499168804,175.0470307556773,0.025999360647604115,174.98787110169056,4.550598166963191,1.9594118360566162e-16
325.5431499168804,174.54742705057268,0.02611391190098805,174.48791531106323,4.557598092659558,2.0047914354105396e-16
326.0431499168804,174.04782560943462,0.02622912079086922,173.98795948085726,4.564598017322126,3.418927762039345e-16
326.5431499168804,173.54822645170066,0.02634499299373618,173.48800361061632,4.57159794093436,1.3994280097096592e-16
327.0431499168804,173.04862959703135,0.026461534251560895,172.9880476998775,4.57859786347942,7.160610428905833e-17
327.5431499168804,172.54903506531355,0.026578750372745197,172.48809174817129,4.585597784940155,7.328389226257664e-17
328.0431499168804,172.04944287666362,0.02669664723308373,171.98813575502126,4.5925977052990925,1.5001205920100018e-16
328.5431499168804,171.54985305143074,0.02681523077674368,171.48817971994401,4.599597624538438,1.535476449583777e-16
329.0431499168804,171.05026561020037,0.026934507017261636,170.98822364244924,4.606597542640061,3.14354478036299e-16
329.5431499168804,170.55068057379754,0.02705448203855794,170.48826752203925,4.613597459585493,4.0225906621368235e-16
330.0431499168804,170.0510979632905,0.027175161995968856,169.9883113582092,4.620597375355917,3.294593669647906e-16
330.5431499168804,169.55151779999414,0.02729655311729698,169.48835515044667,4.6275972899321625,3.373167608035071e-16
331.0431499168804,169.05194010547376,0.027418661703880194,168.98839889823176,4.634597203294697,2.590391779311756e-16
331.5431499168804,168.5523649015486,0.027541494131679636,168.48844260103684,4.641597115423616,2.6525410101960856e-16
332.0431499168804,168.05279221029568,0.02766505685238698,167.98848625832636,4.6485970262986385,3.621830011954492e-16
332.5431499168804,167.55322205405363,0.027789356394551518,167.48852986955688,4.655596935899097,4.636561691621739e-16
333.0431499168804,167.05365445542648,0.027914399364727404,166.9885734341768,4.662596844203927,2.849286955753408e-16
333.5431499168804,166.55408943728773,0.028040192448641504,166.48861695162614,4.669596751191664,4.864127514126385e-16
334.0431499168804,166.0545270227843,0.028166742412382265,165.9886604213367,4.676596656840429,4.982602773035945e-16
334.5431499168804,165.5549672353406,0.02829405610361007,165.4887038427315,4.6835965611279216,5.104333820662219e-16
335.0431499168804,165.0554100986628,0.02842214045278953,164.9887472152249,4.69059646403141,6.275304427581466e-16
335.5431499168804,164.55585563674302,0.028551002474444143,164.48879053822236,4.6975963655277235,6.429558536763265e-16
336.0431499168804,164.05630387386358,0.02868064926843385,163.9888338111203,4.70459626559324,4.3920605227042256e-16
336.5431499168804,163.55675483460155,0.028811088021255933,163.4888770333059,4.711596164203877,7.313619503128779e-16
337.0431499168804,163.05720854383313,0.02894232600736977,162.98892020415693,4.718596061335085,7.495066662527286e-16
337.5431499168804,162.5576650267382,0.029074370590545955,162.48896332304162,4.725595956961826,8.863376553703199e-16
338.0431499168804,162.05812430880505,0.029207229225240328,161.98900638931846,4.732595851058579,8.478999841995385e-16
338.5431499168804,161.55858641583504,0.02934090945799341,161.48904940233592,4.739595743599313,9.312141351788064e-16
339.0431499168804,161.05905137394745,0.02947541892885583,160.9890923614325,4.746595634557487,7.000450000010862e-16
339.5431499168804,160.5595192095844,0.0296107653728403,160.4891352659363,4.7535955239060295,5.871975353550467e-16
340.0431499168804,160.05998994951582,0.029746956621400703,159.989178115165,4.760595411617335,8.027218413559391e-16
340.5431499168804,159.5604636208446,0.029884000603938893,159.48922090842555,4.767595297663249,6.858984804500507e-16
341.0431499168804,159.06094025101163,0.03002190534933983,158.989263645014,4.774595182015048,7.033474985133966e-16
341.5431499168804,158.5614198678013,0.030160678987535643,158.4893063242153,4.781595064643438,7.212974010605126e-16
342.0431499168804,158.06190249934676,0.030300329751099295,157.98934894530313,4.788594945518533,8.137406329379572e-16
342.5431499168804,157.56238817413538,0.03044086597686846,157.4893915075396,4.795594824609846,8.346409718338508e-16
343.0431499168804,157.06287692101444,0.030582296107600326,156.98943401017516,4.80259470188627,7.78315501956971e-16
343.5431499168804,156.56336876919673,0.030724628693658006,156.48947645244817,4.809594577316072,7.9843494488229765e-16
344.0431499168804,156.06386374826644,0.030867872394729205,155.98951883358495,4.81659445086687,7.372271423694783e-16
344.5431499168804,155.564361888185,0.031012035981577965,155.48956115279918,4.823594322505621,5.042721326874014e-16
345.0431499168804,155.0648632192972,0.03115712833783014,154.9896034092921,4.830594192198607,7.761524076480787e-16
345.5431499168804,154.5653677723372,0.03130315846179343,154.4896456022518,4.837594059911417,7.079806183021116e-16
346.0431499168804,154.06587557843494,0.03145013546831268,153.98968773085343,4.84459392560893,4.541136975178439e-16
346.5431499168804,153.56638666912247,0.03159806859066135,153.48972979425852,4.851593789255303,9.321684130455458e-16
347.0431499168804,153.06690107634043,0.03174696718246988,152.98977179161508,4.858593650813947,1.052503769149614e-15
347.5431499168804,152.5674188324447,0.031896840719691816,152.489813722057,4.865593510247513,8.839895336337742e-16
348.0431499168804,152.0679399702132,0.032047698802608625,151.98985558470403,4.872593367517875,9.075238584768304e-16
348.5431499168804,151.56846452285274,0.03219955115787402,151.4898973786614,4.879593222586109,9.317652588566696e-16
349.0431499168804,151.0689925240061,0.03235240764059871,150.9899391030195,4.886593075412474,6.378249417600755e-16
349.5431499168804,150.56952400775916,0.03250627823647655,150.48998075685367,4.893592925956393,6.549765817423352e-16
350.0431499168804,150.07005900864826,0.032661173063953025,149.99002233922383,4.900592774176435,6.726487345741933e-16
350.5431499168804,149.57059756166763,0.03281710237643705,149.49006384917413,4.907592620030287,7.484305910605964e-16
351.0431499168804,149.071139702277,0.032974076564557114,148.99010528573282,4.914592463474739,8.870320793636493e-16
351.5431499168804,148.5716854664094,0.03313210615846283,148.49014664791167,4.9215923044656655,7.289676517615204e-16
352.0431499168804,148.07223489047902,0.03329120183017286,147.9901879347059,4.928592142957992,8.113133514798462e-16
352.5431499168804,147.57278801138935,0.03345137439597047,147.49022914509362,4.935591978905681,6.412141718048888e-16
353.0431499168804,147.0733448665413,0.03361263481884766,146.9902702780356,4.942591812261699,7.247587850846789e-16
353.5431499168804,146.5739054938418,0.0337749942109992,146.49031133247493,4.949591642978008,7.447856470720501e-16
354.0431499168804,146.0744699317122,0.03393846383636762,145.99035230733656,4.95659147100552,9.046074682082326e-16
354.5431499168804,145.5750382190971,0.03410305511324049,145.490393201527,4.963591296294088,1.0012988648907593e-15
355.0431499168804,145.07561039547332,0.034268779616901085,144.990434013934,4.970591118792469,8.087013949694999e-16
355.5431499168804,144.5761865008589,0.03443564908233397,144.49047474342595,4.977590938448301,5.290474128835572e-16
356.0431499168804,144.07676657582252,0.03460367540698657,143.99051538885172,4.984590755208073,8.547356168998335e-16
356.5431499168804,143.57735066149294,0.034772870653588216,143.4905559490401,4.9915905690171,5.592699931628374e-16
357.0431499168804,143.0779387995687,0.0349432470530281,142.99059642279943,4.998590379819484,7.394221252007179e-16
357.5431499168804,142.578531032328,0.03511481700729349,142.49063680891717,5.005590187558098,4.224630935082091e-16
358.0431499168804,142.07912740263885,0.035287593092469725,141.99067710615944,5.0125899921745365,6.95216830458335e-16
358.5431499168804,141.57972795396932,0.03546158806180349,141.49071731327064,5.0195897936091,4.469457332629042e-16
359.0431499168804,141.08033273039814,0.03563681484883097,140.9907574289728,5.026589591800749,7.356522425529757e-16
359.5431499168804,140.58094177662537,0.03581328657057245,140.4907974519654,5.0335893866870745,6.622500367654248e-16
360.0431499168804,140.08155513798346,0.03599101653079506,139.99083738092457,5.040589178204266,5.840640499464126e-16
360.5431499168804,139.58217286044842,0.036170018223345264,139.4908772145029,5.04758896628707,6.010214356030718e-16
361.0431499168804,139.08279499065128,0.036350305335552974,138.9909169513286,5.05458875086875,6.185345668915062e-16
361.5431499168804,138.5834215758898,0.03653189175170901,138.49095659000528,5.061588531881059,6.366237494549949e-16
362.0431499168804,138.0840526641404,0.036714791556617735,137.9909961291112,5.068588309254186,6.553101078129333e-16
362.5431499168804,137.58468830407037,0.03689901903922684,137.4910355671989,5.075588082916726,9.557054638036111e-16
363.0431499168804,137.0853285450504,0.03708458869633617,136.9910749027944,5.08258785279563,6.945631629904237e-16
363.5431499168804,136.5859734371672,0.037271515236387644,136.4911141343968,5.089587618816165,5.363824029901718e-16
364.0431499168804,136.0866230312367,0.03745981358333834,135.9911532604778,5.096587380901874,7.978539007806381e-16
364.5431499168804,135.5872773788172,0.03764949888061884,135.49119227948069,5.103587138974519,8.217093295730724e-16
365.0431499168804,135.08793653222295,0.03784058649517912,134.99123118982013,5.110586892954041,9.76580731980296e-16
365.5431499168804,134.58860054453825,0.038033092021624144,134.4912699898813,5.117586642758511,9.389327432742352e-16
366.0431499168804,134.08926946963143,0.03822703128644154,133.99130867801927,5.124586388304076,1.1746076051260233e-15
366.5431499168804,133.58994336216955,0.03842242035232379,133.49134725255843,5.131586129504909,1.0678759906865782e-15
367.0431499168804,133.0906222776331,0.038619275522587336,132.99138571179165,5.138585866273158,7.336076261244656e-16
367.5431499168804,132.5913062723312,0.03881761334569121,132.4914240539796,5.145585598518882,9.828572051589628e-16
368.0431499168804,132.09199540341726,0.03901745061985775,131.99146227735017,5.152585326150005,8.571805831499869e-16
368.5431499168804,131.5926897289047,0.03921880439779815,131.49150038009745,5.15958504907225,8.032706674378625e-16
369.0431499168804,131.09338930768322,0.03942169199154561,130.9915383603813,5.166584767189084,9.10934060983914e-16
369.5431499168804,130.5940941995354,0.03962613097739892,130.4915762163262,5.173584480401644,8.53841114906146e-16
370.0431499168804,130.0948044651536,0.039832139200979506,129.99161394602072,5.1805841886086865,1.0565546408095205e-15
370.5431499168804,129.5955201661575,0.04003973478240491,129.49165154751657,5.187583891706514,1.1804265122601502e-15
371.0431499168804,129.09624136511172,0.04024893612158187,128.9916890188277,5.194583589588908,1.0302077283426362e-15
371.5431499168804,128.59696812554398,0.040459761903622236,128.49172635792962,5.2015832821470545,7.728774710959898e-16
372.0431499168804,128.09770051196375,0.04067223110438508,127.99176356275818,5.208582969269475,1.0963628707521542e-15
372.5431499168804,127.59843858988124,0.04088636299614838,127.49180063120895,5.2155826508419505,1.1312227505949709e-15
373.0431499168804,127.09918242582691,0.041102177153413896,126.99183756113608,5.222582326747444,9.550915828218282e-16
373.5431499168804,126.59993208737134,0.04131969345884881,126.49187435035142,5.229581996866018,1.095224724406355e-15
374.0431499168804,126.10068764314566,0.041538932109368015,125.99191099662345,5.2365816610747515,1.3565609380566835e-15
374.5431499168804,125.60144916286237,0.04175991362236085,125.49194749767626,5.243581319247656,1.2253402544937186e-15
375.0431499168804,125.10221671733674,0.04198265884206633,124.99198385118855,5.250580971255588,1.1446041041110062e-15
375.5431499168804,124.60299037850872,0.04220718894610102,124.49202005479242,5.2575806169661545,1.1196799027418497e-15
376.0431499168804,124.10377021946525,0.04243352545214381,123.99205610607237,5.2645802562436215,1.1562969889908178e-15
376.5431499168804,123.60455631446325,0.04266169022478207,123.49209200256406,5.271579888948813,8.625256782753128e-16
377.0431499168804,123.10534873895311,0.042891705482523634,122.99212774175318,5.278579514939015,8.90964823967944e-16
377.5431499168804,122.6061475696027,0.04312359380497939,122.49216332107413,5.285579134067866,8.496580354316787e-16
378.0431499168804,122.10695288432203,0.043357378140221316,121.99219873790892,5.292578746185255,7.315875350807158e-16
378.5431499168804,121.60776476228851,0.043593081812321,121.49223398958577,5.299578351137205,7.560104508602131e-16
379.0431499168804,121.10858328397276,0.043830728529073756,120.99226907337774,5.306577948765761,7.813541164658739e-16
379.5431499168804,120.60940853116513,0.04407034238991375,120.49230398650153,5.313577538908871,8.076572492729239e-16
380.0431499168804,120.1102405870028,0.04431194789402567,119.99233872611588,5.320577121400263,6.67968291525649e-16
380.5431499168804,119.61107953599765,0.044555569948658544,119.49237328932024,5.327576696069316,8.633058661584683e-16
381.0431499168804,119.1119254640647,0.04480123387764777,118.99240767315327,5.3345762627409306,8.927381444509908e-16
381.5431499168804,118.61277845855139,0.04504896543015131,118.49244187459125,5.341575821235392,9.233036766686903e-16
382.0431499168804,118.11363860826748,0.04529879078960641,117.99247589054654,5.3485753713682325,6.685357946130055e-16
382.5431499168804,117.61450600351576,0.04555073658291338,117.49250971786594,5.355574912950079,8.892283506947576e-16
383.0431499168804,117.11538073612354,0.04580482988985314,116.99254335332904,5.3625744457865085,8.178385461991695e-16
383.5431499168804,116.61626289947493,0.046061098252745486,116.49257679364644,5.369573969677887,8.463257163478496e-16
384.0431499168804,116.11715258854395,0.0463195696863553,115.99261003545803,5.376573484419217,7.66441929498963e-16
384.5431499168804,115.6180498999284,0.04658027268805414,115.49264307533112,5.3835729897999585,7.933725496586528e-16
385.0431499168804,115.11895493188477,0.04684323624824496,114.99267590975856,5.390572485603865,8.800414146315713e-16
385.5431499168804,114.61986778436396,0.047108489861057826,114.49270853515685,5.3975719716088015,8.50487562996428e-16
386.0431499168804,114.12078855904782,0.047376063535324975,113.99274094786402,5.404571447586555,1.1953292392366682e-15
386.5431499168804,113.62171735938688,0.047645987805843754,113.49277314413766,5.411570913302651,1.1077541343934308e-15
387.0431499168804,113.1226542906388,0.047918293744936176,112.99280512015277,5.418570368516143,1.0125426407087138e-15
387.5431499168804,112.6235994599081,0.04819301297431436,112.49283687199954,5.425569812979415,1.2588959896151887e-15
388.0431499168804,112.1245529761867,0.048470177677261236,111.99286839568114,5.432569246437966,1.087106675868834e-15
388.5431499168804,111.62551495039568,0.048749820611136384,111.49289968711132,5.439568668630185,9.764650351640351e-16
389.0431499168804,111.12648549542807,0.049031975120217085,110.99293074211202,5.446568079287123,8.564617397855907e-16
389.5431499168804,110.62746472619287,0.0493166751488852,110.49296155641095,5.453567478132253,7.26490344092567e-16
390.0431499168804,110.12845275966015,0.0496039552551707,109.99299212563888,5.460566864881227,6.69607220654938e-16
390.5431499168804,109.62944971490748,0.04989385062466317,109.49302244532724,5.467566239241613,8.680491844738125e-16
391.0431499168804,109.13045571316749,0.05018639708480298,108.99305251090509,5.474565600912637,7.203118314026318e-16
391.5431499168804,108.63147087787684,0.050481631119564226,108.49308231769658,5.481564949584899,5.60454979128768e-16
392.0431499168804,108.13249533472644,0.05077958988454211,107.99311186091785,5.488564284940094,5.815311859771947e-16
392.5431499168804,107.63352921171314,0.05108031122245764,107.49314113567415,5.495563606650708,4.023352284953451e-16
393.0431499168804,107.13457263919271,0.05138383367909327,106.99317013695665,5.5025629143797135,6.264124012686377e-16
393.5431499168804,106.63562574993448,0.05169019651967354,106.49319885963934,5.509562207780249,5.419204472510199e-16
394.0431499168804,106.13668867917727,0.05199943974570509,105.99322729847559,5.516561486495283,6.752262750633815e-16
394.5431499168804,105.63776156468711,0.05231160411229131,105.49325544809491,5.5235607501572765,9.349695050504557e-16
395.0431499168804,105.13884454681643,0.05262673114593718,104.99328330299926,5.530559998387814,6.676626373577452e-16
395.5431499168804,104.63993776856498,0.05294486316286057,104.4933108575595,5.537559230797239,8.827904603028613e-16
396.0431499168804,104.14104137564244,0.05326604328782684,103.9933381060116,5.544558446984259,9.172798734732155e-16
396.5431499168804,103.6421555165329,0.053590315473524344,103.49336504245275,5.551557646535549,7.490150209257577e-16
397.0431499168804,103.14328034256104,0.053917724520498866,102.99339166083732,5.558556829025336,7.785653751190959e-16
397.5431499168804,102.6444160079604,0.05424831609766595,102.49341795497271,5.565555994014952,9.566027658261927e-16
398.0431499168804,102.14556266994343,0.05458213676342077,101.99344391851504,5.5725551410523915,6.121336510352916e-16
398.5431499168804,101.64672048877372,0.054919233987365826,101.49346954496471,5.5795542696718385,6.36644731885515e-16
399.0431499168804,101.14788962784029,0.05525965617267772,100.9934948276618,5.586553379393177,7.450480536803916e-16
399.5431499168804,100.649070253734,0.05560345267913489,100.4935197597813,5.59355246972148,1.0335754212672078e-15
400.0431499168804,100.15026253632631,0.05595067384682937,99.99354433432815,5.600551540146482,8.963248828510431e-16
400.5431499168804,99.65146664885033,0.05630137102058611,99.49356854413217,5.607550590142025,1.0262398737071318e-15
401.0431499168804,99.15268276798426,0.05665559657511481,98.99359238184283,5.614549619165489,8.741310270019808e-16
401.5431499168804,98.65391107393731,0.05701340394091979,98.49361583992365,5.621548626657187,1.011346101916272e-15
402.0431499168804,98.15515175053828,0.05737484763099479,97.99363891064664,5.62854761203975,8.426445337901229e-16
402.5431499168804,97.65640498532677,0.05773998326833046,97.49366158608643,5.635546574717468,8.777862221732921e-16
403.0431499168804,97.15767096964711,0.05810886761426351,96.99368385811415,5.642545514075628,8.002612958385579e-16
403.5431499168804,96.65894989874528,0.05848155859769771,96.4937057183912,5.6495444294798025,8.935556616697433e-16
404.0431499168804,96.1602419718686,0.05885811534522803,95.99372715836265,5.656543320275109,8.693156071745225e-16
404.5431499168804,95.66154739236876,0.059238598212200747,95.49374816925055,5.663542185785459,9.710760854149806e-16
405.0431499168804,95.16286636780778,0.05962306881474342,94.9937687420469,5.670541025312748,8.101216599273599e-16
405.5431499168804,94.66419911006744,0.06001159006280027,94.49378886750638,5.677539838136034,9.154081443987972e-16
406.0431499168804,94.16554583546207,0.06040422619420988,93.99380853613881,5.684538623510658,9.550225316250233e-16
406.5431499168804,93.66690676485487,0.06080104280986376,93.49382773820142,5.69153738066735,6.132768035300322e-16
407.0431499168804,93.16828212377796,0.06120210690998579,92.99384646369059,5.6985361088112745,1.0401708075005886e-15
407.5431499168804,92.6696721425562,0.06160748693157458,92.49386470233357,5.705534807121049,7.517926850026289e-16
408.0431499168804,92.17107705643498,0.06201725278705217,91.99388244357971,5.7125334747477154,7.850421191126259e-16
408.5431499168804,91.67249710571217,0.062431475904164736,91.49389967659143,5.7195321108136605,9.11059997718552e-16
409.0431499168804,91.17393253587417,0.06285022926718269,90.99391639023477,5.726530714411492,7.614410066094063e-16
409.5431499168804,90.6753835977366,0.06327358745944975,90.49393257306967,5.733529284602874,8.951420612505855e-16
410.0431499168804,90.17685054758938,0.06370162670733272,89.9939482133398,5.740527820417285,9.356214383326825e-16
410.5431499168804,89.6783336473467,0.0641344249256259,89.49396329896204,5.747526320850749,9.781704489675789e-16
411.0431499168804,89.1798331647019,0.06457206176446657,88.99397781751553,5.754524784864492,1.1933917994629336e-15
411.5431499168804,88.68134937328743,0.06501461865782031,88.4939917562303,5.761523211383536,1.0699574834360164e-15
412.0431499168804,88.18288255284025,0.0654621788735978,87.99400510197546,5.768521599295233,9.950708673645378e-16
412.5431499168804,87.6844329893727,0.06591482756546733,87.49401784124686,5.775519947447739,9.111986410703659e-16
413.0431499168804,87.18600097534915,0.06637265182643007,86.99402996015439,5.782518254648399,1.0901047901618096e-15
413.5431499168804,86.68758680986865,0.06683574074422849,86.49404144440861,5.789516519662072,1.1414187423875725e-15
414.0431499168804,86.18919079885382,0.06730418545866133,85.99405227930691,5.796514741209368,9.713146318196187e-16
414.5431499168804,85.69081325524617,0.06777807922088182,85.49406244971921,5.803512917964807,1.017577796005393e-15
415.0431499168804,85.19245449920822,0.06825751745475962,84.99407194007289,5.810511048554888,6.562048231202711e-16
415.5431499168804,84.6941148583326,0.06874259782039058,84.49408073433722,5.817509131556067,6.878336445164162e-16
416.0431499168804,84.1957946678584,0.0692334202798422,83.99408881600715,5.824507165492637,9.014832227039606e-16
416.5431499168804,83.6974942708952,0.06973008716522712,83.49409616808636,5.831505148834497,9.454607533242382e-16
417.0431499168804,83.19921401865498,0.07023270324920113,82.99410277306966,5.838503079994836,9.918647065064161e-16
417.5431499168804,82.70095427069215,0.07074137581798658,82.49410861292456,5.845500957327671,1.040844629500487e-15
418.0431499168804,82.20271539515234,0.07125621474702754,81.99411366907232,5.852498779125293,1.2018162890644371e-15
418.5431499168804,81.70449776902998,0.07177733257938732,81.49411792236776,5.859496543615566,1.0898231869970344e-15
419.0431499168804,81.20630177843526,0.0723048446070051,80.99412135307864,5.8664942489591025,1.2048932225304174e-15
419.5431499168804,80.70812781887072,0.07283886895493356,80.4941239408638,5.873491893246297,1.1392993530861135e-15
420.0431499168804,80.20997629551806,0.07337952666868562,79.99412566475074,5.880489474494198,1.2638571305371903e-15
420.5431499168804,79.7118476235354,0.07392694180482465,79.49412650311174,5.887486990643239,1.1887929627854542e-15
421.0431499168804,79.2137422283656,0.07448124152493926,78.99412643363942,5.89448443955379,1.2501286048725157e-15
421.5431499168804,78.71566054605603,0.07504255619315062,78.49412543332083,5.901481819002531,1.1603332365169613e-15
422.0431499168804,78.21760302359031,0.07561101947730782,77.99412347841066,5.908479126678649,9.767813927892426e-16
422.5431499168804,77.71957011923264,0.07618676845403474,77.49412054440306,5.915476360179823,1.2852060462626807e-15
423.0431499168804,77.22156230288505,0.07676994371779994,76.99411660600241,5.922473517008009,1.2630408685048038e-15
423.5431499168804,76.72358005645837,0.07736068949418996,76.49411163709247,5.929470594565,1.1403096486836531e-15
424.0431499168804,76.22562387425752,0.07795915375757595,75.99410561070447,5.936467590147748,1.3016171595060016e-15
424.5431499168804,75.7276942633815,0.07856548835337285,75.4940984989834,5.943464500943438,1.1608578018464286e-15
425.0431499168804,75.2297917441391,0.07917984912510127,74.99409027315306,5.9504613240243,1.1127119707025938e-15
425.5431499168804,74.73191685048086,0.07980239604647286,74.49408090347923,5.95745805634213,1.1149483445235272e-15
426.0431499168804,74.23407013044793,0.08043329335873178,73.99407035923124,5.964454694722528,1.4240699706887924e-15
426.5431499168804,73.73625214663895,0.08107270971349721,73.49405860864181,5.971451235858813,1.3070489238073896e-15
427.0431499168804,73.23846347669529,0.08172081832136485,72.99404561886473,5.978447676305591,1.3110881694624482e-15
427.5431499168804,72.74070471380605,0.08237779710653942,72.49403135593087,5.985444012471985,1.457756420619875e-15
428.0431499168804,72.24297646723333,0.08304382886778464,71.99401578470182,5.9924402406144806,1.3863297126829432e-15
428.5431499168804,71.74527936285888,0.08371910144599307,71.49399886882128,5.999436356829356,1.384033522576464e-15
429.0431499168804,71.24761404375326,0.08440380789869453,70.99398057066439,6.006432357044701,1.3774891695966666e-15
429.5431499168804,70.74998117076836,0.08509814668183965,70.49396085128417,6.0134282370119685,1.5483060809361004e-15
430.0431499168804,70.25238142315466,0.08580232183921356,69.9939396703556,6.0204239922970455,1.4458071316999351e-15
430.5431499168804,69.7548154992042,0.08651654319985494,69.49391698611686,6.027419618270809,1.6327669863348756e-15
431.0431499168804,69.25728411692069,0.08724102658387652,68.99389275530757,6.034415110099122,1.4051059566750523e-15
431.5431499168804,68.75978801471803,0.08797599401710572,68.49386693310394,6.041410462732257,1.3170550594421147e-15
432.0431499168804,68.26232795214867,0.08872167395498806,67.99383947305077,6.048405670893682,1.5175321525390348e-15
432.5431499168804,67.76490471066322,0.08947830151622145,67.49381032698973,6.055400729068186,1.6736979300352831e-15
433.0431499168804,67.26751909440307,0.0902461187266165,66.99377944498416,6.062395631489289,1.639107806403593e-15
433.5431499168804,66.7701719310275,0.09102537477370715,66.49374677523984,6.069390372125895,1.5222905452207827e-15
434.0431499168804,66.27286407257715,0.09181632627266638,65.99371226402177,6.076384944668125,1.6164852460686525e-15
434.5431499168804,65.77559639637568,0.09261923754411497,65.49367585556642,6.083379342512299,1.6355043486654024e-15
435.0431499168804,65.27836980597166,0.09343438090444602,64.99363749198942,6.09037355874497,1.9121044670554536e-15
435.5431499168804,64.7811852321227,0.09426203696932564,64.49359711318832,6.097367586125979,1.7559441869133509e-15
436.0431499168804,64.28404363382408,0.09510249497107,63.99355465674008,6.104361417070443,2.1629772047733228e-15
436.5431499168804,63.78694599938431,0.09595605309064158,63.493510057793095,6.111355043629605,1.988209340751033e-15
437.0431499168804,63.289893347549956,0.09682301880505328,62.9934632489532,6.1183484574704705,2.005721050942544e-15
437.5431499168804,62.792886728682625,0.09770370925101766,62.493414160163546,6.125341649854133,1.840063319926866e-15
438.0431499168804,62.295927225990646,0.09859845160573069,61.9933627185777,6.1323346116127,1.7082629903316171e-15
438.5431499168804,61.799015956818685,0.09950758348573559,61.49330884842576,6.139327333124718,1.8892487715067116e-15
439.0431499168804,61.30215407399835,0.10043145336487184,60.993252470872854,6.146319804288984,1.799844625515545e-15
439.5431499168804,60.805342767263184,0.10137042101237861,60.49319350386965,6.153312014496626,1.844579787999977e-15
440.0431499168804,60.308583264731645,0.10232485795229061,59.99313186199429,6.160303952601312,1.9702421298621582e-15
440.5431499168804,59.81187683446196,0.10329514794533812,59.49306745628531,6.1672956068874765,1.8424024749878528e-15
441.0431499168804,59.31522478608283,0.10428168749464187,58.99300019406469,6.174286965036369,1.8762495058167394e-15
441.5431499168804,58.81862847250438,0.10528488637657847,58.49292997875071,6.181278014089804,1.806637132433465e-15
442.0431499168804,58.322089291714,0.10630516819828321,57.99285670965958,6.188268740411395,1.8265503553436795e-15
442.5431499168804,57.825608688661966,0.10734297098335518,57.49278028179544,6.19525912964511,1.7262706066270004e-15
443.0431499168804,57.32918815724212,0.10839874778743498,56.99270058562763,6.202249166670918,1.6651029187099318e-15
443.5431499168804,56.83282924237324,0.10947296734543879,56.492617506854494,6.209238835557301,1.8517577931293575e-15
444.0431499168804,56.33653354218704,0.11056611475235469,55.99253092615277,6.216228119510377,1.7741019015623722e-15
444.5431499168804,55.840302710329254,0.11167869217963866,55.49244071891159,6.223217000819379,1.6762614488170953e-15
445.0431499168804,55.34413845838068,0.11281121962938966,54.99234675494993,6.2302054607981745,1.800922680241562e-15
445.5431499168804,54.848042558405375,0.11396423572863575,54.49224889821629,6.237193479722502,1.9360918282190833e-15
446.0431499168804,54.352016845634,0.11513829856622894,53.99214700646953,6.244181036762588,1.8934185930723077e-15
446.5431499168804,53.85606322129056,0.11633398657502397,53.49204093093926,6.251168109910743,1.6305627744782428e-15
447.0431499168804,53.360183655571625,0.11755189946220948,52.99193051596441,6.258154675903514,1.646654183380505e-15
447.5431499168804,52.86438019078758,0.11879265919086777,52.49181559860838,6.265140710137949,1.656650127468743e-15
448.0431499168804,52.3686549446763,0.12005691101606512,51.991696008248944,6.272126186581444,1.6593622653565931e-15
448.5431499168804,51.873010113900314,0.12134532457901812,51.49157156614107,6.279111077674638,1.7223128694661296e-15
449.0431499168804,51.37744797773928,0.12265859506314615,50.991442084950634,6.286095354226741,1.7860857161828186e-15
449.5431499168804,50.8819709019907,0.12399744441610625,50.49130736825667,6.293078985302631,1.6894686163948606e-15
450.0431499168804,50.38658134309248,0.1253626226422176,49.991167210019874,6.300061938100979,1.740714126189476e-15
450.5431499168804,49.89128185248223,0.12675490917002016,49.49102139401466,6.307044177822618,1.8846346848881032e-15
451.0431499168804,49.396075081209105,0.12817511430007847,48.99086969322183,6.314025667528247,1.7357427784940612e-15
451.5431499168804,48.90096378481547,0.12962408073853976,48.49071186917896,6.32100636798451,1.9929406548834366e-15
452.0431499168804,48.40595082850669,0.1311026852223896,47.99054767128472,6.327986237497378,1.9225614229227927e-15
452.5431499168804,47.911039192629175,0.13261184024281927,47.490376836053855,6.334965231731631,2.1534884006317613e-15
453.0431499168804,47.416231978477995,0.1341524958736338,46.9901990863184,6.341943303515151,2.2700954241517047e-15
453.5431499168804,46.92153241445743,0.13572564171218965,46.49001413037096,6.348920402626573,1.9296311292383674e-15
454.0431499168804,46.42694386261948,0.13733230894096332,45.98982166104501,6.35589647556468,1.8491808531893915e-15
454.5431499168804,45.93246982560754,0.13897357251851883,45.48962135472713,6.362871465297797,2.0155424797813056e-15
455.0431499168804,45.43811395403458,0.14065055350937353,44.98941287029511,6.3698453109911854,1.799088880484435e-15
455.5431499168804,44.943880054327714,0.1423644215630587,44.4891958479759,6.376817947710299,2.0737251689307503e-15
456.0431499168804,44.449772097073634,0.14411639755354627,43.988969908116076,6.383789306097427,2.147350134623575e-15
456.5431499168804,43.95579422590232,0.14590775639117023,43.48873464985742,6.39075931201908,2.414676908238143e-15
457.0431499168804,43.46195076694971,0.14773983002022123,42.988489649709045,6.3977278861810944,2.28716550028197e-15
457.5431499168804,42.96824623894345,0.14961401061654533,42.48823446000689,6.4046949437081135,2.3507260577275364e-15
458.0431499168804,42.47468536395975,0.1515317540007436,41.98796860725039,6.4116603936837295,2.407823127411397e-15
458.5431499168804,41.98127307890361,0.15349458328396062,41.48769159030488,6.418624138647114,2.4563396272271883e-15
459.0431499168804,41.48801454776928,0.1555040927647819,40.987402878457665,6.425586074041475,2.3898166745390623e-15
459.5431499168804,40.99491517474301,0.15756195209744553,40.48710190931377,6.43254608760914,2.6885012759154174e-15
460.0431499168804,40.50198061821581,0.1596699107534346,39.986788086516306,6.439504058727409,2.6482708777627133e-15
460.5431499168804,40.00921680578014,0.16182980280056664,39.48646077727476,6.446459857678621,2.9921882027047833e-15
461.0431499168804,39.516629950291204,0.16404355202596446,38.986119309682536,6.453413344847062,2.9216615655587497e-15
461.5431499168804,39.02422656708139,0.16631317743179702,38.4857629698032,6.460364369834422,3.3171692066943442e-15
462.0431499168804,38.53201349242454,0.1686407991354526,37.98539099850251,6.467312770484435,3.391609367169487e-15
462.5431499168804,38.03999790335612,0.17102864470887857,37.48500258800092,6.474258371806196,3.5525430575636147e-15
463.0431499168804,37.548187338965725,0.17347905599522825,36.98459687811804,6.4812009847841905,4.0612157001473736e-15
463.5431499168804,37.056589723289676,0.17599449644473752,36.48417295217784,6.488140405061591,4.129050551748944e-15
464.0431499168804,36.56521338994416,0.17857755901595593,35.98372983253915,6.4950764114815325,4.382395552527317e-15
464.5431499168804,36.074067108653566,0.18123097469313218,35.48326647571231,6.502008764469024,4.726718919353424e-15
465.0431499168804,35.58316011384423,0.18395762167575994,34.982781767018125,6.5089372042338285,5.010165861662675e-15
465.5431499168804,35.092502135491415,0.18676053530209383,34.48227451473986,6.515861448771858,5.403321280332367e-15
466.0431499168804,34.602103432426695,0.1896429187749231,33.98174344371325,6.522781191639551,6.1644778493609295e-15
466.5431499168804,34.1119748283348,0.19260815476512824,33.48118718829257,6.529696099472041,6.66434227517273e-15
467.0431499168804,33.62212775069334,0.1956598179766413,32.98060428462344,6.536605809211758,7.276725830387341e-15
467.5431499168804,33.13257427293585,0.19880168876549675,32.47999316214393,6.543509925009212,8.110821951618695e-15
468.0431499168804,32.64332716014945,0.20203776791582367,31.97935213422595,6.550408014752114,8.875730428354295e-15
468.5431499168804,32.15439991865228,0.20537229268703877,31.478679387857383,6.557299606172394,9.5183093277189e-15
469.0431499168804,31.665806849834677,0.20880975425931939,30.977972972252523,6.56418418247302,1.0826972064438946e-14
469.5431499168804,31.177563108690943,0.21235491671885928,30.477230786263576,6.5710611774076595,1.1883434048064909e-14
470.0431499168804,30.689684767517644,0.21601283774065555,29.97645056444905,6.577929969735682,1.3201251126349438e-14
470.5431499168804,30.2021888853089,0.2197888911448959,29.47562986163526,6.5847898769628355,1.4602664425862056e-14
471.0431499168804,29.71509358344136,0.22368879152369964,28.974766035784974,6.5916401482635045,1.6172048295245964e-14
471.5431499168804,29.228418128311475,0.22771862115834698,28.473856228961264,6.598479956463515,1.8040913676216526e-14
472.0431499168804,28.742183021666975,0.23188485947359005,27.97289734614503,6.605308388942473,2.046994198186245e-14
472.5431499168804,28.256410099464304,0.23619441530561794,27.471886031630362,6.612124437291007,2.2987910510537758e-14
473.0431499168804,27.771122640185645,0.2406546622942514,26.970818642682158,6.6189269855302255,2.577927861053972e-14
473.5431499168804,27.28634548366499,0.24527347774855532,26.46969122009447,6.62571479666749,2.9148828292491363e-14
474.0431499168804,26.802105161604405,0.2500592853789519,25.968499455234813,6.6324864973229145,3.302581346190977e-14
474.5431499168804,26.318430041111608,0.25502110233886793,25.467238653097546,6.639240560113794,3.7433090751610026e-14
475.0431499168804,25.83535048276116,0.26016859107585055,24.96590369081757,6.645975283427487,4.273921602009481e-14
475.5431499168804,25.35289901487675,0.26551211655696405,24.464488971011207,6.652688768145516,4.822255516942965e-14
476.0431499168804,24.87111052595544,0.27106280950732,23.962988369213473,6.659378890799901,5.5207677731445495e-14
476.5431499168804,24.39002247741025,0.27683263638515515,23.46139517456585,6.666043272544467,6.312277542850512e-14
477.0431499168804,23.90967513910021,0.28283447691351565,22.959702022774835,6.672679243204771,7.227277151948979e-14
477.5431499168804,23.43011185045285,0.28908221009911983,22.457900820203974,6.679283799526168,8.302671937425922e-14
478.0431499168804,22.95137931036954,0.2955908097953977,21.95598265777774,6.685853556564195,9.53288864123504e-14
478.5431499168804,22.47352789954705,0.302376451011357,21.453937713158556,6.692384690947816,1.1034491832728604e-13
479.0431499168804,21.99661203935813,0.3094566283334283,20.951755139403605,6.698872874484902,1.2801274702086914e-13
479.5431499168804,21.520690592019726,0.316850288016734,20.449422938007775,6.705313196259197,1.4795600430244013e-13
480.0431499168804,21.04582730745227,0.32457797551857853,19.94692781388614,6.711700070974508,1.7173065237908487e-13
480.5431499168804,20.572091323009897,0.33266200049395017,19.444255009433267,6.718027130816632,2.000396179787523e-13
481.0431499168804,20.09955772315565,0.3411266215543203,18.941388114307024,6.724287097503695,2.333911614740959e-13
481.5431499168804,19.628308167184702,0.3499982534110665,18.43830884700805,6.730471630451644,2.730687608701745e-13
482.0431499168804,19.158431594281716,0.359305699387499,17.934996803648726,6.736571146056565,3.202002344483694e-13
482.5431499168804,18.690025016557456,0.3690804126925666,17.431429168510352,6.742574601941757,3.762268998421392e-13
483.0431499168804,18.223194412267294,0.3793567903080163,16.927580380057325,6.74846923857464,4.4292328420088704e-13
483.5431499168804,17.758055733194883,0.39017250385091623,16.423421744993068,6.754240268849233,5.231885818784499e-13
484.0431499168804,17.29473604221236,0.40156887233452976,15.918920991686456,6.759870503955203,6.195764659366214e-13
484.5431499168804,16.833374799326684,0.4135912823582551,15.414041752853475,6.765339900987713,7.35180757518615e-13
485.0431499168804,16.374125317108753,0.4262896619014197,14.90874296573661,6.770625014131335,8.748762090534049e-13
485.5431499168804,15.917156409287426,0.43971901455667567,14.402978176186062,6.775698326669202,1.0435419417724492e-12
486.0431499168804,15.462654259469426,0.4539400216833405,13.8966947310346,6.780527435260707,1.2484480549458267e-12
486.5431499168804,15.010824540388176,0.4690197205357013,13.389832841029458,6.785074050561931,1.49726054579166e-12
487.0431499168804,14.561894817721283,0.48503226684283224,12.882324494454851,6.789292768908006,1.8010085727635266e-12
487.5431499168804,14.116117276220002,0.5020597904589146,12.374092199653402,6.793129557904342,2.172804592325903e-12
488.0431499168804,13.673771809449208,0.520193352379496,11.86504753328021,6.7965198837264555,2.629075159613774e-12
488.5431499168804,13.235169517500342,0.5395340103567517,11.355089470862985,6.79938638890796,3.1918920833000644e-12
489.0431499168804,12.800656659086755,0.5601939981530428,10.844102477985155,6.801636005460621,3.889676217883983e-12
489.5431499168804,12.370619104678466,0.5822980195899646,10.331954345532017,6.803156358255919,4.758626781230263e-12
490.0431499168804,11.945487334645437,0.6059846522009464,9.818493763031759,6.8038112765920395,5.848753430880746e-12
490.5431499168804,11.525742019143054,0.631407845408452,9.303547643299133,6.803435186779024,7.227185800864961e-12
491.0431499168804,11.111920202456501,0.658738483278273,8.7869182439102,6.8018261048485344,8.987751208491512e-12
491.5431499168804,10.704622090707145,0.6881659601557844,8.26838018303808,6.798736886628177,1.126181315032431e-11
492.0431499168804,10.304518404272816,0.7198996864523997,7.7476775279830035,6.793864324990922,1.4238940223912468e-11
492.5431499168804,9.912358200044558,0.7541703986120825,7.224521256624559,6.7868356174708175,1.8195050943951265e-11
493.0431499168804,9.528976987898883,0.7912310885930125,6.6985875707540465,6.777191674495112,2.353455246023416e-11
493.5431499168804,9.155304854230778,0.8313572909033368,6.169517794443752,6.76436672260926,3.085292649878498e-11
494.0431499168804,8.79237415742975,0.8748463672530397,5.636920939341509,6.747663717750889,4.10170280933572e-11
494.5431499168804,8.441326172840263,0.9220153109685594,5.100380475432811,6.72622528332956,5.525966638303619e-11
495.0431499168804,8.10341584119237,0.9731964619206814,4.559467405722154,6.699000318812107,7.526551695444877e-11
495.5431499168804,7.780013529019301,1.0287303942914672,4.013762361797185,6.664707211479259,1.0317294072173872e-10
496.0431499168804,7.472602473957511,1.08895514599706,3.4628899956021892,6.621795875150047,1.4135741633206085e-10
496.5431499168804,7.182770417377358,1.1541909529862138,2.906569203297433,6.568412771377438,1.9174965032930603e-10
497.0431499168804,6.912193902774218,1.224719810636466,2.344682280163052,6.502375685442858,2.5433855509589215e-10
497.5431499168804,6.662613940620746,1.3007596026453867,1.7773644016221548,6.421168141825927,3.245488547930428e-10
498.0431499168804,6.435802303216778,1.3824333056599472,1.205111205295864,6.321966329312481,3.8952870749112733e-10
498.5430088672195,6.2335721037580285,1.4697095271694058,0.629059231011794,6.201750209144927,4.242975634967334e-10
499.0198409024254,6.065061332846606,1.5580542230754044,0.0772795493284471,6.0645689741684565,3.978920044549429e-10
499.4765580758538,5.927293017202001,1.6470439954650158,-0.45150449137067233,5.910071590602242,3.1562738021056305e-10
499.91584988522015,5.81762753016096,1.7362780556260096,-0.9583232277756267,5.738153594214119,1.8861086416086072e-10
500.33902729109394,5.733959605021256,1.8251356473151197,-1.4426988602546236,5.549496621373467,3.409654068796168e-11
500.7456923018841,5.674449260598562,1.9126782381612397,-1.90241972498085,5.346042798286538,-1.2516251957724034e-10
501.1333375688475,5.637166373185944,1.9975557712810315,-2.333353181934716,5.131579449578219,-2.648645242336343e-10
501.4967779079946,5.6196651106458235,2.077904322137631,-2.7291972604733843,4.912445243382821,-3.663244262945907e-10
501.7712487671437,5.617708579379974,2.1387808175600007,-3.0219569785176947,4.735654727999875,-3.851400262228333e-10
502.0455483953294,5.625443872839456,2.1995567905746736,-3.308563895679502,4.549617974585673,-4.032810420487048e-10
502.3491238872539,5.645267637628251,2.266495149305618,-3.6181763170688988,4.333341301934871,-4.3410808723495704e-10
502.6875093418148,5.681216789419225,2.3403824191538294,-3.9532067004187206,4.0802427614228325,-4.854337331893059e-10
503.0516209118564,5.73601563842729,2.418633631476228,-4.301158822472686,3.7949846097379374,-5.496696516101959e-10
503.43595212748977,5.811654512074705,2.4993794870539245,-4.653810797539658,3.481001756451951,-6.159078981213628e-10
503.8372628995338,5.909657149654534,2.5812171717950183,-5.005808185917737,3.1410081235587293,-6.753290076098838e-10
504.2540965101334,6.031364721538329,2.663124812333295,-5.354050909567188,2.7769586352662667,-7.242909104477336e-10
504.6864950189928,6.178206395671131,2.7443980004034954,-5.697231926296412,2.389933606923117,-7.643810077554884e-10
505.13576069205106,6.351924073572717,2.8245798365943156,-6.035413092523427,1.980082886908884,-8.008014111372406e-10
505.6042729225528,6.554751803537301,2.9033928478868014,-6.369673874247396,1.546617580950658,-8.405901695938921e-10
506.0953913054129,6.789573855341783,2.980682853779511,-6.701865645589236,1.087800535765388,-8.913507987690047e-10
506.5953913054129,7.050284344393997,3.053836879540107,-7.02315437457727,0.6179093523027863,-9.45313611841543e-10
507.0953913054129,7.331080511652746,3.1215833941332853,-7.3296129865635065,0.14667970389348883,-9.936183308080458e-10
507.5953913054129,7.630251239513942,3.184177151256924,-7.623333785700652,-0.3248322180742123,-1.0344062698732287e-09
508.0953913054129,7.946163663107877,3.241922903656681,-7.906203526661646,-0.795903735321642,-1.067000480212882e-09
508.5953913054129,8.277282882850487,3.2951523490678842,-8.179882938409303,-1.26606754821773,-1.0918064207289508e-09
509.0953913054129,8.622183671780656,3.3442064456627243,-8.445807853633823,-1.7350449473769254,-1.1098880746950907e-09
509.5953913054129,8.979555629578762,3.3894225816888754,-8.705203484301734,-2.2026918989274438,-1.1225604107549891e-09
510.0953913054129,9.348203316528558,3.431125812794117,-8.959105529515726,-2.668957354128436,-1.1311112947600313e-09
510.5953913054129,9.727042788957208,3.4696233180154734,-9.208383814440833,-3.133852093534174,-1.1366540465026502e-09
511.0953913054129,10.115095744850068,3.5052012847660614,-9.453765777433063,-3.597426101106096,-1.1400803069347362e-09
511.5953913054129,10.51148224230529,3.5381235499721493,-9.695858299764986,-4.059752549254435,-1.1420648170856833e-09
512.0953913054129,10.915412716707747,3.5686314573506888,-9.9351671642785,-4.520916742642747,-1.1430985262613322e-09
512.5953913054129,11.326179816819527,3.5969445165134757,-10.17211392504036,-4.981008686895661,-1.143525812893965e-09
513.0953913054129,11.743150413196059,3.6232615575004306,-10.407050256593998,-5.440118250890652,-1.1435824742351624e-09
513.5953913054129,12.16575800390227,3.64776216143655,-10.640269999508655,-5.898332149605363,-1.1434245401839655e-09
514.0953913054129,12.593495647749185,3.6706082152805766,-10.87201918074547,-6.355732181533473,-1.143154838206177e-09
514.5953913054129,13.025909488036971,3.6919454888819,-11.102504298681879,-6.81239431391651,-1.142836519315002e-09
515.0953913054129,13.462592883944435,3.7119051690693263,-11.331899146748855,-7.2683883280094435,-1.1425088042267842e-09
515.5953913054129,13.903181136845202,3.7306053113719178,-11.560350420962896,-7.723777823608806,-1.1421934440710399e-09
516.0953913054129,14.347346780538327,3.74815218787766,-11.787982323662472,-8.17862044467431,-1.141902407151975e-09
516.5953913054129,14.794795394211107,3.7646415218093563,-12.01490034316741,-8.632968232324608,-1.1416410502218533e-09
517.0953913054129,15.245261892315341,3.7801596072911328,-12.241194359208187,-9.086868042696118,-1.1414104216631456e-09
517.5953913054129,15.69850724454373,3.7947843177327303,-12.466941197778496,-9.54036198884116,-1.1412094117025851e-09
518.0953913054129,16.154315580392524,3.80858600918189,-12.69220673673409,-9.993487880760874,-1.141036065698465e-09
518.5953913054129,16.612491635451416,3.82162832654306,-12.917047644778252,-10.446279647820647,-1.1408868412807673e-09
519.0953913054129,17.07285849993346,3.8339689211985957,-13.141512821042134,-10.898767734617312,-1.1407596516961061e-09
519.5953913054129,17.535255633623724,3.8456600886220893,-13.365644589832495,-11.350979465879314,-1.1406509017123653e-09
520.0953913054129,17.99953711511477,3.8567493342670307,-13.589479694834885,-11.802939378903224,-1.140558972674727e-09
520.5953913054129,18.46557009674425,3.867279875500223,-13.813050128721562,-12.254669523867246,-1.1404805091999833e-09
521.0953913054129,18.933233439960958,3.8772910867301174,-14.036383827368793,-12.706189733465953,-1.1404141031508094e-09
521.5953913054129,19.402416508873937,3.8868188942219155,-14.259505252439078,-13.15751786392427,-1.1403578428937998e-09
522.0953913054129,19.873018102469263,3.895896126435948,-14.482435881683129,-13.60867000974041,-1.140309923423994e-09
522.5953913054129,20.344945508414078,3.904552825098893,-14.705194622761194,-14.059660694591935,-1.1402693616905372e-09
523.0953913054129,20.818113663522784,3.9128165216330655,-14.92779816350846,-14.510503040794537,-1.1402346100078224e-09
523.5953913054129,21.292444407856674,3.920712483034143,-15.150261269241698,-14.961208919582065,-1.1402054120017746e-09
524.0953913054129,21.767865821090044,3.928263930804411,-15.37259703581683,-15.411789084313856,-1.1401803718886193e-09
524.5953913054129,22.2443116312271,3.9354922361160076,-15.594817105613602,-15.862253288533964,-1.1401589875715906e-09
525.0953913054129,22.721720687018873,3.9424170939941354,-15.816931852375186,-16.31261039062175,-1.1401408659562969e-09
525.5953913054129,23.200036486529772,3.94905667897021,-16.03895053981182,-16.762868446592986,-1.1401248857015676e-09
526.0953913054129,23.679206755260022,3.955427784355394,-16.260881458044977,-17.213034792440318,-1.1401115743932047e-09
526.5953913054129,24.159183068061253,3.961545947021915,-16.482732041285356,-17.66311611724507,-1.1401003178299113e-09
527.0953913054129,24.639920509804313,3.967425559348944,-16.704508969577393,-18.11311852814925,-1.1400903982929222e-09
527.5953913054129,25.12137737038532,3.973079969787958,-16.92621825698051,-18.563047608147954,-1.14008189098515e-09
528.0953913054129,25.6035148702008,3.9785215733259647,-17.147865328175843,-19.01290846754747,-1.1400747583351144e-09
528.5953913054129,26.08629691269636,3.983761892970637,-17.36945508517126,-19.46270578983225,-1.1400681971487006e-09
529.0953913054129,26.569689861005465,3.9888116532465503,-17.59099196551509,-19.912443872593844,-1.140062773972898e-09
529.5953913054129,27.053662336053616,3.9936808465738083,-17.81247999321108,-20.362126664095303,-1.140058178633909e-09
530.0953913054129,27.538185033815854,3.998378793297289,-18.03392282334485,-20.81175779597488,-1.1400539942688167e-09
530.5953913054129,28.023230559688376,4.00291419604458,-18.255323781280143,-21.261340612531473,-1.1400505326886324e-09
531.0953913054129,28.508773278173162,4.007295189011758,-18.476685897155654,-21.710878196980644,-1.1400472813318111e-09
531.5953913054129,28.994789176282815,4.011529382707047,-18.698011936305946,-22.160373395023093,-1.1400446461876438e-09
532.0953913054129,29.481255739255058,4.015623904621795,-18.91930442613985,-22.609828836026256,-1.1400422161346196e-09
532.5953913054129,29.968151837326182,4.019585436245044,-19.140565679933584,-23.059246952083782,-1.1400404620765764e-09
533.0953913054129,30.455457622452823,4.023420246791254,-19.361797817931297,-23.508629995186247,-1.1400386217010334e-09
533.5953913054129,30.94315443399464,4.0271342239696954,-19.5830027860913,-23.957980052708585,-1.1400368898740143e-09
534.0953913054129,31.431224712478855,4.030732902087885,-19.804182372769464,-24.407299061396134,-1.1400355025378374e-09
534.5953913054129,31.91965192066296,4.034221487749575,-20.025338223592325,-24.856588820009367,-1.1400342627200716e-09
535.0953913054129,32.40842047119611,4.037604883379751,-20.24647185473789,-25.305851000769554,-1.140033239969111e-09
535.5953913054129,32.897515660254044,4.0408877087842505,-20.467584664814016,-25.755087159730795,-1.1400323814733424e-09
536.0953913054129,33.38692360658808,4.0440743209296945,-20.68867794549919,-26.20429874618979,-1.1400316288152611e-09
536.5953913054129,33.87663119548684,4.04716883211001,-20.909752891089017,-26.6534871112323,-1.1400306906000827e-09
537.0953913054129,34.366626027201136,4.050175126648608,-21.130810607074093,-27.10265351550404,-1.1400299491495444e-09
537.5953913054129,34.856896369427915,4.053096876270005,-21.351852117858577,-27.551799136283915,-1.1400293646442476e-09
538.0953913054129,35.34743111349016,4.055937554261126,-21.572878373715575,-28.00092507392938,-1.1400286614997952e-09
538.5953913054129,35.838219733885566,4.058700448530452,-21.79389025706342,-28.450032357755603,-1.1400282255840413e-09
539.0953913054129,36.32925225090929,4.061388673662433,-22.014888588136934,-28.899121951403924,-1.1400277423154606e-09
539.5953913054129,36.82051919608461,4.064005182055024,-22.235874130118606,-29.348194757748857,-1.1400274878804663e-09
540.0953913054129,37.31201158016122,4.066552774219625,-22.456847593787444,-29.79725162338782,-1.1400270929638046e-09
540.5953913054129,37.803720863463674,4.069034108315112,-22.677809641735777,-30.246293342753166,-1.1400268370721076e-09
541.0953913054129,38.29563892839318,4.0714517089807725,-22.898760892199235,-30.69532066188184,-1.1400265651810785e-09
541.5953913054129,38.78775805390427,4.073807975526874,-23.11970192253929,-31.14433428187459,-1.1400262689386092e-09
542.0953913054129,39.28007089179447,4.076105189536085,-23.340633272413818,-31.593334862073178,-1.1400260481889727e-09
542.5953913054129,39.77257044465988,4.078345521924062,-23.5615554466669,-32.042323022981236,-1.1400259205372642e-09
543.0953913054129,40.2652500453829,4.080531039503093,-23.782468917965588,-32.49129934895199,-1.140025580907246e-09
543.5953913054129,40.75810333803051,4.082663711088694,-24.003374129208552,-32.94026439066352,-1.1400257889106396e-09
544.0953913054129,41.25112426005207,4.084745413185494,-24.224271495728704,-33.38921866740045,-1.1400254742386913e-09
544.5953913054129,41.744307025675624,4.086777935285502,-24.445161407309534,-33.838162669158855,-1.1400251424700567e-09
545.0953913054129,42.237646110410296,4.08876298480895,-24.66604423003265,-34.28709685858998,-1.140025284797647e-09
545.5953913054129,42.731136236570556,4.090702191715251,-24.886920307972716,-34.73602167279622,-1.140025181064812e-09
546.0953913054129,43.22477235974515,4.092597112809271,-25.107789964753565,-35.184937524992264,-1.1400253443388454e-09
546.5953913054129,43.718549656140084,4.094449235765923,-25.328653504978384,-35.633844806042646,-1.1400249708919077e-09
547.0953913054129,44.212463510731,4.096259982894172,-25.549511215545483,-36.08274388588589,-1.1400250345957127e-09
547.5953913054129,44.70650950616565,4.098030714659748,-25.77036336685981,-36.531635114854765,-1.140025034006389e-09
548.0953913054129,45.200683412362025,4.099762732984287,-25.99121021394945,-36.98051882490116,-1.1400250984022737e-09
548.5953913054129,45.694981176752066,4.101457284337136,-26.21205199749563,-37.42939533073318,-1.1400249309036458e-09
549.0953913054129,46.189398915125174,4.103115562634755,-26.43288894478361,-37.87826493087168,-1.140024590057985e-09
549.5953913054129,46.68393290302903,4.104738711961425,-26.65372127058133,-38.327127908632505,-1.1400247701039153e-09
550.0953913054129,47.178579567688914,4.106327829123899,-26.874549177951984,-38.77598453304048,-1.1400248162690611e-09
550.5953913054129,47.673335480409634,4.107883966051592,-27.09537285900614,-39.2248350596802,-1.1400245689584841e-09
551.0953913054129,48.168197349426926,4.1094081320530425,-27.31619249559844,-39.67367973148887,-1.1400247202398653e-09
551.5953913054129,48.663162013177846,4.110901295938502,-27.537008259973344,-40.12251877949533,-1.1400247512278301e-09
552.0953913054129,49.1582264339619,4.1123643880177685,-27.7578203153644,-40.571352423509545,-1.1400248759056946e-09
552.5953913054129,49.65338769196691,4.11379830198168,-27.978628816550412,-41.02018087276635,-1.140024311333211e-09
553.0953913054129,50.148642979635454,4.11520389667504,-28.199433910372427,-41.46900432652655,-1.1400244724619428e-09
553.5953913054129,50.64398959634955,4.116581997768177,-28.42023573621425,-41.91782297463899,-1.1400244577426663e-09
554.0953913054129,51.139424943413005,4.117933399333775,-28.641034426449597,-42.36663699806607,-1.1400245354986007e-09
554.5953913054129,51.63494651931216,4.119258865335162,-28.861830106858562,-42.81544656937563,-1.1400243546330098e-09
555.0953913054129,52.13055191523735,4.120559131031753,-29.082622897015547,-43.264251853201436,-1.140024367526857e-09
555.5953913054129,52.62623881084851,4.121834904306953,-29.303412910650863,-43.71305300667477,-1.1400241999220422e-09
556.0953913054129,53.122004970269714,4.123086866923433,-29.524200255988454,-44.161850179828875,-1.1400241078738353e-09
556.5953913054129,53.61784823829827,4.124315675710353,-29.74498503606085,-44.61064351597835,-1.1400245256208391e-09
557.0953913054129,54.11376653681531,4.125521963686758,-29.965767349003528,-45.05943315207534,-1.1400242814046422e-09
557.5953913054129,54.60975786138538,4.126706341125113,-30.186547288330203,-45.508219219043795,-1.1400244657717015e-09
558.0953913054129,55.10582027803372,4.127869396558628,-30.407324943190055,-45.9570018420937,-1.1400244493322977e-09
558.5953913054129,55.60195192019042,4.129011697735803,-30.628100398608815,-46.40578114101631,-1.1400242596415259e-09
559.0953913054129,56.09815098579163,4.1301337925253625,-30.848873735714285,-46.85455723046192,-1.1400243423529006e-09
559.5953913054129,56.594415734528376,4.131236209774564,-31.069645031947722,-47.30333022020119,-1.1400242772669134e-09
560.0953913054129,57.0907444852345,4.132319460123627,-31.290414361262084,-47.75210021537123,-1.1400244042053386e-09
560.5953913054129,57.58713561340543,4.133384036778874,-31.511181794307976,-48.200867316707296,-1.1400243949790949e-09
561.0953913054129,58.08358754884039,4.134430416246993,-31.73194739860825,-48.649631620761184,-1.140024176505969e-09
561.5953913054129,58.580098773400906,4.135459059032678,-31.95271123872177,-49.09839322010721,-1.1400244647672348e-09
562.0953913054129,59.076667818878946,4.136470410301731,-32.17347337639762,-49.547152203536385,-1.1400244024859938e-09
562.5953913054129,59.57329326496863,4.137464900511622,-32.394233870719845,-49.995908656239706,-1.1400242798411015e-09
563.0953913054129,60.06997373733563,4.1384429460113275,-32.61499277824361,-50.444662659981276,-1.1400241852682932e-09
563.5953913054129,60.566707905778806,4.139404949612179,-32.83575015312347,-50.89341429326176,-1.1400244170209105e-09
564.0953913054129,61.06349448247909,4.140351301131335,-33.05650604723408,-51.34216363147283,-1.140024255305315e-09
564.5953913054129,61.56033222033081,4.141282377909391,-33.27726051028384,-51.790910747043284,-1.1400242436029268e-09
565.0953913054129,62.05721991135086,4.142198545303544,-33.498013589922124,-52.239655709577136,-1.1400242666253152e-09
565.5953913054129,62.55415638516179,4.143100157157639,-33.71876533184043,-52.68839858598431,-1.1400241120448427e-09
566.0953913054129,63.05114050754451,4.14398755625036,-33.93951577986759,-53.13713944060443,-1.1400240228531356e-09
566.5953913054129,63.548171179057256,4.144861074722717,-34.160264976059835,-53.58587833532397,-1.1400240764393218e-09
567.0953913054129,64.04524733371707,4.145721034485953,-34.38101296078582,-54.03461532968724,-1.1400240669935232e-09
567.5953913054129,64.54236793774068,4.146567747610889,-34.60175977280691,-54.4833504810016,-1.140024289653741e-09
568.0953913054129,65.03953198834158,4.147401516699691,-34.82250544935296,-54.932083844437315,-1.1400242618165599e-09
568.5953913054129,65.5367385125805,4.1482226352409715,-35.04325002619413,-55.38081547312208,-1.1400242300714671e-09
569.0953913054129,66.03398656626653,4.14903138794908,-35.26399353770885,-55.829545418230815,-1.1400241546884819e-09
569.5953913054129,66.53127523290622,4.149828051088414,-35.484736016947906,-56.278273729070975,-1.1400242829709387e-09
570.0953913054129,67.02860362269836,4.150612892783491,-35.70547749569541,-56.7270004531634,-1.1400238445898285e-09
570.5953913054129,67.52597087157206,4.151386173315522,-35.92621800452621,-57.17572563631926,-1.1400240892109145e-09
571.0953913054129,68.02337614026604,4.152148145406148,-36.14695757286066,-57.62444932271306,-1.1400242648391976e-09
571.5953913054129,68.52081861344708,4.152899054488994,-36.36769622901625,-58.073171554952225,-1.1400242972053871e-09
572.0953913054129,69.01829749886559,4.153639138969643,-36.588434000256704,-58.52189237414299,-1.1400244175489693e-09
572.5953913054129,69.51581202654671,4.154368630474589,-36.80917091283843,-58.97061181995338,-1.1400244664429488e-09
573.0953913054129,70.01336144801502,4.15508775408972,-37.029906992054876,-59.41932993067291,-1.140024603523642e-09
573.5953913054129,70.51094503555136,4.1557967285888395,-37.25064226227837,-59.86804674326953,-1.140024530879583e-09
574.0953913054129,71.00856208148012,4.1564957666526965,-37.47137674699977,-60.316762293443944,-1.1400245049947617e-09
574.5953913054129,71.50621189748576,4.15718507507899,-37.69211046886664,-60.76547661568111,-1.1400245692290816e-09
575.0953913054129,72.00389381395682,4.157864854983774,-37.912843449718984,-61.21418974329947,-1.1400242496220712e-09
575.5953913054129,72.50160717935658,4.158535301994666,-38.13357571062347,-61.66290170849794,-1.1400245244918213e-09
576.0953913054129,72.99935135961876,4.159196606436256,-38.35430727190594,-62.1116125424006,-1.1400246458164586e-09
576.5953913054129,73.49712573756726,4.159848953508061,-38.57503815318243,-62.560322275099345,-1.1400244120807953e-09
577.0953913054129,73.99492971235888,4.160492523455387,-38.79576837338863,-63.009030935694526,-1.140024256327982e-09
577.5953913054129,74.49276269894781,4.161127491733425,-39.016497950807725,-63.45773855233392,-1.1400243828840955e-09
578.0953913054129,74.99062412757111,4.161754029164878,-39.23722690309729,-63.90644515224977,-1.1400244918983062e-09
578.5953913054129,75.48851344325402,4.162372302091424,-39.45795524731468,-64.35515076179415,-1.1400241360373125e-09
579.0953913054129,75.98643010533442,4.162982472519296,-39.67868299994127,-64.80385540647288,-1.1400241634440735e-09
579.5953913054129,76.48437358700536,4.163584698259229,-39.899410176905576,-65.25255911097777,-1.1400241171546994e-09
580.0953913054129,76.98234337487514,4.1641791330610465,-40.12013679360522,-65.70126189921764,-1.1400241273928503e-09
580.5953913054129,77.4803389685438,4.164765926743101,-40.34086286492814,-66.14996379434768,-1.1400241202825013e-09
581.0953913054129,77.97835988019578,4.16534522531682,-40.56158840527238,-66.59866481879799,-1.1400242870434828e-09
581.5953913054129,78.47640563420751,4.165917171106548,-40.78231342856543,-67.04736499430032,-1.1400240703657175e-09
582.0953913054129,78.97447576676976,4.166481902864908,-41.00303794828253,-67.49606434191408,-1.1400241543653204e-09
582.5953913054129,79.47256982552382,4.167039555883868,-41.2237619774641,-67.94476288205107,-1.1400243074502252e-09
583.0953913054129,79.97068736921103,4.1675902621016965,-41.44448552873227,-68.39346063449919,-1.1400243393999788e-09
583.5953913054129,80.4688279673351,4.168134150205989,-41.665208614307105,-68.84215761844511,-1.1400244814552657e-09
584.0953913054129,80.96699119983658,4.168671345732928,-41.885931246021535,-69.29085385249608,-1.140024481945042e-09
584.5953913054129,81.4651766567792,4.1692019711629325,-42.106653435336206,-69.73954935470069,-1.1400245343740588e-09
585.0953913054129,81.96338393804726,4.169726146012858,-42.327375193353284,-70.1882441425688,-1.1400247224117463e-09
585.5953913054129,82.46161265305389,4.170243986924883,-42.54809653082976,-70.63693823309085,-1.1400244491399273e-09
586.0953913054129,82.95986242045966,4.170755607752228,-42.7688174581903,-71.08563164275598,-1.1400244659434833e-09
586.5953913054129,83.45813286790094,4.171261119641821,-42.98953798553942,-71.53432438756985,-1.140024624281322e-09
587.0953913054129,83.95642363172794,4.171760631114061,-43.21025812267314,-71.98301648307138,-1.1400245234837816e-09
587.5953913054129,84.45473435675171,4.172254248139772,-43.43097787909025,-72.43170794434901,-1.140024397712252e-09
588.0953913054129,84.95306469599998,4.172742074214479,-43.651697264002955,-72.88039878605629,-1.14002442149231e-09
588.5953913054129,85.45141431048134,4.173224210430104,-43.87241628634737,-73.32908902242669,-1.1400244284214944e-09
589.0953913054129,85.9497828689575,4.173700755544194,-44.09313495479308,-73.77777866728806,-1.1400243949208386e-09
589.5953913054129,86.44817004772328,4.174171806046771,-44.31385327775286,-74.22646773407632,-1.1400243629751676e-09
590.0953913054129,86.94657553039407,4.174637456224909,-44.53457126339148,-74.67515623584879,-1.140024309672285e-09
590.5953913054129,87.44499900770037,4.175097798225111,-44.75528891963466,-75.12384418529676,-1.140024248922338e-09
591.0953913054129,87.94344017728926,4.175552922113591,-44.976006254177214,-75.57253159475782,-1.140024306867087e-09
591.5953913054129,88.44189874353243,4.176002915934535,-45.196723274491056,-76.02121847622756,-1.1400242288580743e-09
592.0953913054129,88.9403744173406,4.176447865766408,-45.41743998783309,-76.46990484137086,-1.1400242326657061e-09
592.5953913054129,89.43886691598401,4.17688785577641,-45.638156401252296,-76.91859070153284,-1.1400241469848955e-09
593.0953913054129,89.93737596291872,4.177322968273121,-45.858872521596986,-77.36727606774913,-1.1400241968105573e-09
593.5953913054129,90.43590128761873,4.177753283757425,-46.07958835552168,-77.81596095075605,-1.140024424884928e-09
594.0953913054129,90.93444262541338,4.178178880971771,-46.300303909493394,-78.26464536100032,-1.1400241555210429e-09
594.5953913054129,91.43299971733002,4.178599836947837,-46.52101918979822,-78.7133293086482,-1.140024251664488e-09
595.0953913054129,91.93157230994174,4.179016227052654,-46.741734202547036,-79.1620128035947,-1.1400240900072728e-09
595.5953913054129,92.43016015521998,4.179428125033241,-46.962448953681616,-79.61069585547197,-1.1400241314651508e-09
596.0953913054129,92.9287630103917,4.179835603059829,-47.18316344898,-80.05937847365782,-1.1400240347533304e-09
596.5953913054129,93.42738063780119,4.180238731767698,-47.40387769406191,-80.50806066728356,-1.1400241156114033e-09
597.0953913054129,93.92601280477612,4.180637580297695,-47.62459169439404,-80.95674244524184,-1.140024208223646e-09
597.5953913054129,94.42465928349776,4.181032216335481,-47.84530545529488,-81.40542381619403,-1.1400239453286331e-09
598.0953913054129,94.92331985087532,4.1814227061495455,-48.06601898193959,-81.85410478857736,-1.1400240811275484e-09
598.5953913054129,95.42199428842407,4.181809114628041,-48.28673227936451,-82.30278537061194,-1.140023990859002e-09
599.0953913054129,95.92068238214728,4.182191505314473,-48.507445352471564,-82.75146557030736,-1.1400239407786095e-09
599.5953913054129,96.41938392242167,4.182569940442295,-48.72815820603276,-83.20014539546905,-1.1400239154999882e-09
600.0953913054129,96.91809870388651,4.182944480968434,-48.94887084469404,-83.64882485370461,-1.14002376082146e-09
600.5953913054129,97.41682652533589,4.183315186605805,-49.16958327297948,-84.09750395242966,-1.1400239688349987e-09
601.0953913054129,97.91556718961435,4.183682115854831,-49.39029549529478,-84.54618269887379,-1.140024074540991e-09
601.5953913054129,98.41432050351558,4.18404532603401,-49.611007515931284,-84.99486110008591,-1.1400241556006253e-09
602.0953913054129,98.91308627768422,4.1844048733095685,-49.83171933906937,-85.44353916293976,-1.1400240131284505e-09
602.5953913054129,99.41186432652046,4.1847608127242255,-50.05243096878185,-85.89221689413912,-1.1400241050109092e-09
603.0953913054129,99.91065446808756,4.1851131982251,-50.273142409037234,-86.3408943002228,-1.1400239341704537e-09
603.5953913054129,100.409456524022,4.185462082690791,-50.49385366370304,-86.78957138756942,-1.1400241381416078e-09
604.0953913054129,100.90827031944634,4.185807517957665,-50.714564736548866,-87.23824816240207,-1.1400242274364595e-09
604.5953913054129,101.40709568288456,4.186149554845365,-50.93527563124906,-87.6869246307931,-1.1400242338837523e-09
605.0953913054129,101.90593244617983,4.186488243181579,-51.155986351386055,-88.13560079866802,-1.1400240493774056e-09
605.5953913054129,102.40478044441475,4.186823631826091,-51.37669690045262,-88.58427667181019,-1.1400241065432952e-09
606.0953913054129,102.9036395158338,4.187155768694135,-51.59740728185487,-89.03295225586459,-1.1400240307905679e-09
606.5953913054129,103.40250950176797,4.18748470077907,-51.81811749891468,-89.4816275563419,-1.1400242948530379e-09
607.0953913054129,103.9013902465616,4.187810474174419,-52.03882755487232,-89.93030257862223,-1.1400242417989793e-09
607.5953913054129,104.40028159750135,4.18813313409527,-52.259537452888615,-90.3789773279589,-1.1400243285361447e-09
608.0953913054129,104.89918340474695,4.188452724899073,-52.480247196047465,-90.82765180948195,-1.1400243611873873e-09
608.5953913054129,105.39809552126415,4.188769290105851,-52.700956787357995,-91.27632602820157,-1.1400242478094244e-09
609.0953913054129,105.89701780275935,4.18908287241784,-52.92166622975669,-91.72499998901151,-1.1400243080867978e-09
609.5953913054129,106.39595010761614,4.189393513738582,-53.14237552610954,-92.17367369669225,-1.1400243535845807e-09
610.0953913054129,106.89489229683356,4.189701255191486,-53.363084679214,-92.62234715591418,-1.1400242923339739e-09
610.5953913054129,107.39384423396606,4.190006137137872,-53.58379369180105,-93.07102037124052,-1.140024250634167e-09
611.0953913054129,107.89280578506516,4.190308199194523,-53.80450256653689,-93.51969334713046,-1.1400243210753943e-09
611.5953913054129,108.39177681862257,4.190607480250747,-54.02521130602501,-93.96836608794172,-1.1400244090569222e-09
612.0953913054129,108.890757205515,4.190904018484978,-54.24591991280778,-94.41703859793348,-1.1400242503548184e-09
612.5953913054129,109.38974681895037,4.191197851380924,-54.46662838936829,-94.86571088126901,-1.1400242229083585e-09
613.0953913054129,109.8887455344155,4.1914890157432785,-54.68733673813173,-95.31438294201831,-1.1400242832709786e-09
613.5953913054129,110.38775322962522,4.191777547713003,-54.90804496146739,-95.7630547841604,-1.1400241876896283e-09
614.0953913054129,110.88676978447273,4.192063482782206,-55.12875306168983,-96.21172641158603,-1.1400241479893698e-09
614.5953913054129,111.38579508098147,4.192346855808618,-55.34946104106074,-96.66039782809966,-1.1400242815808666e-09
615.0953913054129,111.88482900325805,4.1926277010296875,-55.57016890179,-97.10906903742217,-1.1400243913459813e-09
615.5953913054129,112.38387143744659,4.192906052076295,-55.79087664603741,-97.55774004319268,-1.140024291059061e-09
616.0953913054129,112.88292227168415,4.193181941986115,-56.01158427591387,-98.00641084897092,-1.1400243421224477e-09
616.5953913054129,113.3819813960574,4.193455403216618,-56.232291793482794,-98.45508145823918,-1.1400244201153307e-09
617.0953913054129,113.88104870256029,4.193726467657737,-56.452999200761276,-98.90375187440442,-1.1400241748716038e-09
617.5953913054129,114.38012408505301,4.193995166644206,-56.67370649972148,-99.3524221008001,-1.1400241707122866e-09
618.0953913054129,114.8792074392218,4.194261530967571,-56.894413692291664,-99.80109214068816,-1.1400241107819035e-09
618.5953913054129,115.37829866253993,4.194525590887898,-57.115120780357536,-100.24976199726079,-1.1400241194326746e-09
619.0953913054129,115.87739765422965,4.194787376145178,-57.33582776576318,-100.6984316736423,-1.1400240501201416e-09
619.5953913054129,116.37650431522506,4.195046915970436,-57.556534650312344,-101.14710117289073,-1.1400237879916072e-09
620.0953913054129,116.87561854813596,4.195304239096564,-57.77724143576931,-101.5957704979996,-1.1400240147192487e-09
620.5953913054129,117.3747402572126,4.195559373768873,-57.99794812385998,-102.04443965189955,-1.1400240567684556e-09
621.0953913054129,117.8738693483113,4.195812347755378,-58.218654716273015,-102.49310863745983,-1.140024085136543e-09
621.5953913054129,118.37300572886102,4.196063188356831,-58.43936121466054,-102.94177745748999,-1.1400241265517081e-09
622.0953913054129,118.87214930783058,4.196311922416491,-58.66006762063932,-103.39044611474112,-1.1400239852318983e-09
622.5953913054129,119.3712999956969,4.196558576329662,-58.880773935791574,-103.83911461190758,-1.1400237961384452e-09
623.0953913054129,119.87045770441388,4.196803176052984,-59.10148016166579,-104.28778295162815,-1.1400240478447472e-09
623.5953913054129,120.36962234738209,4.197045747113502,-59.322186299777606,-104.73645113648764,-1.1400239549125876e-09
624.0953913054129,120.86879383941924,4.197286314617503,-59.54289235161085,-105.18511916901798,-1.1400238749696052e-09
624.5953913054129,121.36797209673128,4.1975249032591435,-59.76359831861797,-105.63378705169963,-1.1400238155791897e-09
625.0953913054129,121.86715703688432,4.197761537328861,-59.98430420222117,-106.08245478696286,-1.1400238505949819e-09
625.5953913054129,122.36634857877714,4.197996240721583,-60.20501000381294,-106.53112237718881,-1.1400238851176923e-09
626.0953913054129,122.86554664261435,4.198229036944734,-60.42571572475686,-106.97978982471088,-1.1400238824185544e-09
626.5953913054129,123.36475114988033,4.198459949126053,-60.64642136638837,-107.42845713181575,-1.140023712517548e-09
627.0953913054129,123.86396202331363,4.198689000021219,-60.867126930015374,-107.8771243007445,-1.1400236812904733e-09
627.5953913054129,124.36317918688205,4.198916212021296,-61.08783241691904,-108.32579133369369,-1.1400236965602864e-09
628.0953913054129,124.86240256575833,4.199141607159999,-61.30853782835426,-108.77445823281653,-1.140023810055173e-09
628.5953913054129,125.3616320862964,4.199365207120786,-61.52924316555046,-109.22312500022373,-1.1400237139836327e-09
629.0953913054129,125.86086767600816,4.199587033243785,-61.74994842971221,-109.67179163798464,-1.1400238226080078e-09
629.5953913054129,126.36010926354085,4.199807106532556,-61.9706536220197,-110.12045814812814,-1.140023876049016e-09
630.0953913054129,126.85935677865491,4.200025447660692,-62.19135874362946,-110.56912453264357,-1.1400239503513313e-09
630.5953913054129,127.3586101522024,4.200242076978267,-62.412063795674946,-111.01779079348172,-1.1400239308008404e-09
631.0953913054129,127.85786931610586,4.200457014518136,-62.632768779266826,-111.46645693255574,-1.140023888025152e-09
631.5953913054129,128.35713420333772,4.200670280002085,-62.853473695493825,-111.91512295174195,-1.1400238475996204e-09
632.0953913054129,128.85640474790011,4.200881892846837,-63.07417854542323,-112.36378885288057,-1.1400237898019137e-09
632.5953913054129,129.35568088480525,4.201091872169927,-63.29488333010108,-112.81245463777687,-1.1400236498630465e-09
633.0953913054129,129.85496255005611,4.201300236795433,-63.51558805055311,-113.26112030820157,-1.1400236760738619e-09
633.5953913054129,130.35424968062776,4.2015070052595815,-63.73629270778488,-113.70978586589199,-1.1400238567743594e-09
634.0953913054129,130.85354221444885,4.201712195816224,-63.95699730278246,-114.15845131255253,-1.140023615360334e-09
634.5953913054129,131.35284009038375,4.20191582644219,-64.17770183651268,-114.60711664985556,-1.1400236009981622e-09
635.0953913054129,131.852143248215,4.202117914842513,-64.39840630992376,-115.0557818794422,-1.140023685121361e-09
635.5953913054129,132.35145162862602,4.202318478455549,-64.61911072394562,-115.50444700292276,-1.1400234502484433e-09
636.0953913054129,132.85076517318456,4.202517534457969,-64.8398150794904,-115.95311202187769,-1.1400234935271124e-09
636.5953913054129,133.3500838243261,4.202715099769648,-65.06051937745275,-116.40177693785819,-1.1400237574081666e-09
637.0953913054129,133.8494075253379,4.2029111910584405,-65.28122361871044,-116.85044175238666,-1.1400235461913358e-09
637.5953913054129,134.3487362203433,4.203105824744852,-65.50192780412445,-117.29910646695761,-1.1400237238841668e-09
638.0953913054129,134.8480698542864,4.203299017006605,-65.72263193453955,-117.7477710830381,-1.1400238441327202e-09
638.5953913054129,135.347408372917,4.20349078378311,-65.94333601078456,-118.19643560206848,-1.1400237403720105e-09
639.0953913054129,135.84675172277596,4.203681140779826,-66.1640400336729,-118.64510002546277,-1.1400239190657227e-09
639.5953913054129,136.34609985118092,4.203870103472539,-66.38474400400271,-119.09376435460936,-1.1400237660441822e-09
640.0953913054129,136.8454527062121,4.204057687111543,-66.60544792255723,-119.54242859087164,-1.140023812871982e-09
640.5953913054129,137.34481023669863,4.204243906725724,-66.82615179010529,-119.99109273558835,-1.1400236333396025e-09
641.0953913054129,137.84417239220522,4.204428777126561,-67.0468556074014,-120.43975679007434,-1.1400238550158602e-09
641.5953913054129,138.3435391230188,4.204612312912044,-67.2675593751863,-120.88842075562083,-1.14002390919531e-09
642.0953913054129,138.84291038013572,4.204794528470497,-67.48826309418703,-121.33708463349608,-1.1400238123131719e-09
642.5953913054129,139.34228611524927,4.2049754379843325,-67.70896676511747,-121.78574842494587,-1.140023777783432e-09
643.0953913054129,139.84166628073717,4.205155055433712,-67.92967038867846,-122.2344121311939,-1.1400238876219748e-09
643.5953913054129,140.34105082964962,4.205333394600143,-68.150373965558,-122.68307575344241,-1.140023625626991e-09
644.0953913054129,140.84043971569736,4.205510469069985,-68.37107749643191,-123.13173929287234,-1.1400236344635026e-09
644.5953913054129,141.33983289324024,4.2056862922378935,-68.59178098196358,-123.58040275064414,-1.1400236501313622e-09
645.0953913054129,141.8392303172758,4.205860877310185,-68.81248442280467,-124.0290661278979,-1.1400235007619802e-09
645.5953913054129,142.33863194342817,4.206034237308133,-69.03318781959508,-124.47772942575399,-1.1400234341263294e-09
646.0953913054129,142.8380377279373,4.206206385071195,-69.2538911729634,-124.92639264531326,-1.1400234738854064e-09
646.5953913054129,143.3374476276482,4.206377333260174,-69.47459448352704,-125.37505578765764,-1.1400236069376975e-09
647.0953913054129,143.83686160000065,4.206547094360309,-69.69529775189244,-125.82371885385044,-1.1400233907569079e-09
647.5953913054129,144.33627960301888,4.206715680684311,-69.91600097865538,-126.27238184493672,-1.1400233871713092e-09
648.0953913054129,144.83570159530166,4.206883104375323,-70.1367041644012,-126.72104476194369,-1.1400233109804134e-09
648.5953913054129,145.33512753601246,4.207049377409835,-70.35740730970488,-127.1697076058811,-1.1400235149445512e-09
649.0953913054129,145.8345573848699,4.207214511600526,-70.57811041513155,-127.61837037774151,-1.140023561904218e-09
649.5953913054129,146.3339911021383,4.207378518599053,-70.79881348123632,-128.06703307850074,-1.1400235606090238e-09
650.0953913054129,146.83342864861856,4.207541409898786,-71.01951650856476,-128.51569570911818,-1.1400232237043156e-09
650.5953913054129,147.33286998563906,4.207703196837483,-71.2402194976531,-128.96435827053702,-1.1400233460311769e-09
651.0953913054129,147.83231507504686,4.207863890599912,-71.46092244902829,-129.41302076368473,-1.1400233822590622e-09
651.5953913054129,148.331763879199,4.208023502220423,-71.68162536320818,-129.86168318947324,-1.140023340466331e-09
652.0953913054129,148.8312163609541,4.2081820425854675,-71.90232824070185,-130.31034554879938,-1.140023229488334e-09
652.5953913054129,149.33067248366393,4.208339522436061,-72.12303108200966,-130.75900784254512,-1.140023463837728e-09
653.0953913054129,149.83013221116536,4.208495952370208,-72.34373388762349,-131.20767007157778,-1.140023387568991e-09
653.5953913054129,150.32959550777227,4.2086513428452665,-72.56443665802699,-131.65633223675044,-1.140023455033089e-09
654.0953913054129,150.82906233826776,4.208805704180279,-72.78513939369546,-132.1049943389022,-1.140023255855836e-09
654.5953913054129,151.32853266789647,4.208959046558245,-73.0058420950963,-132.55365637885842,-1.1400232999535929e-09
655.0953913054129,151.82800646235708,4.209111380028355,-73.22654476268916,-133.002318357431,-1.1400233653551744e-09
655.5953913054129,152.32748368779482,4.209262714508178,-73.44724739692597,-133.45098027541854,-1.1400233334037985e-09
656.0953913054129,152.82696431079438,4.209413059785813,-73.66794999825112,-133.89964213360687,-1.140023367632159e-09
656.5953913054129,153.32644829837267,4.20956242552199,-73.88865256710163,-134.34830393276908,-1.1400232145295041e-09
657.0953913054129,153.8259356179719,4.209710821252132,-74.10935510390735,-134.79696567366565,-1.1400232651196514e-09
657.5953913054129,154.32542623745283,4.209858256388383,-74.330057609091,-135.2456273570451,-1.1400232166202215e-09
658.0953913054129,154.82492012508794,4.2100047402215885,-74.55076008306838,-135.69428898364382,-1.1400231167202123e-09
658.5953913054129,155.32441724955495,4.210150281923245,-74.7714625262484,-136.14295055418654,-1.1400231478589045e-09
659.0953913054129,155.8239175799304,4.2102948905474085,-74.99216493903334,-136.59161206938646,-1.1400231926491149e-09
659.5953913054129,156.32342108568315,4.210438575032564,-75.21286732181905,-137.0402735299454,-1.140023110786204e-09
660.0953913054129,156.82292773666845,4.210581344203466,-75.4335696749948,-137.48893493655422,-1.1400232916429889e-09
660.5953913054129,157.3224375031216,4.21072320677294,-75.65427199894371,-137.93759628989275,-1.1400232802379597e-09
661.0953913054129,157.82195035565212,4.210864171343648,-75.87497429404272,-138.3862575906303,-1.1400233762246785e-09
661.5953913054129,158.32146626523792,4.211004246409825,-76.09567656066264,-138.83491883942557,-1.1400234445151761e-09
662.0953913054129,158.8209852032194,4.211143440358982,-76.31637879916832,-139.28358003692716,-1.1400233214697104e-09
662.5953913054129,159.32050714129394,4.211281761473573,-76.53708100991884,-139.7322411837734,-1.1400232334084704e-09
663.0953913054129,159.82003205151034,4.211419217932634,-76.7577831932676,-140.18090228059285,-1.1400232730324787e-09
663.5953913054129,160.31955990626335,4.211555817813394,-76.9784853495624,-140.6295633280043,-1.1400233464797956e-09
664.0953913054129,160.81909067828832,4.211691569092849,-77.19918747914542,-141.07822432661703,-1.1400232580133887e-09
664.5953913054129,161.31862434065607,4.211826479649316,-77.41988958235365,-141.52688527703097,-1.140023411926792e-09
665.0953913054129,161.81816086676764,4.211960557263947,-77.64059165951869,-141.97554617983678,-1.1400233897233428e-09
665.5953913054129,162.31770023034926,4.212093809622228,-77.8612937109669,-142.4242070356162,-1.140023421512847e-09
666.0953913054129,162.81724240544747,4.212226244315439,-78.0819957370196,-142.8728678449421,-1.1400236071811115e-09
666.5953913054129,163.3167873664242,4.212357868842094,-78.30269773799316,-143.32152860837863,-1.1400232458914607e-09
667.0953913054129,163.81633508795198,4.212488690609353,-78.52339971419897,-143.7701893264814,-1.1400233744753597e-09
667.5953913054129,164.31588554500934,4.212618716934409,-78.74410166594357,-144.2188499997977,-1.140023252860577e-09
668.0953913054129,164.81543871287604,4.212747955045845,-78.96480359352884,-144.66751062886655,-1.1400232157602695e-09
668.5953913054129,165.31499456712876,4.212876412084977,-79.18550549725198,-145.1161712142189,-1.1400233063661997e-09
669.0953913054129,165.8145530836365,4.21300409510716,-79.4062073774057,-145.56483175637769,-1.1400232068189434e-09
669.5953913054129,166.31411423855627,4.21313101108308,-79.62690923427819,-146.01349225585824,-1.1400233616655268e-09
670.0953913054129,166.81367800832885,4.213257166900018,-79.84761106815337,-146.46215271316794,-1.1400233498775886e-09
670.5953913054129,167.3132443696745,4.2133825693630955,-80.06831287931061,-146.91081312880695,-1.1400233903662635e-09
671.0953913054129,167.8128132995889,4.213507225196493,-80.28901466802522,-147.35947350326788,-1.1400235340293731e-09
671.5953913054129,168.3123847753391,4.21363114104465,-80.50971643456839,-147.80813383703614,-1.1400234124309174e-09
672.0953913054129,168.81195877445944,4.2137543234734425,-80.73041817920706,-148.25679413059,-1.1400235077154619e-09
672.5953913054129,169.31153527474774,4.21387677897134,-80.95111990220437,-148.7054543844007,-1.1400233473551262e-09
673.0953913054129,169.81111425426135,4.213998513950543,-81.1718216038194,-149.1541145989326,-1.1400233608907127e-09
673.5953913054129,170.3106956913135,4.214119534748098,-81.39252328430742,-149.60277477464336,-1.140023311051691e-09
674.0953913054129,170.81027956446945,4.214239847627,-81.61322494391982,-150.05143491198396,-1.14002324170655e-09
674.5953913054129,171.3098658525429,4.2143594587772615,-81.8339265829043,-150.50009501139883,-1.1400232119439507e-09
675.0953913054129,171.80945453459245,4.21447837431698,-82.05462820150494,-150.94875507332605,-1.1400232166984356e-09
675.5953913054129,172.30904558991796,4.2145966002933735,-82.2753297999623,-151.3974150981973,-1.1400232664104816e-09
676.0953913054129,172.8086389980572,4.214714142683808,-82.4960313785132,-151.8460750864382,-1.1400231665236804e-09
676.5953913054129,173.3082347387824,4.214831007396797,-82.71673293739124,-152.29473503846808,-1.1400231761239858e-09
677.0953913054129,173.80783279209683,4.214947200272997,-82.93743447682631,-152.74339495470053,-1.14002312597346e-09
677.5953913054129,174.30743313823166,4.2150627270861705,-83.15813599704514,-153.1920548355431,-1.1400230726689098e-09
678.0953913054129,174.8070357576426,4.215177593544145,-83.37883749827124,-153.64071468139758,-1.1400229421840571e-09
678.5953913054129,175.3066406310068,4.215291805289751,-83.59953898072469,-154.0893744926601,-1.140023252934216e-09
679.0953913054129,175.8062477392196,4.215405367901742,-83.82024044462256,-154.53803426972118,-1.1400230922067353e-09
679.5953913054129,176.30585706339167,4.215518286895702,-84.04094189017859,-154.9866940129659,-1.1400229251366799e-09
680.0953913054129,176.8054685848458,4.215630567724938,-84.26164331760374,-155.43535372277384,-1.1400229960161279e-09
680.5953913054129,177.30508228511405,4.215742215781354,-84.48234472710567,-155.8840133995194,-1.1400230549235057e-09
681.0953913054129,177.8046981459347,4.215853236396313,-84.70304611888926,-156.33267304357165,-1.1400230443071676e-09
681.5953913054129,178.3043161492495,4.215963634841485,-84.92374749315638,-156.78133265529456,-1.1400230773682372e-09
682.0953913054129,178.80393627720082,4.216073416329676,-85.1444488501061,-157.22999223504706,-1.140023032418146e-09
682.5953913054129,179.3035585121288,4.216182586015654,-85.36515018993461,-157.67865178318308,-1.140023008123582e-09
683.0953913054129,179.80318283656874,4.2162911489969455,-85.58585151283536,-158.1273113000517,-1.140023245792568e-09
683.5953913054129,180.30280923324833,4.216399110314635,-85.80655281899907,-158.57597078599727,-1.1400229267780672e-09
684.0953913054129,180.802437685085,4.216506474954138,-86.02725410861377,-159.0246302413593,-1.140023109035531e-09
684.5953913054129,181.30206817518342,4.216613247845971,-86.24795538186494,-159.47328966647262,-1.140023073073761e-09
685.0953913054129,181.8017006868328,4.216719433866502,-86.46865663893533,-159.9219490616677,-1.140022921507984e-09
685.5953913054129,182.30133520350444,4.216825037838693,-86.68935788000525,-160.3706084272703,-1.1400231140386055e-09
686.0953913054129,182.80097170884935,4.216930064532828,-86.91005910525257,-160.81926776360177,-1.1400230425138909e-09
686.5953913054129,183.3006101866957,4.217034518667229,-87.13076031485257,-161.26792707097925,-1.1400230399815086e-09
687.0953913054129,183.80025062104647,4.217138404908966,-87.35146150897803,-161.7165863497156,-1.1400229550316607e-09
687.5953913054129,184.29989299607703,4.217241727874543,-87.57216268779968,-162.16524560011922,-1.1400232390470699e-09
688.0953913054129,184.79953729613297,4.2173444921305885,-87.7928638514855,-162.6139048224947,-1.1400232734555311e-09
688.5953913054129,185.29918350572768,4.21744670219452,-88.01356500020147,-163.06256401714236,-1.14002322011562e-09
689.0953913054129,185.79883160954017,4.21754836253521,-88.23426613411125,-163.5112231843585,-1.1400230480655109e-09
689.5953913054129,186.29848159241286,4.217649477573633,-88.45496725337613,-163.95988232443554,-1.1400231075294228e-09
690.0953913054129,186.79813343934936,4.217750051683507,-88.67566835815538,-164.40854143766197,-1.1400230794191404e-09
690.5953913054129,187.29778713551244,4.217850089191923,-88.89636944860591,-164.85720052432254,-1.1400231835274448e-09
691.0953913054129,187.7974426662218,4.217949594379961,-89.11707052488269,-165.30585958469817,-1.1400232293243013e-09
691.5953913054129,188.29710001695213,4.218048571483306,-89.33777158713862,-165.75451861906606,-1.1400232398131988e-09
692.0953913054129,188.79675917333094,4.21814702469284,-89.55847263552441,-166.20317762769986,-1.1400230011566269e-09
692.5953913054129,189.29642012113663,4.218244958155239,-89.77917367018895,-166.6518366108694,-1.1400228541183617e-09
693.0953913054129,189.7960828462965,4.2183423759735525,-89.99987469127889,-167.1004955688413,-1.1400232260021286e-09
693.5953913054129,190.29574733488485,4.218439282207774,-90.22057569893899,-167.5491545018785,-1.140023214339226e-09
694.0953913054129,190.79541357312098,4.218535680875402,-90.44127669331233,-167.99781341024055,-1.1400231466669834e-09
694.5953913054129,191.29508154736737,4.218631575952003,-90.66197767453976,-168.44647229418368,-1.1400231723059078e-09
695.0953913054129,191.79475124412784,4.218726971371745,-90.88267864276044,-168.89513115396076,-1.1400232786707142e-09
695.5953913054129,192.29442265004565,4.218821871027945,-91.10337959811157,-169.34378998982152,-1.1400234295896584e-09
696.0953913054129,192.79409575190178,4.21891627877359,-91.32408054072887,-169.79244880201222,-1.1400232052618054e-09
696.5953913054129,193.2937705366131,4.219010198421864,-91.54478147074586,-170.24110759077615,-1.140023434797278e-09
697.0953913054129,193.7934469912307,4.219103633746655,-91.76548238829456,-170.6897663563535,-1.1400232934408268e-09
697.5953913054129,194.2931251029381,4.219196588483063,-91.98618329350518,-171.1384250989813,-1.1400232998041013e-09
698.0953913054129,194.7928048590496,4.219289066327897,-92.20688418650636,-171.5870838188935,-1.1400232944951277e-09
698.5953913054129,195.29248624700864,4.219381070940161,-92.42758506742494,-172.03574251632125,-1.1400232673983704e-09
699.0953913054129,195.7921692543861,4.219472605941539,-92.64828593638612,-172.4844011914927,-1.1400234488298712e-09
699.5953913054129,196.29185386887872,4.21956367491687,-92.86898679351353,-172.93305984463308,-1.1400233450940135e-09
700.0953913054129,196.79154007830755,4.219654281414611,-93.08968763892914,-173.38171847596485,-1.1400235484516836e-09
700.5953913054129,197.2912278706163,4.219744428947301,-93.31038847275342,-173.83037708570757,-1.1400235243775392e-09
701.0953913054129,197.7909172338699,4.2198341209920125,-93.53108929510543,-174.2790356740781,-1.1400231947816992e-09
701.5953913054129,198.29060815625283,4.219923360990799,-93.75179010610235,-174.72769424129058,-1.1400234708933622e-09
702.0953913054129,198.79030062606785,4.220012152351131,-93.97249090586028,-175.17635278755645,-1.1400235131004658e-09
702.5953913054129,199.28999463173432,4.220100498446337,-94.19319169449345,-175.62501131308463,-1.1400235821552034e-09
703.0953913054129,199.78969016178684,4.22018840261602,-94.41389247211491,-176.0736698180813,-1.1400233917339978e-09
703.5953913054129,200.28938720487383,4.220275868166484,-94.63459323883627,-176.52232830275008,-1.1400234931936103e-09
704.0953913054129,200.7890857497561,4.220362898371146,-94.85529399476758,-176.97098676729223,-1.1400233648539178e-09
704.5953913054129,201.28878578530546,4.220449496470946,-95.07599474001759,-177.41964521190638,-1.1400234780349129e-09
705.0953913054129,201.78848730050333,4.220535665674743,-95.29669547469376,-177.86830363678874,-1.1400232762111727e-09
705.5953913054129,202.28819028443948,4.220621409159718,-95.51739619890199,-178.3169620421332,-1.1400231600703047e-09
706.0953913054129,202.7878947263106,4.2207067300717585,-95.73809691274708,-178.7656204281312,-1.1400233496017487e-09
706.5953913054129,203.28760061541908,4.220791631525844,-95.95879761633243,-179.21427879497182,-1.1400234266341396e-09
707.0953913054129,203.78730794117163,4.220876116606426,-96.17949830976018,-179.66293714284188,-1.1400231686922825e-09
707.5953913054129,204.28701669307807,4.2209601883678,-96.4001989931311,-180.11159547192594,-1.1400232130093306e-09
708.0953913054129,204.78672686075012,4.221043849834472,-96.62089966654483,-180.56025378240625,-1.140023189084176e-09
708.5953913054129,205.2864384339001,4.221127104001521,-96.84160033009978,-181.00891207446298,-1.140023344387602e-09
709.0953913054129,205.78615140233964,4.221209953834959,-97.06230098389305,-181.457570348274,-1.1400232698290688e-09
709.5953913054129,206.28586575597873,4.221292402272075,-97.28300162802081,-181.90622860401504,-1.14002322372676e-09
710.0953913054129,206.78558148482426,4.221374452221793,-97.50370226257765,-182.35488684185984,-1.140023243106387e-09
710.5953913054129,207.28529857897905,4.221456106565004,-97.72440288765722,-182.80354506198,-1.1400232983731404e-09
711.0953913054129,207.78501702864062,4.221537368154905,-97.94510350335199,-183.25220326454507,-1.1400232989451753e-09
711.5953913054129,208.28473682410007,4.221618239817334,-98.16580410975337,-183.70086144972254,-1.1400233582077581e-09
712.0953913054129,208.78445795574095,4.221698724351094,-98.38650470695164,-184.14951961767792,-1.1400235191012572e-09
712.5953913054129,209.28418041403822,4.221778824528275,-98.60720529503597,-184.59817776857477,-1.1400232600805655e-09
713.0953913054129,209.78390418955712,4.221858543094574,-98.82790587409445,-185.04683590257468,-1.140023325211694e-09
713.5953913054129,210.2836292729521,4.221937882769608,-99.04860644421414,-185.49549401983742,-1.1400232004489419e-09
714.0953913054129,210.78335565496585,4.2220168462472225,-99.26930700548093,-185.94415212052084,-1.1400232942644074e-09
714.5953913054129,211.28308332642808,4.222095436195794,-99.49000755797984,-186.3928102047809,-1.1400232889070205e-09
715.0953913054129,211.7828122782547,4.222173655258532,-99.7107081017948,-186.8414682727717,-1.140022888345706e-09
715.5953913054129,212.2825425014467,4.222251506053775,-99.93140863700874,-187.2901263246456,-1.1400229873228908e-09
716.0953913054129,212.78227398708916,4.222328991175282,-100.15210916370366,-187.73878436055313,-1.1400229894739707e-09
716.5953913054129,213.28200672635032,4.2224061131925215,-100.37280968196042,-188.18744238064318,-1.140023197737741e-09
717.0953913054129,213.78174071048056,4.22248287465095,-100.5935101918592,-188.63610038506275,-1.1400233094609217e-09
717.5953913054129,214.28147593081152,4.222559278072299,-100.81421069347894,-189.08475837395724,-1.1400230916405424e-09
718.0953913054129,214.78121237875507,4.222635325954845,-101.0349111868978,-189.53341634747042,-1.1400232885411912e-09
718.5953913054129,215.2809500458024,4.2227110207736835,-101.25561167219306,-189.98207430574422,-1.1400232399035027e-09
719.0953913054129,215.7806889235232,4.222786364980999,-101.47631214944082,-190.43073224891916,-1.140023159341542e-09
719.5953913054129,216.28042900356462,4.222861361006326,-101.69701261871664,-190.87939017713396,-1.14002319141503e-09
720.0953913054129,216.7801702776505,4.22293601125681,-101.91771308009524,-191.32804809052575,-1.140022851277981e-09
720.5953913054129,217.27991273758045,4.22301031811747,-102.13841353365008,-191.77670598923024,-1.1400229320338022e-09
721.0953913054129,217.7796563752289,4.223084283951444,-102.35911397945401,-192.2253638733815,-1.1400231178988285e-09
721.5953913054129,218.27940118254443,4.223157911100246,-102.5798144175789,-192.67402174311215,-1.1400229742693601e-09
722.0953913054129,218.77914715154876,4.22323120188401,-102.80051484809607,-193.12267959855313,-1.1400230098950348e-09
722.5953913054129,219.27889427433598,4.223304158601732,-103.02121527107575,-193.571337439834,-1.1400229583576192e-09
723.0953913054129,219.77864254307178,4.223376783531514,-103.24191568658729,-194.01999526708303,-1.1400230283635768e-09
723.5953913054129,220.2783919499926,4.223449078930796,-103.4626160946997,-194.4686530804267,-1.1400227832686333e-09
724.0953913054129,220.77814248740475,4.223521047036592,-103.68331649548065,-194.9173108799903,-1.1400228266379334e-09
724.5953913054129,221.2778941476838,4.223592690065723,-103.90401688899742,-195.36596866589764,-1.140023030390962e-09
725.0953913054129,221.7776469232737,4.223664010215039,-104.1247172753163,-195.81462643827118,-1.1400229123118663e-09
725.5953913054129,222.27740080668593,4.223735009661647,-104.34541765450298,-196.26328419723197,-1.1400229788550565e-09
726.0953913054129,222.77715579049897,4.2238056905631325,-104.56611802662216,-196.71194194289976,-1.1400228197462676e-09
726.5953913054129,223.27691186735737,4.223876055057774,-104.78681839173818,-197.16059967539294,-1.1400230479575708e-09
727.0953913054129,223.77666902997106,4.223946105264763,-105.00751874991433,-197.60925739482855,-1.1400229438131345e-09
727.5953913054129,224.27642727111464,4.224015843284413,-105.22821910121334,-198.05791510132235,-1.1400230119610907e-09
728.0953913054129,224.77618658362667,4.22408527119837,-105.44891944569724,-198.50657279498884,-1.1400231820909214e-09
728.5953913054129,225.27594696040896,4.224154391069822,-105.66961978342727,-198.95523047594128,-1.1400232042632239e-09
729.0953913054129,225.77570839442586,4.2242232049437,-105.89032011446406,-199.40388814429159,-1.1400228686892535e-09
729.5953913054129,226.2754708787036,4.224291714846879,-106.11102043886748,-199.85254580015058,-1.1400232061862499e-09
730.0953913054129,226.7752344063296,4.224359922788379,-106.33172075669692,-200.30120344362777,-1.1400230946603392e-09
730.5953913054129,227.27499897045175,4.224427830759561,-106.55242106801087,-200.7498610748315,-1.140022929943269e-09
731.0953913054129,227.77476456427783,4.22449544073432,-106.77312137286715,-201.19851869386906,-1.1400229737815426e-09
731.5953913054129,228.27453118107482,4.224562754669274,-106.9938216713233,-201.64717630084624,-1.140022927810966e-09
732.0953913054129,228.77429881416825,4.224629774503956,-107.21452196343586,-202.095833895868,-1.1400230222322837e-09
732.5953913054129,229.27406745694157,4.224696502160998,-107.43522224926086,-202.54449147903804,-1.1400230075276237e-09
733.0953913054129,229.77383710283556,4.224762939546314,-107.65592252885378,-202.99314905045895,-1.1400230229350074e-09
733.5953913054129,230.27360774534762,4.224829088549282,-107.8766228022696,-203.44180661023208,-1.1400229238660579e-09
734.0953913054129,230.77337937803125,4.224894951042927,-108.09732306956221,-203.89046415845797,-1.1400229910700496e-09
734.5953913054129,231.27315199449544,4.224960528884089,-108.3180233307855,-204.33912169523583,-1.1400233888632545e-09
735.0953913054129,231.772925588404,4.2250258239136045,-108.53872358599232,-204.78777922066396,-1.1400231808149446e-09
735.5953913054129,232.27270015347506,4.2250908379564756,-108.7594238352352,-205.23643673483957,-1.1400230806081943e-09
736.0953913054129,232.77247568348042,4.22515557282204,-108.98012407856615,-205.6850942378587,-1.1400233408336493e-09
736.5953913054129,233.27225217224503,4.225220030304139,-109.20082431603626,-206.1337517298166,-1.140023056475342e-09
737.0953913054129,233.77202961364642,4.2252842121812835,-109.42152454769645,-206.5824092108073,-1.140023404495703e-09
737.5953913054129,234.2718080016141,4.2253481202168155,-109.64222477359706,-207.03106668092389,-1.1400232156402778e-09
738.0953913054129,234.77158733012902,4.2254117561590725,-109.86292499378757,-207.47972414025858,-1.1400231521886892e-09
738.5953913054129,235.27136759322312,4.225475121741543,-110.08362520831727,-207.9283815889025,-1.1400231088538566e-09
739.0953913054129,235.7711487849786,4.225538218683028,-110.30432541723468,-208.37703902694585,-1.1400231415871508e-09
739.5953913054129,236.2709308995276,4.225601048687793,-110.52502562058788,-208.82569645447788,-1.1400230754976433e-09
740.0953913054129,236.77071393105152,4.22566361344572,-110.74572581842449,-209.2743538715869,-1.1400230819320578e-09
740.5953913054129,237.2704978737806,4.225725914632464,-110.96642601079166,-209.72301127836027,-1.1400232837211893e-09
741.0953913054129,237.7702827219934,4.225787953909598,-111.18712619773586,-210.1716686748845,-1.1400231289035285e-09
741.5953913054129,238.27006847001616,4.225849732924763,-111.40782637930313,-210.62032606124518,-1.1400231267954422e-09
742.0953913054129,238.76985511222253,4.225911253311811,-111.62852655553928,-211.06898343752687,-1.140023108266445e-09
742.5953913054129,239.2696426430329,4.225972516690952,-111.84922672648918,-211.51764080381355,-1.1400231358202866e-09
743.0953913054129,239.769431056914,4.226033524668894,-112.06992689219754,-211.96629816018802,-1.1400230639546903e-09
743.5953913054129,240.26922034837835,4.226094278838985,-112.29062705270863,-212.41495550673235,-1.1400229695162095e-09
744.0953913054129,240.7690105119839,4.226154780781347,-112.51132720806618,-212.8636128435278,-1.140022889343904e-09
744.5953913054129,241.26880154233345,4.226215032063022,-112.7320273583132,-213.31227017065476,-1.1400229831272545e-09
745.0953913054129,241.7685934340742,4.226275034238097,-112.95272750349271,-213.76092748819272,-1.1400229720305844e-09
745.5953913054129,242.2683861818974,4.2263347888478435,-113.17342764364689,-214.20958479622053,-1.1400228706864165e-09
746.0953913054129,242.7681797805378,4.226394297420848,-113.39412777881768,-214.65824209481613,-1.1400228112648492e-09
746.5953913054129,243.26797422477318,4.22645356147314,-113.61482790904674,-215.1068993840565,-1.1400230335678337e-09
747.0953913054129,243.76776950942403,4.2265125825083265,-113.83552803437483,-215.55555666401816,-1.140022917840502e-09
747.5953913054129,244.26756562935302,4.226571362017712,-114.05622815484264,-216.00421393477666,-1.140022793400703e-09
748.0953913054129,244.76736257946456,4.226629901480426,-114.27692827049053,-216.4528711964067,-1.1400230071087963e-09
748.5953913054129,245.2671603547045,4.226688202363553,-114.49762838135804,-216.90152844898248,-1.1400233597331787e-09
749.0953913054129,245.76695895005952,4.226746266122244,-114.71832848748483,-217.35018569257713,-1.1400231490334927e-09
749.5953913054129,246.2667583605569,4.2268040941998475,-114.93902858890958,-217.7988429272634,-1.1400231117899311e-09
750.0953913054129,246.766558581264,4.226861688028023,-115.159728685671,-218.24750015311298,-1.14002323820608e-09
750.5953913054129,247.2663596072879,4.226919049026863,-115.38042877780711,-218.69615737019706,-1.140023224397203e-09
751.0953913054129,247.766161433775,4.226976178605004,-115.60112886535586,-219.14481457858602,-1.1400231425498993e-09
751.5953913054129,248.26596405591062,4.227033078159748,-115.82182894835465,-219.59347177834948,-1.140023411255964e-09
752.0953913054129,248.76576746891854,4.227089749077171,-116.0425290268404,-220.04212896955653,-1.1400234522196009e-09
752.5953913054129,249.26557166806077,4.227146192732241,-116.26322910084981,-220.4907861522754,-1.1400233709502451e-09
753.0953913054129,249.76537664863702,4.227202410488924,-116.48392917041909,-220.93944332657378,-1.1400232968926009e-09
753.5953913054129,250.26518240598443,4.2272584037002945,-116.70462923558433,-221.38810049251848,-1.1400234407467677e-09
754.0953913054129,250.76498893547716,4.227314173708648,-116.92532929638092,-221.8367576501759,-1.1400233826063648e-09
754.5953913054129,251.26479623252598,4.227369721845604,-117.14602935284405,-222.28541479961166,-1.1400236820768743e-09
755.0953913054129,251.76460429257799,4.227425049432213,-117.36672940500856,-222.73407194089071,-1.140023582531877e-09
755.5953913054129,252.2644131111162,4.227480157779063,-117.58742945290875,-223.18272907407757,-1.1400238015421167e-09
756.0953913054129,252.76422268365917,4.227535048186377,-117.80812949657899,-223.63138619923572,-1.1400234948347495e-09
756.5953913054129,253.26403300576075,4.227589721944124,-118.02882953605301,-224.08004331642837,-1.1400236868495704e-09
757.0953913054129,253.7638440730096,4.2276441803321125,-118.24952957136435,-224.5287004257179,-1.1400234941791706e-09
757.5953913054129,254.263655881029,4.227698424620095,-118.47022960254593,-224.97735752716625,-1.140023637020981e-09
758.0953913054129,254.76346842547636,4.227752456067862,-118.6909296296307,-225.4260146208346,-1.1400237280411834e-09
758.5953913054129,255.263281702043,4.227806275925345,-118.9116296526512,-225.87467170678363,-1.1400237834096662e-09
759.0953913054129,255.76309570645378,4.227859885432708,-119.13232967163943,-226.32332878507344,-1.1400236904778102e-09
759.5953913054129,256.2629104344668,4.227913285820446,-119.35302968662724,-226.77198585576355,-1.1400239088286068e-09
760.0953913054129,256.76272588187294,4.227966478309474,-119.57372969764637,-227.22064291891272,-1.140023773112908e-09
760.5953913054129,257.2625420444958,4.228019464111229,-119.79442970472775,-227.66929997457933,-1.1400236847813308e-09
761.0953913054129,257.76235891819107,4.228072244427753,-120.01512970790245,-228.1179570228212,-1.1400239942457557e-09
761.5953913054129,258.2621764988466,4.228124820451787,-120.23582970720105,-228.56661406369554,-1.1400237973590629e-09
762.0953913054129,258.7619947823817,4.228177193366863,-120.4565297026537,-229.01527109725902,-1.1400236807334176e-09
762.5953913054129,259.2618137647471,4.2282293643473885,-120.67722969429053,-229.4639281235677,-1.1400238995989284e-09
763.0953913054129,259.76163344192463,4.228281334558738,-120.8979296821414,-229.91258514267724,-1.1400236043765804e-09
763.5953913054129,260.2614538099267,4.228333105157338,-121.11862966623545,-230.36124215464267,-1.1400238034183813e-09
764.0953913054129,260.76127486479635,4.2283846772907525,-121.33932964660193,-230.80989915951858,-1.1400240440582202e-09
764.5953913054129,261.26109660260664,4.228436052097767,-121.56002962326977,-231.25855615735892,-1.1400237906473762e-09
765.0953913054129,261.7609190194605,4.228487230708475,-121.7807295962676,-231.7072131482171,-1.1400237647498938e-09
765.5953913054129,262.2607421114906,4.228538214244358,-122.00142956562358,-232.15587013214625,-1.140023881293794e-09
766.0953913054129,262.7605658748587,4.228589003818368,-122.22212953136575,-232.60452710919878,-1.1400238736944498e-09
766.5953913054129,263.2603903057558,4.22863960053501,-122.44282949352201,-233.05318407942673,-1.140024023931969e-09
767.0953913054129,263.7602154004015,4.228690005490421,-122.66352945211973,-233.50184104288158,-1.1400237103588003e-09
767.5953913054129,264.26004115504395,4.228740219772447,-122.88422940718615,-233.95049799961436,-1.1400241004274007e-09
768.0953913054129,264.75986756595955,4.228790244460724,-123.1049293587483,-234.3991549496756,-1.1400239101123909e-09
768.5953913054129,265.2596946294526,4.228840080626754,-123.32562930683297,-234.8478118931153,-1.1400237058147438e-09
769.0953913054129,265.75952234185513,4.228889729333984,-123.54632925146639,-235.2964688299832,-1.140023849473208e-09
769.5953913054129,266.2593506995265,4.228939191637876,-123.76702919267511,-235.74512576032822,-1.1400240763603265e-09
770.0953913054129,266.7591796988535,4.228988468585987,-123.98772913048485,-236.1937826841992,-1.1400237557422596e-09
770.5953913054129,267.25900933624945,4.229037561218042,-124.20842906492128,-236.64243960164433,-1.140023752751852e-09
771.0953913054129,267.75883960815474,4.229086470566003,-124.42912899601008,-237.0910965127114,-1.1400236077625613e-09
771.5953913054129,268.258670511036,4.229135197654147,-124.64982892377634,-237.53975341744768,-1.1400237553975794e-09
772.0953913054129,268.7585020413859,4.229183743499132,-124.87052884824524,-237.9884103159,-1.1400237725844938e-09
772.5953913054129,269.25833419572336,4.229232109110075,-125.09122876944129,-238.437067208115,-1.1400239695635738e-09
773.0953913054129,269.7581669705928,4.229280295488612,-125.3119286873893,-238.88572409413854,-1.1400237648432256e-09
773.5953913054129,270.25800036256413,4.229328303628976,-125.53262860211343,-239.33438097401626,-1.1400236856949501e-09
774.0953913054129,270.7578343682325,4.22937613451806,-125.75332851363757,-239.78303784779354,-1.1400238890469656e-09
774.5953913054129,271.2576689842181,4.229423789135486,-125.97402842198593,-240.23169471551486,-1.1400237489765515e-09
775.0953913054129,271.7575042071658,4.229471268453672,-126.19472832718193,-240.68035157722474,-1.140023888763844e-09
775.5953913054129,272.25734003374515,4.2295185734378995,-126.41542822924904,-241.12900843296708,-1.1400240834616768e-09
776.0953913054129,272.7571764606498,4.229565705046377,-126.63612812821032,-241.57766528278552,-1.1400239197885228e-09
776.5953913054129,273.25701348459773,4.229612664230303,-126.85682802408898,-242.0263221267231,-1.1400240504843593e-09
777.0953913054129,273.7568511023307,4.229659451933935,-127.07752791690761,-242.47497896482275,-1.1400240219962518e-09
777.5953913054129,274.2566893106141,4.229706069094649,-127.29822780668874,-242.92363579712676,-1.1400237874414118e-09
778.0953913054129,274.7565281062368,4.229752516643002,-127.51892769345476,-243.37229262367714,-1.1400239040002394e-09
778.5953913054129,275.25636748601084,4.229798795502793,-127.73962757722796,-243.82094944451543,-1.140023761961854e-09
779.0953913054129,275.75620744677144,4.22984490659113,-127.96032745803014,-244.26960625968297,-1.1400236446256271e-09
779.5953913054129,276.2560479853765,4.229890850818483,-128.18102733588313,-244.7182630692205,-1.140023853123843e-09
780.0953913054129,276.7558890987065,4.2299366290887495,-128.4017272108085,-245.16691987316858,-1.1400237442394595e-09
780.5953913054129,277.25573078366455,4.22998224229931,-128.62242708282744,-245.6155766715674,-1.1400239532969386e-09
781.0953913054129,277.75557303717574,4.230027691341089,-128.84312695196124,-246.06423346445672,-1.1400237121877506e-09
781.5953913054129,278.25541585618726,4.230072977098612,-129.0638268182308,-246.51289025187594,-1.1400235028084904e-09
782.0953913054129,278.7552592376681,4.230118100450062,-129.28452668165687,-246.96154703386415,-1.1400236597733742e-09
782.5953913054129,279.25510317860886,4.230163062267337,-129.50522654226017,-247.41020381046,-1.1400236849091162e-09
783.0953913054129,279.75494767602163,4.230207863416109,-129.72592640006087,-247.858860581702,-1.1400234802063271e-09
783.5953913054129,280.2547927269396,4.230252504755874,-129.94662625507942,-248.30751734762802,-1.140023513141159e-09
784.0953913054129,280.75463832841723,4.23029698714001,-130.16732610733558,-248.75617410827599,-1.1400236352316254e-09
784.5953913054129,281.2544844775296,4.230341311415831,-130.38802595684948,-249.2048308636831,-1.1400235935052852e-09
785.0953913054129,281.7543311713726,4.230385478424642,-130.60872580364054,-249.65348761388643,-1.1400236851570263e-09
785.5953913054129,282.25417840706257,4.230429489001789,-130.82942564772858,-250.10214435892263,-1.1400235341607195e-09
786.0953913054129,282.7540261817362,4.2304733439767155,-131.0501254891328,-250.55080109882812,-1.1400233062420577e-09
786.5953913054129,283.2538744925503,4.230517044173012,-131.27082532787207,-250.99945783363904,-1.140023494158176e-09
787.0953913054129,283.7537233366817,4.230560590408467,-131.49152516396572,-251.4481145633911,-1.14002332181631e-09
787.5953913054129,284.2535727113268,4.2306039834951195,-131.71222499743246,-251.89677128811968,-1.140023416318162e-09
788.0953913054129,284.75342261370184,4.230647224239311,-131.93292482829082,-252.34542800786,-1.1400233328789218e-09
788.5953913054129,285.25327304104246,4.230690313441731,-132.15362465655934,-252.79408472264683,-1.14002330345573e-09
789.0953913054129,285.7531239906035,4.230733251897471,-132.37432448225638,-253.24274143251475,-1.1400232818004255e-09
789.5953913054129,286.25297545965896,4.230776040396068,-132.59502430540002,-253.69139813749794,-1.140023369482938e-09
790.0953913054129,286.7528274455017,4.23081867972156,-132.8157241260083,-254.14005483763026,-1.1400231630940083e-09
790.5953913054129,287.25267994544345,4.230861170652527,-133.0364239440991,-254.58871153294544,-1.1400230561245217e-09
791.0953913054129,287.7525329568145,4.230903513962141,-133.25712375969027,-255.03736822347662,-1.1400229347501113e-09
791.5953913054129,288.2523864769636,4.230945710418216,-133.47782357279902,-255.48602490925703,-1.1400231364031543e-09
792.0953913054129,288.7522405032578,4.23098776078325,-133.69852338344285,-255.93468159031949,-1.1400232032792423e-09
792.5953913054129,289.2520950330822,4.231029665814471,-133.91922319163893,-256.3833382666963,-1.1400232849540685e-09
793.0953913054129,289.75195006384,4.2310714262638855,-134.13992299740428,-256.83199493841977,-1.1400233583837373e-09
793.5953913054129,290.2518055929522,4.231113042878321,-134.36062280075612,-257.28065160552177,-1.1400232393720182e-09
794.0953913054129,290.75166161785745,4.231154516399472,-134.581322601711,-257.72930826803395,-1.1400231686031318e-09
794.5953913054129,291.2515181360119,4.231195847563942,-134.80202240028552,-258.1779649259878,-1.1400232864916583e-09
795.0953913054129,291.75137514488904,4.23123703710329,-135.02272219649615,-258.62662157941435,-1.1400232198890025e-09
795.5953913054129,292.25123264197964,4.231278085744071,-135.2434219903593,-259.0752782283445,-1.1400233584376585e-09
796.0953913054129,292.7510906247916,4.231318994207879,-135.46412178189132,-259.5239348728087,-1.1400233061721154e-09
796.5953913054129,293.2509490908496,4.23135976321139,-135.68482157110805,-259.9725915128374,-1.1400235450828673e-09
797.0953913054129,293.7508080376952,4.231400393466407,-135.90552135802534,-260.4212481484608,-1.1400234559074696e-09
797.5953913054129,294.25066746288667,4.231440885679892,-136.12622114265938,-260.86990477970835,-1.14002354731279e-09
798.0953913054129,294.75052736399863,4.231481240554019,-136.34692092502547,-261.3185614066099,-1.1400235763311905e-09
798.5953913054129,295.2503877386222,4.231521458786205,-136.56762070513926,-261.7672180291947,-1.1400234880954572e-09
799.0953913054129,295.7502485843646,4.231561541069157,-136.78832048301598,-262.2158746474919,-1.1400232780331542e-09
799.5953913054129,296.2501098988493,4.231601488090904,-137.009020258671,-262.66453126153016,-1.1400234834815297e-09
800.0953913054129,296.7499716797156,4.231641300534845,-137.22972003211956,-263.1131878713382,-1.1400234990217454e-09
800.5953913054129,297.2498339246187,4.231680979079782,-137.45041980337646,-263.5618444769443,-1.140023639569249e-09
801.0953913054129,297.7496966312294,4.23172052439996,-137.67111957245663,-264.01050107837665,-1.1400235346895979e-09
801.5953913054129,298.2495597972342,4.231759937165107,-137.891819339375,-264.45915767566294,-1.1400235808932192e-09
802.0953913054129,298.74942342033484,4.231799218040469,-138.1125191041459,-264.907814268831,-1.1400233869020777e-09
802.5953913054129,299.2492874982485,4.23183836768685,-138.33321886678394,-265.3564708579081,-1.1400237090386965e-09
803.0953913054129,299.74915202870756,4.231877386760646,-138.55391862730355,-265.80512744292156,-1.1400236156324456e-09
803.5953913054129,300.2490170094593,4.231916275913884,-138.77461838571912,-266.25378402389816,-1.1400238211819766e-09
804.0953913054129,300.74888243826604,4.231955035794259,-138.9953181420445,-266.70244060086475,-1.1400237269119855e-09
804.5953913054129,301.24874831290487,4.2319936670451686,-139.21601789629378,-267.1510971738479,-1.1400239417057359e-09
805.0953913054129,301.7486146311676,4.232032170305746,-139.43671764848105,-267.5997537428737,-1.140023693198558e-09
805.5953913054129,302.2484813908605,4.2320705462109,-139.65741739862,-268.0484103079684,-1.1400240271901286e-09
806.0953913054129,302.7483485898043,4.232108795391348,-139.87811714672412,-268.4970668691578,-1.1400238404182028e-09
806.5953913054129,303.2482162258342,4.232146918473648,-140.09881689280715,-268.94572342646757,-1.1400240235317077e-09
807.0953913054129,303.7480842967994,4.232184916080239,-140.3195166368823,-269.39437997992326,-1.1400241913484893e-09
807.5953913054129,304.24795280056327,4.232222788829467,-140.54021637896324,-269.84303652954986,-1.1400241646961675e-09
808.0953913054129,304.7478217350032,4.232260537335623,-140.76091611906293,-270.29169307537256,-1.1400241548162221e-09
808.5953913054129,305.2476910980103,4.232298162208978,-140.98161585719453,-270.7403496174162,-1.1400240563133768e-09
809.0953913054129,305.74756088748956,4.23233566405581,-141.20231559337117,-271.1890061557053,-1.1400241402741566e-09
809.5953913054129,306.24743110135955,4.232373043478444,-141.42301532760555,-271.63766269026434,-1.1400243657048564e-09
810.0953913054129,306.7473017375524,4.2324103010752765,-141.6437150599105,-272.08631922111755,-1.1400243056295024e-09
810.5953913054129,307.2471727940135,4.232447437440813,-141.86441479029884,-272.53497574828896,-1.1400243737648764e-09
811.0953913054129,307.74704426870176,4.232484453165697,-142.08511451878303,-272.9836322718023,-1.1400242195607712e-09
811.5953913054129,308.24691615958915,4.232521348836744,-142.30581424537553,-273.4322887916814,-1.1400241278407616e-09
812.0953913054129,308.74678846466077,4.232558125036967,-142.5265139700888,-273.88094530794956,-1.140024355945923e-09
812.5953913054129,309.24666118191465,4.232594782345613,-142.7472136929351,-274.32960182063005,-1.1400243451404058e-09
813.0953913054129,309.7465343093618,4.232631321338191,-142.96791341392657,-274.778258329746,-1.1400244186452541e-09
813.5953913054129,310.2464078450259,4.232667742586503,-143.1886131330752,-275.2269148353203,-1.1400243574101121e-09
814.0953913054129,310.74628178694337,4.23270404665867,-143.4093128503931,-275.6755713373757,-1.1400242785841143e-09
814.5953913054129,311.2461561331632,4.232740234119167,-143.63001256589203,-276.12422783593456,-1.1400241975062892e-09
815.0953913054129,311.7460308817468,4.23277630552885,-143.85071227958392,-276.5728843310193,-1.1400243631059755e-09
815.5953913054129,312.24590603076797,4.232812261444982,-144.0714119914804,-277.02154082265207,-1.1400241868132832e-09
816.0953913054129,312.74578157831286,4.232848102421268,-144.2921117015931,-277.4701973108549,-1.1400241401245554e-09
816.5953913054129,313.2456575224797,4.232883829007877,-144.5128114099333,-277.9188537956496,-1.1400242626704806e-09
817.0953913054129,313.7455338613788,4.2329194417514735,-144.73351111651277,-278.3675102770578,-1.1400244234080437e-09
817.5953913054129,314.24541059313253,4.2329549411952465,-144.95421082134246,-278.81616675510094,-1.1400242540966532e-09
818.0953913054129,314.7452877158751,4.232990327878933,-145.1749105244339,-279.26482322980036,-1.140024460089936e-09
818.5953913054129,315.2451652277525,4.233025602338849,-145.39561022579818,-279.713479701177,-1.1400244201072326e-09
819.0953913054129,315.7450431269225,4.233060765107915,-145.61630992544616,-280.1621361692521,-1.1400245722872913e-09
819.5953913054129,316.24492141155434,4.233095816715683,-145.83700962338898,-280.6107926340463,-1.1400245873909614e-09
820.0953913054129,316.7448000798289,4.2331307576883646,-146.05770931963733,-281.0594490955803,-1.1400242132781165e-09
820.5953913054129,317.24467912993845,4.233165588548854,-146.27840901420205,-281.50810555387466,-1.1400247012972082e-09
821.0953913054129,317.7445585600866,4.233200309816755,-146.49910870709405,-281.9567620089494,-1.140024473642249e-09
821.5953913054129,318.2444383684882,4.233234922008412,-146.7198083983237,-282.405418460825,-1.140024321375792e-09
822.0953913054129,318.7443185533693,4.233269425636927,-146.94050808790163,-282.8540749095213,-1.1400244340644275e-09
822.5953913054129,319.2441991129669,4.233303821212193,-147.16120777583816,-283.30273135505814,-1.1400245041551955e-09
823.0953913054129,319.7440800455292,4.233338109240911,-147.3819074621438,-283.7513877974553,-1.1400243622621232e-09
823.5953913054129,320.24396134931504,4.233372290226624,-147.6026071468286,-284.20004423673225,-1.1400244997470843e-09
824.0953913054129,320.7438430225943,4.233406364669733,-147.82330682990315,-284.64870067290826,-1.1400243896583954e-09
824.5953913054129,321.24372506364756,4.233440333067528,-148.04400651137723,-285.0973571060028,-1.140024490603807e-09
825.0953913054129,321.74360747076594,4.233474195914208,-148.26470619126115,-285.5460135360347,-1.1400245885054266e-09
825.5953913054129,322.2434902422512,4.233507953700906,-148.48540586956477,-285.994669963023,-1.1400247212490654e-09
826.0953913054129,322.7433733764156,4.233541606915716,-148.70610554629795,-286.44332638698654,-1.1400248516172566e-09
826.5953913054129,323.24325687158176,4.2335751560437105,-148.92680522147035,-286.891982807944,-1.1400246870462825e-09
827.0953913054129,323.7431407260827,4.233608601566969,-149.1475048950918,-287.3406392259138,-1.1400247901650502e-09
827.5953913054129,324.24302493826156,4.233641943964598,-149.36820456717203,-287.78929564091425,-1.1400246641813174e-09
828.0953913054129,324.7429095064718,4.233675183712754,-149.58890423772056,-288.2379520529637,-1.1400244785951686e-09
828.5953913054129,325.24279442907687,4.23370832128467,-149.8096039067469,-288.68660846208013,-1.140024560087644e-09
829.0953913054129,325.74267970445027,4.233741357150672,-150.0303035742606,-289.13526486828147,-1.140024745723399e-09
829.5953913054129,326.2425653309754,4.2337742917782055,-150.251003240271,-289.58392127158555,-1.1400246982951617e-09
830.0953913054129,326.74245130704566,4.233807125631857,-150.47170290478735,-290.03257767200995,-1.1400247080605097e-09
830.5953913054129,327.242337631064,4.233839859173373,-150.69240256781887,-290.4812340695724,-1.1400246503579047e-09
831.0953913054129,327.74222430144323,4.233872492861686,-150.91310222937472,-290.9298904642901,-1.14002439629756e-09
831.5953913054129,328.2421113166058,4.233905027152934,-151.13380188946377,-291.3785468561805,-1.1400244122377715e-09
832.0953913054129,328.74199867498373,4.233937462500479,-151.35450154809521,-291.8272032452606,-1.140024540124424e-09
832.5953913054129,329.24188637501845,4.233969799354932,-151.57520120527784,-292.2758596315476,-1.1400244066606664e-09
833.0953913054129,329.7417744151609,4.234002038164171,-151.79590086102075,-292.7245160150581,-1.1400243816956357e-09
833.5953913054129,330.2416627938712,4.2340341793733645,-152.01660051533264,-293.17317239580893,-1.1400243924647425e-09
834.0953913054129,330.7415515096191,4.23406622342499,-152.23730016822233,-293.6218287738168,-1.1400243597511764e-09
834.5953913054129,331.24144056088323,4.234098170758855,-152.45799981969822,-294.07048514909826,-1.1400246034403008e-09
835.0953913054129,331.74132994615144,4.234130021812117,-152.6786994697691,-294.5191415216696,-1.1400246177972586e-09
835.5953913054129,332.24121966392073,4.234161777019302,-152.89939911844348,-294.96779789154704,-1.1400246035052785e-09
836.0953913054129,332.74110971269704,4.234193436812326,-153.12009876572975,-295.41645425874685,-1.1400245468059487e-09
836.5953913054129,333.24100009099527,4.234225001620516,-153.34079841163646,-295.86511062328486,-1.1400249076472042e-09
837.0953913054129,333.7408907973392,4.234256471870624,-153.56149805617196,-296.31376698517704,-1.1400247793620646e-09
837.5953913054129,334.24078183026137,4.234287847986852,-153.78219769934452,-296.76242334443907,-1.1400247022119455e-09
838.0953913054129,334.7406731883031,4.234319130390871,-154.00289734116222,-297.2110797010869,-1.1400244368018986e-09
838.5953913054129,335.2405648700144,4.234350319501832,-154.22359698163336,-297.6597360551357,-1.140024573799135e-09
839.0953913054129,335.7404568739538,4.2343814157363955,-154.44429662076598,-298.1083924066011,-1.1400244847622784e-09
839.5953913054129,336.2403491986885,4.234412419508742,-154.6649962585681,-298.55704875549844,-1.1400244598924545e-09
840.0953913054129,336.74024184279403,4.234443331230596,-154.88569589504758,-299.0057051018429,-1.1400245890881493e-09
840.5953913054129,337.2401348048545,4.234474151311237,-155.10639553021252,-299.4543614456495,-1.1400245101570903e-09
841.0953913054129,337.7400280834623,4.234504880157527,-155.3270951640706,-299.9030177869333,-1.1400246490838642e-09
841.5953913054129,338.23992167721804,4.234535518173919,-155.54779479663,-300.35167412570894,-1.1400245461334356e-09
842.0953913054129,338.7398155847307,4.2345660657624835,-155.76849442789808,-300.80033046199145,-1.1400246854488522e-09
842.5953913054129,339.23970980461735,4.234596523322919,-155.98919405788251,-301.2489867957953,-1.1400245155519711e-09
843.0953913054129,339.7396043355032,4.234626891252573,-156.20989368659116,-301.69764312713505,-1.1400246595567652e-09
843.5953913054129,340.2394991760216,4.234657169946457,-156.43059331403148,-302.14629945602525,-1.1400246403101912e-09
844.0953913054129,340.7393943248137,4.2346873597972685,-156.65129294021096,-302.5949557824801,-1.1400246401840983e-09
844.5953913054129,341.23928978052874,4.234717461195402,-156.8719925651369,-303.04361210651393,-1.1400245849391195e-09
845.0953913054129,341.73918554182376,4.234747474528968,-157.09269218881684,-303.49226842814085,-1.1400246318362755e-09
845.5953913054129,342.23908160736374,4.234777400183811,-157.3133918112582,-303.9409247473748,-1.1400246882843879e-09
846.0953913054129,342.7389779758213,4.2348072385435245,-157.53409143246827,-304.3895810642296,-1.1400247344420388e-09
846.5953913054129,343.23887464587676,4.234836989989469,-157.75479105245438,-304.8382373787192,-1.1400247428694535e-09
847.0953913054129,343.73877161621823,4.234866654900786,-157.97549067122335,-305.28689369085737,-1.1400243777149138e-09
847.5953913054129,344.2386688855413,4.234896233654417,-158.19619028878265,-305.7355500006576,-1.1400244268147517e-09
848.0953913054129,344.73856645254915,4.234925726625114,-158.41688990513933,-306.1842063081334,-1.140024677021835e-09
848.5953913054129,345.23846431595246,4.234955134185465,-158.6375895203002,-306.63286261329836,-1.1400244800412234e-09
849.0953913054129,345.7383624744693,4.234984456705897,-158.85828913427252,-307.08151891616563,-1.1400245030673858e-09
849.5953913054129,346.2382609268251,4.235013694554703,-159.0789887470631,-307.53017521674843,-1.140024450860151e-09
850.0953913054129,346.73815967175267,4.235042848098051,-159.29968835867876,-307.97883151505994,-1.1400243846568834e-09
850.5953913054129,347.23805870799214,4.235071917700003,-159.52038796912618,-308.42748781111334,-1.1400244937013196e-09
851.0953913054129,347.7379580342907,4.235100903722524,-159.7410875784123,-308.87614410492137,-1.140024332658603e-09
851.5953913054129,348.237857649403,4.235129806525503,-159.9617871865441,-309.32480039649687,-1.1400244863716123e-09
852.0953913054129,348.73775755209044,4.235158626466768,-160.1824867935278,-309.7734566858528,-1.1400244317367615e-09
852.5953913054129,349.2376577411218,4.235187363902098,-160.4031863993703,-310.22211297300163,-1.1400241919459982e-09
853.0953913054129,349.73755821527266,4.235216019185235,-160.62388600407814,-310.670769257956,-1.1400244370893292e-09
853.5953913054129,350.2374589733258,4.2352445926679065,-160.84458560765785,-311.11942554072846,-1.1400246322075162e-09
854.0953913054129,350.73736001407065,4.235273084699832,-161.065285210116,-311.5680818213313,-1.1400247071204884e-09
854.5953913054129,351.23726133630373,4.235301495628743,-161.28598481145897,-312.01673809977683,-1.140024777191019e-09
855.0953913054129,351.73716293882825,4.2353298258003935,-161.50668441169302,-312.4653943760774,-1.1400245063936127e-09
855.5953913054129,352.2370648204543,4.235358075558574,-161.7273840108248,-312.9140506502451,-1.1400248669373815e-09
856.0953913054129,352.73696697999856,4.235386245245129,-161.9480836088604,-313.3627069222918,-1.1400246363443563e-09
856.5953913054129,353.23686941628455,4.235414335199968,-162.168783205806,-313.8113631922298,-1.1400246373776697e-09
857.0953913054129,353.73677212814226,4.235442345761077,-162.3894828016681,-314.2600194600706,-1.140024630847663e-09
857.5953913054129,354.2366751144084,4.235470277264537,-162.61018239645264,-314.70867572582637,-1.1400246766391028e-09
858.0953913054129,354.73657837392614,4.235498130044535,-162.8308819901659,-315.1573319895086,-1.1400247659612428e-09
858.5953913054129,355.23648190554513,4.235525904433377,-163.05158158281364,-315.60598825112896,-1.1400249408397532e-09
859.0953913054129,355.7363857081216,4.235553600761501,-163.27228117440214,-316.0546445106992,-1.1400249478709966e-09
859.5953913054129,356.23628978051795,4.235581219357491,-163.49298076493758,-316.50330076823036,-1.1400248771181286e-09
860.0953913054129,356.73619412160315,4.23560876054809,-163.71368035442552,-316.9519570237343,-1.1400250312691548e-09
860.5953913054129,357.23609873025237,4.235636224658212,-163.9343799428722,-317.400613277222,-1.1400248623064896e-09
861.0953913054129,357.7360036053471,4.235663612010956,-164.1550795302833,-317.8492695287049,-1.14002504304817e-09
861.5953913054129,358.235908745775,4.235690922927617,-164.37577911666486,-318.2979257781939,-1.140024856683541e-09
862.0953913054129,358.73581415043003,4.2357181577277006,-164.59647870202235,-318.74658202570043,-1.1400248950975454e-09
862.5953913054129,359.23571981821215,4.235745316728933,-164.8171782863617,-319.19523827123527,-1.1400247645756369e-09
863.0953913054129,359.7356257480275,4.235772400247277,-165.03787786968863,-319.64389451480946,-1.1400249189358482e-09
863.5953913054129,360.2355319387882,4.235799408596939,-165.258577452009,-320.0925507564336,-1.1400246464566777e-09
864.0953913054129,360.7354383894125,4.235826342090386,-165.47927703332823,-320.5412069961187,-1.1400246927755325e-09
864.5953913054129,361.23534509882444,4.235853201038355,-165.6999766136519,-320.9898632338754,-1.140024751631935e-09
865.0953913054129,361.73525206595417,4.235879985749868,-165.92067619298555,-321.4385194697142,-1.1400248235114172e-09
865.5953913054129,362.2351592897377,4.235906696532239,-166.14137577133454,-321.88717570364594,-1.1400247039631826e-09
866.0953913054129,362.73506676911677,4.235933333691088,-166.36207534870462,-322.3358319356809,-1.1400246803564116e-09
866.5953913054129,363.2349745030391,4.235959897530355,-166.5827749251011,-322.7844881658296,-1.1400247302097746e-09
867.0953913054129,363.734882490458,4.235986388352308,-166.80347450052938,-323.2331443941022,-1.1400247294139681e-09
867.5953913054129,364.23479073033263,4.236012806457556,-167.02417407499487,-323.68180062050914,-1.1400247420371494e-09
868.0953913054129,364.7346992216278,4.236039152145062,-167.24487364850293,-324.13045684506045,-1.140024447821104e-09
868.5953913054129,365.23460796331403,4.23606542571215,-167.46557322105875,-324.57911306776646,-1.1400246462189733e-09
869.0953913054129,365.73451695436734,4.23609162745452,-167.68627279266775,-325.027769288637,-1.1400247201038886e-09
869.5953913054129,366.23442619376937,4.23611775766626,-167.90697236333497,-325.47642550768217,-1.140024525778752e-09
870.0953913054129,366.73433568050734,4.23614381663985,-168.12767193306576,-325.9250817249118,-1.1400243678791827e-09
870.5953913054129,367.23424541357394,4.236169804666183,-168.3483715018652,-326.3737379403359,-1.1400243540266628e-09
871.0953913054129,367.73415539196736,4.236195722034568,-168.56907106973813,-326.82239415396424,-1.1400244051465072e-09
871.5953913054129,368.23406561469113,4.236221569032742,-168.78977063668995,-327.2710503658065,-1.1400243522417613e-09
872.0953913054129,368.73397608075425,4.236247345946886,-169.0104702027255,-327.71970657587235,-1.1400246284155931e-09
872.5953913054129,369.233886789171,4.236273053061627,-169.23116976785,-328.1683627841713,-1.1400247071916795e-09
873.0953913054129,369.733797738961,4.236298690660056,-169.45186933206816,-328.617018990713,-1.1400244144435046e-09
873.5953913054129,370.23370892914926,4.236324259023735,-169.67256889538498,-329.0656751955069,-1.1400246582612867e-09
874.0953913054129,370.73362035876585,4.236349758432706,-169.89326845780545,-329.5143313985624,-1.1400245743870835e-09
874.5953913054129,371.23353202684615,4.236375189165504,-170.11396801933438,-329.96298759988866,-1.140024712398254e-09
875.0953913054129,371.7334439324307,4.236400551499168,-170.33466757997658,-330.41164379949515,-1.1400246263439472e-09
875.5953913054129,372.2333560745652,4.2364258457092445,-170.55536713973711,-330.86029999739094,-1.1400246794507383e-09
876.0953913054129,372.7332684523005,4.236451072069807,-170.7760666986204,-331.30895619358535,-1.1400248982876793e-09
876.5953913054129,373.23318106469236,4.236476230853457,-170.99676625663147,-331.7576123880873,-1.140024756484371e-09
877.0953913054129,373.7330939108017,4.236501322331341,-171.2174658137748,-332.2062685809059,-1.1400248235879717e-09
877.5953913054129,374.23300698969445,4.236526346773155,-171.4381653700551,-332.6549247720501,-1.1400247235353438e-09
878.0953913054129,374.73292030044144,4.236551304447156,-171.65886492547713,-333.10358096152885,-1.1400246185351027e-09
878.5953913054129,375.2328338421185,4.236576195620173,-171.8795644800456,-333.5522371493508,-1.1400248821082528e-09
879.0953913054129,375.7327476138064,4.236601020557615,-172.10026403376494,-334.000893335525,-1.1400246837103717e-09
879.5953913054129,376.23266161459065,4.23662577952348,-172.32096358663966,-334.44954952006003,-1.1400246840868886e-09
880.0953913054129,376.7325758435617,4.236650472780366,-172.54166313867412,-334.89820570296473,-1.1400245700404632e-09
880.5953913054129,377.23249029981474,4.236675100589479,-172.762362689873,-335.3468618842476,-1.1400246798329655e-09
881.0953913054129,377.73240498244985,4.236699663210642,-172.98306224024074,-335.79551806391714,-1.140024765152712e-09
881.5953913054129,378.2323198905718,4.236724160902304,-173.20376178978205,-336.24417424198185,-1.1400247223930133e-09
882.0953913054129,378.73223502328995,4.2367485939215515,-173.42446133850098,-336.6928304184503,-1.1400245852550256e-09
882.5953913054129,379.2321503797185,4.236772962524116,-173.6451608864018,-337.14148659333085,-1.1400248606709234e-09
883.0953913054129,379.7320659589763,4.23679726696438,-173.86586043348922,-337.5901427666317,-1.1400247387247557e-09
883.5953913054129,380.2319817601868,4.2368215074953905,-174.08655997976726,-338.0387989383614,-1.1400245796231352e-09
884.0953913054129,380.7318977824779,4.236845684368865,-174.3072595252405,-338.48745510852785,-1.1400248560699192e-09
884.5953913054129,381.23181402498227,4.236869797835203,-174.5279590699129,-338.9361112771395,-1.1400245023942645e-09
885.0953913054129,381.731730486837,4.236893848143489,-174.7486586137887,-339.3847674442044,-1.140024770035114e-09
885.5953913054129,382.2316471671837,4.236917835541507,-174.96935815687235,-339.8334236097305,-1.1400245983830933e-09
886.0953913054129,382.73156406516847,4.236941760275746,-175.190057699168,-340.2820797737259,-1.1400246863734365e-09
886.5953913054129,383.2314811799418,4.23696562259141,-175.41075724067966,-340.7307359361985,-1.140024878517416e-09
887.0953913054129,383.73139851065866,4.2369894227324245,-175.63145678141152,-341.17939209715627,-1.140024645580221e-09
887.5953913054129,384.23131605647836,4.237013160941447,-175.85215632136737,-341.6280482566072,-1.140024401588312e-09
888.0953913054129,384.7312338165646,4.237036837459872,-176.07285586055173,-342.0767044145589,-1.140024660571737e-09
888.5953913054129,385.2311517900854,4.237060452527843,-176.2935553989683,-342.5253605710192,-1.1400246391236807e-09
889.0953913054129,385.73106997621306,4.237084006384259,-176.51425493662128,-342.9740167259958,-1.1400245987119052e-09
889.5953913054129,386.2309883741242,4.23710749926678,-176.73495447351473,-343.4226728794963,-1.140024607048724e-09
890.0953913054129,386.7309069829996,4.237130931411841,-176.9556540096523,-343.8713290315285,-1.1400246064600597e-09
890.5953913054129,387.2308258020244,4.237154303054653,-177.17635354503813,-344.3199851820998,-1.1400245944226693e-09
891.0953913054129,387.73074483038783,4.237177614429216,-177.39705307967617,-344.7686413312178,-1.1400247931509049e-09
891.5953913054129,388.23066406728327,4.237200865768324,-177.61775261357042,-345.21729747888975,-1.1400244436779086e-09
892.0953913054129,388.73058351190826,4.2372240573035755,-177.83845214672453,-345.6659536251232,-1.1400245579011733e-09
892.5953913054129,389.2305031634645,4.237247189265378,-178.05915167914236,-346.11460976992566,-1.1400244299751563e-09
893.0953913054129,389.7304230211577,4.237270261882957,-178.2798512108275,-346.56326591330446,-1.1400247010577715e-09
893.5953913054129,390.23034308419767,4.2372932753843635,-178.50055074178402,-347.01192205526655,-1.1400245073937632e-09
894.0953913054129,390.73026335179827,4.237316229996482,-178.72125027201582,-347.4605781958194,-1.1400245819710786e-09
894.5953913054129,391.23018382317736,4.237339125945039,-178.94194980152625,-347.90923433497017,-1.1400242327070341e-09
895.0953913054129,391.73010449755674,4.237361963454606,-179.16264933031925,-348.357890472726,-1.140024166803353e-09
895.5953913054129,392.2300253741622,4.2373847427486115,-179.38334885839856,-348.8065466090939,-1.1400242196220921e-09
896.0953913054129,392.7299464522235,4.2374074640493475,-179.6040483857676,-349.2552027440811,-1.1400240206179495e-09
896.5953913054129,393.22986773097415,4.237430127577975,-179.82474791243,-349.7038588776944,-1.1400241333908319e-09
897.0953913054129,393.72978920965176,4.23745273355453,-180.04544743838963,-350.1525150099409,-1.140024280809463e-09
897.5953913054129,394.2297108874977,4.237475282197936,-180.26614696365004,-350.6011711408274,-1.1400239906457652e-09
898.0953913054129,394.7296327637571,4.237497773726005,-180.48684648821475,-351.04982727036077,-1.1400239004685672e-09
898.5953913054129,395.22955483767896,4.237520208355449,-180.7075460120874,-351.4984833985478,-1.1400240259508716e-09
899.0953913054129,395.72947710851616,4.237542586301885,-180.92824553527134,-351.94713952539547,-1.1400239867836285e-09
899.5953913054129,396.2293995755252,4.2375649077798405,-181.14894505777,-352.39579565091043,-1.1400237995424704e-09
900.0953913054129,396.72932223796636,4.237587173002763,-181.36964457958726,-352.84445177509923,-1.1400241450510688e-09
900.5953913054129,397.22924509510364,4.237609382183026,-181.59034410072624,-353.2931078979687,-1.14002396761116e-09
901.0953913054129,397.72916814620476,4.237631535531935,-181.81104362119038,-353.7417640195255,-1.1400242175405606e-09
901.5953913054129,398.2290913905411,4.237653633259734,-182.03174314098322,-354.190420139776,-1.1400242249176708e-09
902.0953913054129,398.72901482738763,4.237675675575615,-182.25244266010802,-354.63907625872696,-1.140024076766664e-09
902.5953913054129,399.228938456023,4.2376976626877205,-182.47314217856825,-355.08773237638474,-1.1400240340536579e-09
903.0953913054129,399.7288622757294,4.237719594803151,-182.69384169636746,-355.53638849275563,-1.1400241626748472e-09
903.5953913054129,400.2287862857927,4.237741472127975,-182.91454121350884,-355.98504460784625,-1.1400239862445245e-09
904.0953913054129,400.7287104855022,4.237763294867231,-183.1352407299955,-356.433700721663,-1.1400240137304601e-09
904.5953913054129,401.22863487415077,4.237785063224938,-183.35594024583085,-356.8823568342121,-1.14002403025769e-09
905.0953913054129,401.72855945103487,4.237806777404097,-183.57663976101824,-357.3310129454999,-1.140023997906671e-09
905.5953913054129,402.2284842154544,4.237828437606701,-183.79733927556092,-357.77966905553257,-1.1400242184786704e-09
906.0953913054129,402.72840916671265,4.237850044033741,-184.0180387894618,-358.22832516431646,-1.140023959358581e-09
906.5953913054129,403.2283343041165,4.237871596885211,-184.23873830272447,-358.6769812718577,-1.1400241082111612e-09
907.0953913054129,403.7282596269762,4.237893096360113,-184.45943781535203,-359.12563737816237,-1.1400237669439388e-09
907.5953913054129,404.22818513460527,4.237914542656468,-184.68013732734764,-359.57429348323654,-1.1400238799004398e-09
908.0953913054129,404.7281108263208,4.237935935971317,-184.90083683871424,-360.02294958708643,-1.140024045483905e-09
908.5953913054129,405.22803670144316,4.237957276500727,-185.12153634945523,-360.47160568971793,-1.1400239540096716e-09
909.0953913054129,405.7279627592961,4.2379785644398025,-185.34223585957344,-360.9202617911372,-1.1400240230720728e-09
909.5953913054129,406.2278889992066,4.237999799982685,-185.56293536907222,-361.36891789134995,-1.1400240163900162e-09
910.0953913054129,406.727815420505,4.238020983322563,-185.7836348779545,-361.8175739903623,-1.140023859311487e-09
910.5953913054129,407.227742022525,4.238042114651675,-186.00433438622358,-362.2662300881799,-1.140024019188104e-09
911.0953913054129,407.72766880460335,4.238063194161319,-186.22503389388214,-362.7148861848088,-1.1400238648455504e-09
911.5953913054129,408.22759576608024,4.238084222041856,-186.44573340093336,-363.1635422802546,-1.1400236986733796e-09
912.0953913054129,408.72752290629904,4.238105198482713,-186.66643290738028,-363.6121983745233,-1.1400239579424813e-09
912.5953913054129,409.22745022460623,4.238126123672394,-186.88713241322586,-364.0608544676205,-1.140023789861456e-09
913.0953913054129,409.72737772035157,4.238146997798484,-187.10783191847284,-364.509510559552,-1.1400241442788998e-09
913.5953913054129,410.2273053928879,4.238167821047652,-187.3285314231242,-364.9581666503235,-1.140024027142603e-09
914.0953913054129,410.7272332415713,4.238188593605657,-187.5492309271832,-365.40682273994037,-1.1400240732116496e-09
914.5953913054129,411.2271612657609,4.238209315657358,-187.76993043065247,-365.8554788284085,-1.1400239555793229e-09
915.0953913054129,411.72708946481896,4.238229987386715,-187.99062993353502,-366.3041349157333,-1.1400237823282947e-09
915.5953913054129,412.2270178381108,4.238250608976795,-188.2113294358337,-366.75279100192023,-1.14002386456081e-09
916.0953913054129,412.7269463850048,4.23827118060978,-188.4320289375512,-367.201447086975,-1.1400239395464458e-09
916.5953913054129,413.2268751048725,4.238291702466968,-188.6527284386904,-367.650103170903,-1.1400240267105491e-09
917.0953913054129,413.72680399708827,4.238312174728784,-188.8734279392542,-368.09875925370955,-1.1400240039296108e-09
917.5953913054129,414.22673306102973,4.238332597574779,-189.09412743924557,-368.54741533540016,-1.1400239529447336e-09
918.0953913054129,414.72666229607734,4.23835297118364,-189.3148269386671,-368.9960714159801,-1.1400238813391765e-09
918.5953913054129,415.2265917016145,4.2383732957331945,-189.53552643752144,-369.4447274954548,-1.140023726010055e-09
919.0953913054129,415.7265212770277,4.2383935714004135,-189.75622593581136,-369.8933835738296,-1.1400238829202673e-09
919.5953913054129,416.2264510217063,4.238413798361417,-189.9769254335399,-370.3420396511097,-1.140023816612737e-09
920.0953913054129,416.7263809350425,4.238433976791483,-190.1976249307095,-370.7906957273002,-1.1400237180444584e-09
920.5953913054129,417.2263110164317,4.2384541068650465,-190.41832442732294,-371.23935180240653,-1.1400237031600763e-09
921.0953913054129,417.72624126527177,4.23847418875571,-190.63902392338272,-371.68800787643386,-1.1400235630136372e-09
921.5953913054129,418.2261716809638,4.238494222636244,-190.8597234188917,-372.1366639493872,-1.1400238453353078e-09
922.0953913054129,418.7261022629115,4.238514208678595,-191.08042291385266,-372.5853200212717,-1.1400238308014748e-09
922.5953913054129,419.22603301052163,4.2385341470538895,-191.30112240826804,-373.0339760920925,-1.1400238694338152e-09
923.0953913054129,419.72596392320355,4.238554037932439,-191.52182190214063,-373.4826321618545,-1.1400238676694635e-09
923.5953913054129,420.2258950003696,4.238573881483745,-191.74252139547275,-373.93128823056287,-1.140023852419905e-09
924.0953913054129,420.7258262414348,4.238593677876503,-191.96322088826707,-374.3799442982227,-1.1400240850222851e-09
924.5953913054129,421.22575764581694,4.238613427278607,-192.18392038052647,-374.82860036483874,-1.1400236285155818e-09
925.0953913054129,421.7256892129367,4.238633129857156,-192.40461987225328,-375.277256430416,-1.1400238657712619e-09
925.5953913054129,422.2256209422173,4.238652785778458,-192.62531936344996,-375.72591249495935,-1.1400241479887005e-09
926.0953913054129,422.7255528330848,4.2386723952080345,-192.8460188541191,-376.1745685584738,-1.1400239619407678e-09
926.5953913054129,423.22548488496795,4.238691958310624,-193.06671834426302,-376.6232246209642,-1.1400238365812192e-09
927.0953913054129,423.7254170972982,4.238711475250188,-193.28741783388446,-377.0718806824352,-1.1400241080447564e-09
927.5953913054129,424.22534946950964,4.238730946189915,-193.508117322986,-377.52053674289175,-1.1400240328323182e-09
928.0953913054129,424.72528200103903,4.238750371292227,-193.72881681157,-377.96919280233845,-1.1400239448848757e-09
928.5953913054129,425.2252146913258,4.23876975071878,-193.94951629963876,-378.41784886078017,-1.1400241072589977e-09
929.0953913054129,425.725147539812,4.238789084630472,-194.17021578719505,-378.86650491822155,-1.140023953467534e-09
929.5953913054129,426.2250805459422,4.238808373187447,-194.390915274241,-379.3151609746673,-1.140023742987712e-09
930.0953913054129,426.7250137091637,4.238827616549097,-194.6116147607791,-379.7638170301221,-1.1400238289849663e-09
930.5953913054129,427.2249470289263,4.238846814874069,-194.8323142468116,-380.2124730845906,-1.1400238073609942e-09
931.0953913054129,427.72488050468235,4.238865968320269,-195.05301373234101,-380.66112913807734,-1.1400237046503278e-09
931.5953913054129,428.22481413588685,4.238885077044864,-195.27371321736987,-381.1097851905868,-1.1400236467737544e-09
932.0953913054129,428.7247479219972,4.238904141204289,-195.4944127019003,-381.5584412421237,-1.1400236486419563e-09
932.5953913054129,429.2246818624735,4.238923160954251,-195.7151121859348,-382.0070972926924,-1.1400238230303931e-09
933.0953913054129,429.7246159567782,4.238942136449731,-195.9358116694755,-382.45575334229756,-1.1400238711505289e-09
933.5953913054129,430.2245502043763,4.2389610678449925,-196.15651115252467,-382.90440939094367,-1.1400240019451094e-09
934.0953913054129,430.72448460473527,4.238979955293579,-196.377210635085,-383.35306543863487,-1.1400239176861407e-09
934.5953913054129,431.22441915732503,4.238998798948325,-196.59791011715853,-383.8017214853758,-1.140024113777875e-09
935.0953913054129,431.724353861618,4.2390175989613565,-196.81860959874737,-384.250377531171,-1.1400240911166396e-09
935.5953913054129,432.224288717089,4.239036355484096,-197.03930907985384,-384.69903357602465,-1.1400240402569285e-09
936.0953913054129,432.72422372321523,4.239055068667265,-197.26000856048032,-385.1476896199411,-1.1400241414669328e-09
936.5953913054129,433.22415887947636,4.239073738660891,-197.48070804062914,-385.5963456629245,-1.1400240918919184e-09
937.0953913054129,433.72409418535443,4.239092365614309,-197.70140752030238,-386.04500170497937,-1.1400244402532214e-09
937.5953913054129,434.22402964033387,4.239110949676166,-197.9221069995024,-386.49365774610976,-1.1400243183568102e-09
938.0953913054129,434.7239652439015,4.239129490994428,-198.14280647823094,-386.9423137863203,-1.1400239909515244e-09
938.5953913054129,435.2239009955464,4.239147989716378,-198.36350595649063,-387.3909698256149,-1.1400241660530642e-09
939.0953913054129,435.7238368947601,4.239166445988625,-198.58420543428346,-387.8396258639978,-1.1400240766079066e-09
939.5953913054129,436.2237729410364,4.2391848599571045,-198.8049049116115,-388.2882819014733,-1.1400242337904137e-09
940.0953913054129,436.72370913387135,4.239203231767085,-199.0256043884771,-388.7369379380453,-1.1400240622000327e-09
940.5953913054129,437.22364547276345,4.239221561563172,-199.2463038648823,-389.1855939737181,-1.1400239712359208e-09
941.0953913054129,437.7235819572134,4.239239849489307,-199.46700334082922,-389.6342500084957,-1.1400242651985434e-09
941.5953913054129,438.22351858672414,4.239258095688777,-199.68770281632015,-390.0829060423822,-1.1400241117594902e-09
942.0953913054129,438.7234553608009,4.239276300304217,-199.908402291357,-390.5315620753816,-1.1400239886996367e-09
942.5953913054129,439.2233922789512,4.239294463477611,-200.12910176594187,-390.98021810749805,-1.1400240143958475e-09
943.0953913054129,439.72332934068476,4.239312585350298,-200.3498012400767,-391.4288741387355,-1.1400241317532814e-09
943.5953913054129,440.22326654551347,4.239330666062974,-200.57050071376375,-391.87753016909795,-1.1400241160435971e-09
944.0953913054129,440.7232038929515,4.2393487057557,-200.79120018700476,-392.3261861985895,-1.1400242424536553e-09
944.5953913054129,441.2231413825153,4.239366704567897,-201.01189965980225,-392.77484222721375,-1.1400242009328468e-09
945.0953913054129,441.72307901372324,4.23938466263836,-201.23259913215784,-393.2234982549749,-1.140024256533215e-09
945.5953913054129,442.2230167860961,4.239402580105253,-201.45329860407367,-393.6721542818767,-1.1400240194840557e-09
946.0953913054129,442.72295469915673,4.239420457106118,-201.67399807555168,-394.12081030792314,-1.1400241452056217e-09
946.5953913054129,443.22289275243014,4.2394382937778765,-201.89469754659396,-394.569466333118,-1.1400242376377577e-09
947.0953913054129,443.7228309454435,4.239456090256832,-202.11539701720233,-395.0181223574652,-1.140024146153131e-09
947.5953913054129,444.22276927772606,4.239473846678674,-202.33609648737908,-395.46677838096826,-1.1400241096920992e-09
948.0953913054129,444.7227077488092,4.239491563178484,-202.55679595712581,-395.9154344036313,-1.1400242789507969e-09
948.5953913054129,445.2226463582264,4.239509239890736,-202.7774954264448,-396.3640904254578,-1.1400241877500704e-09
949.0953913054129,445.7225851055133,4.2395268769492995,-202.9981948953376,-396.81274644645185,-1.1400244387766035e-09
949.5953913054129,446.22252399020743,4.239544474487445,-203.21889436380664,-397.26140246661674,-1.1400244150587636e-09
950.0953913054129,446.72246301184856,4.239562032637848,-203.43959383185344,-397.71005848595644,-1.1400243329425983e-09
950.5953913054129,447.22240216997847,4.239579551532589,-203.66029329947992,-398.1587145044747,-1.1400243248505776e-09
951.0953913054129,447.7223414641409,4.23959703130316,-203.88099276668794,-398.6073705221751,-1.1400241519474469e-09
951.5953913054129,448.22228089388176,4.239614472080464,-204.10169223347958,-399.05602653906107,-1.1400243738117806e-09
952.0953913054129,448.7222204587489,4.239631873994823,-204.32239169985664,-399.5046825551365,-1.1400242413855135e-09
952.5953913054129,449.2221601582921,4.239649237175979,-204.54309116582093,-399.9533385704049,-1.1400244452512886e-09
953.0953913054129,449.72209999206336,4.239666561753096,-204.76379063137432,-400.4019945848699,-1.1400245960896693e-09
953.5953913054129,450.22203995961644,4.239683847854765,-204.9844900965185,-400.85065059853497,-1.1400246631407012e-09
954.0953913054129,450.7219800605072,4.239701095609006,-205.20518956125574,-401.2993066114036,-1.140024613892107e-09
954.5953913054129,451.22192029429334,4.239718305143273,-205.42588902558728,-401.7479626234795,-1.1400244141652762e-09
955.0953913054129,451.7218606605347,4.239735476584454,-205.64658848951547,-402.196618634766,-1.1400245023312863e-09
955.5953913054129,452.2218011587929,4.239752610058877,-205.86728795304194,-402.6452746452666,-1.1400246271891823e-09
956.0953913054129,452.7217417886316,4.239769705692313,-206.0879874161683,-403.09393065498483,-1.1400244103585174e-09
956.5953913054129,453.22168254961633,4.2397867636099775,-206.30868687889625,-403.54258666392417,-1.1400244733646078e-09
957.0953913054129,453.7216234413145,4.239803783936533,-206.52938634122773,-403.99124267208794,-1.140024497910513e-09
957.5953913054129,454.22156446329546,4.239820766796094,-206.75008580316447,-404.4398986794797,-1.1400244332126256e-09
958.0953913054129,454.72150561513047,4.23983771231223,-206.97078526470824,-404.8885546861027,-1.1400244202441558e-09
958.5953913054129,455.22144689639265,4.239854620607967,-207.19148472586082,-405.3372106919603,-1.1400244649728032e-09
959.0953913054129,455.72138830665693,4.239871491805792,-207.41218418662373,-405.78586669705595,-1.1400243179093829e-09
959.5953913054129,456.22132984550024,4.2398883260276525,-207.63288364699915,-406.23452270139285,-1.1400242361008706e-09
960.0953913054129,456.7212715125012,4.2399051233949665,-207.8535831069883,-406.6831787049744,-1.1400240928358648e-09
960.5953913054129,457.22121330724036,4.239921884028618,-208.07428256659298,-407.131834707804,-1.140024316460592e-09
961.0953913054129,457.7211552293001,4.239938608048964,-208.29498202581507,-407.5804907098847,-1.140024159687643e-09
961.5953913054129,458.22109727826455,4.239955295575834,-208.51568148465637,-408.0291467112198,-1.1400241068024213e-09
962.0953913054129,458.72103945371975,4.23997194672854,-208.7363809431183,-408.4778027118126,-1.1400241435860424e-09
962.5953913054129,459.22098175525343,4.23998856162587,-208.95708040120257,-408.9264587116664,-1.140024194240944e-09
963.0953913054129,459.7209241824552,4.240005140386097,-209.17777985891075,-409.37511471078426,-1.140023947469546e-09
963.5953913054129,460.22086673491634,4.240021683126982,-209.3984793162445,-409.8237707091695,-1.140023975404146e-09
964.0953913054129,460.7208094122301,4.240038189965772,-209.61917877320536,-410.2724267068254,-1.1400239601654314e-09
964.5953913054129,461.22075221399126,4.240054661019207,-209.83987822979515,-410.7210827037549,-1.1400239362306107e-09
965.0953913054129,461.72069513979653,4.240071096403521,-210.0605776860155,-411.16973869996116,-1.1400241617222867e-09
965.5953913054129,462.2206381892442,4.2400874962344455,-210.2812771418681,-411.6183946954473,-1.1400240378228114e-09
966.0953913054129,462.7205813619344,4.240103860627213,-210.5019765973542,-412.06705069021655,-1.1400241012374198e-09
966.5953913054129,463.220524657469,4.2401201896965555,-210.7226760524758,-412.51570668427183,-1.1400242030027122e-09
967.0953913054129,463.72046807545155,4.240136483556714,-210.94337550723412,-412.9643626776164,-1.1400239220353745e-09
967.5953913054129,464.22041161548725,4.240152742321436,-211.16407496163114,-413.41301867025305,-1.140023992623903e-09
968.0953913054129,464.72035527718305,4.240168966103978,-211.3847744156681,-413.8616746621851,-1.1400238258693055e-09
968.5953913054129,465.22029906014757,4.2401851550171115,-211.60547386934684,-414.3103306534153,-1.1400238137883817e-09
969.0953913054129,465.72024296399115,4.240201309173124,-211.82617332266858,-414.7589866439469,-1.1400238019225118e-09
969.5953913054129,466.22018698832574,4.240217428683821,-212.0468727756351,-415.2076426337827,-1.1400237437564934e-09
970.0953913054129,466.72013113276495,4.240233513660529,-212.2675722282477,-415.65629862292593,-1.1400236961997167e-09
970.5953913054129,467.2200753969241,4.240249564214097,-212.48827168050826,-416.1049546113792,-1.1400240220670183e-09
971.0953913054129,467.72001978042005,4.240265580454903,-212.70897113241776,-416.55361059914577,-1.1400237361376388e-09
971.5953913054129,468.2199642828714,4.240281562492849,-212.92967058397826,-417.00226658622836,-1.1400236127100088e-09
972.0953913054129,468.71990890389833,4.240297510437373,-213.150370035191,-417.45092257262996,-1.140023893459932e-09
972.5953913054129,469.21985364312263,4.240313424397445,-213.37106948605734,-417.89957855835354,-1.1400240096650002e-09
973.0953913054129,469.71979850016766,4.240329304481569,-213.59176893657892,-418.3482345434019,-1.140023706659245e-09
973.5953913054129,470.21974347465846,4.24034515079779,-213.81246838675736,-418.7968905277778,-1.1400240136244031e-09
974.0953913054129,470.71968856622163,4.240360963453694,-214.03316783659386,-419.2455465114843,-1.140023973797398e-09
974.5953913054129,471.2196337744853,4.240376742556409,-214.25386728609,-419.69420249452406,-1.1400236263371334e-09
975.0953913054129,471.7195790990792,4.24039248821261,-214.47456673524735,-420.14285847689996,-1.1400239648617807e-09
975.5953913054129,472.21952453963473,4.24040820052852,-214.69526618406718,-420.5915144586149,-1.14002376230915e-09
976.0953913054129,472.7194700957847,4.240423879609914,-214.91596563255118,-421.0401704396714,-1.140023714257091e-09
976.5953913054129,473.21941576716347,4.240439525562117,-215.13666508070062,-421.4888264200724,-1.1400238368958192e-09
977.0953913054129,473.719361553407,4.240455138490012,-215.35736452851688,-421.93748239982074,-1.1400238656196684e-09
977.5953913054129,474.21930745415284,4.240470718498041,-215.5780639760011,-422.38613837891927,-1.1400239096718721e-09
978.0953913054129,474.7192534690399,4.240486265690201,-215.7987634231553,-422.8347943573703,-1.1400237991347388e-09
978.5953913054129,475.21919959770884,4.2405017801700575,-216.01946286998023,-423.283450335177,-1.1400238189926305e-09
979.0953913054129,475.71914583980157,4.240517262040736,-216.24016231647764,-423.73210631234184,-1.1400239737909066e-09
979.5953913054129,476.21909219496166,4.240532711404931,-216.4608617626492,-424.1807622888674,-1.1400239103808362e-09
980.0953913054129,476.7190386628341,4.240548128364908,-216.68156120849562,-424.62941826475674,-1.1400240776030855e-09
980.5953913054129,477.21898524306545,4.240563513022499,-216.90226065401882,-425.07807424001203,-1.1400238592420813e-09
981.0953913054129,477.71893193530366,4.240578865479115,-217.1229600992198,-425.5267302146363,-1.1400237830165904e-09
981.5953913054129,478.2188787391982,4.24059418583574,-217.34365954410032,-425.975386188632,-1.1400237558322585e-09
982.0953913054129,478.71882565439995,4.240609474192938,-217.5643589886613,-426.4240421620018,-1.1400237705536607e-09
982.5953913054129,479.2187726805613,4.240624730650852,-217.7850584329043,-426.8726981347483,-1.140023649124884e-09
983.0953913054129,479.7187198173361,4.2406399553092085,-218.00575787683053,-427.32135410687414,-1.1400238034097753e-09
983.5953913054129,480.21866706437953,4.240655148267317,-218.2264573204417,-427.77001007838174,-1.1400238819399014e-09
984.0953913054129,480.7186144213483,4.240670309624076,-218.44715676373877,-428.2186660492738,-1.1400236249539307e-09
984.5953913054129,481.21856188790053,4.240685439477973,-218.66785620672314,-428.66732201955284,-1.1400235142847686e-09
985.0953913054129,481.71850946369574,4.240700537927086,-218.88855564939587,-429.11597798922156,-1.14002368971803e-09
985.5953913054129,482.21845714839486,4.240715605069086,-219.10925509175865,-429.5646339582822,-1.1400235611204715e-09
986.0953913054129,482.7184049416602,4.24073064100124,-219.32995453381264,-430.0132899267374,-1.1400237507269639e-09
986.5953913054129,483.2183528431555,4.240745645820412,-219.550653975559,-430.46194589458975,-1.1400238309279925e-09
987.0953913054129,483.7183008525459,4.240760619623066,-219.7713534169992,-430.9106018618416,-1.1400237777812192e-09
987.5953913054129,484.21824896949784,4.240775562505267,-219.99205285813434,-431.35925782849546,-1.1400236437496468e-09
988.0953913054129,484.71819719367926,4.2407904745626865,-220.21275229896565,-431.80791379455394,-1.1400236316546784e-09
988.5953913054129,485.21814552475934,4.240805355890597,-220.43345173949484,-432.2565697600192,-1.1400236297419184e-09
989.0953913054129,485.71809396240866,4.240820206583883,-220.65415117972265,-432.70522572489386,-1.1400235277599469e-09
989.5953913054129,486.21804250629924,4.240835026737036,-220.87485061965046,-433.1538816891804,-1.1400237433950448e-09
990.0953913054129,486.7179911561043,4.240849816444162,-221.0955500592795,-433.60253765288115,-1.140023634329948e-09
990.5953913054129,487.2179399114985,4.240864575798978,-221.31624949861128,-434.0511936159985,-1.140023686752857e-09
991.0953913054129,487.7178887721578,4.2408793048948175,-221.53694893764686,-434.49984957853474,-1.14002378198749e-09
991.5953913054129,488.2178377377594,4.240894003824634,-221.75764837638724,-434.9485055404924,-1.140023657542551e-09
992.0953913054129,488.717786807982,4.240908672680998,-221.97834781483377,-435.3971615018739,-1.1400238514281972e-09
992.5953913054129,489.2177359825055,4.240923311556103,-222.19904725298775,-435.84581746268134,-1.1400237366040514e-09
993.0953913054129,489.71768526101107,4.240937920541765,-222.41974669085053,-436.2944734229172,-1.1400238404956552e-09
993.5953913054129,490.21763464318127,4.240952499729428,-222.6404461284228,-436.7431293825839,-1.1400236853297824e-09
994.0953913054129,490.71758412869985,4.240967049210159,-222.8611455657063,-437.19178534168356,-1.1400239245814968e-09
994.5953913054129,491.21753371725197,4.240981569074659,-223.08184500270175,-437.64044130021864,-1.1400238026163197e-09
995.0953913054129,491.71748340852395,4.240996059413257,-223.30254443941058,-438.08909725819143,-1.1400236171922137e-09
995.5953913054129,492.21743320220344,4.241010520315917,-223.52324387583417,-438.53775321560397,-1.1400239272667323e-09
996.0953913054129,492.71738309797934,4.241024951872236,-223.7439433119734,-438.98640917245876,-1.1400237838839255e-09
996.5953913054129,493.21733309554185,4.241039354171449,-223.96464274782934,-439.4350651287581,-1.1400240778408834e-09
997.0953913054129,493.71728319458236,4.241053727302431,-224.18534218340326,-439.88372108450415,-1.1400240057938135e-09
997.5953913054129,494.21723339479354,4.241068071353694,-224.40604161869626,-440.33237703969917,-1.1400238442700574e-09
998.0953913054129,494.71718369586927,4.241082386413394,-224.62674105370982,-440.78103299434525,-1.1400238590452435e-09
998.5953913054129,495.2171340975047,4.241096672569332,-224.8474404884448,-441.2296889484447,-1.1400239806725786e-09
999.0953913054129,495.7170845993962,4.241110929908955,-225.06813992290205,-441.67834490199976,-1.1400237533677504e-09
999.5953913054129,496.2170352012413,4.241125158519355,-225.288839357083,-442.1270008550127,-1.1400240121773993e-09
1000.0953913054129,496.7169859027388,4.241139358487276,-225.50953879098876,-442.57565680748553,-1.1400235982539647e-09
1000.5953913054129,497.21693670358883,4.241153529899111,-225.73023822462054,-443.0243127594204,-1.140023903330783e-09
1001.0953913054129,497.71688760349247,4.241167672840907,-225.95093765797958,-443.4729687108194,-1.140023902254989e-09
1001.5953913054129,498.21683860215217,4.241181787398368,-226.1716370910665,-443.9216246616849,-1.1400237763446389e-09
1002.0953913054129,498.71678969927154,4.24119587365685,-226.39233652388262,-444.37028061201903,-1.1400236379278433e-09
1002.5953913054129,499.21674089455536,4.241209931701371,-226.61303595642903,-444.81893656182376,-1.1400235329876463e-09
1003.0953913054129,499.71669218770955,4.241223961616605,-226.83373538870705,-445.2675925111012,-1.140023927070102e-09
1003.5953913054129,500.2166435784413,4.241237963486891,-227.05443482071732,-445.71624845985366,-1.1400237706080503e-09
1004.0953913054129,500.71659506645886,4.241251937396229,-227.27513425246147,-446.1649044080829,-1.1400238291530302e-09
1004.5953913054129,501.2165466514718,4.2412658834282855,-227.49583368394033,-446.6135603557912,-1.140024016425954e-09
1005.0953913054129,501.7164983331906,4.241279801666392,-227.7165331151548,-447.06221630298063,-1.1400236617768558e-09
1005.5953913054129,502.2164501113271,4.24129369219355,-227.9372325461061,-447.51087224965323,-1.1400237974933137e-09
1006.0953913054129,502.71640198559425,4.24130755509243,-228.15793197679503,-447.95952819581123,-1.1400236936654917e-09
1006.5953913054129,503.21635395570604,4.241321390445372,-228.37863140722294,-448.40818414145633,-1.140023784249998e-09
1007.0953913054129,503.71630602137765,4.241335198334393,-228.59933083739074,-448.8568400865908,-1.1400239208635168e-09
1007.5953913054129,504.2162581823254,4.241348978841182,-228.8200302672993,-449.3054960312167,-1.140024014161324e-09
1008.0953913054129,504.7162104382668,4.241362732047104,-229.04072969695002,-449.7541519753358,-1.1400240315805835e-09
1008.3792079261035,504.99999999999994,4.241370526708125,-229.16600602945917,-450.0088240029365,-1.1400241066286683e-09
