tau,r,phi,X,Y,H
0.0,500.0,0.0,500.0,0.0,-6.536037685886571e-17
0.004812508987062603,499.99518792476755,1.358565929254383e-07,499.99518792476294,6.792764271057297e-05,-6.536529725704304e-17
0.05293759885768863,499.94706717293616,1.494565168628001e-06,499.9470671723778,0.0007472034727541156,-3.2707262178063737e-16
0.5341884975639489,499.465859703997,1.5095930842703568e-05,499.4658596470861,0.0075399020760966474,-1.9772734576308825e-16
1.034188497563949,498.96590492103064,2.9254750718839823e-05,498.965904707513,0.01459712316358295,-4.649923123468735e-16
1.534188497563949,498.4659502354549,4.344173793535638e-05,498.46594976510625,0.021654227173016107,-2.6780184171537345e-16
2.034188497563949,497.9659956475626,5.7656977427085116e-05,497.9659948198617,0.0287112141545999,-2.0243436947462248e-16
2.534188497563949,497.4660411576477,7.190055447017505e-05,497.46603987177514,0.035768084158499476,-2.7204203233619797e-16
3.034188497563949,496.96608676600545,8.61725546838094e-05,496.96608492084266,0.04282483723484157,-3.4273831212526083e-16
3.534188497563949,496.4661324729322,0.00010047306403193283,496.46612996706,0.04988147343371475,-4.145378035275051e-16
4.0341884975639495,495.9661782787256,0.00011480216882498936,495.96617501042306,0.05693799280516962,-4.874552958823131e-16
4.5341884975639495,495.46622418368435,0.00012915995572167061,495.4662200509277,0.06399439539921911,-2.807528879360241e-16
5.0341884975639495,494.96627018810847,0.00014354651173067475,494.96626508856974,0.07105068126583863,-3.537246834724311e-16
5.5341884975639495,494.4663162922991,0.00015796192421247603,494.4663101233449,0.07810685045496639,-6.417599837492022e-16
6.0341884975639495,493.9663624965587,0.00017240628088110522,493.966355155249,0.08516290301650356,-4.3124074155926034e-16
6.5341884975639495,493.4664088011909,0.0001868796698059406,493.4664001842778,0.09221883900031455,-5.795629111550216e-16
7.0341884975639495,492.96645520650054,0.00020138217941351018,492.96644521042697,0.09927465845622727,-5.841794986805174e-16
7.5341884975639495,492.46650171279373,0.00021591389848930458,492.46649023369224,0.10633036143403324,-4.416283763595323e-16
8.03418849756395,491.9665483203778,0.00023047491617960122,491.9665352540693,0.11338594798348803,-2.9676917117881747e-16
8.53418849756395,491.46659502956135,0.0002450653219932994,491.4665802715538,0.12044141815431131,-5.234962659734791e-16
9.03418849756395,490.96664184065423,0.0002596852058037669,490.9666252861414,0.12749677199618722,-5.276841323495942e-16
9.53418849756395,490.4666887539675,0.00027433465785069736,490.46667029782765,0.13455200955876453,-4.559228830927838e-16
10.03418849756395,489.96673576981357,0.00028901376874197987,489.96671530660814,0.14160713089165694,-2.2978900525848957e-16
10.53418849756395,489.4667828885061,0.000303722629455579,489.46676031247847,0.14866213604444325,-7.721106693004576e-17
11.03418849756395,488.96683011036,0.0003184613313414272,488.9668053154342,0.15571702506666765,-3.8915699539128418e-16
11.53418849756395,488.4668774356914,0.0003332299661233283,488.4668503154708,0.16277179800784,-3.9228694263993206e-16
12.03418849756395,487.96692486481794,0.000348028625900873,487.9668953125838,0.16982645491743598,-1.58178185833811e-16
12.53418849756395,487.4669723980583,0.0003628574031513661,487.46694030676855,0.1768809958448974,-7.972657053103999e-17
13.03418849756395,486.96702003573273,0.00037771639073176536,486.9669852980207,0.18393542083963246,-1.607397606254967e-16
13.53418849756395,486.4670677781626,0.00039260568188063266,486.46703028633556,0.19098972995101599,-3.240763274752281e-16
14.03418849756395,485.96711562567054,0.000407525370220097,485.96707527170844,0.1980439232283896,-3.2669694191441447e-16
14.53418849756395,485.46716357858077,0.0004224755497578296,485.46712025413484,0.20509800072106202,-1.6467080420487894e-16
15.03418849756395,484.96721163721867,0.00043745631488903143,484.9671652336101,0.21215196247830942,-3.3201057355977516e-16
15.53418849756395,484.467259801911,0.0004524677603984327,484.4672102101295,0.2192058085493755,-3.347040867544035e-16
16.03418849756395,483.96730807298576,0.0004675099814623052,483.9672551836884,0.2262595389834718,-2.5306680015717435e-16
16.53418849756395,483.4673564507725,0.0004825830736504866,483.467300154282,0.233313153829778,-3.4016576900220074e-16
17.03418849756395,482.967404935602,0.0004976871329284178,482.96734512190557,0.24036665313744215,-1.7146722555288338e-16
17.53418849756395,482.46745352780647,0.0005128222556591924,482.46739008655436,0.24742003695558085,-5.185930611393316e-16
18.03418849756395,481.9675022277194,0.0005279885386056199,481.96743504822354,0.2544733053332797,-3.4854880183848613e-16
18.53418849756395,481.4675510356758,0.0005431860789323003,481.4674800069083,0.26152645831959326,-4.392437515292597e-16
19.03418849756395,480.967599952012,0.0005584149742077132,480.9675249626039,0.2685794959635456,-4.428344693815151e-16
19.53418849756395,480.46764897706566,0.0005736753224063186,480.46756991530526,0.27563241831413027,-5.357501965342068e-16
20.03418849756395,479.967698111176,0.0005889672219106717,479.96761486500765,0.28268522542031094,-6.301626518277668e-16
20.53418849756395,479.46774735468347,0.0006042907715135506,479.46765981170597,0.28973791733102117,-3.630462934257618e-16
21.03418849756395,478.9677967079301,0.0006196460704200974,478.96770475539546,0.29679049409516517,-6.405474753030273e-16
21.53418849756395,478.4678461712593,0.0006350332182499727,478.467749696071,0.30384295576161763,-6.4581253726334e-16
22.03418849756395,477.9678957450158,0.0006504523150395234,477.9677946337277,0.3108953023792243,-7.441448058583632e-16
22.53418849756395,477.467945429546,0.0006659034612439646,477.4678395683604,0.3179475339968021,-5.627061346728014e-16
23.03418849756395,476.96799522519746,0.0006813867577395748,476.96788449996404,0.32499965066313935,-5.673466377288835e-16
23.53418849756395,476.46804513231945,0.0006969023058259053,476.46792942853364,0.3320516524269961,-7.627074162554184e-16
24.03418849756395,475.9680951512626,0.0007124502072280028,475.9679743540641,0.3391035393371046,-8.651375427915327e-16
24.53418849756395,475.468145282379,0.0007280305640986469,475.4680192765501,0.346155311442169,-6.784522450688059e-16
25.03418849756395,474.96819552602227,0.0007436434790206012,474.9680641959867,0.3532069687908662,-9.772457137769883e-16
25.53418849756395,474.4682458825474,0.000759289055008879,474.4681091123685,0.3602585114318459,-9.853493817443553e-16
26.03418849756395,473.9682963523111,0.0007749673955130227,473.9681540256904,0.3673099394137308,-7.948234310108213e-16
26.53418849756395,473.4683469356713,0.0007906786044193985,473.46819893594716,0.3743612527851169,-9.016076123248931e-16
27.03418849756395,472.9683976329877,0.0008064227860535046,472.96824384313345,0.38141245159457393,-8.080968268622594e-16
27.53418849756395,472.46844844462134,0.0008222000451822954,472.468288747244,0.3884635358906454,-8.148276012256238e-16
28.03418849756395,471.96849937093486,0.000838010487016519,471.9683336482734,0.395514505721849,-9.243247221842718e-16
28.53418849756395,471.4685504122924,0.0008538542172130708,471.46837854621634,0.4025653611366767,-8.284806201824737e-16
29.03418849756395,470.96860156905973,0.0008697313418773613,470.96842344106744,0.4096161021835954,-1.1486807955421486e-15
29.53418849756395,470.46865284160407,0.0008856419675656994,470.4684683328212,0.41666672891104695,-8.423934464568476e-16
30.03418849756395,469.9687042302943,0.0009015862012876907,469.96851322147234,0.42371724136744837,-9.55630135871591e-16
30.53418849756395,469.46875573550074,0.0009175641505086515,469.4685581070152,0.4307676396011922,-8.56571607612104e-16
31.03418849756395,468.9688073575954,0.0009335759231520374,468.9686029894444,0.43781792366064687,-1.0797024394752777e-15
31.53418849756395,468.4688590969518,0.0009496216276018883,468.4686478687544,0.4448680935941568,-1.1976535466186793e-15
32.034188497563946,467.9689109539451,0.0009657013727052888,467.9686927449395,0.45191814945004294,-1.097935955562914e-15
32.534188497563946,467.46896292895207,0.0009818152677748446,467.46873761799424,0.4589680912766029,-8.85746697993009e-16
33.034188497563946,466.9690150223511,0.000997963422591174,466.968782487913,0.46601791912211105,-1.0048672204365065e-15
33.534188497563946,466.469067234522,0.0010141459474054162,466.46882735469,0.4730676330348192,-1.0133497638584595e-15
34.034188497563946,465.9691195658466,0.0010303629529417554,465.9688722183197,0.4801172330629565,-9.083675766815653e-16
34.534188497563946,465.469172016708,0.001046614550399962,465.46891707879627,0.48716671925473015,-1.3740791580518896e-15
35.034188497563946,464.9692245874911,0.001062900851457948,464.96896193611406,0.49421609165832525,-1.1547646408907344e-15
35.534188497563946,464.46927727858247,0.0010792219682743424,464.4690067902672,0.5012653503219053,-1.2810121347995555e-15
36.034188497563946,463.96933009037025,0.0010955780134910794,463.9690516412499,0.5083144952936126,-9.395540003091123e-16
36.534188497563946,463.4693830232444,0.0011119691002360059,463.46909648905637,0.5153635266215685,-1.0659813253308697e-15
37.034188497563946,462.9694360775964,0.0011283953421255054,462.96914133368074,0.5224124443538731,-1.0750509834781453e-15
37.534188497563946,462.4694892538196,0.0011448568532671382,462.469186175117,0.5294612485386069,-9.035067972372838e-16
38.034188497563946,461.96954255230884,0.0011613537482622997,461.9692310133594,0.5365099392238295,-8.504640572690451e-16
38.534188497563946,461.4695959734608,0.0011778861422088952,461.4692758484018,0.5435585164575812,-1.102788831358044e-15
39.034188497563946,460.9696495176739,0.0011944541507040323,460.96932068023824,0.5506069802878824,-9.886348911557638e-16
39.534188497563946,460.4697031853481,0.0012110578898467314,460.4693655088628,0.5576553307627344,-9.347758571221505e-16
40.034188497563946,459.96975697688544,0.001227697476240653,459.9694103342693,0.56470356793012,-1.005635687163626e-15
40.534188497563946,459.46981089268934,0.0012443730269968434,459.4694551564517,0.5717516918380025,-1.0776513554106151e-15
41.034188497563946,458.9698649331652,0.0012610846597364976,458.96949997540383,0.5787997025343273,-8.950973357607727e-16
41.534188497563946,458.4699190987201,0.0012778324925937423,458.46954479111963,0.5858476000670222,-9.672763607619732e-16
42.034188497563946,457.96997338976286,0.001294616644218434,457.96958960359274,0.5928953844839965,-9.756002101416255e-16
42.534188497563946,457.4700278067042,0.0013114372337789779,457.469634412817,0.5999430558331427,-7.872042258627878e-16
43.034188497563946,456.97008234995656,0.0013282943809651646,456.9696792187862,0.6069906141623359,-7.278278056668154e-16
43.534188497563946,456.4701370199342,0.0013451882059910252,456.46972402149413,0.6140380595194347,-8.008501164543155e-16
44.034188497563946,455.9701918170532,0.0013621188295977053,455.96976882093423,0.621085391952281,-7.404589416318307e-16
44.534188497563946,455.47024674173144,0.0013790863730563576,455.4698136171003,0.6281326115087005,-8.826615708177332e-16
45.034188497563946,454.9703017943886,0.0013960909581710547,454.9698584099858,0.6351797182365032,-8.21824267261945e-16
45.534188497563946,454.4703569754463,0.0014131327072817196,454.4699031995845,0.6422267121834838,-9.671122575303775e-16
46.034188497563946,453.97041228532794,0.0014302117432670768,453.96994798588986,0.6492735933974212,-6.967938138933902e-16
46.534188497563946,453.4704677244588,0.0014473281895476223,453.4699927688953,0.6563203619260798,-9.839931225285815e-16
47.034188497563946,452.970523293266,0.0014644821700886131,452.9700375485943,0.6633670178172096,-9.925585159469579e-16
47.534188497563946,452.4705789921787,0.0014816738094030775,452.4700823249803,0.6704135611185463,-1.0012084399211583e-15
48.034188497563946,451.9706348216277,0.0014989032325548437,451.97012709804676,0.6774599918778113,-1.2263603599547586e-15
48.534188497563946,451.4706907820459,0.0015161705651615901,451.4701718677869,0.6845063101427129,-1.0915345890426804e-15
49.034188497563946,450.97074687386805,0.0015334759333979155,450.9702166341942,0.6915525159609457,-1.0276747659042678e-15
49.534188497563946,450.4708030975309,0.001550819463998429,450.4702613972619,0.698598609380192,-1.258816291511088e-15
50.034188497563946,449.970859453473,0.0015682012842608613,449.9703061569831,0.7056445904481208,-1.1204560891566248e-15
50.534188497563946,449.4709159421349,0.0015856215220491964,449.47035091335124,0.7126904592123894,-1.0549360848972651e-15
51.034188497563946,448.9709725639592,0.0016030803057968245,448.97039566635925,0.7197362157206427,-1.064204446782117e-15
51.534188497563946,448.47102931939037,0.0016205777645097153,448.4704404160005,0.7267818600205144,-9.201986709652734e-16
52.034188497563946,447.97108620887485,0.0016381140277696138,447.9704851622679,0.7338273921596268,-1.0056606107632753e-15
52.534188497563946,447.47114323286115,0.001655689225737256,447.47052990515465,0.7408728121855913,-1.0145269598320737e-15
53.034188497563946,446.9712003917997,0.0016733034891556076,446.97057464465365,0.7479181201460086,-8.660231608292395e-16
53.534188497563946,446.471257686143,0.001690956949353123,446.470619380758,0.7549633160884693,-7.942511322319137e-16
54.034188497563946,445.9713151163456,0.0017086497382470278,445.97066411346054,0.7620084000605541,-7.211503552725987e-16
54.534188497563946,445.47137268286394,0.0017263819883466221,445.4707088427542,0.7690533721098344,-8.08375682770507e-16
55.034188497563946,444.9714303861567,0.0017441538327566068,444.97075356863195,0.7760982322838716,-5.708811163337362e-16
55.534188497563946,444.4714882266846,0.001761965405180432,444.4707982910865,0.7831429806302195,-9.87342334338023e-16
56.034188497563946,443.9715462049102,0.0017798168399236684,443.9708430101107,0.7901876171964223,-1.0791286629043562e-15
56.534188497563946,443.47160432129846,0.0017977082718974007,443.4708877256973,0.7972321420300165,-9.212349839372664e-16
57.034188497563946,442.9716625763162,0.001815639836621645,442.970932437839,0.8042765551785308,-9.29443064055158e-16
57.534188497563946,442.4717209704324,0.0018336116702287887,442.4709771465284,0.8113208566894865,-1.022982580234434e-15
58.034188497563946,441.9717795041182,0.0018516239094670541,441.9710218517583,0.8183650466103978,-1.1181286075843647e-15
58.534188497563946,441.4718381778469,0.0018696766917039851,441.4710665535211,0.8254091249887722,-8.677894362069463e-16
59.034188497563946,440.9718969920939,0.0018877701549299577,440.9711112518095,0.8324530918721108,-9.631136637519626e-16
59.534188497563946,440.4719559473367,0.0019059044377617153,440.47115594661585,0.8394969473079089,-1.1484266693696785e-15
60.034188497563946,439.97201504405507,0.0019240796794459266,439.9712006379328,0.8465406913436558,-1.0695985094776302e-15
60.534188497563946,439.47207428273083,0.0019422960198627688,439.47124532575265,0.8535843240268359,-9.892736289933071e-16
61.034188497563946,438.9721336638481,0.0019605535995295353,438.97129001006783,0.8606278454049285,-9.981716357852196e-16
61.534188497563946,438.4721931878932,0.001978852559604267,438.4713346908706,0.8676712555254084,-1.0987203707958139e-15
62.034188497563946,437.9722528553546,0.0019971930418894107,437.9713793681534,0.8747145544357463,-1.2010118229611168e-15
62.534188497563946,437.47231266672304,0.0020155751888355,437.4714240419084,0.8817577421834096,-9.321945280253013e-16
63.034188497563946,436.9723726224915,0.0020339991435448625,436.9714687121277,0.8888008188158613,-1.2228048425249558e-15
63.534188497563946,436.4724327231552,0.002052465049775354,436.47151337880365,0.8958437843805622,-1.3287819541115749e-15
64.03418849756395,435.97249296921166,0.002070973051944114,435.97155804192846,0.9028866389249701,-1.2450465131324704e-15
64.53418849756395,435.47255336116064,0.002089523295131355,435.4716027014939,0.909929382496541,-1.3529802548071924e-15
65.03418849756395,434.9726138995042,0.0021081159250841675,434.97164735749226,0.9169720151427286,-1.3652661688357027e-15
65.53418849756395,434.47267458474676,0.0021267510882203603,434.47169200991544,0.924014536910985,-1.279272890657114e-15
66.03418849756395,433.9727354173949,0.002145428931632323,433.97173665875533,0.9310569478487618,-1.39021869305291e-15
66.53418849756395,433.4727963979578,0.0021641496030909146,433.471781304004,0.9380992480035092,-1.3026819235527463e-15
67.03418849756395,432.9728575269467,0.002182913251049383,432.97182594565317,0.9451414374226776,-1.4156885834845258e-15
67.53418849756395,432.47291880487546,0.0022017200246473067,432.4718705836947,0.9521835161537174,-1.2245325216408813e-15
68.03418849756395,431.9729802322601,0.0022205700737145677,431.97191521812033,0.9592254842440794,-1.5446655296434125e-15
68.53418849756395,431.47304180961913,0.0022394635487753504,431.47195984892187,0.9662673417412155,-1.1431276899439912e-15
69.03418849756395,430.97310353747343,0.002258400601052168,430.97200447609083,0.9733090886925785,-1.3633552400232112e-15
69.53418849756395,430.4731654163463,0.0022773813824699175,430.47204909961897,0.9803507251456232,-1.1641977382383477e-15
70.03418849756395,429.9732274467636,0.0022964060456599636,429.9720937194979,0.9873922511478062,-1.3885150225812042e-15
70.53418849756395,429.4732896292534,0.0023154747439642505,429.472138335719,0.9944336667465872,-1.4012916556971837e-15
71.03418849756395,428.9733519643463,0.002334587631439442,428.97218294827394,1.0014749719894283,-1.3054167542375366e-15
71.53418849756395,428.4734144525755,0.0023537448628610904,428.47222755715404,1.008516166923795,-1.3174578983194775e-15
72.03418849756395,427.9734770944766,0.0023729465937278368,427.97227216235075,1.0155572515971565,-1.3296248710276132e-15
72.53418849756395,427.47353989058763,0.002392192980265638,427.47231676385536,1.0225982260569866,-1.1182659499127627e-15
73.03418849756395,426.97360284144924,0.0024114841794320254,426.9723613616592,1.0296390903507633,-1.4672040406223597e-15
73.53418849756395,426.47366594760456,0.002430820348920391,426.47240595575346,1.0366798445259695,-1.4808034918598627e-15
74.03418849756395,425.9737292095993,0.002450201647164308,425.9724505461294,1.0437204886300941,-1.6095107976560064e-15
74.53418849756395,425.47379262798165,0.0024696282333418777,425.4724951327781,1.0507610227106312,-1.1603326619269462e-15
75.03418849756395,424.9738562033025,0.002489100267380108,424.9725397156907,1.0578014468150814,-1.4053526274408251e-15
75.53418849756395,424.47391993611524,0.0025086179099593248,424.47258429485834,1.064841760990952,-1.1820354733505455e-15
76.03418849756395,423.9739838269759,0.0025281813225176137,423.9726288702719,1.071881965285758,-1.5509765066543104e-15
76.53418849756395,423.474047876443,0.0025477906672552912,423.4726734419223,1.078922059747021,-1.445038414271706e-15
77.03418849756395,422.974112085078,0.00256744610713941,422.9727180098005,1.0859620444222717,-1.458547593698471e-15
77.53418849756395,422.47417645344467,0.002587147805908295,422.4727625738973,1.0930019193590483,-1.4721998286837075e-15
78.03418849756395,421.9742409821097,0.002606895928076113,421.9728071342035,1.1000416846048986,-1.5479133435845705e-15
78.53418849756395,421.47430567164224,0.0026266906389374725,421.47285169070983,1.1070813402073794,-1.2499502081931175e-15
79.03418849756395,420.9743705226144,0.002646532104572058,420.972896243407,1.1141208862140572,-1.3247778982179746e-15
79.53418849756395,420.4744355356007,0.0026664204918492988,420.4729407922856,1.1211603226725093,-1.5282734690821178e-15
80.03418849756395,419.97450071117873,0.002686355968433066,419.97298533733624,1.1281996496303235,-1.3498334384090167e-15
80.53418849756395,419.47456604992857,0.0027063387027864098,419.4730298785494,1.1352388671350984,-1.2976780339443751e-15
81.03418849756395,418.9746315524331,0.002726368864176325,418.9730744159156,1.1422779752344445,-1.3754263763918222e-15
81.53418849756395,418.4746972192781,0.002746446622678554,418.4731189494252,1.1493169739759845,-1.4545440181005847e-15
82.03418849756395,417.97476305105204,0.0027665721491824235,417.97316347906866,1.1563558634073536,-1.5350524089410263e-15
82.53418849756395,417.47482904834624,0.002786745615395715,417.4732080048362,1.1633946435762,-1.549599447158813e-15
83.03418849756395,416.9748952117548,0.0028069671938495714,416.973252526718,1.1704333145301855,-1.5643026155324242e-15
83.53418849756395,416.4749615418748,0.002827237057903439,416.47329704470434,1.1774718763169856,-1.5105044890580462e-15
84.03418849756395,415.97502803930604,0.002847555381750043,415.9733415587855,1.1845103289842909,-1.3862476932813437e-15
84.53418849756395,415.47509470465127,0.002867922340420403,415.47338606895124,1.1915486725798057,-1.6793402348283095e-15
85.03418849756395,414.9751615385161,0.002888338109788881,414.9734305751918,1.198586907151251,-1.554074607604191e-15
85.53418849756395,414.47522854150907,0.0029088028665782673,414.4734750774971,1.2056250327463631,-1.568912524920489e-15
86.03418849756395,413.9752957142417,0.0029293167883649033,413.973519575857,1.2126630494128947,-1.4399189795654685e-15
86.53418849756395,413.4753630573285,0.002949880053583842,413.4735640702615,1.2197009571986157,-1.5990716011237926e-15
87.03418849756395,412.9754305713867,0.0029704928415340446,412.97360856070014,1.226738756151313,-1.761159989685154e-15
87.53418849756395,412.4754982570368,0.002991155332383616,412.4736530471628,1.2337764463187912,-1.55580221371539e-15
88.03418849756395,411.97556611490216,0.0030118677071750777,411.9736975296392,1.240814027748874,-1.7951429933412757e-15
88.53418849756395,411.47563414560926,0.0030326301478306806,411.47374200811896,1.2478515004894033,-1.3593091334103245e-15
89.03418849756395,410.9757023497875,0.003053442837157754,410.9737864825915,1.2548888645882408,-1.3724021121368126e-15
89.53418849756395,410.47577072806945,0.003074305958854096,410.47383095304633,1.261926120093268,-1.2316781299245942e-15
90.03418849756395,409.97583928109066,0.003095219697513403,409.97387541947296,1.2689632670523865,-1.1658485195637105e-15
90.53418849756395,409.4759080094898,0.0031161842386307364,409.4739198818607,1.276000305513519,-1.1771207128253359e-15
91.03418849756395,408.9759769139087,0.003137199768608034,408.97396434019885,1.2830372355246096,-1.1092818931507884e-15
91.53418849756395,408.4760459949924,0.003158266474759657,408.47400879447673,1.2900740571336247,-9.60029464706967e-16
92.03418849756395,407.97611525338885,0.003179384545317982,407.97405324468343,1.2971107703885527,-1.0501259522443257e-15
92.53418849756395,407.47618468974946,0.003200554169439032,407.4740976908081,1.304147375337405,-1.0603309106489448e-15
93.03418849756395,406.9762543047286,0.0032217755372081465,406.9741421328398,1.3111838720282176,-1.0706481554487314e-15
93.53418849756395,406.4763240989841,0.0032430488396457003,406.4741865707676,1.3182202605090492,-1.1642389932716136e-15
94.03418849756395,405.9763940731767,0.0032643742687128567,405.97423100458025,1.3252565408279835,-1.1755961937524996e-15
94.53418849756395,405.47646422797067,0.0032857520173173687,405.4742754342667,1.3322927130331297,-1.3566615227509581e-15
95.03418849756395,404.9765345640334,0.003307182279319421,404.97431985981575,1.3393287771726228,-1.0274472471794212e-15
95.53418849756395,404.47660508203563,0.003328665249537515,404.47436428121614,1.3463647332946231,-1.2968856733765326e-15
96.03418849756395,403.97667578265145,0.0033502011237543992,403.97440869845656,1.3534005814473191,-1.2222949408897504e-15
96.53418849756395,403.4767466665582,0.0033717900987230414,403.4744531115255,1.3604363216789257,-1.4987867882185405e-15
97.03418849756395,402.9768177344366,0.003393432372172648,402.97449752041166,1.3674719540376858,-1.2464284437782563e-15
97.53418849756395,402.4768889869708,0.0034151281428147257,402.4745419251033,1.3745074785718712,-1.4385107658426001e-15
98.03418849756395,401.97696042484824,0.003436877610349189,401.974586325589,1.3815428953297824,-1.1803091000733714e-15
98.53418849756395,401.4770320487599,0.0034586809754705147,401.4746307218569,1.3885782043597497,-9.16889790309418e-16
99.03418849756395,400.9771038594001,0.0034805384398739416,400.97467511389533,1.3956134057101333,-1.0185445592854906e-15
99.53418849756395,400.47717585746665,0.003502450206261715,400.47471950169256,1.4026484994293247,-1.1221329020580989e-15
100.03418849756395,399.9772480436609,0.003524416478349382,399.9747638852366,1.4096834855657465,-1.1332494146076643e-15
100.53418849756395,399.4773204186876,0.003546437460872129,399.4748082645155,1.416718364167853,-1.2398648117821519e-15
101.03418849756395,398.97739298325513,0.003568513359591171,398.97485263951734,1.423753135284131,-1.0595365041650867e-15
101.53418849756395,398.4774657380753,0.0035906443813001868,398.4748970102299,1.4307877989631015,-1.361912093655153e-15
102.03418849756395,397.9775386838636,0.003612830733831804,397.974941376641,1.4378223552533176,-1.375474163565396e-15
102.53418849756395,397.47761182133905,0.003635072626064131,397.47498573873855,1.4448568042033678,-1.1907335240125214e-15
103.03418849756395,396.9776851512243,0.0036573702679273414,396.9750300965101,1.4518911458618755,-1.4030588595970258e-15
103.53418849756395,396.47775867424565,0.003679723870410304,396.4750744499434,1.4589253802774989,-1.2146445922141118e-15
104.03418849756395,395.977832391133,0.0037021336455672674,395.97511879902584,1.465959507498933,-1.3290369686821885e-15
104.53418849756395,395.47790630262,0.0037245998065245926,395.47516314374485,1.4729935275749093,-1.1358415637366e-15
105.03418849756395,394.977980409444,0.0037471225674875373,394.97520748408795,1.480027440554197,-1.147241268924714e-15
105.53418849756395,394.478054712346,0.0037697021437470917,394.4752518200424,1.4870612464856032,-1.1587704769377767e-15
106.03418849756395,393.9781292120709,0.003792338751686867,393.9752961515954,1.4940949454179728,-1.1704308290214703e-15
106.53418849756395,393.4782039093672,0.0038150326087900356,393.47534047873415,1.5011285374001915,-1.3971738056190496e-15
107.03418849756395,392.9782788049874,0.0038377839336463247,392.9753848014457,1.5081620224811838,-1.6283886074683664e-15
107.53418849756395,392.4783538996876,0.003860592945959063,392.47542911971715,1.5151954007099147,-1.3158714638090152e-15
108.03418849756395,391.97842919422794,0.0038834598665522828,391.9754734335353,1.5222286721353913,-1.550712944559764e-15
108.53418849756395,391.47850468937236,0.003906384917377872,391.47551774288695,1.529261836806662,-1.0069844893410438e-15
109.03418849756395,390.9785803858887,0.003929368321522789,390.97556204775907,1.5362948947728177,-1.243241812978622e-15
109.53418849756395,390.47865628454866,0.0039524103032163235,390.47560634813823,1.5433278460829922,-1.255868101062499e-15
110.03418849756395,389.97873238612806,0.003975511087837421,389.97565064401107,1.550360690786364,-1.2686395195491486e-15
110.53418849756395,389.47880869140647,0.003998670901922057,389.475694935364,1.5573934289321552,-1.1650526630499567e-15
111.03418849756395,388.97888520116766,0.0040218899731706784,388.97573922218356,1.5644260605696332,-1.176932016110345e-15
111.53418849756395,388.4789619161993,0.004045168530455687,388.47578350445616,1.5714585857481118,-1.01060618529898e-15
112.03418849756395,387.97903883729316,0.004068506803828997,387.97582778216804,1.578491004516951,-1.1410485522897435e-15
112.53418849756395,387.47911596524506,0.004091905024529637,387.4758720553053,1.585523316925558,-1.0313897141489353e-15
113.03418849756395,386.97919330085494,0.004115363424991421,386.9759163238541,1.5925555230233879,-9.193785313621029e-16
113.53418849756395,386.4792708449269,0.004138882238850675,386.4759605878005,1.5995876228599442,-9.907365716796103e-16
114.03418849756395,385.9793485982691,0.004162461700954024,385.9760048471304,1.6066196164847806,-1.0634771169186259e-15
114.53418849756395,385.47942656169397,0.0041861020473662365,385.4760491018297,1.6136515039474997,-8.848185079193935e-16
115.03418849756395,384.97950473601816,0.004209803515378137,384.9760933518841,1.6206832852977555,-9.577899804743716e-16
115.53418849756395,384.47958312206254,0.004233566343514572,384.4761375972793,1.627714960585253,-9.031624700346014e-16
116.03418849756395,383.9796617206522,0.004257390771542449,383.97618183800097,1.6347465298597503,-9.124953561876313e-16
116.53418849756395,383.4797405326165,0.004281277040478823,383.4762260740345,1.6417779931710577,-9.219373769169295e-16
117.03418849756395,382.9798195587893,0.004305225392599064,382.9762703053654,1.6488093505690384,-1.2641649399305222e-15
117.53418849756395,382.4798988000086,0.004329236071445071,382.47631453197886,1.6558406021036116,-8.739292126051894e-16
118.03418849756395,381.97997825711684,0.004353309321833569,381.9763587538602,1.6628717478247503,-1.0867800965302605e-15
118.53418849756395,381.4800579309609,0.004377445389864452,381.47640297099457,1.6699027877824841,-1.0980863829897946e-15
119.03418849756395,380.9801378223921,0.004401644522929207,380.97644718336704,1.6769337220268992,-9.708350460169673e-16
119.53418849756395,380.4802179322662,0.0044259069697193945,380.4764913909624,1.683964550608138,-8.408249968993924e-16
120.03418849756395,379.98029826144347,0.004450232980235205,379.9765355937657,1.6909952735764031,-9.204088098966098e-16
120.53418849756395,379.4803788107887,0.004474622805794072,379.47657979176165,1.6980258909819543,-8.584950801280851e-16
121.03418849756395,378.9804595811712,0.004499076699039365,378.9766239849349,1.7050564028751114,-7.229060077275572e-16
121.53418849756395,378.48054057346485,0.00452359491394914,378.47666817327,1.7120868093062551,-5.843906054524557e-16
122.03418849756395,377.98062178854826,0.00454817770584497,377.9767123567516,1.7191171103258278,-7.381604879985449e-16
122.53418849756395,377.48070322730456,0.0045728253314008364,377.47675653536396,1.7261473059843329,-5.967391138859921e-16
123.03418849756395,376.9807848906216,0.004597538048652098,376.9768007090913,1.7331773963323365,-6.030237426930442e-16
123.53418849756395,376.4808667793919,0.004622316117004528,376.4768448779179,1.7402073814204697,-5.332103505186537e-16
124.03418849756395,375.9809488945127,0.004647159797243423,375.97688904182786,1.747237261299426,-6.92795986078282e-16
124.53418849756395,375.48103123688617,0.004672069351542788,375.47693320080504,1.754267036019967,-9.334964133483818e-16
125.03418849756395,374.9811138074191,0.004697045043474589,374.97697735483354,1.7612967056329174,-7.861514328174625e-16
125.53418849756395,374.48119660702315,0.004722087138018086,374.47702150389694,1.7683262701891709,-7.944878826480172e-16
126.03418849756395,373.98127963661494,0.004747195901569239,373.9770656479791,1.7753557297396882,-9.635092153404709e-16
126.53418849756395,373.48136289711584,0.0047723716019501825,373.4771097870635,1.7823850843354985,-4.868772969005481e-16
127.03418849756395,372.9814463894523,0.00479761450841879,372.9771539211337,1.7894143340277007,-4.920616120983116e-16
127.53418849756395,372.48153011455554,0.004822924891678302,372.477198050173,1.7964434788674633,-2.486541900630874e-16
128.03418849756395,371.981614073362,0.004848303023887039,371.97724217416464,1.803472518906027,-5.026184400855335e-16
128.53418849756395,371.48169826681294,0.004873749178668194,371.477286293092,1.8105014541947038,-8.466544058576895e-16
129.03418849756395,370.98178269585486,0.0048992636311196965,370.97733040693794,1.8175302847848793,-5.134318545900301e-16
129.53418849756395,370.4818673614392,0.004924846657824164,370.47737451568537,1.8245590107280112,-6.054264420538793e-16
130.03418849756395,369.98195226452265,0.004950498536858932,369.9774186193173,1.8315876320756337,-6.993450944167216e-16
130.53418849756395,369.482037406067,0.004976219547806162,369.47746271781637,1.8386161488793553,-8.83580615614854e-16
131.03418849756395,368.9821227870392,0.005002009971763039,368.97750681116514,1.8456445611908616,-8.930941880312165e-16
131.53418849756395,368.4822084084116,0.0050278700913520425,368.47755089934634,1.8526728690619156,-9.929959997475169e-16
132.03418849756395,367.98229427116166,0.00505380019073131,367.9775949823421,1.859701072544358,-5.474823203972096e-16
132.53418849756395,367.4823803762722,0.0050798005556050765,367.4776390601349,1.8667291716901084,-6.456355354919545e-16
133.03418849756395,366.9824667247314,0.00510587147323421,366.97768313270683,1.873757166551168,-7.458584748831428e-16
133.53418849756395,366.4825533175328,0.0051320132324468234,366.47772720004,1.8807850571796172,-5.654592137909893e-16
134.03418849756395,365.9826401556753,0.0051582261236489775,365.97777126211633,1.8878128436276196,-4.763324690927766e-16
134.53418849756395,365.4827272401634,0.005184510438835472,365.4778153189177,1.8948405259474213,-2.8890706054469577e-16
135.03418849756395,364.98281457200693,0.005210866471600725,364.97785937042573,1.901868104191352,-4.867547677042922e-16
135.53418849756395,364.48290215222136,0.0052372945171497405,364.4779034166221,1.9088955784118264,-5.904748119058888e-16
136.03418849756395,363.98298998182764,0.005263794872309168,363.9779474574882,1.915922948661345,-4.97435381220038e-16
136.53418849756395,363.4830780618524,0.005290367835538454,363.47799149300545,1.9229502149924949,-3.0172486921985025e-16
137.03418849756395,362.98316639332785,0.005317013706941083,362.9780355231551,1.9299773774579514,-7.117340437057389e-16
137.53418849756395,362.4832549772919,0.005343732788275911,362.4780795479182,1.937004436110478,-4.111650739800255e-16
138.03418849756395,361.9833438147882,0.0053705253829686,361.97812356727576,1.9440313910029283,-6.235204466320015e-16
138.53418849756395,361.4834329068662,0.005397391796123135,361.4781675812087,1.9510582421882459,-5.25314505404019e-16
139.03418849756395,360.983522254581,0.005424332334533452,360.97821158969776,1.9580849897194672,-6.373196557922927e-16
139.53418849756395,360.48361185899364,0.005451347306695147,360.4782555927235,1.9651116336497205,-4.295655850820062e-16
140.03418849756395,359.9837017211711,0.005478437022817295,359.97829959026643,1.9721381740322288,-7.600422353391588e-16
140.53418849756395,359.4837918421862,0.0055056017948343595,359.47834358230693,1.9791646109203092,-5.488917182856959e-16
141.03418849756395,358.98388222311763,0.005532841936418207,358.9783875688252,1.9861909443673742,-6.659654822974924e-16
141.53418849756395,358.4839728650503,0.005560157762990218,358.4784315498014,1.9932171744269347,-5.611269096073579e-16
142.03418849756395,357.984063769075,0.005587549591733502,357.9784755252156,2.000243301152598,-5.67359805250854e-16
142.53418849756395,357.48415493628875,0.005615017741605214,357.47851949504746,2.0072693245980724,-5.73671002459126e-16
143.03418849756395,356.98424636779447,0.005642562533348972,356.97856345927676,2.0142952448171645,-8.120862374562486e-16
143.53418849756395,356.48433806470143,0.005670184289507386,356.47860741788304,2.0213210618637825,-9.971056007522437e-16
144.03418849756395,355.98443002812513,0.005697883334434684,355.9786513708459,2.028346775791938,-8.896281870370088e-16
144.53418849756395,355.4845222591872,0.005725659994309451,355.4786953181445,2.035372386655744,-9.59553603123399e-16
145.03418849756395,354.9846147590157,0.005753514597147471,354.9787392597581,2.0423978945094197,-1.0309488578257381e-15
145.53418849756395,354.48470752874493,0.005781447472814682,354.4787831956656,2.04942329940729,-8.585432108451127e-16
146.03418849756395,353.9848005695157,0.005809458953040236,353.978827125846,2.0564486014037864,-8.681906002214295e-16
146.53418849756395,353.48489388247515,0.005837549371429675,353.4788710502781,2.063473800553447,-8.15249114747051e-16
147.03418849756395,352.984987468777,0.005865719063478213,352.9789149689405,2.0704988969109213,-7.610184880753659e-16
147.53418849756395,352.4850813295813,0.005893968366584137,352.4789588818116,2.0775238905309665,-6.413395125285642e-16
148.03418849756395,351.98517546605495,0.005922297620062317,351.97900278886976,2.0845487814684533,-8.431647913725719e-16
148.53418849756395,351.4852698793713,0.005950707165157836,351.4790466900931,2.091573569778364,-7.215227129549192e-16
149.03418849756395,350.9853645707104,0.005979197345059732,350.97909058545986,2.0985982555157943,-7.960381763901962e-16
149.53418849756395,350.485459541259,0.006007768504914861,350.4791344749477,2.105622838735956,-6.708958661217675e-16
150.03418849756395,349.9855547922107,0.006036420991841876,349.9791783585345,2.112647319494177,-8.142279105552994e-16
150.53418849756395,349.4856503247658,0.006065155154945328,349.4792222361979,2.1196716978459005,-9.60748192391027e-16
151.03418849756395,348.9857461401315,0.006093971345329889,348.97926610791524,2.1266959738466906,-9.022957085630635e-16
151.53418849756395,348.4858422395219,0.006122869916114692,348.4793099736638,2.1337201475522303,-9.827991965002991e-16
152.03418849756395,347.98593862415817,0.006151851222447804,347.9793538334209,2.140744219018324,-9.230358431779154e-16
152.53418849756395,347.48603529526827,0.006180915621520813,347.4793976871632,2.147768188300899,-7.181595323099742e-16
153.03418849756395,346.9861322540874,0.006210063472583548,346.9794415348679,2.1547920554560047,-7.263968049047516e-16
153.53418849756395,346.48622950185785,0.0062392951369589274,346.4794853765114,2.1618158205398164,-8.816890922363556e-16
154.03418849756395,345.986327039829,0.00626861097805793,345.97952921207036,2.168839483608636,-7.431933931461167e-16
154.53418849756395,345.48642486925746,0.006298011361394701,345.47957304152106,2.175863044718892,-7.517558233557655e-16
155.03418849756395,344.9865229914071,0.006327496654601786,344.9796168648398,2.182886503927141,-9.125157546039929e-16
155.53418849756395,344.48662140754925,0.006357067227445504,344.47966068200253,2.1899098612900714,-8.461386227558514e-16
156.03418849756395,343.98672011896235,0.006386723451841445,343.97970449298515,2.1969331168645025,-7.003069850945342e-16
156.53418849756395,343.48681912693246,0.006416465701870107,343.4797482977633,2.2039562707073856,-7.084235661400189e-16
157.03418849756395,342.98691843275304,0.006446294353792674,342.97979209631256,2.2109793228758075,-7.96273899366041e-16
157.53418849756395,342.48701803772514,0.006476209786066928,342.4798358886084,2.2180022734269884,-8.860834510844687e-16
158.03418849756395,341.98711794315733,0.006506212379363297,341.9798796746259,2.2250251224182875,-7.334177242120393e-16
158.53418849756395,341.4872181503659,0.006536302516581051,341.47992345434017,2.2320478699072015,-6.595281595549036e-16
159.03418849756395,340.98731866067476,0.00656648058286464,340.9799672277261,2.2390705159513664,-6.672296582308355e-16
159.53418849756395,340.4874194754156,0.006596746965620165,340.4800109947583,2.2460930606085587,-6.750328348608783e-16
160.03418849756395,339.98752059592795,0.006627102054532011,339.9800547554113,2.253115503936699,-5.122043896428958e-16
160.53418849756395,339.4876220235592,0.006657546241579613,339.48009850965946,2.260137845993851,-2.5910633747521375e-16
161.03418849756395,338.9877237596646,0.006688079921054379,338.980142257477,2.267160086838223,-3.495337609359256e-16
161.53418849756395,338.48782580560754,0.0067187034895767545,338.48018599883784,2.274182226528171,-4.420578893489728e-16
162.03418849756395,337.98792816275926,0.00674941734611345,337.98022973371576,2.281204265122199,-6.261737414643493e-16
162.53418849756395,337.48803083249925,0.006780221891994811,337.4802734620845,2.2882262026789615,-5.430545062175675e-16
163.03418849756395,336.98813381621505,0.006811117530932346,336.98031718391735,2.2952480392572627,-5.494731732899544e-16
163.53418849756395,336.4882371153026,0.006842104669036414,336.4803608991877,2.302269774916061,-6.486405429070918e-16
164.03418849756395,335.9883407311659,0.006873183714834064,335.98040460786854,2.309291409714468,-3.750460591702391e-16
164.53418849756395,335.4884446652175,0.0069043550792870405,335.4804483099328,2.3163129437117522,-7.589985516324712e-16
165.03418849756395,334.9885489188782,0.0069356191758099435,334.98049200535314,2.3233343769673387,-5.76018403274017e-16
165.53418849756395,334.4886534935774,0.006966976420288556,334.48053569410206,2.3303557095408114,-3.8858593288287834e-16
166.03418849756395,333.9887583907529,0.0069984272310983356,333.98057937615187,2.337376941491915,-5.898317659463648e-16
166.53418849756395,333.4888636118512,0.007029972029123068,333.48062305147465,2.344398072880557,-1.989594632540707e-16
167.03418849756395,332.98896915832745,0.007061611237773695,332.98066672004245,2.3514191037668075,-5.033501502937396e-16
167.53418849756395,332.4890750316455,0.007093345283007306,332.48071038182684,2.358440034210902,-4.075057137813529e-16
168.03418849756395,331.98918123327803,0.007125174593346308,331.9807540367994,2.3654608642732438,-4.1239667831578765e-16
168.53418849756395,331.48928776470655,0.007157099599897761,331.4807976849315,2.3724815940144035,-8.347080023205855e-16
169.03418849756395,330.98939462742146,0.007189120736372896,330.98084132619414,2.379502223495123,-5.279733576050874e-16
169.53418849756395,330.48950182292225,0.007221238439106804,330.48088496055834,2.3865227527763158,-4.274717536030991e-16
170.03418849756395,329.9896093527174,0.007253453147078309,329.9809285879948,2.393543181919069,-5.407928016070438e-16
170.53418849756395,329.4897172183246,0.0072857653019300144,329.48097220847404,2.400563510984645,-4.378672040637514e-16
171.03418849756395,328.98982542127055,0.007318175347988546,328.9810158219662,2.407583740034482,-5.539646431888322e-16
171.53418849756395,328.4899339630914,0.007350683732284961,328.4810594284415,2.414603869130199,-4.485488633667739e-16
172.03418849756395,327.9900428453326,0.007383290904575362,327.9811030278698,2.421623898333594,-6.809996391991972e-16
172.53418849756395,327.49015206954897,0.007415997317361686,327.4811466202206,2.4286438277066487,-6.892882957162788e-16
173.03418849756395,326.99026163730485,0.007448803425912689,326.9811902054636,2.435663657311526,-6.395500691885763e-16
173.53418849756395,326.49037155017413,0.007481709688285127,326.48123378356775,2.4426833872105784,-7.650602426758924e-16
174.03418849756395,325.99048180974034,0.007514716565345127,325.98127735450214,2.4497030174663434,-7.148454849486664e-16
174.53418849756395,325.49059241759664,0.007547824520789752,325.4813209182356,2.4567225481415482,-6.6330081017246245e-16
175.03418849756395,324.9907033753461,0.007581034021168778,324.98136447473667,2.4637419792991118,-8.545570726479384e-16
175.53418849756395,324.49081468460145,0.007614345535906655,324.48140802397353,2.470761311002147,-6.796874119724251e-16
176.03418849756395,323.9909263469855,0.007647759537324682,323.9814515659144,2.4777805433139597,-8.757021512580575e-16
176.53418849756395,323.491038364131,0.007681276500663388,323.4814951005271,2.484799676298054,-8.864956654577424e-16
177.03418849756395,322.9911507376808,0.007714896904105117,322.98153862777923,2.491818710018134,-8.333367201432914e-16
177.53418849756395,322.49126346928796,0.00774862122879682,322.4815821476382,2.4988376445381015,-9.734315619489442e-16
178.03418849756395,321.99137656061566,0.007782449958873066,321.9816256600712,2.5058564799220635,-1.0511860341709464e-15
178.53418849756395,321.4914900133375,0.007816383581479267,321.48166916504516,2.51287521623433,-1.1307391257115978e-15
179.03418849756395,320.99160382913743,0.007850422586795113,320.98171266252666,2.5198938535394197,-9.42766023517772e-16
179.53418849756395,320.4917180097098,0.007884567468058235,320.4817561524821,2.5269123919020577,-9.544975691398356e-16
180.03418849756395,319.99183255675973,0.007918818721588082,319.98179963487786,2.533930831387181,-1.035422257362057e-15
180.53418849756395,319.4919474720028,0.00795317684681003,319.4818431096797,2.5409491720599395,-1.0483480966760753e-15
181.03418849756395,318.9920627571653,0.007987642346279706,318.98188657685336,2.547967413985696,-9.199287971751794e-16
181.53418849756395,318.49217841398445,0.008022215725707557,318.4819300363643,2.5549855572300317,-1.07474974902185e-15
182.03418849756395,317.9922944442083,0.008056897493983637,317.9819734881777,2.5620036018587458,-1.0156825920183021e-15
182.53418849756395,317.4924108495959,0.008091688163202633,317.48201693225843,2.5690215479378598,-9.549835290590102e-16
183.03418849756395,316.9925276319173,0.008126588248689129,316.9820603685712,2.5760393955336163,-1.1157709397387425e-15
183.53418849756395,316.4926447929538,0.008161598269023107,316.4821037970804,2.583057144712484,-9.791903549992896e-16
184.03418849756395,315.99276233449785,0.008196718746065692,315.9821472177502,2.59007479554116,-9.91552860644828e-16
184.53418849756395,315.4928802583533,0.008231950204985143,315.48219063054444,2.5970923480865706,-1.1585674100059187e-15
185.03418849756395,314.99299856633536,0.008267293174283081,314.9822340354267,2.6041098024158718,-1.173242128462362e-15
185.53418849756395,314.4931172602708,0.008302748185820984,314.4822774323604,2.6111271585964575,-1.1089184437001079e-15
186.03418849756395,313.993236341998,0.00833831577484692,313.9823208213086,2.6181444166959538,-1.123010082502077e-15
186.53418849756395,313.4933558133669,0.008373996480022544,313.48236420223395,2.625161576782227,-1.0560680802772021e-15
187.03418849756395,312.9934756762394,0.008409790843450353,312.98240757509916,2.632178638923386,-1.2340753876601356e-15
187.53418849756395,312.4935959324892,0.0084456994107012,312.4824509398663,2.6391956031877792,-9.998676046202264e-16
188.03418849756395,311.9937165840019,0.008481722730842068,311.98249429649735,2.6462124696440035,-9.28268763929864e-16
188.53418849756395,311.4938376326753,0.008517861356464125,311.48253764495405,2.6532292383609017,-7.69223192355894e-16
189.03418849756395,310.9939590804193,0.008554115843711036,310.9825809851976,2.6602459094075686,-1.0387928525759674e-15
189.53418849756395,310.4940809291561,0.008590486752307553,310.4826243171893,2.66726248285335,-1.139824457722764e-15
190.03418849756395,309.9942031808202,0.008626974645588382,309.98266764088976,2.6742789587678466,-1.0656924108236086e-15
190.53418849756395,309.49432583735864,0.008663580090527334,309.48271095625955,2.6812953372209187,-1.169389287922383e-15
191.03418849756395,308.99444890073096,0.008700303657766749,308.9827542632589,2.6883116182826834,-1.2756104839283738e-15
191.53418849756395,308.4945723729094,0.008737145921647212,308.48279756184763,2.6953278020235225,-1.015234102417413e-15
192.03418849756395,307.9946962558789,0.008774107460237561,307.9828408519853,2.7023438885140814,-1.121882668710857e-15
192.53418849756395,307.4948205516374,0.008811188855365183,307.4828841336313,2.7093598778252748,-1.3258553668780665e-15
193.03418849756395,306.9949452621957,0.008848390692646601,306.98292740674447,2.716375770028284,-9.59354924795592e-16
193.53418849756395,306.49507038957773,0.008885713561518375,306.4829706712835,2.723391565194566,-8.746661399910568e-16
194.03418849756395,305.9951959358206,0.008923158055268294,305.98301392720685,2.730407263395852,-8.860783837682034e-16
194.53418849756395,305.4953219029747,0.008960724771066873,305.4830571744723,2.73742286470415,-1.296618381630985e-15
195.03418849756395,304.99544829310383,0.00899841430999917,304.9831004130378,2.744438369191751,-1.31359278923417e-15
195.53418849756395,304.4955751082853,0.009036227277096904,304.48314364286057,2.7514537769312253,-1.1260770129179666e-15
196.03418849756395,303.9957023506101,0.0090741642813709,303.98318686389763,2.7584690879954326,-1.2445837090568027e-15
196.53418849756395,303.4958300221828,0.009112225935843848,303.48323007610577,2.76548430245752,-1.1558793190266558e-15
197.03418849756395,302.99595812512206,0.009150412857583393,302.9832732794414,2.7724994203909263,-1.3840431115147448e-15
197.53418849756395,302.49608666156024,0.009188725667735539,302.48331647386044,2.7795144418693827,-1.1865743472702167e-15
198.03418849756395,301.996215633644,0.009227164991558399,301.9833596593187,2.7865293669669193,-1.0929690186405864e-15
198.53418849756395,301.496345043534,0.00926573145845628,301.48340283577147,2.793544195757865,-1.32893667983632e-15
199.03418849756395,300.9964748934054,0.009304425702014094,300.9834460031738,2.8005589283168515,-1.2343563603908349e-15
199.53418849756395,300.4966051854476,0.009343248360032133,300.48348916148035,2.807573564718817,-1.0233516345907424e-15
200.03418849756395,299.99673592186474,0.009382200074561163,299.9835323106454,2.8145881050390074,-1.1521965928789255e-15
200.53418849756395,299.4968671048755,0.009421281491937904,299.4835754506229,2.82160254935298,-1.342698092634289e-15
201.03418849756395,298.99699873671335,0.009460493262820835,298.98361858136644,2.8286168977366066,-1.1831620884629902e-15
201.53418849756395,298.49713081962676,0.009499836042226378,298.48366170282924,2.8356311502660763,-1.2589458749172744e-15
202.03418849756395,297.99726335587917,0.009539310489565437,297.98370481496414,2.8426453070178996,-1.154315995591993e-15
202.53418849756395,297.4973963477492,0.009578917268680306,297.4837479177237,2.849659368068909,-1.2313863166292756e-15
203.03418849756395,296.99752979753083,0.009618657047881958,296.9837910110599,2.856673333496265,-1.3727457966102854e-15
203.53418849756395,296.4976637075334,0.009658530499987696,296.4838340949246,2.863687203377458,-1.2015285344263635e-15
204.03418849756395,295.99779808008174,0.009698538302359196,295.9838771692691,2.8707009777903103,-1.1536551394069702e-15
204.53418849756395,295.4979329175165,0.009738681136940939,295.48392023404426,2.87771465681298,-1.1692544084047229e-15
205.03418849756395,294.9980682221941,0.009778959690299018,294.98396328920086,2.8847282405239665,-9.875766505139734e-16
205.53418849756395,294.49820399648684,0.009819374653660362,294.48400633468896,2.891741729002111,-1.134440140839284e-15
206.03418849756395,293.9983402427832,0.009859926722952338,293.98404937045837,2.8987551223266,-1.1498595452540312e-15
206.53418849756395,293.4984769634878,0.009900616598842771,293.48409239645844,2.90576842057697,-1.165515728264422e-15
207.03418849756395,292.9986141610217,0.009941444986780372,292.9841354126382,2.9127816238331086,-1.1814127425995342e-15
207.53418849756395,292.4987518378224,0.009982412597035575,292.48417841894627,2.9197947321752626,-9.862215320513872e-16
208.03418849756395,291.9988899963441,0.010023520144741801,291.9842214153307,2.926807745684035,-1.285354440266692e-15
208.53418849756395,291.49902863905766,0.010064768349937138,291.48426440173927,2.9338206644403932,-1.5201411538657506e-15
209.03418849756395,290.999167768451,0.010106157937606457,290.9843073781194,2.9408334885256715,-1.320874812809933e-15
209.53418849756395,290.49930738702903,0.010147689637723955,290.48435034441786,2.947846218021572,-1.6366156843398961e-15
210.03418849756395,289.99944749731395,0.010189364185296151,289.98439330058113,2.9548588530101734,-1.508340094746379e-15
210.53418849756395,289.49958810184523,0.010231182320405312,289.4844362465554,2.9618713935739285,-1.682083790918213e-15
211.03418849756395,288.9997292031799,0.010273144788253339,288.98447918228607,2.9688838397956725,-1.7053508410249394e-15
211.53418849756395,288.49987080389275,0.010315252339206106,288.4845221077184,2.975896191758624,-1.9647516679902296e-15
212.03418849756395,288.00001290657616,0.010357505728838262,287.9845650227971,2.9829084495463905,-1.4342580030820335e-15
212.53418849756395,287.50015551384075,0.010399905717978499,287.48460792746647,2.989920613242972,-1.8581479439386606e-15
213.03418849756395,287.0002986283151,0.01044245307275529,286.98465082167024,2.996932682932762,-1.9659477201624217e-15
213.53418849756395,286.50044225264605,0.010485148564643115,286.4846937053518,3.003944658700555,-1.74421058373813e-15
214.03418849756395,286.00058638949906,0.010527992970509154,285.98473657845403,3.0109565406315495,-1.7685953715242862e-15
214.53418849756395,285.5007310415581,0.010570987072660494,285.4847794409194,3.01796832881135,-1.9641619608272425e-15
215.03418849756395,285.00087621152585,0.010614131658891812,284.9848222926897,3.024980023325972,-1.9917201066099025e-15
215.53418849756395,284.501021902124,0.010657427522533567,284.48486513370665,3.031991624261847,-1.9319013349608073e-15
216.03418849756395,284.00116811609337,0.010700875462500712,283.98490796391104,3.0390031317058264,-1.9591042593022863e-15
216.53418849756395,283.5013148561939,0.010744476283341894,283.48495078324333,3.046014545745182,-1.806127161337304e-15
217.03418849756395,283.00146212520514,0.01078823079528921,282.9849935916436,3.0530258664676158,-2.106398399644958e-15
217.53418849756395,282.5016099259261,0.010832139814308462,282.4850363890514,3.0600370939612604,-1.8575818450252157e-15
218.03418849756395,282.0017582611758,0.010876204162149959,281.9850791754057,3.067048228314684,-1.7897312188818577e-15
218.53418849756395,281.50190713379294,0.01092042466639986,281.48512195064495,3.074059269616895,-1.7196258917264874e-15
219.03418849756395,281.00205654663654,0.010964802160532064,280.9851647147072,3.081070217957347,-2.1316821802868112e-15
219.53418849756395,280.5022065025858,0.01100933748396065,280.4852074675298,3.088081073425939,-1.8672512692666937e-15
220.03418849756395,280.0023570045406,0.011054031482092884,279.9852502090498,3.0950918361130273,-1.794246798800503e-15
220.53418849756395,279.50250805542134,0.01109888500638279,279.48529293920365,3.102102506109422,-1.718819501543225e-15
221.03418849756395,279.0026596581693,0.011143898914385301,278.98533565792707,3.1091130835063967,-1.948578163904362e-15
221.53418849756395,278.5028118157469,0.011189074069810996,278.4853783651555,3.116123568395691,-1.7685090002993662e-15
222.03418849756395,278.00296453113765,0.011234411342581409,277.9854210608237,3.123133960869517,-1.793959688872772e-15
222.53418849756395,277.50311780734665,0.01127991160888496,277.48546374486597,3.130144261020559,-1.7127756117313771e-15
223.03418849756395,277.0032716474005,0.011325575751233472,276.9855064172159,3.137154468941984,-1.7375150036888069e-15
223.53418849756395,276.50342605434764,0.011371404658519315,276.48554907780664,3.144164584727444,-1.7626580196189663e-15
224.03418849756395,276.0035810312586,0.011417399226073158,275.9855917265709,3.1511746084710803,-1.676448749016685e-15
224.53418849756395,275.503736581226,0.011463560355722357,275.4856343634404,3.158184540267527,-1.5874113747630138e-15
225.03418849756395,275.00389270736497,0.01150988895584998,274.98567698834677,3.1651943802119193,-1.4379554255438392e-15
225.53418849756395,274.5040494128132,0.011556385941454472,274.4857196012207,3.172204128399897,-1.6339884215237565e-15
226.03418849756395,274.0042067007312,0.011603052234209975,273.98576220199243,3.179213784927608,-1.5394352664540133e-15
226.53418849756395,273.5043645743025,0.011649888762527308,273.4858047905916,3.186223349891715,-1.6220365700007885e-15
227.03418849756395,273.00452303673393,0.011696896461615617,272.98584736694727,3.1932328233894,-1.6458154366368992e-15
227.53418849756395,272.5046820912557,0.01174407627354471,272.4858899309877,3.2002422055183675,-1.6081366277870866e-15
228.03418849756395,272.00484174112177,0.011791429147308064,271.98593248264086,3.207251496376856,-1.6318000938126012e-15
228.53418849756395,271.50500198960987,0.01183895603888654,271.48597502183384,3.214260696063634,-1.7832304504754594e-15
229.03418849756395,271.0051628400219,0.011886657911312798,270.9860175484932,3.2212698046780144,-1.5510592356705142e-15
229.53418849756395,270.50532429568415,0.011934535734736428,270.4860600625448,3.2282788223198526,-1.639595675934324e-15
230.03418849756395,270.0054863599473,0.0119825904864898,269.986102563914,3.2352877490895557,-1.5973480853942024e-15
230.53418849756395,269.505649036187,0.01203082315115465,269.48614505252533,3.2422965850880883,-1.553530295732834e-15
231.03418849756395,269.00581232780365,0.012079234720629412,268.9861875283027,3.249305330416975,-1.8508501790509712e-15
231.53418849756395,268.5059762382231,0.012127826194197285,268.4862299911695,3.2563139851783096,-1.7393028460550892e-15
232.03418849756395,268.00614077089665,0.012176598578595082,267.9862724410483,3.263322549474758,-1.765285840415834e-15
232.53418849756395,267.50630592930116,0.012225552888082839,267.486314877861,3.270331023409566,-2.0067120923370626e-15
233.03418849756395,267.0064717169396,0.012274690144514207,266.9863573015288,3.277339407086563,-1.8913182540896352e-15
233.53418849756395,266.50663813734104,0.012324011377407636,266.48639971197247,3.2843477006101693,-1.772062379548741e-15
234.03418849756395,266.00680519406103,0.012373517624018358,265.9864421091116,3.2913559040854015,-1.723790216414926e-15
234.53418849756395,265.5069728906818,0.012423209929411195,265.48648449286554,3.2983640176178795,-1.6737108343692477e-15
235.03418849756395,265.0071412308125,0.01247308934653417,264.9865268631526,3.3053720413138294,-1.8534572155084193e-15
235.53418849756395,264.50731021808946,0.012523156936292974,264.48656921989055,3.312379975280094,-1.8031223193862776e-15
236.03418849756395,264.0074798561765,0.01257341376762626,263.9866115629964,3.3193878196241364,-2.0692322087997524e-15
236.53418849756395,263.507650148765,0.012623860917581803,263.4866538923863,3.3263955744540445,-1.7775001154673253e-15
237.03418849756395,263.00782109957447,0.012674499471393529,262.9866962079758,3.3334032398785425,-1.968619882187581e-15
237.53418849756395,262.50799271235263,0.01272533052255942,262.4867385096795,3.3404108160069925,-1.7488245029275788e-15
238.03418849756395,262.0081649908757,0.012776355172920306,261.98678079741165,3.347418302949403,-1.9446603949374444e-15
238.53418849756395,261.5083379389485,0.012827574532739574,261.48682307108515,3.354425700816434,-1.9744471117833385e-15
239.03418849756395,261.0085115604051,0.012878989720783773,260.98686533061255,3.361433009719407,-2.0919120996180573e-15
239.53418849756395,260.5086858591089,0.012930601864404163,260.4869075759055,3.3684402297703073,-1.8585696468220105e-15
240.03418849756395,260.00886083895267,0.012982412099619194,259.98694980687475,3.375447361081793,-1.887205000451831e-15
240.53418849756395,259.50903650385936,0.013034421571197944,259.48699202343045,3.3824544037672037,-1.916338608286634e-15
241.03418849756395,259.0092128577819,0.01308663143274452,258.98703422548164,3.3894613579405615,-2.131311573676952e-15
241.53418849756395,258.50938990470377,0.013139042846783433,258.48707641293686,3.3964682237165857,-2.1643431982266432e-15
242.03418849756395,258.0095676486392,0.013191656984845973,257.9871185857035,3.4034750012106945,-1.9112634444579177e-15
242.53418849756395,257.50974609363334,0.013244475027557582,257.4871607436884,3.410481690539011,-1.843951767600255e-15
243.03418849756395,257.00992524376295,0.013297498164726248,256.98720288679726,3.4174882918183775,-1.8726996880746563e-15
243.53418849756395,256.5101051031363,0.01335072759543194,256.48724501493524,3.424494805166356,-1.9019537552760313e-15
244.03418849756395,256.01028567589367,0.013404164528117072,255.9872871280064,3.4315012307012376,-1.9317239007876384e-15
244.53418849756395,255.51046696620753,0.013457810180678051,255.48732922591387,3.43850756854205,-2.0652844959125755e-15
245.03418849756395,255.01064897828306,0.013511665780557876,254.98737130856009,3.4455138188085663,-2.2026272572848533e-15
245.53418849756395,254.51083171635833,0.01356573256483985,254.48741337584647,3.452519981621312,-2.0242333775256793e-15
246.03418849756395,254.01101518470463,0.013620011780342382,253.9874554276736,3.459526057101571,-2.164391081759196e-15
246.53418849756395,253.51119938762682,0.01367450468371492,253.487497463941,3.4665320453713964,-1.9787482815219757e-15
247.03418849756395,253.01138432946365,0.01372921254153501,252.9875394845474,3.4735379465536154,-1.898422496320588e-15
247.53418849756395,252.51157001458813,0.01378413663040652,252.4875814893905,3.4805437607718397,-2.0420012924170397e-15
248.03418849756395,252.0117564474078,0.013839278237059015,251.98762347836708,3.487549488150473,-2.1897290103021708e-15
248.53418849756395,251.51194363236513,0.013894638658448338,251.48766545137295,3.4945551288147167,-1.873370934549053e-15
249.03418849756395,251.01213157393784,0.013950219201858372,250.98770740830298,3.5015606828905828,-2.141199528866062e-15
249.53418849756395,250.51232027663926,0.014006021185004026,250.48774934905103,3.5085661505048984,-2.2358932808646455e-15
250.03418849756395,250.01250974501866,0.014062045936135463,249.98779127350988,3.5155715317853167,-1.9647529886285926e-15
250.53418849756395,249.5126999836617,0.014118294794143567,249.48783318157146,3.522576826860323,-2.1834770775768527e-15
251.03418849756395,249.0128909971906,0.01417476910866669,248.98787507312653,3.529582035859245,-1.965074115542163e-15
251.53418849756395,248.51308279026475,0.014231470240198682,248.48791694806488,3.5365871589122637,-1.739128794225848e-15
252.03418849756395,248.0132753675809,0.014288399560198221,247.9879588062753,3.543592196150417,-2.029058477732482e-15
252.53418849756395,247.5134687338736,0.01434555845119948,247.48800064764538,3.5505971477056146,-1.8623872692715197e-15
253.03418849756395,247.0136628939156,0.014402948306924122,246.98804247206184,3.557602013710641,-2.0278067886020173e-15
253.53418849756395,246.51385785251824,0.014460570532394666,246.48808427941017,3.5646067942991713,-2.1294854939225614e-15
254.03418849756395,246.01405361453175,0.014518426544049232,245.98812606957478,3.571611489605775,-2.2340095317573753e-15
254.53418849756395,245.51425018484574,0.014576517769857683,245.48816784243903,3.5786160997659278,-2.0576406342761814e-15
255.03418849756395,245.01444756838958,0.014634845649439194,244.98820959788515,3.585620624916022,-2.0913200819894183e-15
255.53418849756395,244.5146457701328,0.014693411634181251,244.4882513357942,3.592625065193375,-1.9790273972608152e-15
256.03418849756395,244.01484479508548,0.014752217187360125,243.9882930560461,3.5996294207362376,-2.2350613121167712e-15
256.53418849756395,243.51504464829867,0.014811263784262823,243.48833475851958,3.606633691683808,-2.423332350688718e-15
257.03418849756395,243.01524533486486,0.014870552912310531,242.98837644309236,3.613637878176237,-2.2323924546297887e-15
257.53418849756395,242.51544685991828,0.014930086071183606,242.48841810964075,3.6206419803546415,-2.191063262474322e-15
258.03418849756395,242.01564922863554,0.014989864772948095,241.98845975804,3.6276459983611136,-2.466026670977466e-15
258.53418849756395,241.5158524462358,0.015049890542183832,241.48850138816402,3.6346499323387316,-2.5069857889980336e-15
259.03418849756395,241.01605651798147,0.015110164916114131,240.98854299988565,3.6416537824315687,-2.46649653849e-15
259.53418849756395,240.51626144917847,0.015170689444737085,240.48858459307644,3.6486575487847066,-2.5076367381940557e-15
260.03418849756395,240.01646724517676,0.015231465690958514,239.98862616760653,3.655661231544243,-2.549551775204702e-15
260.53418849756395,239.5166739113708,0.015292495230726573,239.48866772334497,3.662664830857306,-2.4194407189508998e-15
261.03418849756395,239.01688145319994,0.015353779653168042,238.9887092601594,3.6696683468720614,-2.372194612983947e-15
261.53418849756395,238.51708987614907,0.015415320560726338,238.48875077791627,3.676671779737726,-2.5907734238864844e-15
262.03418849756395,238.01729918574887,0.01547711956930126,237.98879227648058,3.6836751296045804,-2.3619191041794215e-15
262.53418849756395,237.5175093875764,0.01553917830839049,237.48883375571606,3.6906783966239765,-2.3094434389472e-15
263.03418849756395,237.01772048725564,0.015601498421232894,236.98887521548508,3.6976815809483514,-2.3485427005539444e-15
263.53418849756395,236.51793249045787,0.01566408156495364,236.4889166556486,3.704684682731241,-2.388389405670171e-15
264.03418849756395,236.01814540290226,0.015726929410711136,235.98895807606633,3.7116877021272887,-2.1375195408593564e-15
264.53418849756395,235.5183592303563,0.01579004364384587,235.48899947659638,3.718690639292256,-2.371573647756805e-15
265.03418849756395,235.01857397863643,0.01585342596403112,234.98904085709555,3.725693494383043,-2.4120722899851676e-15
265.53418849756395,234.51878965360837,0.015917078085425612,234.48908221741917,3.7326962675576896,-2.146682841059233e-15
266.03418849756395,234.01900626118783,0.01598100173682811,233.98912355742118,3.7396989589753975,-2.0795241775693728e-15
266.53418849756395,233.51922380734095,0.016045198661834008,233.48916487695394,3.7467015687965346,-2.4325576749247185e-15
267.03418849756395,233.01944229808484,0.01610967061899392,232.98920617586833,3.7537040971826556,-2.2592898311525716e-15
267.53418849756395,232.51966173948819,0.016174419381974343,232.48924745401388,3.76070654429651,-2.0794078366808425e-15
268.03418849756395,232.0198821376717,0.01623944673972034,231.98928871123832,3.7677089103020545,-2.115384156766401e-15
268.53418849756395,231.52010349880877,0.0163047544966204,231.48932994738811,3.774711195364472,-1.9255302976125254e-15
269.03418849756395,231.020325829126,0.01637034447267336,230.98937116230792,3.781713399650179,-1.9589909632207776e-15
269.53418849756395,230.52054913490375,0.016436218503657576,230.48941235584093,3.7887155233268417,-1.8172456714172747e-15
270.03418849756395,230.0207734224768,0.016502378441302222,229.98945352782872,3.7957175665633907,-2.027896231206913e-15
270.53418849756395,229.52099869823482,0.016568826153460878,229.48949467811124,3.8027195295300324,-1.9419951923227383e-15
271.03418849756395,229.0212249686231,0.01663556352428736,228.98953580652673,3.8097214123982663,-2.0377928954051134e-15
271.53418849756395,228.52145224014305,0.016702592454413877,228.48957691291184,3.8167232153408968,-1.885089321038705e-15
272.03418849756395,228.02168051935286,0.016769914861131514,227.9896179971015,3.823724938532049,-1.98222825368694e-15
272.53418849756395,227.5219098128681,0.01683753267857309,227.4896590589289,3.830726582147184,-2.082284299280241e-15
273.03418849756395,227.0221401273624,0.016905447857898437,226.98970009822557,3.8377281463631117,-1.92044990743676e-15
273.53418849756395,226.52237146956801,0.016973662367482135,226.4897411148212,3.844729631358007,-2.2240820275197113e-15
274.03418849756395,226.02260384627652,0.017042178193103715,225.98978210854372,3.8517310373114273,-2.1264121228973845e-15
274.53418849756395,225.52283726433944,0.01711099733814041,225.48982307921932,3.8587323644043225,-2.0246488605195186e-15
275.03418849756395,225.02307173066893,0.01718012182376246,224.98986402667234,3.865733612819056,-2.2029089089693e-15
275.53418849756395,224.52330725223842,0.017249553689131034,224.48990495072516,3.8727347827394194,-2.242316462210088e-15
276.03418849756395,224.02354383608335,0.017319294991598778,223.9899458511985,3.8797358743506454,-2.2825199594857103e-15
276.53418849756395,223.52378148930177,0.01738934780691308,223.48998672791097,3.8867368878394304,-2.0237260504900528e-15
277.03418849756395,223.02402021905516,0.01745971422942204,222.99002758067948,3.8937378233939435,-2.289084093575052e-15
277.53418849756395,222.52426003256903,0.01753039637228323,222.4900684093188,3.9007386812038476,-2.0196863037687492e-15
278.03418849756395,222.0245009371337,0.01760139636767525,221.99010921364183,3.9077394614603183,-2.056229678415877e-15
278.53418849756395,221.52474294010497,0.017672716367012183,221.49014999345945,3.9147401643560555,-2.0935195860099315e-15
279.03418849756395,221.02498604890496,0.01774435854116091,220.99019074858055,3.921740790085306,-2.0495894451410345e-15
279.53418849756395,220.52523027102274,0.017816325080661412,220.49023147881192,3.9287413388438766,-1.9199757879194244e-15
280.03418849756395,220.02547561401516,0.01788861819595006,219.99027218395835,3.9357418108291573,-2.210040616197065e-15
280.53418849756395,219.5257220855076,0.017961240117585948,219.49031286382242,3.9427422062401343,-2.077376258384575e-15
281.03418849756395,219.02596969319472,0.01803419309648032,218.9903535182047,3.9497425252774114,-2.1154866267334463e-15
281.53418849756395,218.5262184448413,0.01810747940412916,218.49039414690353,3.956742768143227,-2.3339185645422056e-15
282.03418849756395,218.02646834828303,0.018181101332848955,217.99043474971504,3.9637429350414735,-2.102673130847141e-15
282.53418849756395,217.52671941142728,0.018255061196015724,217.49047532643326,3.9707430261777197,-2.0484083729060886e-15
283.03418849756395,217.02697164225395,0.018329361328307325,216.99051587684988,3.9777430417592217,-2.3708399711319883e-15
283.53418849756395,216.52722504881632,0.01840400408594914,216.49055640075431,3.9847429819949536,-2.221656751868303e-15
284.03418849756395,216.02747963924185,0.018478991846963142,215.99059689793376,3.991742847095617,-2.262989096485693e-15
284.53418849756395,215.5277354217331,0.018554327011420447,215.49063736817297,3.998742637273669,-2.305189620539562e-15
285.03418849756395,215.0279924045685,0.018630012001697362,214.99067781125441,4.005742352743338,-2.0419814327589533e-15
285.53418849756395,214.52825059610333,0.018706049262735027,214.4907182269581,4.012741993720647,-2.288264981683399e-15
286.03418849756395,214.0285100047706,0.018782441262302673,213.99075861506165,4.019741560423432,-2.331240659913014e-15
286.53418849756395,213.52877063908187,0.018859190491264593,213.49079897534025,4.026741053071365,-2.0512465632686493e-15
287.03418849756395,213.0290325076283,0.01893629946385085,212.99083930756652,4.033740471885978,-2.309949729173302e-15
287.53418849756395,212.52929561908144,0.01901377071793181,212.4908796115106,4.040739817090679,-2.353643692099271e-15
288.03418849756395,212.02955998219423,0.019091606815296553,211.99091988694,4.047739088910778,-2.4553724710056804e-15
288.53418849756395,211.52982560580205,0.01916981034193522,211.4909601336197,4.054738287573512,-2.5020402007454904e-15
289.03418849756395,211.03009249882354,0.019248383908325364,210.991000351312,4.061737413308061,-2.549709352161744e-15
289.53418849756395,210.53036067026167,0.019327330149722405,210.49104053977663,4.068736466345575,-2.658831871759162e-15
290.03418849756395,210.03063012920475,0.019406651726454185,209.99108069877047,4.075735446919201,-2.401808968132284e-15
290.53418849756395,209.5309008848274,0.01948635132421976,209.49112082804777,4.082734355264101,-2.4479012163612682e-15
291.03418849756395,209.03117294639156,0.019566431654392466,208.9911609273599,4.089733191617475,-2.3670438077924812e-15
291.53418849756395,208.5314463232476,0.01964689545432734,208.49120099645546,4.0967319562185915,-2.477897958114257e-15
292.03418849756395,208.03172102483532,0.019727745487672973,207.9912410350802,4.103730649308812,-2.5257986209752766e-15
292.53418849756395,207.53199706068506,0.019808984544687845,207.49128104297696,4.110729271131607,-2.3037189598494203e-15
293.03418849756395,207.03227444041875,0.019890615442561255,206.99132101988562,4.117727821932594,-2.3484709804791793e-15
293.53418849756395,206.53255317375104,0.0199726410257389,206.49136096554312,4.124726301959553,-2.464622286511865e-15
294.03418849756395,206.0328332704904,0.020055064166253182,205.9914008796833,4.131724711462461,-2.2973586170169834e-15
294.53418849756395,205.53311474054033,0.020137887764058334,205.49144076203703,4.138723050693509,-2.3423178257762184e-15
295.03418849756395,205.03339759390033,0.02022111474737044,204.991480612332,4.145721319907139,-2.4629038394539063e-15
295.53418849756395,204.5336818406673,0.020304748073012437,204.49152043029278,4.1527195193600654,-2.3591394960847366e-15
296.03418849756395,204.03396749103655,0.020388790726764163,203.9915602156407,4.159717649311304,-2.6384574732769565e-15
296.53418849756395,203.53425455530308,0.020473245723717587,203.4915999680939,4.1667157100222,-2.3740651561611753e-15
297.03418849756395,203.0345430438628,0.020558116108637253,202.9916396873673,4.173713701756458,-2.421106412537777e-15
297.53418849756395,202.53483296721376,0.02064340495632607,202.49167937317227,4.180711624780168,-2.6338133528262787e-15
298.03418849756395,202.03512433595736,0.020729115371996513,201.991719025217,4.187709479361836,-2.602317951792536e-15
298.53418849756395,201.5354171607997,0.020815250491647338,201.49175864320614,4.1947072657724185,-2.6542716166796542e-15
299.03418849756395,201.03571145255285,0.020901813482445932,200.99179822684087,4.201704984285343,-2.6200609419342404e-15
299.53418849756395,200.53600722213613,0.020988807543116342,200.49183777581894,4.2087026351765475,-2.5835458627506056e-15
300.03418849756395,200.03630448057748,0.021076235904333135,199.99187728983432,4.215700218724505,-2.635517425656645e-15
300.53418849756395,199.53660323901482,0.021164101829121162,199.49191676857754,4.222697735210263,-2.688669334099964e-15
301.03418849756395,199.03690350869738,0.021252408613261334,198.99195621173533,4.229695184917466,-2.74303146587285e-15
301.53418849756395,198.53720530098713,0.02134115958570252,198.49199561899073,4.236692568132395,-2.605625254905703e-15
302.03418849756395,198.03750862736018,0.021430358108979683,197.99203499002297,4.243689885143998,-2.953975973229115e-15
302.53418849756395,197.53781349940823,0.021520007579638335,197.4920743245074,4.250687136243922,-2.8132185557415583e-15
303.03418849756395,197.03811992884005,0.02161011142866547,196.99211362211554,4.257684321726551,-2.5631116577150617e-15
303.53418849756395,196.53842792748284,0.021700673121927028,196.49215288251483,4.264681441889037,-2.7202285256708646e-15
304.03418849756395,196.03873750728394,0.021791696160612082,195.99219210536876,4.271678497031333,-2.882855642424793e-15
304.53418849756395,195.53904868031216,0.02188318408168379,195.49223129033678,4.278675487456236,-2.8332327107539838e-15
305.03418849756395,195.03936145875946,0.0219751404583373,194.99227043707413,4.285672413469416,-2.780490845319494e-15
305.53418849756395,194.5396758549424,0.022067568900464674,194.49230954523182,4.2926692753794535,-2.724508545959242e-15
306.03418849756395,194.03999188130388,0.022160473055127018,193.99234861445666,4.29966607349788,-2.72309814719113e-15
306.53418849756395,193.54030955041466,0.02225385660703389,193.49238764439113,4.3066628081392135,-2.7797448876147418e-15
307.03418849756395,193.04062887497503,0.022347723279030163,192.9924266346732,4.313659479620995,-2.5962137656961166e-15
307.53418849756395,192.54094986781652,0.022442076832590453,192.49246558493655,4.3206560882638305,-2.8354247110288763e-15
308.03418849756395,192.04127254190354,0.022536921068321246,191.9925044948102,4.32765263439143,-2.957807785759023e-15
308.53418849756395,191.54159691033516,0.02263225982647089,191.49254336391868,4.334649118330642,-3.0199891127836773e-15
309.03418849756395,191.04192298634678,0.02272809698744757,190.99258219188167,4.341645540411501,-3.018036802836512e-15
309.53418849756395,190.54225078331203,0.022824436472345437,190.49262097831433,4.348641900967269,-2.9478299785374973e-15
310.03418849756395,190.04258031474447,0.022921282243478995,189.9926597228269,4.355638200334469,-2.6682186546643886e-15
310.53418849756395,189.54291159429948,0.023018638304925967,189.4926984250247,4.362634438852937,-2.7947822748919852e-15
311.03418849756395,189.0432446357761,0.02311650870307874,188.99273708450818,4.36963061686586,-2.7116086913503395e-15
311.53418849756395,188.54357945311892,0.02321489752720455,188.4927757008727,4.3766267347198164,-2.9881823000977524e-15
312.03418849756395,188.04391606042006,0.023313808910014625,187.99281427370852,4.3836227927648315,-2.903301640655036e-15
312.53418849756395,187.54425447192105,0.02341324702824239,187.49285280260068,4.390618791354411,-2.9656583520346195e-15
313.03418849756395,187.04459470201488,0.02351321610323092,186.99289128712905,4.397614730845595,-2.9518469490570562e-15
313.53418849756395,186.5449367652479,0.023613720401529845,186.492929726868,4.404610611598998,-2.6981605345795438e-15
314.03418849756395,186.04528067632208,0.02371476423550183,185.9929681213866,4.411606433978861,-2.675509344104052e-15
314.53418849756395,185.54562645009688,0.02381635196393887,185.49300647024836,4.418602198353098,-2.8164385564055556e-15
315.03418849756395,185.04597410159144,0.02391848799268854,184.99304477301106,4.425597905093345,-2.7931190005603994e-15
315.53418849756395,184.5463236459868,0.024021176775290413,184.493083029227,4.432593554575008,-2.6811231836020118e-15
316.03418849756395,184.04667509862801,0.024124422813622808,183.9931212384425,4.439589147177315,-2.5630567597998866e-15
316.53418849756395,183.54702847502637,0.02422823065856012,183.49315940019815,4.446584683283365,-2.8902876789644078e-15
317.03418849756395,183.04738379086166,0.024332604910640876,182.99319751402848,4.453580163280185,-2.769294034273209e-15
317.53418849756395,182.54774106198445,0.02443755022074675,182.49323557946195,4.4605755875587745,-2.8304258891734908e-15
318.03418849756395,182.0481003044185,0.024543071290792758,181.99327359602094,4.467570956514168,-2.8930813345965807e-15
318.53418849756395,181.54846153436304,0.024649172874428808,181.4933115632215,4.474566270545482,-2.7601491836073464e-15
319.03418849756395,181.04882476819517,0.02475585977775287,180.99334948057336,4.481561530055975,-2.6200491191497344e-15
319.53418849756395,180.5491900224724,0.024863136860035974,180.49338734757976,4.488556735453102,-2.781557105170864e-15
320.03418849756395,180.04955731393505,0.024971009034459236,179.9934251637374,4.4955518871485705,-2.633171055862813e-15
320.53418849756395,179.54992665950883,0.025079481268863196,179.4934629285363,4.502546985558401,-2.6922834713586013e-15
321.03418849756395,179.05029807630737,0.025188558586509667,178.9935006414597,4.50954203110298,-2.752894137769857e-15
321.53418849756395,178.5506715816349,0.02529824606685637,178.49353830198396,4.516537024207132,-2.7024435689485387e-15
322.03418849756395,178.05104719298885,0.02540854884634458,177.99357590957842,4.523531965300167,-2.475751539339287e-15
322.53418849756395,177.55142492806254,0.025519472119200054,177.4936134637053,4.530526854815949,-2.7674968424150147e-15
323.03418849756395,177.05180480474803,0.0256310211382475,176.99365096381962,4.537521693192958,-2.7702910837583015e-15
323.53418849756395,176.5521868411388,0.025743201215738858,176.493688409369,4.544516480874354,-2.771954904773554e-15
324.03418849756395,176.05257105553264,0.02585601772419565,175.99372579979374,4.551511218308044,-2.772428358751585e-15
324.53418849756395,175.55295746643455,0.0259694760972657,175.49376313452632,4.558505905946739,-2.6427349887639876e-15
325.03418849756395,175.05334609255968,0.02608358183059451,174.99380041299165,4.565500544248036,-2.70360953045853e-15
325.53418849756395,174.55373695283632,0.02619834048271156,174.49383763460673,4.572495133674471,-2.8335323119066335e-15
326.03418849756395,174.05413006640887,0.026313757675931845,173.99387479878064,4.579489674693598,-2.554041474138462e-15
326.53418849756395,173.55452545264106,0.026429839097273,173.49391190491428,4.586484167778056,-2.6133888044221884e-15
327.03418849756395,173.054923131119,0.026546590499388217,172.99394895240033,4.593478613405643,-2.746571336958011e-15
327.53418849756395,172.55532312165445,0.026664017701515406,172.49398594062313,4.600473012059383,-2.8847351649635555e-15
328.03418849756395,172.055725444288,0.026782126590442833,171.9940228689584,4.607467364227606,-2.573851884800609e-15
328.53418849756395,171.5561301192924,0.026900923121491605,171.49405973677324,4.614461670404023,-2.7893295964012986e-15
329.03418849756395,171.05653716717597,0.027020413319515352,170.99409654342594,4.621455931087799,-2.8551051861698216e-15
329.53418849756395,170.5569466086861,0.027140603279917443,170.49413328826577,4.628450146783631,-2.922632040715828e-15
330.03418849756395,170.05735846481255,0.027261499169686104,169.99416997063298,4.635444318001833,-2.4933017817953163e-15
330.53418849756395,169.5577727567911,0.027383107228447806,169.4942065898584,4.642438445258408,-2.637711775696787e-15
331.03418849756395,169.05818950610725,0.027505433769539293,168.99424314526354,4.649432529075138,-2.4393044250829475e-15
331.53418849756395,168.55860873449976,0.027628485181098648,168.49427963616026,4.65642656997966,-2.408488178586656e-15
332.03418849756395,168.0590304639644,0.027752267927175788,167.9943160618506,4.663420568505553,-2.6490012915630573e-15
332.53418849756395,167.55945471675793,0.02787678854886277,167.49435242162681,4.670414525192431,-2.4321578270847717e-15
333.03418849756395,167.05988151540174,0.02800205366544438,166.9943887147709,4.67740844058602,-2.4909039808933818e-15
333.53418849756395,166.56031088268597,0.02812806997556934,166.49442494055467,4.684402315238252,-2.6493773574170025e-15
334.03418849756395,166.06074284167343,0.02825484425844267,165.99446109823938,4.691396149707357,-2.7137610740888013e-15
334.53418849756395,165.56117741570375,0.028382383375039573,165.49449718707572,4.6983899445579524,-2.5739920468651447e-15
335.03418849756395,165.06161462839754,0.028510694269341313,164.99453320630352,4.70538370036114,-2.425973902051623e-15
335.53418849756395,164.56205450366053,0.028639783969593584,164.49456915515157,4.712377417694598,-2.3774095696459263e-15
336.03418849756395,164.06249706568804,0.028769659589587826,163.99460503283743,4.719371097142679,-2.435898442469378e-15
336.53418849756395,163.56294233896926,0.02890032832996596,163.4946408385673,4.726364739296514,-2.32582941262562e-15
337.03418849756395,163.0633903482918,0.029031797479549076,162.99467657153568,4.733358344754102,-2.3834052125436318e-15
337.53418849756395,162.56384111874613,0.029164074416690576,162.4947122309253,4.7403519141204224,-2.2638642222810786e-15
338.03418849756395,162.0642946757304,0.029297166610654287,161.99474781590683,4.747345448007536,-2.3813161815113144e-15
338.53418849756395,161.56475104495496,0.029431081623018097,161.49478332563868,4.754338947034689,-2.2530652083597225e-15
339.03418849756395,161.06521025244734,0.029565827109103656,160.99481875926674,4.761332411828422,-2.373696126485261e-15
339.53418849756395,160.56567232455706,0.029701410819432724,160.4948541159242,4.768325843022683,-2.433384827427291e-15
340.03418849756395,160.06613728796066,0.029837840601210728,159.9948893947314,4.7753192412589325,-2.2924897885070235e-15
340.53418849756395,159.56660516966676,0.029975124399838137,159.4949245947954,4.782312607186264,-2.4887677531432613e-15
341.03418849756395,159.06707599702128,0.030113270260450253,158.99495971520992,4.789305941461515,-2.3392861842447127e-15
341.53418849756395,158.56754979771267,0.030252286329486053,158.494994755055,4.796299244749386,-2.4715548968161018e-15
342.03418849756395,158.06802659977734,0.030392180856286723,157.9950297133967,4.803292517722565,-2.012851033152129e-15
342.53418849756395,157.56850643160507,0.03053296219472453,157.49506458928704,4.8102857610618415,-2.293825985912674e-15
343.03418849756395,157.0689893219447,0.030674638804862712,156.99509938176354,4.8172789754562375,-2.274382950635014e-15
343.53418849756395,156.56947529990973,0.030817219254647095,156.49513408984902,4.8242721616031305,-2.0917056982109244e-15
344.03418849756395,156.06996439498408,0.030960712221630105,155.99516871255133,4.831265320208384,-2.2283741773272146e-15
344.53418849756395,155.57045663702817,0.03110512649472794,155.4952032488631,4.838258451986481,-2.0322092593105467e-15
345.03418849756395,155.07095205628474,0.03125047097601163,154.99523769776138,4.84525155766065,-1.9982682567028962e-15
345.53418849756395,154.57145068338517,0.031396754682532745,154.49527205820743,4.852244637963012,-2.1396470226096664e-15
346.03418849756395,154.07195254935556,0.031543986748184566,153.9953063291464,4.859237693634712,-2.104263242096472e-15
346.53418849756395,153.57245768562328,0.03169217642559946,153.49534050950692,4.866230725426059,-2.0657268390187114e-15
347.03418849756395,153.07296612402334,0.031841333088083366,152.99537459820095,4.873223734096676,-2.0238781410166098e-15
347.53418849756395,152.5734778968051,0.031991466231588155,152.4954085941234,4.8802167204156435,-2.176404999829712e-15
348.03418849756395,152.07399303663894,0.03214258547672283,151.99544249615175,4.887209685161649,-2.1326798000191494e-15
348.53418849756395,151.57451157662328,0.032294700570804344,151.49547630314572,4.894202629123134,-2.0852747540933223e-15
349.03418849756395,151.0750335502915,0.032447821389949075,150.99551001394707,4.90119555309846,-2.0340033741952172e-15
349.53418849756395,150.57555899161912,0.03260195794120577,150.49554362737902,4.908188457896055,-2.198522634223999e-15
350.03418849756395,150.07608793503118,0.032757120364731024,149.99557714224616,4.915181344334584,-2.3706174047873577e-15
350.53418849756395,149.5766204154096,0.032913318936008275,149.49561055733378,4.922174213243105,-2.144834250926406e-15
351.03418849756395,149.07715646810084,0.033070564068111236,148.99564387140785,4.929167065461242,-2.2625297869011482e-15
351.53418849756395,148.57769612892363,0.03322886631401292,148.49567708321425,4.93615990183935,-2.507566069647323e-15
352.03418849756395,148.0782394341769,0.03338823636894131,147.99571019147874,4.943152723238694,-2.4503625068078765e-15
352.53418849756395,147.57878642064784,0.03354868507278267,147.4957431949063,4.950145530531619,-2.259282972760696e-15
353.03418849756395,147.0793371256201,0.03371022341253383,146.99577609218088,4.957138324601738,-2.3877115271898345e-15
353.53418849756395,146.57989158688224,0.03387286252480436,146.49580888196488,4.964131106344109,-2.1809529246800415e-15
354.03418849756395,146.08044984273627,0.03403661369837006,145.99584156289876,4.971123876665426,-2.451442866857327e-15
354.53418849756395,145.5810119320064,0.034201488376778826,145.4958741336006,4.978116636484209,-2.6635055785631433e-15
355.03418849756395,145.08157789404797,0.034367498161010195,144.99590659266568,4.985109386730997,-2.589757509786424e-15
355.53418849756395,144.58214776875656,0.03453465481218996,144.495938938666,4.992102128348549,-2.586130526133844e-15
356.03418849756395,144.08272159657727,0.034702970254361025,143.99597117014977,4.999094862292042,-2.3459287967821946e-15
356.53418849756395,143.58329941851426,0.03487245657731197,143.49600328564094,5.006087589529282,-2.3316077285943785e-15
357.03418849756395,143.08388127614035,0.035043126039464745,142.99603528363883,5.013080311040916,-2.23217031463388e-15
357.53418849756395,142.58446721160695,0.035214991070822814,142.49606716261738,5.020073027820634,-2.2954923853403045e-15
358.03418849756395,142.08505726765418,0.03538806427598142,141.99609892102487,5.027065740875402,-2.1859658766418036e-15
358.53418849756395,141.58565148762116,0.035562358437201326,141.4961305572833,5.034058451225679,-2.4282950786155942e-15
359.03418849756395,141.0862499154565,0.03573788651754768,140.9961620697878,5.041051159905642,-2.127860775501112e-15
359.53418849756395,140.5868525957291,0.03591466166409565,140.4961934569061,5.048043867963422,-2.3794507298632868e-15
360.03418849756395,140.0874595736391,0.036092697211204394,139.99622471697802,5.055036576461339,-2.252318714848458e-15
360.53418849756395,139.5880708950291,0.03627200668386117,139.4962558483149,5.062029286476147,-2.317605038461033e-15
361.03418849756395,139.0886866063955,0.036452603801097265,138.99628684919878,5.0690219990992675,-2.385028661313191e-15
361.53418849756395,138.5893067549004,0.03663450247947759,138.49631771788214,5.076014715437059,-2.1344935782529948e-15
362.03418849756395,138.08993138838338,0.03681771683666581,137.99634845258691,5.08300743661106,-1.9773415378218146e-15
362.53418849756395,137.59056055537374,0.03700226119506688,137.49637905150414,5.090000163758255,-2.148585678096487e-15
363.03418849756395,137.09119430510302,0.03718815008554896,136.99640951279318,5.096992898031341,-2.153806027942034e-15
363.53418849756395,136.59183268751767,0.0373753982512468,136.49643983458094,5.103985640599,-1.977883987400168e-15
364.03418849756395,136.0924757532921,0.03756402065144858,135.9964700149614,5.110978392646178,-2.28358495312009e-15
364.53418849756395,135.59312355384196,0.037754032465568424,135.49650005199473,5.117971155374365,-2.224636052424569e-15
365.03418849756395,135.09377614133777,0.037945449097206756,134.99652994370655,5.124963930001885,-2.2258329667236922e-15
365.53418849756395,134.59443356871878,0.038138286178300784,134.49655968808736,5.131956717764199,-2.2253479028747702e-15
366.03418849756395,134.0950958897072,0.03833255957336747,133.99658928309162,5.138949519914196,-2.1535945466794363e-15
366.53418849756395,133.5957631588227,0.03852828538384134,133.49661872663697,5.1459423377225075,-2.004134468402761e-15
367.03418849756395,133.09643543139723,0.03872547995250975,132.99664801660353,5.152935172477817,-1.9175973279252666e-15
367.53418849756395,132.5971127635902,0.03892415986804793,132.49667715083288,5.159928025487187,-2.2041763408688693e-15
368.03418849756395,132.09779521240407,0.039124341969656695,131.99670612712754,5.166920898076382,-2.2717472137028685e-15
368.53418849756395,131.59848283570014,0.039326043351805375,131.49673494324966,5.173913791590205,-2.0186705704593612e-15
369.03418849756395,131.09917569221477,0.039529281369082826,130.99676359692054,5.180906707392836,-2.413998652445955e-15
369.53418849756395,130.599873841576,0.03973407364115935,130.49679208581946,5.187899646868188,-2.0597493574569717e-15
370.03418849756395,130.10057734432056,0.03994043805786256,129.99682040758285,5.194892611420255,-2.300866933606721e-15
370.53418849756395,129.6012862619111,0.04014839278437019,129.4968485598032,5.201885602473479,-2.281521076081487e-15
371.03418849756395,129.10200065675414,0.04035795626652307,128.99687654002832,5.208878621473125,-2.258987015859383e-15
371.53418849756395,128.60272059221808,0.040569147236261406,128.49690434576,5.215871669885656,-2.135970666088209e-15
372.03418849756395,128.10344613265184,0.04078198471718787,127.99693197445322,5.222864749199124,-2.1033643324064663e-15
372.53418849756395,127.60417734340395,0.04099648803026081,127.49695942351497,5.2298578609235635,-2.3768323961345516e-15
373.03418849756395,127.10491429084192,0.04121267679962123,126.99698669030313,5.236851006591399,-2.3459688014787702e-15
373.53418849756395,126.60565704237221,0.041430570958557206,126.49701377212543,5.243844187757858,-2.3110077938662657e-15
374.03418849756395,126.10640566646066,0.04165019075560952,125.99704066623818,5.250837406001392,-2.498857653665518e-15
374.53418849756395,125.60716023265327,0.04187155676082241,125.49706736984513,5.2578306629241105,-2.4622346414572597e-15
375.03418849756395,125.10792081159767,0.04209468987214349,124.99709388009626,5.264823960152219,-2.54200125140691e-15
375.53418849756395,124.60868747506493,0.042319611321977,124.49712019408649,5.271817299336474,-2.6246871047635214e-15
376.03418849756395,124.109460295972,0.042546342683894726,123.99714630885438,5.278810682152644,-2.4522769655420676e-15
376.53418849756395,123.61023934840466,0.04277490587950892,123.49717222138085,5.285804110301978,-2.466048802498169e-15
377.03418849756395,123.11102470764098,0.04300532318551191,122.99719792858774,5.29279758551169,-2.203031673174876e-15
377.53418849756395,122.61181645017538,0.043237617240887094,122.49722342733646,5.299791109535448,-2.2758771697331977e-15
378.03418849756395,122.11261465374331,0.04347181105429616,121.99724871442648,5.306784684153881,-2.3514438912172012e-15
378.53418849756395,121.61341939734648,0.04370792801164762,121.49727378659396,5.313778311175092,-2.353912581004032e-15
379.03418849756395,121.11423076127872,0.04394599188385188,120.99729864051011,5.320771992435185,-2.589674853173696e-15
379.53418849756395,120.61504882715248,0.04418602683476811,120.49732327277962,5.327765729798804,-2.3522913539295698e-15
380.03418849756395,120.11587367792602,0.04442805742934869,119.99734767993915,5.334759525159682,-2.5155666169738615e-15
380.53418849756395,119.61670539793118,0.04467210864198668,119.49737185845555,5.3417533804412045,-2.340776338351962e-15
381.03418849756395,119.11754407290198,0.04491820586507252,118.9973958047242,5.348747297596986,-2.5101311052520287e-15
381.53418849756395,118.61838979000377,0.04516637491776593,118.49741951506728,5.355741278611457,-2.4105440986097036e-15
382.03418849756395,118.11924263786328,0.04541664205498936,117.9974429857319,5.362735325500469,-2.493331889374212e-15
382.53418849756395,117.62010270659927,0.045669033976649655,117.49746621288821,5.36972944031191,-2.480127078752973e-15
383.03418849756395,117.12097008785409,0.045923577837094505,116.99748919262764,5.376723625126335,-2.5660423084604726e-15
383.53418849756395,116.62184487482595,0.04618030125481089,116.4975119209607,5.383717882057606,-2.44289470221074e-15
384.03418849756395,116.12272716230208,0.046439232322372626,115.99753439381516,5.390712213253564,-2.528259359376926e-15
384.53418849756395,115.62361704669269,0.04670039961664457,115.49755660703377,5.3977066208966935,-2.787668080308132e-15
385.03418849756395,115.12451462606579,0.04696383220925119,114.99757855637229,5.404701107204818,-2.7092486880945095e-15
385.53418849756395,114.62542000018301,0.04722955967731752,114.49760023749708,5.411695674431806,-2.6222312043294412e-15
386.03418849756395,114.12633327053622,0.04749761211449085,113.99762164598296,5.418690324868297,-2.90494449038257e-15
386.53418849756395,113.62725454038521,0.047768020142251684,113.49764277731077,5.425685060842444,-2.485465011731041e-15
387.03418849756395,113.12818391479628,0.048040814921522845,112.99766362686498,5.432679884720663,-2.642407953321313e-15
387.53418849756395,112.6291215006819,0.04831602816458596,112.49768418993116,5.439674798908423,-2.5972630148458134e-15
388.03418849756395,112.13006740684142,0.04859369214731482,111.99770446169346,5.446669805851031,-2.764044881474677e-15
388.53418849756395,111.63102174400278,0.04887383972173552,111.49772443723188,5.453664908034451,-2.4876636904110462e-15
389.03418849756395,111.13198462486542,0.049156504328923545,110.99774411151955,5.460660107986133,-2.5004230829926507e-15
389.53418849756395,110.63295616414435,0.0494417200122484,110.49776347941997,5.467655408275872,-2.430192924696029e-15
390.03418849756395,110.13393647861527,0.04972952143097674,109.99778253568398,5.474650811516681,-2.5198085272431276e-15
390.53418849756395,109.63492568716109,0.05001994387424541,109.49780127494687,5.48164632036568,-2.5260533906951733e-15
391.03418849756395,109.13592391081956,0.05031302327541606,108.9978196917252,5.48864193752502,-2.439375358822934e-15
391.53418849756395,108.6369312728323,0.050608796226823655,108.49783778041366,5.495637665742817,-2.530589660300547e-15
392.03418849756395,108.13794789869515,0.05090729999493141,107.99785553528174,5.502633507814122,-2.3339187069041975e-15
392.53418849756395,107.63897391620982,0.05120857253590537,107.49787295047037,5.509629466581894,-2.321095093770515e-15
393.03418849756395,107.14000945553711,0.05151265251162215,106.99789001998833,5.516625544938022,-2.3043750939449043e-15
393.53418849756395,106.64105464925149,0.051819579306124,106.49790673770869,5.52362174582435,-2.2834455190603393e-15
394.03418849756395,106.14210963239724,0.052129393042535756,105.99792309736505,5.530618072233742,-2.257971204545986e-15
394.53418849756395,105.6431745425462,0.05244213460045893,105.4979390925477,5.537614527211167,-2.2275934783700356e-15
395.03418849756395,105.14424951985714,0.05275784563385864,104.99795471669958,5.544611113854811,-2.191928519687628e-15
395.53418849756395,104.64533470713666,0.053076568589459715,104.49796996311223,5.551607835317218,-2.3403213872630186e-15
396.03418849756395,104.14643024990207,0.05339834672566903,103.99798482492145,5.55860469480646,-2.300227553341523e-15
396.53418849756395,103.64753629644586,0.05372322413204153,103.49799929510299,5.565601695587334,-2.1855540827691186e-15
397.03418849756395,103.14865299790215,0.054051245749308405,102.99801336646793,5.572598840982592,-2.058728172911291e-15
397.53418849756395,102.64978050831495,0.054382457389986295,102.49802703165808,5.579596134374198,-1.918868315628098e-15
398.03418849756395,102.15091898470845,0.054716905759587306,101.99804028314102,5.586593579204619,-2.3022159768868662e-15
398.53418849756395,101.6520685871594,0.055054638478450345,101.49805311320517,5.593591178978149,-2.2346977641268515e-15
399.03418849756395,101.1532294788715,0.05539570410421505,100.99806551395454,5.600588937262267,-2.0754893336536928e-15
399.53418849756395,100.65440182625203,0.055740152154960476,100.49807747730341,5.607586857689028,-2.332107668590854e-15
400.03418849756395,100.1555857989908,0.056088033133031547,99.99808899497083,5.614584943956487,-2.3369421004959644e-15
400.53418849756395,99.65678157014133,0.05643939854957721,99.49810005847472,5.621583199830167,-2.3387869802089196e-15
401.03418849756395,99.15798931620452,0.05679430094982519,98.99811065912614,5.628581629144556,-2.4347471348572636e-15
401.53418849756395,98.65920921721481,0.05715279393911917,98.49812078802302,5.635580235804644,-2.4337519142956228e-15
402.03418849756395,98.16044145682893,0.05751493220974543,97.9981304360438,5.642579023787513,-2.217810665189316e-15
402.53418849756395,97.66168622241736,0.057880771568576815,97.49813959384093,5.64957799714394,-2.310225500711528e-15
403.03418849756395,97.16294370515848,0.058250368965563355,96.99814825183397,5.656577160000069,-2.4069938937667542e-15
403.53418849756395,96.66421410013578,0.05862378252309973,96.49815640020265,5.6635765165591145,-2.030564857801449e-15
404.03418849756395,96.16549760643782,0.05900107156630131,95.99816402887939,5.670576071103104,-2.3032681332408915e-15
404.53418849756395,95.6667944272615,0.059382296654221546,95.49817112754192,5.677575827994681,-2.076782950447187e-15
405.03418849756395,95.16810477001832,0.059767519612045135,94.99817768560533,5.684575791678931,-1.96260086375884e-15
405.53418849756395,94.6694288464442,0.06015680356429248,94.49818369221397,5.69157596668529,-2.047011706422653e-15
406.03418849756395,94.1707668727125,0.06055021296907279,93.99818913623301,5.698576357629465,-1.9882496630623683e-15
406.53418849756395,93.67211906955075,0.06094781365342452,93.49819400623977,5.705576969215428,-1.6904882602733173e-15
407.03418849756395,93.17348566236102,0.06134967284978355,92.99819829051462,5.712577806237462,-1.6039851034440683e-15
407.53418849756395,92.67486688134416,0.061755859233621306,92.4982019770316,5.71957887358225,-1.841931402709676e-15
408.03418849756395,92.176262961628,0.06216644296229666,91.99820505344869,5.726580176231026,-2.1856059335255598e-15
408.53418849756395,91.67767414339963,0.06258149571516754,91.4982075070977,5.733581719261782,-2.191421416599113e-15
409.03418849756395,91.17910067204205,0.06300109073500994,90.99820932497389,5.740583507851532,-2.0031782135791182e-15
409.53418849756395,90.6805427982752,0.06342530287079443,90.49821049372487,5.747585547278636,-2.3922199717930908e-15
410.03418849756395,90.18200077830157,0.06385420862187198,89.99821099963955,5.754587842925187,-2.2919609089466905e-15
410.53418849756395,89.68347487395673,0.06428788618362374,89.49821082863632,5.761590400279462,-2.2872029782511234e-15
411.03418849756395,89.18496535286467,0.0647264154946313,88.99820996625081,5.768593224938429,-2.0500582993979843e-15
411.53418849756395,88.68647248859844,0.06516987828542696,88.49820839762339,5.77559632261034,-2.0847243870671797e-15
412.03418849756395,88.18799656084609,0.0656183581288858,87.9982061074859,5.782599699117371,-2.1187817402033196e-15
412.53418849756395,87.68953785558216,0.06607194049232437,87.49820308014812,5.7896033603983446,-2.0216535996483548e-15
413.03418849756395,87.19109666524506,0.06653071279137365,86.99819929948346,5.796607312511523,-2.184464893390601e-15
413.53418849756395,86.69267328892037,0.06699476444569709,86.49819474891436,5.803611561637477,-2.144272415400801e-15
414.03418849756395,86.19426803253053,0.06746418693662752,85.99818941139682,5.810616114082026,-2.170876823795125e-15
414.53418849756395,85.69588120903087,0.0679390738668006,85.49818326940454,5.817620976279258,-2.195785343159995e-15
415.03418849756395,85.1975131386126,0.06841952102186555,84.99817630491228,5.824626154794636,-2.218747127422902e-15
415.53418849756395,84.69916414891277,0.06890562643435795,84.49816849937862,5.83163165632818,-1.98108434049673e-15
416.03418849756395,84.20083457523151,0.06939749044982338,83.99815983372802,5.838637487717734,-1.986777234051608e-15
416.53418849756395,83.70252476075707,0.06989521579528465,83.49815028833208,5.845643655942327,-1.9889270124503865e-15
417.03418849756395,83.20423505679867,0.07039890765014999,82.99813984299011,5.85265016812561,-1.8877711272142246e-15
417.53418849756395,82.70596582302765,0.07090867371966397,82.49812847690879,5.859657031539399,-1.876674803837168e-15
418.03418849756395,82.20771742772739,0.07142462431100811,81.9981161686811,5.866664253607297,-2.1887359681902932e-15
418.53418849756395,81.70949024805202,0.0719468724121629,81.49810289626429,5.873671841908429,-2.183189521838676e-15
419.03418849756395,81.21128467029466,0.07247553377364858,80.99808863695694,5.880679804181256,-2.111929828040716e-15
419.53418849756395,80.71310109016535,0.07301072699326801,80.49807336737504,5.887688148327501,-1.9652031078361604e-15
420.03418849756395,80.21493991307919,0.07355257360398018,79.9980570634271,5.894696882416175,-2.0652568022130693e-15
420.53418849756395,79.71680155445509,0.07410119816504049,79.49803970028803,5.9017060146877105,-2.1710739642027863e-15
421.03418849756395,79.21868644002564,0.07465672835654934,78.99802125237214,5.908715553558194,-2.2830255676355586e-15
421.53418849756395,78.72059500615846,0.07521929507755871,78.49800169330472,5.915725507623718,-2.401509000696371e-15
422.03418849756395,78.22252770018976,0.07578903254789338,77.99798099589253,5.922735885664842,-2.2008920480688813e-15
422.53418849756395,77.7244849807703,0.07636607841385137,77.49795913209292,5.929746696651153,-2.4882051786957774e-15
423.03418849756395,77.22646731822472,0.07695057385795698,76.99793607298159,5.936757949745973,-2.5295425357519316e-15
423.53418849756395,76.72847519492447,0.0775426637129479,76.49791178871898,5.943769654311154,-2.3788337823344285e-15
424.03418849756395,76.23050910567513,0.07814249658018818,75.99788624851499,5.950781819912008,-2.506400427242991e-15
424.53418849756395,75.73256955811877,0.07875022495270781,75.49785942059226,5.95779445632236,-2.430372028532827e-15
425.03418849756395,75.23465707315201,0.07936600534308101,74.99783127214776,5.964807573529722,-2.339638375295403e-15
425.53418849756395,74.73677218536037,0.07998999841636573,74.49780176931242,5.971821181740584,-2.4089058785207397e-15
426.03418849756395,74.23891544346995,0.08062236912833912,73.99777087710926,5.978835291385853,-2.4796278687481385e-15
426.53418849756395,73.74108741081692,0.08126328686927599,73.4977385594092,5.985849913126403,-2.5517476560634122e-15
427.03418849756395,73.24328866583586,0.08191292561353045,72.99770477888504,5.992865057858755,-2.4179421352189046e-15
427.53418849756395,72.74551980256783,0.0825714640751951,72.49766949696323,5.999880736720904,-2.1161227965151754e-15
428.03418849756395,72.24778143118886,0.08323908587012696,71.99763267377328,6.006896961098261,-2.0817763807894044e-15
428.53418849756395,71.75007417856023,0.08391597968464491,71.49759426809482,6.013913742629726,-2.3635261077555825e-15
429.03418849756395,71.25239868880122,0.08460233945122056,70.99755423730208,6.020931093213911,-2.413122876984686e-15
429.53418849756395,70.7547556238856,0.08529836453150183,70.49751253730578,6.027949025015469,-2.2792377216003877e-15
430.03418849756395,70.25714566426295,0.0860042599070278,69.99746912249198,6.034967550471575,-2.412067157342675e-15
430.53418849756395,69.75956950950606,0.0867202363780132,69.49742394565813,6.041986682298522,-2.349367498890789e-15
431.03418849756395,69.26202787898572,0.08744651077060235,68.99737695794595,6.04900643349845,-2.596477173184118e-15
431.53418849756395,68.76452151257404,0.08818330615301528,68.49732810877077,6.056026817366196,-2.4072523760275708e-15
432.03418849756395,68.26705117137804,0.08893085206103266,67.99727734574759,6.063047847496264,-2.4909598265452517e-15
432.53418849756395,67.76961763850488,0.08968938473329195,67.4972246146132,6.07006953778992,-2.190566278174349e-15
433.03418849756395,67.2722217198602,0.09045914735689498,66.99716985914448,6.0770919024623815,-2.324008751308851e-15
433.53418849756395,66.77486424498146,0.09124039032385572,66.49711302107235,6.084114956050125,-2.3941073197113312e-15
434.03418849756395,66.27754606790802,0.09203337149894888,65.99705403999157,6.091138713418288,-2.311074876529413e-15
434.53418849756395,65.78026806808975,0.0928383564995525,65.49699285326544,6.09816318976815,-2.2914425816209478e-15
435.03418849756395,65.28303115133632,0.0936556189881137,64.99692939592593,6.105188400644703,-2.5223487786848264e-15
435.53418849756395,64.78583625080918,0.09448544097790437,64.49686360056823,6.112214361944288,-2.2196042817796197e-15
436.03418849756395,64.2886843280586,0.09532811315277363,63.9967953972398,6.119241089922264,-2.2628373436799363e-15
436.53418849756395,63.791576374107976,0.09618393520164775,63.496724713323545,6.126268601200737,-2.4083613639665896e-15
437.03418849756395,63.294513410588266,0.09705321616857376,62.99665147341457,6.133296912776293,-2.3414868741712818e-15
437.53418849756395,62.797496490924814,0.0979362748191526,62.49657559919032,6.14032604202773,-2.2569306035908e-15
438.03418849756395,62.300526701579805,0.09883344002426026,61.996497009273476,6.147356006723758,-2.279009638264866e-15
438.53418849756395,61.803605163353176,0.0997450511620121,61.496415619087465,6.154386825030653,-2.4303873608065343e-15
439.03418849756395,61.3067330327453,0.10067145853898588,60.996331340703705,6.161418515519822,-2.3050273284402615e-15
439.53418849756395,60.809911503384825,0.10161302383178372,60.49624408268047,6.168451097175239,-2.3068948044308745e-15
440.03418849756395,60.31314180752536,0.10257012055008329,59.996153749892486,6.175484589400735,-2.6282576249975268e-15
440.53418849756395,59.81642521761488,0.10354313452240223,59.496060243350875,6.182519012027082,-2.369888196035806e-15
441.03418849756395,59.31976304794197,0.10453246440588067,58.995963460012774,6.189554385318806,-2.3463283582040216e-15
441.53418849756395,58.823156656363395,0.10553852222147207,58.495863292579806,6.196590729980722,-2.5102440493004098e-15
442.03418849756395,58.326607446117585,0.1065617339160251,57.99575962928491,6.203628067164066,-2.4721647900625474e-15
442.53418849756395,57.83011686772913,0.10760253995283846,57.49565235366646,6.210666418472197,-2.3025221792661734e-15
443.03418849756395,57.333686421009624,0.10866139593237746,56.995541344329055,6.217705805965785,-2.529337339251815e-15
443.53418849756395,56.83731765716052,0.10973877324495551,56.49542647468996,6.224746252167373,-2.447726201489757e-15
444.03418849756395,56.341012180984144,0.11083515975730794,55.995307612710135,6.231787780065226,-2.4844539510678728e-15
444.53418849756395,55.8447716532094,0.1119510605351183,55.49518462060897,6.238830413116377,-2.4388371826573436e-15
445.03418849756395,55.34859779293902,0.11308699860370121,54.995057354561375,6.245874175248701,-2.128868769698517e-15
445.53418849756395,54.85249238022597,0.11424351574920043,54.494925664376154,6.2529190908619166,-2.1125503788621335e-15
446.03418849756395,54.356457258786875,0.1154211733628284,53.99478939315417,6.259965184827337,-1.988464780847237e-15
446.53418849756395,53.860494338861045,0.1166205533308536,53.494648376925,6.267012482486197,-1.834684593812599e-15
447.03418849756395,53.36460560022424,0.1178422589732376,52.994502444260384,6.274061009646372,-2.0860538143536608e-15
447.53418849756395,52.86879309536701,0.11908691603403443,52.494351415862795,6.28111079257725,-2.0710518020535853e-15
448.03418849756395,52.37305895284813,0.12035517372689301,51.99419510412743,6.288161858002522,-2.1701327619739137e-15
448.53418849756395,51.87740538083442,0.12164770583925127,51.49403331267537,6.295214233090622,-2.1358099954048555e-15
449.03418849756395,51.38183467083905,0.12296521189907732,50.99386583585604,6.302267945442492,-2.083854098282875e-15
449.53418849756395,50.88634920167151,0.12430841840830426,50.49369245821634,6.30932302307633,-1.8504025018624653e-15
450.03418849756395,50.39095144361308,0.1256780801474199,49.99351295393415,6.316379494408952,-1.914771540967735e-15
450.53418849756395,49.895643962833084,0.12707498155601452,49.4933270862133,6.323437388233309,-1.8845742870647426e-15
451.03418849756395,49.400429426061976,0.12849993819446134,48.993134606636964,6.3304967336916915,-1.633547361743466e-15
451.53418849756395,48.905310605538986,0.12995379829230888,48.49293525447637,6.33755756024407,-1.8820678011211254e-15
452.03418849756395,48.41029038425307,0.13143744438940275,47.99272875595105,6.344619897630959,-1.561914328106214e-15
452.53418849756395,47.91537176149753,0.13295179507623422,47.49251482343688,6.351683775830124,-1.6964639790469784e-15
453.03418849756395,47.42055785876041,0.1344978068405334,46.99229315461765,6.3587492250063695,-1.3476572711939848e-15
453.53418849756395,46.92585192597428,0.13607647602769374,46.492063431575446,6.365816275453522,-1.6977653029838717e-15
454.03418849756395,46.43125734815121,0.13768884092323522,45.991825319814865,6.372884957527661,-1.5126511765137328e-15
454.53418849756395,45.93677765243073,0.13933598396619087,45.49157846721547,6.379955301570492,-1.2823178968713533e-15
455.03418849756395,45.44241651557075,0.14101903410304248,44.99132250290644,6.3870273378216575,-1.3989277160568256e-15
455.53418849756395,44.94817777191425,0.14273916929264086,44.49105703605686,6.394101096318566,-1.4184587638383412e-15
456.03418849756395,44.454065421866915,0.14449761917343407,43.99078165457404,6.401176606782217,-1.1925996111150481e-15
456.53418849756395,43.9600836409242,0.1462956679052982,43.4904959237024,6.408253898487261,-1.2395488347814256e-15
457.03418849756395,43.466236789289525,0.14813465719933144,42.990199384513566,6.415333000114302,-1.2146120418930779e-15
457.53418849756395,42.972529422128815,0.15001598955014284,42.489891552278486,6.422413939582231,-1.1749009564229836e-15
458.03418849756395,42.478966300510784,0.1519411316864511,41.98957191471056,6.429496743858051,-1.2893626475970857e-15
458.53418849756395,41.985552403086565,0.15391161825722352,41.48923993006835,6.436581438741352,-9.443222759421679e-16
459.03418849756395,41.49229293856718,0.15592905577213934,40.988895025104824,6.4436680486201965,-9.346998154280241e-16
459.53418849756395,40.999193359062645,0.15799512681687558,40.488536592848796,6.450756596194775,-6.860789311400286e-16
460.03418849756395,40.5062593743523,0.1601115945656025,39.988163990202985,6.457847102164669,-5.041629284394535e-16
460.53418849756395,40.01349696716249,0.16228030761516005,39.487776535341126,6.464939584875038,-2.7818608410768246e-16
461.03418849756395,39.520912409534745,0.1645032051676899,38.987373504884886,6.4720340599163615,-3.0736059569537085e-16
461.53418849756395,39.028512280375494,0.1667823225910443,38.48695413083912,6.479130539671683,-8.500247888947699e-17
462.03418849756395,38.5363034842871,0.16911979738911065,37.98651759726184,6.486229032804421,9.414956601795027e-17
462.53418849756395,38.04429327178962,0.1715178756173143,37.48606303664235,6.4933295436788745,4.176587300792117e-16
463.03418849756395,37.55248926105334,0.17397891878202484,36.98558952595839,6.500432071704426,5.217800877898309e-16
463.53418849756395,37.060899461274126,0.1765054112664361,36.48509608237942,6.507536610593176,9.67016685332048e-16
464.03418849756395,36.569532297836645,0.17909996832976344,35.984581658579806,6.514643147519235,8.614312422989227e-16
464.53418849756395,36.07839663942532,0.18176534473135608,35.484045137621045,6.521751662166263,1.3608149952606454e-15
465.03418849756395,35.58750182725921,0.18450444403661687,34.98348532735781,6.5288621256477954,1.9665885506044893e-15
465.53418849756395,35.0968577066451,0.18732032866752535,34.48290095431677,6.535974499282677,1.9994367770222755e-15
466.03418849756395,34.606474661063615,0.19021623076714927,33.98229065699134,6.543088733205225,2.9113942283338636e-15
466.53418849756395,34.11636364902567,0.1931955639548927,33.48165297848846,6.550204764786723,3.642976503025978e-15
467.03418849756395,33.626536243962235,0.19626193605746475,32.98098635845558,6.557322516841208,4.163993683368024e-15
467.53418849756395,33.1370046774386,0.1994191629097777,32.48028912420707,6.564441895584364,4.9248991934954515e-15
468.03418849756395,32.64778188601656,0.20267128333032505,31.979559480959345,6.571562788309502,5.731533945055304e-15
468.53418849756395,32.1588815621236,0.20602257538719834,31.478795501071907,6.578685060738806,6.7765562570168725e-15
469.03418849756395,31.670318209328475,0.2094775740839478,30.977995112178647,6.58580855400146,7.838763684401954e-15
469.53418849756395,31.182107202468224,0.21304109060916837,30.47715608407832,6.592933081182335,9.14472027031927e-15
470.03418849756395,30.694264853122526,0.2167182333102249,29.97627601423598,6.600058423375759,1.0606270794156564e-14
470.53418849756395,30.20680848098933,0.22051443057017311,29.475352311726883,6.607184325167981,1.2068692007158444e-14
471.03418849756395,29.719756491780807,0.2244354557879803,28.974382179431853,6.614310489459144,1.4142639956254898e-14
471.53418849756395,29.23312846233267,0.22848745468593995,28.473362594266533,6.621436571520392,1.6267682128047492e-14
472.03418849756395,28.746945233703563,0.23267697519509367,27.972290285196742,6.62856217216374,1.8751153896475924e-14
472.53418849756395,28.261229013136287,0.237011000199971,27.471161708757062,6.635686829880992,2.1445205271512978e-14
473.03418849756395,27.776003485860517,0.2414969834585428,26.969973021749524,6.642810011782558,2.4581702863800256e-14
473.53418849756395,27.291293937839534,0.2461428890525506,26.468720050752225,6.649931103136638,2.843273913560609e-14
474.03418849756395,26.807127390703407,0.25095723476800047,25.967398258013752,6.657049395273047,3.2746340295599935e-14
474.53418849756395,26.323532750270687,0.25594913985637885,25.466002703246087,6.664164071572402,3.748965381793844e-14
475.03418849756395,25.840540970243012,0.26112837768495883,24.96452800075566,6.67127419120923,4.3024346751572216e-14
475.53418849756395,25.358185232865644,0.266505433850454,24.462968271266924,6.678378670254698,4.9844473782473317e-14
476.03418849756395,24.87650114858579,0.2720915704054295,23.96131708769357,6.685476259668737,5.77015575751949e-14
476.53418849756395,24.395526977014523,0.27789889693266023,23.4595674139964,6.692565519619638,6.645177171773535e-14
477.03418849756395,23.915303871812657,0.2839404493005899,22.957711536131587,6.6996447894577384,7.707716819643438e-14
477.53418849756395,23.435876152482383,0.2902302770449709,22.455740983934106,6.706712152534547,8.91698215164682e-14
478.03418849756395,22.957291606462586,0.2967835404496704,21.953646442595556,6.7137653948934695,1.0335247045190175e-13
478.53418849756395,22.479601825404913,0.30361661854579725,21.451417652177412,6.720801956656606,1.1990554948451375e-13
479.03418849756395,22.002862580060153,0.31074722941529165,20.949043293345106,6.727818874684707,1.3944242579621278e-13
479.53418849756395,21.527134238842102,0.31819456437578364,20.446510857207866,6.734812714783445,1.6239852270606244e-13
480.03418849756395,21.05248223587203,0.3259794378409823,19.94380649679638,6.741779491354625,1.896001436466298e-13
480.53418849756395,20.578977595157173,0.3341244548984917,19.440914857295855,6.748714571928065,2.2150776810026195e-13
481.03418849756395,20.106697518538937,0.3426541989283121,18.9378188816653,6.755612563436494,2.5963425787279044e-13
481.53418849756395,19.635726046181293,0.3515954419039842,18.434499587702952,6.762467176383345,3.048441084394752e-13
482.03418849756395,19.166154799680235,0.36097738037781113,17.930935811948853,6.769271062165844,3.588327512072109e-13
482.53418849756395,18.698083819386998,0.370831900554792,17.427103915034397,6.77601561770741,4.2295328958403294e-13
483.03418849756395,18.231622509279443,0.3811938763087073,16.922977442178567,6.782690750165469,4.999180146255261e-13
483.53418849756395,17.766890704718463,0.39210150448827236,16.418526731476575,6.789284592738794,5.922531575372432e-13
484.03418849756395,17.304019880721313,0.40359668239840146,15.913718461413369,6.795783160406882,7.035188843681041e-13
484.53418849756395,16.843154521003523,0.41572543291357683,15.40851512765169,6.802169931671101,8.376714033896679e-13
485.03418849756395,16.38445367101459,0.428538383271821,14.902874437589167,6.808425338877911,1.0002282348603948e-12
485.53418849756395,15.928092701541917,0.44209130418240755,14.396748609462515,6.814526145290812,1.197522144438239e-12
486.03418849756395,15.474265313191118,0.45644571641524034,13.890083560935697,6.820444681489158,1.4377699345752176e-12
486.53418849756395,15.023185816153635,0.47166957245762803,13.38281797021872,6.8261479065920225,1.7316206127070506e-12
487.03418849756395,14.575091724091195,0.48783802102286966,12.874882190964154,6.831596250838134,2.09166964282327e-12
487.53418849756395,14.130246705587242,0.5050342620224716,12.366197000718811,6.836742184708456,2.5357656972453146e-12
488.03418849756395,13.688943941232763,0.523350498846878,11.856672161958999,6.841528445460098,3.0848517982894058e-12
488.53418849756395,13.251509938686173,0.5428889931159013,11.34620477533035,6.8458858339421065,3.768121148064823e-12
489.03418849756395,12.81830886143315,0.5637632239996915,10.834677407609638,6.849730472079095,4.622510471337035e-12
489.53418849756395,12.389747428646507,0.5860991491268527,10.3219559835707,6.8529603835774315,5.699890906725028e-12
490.03418849756395,11.96628044228145,0.6100365560906034,9.807887443556387,6.855451226422406,7.068752734960881e-12
490.53418849756395,11.548416991560414,0.6357304814132421,9.292297190343508,6.857050965050166,8.824807576877103e-12
491.03418849756395,11.136727371788693,0.6633526559016659,8.774986384452195,6.857573222811848,1.1104625046824596e-11
491.53418849756395,10.731850730527984,0.6930929095066558,8.255729202872676,6.856789002964094,1.4102942438533145e-11
492.03418849756395,10.334503414891808,0.7251604324509745,7.734270261068009,6.85441641288078,1.8103497916735134e-11
492.53418849756395,9.945487933114135,0.7597847394265547,7.210322523523529,6.850107979768505,2.3523858881273585e-11
493.03418849756395,9.565702354210453,0.7972161168102546,6.683566208006485,6.843435122257039,3.097964616572052e-11
493.53418849756395,9.196149843093968,0.8377252463255076,6.1536494382149,6.833869367217569,4.1373766693470205e-11
494.03418849756395,8.837947856484059,0.8816015913998955,5.620191731372964,6.820760017515506,5.600918408796884e-11
494.53418849756395,8.492336300961403,0.9291500077787336,5.082791824245088,6.803308248199114,7.670723026225847e-11
495.03418849756395,8.160683677986395,0.9806849087200369,4.541041821441254,6.780538125257836,1.0587010593005705e-10
495.53418849756395,7.844489922628432,1.036521201353488,3.9945501249242197,6.75126591430725,1.4636441519444017e-10
496.03418849756395,7.545384313714982,1.0969611579345437,3.4429759246744545,6.714070391630416,2.0096121418099644e-10
496.53418849756395,7.265116551983877,1.162276461902657,2.886077932967017,6.667268757051191,2.7094376922443374e-10
497.03418849756395,7.005538963065353,1.2326849667021655,2.32377912757468,6.608905108206279,3.533884816791309e-10
497.53418849756395,6.768577909158488,1.3083223296542037,1.7562470304257287,6.53676091657551,4.3687871655638154e-10
498.0286558491609,6.558401571743296,1.388286252623968,1.1903402279528885,6.449474499365201,4.915494581515733e-10
498.49778550312743,6.38292038094117,1.4687906844777747,0.6499653588860188,6.349741539754381,4.847119117679543e-10
498.9448678140073,6.2388017056019205,1.5494888150937145,0.1329232817262818,6.237385519830929,4.2252455549216097e-10
499.37294662923705,6.123110085628389,1.6300746393675642,-0.3627550978136738,6.1123551810848085,3.1594190265148003e-10
499.7838165506719,6.0334967373026585,1.7100840271873994,-0.8376771046309094,5.9750631751822505,1.8060122632144885e-10
500.1778191240227,5.967953650082816,1.7888264264856597,-1.2909088385295238,5.8266650101188375,3.6339770572081e-11
500.55358271288446,5.924512836615307,1.865319679275326,-1.7197898608764046,5.669406951846574,-9.561208087904218e-11
500.90763762205387,5.900901340676268,1.9382192549986168,-2.119671971976224,5.507052511426907,-1.977826327143887e-10
501.1920736077878,5.894215228925595,1.997079239322838,-2.4371944876678753,5.3667360838949145,-2.2598914129126374e-10
501.4763461791143,5.898500061084878,2.0559296457450262,-2.750625704555953,5.217888577198097,-2.536310604179028e-10
501.74990717775273,5.912959201389449,2.112379372586262,-3.048089899404162,5.06677752446725,-2.7439709710491863e-10
502.0603839690674,5.9415785590086205,2.1759814717057018,-3.380249295478887,4.8863350758298845,-3.1420061575303107e-10
502.39788179096064,5.987251866560749,2.2442543997149533,-3.734205768139711,4.6800525846220244,-3.693963295943649e-10
502.7566521110903,6.052151672907264,2.3154913058298265,-4.1018310393472195,4.450114829588323,-4.3181481845387406e-10
503.1332736878397,6.137965911344276,2.3884162667070994,-4.47776909381965,4.19811975427785,-4.929804741037007e-10
503.52600103585274,6.246129838276383,2.4620711601673273,-4.858698949445065,3.9251983994784236,-5.475761665163073e-10
503.9344699392205,6.378061229705922,2.535761222563141,-5.242950828748475,3.6319597543479865,-5.947502057649537e-10
504.3594963504352,6.5353734598340685,2.609005785514668,-5.63020095017794,3.318424855276813,-6.375130435713116e-10
504.8029215203656,6.720055273477692,2.6814881314765087,-6.021210451762939,2.983985183303712,-6.813501572727415e-10
505.2675166906241,6.934627186205063,2.753010249497187,-6.417630507266729,2.6273699556502765,-7.32912157180981e-10
505.7569640956966,7.182296178902895,2.82345679682224,-6.821889745729605,2.2465971375821674,-7.991028445046388e-10
506.2569640956966,7.4563483919084605,2.890331882755727,-7.222217054349431,1.853837145323211,-8.665839420515802e-10
506.7569640956966,7.749803149515409,2.952257056602094,-7.611310267401148,1.4585626039333452,-9.229016654215438e-10
507.2569640956966,8.060876544632613,3.0094900411436862,-7.9906431890578755,1.0617683800957718,-9.675071656689955e-10
507.7569640956966,8.387900616319643,3.06232578323968,-8.361562828558064,0.6641865802103343,-1.0012020137633776e-09
508.2569640956966,8.72933480543018,3.111076887475601,-8.725270690243432,0.2663409981089017,-1.0256104515212599e-09
508.7569640956966,9.083769949683395,3.1560590634207095,-9.082819454137251,-0.13140495545053707,-1.0426383511804218e-09
509.2569640956966,9.449926785378793,3.197580890250938,-9.435119393282102,-0.5288083618207373,-1.0541007996678654e-09
509.7569640956966,9.82665067403046,3.235937068395394,-9.782950239541671,-0.9257149021566202,-1.0615383988730669e-09
510.2569640956966,10.212903950179482,3.2714043492191247,-10.126975505511991,-1.3220341169394376,-1.0661660446536573e-09
510.7569640956966,10.607756960747935,3.304239434327676,-10.467757328070567,-1.7177206580003623,-1.0688907053037785e-09
511.2569640956966,11.010378574957617,3.334678265236311,-10.805770684088898,-2.1127603476898806,-1.0703645263301577e-09
511.7569640956966,11.420026703208508,3.362936252533778,-11.141416371029559,-2.507159976816382,-1.0710413093233961e-09
512.2569640956966,11.836039175674061,3.389209106894705,-11.475032496940873,-2.9009399446114017,-1.0712284958740795e-09
512.7569640956966,12.257825191640325,3.413674027254357,-11.806904438433424,-3.2941290215341166,-1.0711299338452195e-09
513.2569640956966,12.684857450696837,3.4364910741646733,-12.137273345511268,-3.6867606758292286,-1.0708765611900638e-09
513.7569640956966,13.116665008214119,3.457804611208194,-12.466343331763522,-4.07887053880162,-1.0705512796585033e-09
514.2569640956966,13.552826852364936,3.477744737571039,-12.794287510769184,-4.470494690966508,-1.0702043519810275e-09
514.7569640956966,13.992966171829135,3.4964286636558826,-13.121253040314542,-4.861668534360494,-1.0698646208875788e-09
515.2569640956966,14.436745267211485,3.513962001741062,-13.447365325256461,-5.252426079388782,-1.0695482068023536e-09
515.7569640956966,14.88386105128679,3.5304399574385967,-13.772731513813927,-5.642799521727547,-1.0692621865322625e-09
516.2569640956966,15.334041080679448,3.5459484168469992,-14.097443404405437,-6.032819019625119,-1.0690086120442646e-09
516.7569640956966,15.787040062500875,3.5605649301755333,-14.421579862906814,-6.422512607446426,-1.068787413229588e-09
517.2569640956966,16.24263678242794,3.574359596225119,-14.74520883440805,-6.811906199851544,-1.0685962978641205e-09
517.7569640956966,16.70063140477219,3.5873958541649604,-15.068389019621254,-7.201023654413358,-1.0684318380881465e-09
518.2569640956966,17.16084309964438,3.5997311900552065,-15.391171274115525,-7.589886870135369,-1.0682915127720782e-09
518.7569640956966,17.6231079569657,3.6114177658950406,-15.713599778426438,-7.978515906251262,-1.068171932918128e-09
519.2569640956966,18.087277151574018,3.62250297887296,-16.035713018622072,-8.366929110626316,-1.0680701202116076e-09
519.7569640956966,18.553215327882345,3.63302995813325,-16.357544609887217,-8.755143250588084,-1.0679839211115723e-09
520.2569640956966,19.020799176397883,3.6430380058655865,-16.67912398989825,-9.143173641491178,-1.06791055649188e-09
520.7569640956966,19.4899161778785,3.652562988949965,-17.000477004004555,-9.531034270059173,-1.067848752163485e-09
521.2569640956966,19.960463493991686,3.661637686796316,-17.321626400332953,-9.918737910755747,-1.067796121066123e-09
521.7569640956966,20.432346986067643,3.670292100438067,-17.642592249739376,-10.306296234268817,-1.0677517329467069e-09
522.2569640956966,20.90548034593059,3.6785537273898727,-17.963392302919267,-10.693719907754785,-1.067713703748432e-09
522.7569640956966,21.379784324882138,3.686447806271509,-18.284042294849982,-11.081018686863272,-1.0676814142308765e-09
523.2569640956966,21.855186048729692,3.693997534736857,-18.604556204986885,-11.468201499802532,-1.0676540414846706e-09
523.7569640956966,22.331618408332996,3.701224263829683,-18.924946480199136,-11.85527652385196,-1.0676306597703186e-09
524.2569640956966,22.809019516511736,3.7081476715151642,-19.245224226252017,-12.242251254809949,-1.0676104610394378e-09
524.7569640956966,23.28733222334387,3.714785917805119,-19.565399372673348,-12.629132569902934,-1.067593349252438e-09
525.2569640956966,23.766503682911658,3.7211557836023275,-19.88548081504327,-13.015926784689572,-1.0675786637447552e-09
525.7569640956966,24.246484965441425,3.7272727951316327,-20.205476538087293,-13.402639704482882,-1.067566327412944e-09
526.2569640956966,24.727230709552938,3.733151335599058,-20.52539372240798,-13.789276670789986,-1.067555859656745e-09
526.7569640956966,25.208698810000676,3.738804745521551,-20.845238837238803,-14.175842603238817,-1.0675464648473876e-09
527.2569640956966,25.690850136866917,3.744245412995951,-21.165017721228836,-14.562342037427365,-1.0675382930774014e-09
527.7569640956966,26.173648282667322,3.749484855023437,-21.484735652954935,-14.948779159095944,-1.067531450224315e-09
528.2569640956966,26.65705933426432,3.7545337908724044,-21.804397412597506,-15.335157834988193,-1.0675254975210186e-09
528.7569640956966,27.14105166686118,3.75940220834605,-22.124007335998698,-15.72148164073297,-1.0675204278620435e-09
529.2569640956966,27.625595757678024,3.7640994237188723,-22.443569362139236,-16.107753886047647,-1.0675158806924276e-09
529.7569640956966,28.11066401719694,3.7686341360168907,-22.76308707491725,-16.49397763753382,-1.0675119993006039e-09
530.2569640956966,28.59623063611252,3.7730144762381013,-23.082563739983573,-16.88015573930927,-1.067508596021628e-09
530.7569640956966,29.08227144634174,3.777248052041065,-23.402002337279228,-17.266290831695198,-1.0675058626627016e-09
531.2569640956966,29.568763794637086,3.781341988369313,-23.7214055898292,-17.65238536815523,-1.0675032621059265e-09
531.7569640956966,30.055686427513255,3.7853029644264113,-24.040775989268667,-18.03844163066221,-1.0675009807332717e-09
532.2569640956966,30.543019386343467,3.7891372473700837,-24.360115818511822,-18.424461743650557,-1.0674989729131792e-09
532.7569640956966,31.030743911609264,3.7928507230529327,-24.6794271719174,-18.810447686695298,-1.0674973368045707e-09
533.2569640956966,31.518842355400068,3.7964489241013393,-24.998711973257,-19.196401306044283,-1.067495823342656e-09
533.7569640956966,32.00729810135756,3.799937055592407,-25.317971991751453,-19.58232432511668,-1.067494376360123e-09
534.2569640956966,32.49609549134706,3.8033200185608393,-25.637208856405625,-19.968218354069144,-1.0674933306237175e-09
534.7569640956966,32.985219758214775,3.8066024315429243,-25.95642406884176,-20.354084898520355,-1.0674921358855693e-09
535.2569640956966,33.47465696405776,3.8097886503429406,-26.275619014805972,-20.739925367515365,-1.067491326183974e-09
535.7569640956966,33.96439394349331,3.812882786187939,-26.59479497450016,-21.125741080802495,-1.0674904184995438e-09
536.2569640956966,34.45441825146777,3.8158887224197056,-26.91395313187249,-21.511533275488443,-1.0674896519614176e-09
536.7569640956966,34.94471811519159,3.818810129857473,-27.233094582983043,-21.897303112130018,-1.0674890808626839e-09
537.2569640956966,35.43528238982972,3.8216504809514262,-27.552220343547056,-22.28305168031543,-1.0674885893453103e-09
537.7569640956966,35.926100517613214,3.8244130628350153,-27.871331355745475,-22.66878000378246,-1.0674879827822579e-09
538.2569640956966,36.417162490071256,3.8271009893733545,-28.1904284943822,-23.054489045116075,-1.0674874691766921e-09
538.7569640956966,36.90845881311227,3.8297172122954546,-28.509512572457503,-23.440179710063923,-1.0674871677863505e-09
539.2569640956966,37.39998047470907,3.8322645314894848,-28.82858434621939,-23.825852851504266,-1.0674867195591699e-09
539.7569640956966,37.89171891496663,3.8347456045326465,-29.14764451974736,-24.211509273097406,-1.0674862747074672e-09
540.2569640956966,38.383665998371974,3.8371629555204256,-29.46669374911662,-24.59714973264887,-1.0674863236171402e-09
540.7569640956966,38.87581398804456,3.8395189832538748,-29.78573264618566,-24.98277494520957,-1.0674858528114113e-09
541.2569640956966,39.368155521822615,3.8418159688381053,-30.104761782045124,-25.368385585936043,-1.0674857991097904e-09
541.7569640956966,39.86068359003566,3.8440560827402557,-30.423781690161643,-25.753982292731425,-1.0674855709811947e-09
542.2569640956966,40.35339151482756,3.84624139135078,-30.742792869246834,-26.139565668685904,-1.067485109031876e-09
542.7569640956966,40.84627293090621,3.8483738630879336,-31.06179578587816,-26.52513628433383,-1.0674850103503436e-09
543.2569640956966,41.33932176760756,3.850455374081757,-31.380790876895666,-26.91069467974273,-1.0674849157457166e-09
543.7569640956966,41.83253223217098,3.8524877134706244,-31.699778551595838,-27.296241366448395,-1.0674848354544713e-09
544.2569640956966,42.32589879413266,3.8544725883405313,-32.018759193741886,-27.681776829248705,-1.0674847392122738e-09
544.7569640956966,42.8194161707512,3.8564116283346483,-32.33773316340753,-28.067301527867656,-1.0674846008961736e-09
545.2569640956966,43.31307931338741,3.8583063899583108,-32.6567007986697,-28.452815898500347,-1.0674844125305084e-09
545.7569640956966,43.80688339476667,3.8601583606024508,-32.97566241716391,-28.83832035524828,-1.0674844479914168e-09
546.2569640956966,44.30082379705829,3.8619689623065376,-33.29461831751486,-29.223815291453818,-1.0674843658168001e-09
546.7569640956966,44.79489610071186,3.8637395552803273,-33.61356878065326,-29.609301080941837,-1.0674843312822062e-09
547.2569640956966,45.28909607399545,3.8654714412021103,-33.93251407102925,-29.994778079175582,-1.06748435701309e-09
547.7569640956966,45.78341966318511,3.867165866309707,-34.25145443773124,-30.380246624333804,-1.0674841777627665e-09
548.2569640956966,46.27786298335899,3.86882402429912,-34.570390115518485,-30.765707038314755,-1.0674842465061612e-09
548.7569640956966,46.7724223097536,3.870447059044558,-34.88932132577493,-31.151159627672985,-1.0674843335950438e-09
549.2569640956966,47.267094069642496,3.8720360671524485,-35.20824827739081,-31.536604684493863,-1.067483992418256e-09
549.7569640956966,47.76187483470143,3.8735921003610496,-35.527171167578395,-31.922042487210497,-1.0674839004928753e-09
550.2569640956966,48.2567613138263,3.8751161677963673,-35.846090182627194,-32.30747330136731,-1.0674840282482092e-09
550.7569640956966,48.75175034637319,3.8766092380942463,-36.1650054986036,-32.69289738033432,-1.067484263115618e-09
551.2569640956966,49.24683889579188,3.87807224139774,-36.48391728199975,-33.07831496597552,-1.0674843009310495e-09
551.7569640956966,49.74202404362667,3.8795060712381746,-36.802825690335546,-33.46372628927496,-1.067483959734036e-09
552.2569640956966,50.23730298385999,3.8809115863076755,-37.12173087271768,-33.84913157092316,-1.0674841479019186e-09
552.7569640956966,50.73267301757642,3.8822896121303505,-37.44063297035908,-34.23453102186718,-1.0674841917422148e-09
553.2569640956966,51.22813154792617,3.8836409426387806,-37.75953211706197,-34.61992484382648,-1.067484234085627e-09
553.7569640956966,51.72367607536875,3.8849663416619795,-38.078428439667285,-35.00531322977716,-1.0674841863778968e-09
554.2569640956966,52.21930419317884,3.886266544330538,-38.397322058473144,-35.390696364406814,-1.0674841191558132e-09
554.7569640956966,52.7150135831978,3.8875422584042427,-38.716213087624794,-35.776074424541875,-1.0674841185356815e-09
555.2569640956966,53.2108020118153,3.8887941655270897,-39.035101635478114,-36.161447579549424,-1.0674844051102745e-09
555.7569640956966,53.70666732616681,3.8900229224142566,-39.35398780493866,-36.54681599171524,-1.0674843438818726e-09
556.2569640956966,54.20260745053355,3.891229161975271,-39.67287169377831,-36.932179816599486,-1.0674842284092925e-09
556.7569640956966,54.698620382932475,3.892413494377324,-39.99175339493084,-37.31753920337183,-1.0674843271342588e-09
557.2569640956966,55.194704191884796,3.8935765080523916,-40.31063299676828,-37.70289429512702,-1.0674845125626152e-09
557.7569640956966,55.690857013352236,3.8947187706515862,-40.6295105833593,-38.088245229182434,-1.0674844629644457e-09
558.2569640956966,56.18707704783103,3.895840829949913,-40.948386234710995,-38.473592137358736,-1.0674843747989087e-09
558.7569640956966,56.683362557594265,3.8969432147044025,-41.26726002699519,-38.85893514624461,-1.067484642644552e-09
559.2569640956966,57.17971186407385,3.898026435468381,-41.58613203276048,-39.244274377446715,-1.0674843059344177e-09
559.7569640956966,57.67612334537405,3.899090985364461,-41.905002321130944,-39.62960994782578,-1.067484275061128e-09
560.2569640956966,58.1725954339088,3.9001373408186595,-42.2238709579924,-40.01494196971967,-1.0674843985676002e-09
560.7569640956966,58.66912661415589,3.901165962257899,-42.542738006167326,-40.40027055115426,-1.0674841943703457e-09
561.2569640956966,59.165715420521174,3.902177294772987,-42.86160352557885,-40.78559579604279,-1.0674843494801727e-09
561.7569640956966,59.662360435306745,3.9031717687490515,-43.18046757340496,-41.1709178043747,-1.0674846005030418e-09
562.2569640956966,60.15906028677715,3.9041498004652646,-43.499330204223256,-41.55623667239417,-1.0674844599675023e-09
562.7569640956966,60.65581364731819,3.905111792665583,-43.81819147014707,-41.94155249276929,-1.0674845307584961e-09
563.2569640956966,61.15261923168326,3.906058135102117,-44.13705142095361,-42.32686535475234,-1.0674846074872724e-09
563.7569640956966,61.64947579532233,3.906989205052639,-44.45591010420437,-42.71217534433166,-1.067484568423157e-09
564.2569640956966,62.146382132789185,3.90790536781366,-44.77476756535857,-43.09748254437575,-1.0674845154688634e-09
564.7569640956966,62.64333707622259,3.908806977170385,-45.093623847880096,-43.48278703476979,-1.0674845502726467e-09
565.2569640956966,63.140339493897514,3.9096943758448193,-45.41247899333805,-43.868088892545394,-1.0674845033290443e-09
565.7569640956966,63.637388288842594,3.9105678959231795,-45.73133304150178,-44.25338819200365,-1.0674845044846574e-09
566.2569640956966,64.13448239752043,3.911427859263721,-46.050186030430346,-44.63868500483202,-1.0674844015200975e-09
566.7569640956966,64.63162078856735,3.912274577886011,-46.36903799655701,-45.02397940021542,-1.0674845956947025e-09
567.2569640956966,65.12880246158957,3.9131083543426284,-46.68788897476899,-45.40927144494173,-1.067484636664769e-09
567.7569640956966,65.62602644601293,3.913929482074196,-47.00673899848272,-45.79456120350224,-1.0674845807834995e-09
568.2569640956966,66.12329179998318,3.9147382457486164,-47.325588099714984,-46.17984873818707,-1.0674846876070347e-09
568.7569640956966,66.62059760931464,3.9155349215853144,-47.644436309150265,-46.56513410917598,-1.0674846060707357e-09
569.2569640956966,67.11794298648445,3.916319777665259,-47.96328365620414,-46.95041737462488,-1.0674845019654997e-09
569.7569640956966,67.61532706967029,3.917093074227476,-48.282130169083615,-47.335698590748116,-1.0674843752566707e-09
570.2569640956966,68.11274902182932,3.91785506395274,-48.60097587484385,-47.72097781189691,-1.067484452913379e-09
570.7569640956966,68.6102080298164,3.918605992235075,-48.919820799442114,-48.10625509063405,-1.0674846345663592e-09
571.2569640956966,69.10770330353961,3.91934609744168,-49.23866496778879,-48.49153047780517,-1.067484608695597e-09
571.7569640956966,69.6052340751511,3.920075611161839,-49.557508403795765,-48.87680402260655,-1.0674844598935091e-09
572.2569640956966,70.10279959827186,3.920794758445363,-49.87635113042205,-49.26207577265002,-1.067484539690817e-09
572.7569640956966,70.60039914724847,3.921503758031063,-50.19519316971737,-49.64734577402463,-1.0674844344658112e-09
573.2569640956966,71.09803201644053,3.922202822565749,-50.51403454286322,-50.032614071355724,-1.0674846711288102e-09
573.7569640956966,71.59569751953715,3.92289215881419,-50.83287527021205,-50.4178807078612,-1.0674847829305683e-09
574.2569640956966,72.09339498890128,3.923571967860487,-51.15171537132421,-50.803145725405344,-1.0674848672098208e-09
574.7569640956966,72.59112377494031,3.9242424453012457,-51.47055486500322,-51.18840916455011,-1.067484745881876e-09
575.2569640956966,73.08888324550212,3.9249037814309493,-51.789393769329216,-51.57367106460432,-1.067484847817616e-09
575.7569640956966,73.58667278529498,3.925556161419885,-52.108232101690625,-51.95893146367053,-1.0674846893331722e-09
576.2569640956966,74.0844917953305,3.926199765484976,-52.427069878814386,-52.34419039868997,-1.0674847105584828e-09
576.7569640956966,74.58233969238847,3.9268347690538437,-52.74590711679463,-52.7294479054854,-1.0674846385500751e-09
577.2569640956966,75.08021590850248,3.9274613429224097,-53.06474383112,-53.114704018802186,-1.067484535672079e-09
577.7569640956966,75.57811989046566,3.9280796534063334,-53.38358003669947,-53.49995877234769,-1.0674845252731554e-09
578.2569640956966,76.07605109935538,3.928689862486561,-53.7024157478872,-53.8852121988288,-1.0674847418280954e-09
578.7569640956966,76.57400901007615,3.929292127949254,-54.021250978505925,-54.270464329987966,-1.0674846639498983e-09
579.2569640956966,77.07199311091999,3.9298866035203455,-54.34008574186938,-54.655715196637786,-1.0674846218460866e-09
579.7569640956966,77.57000290314332,3.9304734389949636,-54.658920050803566,-55.040964828693966,-1.0674845592794113e-09
580.2569640956966,78.0680379005599,3.9310527803619504,-54.97775391766709,-55.42621325520713,-1.067484546421363e-09
580.7569640956966,78.56609762914889,3.931624769923686,-55.29658735437048,-55.811460504393075,-1.0674844421019828e-09
581.2569640956966,79.06418162667747,3.932189546411429,-55.61542037239466,-56.19670660366203,-1.0674844738069935e-09
581.7569640956966,79.56228944233743,3.9327472450963628,-55.9342529828085,-56.58195157964646,-1.0674845139326771e-09
582.2569640956966,80.06042063639507,3.9332979978965326,-56.253085196285625,-56.96719545822793,-1.0674844350357366e-09
582.7569640956966,80.55857477985387,3.9338419334798544,-56.571917023120335,-57.35243826456287,-1.067484306778193e-09
583.2569640956966,81.05675145412944,3.9343791773633554,-56.890748473242994,-57.737680023107224,-1.0674845349036584e-09
583.7569640956966,81.55495025073606,3.9349098520088095,-57.20957955623447,-58.12292075764011,-1.0674846700314941e-09
584.2569640956966,82.05317077098461,3.93543407691492,-57.52841028134017,-58.50816049128666,-1.0674847124060653e-09
584.7569640956966,82.55141262569117,3.9359519687061915,-57.84724065748326,-58.893399246539836,-1.0674844818761608e-09
585.2569640956966,83.04967543489592,3.9364636412186296,-58.16607069327734,-59.27863704528148,-1.0674846651569177e-09
585.7569640956966,83.54795882759201,3.9369692055823995,-58.48490039703864,-59.663873908802465,-1.0674846412260183e-09
586.2569640956966,84.04626244146388,3.937468770301568,-58.803729776797624,-60.04910985782209,-1.0674846922543289e-09
586.7569640956966,84.54458592263468,3.937962441331049,-59.12255884030997,-60.434344912506866,-1.067484620087822e-09
587.2569640956966,85.04292892542243,3.9384503221508638,-59.441387595067255,-60.81957909248827,-1.0674848040739394e-09
587.7569640956966,85.54129111210462,3.9389325138378277,-59.76021604830711,-61.204812416880145,-1.0674845935344955e-09
588.2569640956966,86.0396721526908,3.939409115134764,-60.07904420702284,-61.590044904295304,-1.0674847681612117e-09
588.7569640956966,86.53807172470296,3.9398802225173424,-60.397872077972806,-61.97527657286144,-1.067484571511082e-09
589.2569640956966,87.0364895129633,3.940345930258643,-60.716699667689205,-62.36050744023657,-1.0674844928226129e-09
589.7569640956966,87.53492520938917,3.9408063304915277,-61.03552698248665,-62.74573752362386,-1.0674844383329548e-09
590.2569640956966,88.03337851279485,3.941261513268907,-61.35435402847034,-63.130966839785806,-1.067484760133044e-09
590.7569640956966,88.53184912869997,3.941711566621991,-61.67318081154372,-63.51619540505815,-1.0674845491296798e-09
591.2569640956966,89.03033676914421,3.942156576616592,-61.99200733741616,-63.901423235362856,-1.0674843512361173e-09
591.7569640956966,89.52884115250815,3.942596627407564,-62.31083361160997,-64.28665034622114,-1.0674843358680767e-09
592.2569640956966,90.02736200333995,3.9430318012914434,-62.62965963946729,-64.67187675276556,-1.0674843856131562e-09
592.7569640956966,90.5258990521877,3.943462178757363,-62.94848542615673,-65.057102469752,-1.0674844233783501e-09
593.2569640956966,91.02445203543722,3.943887838536305,-63.267310976679674,-65.44232751157097,-1.0674845162188036e-09
593.7569640956966,91.52302069515501,3.944308857648756,-63.586136295876244,-65.82755189225878,-1.0674843957465745e-09
594.2569640956966,92.02160477893631,3.944725311450821,-63.90496138843118,-66.21277562550804,-1.0674844707036666e-09
594.7569640956966,92.52020403975797,3.945137273678858,-64.22378625887947,-66.59799872467799,-1.067484468038809e-09
595.2569640956966,93.01881823583601,3.9455448164926854,-64.54261091161156,-66.98322120280434,-1.0674845961017649e-09
595.7569640956966,93.51744713048762,3.9459480105174167,-64.86143535087864,-67.36844307260884,-1.0674844833946934e-09
596.2569640956966,94.01609049199759,3.9463469248839735,-65.18025958079743,-67.75366434650856,-1.0674842371652806e-09
596.7569640956966,94.51474809348876,3.9467416272683224,-65.49908360535497,-68.1388850366247,-1.067484535672479e-09
597.2569640956966,95.01341971279669,3.947132183929484,-65.81790742841326,-68.52410515479121,-1.0674844241020434e-09
597.7569640956966,95.51210513234801,3.947518659746361,-66.13673105371345,-68.90932471256322,-1.0674844401497257e-09
598.2569640956966,96.01080413904265,3.9479011182534234,-66.45555448488017,-69.29454372122477,-1.0674843415716053e-09
598.7569640956966,96.50951652413958,3.948279621675294,-66.77437772542551,-69.6797621917969,-1.0674845018642925e-09
599.2569640956966,97.00824208314616,3.9486542309602743,-67.09320077875294,-70.06498013504488,-1.067484429034921e-09
599.7569640956966,97.5069806157106,3.9490250058128495,-67.41202364816094,-70.45019756148562,-1.067484470029749e-09
600.2569640956966,98.00573192551798,3.949392004725201,-67.73084633684668,-70.83541448139451,-1.0674847166353418e-09
600.7569640956966,98.5044958201891,3.9497552850077744,-68.04966884790952,-71.22063090481231,-1.0674844122688103e-09
601.2569640956966,99.00327211118254,3.9501149028189233,-68.36849118435407,-71.60584684155167,-1.0674845617317233e-09
601.7569640956966,99.50206061369951,3.9504709131936693,-68.68731334909369,-71.9910623012034,-1.0674845406623701e-09
602.2569640956966,100.0008611465916,3.9508233700716056,-69.00613534495335,-72.37627729314264,-1.0674843826491466e-09
602.7569640956966,100.49967353227119,3.9511723263239737,-69.32495717467266,-72.76149182653482,-1.0674843755421847e-09
603.2569640956966,100.99849759662447,3.951517833779943,-69.64377884090872,-73.14670591034127,-1.0674840666729245e-09
603.7569640956966,101.49733316892709,3.951859943252118,-69.96260034623886,-73.5319195533249,-1.0674843214593432e-09
604.2569640956966,101.99618008176206,3.9521987045613045,-70.28142169316318,-73.91713276405551,-1.0674844924948912e-09
604.7569640956966,102.4950381709403,3.952534166560552,-70.60024288410726,-74.30234555091496,-1.0674842481759413e-09
605.2569640956966,102.99390727542318,3.9528663771585046,-70.91906392142441,-74.68755792210231,-1.0674843641719252e-09
605.7569640956966,103.49278723724748,3.9531953833420777,-71.23788480739825,-75.07276988563852,-1.0674843565348158e-09
606.2569640956966,103.99167790145238,3.953521231198487,-71.55670554424476,-75.45798144937135,-1.0674843551837871e-09
606.7569640956966,104.49057911600853,3.9538439659366484,-71.87552613411464,-75.84319262097978,-1.0674844650115243e-09
607.2569640956966,104.98949073174923,3.9541636319079734,-72.19434657909527,-76.22840340797866,-1.0674844440994774e-09
607.7569640956966,105.4884126023033,3.954480272626572,-72.51316688121285,-76.61361381772275,-1.0674844623570933e-09
608.2569640956966,105.98734458403011,3.954793930788895,-72.83198704243435,-76.99882385741105,-1.067484440806025e-09
608.7569640956966,106.48628653595618,3.955104648292819,-73.15080706466932,-77.38403353409079,-1.0674841898359045e-09
609.2569640956966,106.98523831971367,3.955412466256208,-73.46962694977178,-77.76924285466136,-1.0674844217751225e-09
609.7569640956966,107.48419979948052,3.955717425034953,-73.788446699542,-78.15445182587808,-1.0674845313857077e-09
610.2569640956966,107.98317084192222,3.9560195642405196,-74.10726631572813,-78.53966045435585,-1.067484632749926e-09
610.7569640956966,108.4821513161352,3.95631892275701,-74.42608580002788,-78.92486874657278,-1.0674844259629204e-09
611.2569640956966,108.98114109359175,3.9566155387577604,-74.74490515409009,-79.3100767088737,-1.0674844445257012e-09
611.7569640956966,109.48014004808635,3.956909449721486,-75.06372437951622,-79.6952843474733,-1.0674847500801315e-09
612.2569640956966,109.97914805568364,3.9572006924479872,-75.3825434778619,-80.0804916684597,-1.0674844878551472e-09
612.7569640956966,110.47816499466752,3.9574893030734355,-75.70136245063829,-80.4656986777973,-1.0674844936236912e-09
613.2569640956966,110.97719074549187,3.9577753170852445,-76.02018129931346,-80.85090538133014,-1.0674847781484775e-09
613.7569640956966,111.47622519073234,3.958058769336547,-76.3390000253137,-81.23611178478461,-1.0674847275328942e-09
614.2569640956966,111.97526821503963,3.958339694060285,-76.65781863002483,-81.6213178937726,-1.0674846715186366e-09
614.7569640956966,112.47431970509389,3.958618124882924,-76.97663711479346,-82.0065237137941,-1.0674846483565312e-09
615.2569640956966,112.97337954956025,3.9588940948378113,-77.2954554809281,-82.39172925024005,-1.0674849884754059e-09
615.7569640956966,113.47244763904565,3.959167636378177,-77.61427372970036,-82.77693450839492,-1.0674846649647837e-09
616.2569640956966,113.97152386605677,3.959438781389799,-77.93309186234612,-83.16213949343938,-1.0674847053740646e-09
616.7569640956966,114.4706081249589,3.9597075612033357,-78.25190988006649,-83.54734421045266,-1.0674846941451122e-09
617.2569640956966,114.9697003119361,3.9599740066063402,-78.57072778402893,-83.93254866441517,-1.0674849036818082e-09
617.7569640956966,115.46880032495216,3.9602381478549633,-78.88954557536836,-84.31775286021058,-1.0674846180992757e-09
618.2569640956966,115.96790806371273,3.9605000146853575,-79.2083632551878,-84.70295680262845,-1.0674847323021411e-09
618.7569640956966,116.46702342962831,3.9607596363247852,-79.52718082455972,-85.08816049636619,-1.0674848467411005e-09
619.2569640956966,116.96614632577825,3.9610170415024473,-79.84599828452669,-85.47336394603134,-1.0674847633781798e-09
619.7569640956966,117.46527665687557,3.9612722584600353,-80.16481563610232,-85.85856715614374,-1.0674848471621123e-09
620.2569640956966,117.96441432923275,3.9615253149620164,-80.48363288027211,-86.24377013113744,-1.0674845678323418e-09
620.7569640956966,118.46355925072831,3.96177623830566,-80.80245001799432,-86.62897287536282,-1.0674846971497947e-09
621.2569640956966,118.9627113307743,3.9620250553308125,-81.1212670502007,-87.01417539308844,-1.0674850059111783e-09
621.7569640956966,119.4618704802845,3.962271792429428,-81.44008397779731,-87.39937768850298,-1.0674850260365287e-09
622.2569640956966,119.9610366116435,3.962516475554862,-81.75890080166528,-87.78457976571698,-1.067484845710046e-09
622.7569640956966,120.46020963867646,3.962759130230935,-82.07771752266146,-88.1697816287648,-1.0674848503932146e-09
623.2569640956966,120.95938947661969,3.962999781560773,-82.39653414161918,-88.55498328160623,-1.067484634671037e-09
623.7569640956966,121.45857604209188,3.963238454235429,-82.71535065934896,-88.94018472812812,-1.0674848065127315e-09
624.2569640956966,121.95776925306605,3.9634751725422963,-83.03416707663902,-89.32538597214625,-1.0674848149911251e-09
624.7569640956966,122.45696902884221,3.963709960373314,-83.3529833942561,-89.71058701740662,-1.0674851350791413e-09
625.2569640956966,122.95617529002065,3.9639428412329756,-83.67179961294592,-90.09578786758739,-1.0674850142355092e-09
625.7569640956966,123.45538795847588,3.9641738382461416,-83.99061573343394,-90.48098852629998,-1.0674851475189062e-09
626.2569640956966,123.95460695733118,3.964402974165667,-84.30943175642574,-90.86618899709092,-1.067485230554381e-09
626.7569640956966,124.45383221093377,3.9646302713798427,-84.62824768260776,-91.25138928344296,-1.0674853037810971e-09
627.2569640956966,124.95306364483059,3.964855751919662,-84.9470635126477,-91.63658938877681,-1.067485021222358e-09
627.7569640956966,125.45230118574463,3.9650794374659117,-85.26587924719514,-92.02178931645221,-1.067485184087497e-09
628.2569640956966,125.95154476155179,3.965301349356097,-85.58469488688205,-92.40698906976944,-1.0674852059622402e-09
628.7569640956966,126.45079430125833,3.9655215085912014,-85.90351043232322,-92.79218865197048,-1.0674852049058853e-09
629.2569640956966,126.95004973497883,3.9657399358422896,-86.22232588411674,-93.17738806624048,-1.0674849771469645e-09
629.7569640956966,127.44931099391466,3.965956651456953,-86.54114124284452,-93.5625873157087,-1.067484978647658e-09
630.2569640956966,127.94857801033298,3.966171675465608,-86.85995650907273,-93.94778640344997,-1.0674851064156876e-09
630.7569640956966,128.44785071754612,3.9663850275876444,-87.17877168335218,-94.3329853324857,-1.0674849704693521e-09
631.2569640956966,128.94712904989163,3.966596727237435,-87.49758676621882,-94.71818410578517,-1.0674849778496124e-09
631.7569640956966,129.44641294271256,3.9668067935302034,-87.8164017581941,-95.10338272626639,-1.067485102811974e-09
632.2569640956966,129.94570233233833,3.967015245287759,-88.13521665978531,-95.48858119679744,-1.0674848541017033e-09
632.7569640956966,130.44499715606608,3.9672221010440993,-88.4540314714862,-95.87377952019737,-1.0674846394312578e-09
633.2569640956966,130.94429735214229,3.9674273790508874,-88.77284619377699,-96.25897769923735,-1.0674849561640038e-09
633.7569640956966,131.44360285974486,3.9676310972827995,-89.09166082712504,-96.64417573664149,-1.06748465749104e-09
634.2569640956966,131.94291361896575,3.9678332734427575,-89.41047537198509,-97.02937363508798,-1.0674844309492202e-09
634.7569640956966,132.44222957079378,3.968033924967039,-89.72928982879957,-97.41457139721004,-1.0674846875757019e-09
635.2569640956966,132.941550657098,3.968233069030276,-90.04810419799895,-97.79976902559675,-1.0674846992100218e-09
635.7569640956966,133.44087682061127,3.9684307225503375,-90.36691848000218,-98.18496652279404,-1.0674845647083476e-09
636.2569640956966,133.94020800491433,3.968626902193108,-90.68573267521681,-98.57016389130553,-1.0674847380667717e-09
636.7569640956966,134.4395441544202,3.9688216243771572,-91.00454678403936,-98.95536113359341,-1.0674846776001696e-09
637.2569640956966,134.9388852143588,3.9690149052783044,-91.32336080685572,-99.34055825207925,-1.067484568960823e-09
637.7569640956966,135.4382311307622,3.9692067608340875,-91.64217474404127,-99.72575524914497,-1.0674845128885972e-09
638.2569640956966,135.93758185044982,3.969397206748129,-91.96098859596134,-100.11095212713349,-1.0674846561366745e-09
638.7569640956966,136.43693732101414,3.9695862584944086,-92.27980236297124,-100.4961488883495,-1.0674844537537046e-09
639.2569640956966,136.93629749080688,3.9697739313214417,-92.5986160454168,-100.88134553506033,-1.0674845841296641e-09
639.7569640956966,137.4356623089251,3.969960240256368,-92.9174296436344,-101.2665420694967,-1.0674843766763825e-09
640.2569640956966,137.93503172519794,3.970145200108951,-93.23624315795135,-101.65173849385327,-1.0674847113057507e-09
640.7569640956966,138.43440569017355,3.97032882547549,-93.55505658868606,-102.03693481028967,-1.0674846751350798e-09
641.2569640956966,138.9337841551061,3.970511130742652,-93.87386993614827,-102.42213102093089,-1.0674844747019864e-09
641.7569640956966,139.4331670719434,3.970692130091215,-94.19268320063934,-102.80732712786805,-1.0674845681740358e-09
642.2569640956966,139.9325543933145,3.9708718374997374,-94.51149638245242,-103.19252313315923,-1.0674844883071425e-09
642.7569640956966,140.43194607251775,3.9710502667481467,-94.8303094818727,-103.57771903882985,-1.0674845017310366e-09
643.2569640956966,140.93134206350896,3.971227431421251,-95.14912249917758,-103.96291484687352,-1.067484572185661e-09
643.7569640956966,141.43074232088998,3.9714033449121797,-95.4679354346368,-104.34811055925256,-1.067484487919485e-09
644.2569640956966,141.93014679989724,3.9715780204257474,-95.78674828851287,-104.73330617789863,-1.0674844118270192e-09
644.7569640956966,142.42955545639091,3.9717514709817507,-96.10556106106102,-105.11850170471327,-1.0674843127331264e-09
645.2569640956966,142.92896824684394,3.971923709418195,-96.42437375252949,-105.50369714156857,-1.0674845712714868e-09
645.7569640956966,143.42838512833154,3.972094748394454,-96.7431863631597,-105.88889249030773,-1.067484297939531e-09
646.2569640956966,143.92780605852076,3.9722646003943622,-97.06199889318643,-106.27408775274546,-1.0674844196041074e-09
646.7569640956966,144.42723099566035,3.972433277729246,-97.38081134283796,-106.65928293066871,-1.0674845950952534e-09
647.2569640956966,144.92665989857085,3.97260079254089,-97.6996237123363,-107.04447802583708,-1.0674847965159512e-09
647.7569640956966,145.42609272663472,3.9727671568044447,-98.01843600189729,-107.42967303998336,-1.067484757363584e-09
648.2569640956966,145.92552943978697,3.972932382331271,-98.33724821173077,-107.81486797481408,-1.0674845668425358e-09
648.7569640956966,146.42496999850567,3.973096480771732,-98.65606034204073,-108.20006283200998,-1.0674846891569577e-09
649.2569640956966,146.9244143638028,3.9732594636179215,-98.9748723930255,-108.5852576132264,-1.0674846386127475e-09
649.7569640956966,147.42386249721534,3.9734213422063425,-99.29368436487782,-108.97045232009395,-1.067484663124098e-09
650.2569640956966,147.92331436079635,3.973582127720529,-99.61249625778507,-109.35564695421876,-1.067484695909636e-09
650.7569640956966,148.4227699171065,3.9737418311936166,-99.93130807192934,-109.74084151718306,-1.0674847012195235e-09
651.2569640956966,148.92222912920548,3.973900463510858,-100.25011980748755,-110.12603601054552,-1.0674846076613426e-09
651.7569640956966,149.42169196064378,3.9740580354120936,-100.5689314646317,-110.51123043584182,-1.067484836309623e-09
652.2569640956966,149.92115837545458,3.974214557494168,-100.88774304352876,-110.89642479458502,-1.067484696851184e-09
652.7569640956966,150.42062833814578,3.974370040213301,-101.20655454434106,-111.28161908826588,-1.0674846894284624e-09
653.2569640956966,150.92010181369216,3.9745244938874107,-101.52536596722626,-111.66681331835338,-1.0674847312452907e-09
653.7569640956966,151.41957876752778,3.974677928698391,-101.8441773123375,-112.05200748629501,-1.0674848576688715e-09
654.2569640956966,151.91905916553847,3.974830354694344,-102.16298857982345,-112.43720159351727,-1.0674847439573075e-09
654.7569640956966,152.41854297405445,3.97498178179177,-102.48179976982854,-112.82239564142597,-1.0674847963082263e-09
655.2569640956966,152.91803015984317,3.975132219777713,-102.80061088249295,-113.20758963140666,-1.0674845994195299e-09
655.7569640956966,153.4175206901022,3.975281678311863,-103.11942191795285,-113.59278356482494,-1.0674847212128346e-09
656.2569640956966,153.91701453245233,3.9754301669286227,-103.43823287634032,-113.97797744302682,-1.0674846497843643e-09
656.7569640956966,154.4165116549307,3.9755776950391284,-103.75704375778363,-114.36317126733903,-1.0674846333578238e-09
657.2569640956966,154.91601202598426,3.9757242719332355,-104.07585456240722,-114.74836503906955,-1.0674845329282694e-09
657.7569640956966,155.4155156144631,3.975869906781464,-104.3946652903318,-115.1335587595077,-1.0674847212502414e-09
658.2569640956966,155.91502238961405,3.9760146086369073,-104.71347594167455,-115.51875242992456,-1.0674846022305034e-09
658.7569640956966,156.41453232107452,3.9761583864371053,-105.03228651654902,-115.90394605157331,-1.0674846750516324e-09
659.2569640956966,156.91404537886615,3.9763012490058807,-105.3510970150654,-116.28913962568964,-1.067484658283402e-09
659.7569640956966,157.41356153338884,3.9764432050551397,-105.66990743733051,-116.67433315349182,-1.0674845847298473e-09
660.2569640956966,157.91308075541482,3.976584263186641,-105.9887177834479,-117.05952663618112,-1.0674843857886263e-09
660.7569640956966,158.41260301608276,3.976724431893729,-106.30752805351787,-117.44472007494224,-1.0674844878877441e-09
661.2569640956966,158.9121282868921,3.976863719563037,-106.62633824763775,-117.82991347094337,-1.0674844632675592e-09
661.7569640956966,159.41165653969745,3.977002134476154,-106.94514836590169,-118.21510682533658,-1.0674844552204314e-09
662.2569640956966,159.91118774670295,3.9771396848112657,-107.26395840840098,-118.6003001392581,-1.0674844962152445e-09
662.7569640956966,160.41072188045703,3.9772763786447616,-107.58276837522398,-118.98549341382858,-1.0674843862288516e-09
663.2569640956966,160.910258913847,3.977412223952813,-107.90157826645616,-119.37068665015342,-1.0674845595772956e-09
663.7569640956966,161.40979882009387,3.977547228612921,-108.22038808218032,-119.75587984932288,-1.0674844297007434e-09
664.2569640956966,161.9093415727472,3.9776814004054373,-108.53919782247665,-120.1410730124124,-1.0674846630318026e-09
664.7569640956966,162.40888714568013,3.977814747015057,-108.85800748742251,-120.52626614048293,-1.0674845063972127e-09
665.2569640956966,162.9084355130844,3.9779472760322814,-109.17681707709293,-120.91145923458113,-1.0674846483640691e-09
665.7569640956966,163.40798664946558,3.978078994954858,-109.49562659156027,-121.29665229573948,-1.0674845319344473e-09
666.2569640956966,163.90754052963825,3.9782099111891913,-109.81443603089454,-121.6818453249768,-1.067484451737091e-09
666.7569640956966,164.40709712872135,3.978340032051728,-110.13324539516336,-122.06703832329818,-1.0674843638962276e-09
667.2569640956966,164.90665642213358,3.978469364770319,-110.45205468443204,-122.45223129169531,-1.0674845078725216e-09
667.7569640956966,165.40621838558897,3.9785979164855547,-110.7708638987636,-122.83742423114684,-1.0674843856461613e-09
668.2569640956966,165.9057829950924,3.978725694252079,-111.08967303821882,-123.22261714261847,-1.0674843149618293e-09
668.7569640956966,166.4053502269353,3.978852705039874,-111.40848210285647,-123.60781002706304,-1.0674842458031873e-09
669.2569640956966,166.90492005769133,3.97897895573553,-111.72729109273304,-123.99300288542103,-1.067484379846898e-09
669.7569640956966,167.40449246421224,3.979104453143485,-112.04610000790308,-124.37819571862055,-1.067484102745043e-09
670.2569640956966,167.90406742362376,3.9792292039872468,-112.36490884841908,-124.76338852757752,-1.0674841940581596e-09
670.7569640956966,168.40364491332156,3.9793532149105917,-112.68371761433164,-125.1485813131961,-1.0674840590956422e-09
671.2569640956966,168.9032249109672,3.9794764924787427,-113.00252630568929,-125.53377407636867,-1.0674842539194423e-09
671.7569640956966,169.4028073944844,3.9795990431795247,-113.32133492253891,-125.918966817976,-1.0674842096041129e-09
672.2569640956966,169.90239234205504,3.9797208734245033,-113.64014346492543,-126.30415953888757,-1.0674843681813069e-09
672.7569640956966,170.40197973211548,3.9798419895501005,-113.95895193289199,-126.68935223996178,-1.0674845128297617e-09
673.2569640956966,170.90156954335285,3.979962397818691,-114.27776032648005,-127.07454492204587,-1.067484479622828e-09
673.7569640956966,171.40116175470146,3.980082104419681,-114.59656864572936,-127.45973758597644,-1.0674844631565385e-09
674.2569640956966,171.90075634533915,3.9802011154705665,-114.91537689067805,-127.84493023257933,-1.0674844409352909e-09
674.7569640956966,172.4003532946838,3.980319437017976,-115.23418506136258,-128.23012286267,-1.0674845684786455e-09
675.2569640956966,172.89995258238994,3.980437075038691,-115.55299315781782,-128.61531547705349,-1.0674845753179485e-09
675.7569640956966,173.39955418834532,3.980554035440652,-115.87180118007717,-129.0005080765249,-1.06748459400044e-09
676.2569640956966,173.89915809266756,3.9806703240639454,-116.19060912817255,-129.38570066186918,-1.0674847665570723e-09
676.7569640956966,174.3987642757009,3.9807859466817765,-116.50941700213428,-129.77089323386144,-1.067484494119252e-09
677.2569640956966,174.89837271801298,3.980900909001422,-116.82822480199138,-130.15608579326727,-1.0674848430543886e-09
677.7569640956966,175.39798340039167,3.9810152166651673,-117.14703252777139,-130.5412783408426,-1.0674847235493208e-09
678.2569640956966,175.897596303842,3.981128875251231,-117.46584017950053,-130.92647087733408,-1.0674847428464815e-09
678.7569640956966,176.397211409583,3.981241890274669,-117.78464775720363,-131.3116634034791,-1.0674845372954942e-09
679.2569640956966,176.89682869904485,3.9813542671882654,-118.10345526090431,-131.69685592000587,-1.0674847570224912e-09
679.7569640956966,177.39644815386578,3.981466011383411,-118.42226269062486,-132.0820484276339,-1.067484818715471e-09
680.2569640956966,177.89606975588922,3.981577128190961,-118.74107004638634,-132.46724092707365,-1.0674847200238224e-09
680.7569640956966,178.39569348716094,3.981687622882085,-119.05987732820864,-132.85243341902694,-1.0674848631093434e-09
681.2569640956966,178.89531932992628,3.9817975006690975,-119.37868453611037,-133.2376259041872,-1.06748473369182e-09
681.7569640956966,179.39494726662736,3.981906766706278,-119.69749167010909,-133.6228183832394,-1.067484842605506e-09
682.2569640956966,179.89457727990026,3.9820154260906744,-120.01629873022115,-134.00801085686007,-1.0674846521984316e-09
682.7569640956966,180.39420935257255,3.9821234838628965,-120.33510571646188,-134.39320332571776,-1.0674845551114513e-09
683.2569640956966,180.89384346766047,3.982230945007894,-120.65391262884542,-134.77839579047298,-1.0674846069388326e-09
683.7569640956966,181.3934796083665,3.982337814455722,-120.97271946738498,-135.16358825177826,-1.0674845602611227e-09
684.2569640956966,181.89311775807667,3.9824440970822943,-121.2915262320927,-135.5487807102783,-1.0674848672161622e-09
684.7569640956966,182.3927579003582,3.9825497977101243,-121.61033292297971,-135.93397316661023,-1.0674847988334549e-09
685.2569640956966,182.8924000189569,3.982654921109054,-121.92913954005613,-136.31916562140358,-1.0674849861579601e-09
685.7569640956966,183.3920440977949,3.9827594719969706,-122.24794608333119,-136.70435807528045,-1.0674849113205234e-09
686.2569640956966,183.89169012096815,3.982863455040511,-122.56675255281316,-137.08955052885557,-1.0674848960402128e-09
686.7569640956966,184.3913380727441,3.9829668748557565,-122.88555894850944,-137.47474298273636,-1.067485141987817e-09
687.2569640956966,184.89098793755946,3.9830697360089147,-123.20436527042645,-137.8599354375233,-1.0674851449086532e-09
687.7569640956966,185.39063970001783,3.9831720430169915,-123.52317151856981,-138.24512789380972,-1.0674851023792656e-09
688.2569640956966,185.89029334488757,3.9832738003484507,-123.84197769294425,-138.63032035218214,-1.0674850240233033e-09
688.7569640956966,186.38994885709954,3.9833750124238647,-124.16078379355376,-139.01551281322014,-1.067485149171241e-09
689.2569640956966,186.88960622174494,3.983475683616554,-124.47958982040149,-139.40070527749666,-1.0674851396359595e-09
689.7569640956966,187.38926542407322,3.983575818253217,-124.79839577348969,-139.785897745578,-1.0674852104392465e-09
690.2569640956966,187.88892644948996,3.9836754206145484,-125.11720165281996,-140.17109021802403,-1.0674853975802614e-09
690.7569640956966,188.3885892835548,3.98377449493585,-125.43600745839309,-140.5562826953881,-1.0674852816566604e-09
691.2569640956966,188.8882539119795,3.983873045407629,-125.75481319020915,-140.94147517821725,-1.0674852555651172e-09
691.7569640956966,189.38792032062574,3.9839710761761897,-126.07361884826759,-141.32666766705225,-1.067485455848208e-09
692.2569640956966,189.88758849550342,3.9840685913442138,-126.39242443256697,-141.7118601624278,-1.0674850984211028e-09
692.7569640956966,190.38725842276853,3.984165594971332,-126.71122994310535,-142.09705266487242,-1.0674852026880842e-09
693.2569640956966,190.88693008872133,3.9842620910746893,-127.03003537987996,-142.48224517490883,-1.0674853031565753e-09
693.7569640956966,191.38660347980448,3.9843580836294956,-127.34884074288748,-142.86743769305374,-1.0674852796908163e-09
694.2569640956966,191.88627858260114,3.984453576569573,-127.667646032124,-143.25263021981797,-1.0674853861606393e-09
694.7569640956966,192.38595538383322,3.9845485737878947,-127.98645124758482,-143.63782275570688,-1.067484970902417e-09
695.2569640956966,192.88563387035956,3.984643079137109,-128.30525638926485,-144.02301530121986,-1.0674852415016677e-09
695.7569640956966,193.38531402917414,3.984737096430065,-128.62406145715815,-144.40820785685105,-1.0674853858783225e-09
696.2569640956966,193.8849958474044,3.9848306294403204,-128.94286645125848,-144.79340042308885,-1.0674852220786528e-09
696.7569640956966,194.38467931230954,3.98492368190265,-129.2616713715588,-145.1785930004164,-1.0674853076982678e-09
697.2569640956966,194.8843644112788,3.98501625751354,-129.58047621805167,-145.56378558931152,-1.0674852977750795e-09
697.7569640956966,195.38405113182978,3.985108359931678,-129.89928099072907,-145.94897819024666,-1.0674852396844216e-09
698.2569640956966,195.8837394616069,3.9851999927784347,-130.21808568958235,-146.33417080368918,-1.0674853728511628e-09
698.7569640956966,196.3834293883797,3.9852911596383382,-130.53689031460252,-146.7193634301013,-1.0674854241740523e-09
699.2569640956966,196.8831209000414,3.9853818640595406,-130.85569486578004,-147.10455606994023,-1.0674853801331344e-09
699.7569640956966,197.3828139846071,3.9854721095542796,-131.17449934310477,-147.48974872365815,-1.0674849555146833e-09
700.2569640956966,197.88250863021253,3.98556189959933,-131.49330374656626,-147.87494139170235,-1.0674855024973367e-09
700.7569640956966,198.3822048251123,3.9856512376364504,-131.81210807615344,-148.2601340745153,-1.0674852836822783e-09
701.2569640956966,198.8819025576786,3.9857401270728237,-132.1309123318549,-148.64532677253473,-1.0674854845521961e-09
701.7569640956966,199.38160181639958,3.985828571281489,-132.44971651365867,-149.0305194861937,-1.0674854509778342e-09
702.2569640956966,199.88130258987803,3.985916573601768,-132.76852062155243,-149.41571221592054,-1.0674855183838203e-09
702.7569640956966,200.3810048668299,3.9860041373396853,-133.08732465552347,-149.80090496213901,-1.0674853021541485e-09
703.2569640956966,200.8807086360829,3.986091265768383,-133.4061286155586,-150.18609772526838,-1.0674856121041538e-09
703.7569640956966,201.3804138865751,3.9861779621285267,-133.7249325016443,-150.57129050572345,-1.0674854929406624e-09
704.2569640956966,201.88012060735363,3.986264229628709,-134.04373631376657,-150.95648330391467,-1.0674854344238055e-09
704.7569640956966,202.37982878757333,3.9863500714458446,-134.36254005191103,-151.3416761202482,-1.0674855765081842e-09
705.2569640956966,202.87953841649534,3.9864354907255586,-134.68134371606297,-151.72686895512575,-1.0674853352284832e-09
705.7569640956966,203.37924948348592,3.9865204905825724,-135.00014730620737,-152.11206180894504,-1.0674852236094791e-09
706.2569640956966,203.8789619780151,3.986605074101082,-135.31895082232867,-152.4972546820995,-1.0674853412635282e-09
706.7569640956966,204.37867588965543,3.98668924433513,-135.63775426441117,-152.88244757497844,-1.067485565259201e-09
707.2569640956966,204.87839120808076,3.9867730043089735,-135.95655763243877,-153.26764048796713,-1.0674852703442478e-09
707.7569640956966,205.37810792306493,3.9868563570174467,-136.27536092639488,-153.65283342144693,-1.0674853653874613e-09
708.2569640956966,205.8778260244807,3.9869393054263167,-136.59416414626278,-154.03802637579514,-1.0674854029336006e-09
708.7569640956966,206.37754550229846,3.987021852472636,-136.9129672920254,-154.42321935138528,-1.0674851933549805e-09
709.2569640956966,206.87726634658506,3.9871040010650884,-137.23177036366533,-154.80841234858693,-1.0674850590151332e-09
709.7569640956966,207.37698854750266,3.9871857540843316,-137.55057336116485,-155.1936053677659,-1.0674853083773793e-09
710.2569640956966,207.87671209530765,3.987267114383333,-137.8693762845059,-155.5787984092844,-1.0674852996658703e-09
710.7569640956966,208.37643698034944,3.9873480847877016,-138.18817913367022,-155.96399147350076,-1.0674853006163773e-09
711.2569640956966,208.8761631930694,3.9874286680960145,-138.50698190863926,-156.34918456076974,-1.0674852454738506e-09
711.7569640956966,209.3758907239998,3.98750886708014,-138.82578460939422,-156.7343776714425,-1.0674851439714309e-09
712.2569640956966,209.87561956376257,3.9875886844855564,-139.144587235916,-157.11957080586672,-1.0674849500094316e-09
712.7569640956966,210.3753497030685,3.9876681230316624,-139.46338978818517,-157.50476396438646,-1.0674851742083136e-09
713.2569640956966,210.875081132716,3.987747185412089,-139.78219226618214,-157.88995714734247,-1.067484922729968e-09
713.7569640956966,211.37481384359006,3.9878258742950012,-140.10099466988706,-158.27515035507193,-1.0674848359638073e-09
714.2569640956966,211.87454782666137,3.9879041923234,-140.4197969992798,-158.66034358790876,-1.0674851670473035e-09
714.7569640956966,212.37428307298524,3.987982142115418,-140.73859925434013,-159.0455368461835,-1.067485082750214e-09
715.2569640956966,212.87401957370056,3.9880597262646096,-141.05740143504732,-159.4307301302235,-1.0674851418590879e-09
715.7569640956966,213.37375732002897,3.9881369473402404,-141.3762035413808,-159.81592344035272,-1.067485050731525e-09
716.2569640956966,213.8734963032737,3.9882138078875706,-141.69500557331938,-160.2011167768921,-1.0674848590716888e-09
716.7569640956966,214.37323651481879,3.988290310428133,-142.013807530842,-160.58631014015918,-1.0674848763598438e-09
717.2569640956966,214.87297794612806,3.9883664574600113,-142.33260941392714,-160.9715035304687,-1.0674851339069891e-09
717.7569640956966,215.37272058874427,3.9884422514581095,-142.65141122255318,-161.3566969481321,-1.067485106625014e-09
718.2569640956966,215.87246443428813,3.988517694874421,-142.9702129566984,-161.74189039345774,-1.0674851488281462e-09
718.7569640956966,216.37220947445743,3.988592790138294,-143.28901461634075,-162.1270838667512,-1.0674850548904412e-09
719.2569640956966,216.8719557010262,3.988667539656691,-143.60781620145804,-162.51227736831493,-1.0674853487271578e-09
719.7569640956966,217.37170310584375,3.9887419458144455,-143.92661771202788,-162.8974708984485,-1.0674852511425715e-09
720.2569640956966,217.8714516808339,3.9888160109745177,-144.2454191480278,-163.2826644574485,-1.0674853705072338e-09
720.7569640956966,218.3712014179941,3.988889737478243,-144.56422050943496,-163.66785804560894,-1.067485502573694e-09
721.2569640956966,218.8709523093945,3.988963127645578,-144.88302179622661,-164.05305166322074,-1.0674852336187231e-09
721.7569640956966,219.37070434717734,3.989036183775347,-145.20182300837965,-164.43824531057209,-1.0674853522296285e-09
722.2569640956966,219.8704575235559,3.9891089081454782,-145.52062414587084,-164.82343898794852,-1.0674852629994584e-09
722.7569640956966,220.37021183081387,3.9891813030132433,-145.8394252086769,-165.20863269563284,-1.0674855425567433e-09
723.2569640956966,220.86996726130445,3.9892533706154896,-146.15822619677422,-165.5938264339051,-1.0674854450316079e-09
723.7569640956966,221.36972380744962,3.9893251131688707,-146.47702711013923,-165.9790202030427,-1.0674855282853054e-09
724.2569640956966,221.86948146173933,3.9893965328700745,-146.79582794874813,-166.36421400332054,-1.067485471675285e-09
724.7569640956966,222.36924021673082,3.9894676318960465,-147.11462871257692,-166.74940783501083,-1.067485402070015e-09
725.2569640956966,222.86900006504777,3.9895384124042113,-147.4334294016016,-167.13460169838328,-1.067485394280008e-09
725.7569640956966,223.36876099937965,3.989608876532691,-147.75223001579792,-167.51979559370506,-1.0674850981048025e-09
726.2569640956966,223.8685230124809,3.9896790264005206,-148.0710305551416,-167.9049895212409,-1.0674855521922191e-09
726.7569640956966,224.36828609717028,3.9897488641078604,-148.3898310196081,-168.29018348125302,-1.0674854983416243e-09
727.2569640956966,224.86805024633014,3.9898183917362053,-148.7086314091729,-168.67537747400127,-1.0674853673270809e-09
727.7569640956966,225.3678154529057,3.9898876113485917,-149.0274317238113,-169.060571499743,-1.0674853787333353e-09
728.2569640956966,225.86758170990433,3.989956524989802,-149.34623196349852,-169.44576555873326,-1.0674853510408482e-09
728.7569640956966,226.36734901039495,3.990025134686566,-149.66503212820962,-169.8309596512248,-1.067485413381448e-09
729.2569640956966,226.8671173475073,3.9900934424477588,-149.98383221791954,-170.21615377746792,-1.0674854459216307e-09
729.7569640956966,227.3668867144313,3.9901614502645977,-150.30263223260323,-170.60134793771078,-1.0674855588128176e-09
730.2569640956966,227.86665710441636,3.990229160110836,-150.62143217223536,-170.9865421321993,-1.0674855578845522e-09
730.7569640956966,228.36642851077073,3.990296573942953,-150.94023203679063,-171.37173636117703,-1.0674854757887703e-09
731.2569640956966,228.8662009268609,3.9903636937003433,-151.25903182624359,-171.7569306248854,-1.0674854904915432e-09
731.7569640956966,229.36597434611093,3.9904305213055022,-151.57783154056875,-172.1421249235636,-1.067485485231449e-09
732.2569640956966,229.86574876200189,3.99049705866421,-151.8966311797405,-172.5273192574488,-1.0674854328822493e-09
732.7569640956966,230.36552416807115,3.9905633076657123,-152.21543074373312,-172.91251362677588,-1.06748521142888e-09
733.2569640956966,230.8653005579118,3.9906292701829007,-152.53423023252077,-173.29770803177777,-1.0674854228196487e-09
733.7569640956966,231.36507792517216,3.9906949480724867,-152.8530296460777,-173.6829024726852,-1.0674855091294688e-09
734.2569640956966,231.86485626355503,3.9907603431751784,-153.17182898437778,-174.068096949727,-1.0674851928019015e-09
734.7569640956966,232.36463556681719,3.990825457315851,-153.49062824739505,-174.45329146312986,-1.0674850590287995e-09
735.2569640956966,232.8644158287688,3.990890292303717,-153.80942743510343,-174.83848601311843,-1.0674853472430374e-09
735.7569640956966,233.3641970432729,3.990954849932494,-154.12822654747677,-175.22368059991544,-1.0674852875450788e-09
736.2569640956966,233.86397920424469,3.9910191319805706,-154.44702558448873,-175.60887522374168,-1.0674853802007663e-09
736.7569640956966,234.36376230565114,3.9910831402111686,-154.76582454611298,-175.99406988481604,-1.067485234831772e-09
737.2569640956966,234.86354634151033,3.9911468763725053,-155.08462343232316,-176.3792645833554,-1.0674854624680284e-09
737.7569640956966,235.363331305891,3.991210342197953,-155.4034222430928,-176.76445931957483,-1.0674853073791529e-09
738.2569640956966,235.86311719291194,3.991273539406194,-155.7222209783953,-177.1496540936875,-1.0674854946306338e-09
738.7569640956966,236.36290399674152,3.9913364697013787,-156.04101963820423,-177.53484890590468,-1.0674856108355174e-09
739.2569640956966,236.8626917115971,3.9913991347732773,-156.35981822249286,-177.92004375643594,-1.0674853303436717e-09
739.7569640956966,237.3624803317446,3.9914615362974315,-156.67861673123448,-178.30523864548897,-1.0674855229690779e-09
740.2569640956966,237.8622698514979,3.9915236759353037,-156.99741516440227,-178.6904335732697,-1.067485506976355e-09
740.7569640956966,238.36206026521845,3.991585555334424,-157.31621352196956,-179.07562853998226,-1.0674855102531275e-09
741.2569640956966,238.86185156731466,3.9916471761285375,-157.63501180390935,-179.46082354582913,-1.0674858015430276e-09
741.7569640956966,239.3616437522415,3.9917085399377465,-157.95381001019476,-179.846018591011,-1.0674856440025868e-09
742.2569640956966,239.86143681449994,3.9917696483686536,-158.27260814079884,-180.2312136757268,-1.0674857690534551e-09
742.7569640956966,240.3612307486366,3.991830503014501,-158.5914061956946,-180.61640880017387,-1.0674858205546155e-09
743.2569640956966,240.86102554924307,3.99189110545531,-158.91020417485495,-181.00160396454785,-1.06748568169377e-09
743.7569640956966,241.36082121095566,3.991951457258018,-159.22900207825282,-181.3867991690428,-1.0674857811009915e-09
744.2569640956966,241.86061772845486,3.9920115599766124,-159.54779990586098,-181.7719944138511,-1.0674856890288038e-09
744.7569640956966,242.3604150964648,3.992071415152265,-159.8665976576523,-182.15718969916352,-1.067485837825375e-09
745.2569640956966,242.86021330975294,3.992131024313464,-160.18539533359953,-182.54238502516924,-1.067486059814994e-09
745.7569640956966,243.36001236312953,3.9921903889761423,-160.50419293367537,-182.9275803920559,-1.067485710921854e-09
746.2569640956966,243.85981225144724,3.992249510643809,-160.82299045785263,-183.31277580000946,-1.0674858060790867e-09
746.7569640956966,244.35961296960068,3.992308390807675,-161.14178790610387,-183.6979712492146,-1.0674857184938788e-09
747.2569640956966,244.859414512526,3.9923670309467774,-161.46058527840177,-184.08316673985425,-1.0674857739517505e-09
747.7569640956966,245.35921687520045,3.992425432528105,-161.7793825747189,-184.4683622721099,-1.0674859629560947e-09
748.2569640956966,245.85902005264194,3.9924835970067196,-162.09817979502785,-184.8535578461616,-1.0674860368905902e-09
748.7569640956966,246.35882403990874,3.992541525825879,-162.41697693930107,-185.238753462188,-1.067486079303816e-09
749.2569640956966,246.8586288320989,3.992599220417153,-162.7357740075111,-185.62394912036604,-1.0674859361788666e-09
749.7569640956966,247.35843442435004,3.992656682200545,-163.05457099963047,-186.0091448208715,-1.067485836133477e-09
750.2569640956966,247.85824081183878,3.992713912584606,-163.37336791563152,-186.39434056387861,-1.0674859653436755e-09
750.7569640956966,248.3580479897805,3.9927709129665505,-163.6921647554867,-186.77953634956026,-1.0674857581374845e-09
751.2569640956966,248.85785595342875,3.992827684732371,-164.01096151916843,-187.16473217808783,-1.0674856761192395e-09
751.7569640956966,249.35766469807515,3.99288422925695,-164.32975820664905,-187.54992804963146,-1.0674858111674525e-09
752.2569640956966,249.85747421904878,3.9929405479041704,-164.6485548179009,-187.93512396435983,-1.0674857283650945e-09
752.7569640956966,250.3572845117159,3.9929966420270264,-164.96735135289637,-188.32031992244038,-1.0674852966494153e-09
753.2569640956966,250.85709557147956,3.9930525129677314,-165.2861478116077,-188.7055159240392,-1.0674854426261822e-09
753.7569640956966,251.35690739377924,3.9931081620578244,-165.60494419400717,-189.09071196932092,-1.0674855965714826e-09
754.2569640956966,251.85671997409048,3.993163590618277,-165.92374050006705,-189.47590805844902,-1.0674854870018007e-09
754.7569640956966,252.35653330792456,3.993218799959598,-166.24253672975962,-189.86110419158572,-1.0674855743241552e-09
755.2569640956966,252.85634739082812,3.9932737913819354,-166.56133288305705,-190.24630036889184,-1.067485535163637e-09
755.7569640956966,253.35616221838282,3.9933285661751805,-166.8801289599316,-190.63149659052704,-1.0674858136525322e-09
756.2569640956966,253.855977786205,3.9933831256190673,-167.19892496035538,-191.0166928566497,-1.0674853872142885e-09
756.7569640956966,254.35579408994528,3.993437470983273,-167.5177208843006,-191.40188916741704,-1.0674854122919692e-09
757.2569640956966,254.85561112528833,3.9934916035275156,-167.83651673173947,-191.7870855229849,-1.0674852630370186e-09
757.7569640956966,255.3554288879525,3.9935455245016533,-168.15531250264408,-192.1722819235081,-1.067485468316381e-09
758.2569640956966,255.85524737368948,3.9935992351457785,-168.47410819698663,-192.55747836914017,-1.0674853760666678e-09
758.7569640956966,256.35506657828387,3.9936527366903145,-168.79290381473922,-192.94267486003335,-1.0674852547848502e-09
759.2569640956966,256.85488649755314,3.993706030356109,-169.11169935587395,-193.32787139633902,-1.0674856296216478e-09
759.7569640956966,257.35470712734696,3.9937591173545273,-169.43049482036298,-193.7130679782071,-1.0674856041596085e-09
760.2569640956966,257.8545284635472,3.9938119988875433,-169.74929020817834,-194.0982646057865,-1.0674856567269509e-09
760.7569640956966,258.3543505020674,3.993864676147832,-170.06808551929214,-194.48346127922508,-1.0674857403751486e-09
761.2569640956966,258.8541732388527,3.993917150318857,-170.3868807536764,-194.86865799866948,-1.0674855080612084e-09
761.7569640956966,259.35399666987917,3.993969422574962,-170.70567591130322,-195.2538547642653,-1.0674855273991588e-09
762.2569640956966,259.8538207911539,3.9940214940814553,-171.0244709921447,-195.63905157615693,-1.067485315432962e-09
762.7569640956966,260.3536455987145,3.994073365994699,-171.34326599617285,-196.02424843448776,-1.0674855512508867e-09
763.2569640956966,260.85347108862874,3.994125039462194,-171.66206092335972,-196.40944533940012,-1.0674852738719173e-09
763.7569640956966,261.35329725699455,3.9941765156226636,-171.98085577367732,-196.79464229103536,-1.067485541071105e-09
764.2569640956966,261.8531240999394,3.9942277956061387,-172.29965054709777,-197.1798392895335,-1.0674853710615995e-09
764.7569640956966,262.35295161362023,3.9942788805340403,-172.618445243593,-197.56503633503388,-1.067485408021353e-09
765.2569640956966,262.8527797942231,3.9943297715192605,-172.93723986313506,-197.95023342767456,-1.067485411668077e-09
765.7569640956966,263.352608637963,3.994380469666244,-173.256034405696,-198.33543056759268,-1.0674854586600336e-09
766.2569640956966,263.8524381410833,3.994430976071069,-173.57482887124777,-198.72062775492446,-1.067485439411664e-09
766.7569640956966,264.35226829985595,3.9944812918215233,-173.89362325976242,-199.10582498980494,-1.0674853867633638e-09
767.2569640956966,264.85209911058075,3.9945314179971865,-174.21241757121197,-199.49102227236835,-1.0674853102346337e-09
767.7569640956966,265.35193056958536,3.994581355669504,-174.53121180556846,-199.87621960274777,-1.0674853504085492e-09
768.2569640956966,265.851762673225,3.9946311059018647,-174.85000596280392,-200.26141698107546,-1.067485166650588e-09
768.7569640956966,266.35159541788204,3.9946806697496777,-175.16880004289024,-200.64661440748273,-1.0674850850704015e-09
769.2569640956966,266.85142879996596,3.994730048260445,-175.48759404579948,-201.03181188209984,-1.067485391927247e-09
769.7569640956966,267.351262815913,3.9947792424738364,-175.80638797150368,-201.41700940505623,-1.0674854718115877e-09
770.2569640956966,267.85109746218586,3.9948282534217627,-176.12518181997473,-201.80220697648036,-1.0674852212816587e-09
770.7569640956966,268.35093273527355,3.9948770821284474,-176.44397559118468,-202.18740459649985,-1.0674853616399656e-09
771.2569640956966,268.8507686316911,3.994925729610498,-176.76276928510563,-202.57260226524124,-1.0674851058181542e-09
771.7569640956966,269.35060514797925,3.994974196876978,-177.08156290170945,-202.9577999828303,-1.0674852531519154e-09
772.2569640956966,269.85044228070444,3.9950224849294744,-177.4003564409683,-203.34299774939188,-1.0674852663771727e-09
772.7569640956966,270.3502800264582,3.99507059476217,-177.719149902854,-203.72819556505007,-1.067485344206548e-09
773.2569640956966,270.8501183818574,3.995118527361908,-178.03794328733866,-204.11339342992792,-1.0674851998865734e-09
773.7569640956966,271.3499573435435,3.995166283708263,-178.35673659439428,-204.49859134414774,-1.0674853116063734e-09
774.2569640956966,271.8497969081828,3.995213864773605,-178.6755298239929,-204.8837893078309,-1.0674854802591426e-09
774.7569640956966,272.3496370724658,3.9952612715231672,-178.99432297610647,-205.26898732109805,-1.0674854367573748e-09
775.2569640956966,272.84947783310724,3.9953085049151116,-179.313116050707,-205.65418538406885,-1.0674853371848142e-09
775.7569640956966,273.3493191868459,3.9953555659005917,-179.63190904776656,-206.03938349686229,-1.0674854910340146e-09
776.2569640956966,273.84916113044414,3.995402455423818,-179.95070196725715,-206.42458165959633,-1.0674854575826743e-09
776.7569640956966,274.349003660688,3.995449174422122,-180.26949480915073,-206.8097798723885,-1.0674853888627654e-09
777.2569640956966,274.84884677438674,3.9954957238260156,-180.5882875734194,-207.19497813535514,-1.0674855832753058e-09
777.7569640956966,275.34869046837264,3.9955421045592563,-180.90708026003523,-207.5801764486119,-1.0674853357357836e-09
778.2569640956966,275.84853473950096,3.995588317538907,-181.22587286897019,-207.9653748122738,-1.0674854786918103e-09
778.7569640956966,276.34837958464965,3.995634363675396,-181.54466540019635,-208.35057322645494,-1.067485285545597e-09
779.2569640956966,276.84822500071914,3.9956802438725783,-181.86345785368573,-208.73577169126878,-1.0674854709162192e-09
779.7569640956966,277.34807098463205,3.9957259590277934,-182.18225022941036,-209.1209702068279,-1.067485508527539e-09
780.2569640956966,277.8479175333331,3.995771510031924,-182.50104252734235,-209.5061687732441,-1.0674855199986088e-09
780.7569640956966,278.3477646437889,3.9958168977694557,-182.81983474745374,-209.89136739062852,-1.0674856027085267e-09
781.2569640956966,278.84761231298774,3.995862123118532,-183.1386268897165,-210.27656605909158,-1.0674854191387498e-09
781.7569640956966,279.34746053793947,3.9959071869510123,-183.45741895410285,-210.66176477874296,-1.0674852428823537e-09
782.2569640956966,279.8473093156751,3.9959520901325276,-183.7762109405848,-211.0469635496915,-1.0674855154925831e-09
782.7569640956966,280.3471586432468,3.9959968335225367,-184.09500284913437,-211.43216237204547,-1.067485353419034e-09
783.2569640956966,280.8470085177278,3.99604141797438,-184.41379467972374,-211.8173612459124,-1.067485559959946e-09
783.7569640956966,281.34685893621173,3.996085844335335,-184.73258643232487,-212.20256017139909,-1.0674854376894353e-09
784.2569640956966,281.84670989581315,3.9961301134466685,-185.05137810690997,-212.5877591486116,-1.0674856358212794e-09
784.7569640956966,282.3465613936667,3.9961742261436917,-185.3701697034511,-212.97295817765536,-1.0674855383637158e-09
785.2569640956966,282.8464134269274,3.9962181832558117,-185.68896122192035,-213.3581572586352,-1.0674857428103212e-09
785.7569640956966,283.3462659927702,3.996261985606583,-186.00775266228987,-213.74335639165508,-1.0674855275745337e-09
786.2569640956966,283.84611908838986,3.996305634013761,-186.32654402453164,-214.12855557681854,-1.0674856257987765e-09
786.7569640956966,284.34597271100085,3.9963491292893503,-186.64533530861797,-214.51375481422818,-1.0674854795506378e-09
787.2569640956966,284.84582685783715,3.9963924722396573,-186.9641265145209,-214.8989541039862,-1.067485502317582e-09
787.7569640956966,285.34568152615196,3.996435663665339,-187.28291764221254,-215.28415344619395,-1.0674856403006576e-09
788.2569640956966,285.84553671321777,3.9964787043614534,-187.60170869166504,-215.66935284095226,-1.0674857422427712e-09
788.7569640956966,286.3453924163259,3.9965215951175064,-187.92049966285063,-216.0545522883613,-1.067485649549312e-09
789.2569640956966,286.8452486327867,3.9965643367175026,-188.23929055574135,-216.4397517885206,-1.0674856082747534e-09
789.7569640956966,287.345105359929,3.996606929939991,-188.55808137030954,-216.82495134152902,-1.067485754652216e-09
790.2569640956966,287.8449625951001,3.9966493755581145,-188.87687210652717,-217.2101509474849,-1.0674856419885749e-09
790.7569640956966,288.3448203356659,3.9966916743396546,-189.1956627643665,-217.59535060648597,-1.0674853063128569e-09
791.2569640956966,288.8446785790101,3.996733827047079,-189.51445334379957,-217.98055031862927,-1.0674853896926546e-09
791.7569640956966,289.3445373225348,3.9967758344375874,-189.8332438447988,-218.3657500840113,-1.067485563023018e-09
792.2569640956966,289.8443965636597,3.9968176972631566,-190.1520342673362,-218.75094990272802,-1.0674854241835276e-09
792.7569640956966,290.3442562998223,3.9968594162705853,-190.47082461138405,-219.1361497748746,-1.0674855493449764e-09
793.2569640956966,290.8441165284776,3.996900992201539,-190.78961487691453,-219.52134970054576,-1.0674856584511877e-09
793.7569640956966,291.3439772470982,3.996942425792594,-191.1084050638999,-219.9065496798357,-1.0674852537960438e-09
794.2569640956966,291.8438384531738,3.996983717775281,-191.42719517231225,-220.29174971283805,-1.06748557128861e-09
794.7569640956966,292.34370014421125,3.997024868876128,-191.74598520212396,-220.6769497996457,-1.0674852902795992e-09
795.2569640956966,292.8435623177343,3.997065879816703,-192.06477515330712,-221.06214994035122,-1.067485309903617e-09
795.7569640956966,293.34342497128375,3.9971067513136562,-192.38356502583412,-221.44735013504638,-1.0674854346201901e-09
796.2569640956966,293.8432881024168,3.997147484078762,-192.70235481967708,-221.8325503838226,-1.0674852613509257e-09
796.7569640956966,294.3431517087074,3.9971880788189607,-193.02114453480826,-222.21775068677078,-1.067485332812756e-09
797.2569640956966,294.8430157877458,3.997228536236398,-193.33993417119996,-222.60295104398097,-1.0674853557524474e-09
797.7569640956966,295.3428803371385,3.9972688570284682,-193.65872372882444,-222.988151455543,-1.0674852343551974e-09
798.2569640956966,295.8427453545083,3.997309041887852,-193.97751320765386,-223.37335192154617,-1.067485636666527e-09
798.7569640956966,296.34261083749374,3.9973490915025565,-194.2963026076606,-223.75855244207906,-1.0674854036906206e-09
799.2569640956966,296.8424767837494,3.997389006555956,-194.61509192881692,-224.1437530172299,-1.0674852412462565e-09
799.7569640956966,297.34234319094554,3.997428787726829,-194.93388117109515,-224.5289536470862,-1.0674852484870585e-09
800.2569640956966,297.84221005676795,3.997468435689399,-195.25267033446747,-224.9141543317353,-1.0674855060046958e-09
800.7569640956966,298.34207737891796,3.99750795111337,-195.57145941890633,-225.29935507126368,-1.0674852340511913e-09
801.2569640956966,298.8419451551122,3.997547334663967,-195.89024842438394,-225.68455586575757,-1.0674850470575695e-09
801.7569640956966,299.3418133830826,3.9975865870019716,-196.20903735087262,-226.06975671530262,-1.067485162835187e-09
802.2569640956966,299.8416820605759,3.997625708783759,-196.52782619834468,-226.45495761998393,-1.0674852541445108e-09
802.7569640956966,300.34155118535415,3.997664700661336,-196.84661496677242,-226.84015857988626,-1.067485112061993e-09
803.2569640956966,300.84142075519395,3.9977035632823754,-197.16540365612826,-227.22535959509372,-1.067485145658753e-09
803.7569640956966,301.34129076788673,3.9977422972902543,-197.4841922663844,-227.61056066569006,-1.067485118568664e-09
804.2569640956966,301.84116122123856,3.997780903324087,-197.80298079751333,-227.99576179175853,-1.0674851233353516e-09
804.7569640956966,302.34103211306984,3.997819382018763,-198.12176924948724,-228.38096297338194,-1.0674851269656352e-09
805.2569640956966,302.84090344121546,3.9978577340049792,-198.44055762227862,-228.76616421064264,-1.0674854064926717e-09
805.7569640956966,303.3407752035244,3.9978959599092763,-198.7593459158597,-229.1513655036224,-1.0674852626843915e-09
806.2569640956966,303.84064739785987,3.9979340603540723,-199.07813413020287,-229.53656685240276,-1.0674852698485526e-09
806.7569640956966,304.340520022099,3.9979720359576962,-199.3969222652805,-229.9217682570646,-1.0674854468252452e-09
807.2569640956966,304.8403930741328,3.9980098873344216,-199.71571032106502,-230.3069697176884,-1.0674851905891103e-09
807.7569640956966,305.34026655186614,3.9980476150945004,-200.03449829752878,-230.69217123435422,-1.0674853192020266e-09
808.2569640956966,305.8401404532175,3.9980852198441954,-200.35328619464414,-231.07737280714187,-1.0674853119445757e-09
808.7569640956966,306.34001477611884,3.998122702185812,-200.67207401238346,-231.46257443613038,-1.0674854434267327e-09
809.2569640956966,306.83988951851563,3.998160062717732,-200.99086175071918,-231.8477761213986,-1.0674856735708797e-09
809.7569640956966,307.3397646783667,3.9981973020344435,-201.3096494096237,-232.2329778630249,-1.0674856673548929e-09
810.2569640956966,307.839640253644,3.998234420726575,-201.62843698906934,-232.6181796610872,-1.0674854707600194e-09
810.7569640956966,308.3395162423327,3.998271419380924,-201.94722448902866,-233.00338151566302,-1.067485394127905e-09
811.2569640956966,308.8393926424309,3.9983082985804907,-202.26601190947392,-233.38858342682948,-1.0674853547822967e-09
811.7569640956966,309.3392694519496,3.998345058904506,-202.58479925037756,-233.77378539466326,-1.0674851725298436e-09
812.2569640956966,309.83914666891263,3.998381700928464,-202.9035865117121,-234.15898741924067,-1.0674851108852323e-09
812.7569640956966,310.3390242913565,3.9984182252241505,-203.22237369344987,-234.54418950063757,-1.0674851448233535e-09
813.2569640956966,310.83890231733034,3.9984546323596746,-203.5411607955633,-234.92939163892942,-1.0674848917514919e-09
813.7569640956966,311.33878074489576,3.9984909228994967,-203.85994781802475,-235.31459383419144,-1.0674852644875743e-09
814.2569640956966,311.83865957212674,3.998527097404458,-204.17873476080678,-235.69979608649828,-1.0674851703248084e-09
814.7569640956966,312.3385387971096,3.99856315643181,-204.49752162388177,-236.0849983959243,-1.0674854007096204e-09
815.2569640956966,312.8384184179429,3.998599100535243,-204.81630840722212,-236.47020076254339,-1.0674853751938522e-09
815.7569640956966,313.3382984327371,3.998634930264913,-205.13509511080042,-236.85540318642904,-1.0674852655661432e-09
816.2569640956966,313.83817883961484,3.998670646167474,-205.453881734589,-237.24060566765462,-1.0674853855782458e-09
816.7569640956966,314.3380596367106,3.9987062487861,-205.7726682785603,-237.62580820629276,-1.0674853070261269e-09
817.2569640956966,314.8379408221708,3.998741738660518,-206.09145474268684,-238.01101080241602,-1.0674852406378171e-09
817.7569640956966,315.3378223941534,3.9987771163270316,-206.41024112694097,-238.39621345609652,-1.0674855313761787e-09
818.2569640956966,315.83770435082806,3.9988123823185497,-206.72902743129526,-238.7814161674058,-1.067485577711948e-09
818.7569640956966,316.337586690376,3.9988475371646137,-207.0478136557221,-239.16661893641538,-1.067485629291037e-09
819.2569640956966,316.83746941098985,3.9988825813914226,-207.36659980019405,-239.5518217631962,-1.067485614568142e-09
819.7569640956966,317.33735251087364,3.998917515521861,-207.6853858646834,-239.93702464781887,-1.0674859715828128e-09
820.2569640956966,317.83723598824264,3.9989523400755234,-208.0041718491628,-240.32222759035375,-1.0674858684414193e-09
820.7569640956966,318.33711984132333,3.9989870555687417,-208.32295775360467,-240.7074305908708,-1.0674858707597927e-09
821.2569640956966,318.8370040683532,3.9990216625146098,-208.64174357798143,-241.09263364943968,-1.067485796158589e-09
821.7569640956966,319.33688866758087,3.999056161423009,-208.96052932226556,-241.4778367661296,-1.0674856717402264e-09
822.2569640956966,319.8367736372657,3.9990905528006335,-209.27931498642963,-241.86303994100945,-1.067485929233478e-09
822.7569640956966,320.33665897567806,3.999124837151015,-209.59810057044592,-242.2482431741479,-1.0674856005247336e-09
823.2569640956966,320.836544681099,3.9991590149745466,-209.91688607428713,-242.6334464656132,-1.0674859182531242e-09
823.7569640956966,321.3364307518202,3.9991930867685093,-210.23567149792564,-243.0186498154733,-1.067485775160048e-09
824.2569640956966,321.8363171861441,3.9992270530270937,-210.55445684133397,-243.4038532237959,-1.0674856250265133e-09
824.7569640956966,322.3362039823833,3.9992609142414257,-210.87324210448452,-243.7890566906482,-1.0674854993680479e-09
825.2569640956966,322.83609113886115,3.9992946708995896,-211.1920272873498,-244.17426021609722,-1.0674854830254056e-09
825.7569640956966,323.3359786539112,3.999328323486651,-211.5108123899023,-244.55946380020967,-1.0674857108157034e-09
826.2569640956966,323.83586652587724,3.999361872484681,-211.82959741211462,-244.94466744305177,-1.0674857992303218e-09
826.7569640956966,324.33575475311335,3.999395318372779,-212.14838235395922,-245.32987114468966,-1.0674858080933482e-09
827.2569640956966,324.83564333398357,3.999428661627096,-212.46716721540844,-245.715074905189,-1.0674856626389985e-09
827.7569640956966,325.3355322668621,3.999461902720857,-212.78595199643487,-246.1002787246154,-1.0674856457698414e-09
828.2569640956966,325.83542155013305,3.9994950421243813,-213.10473669701102,-246.48548260303386,-1.0674856589031075e-09
828.7569640956966,326.3353111821903,3.999528080305109,-213.4235213171093,-246.87068654050927,-1.0674855399788206e-09
829.2569640956966,326.8352011614377,3.9995610177276193,-213.74230585670227,-247.2558905371061,-1.0674857093226775e-09
829.7569640956966,327.33509148628866,3.999593854853654,-214.0610903157624,-247.64109459288855,-1.0674855779771606e-09
830.2569640956966,327.83498215516636,3.9996265921421394,-214.37987469426216,-248.0262987079207,-1.0674857724351306e-09
830.7569640956966,328.33487316650354,3.9996592300492066,-214.69865899217405,-248.41150288226618,-1.06748581116811e-09
831.2569640956966,328.8347645187424,3.9996917690282134,-215.01744320947054,-248.79670711598834,-1.0674857271500708e-09
831.7569640956966,329.33465621033463,3.9997242095297656,-215.3362273461242,-249.1819114091503,-1.0674856530335503e-09
832.2569640956966,329.83454823974114,3.9997565520017373,-215.65501140210733,-249.56711576181485,-1.0674854894141648e-09
832.7569640956966,330.33444060543235,3.9997887968892916,-215.9737953773926,-249.95232017404453,-1.0674859911337947e-09
833.2569640956966,330.83433330588775,3.9998209446349016,-216.29257927195243,-250.33752464590162,-1.0674857487837137e-09
833.7569640956966,331.334226339596,3.99985299567837,-216.6113630857593,-250.7227291774481,-1.0674857150227756e-09
834.2569640956966,331.8341197050549,3.9998849504568503,-216.93014681878572,-251.10793376874568,-1.0674857544917337e-09
834.7569640956966,332.33401340077114,3.9999168094048656,-217.24893047100403,-251.49313841985588,-1.0674858319459428e-09
835.2569640956966,332.8339074252605,3.9999485729543283,-217.5677140423868,-251.87834313083982,-1.0674857033137024e-09
835.7569640956966,333.3338017770476,3.99998024153456,-217.88649753290662,-252.2635479017584,-1.0674857268210492e-09
836.2569640956966,333.8336964546658,4.000011815572313,-218.20528094253575,-252.64875273267234,-1.067485643657323e-09
836.7569640956966,334.33359145665736,4.000043295491784,-218.52406427124683,-253.03395762364198,-1.0674855889241656e-09
837.2569640956966,334.8334867815731,4.000074681714639,-218.8428475190124,-253.4191625747275,-1.0674855869281165e-09
837.7569640956966,335.33338242797237,4.000105974660031,-219.16163068580454,-253.80436758598893,-1.0674856527100805e-09
838.2569640956966,335.8332783944233,4.000137174744616,-219.48041377159598,-254.1895726574858,-1.0674858866199426e-09
838.7569640956966,336.3331746795024,4.000168282382571,-219.7991967763593,-254.57477778927736,-1.0674856322340217e-09
839.2569640956966,336.83307128179456,4.000199297985619,-220.1179797000667,-254.959982981423,-1.0674857264048131e-09
839.7569640956966,337.3329681998931,4.000230221963038,-220.43676254269084,-255.34518823398147,-1.0674858692351353e-09
840.2569640956966,337.8328654323997,4.000261054721689,-220.75554530420405,-255.73039354701146,-1.0674856769440643e-09
840.7569640956966,338.3327629779241,4.000291796666023,-221.0743279845789,-256.1155989205715,-1.0674859293280606e-09
841.2569640956966,338.8326608350844,4.000322448198109,-221.39311058378757,-256.50080435471966,-1.067485871455967e-09
841.7569640956966,339.3325590025068,4.000353009717643,-221.71189310180281,-256.88600984951387,-1.0674859023187958e-09
842.2569640956966,339.8324574788254,4.000383481621974,-222.0306755385968,-257.2712154050119,-1.0674859665649624e-09
842.7569640956966,340.33235626268254,4.000413864306111,-222.3494578941423,-257.6564210212711,-1.067486003727553e-09
843.2569640956966,340.8322553527283,4.000444158162751,-222.6682401684114,-258.04162669834886,-1.0674859485422294e-09
843.7569640956966,341.33215474762073,4.000474363582288,-222.9870223613766,-258.4268324363022,-1.0674860622060986e-09
844.2569640956966,341.8320544460258,4.000504480952833,-223.3058044730104,-258.8120382351879,-1.0674859321800354e-09
844.7569640956966,342.3319544466171,4.000534510660231,-223.62458650328512,-259.1972440950626,-1.067485884957116e-09
845.2569640956966,342.83185474807607,4.0005644530880735,-223.94336845217336,-259.5824500159825,-1.0674859850562243e-09
845.7569640956966,343.3317553490917,4.000594308617722,-224.26215031964753,-259.9676559980037,-1.0674858916539922e-09
846.2569640956966,343.8316562483606,4.000624077628319,-224.58093210567984,-260.35286204118216,-1.0674861311475186e-09
846.7569640956966,344.331557444587,4.000653760496806,-224.89971381024267,-260.7380681455738,-1.0674856547796775e-09
847.2569640956966,344.8314589364826,4.000683357597937,-225.21849543330865,-261.12327431123373,-1.0674859726714154e-09
847.7569640956966,345.3313607227665,4.000712869304298,-225.5372769748498,-261.5084805382176,-1.067485878809263e-09
848.2569640956966,345.83126280216516,4.000742295986321,-225.8560584348387,-261.89368682658034,-1.0674858553303687e-09
848.7569640956966,346.33116517341244,4.0007716380122975,-226.17483981324764,-262.27889317637676,-1.0674858394784073e-09
849.2569640956966,346.83106783524954,4.000800895748398,-226.4936211100491,-262.66409958766155,-1.0674859100574741e-09
849.7569640956966,347.33097078642476,4.000830069558684,-226.81240232521546,-263.0493060604891,-1.0674857749418991e-09
850.2569640956966,347.8308740256936,4.000859159805124,-227.13118345871902,-263.43451259491354,-1.0674855757537018e-09
850.7569640956966,348.3307775518188,4.000888166847609,-227.44996451053228,-263.81971919098896,-1.0674857227224323e-09
851.2569640956966,348.83068136357,4.000917091043969,-227.76874548062733,-264.20492584876934,-1.0674856952364047e-09
851.7569640956966,349.33058545972403,4.000945932749984,-228.08752636897654,-264.5901325683084,-1.067485746642887e-09
852.2569640956966,349.83048983906457,4.000974692319399,-228.40630717555234,-264.9753393496593,-1.0674857036553735e-09
852.7569640956966,350.33039450038234,4.001003370103945,-228.72508790032705,-265.36054619287546,-1.0674857979315897e-09
853.2569640956966,350.8302994424748,4.0010319664533425,-229.04386854327302,-265.74575309800986,-1.0674855783849265e-09
853.7569640956966,351.3302046641464,4.001060481715327,-229.3626491043623,-266.1309600651156,-1.067485660563796e-09
854.2569640956966,351.8301101642081,4.001088916235655,-229.6814295835673,-266.5161670942452,-1.0674855846528316e-09
854.7569640956966,352.33001594147794,4.00111727035812,-230.00020998086055,-266.90137418545106,-1.0674854194770139e-09
855.2569640956966,352.8299219947804,4.00114554442457,-230.318990296214,-267.2865813387857,-1.067485606174048e-09
855.7569640956966,353.3298283229467,4.0011737387749156,-230.6377705296003,-267.671788554301,-1.0674858675266764e-09
856.2569640956966,353.82973492481455,4.001201853747149,-230.95655068099146,-268.05699583204904,-1.0674854341273102e-09
856.7569640956966,354.32964179922834,4.001229889677355,-231.27533075035984,-268.44220317208163,-1.0674856565664536e-09
857.2569640956966,354.8295489450388,4.0012578468997235,-231.59411073767754,-268.82741057445025,-1.067485567905437e-09
857.7569640956966,355.3294563611033,4.001285725746564,-231.91289064291678,-269.2126180392066,-1.0674855612510322e-09
858.2569640956966,355.82936404628543,4.001313526548319,-232.23167046605005,-269.5978255664015,-1.0674859466659612e-09
858.7569640956966,356.3292719994552,4.001341249633577,-232.55045020704944,-269.9830331560862,-1.0674857193409657e-09
859.2569640956966,356.82918021948905,4.001368895329085,-232.86922986588706,-270.3682408083118,-1.0674857167170616e-09
859.7569640956966,357.32908870526956,4.001396463959761,-233.1880094425354,-270.75344852312855,-1.067485985151152e-09
860.2569640956966,357.8289974556855,4.0014239558487095,-233.50678893696627,-271.1386563005874,-1.0674859933319074e-09
860.7569640956966,358.32890646963205,4.00145137131723,-233.8255683491522,-271.52386414073857,-1.0674861841822268e-09
861.2569640956966,358.82881574601026,4.001478710684832,-234.1443476790652,-271.9090720436323,-1.0674858614939611e-09
861.7569640956966,359.32872528372747,4.001505974269249,-234.4631269266774,-272.29428000931864,-1.0674861158573673e-09
862.2569640956966,359.828635081697,4.001533162386447,-234.78190609196105,-272.67948803784753,-1.0674856964926426e-09
862.7569640956966,360.32854513883814,4.001560275350639,-235.10068517488816,-273.0646961292687,-1.067485987123614e-09
863.2569640956966,360.82845545407633,4.001587313474296,-235.41946417543122,-273.4499042836315,-1.067485747564006e-09
863.7569640956966,361.32836602634274,4.001614277068163,-235.7382430935619,-273.8351125009856,-1.067485682883762e-09
864.2569640956966,361.82827685457454,4.0016411664412646,-236.05702192925267,-274.22032078138005,-1.0674857319825619e-09
864.7569640956966,362.32818793771474,4.001667981900922,-236.37580068247544,-274.60552912486406,-1.067485727307751e-09
865.2569640956966,362.82809927471214,4.001694723752761,-236.69457935320233,-274.9907375314866,-1.0674856047031807e-09
865.7569640956966,363.32801086452133,4.001721392300729,-237.01335794140542,-275.3759460012965,-1.0674855997782513e-09
866.2569640956966,363.82792270610264,4.001747987847097,-237.33213644705697,-275.76115453434215,-1.067485932255949e-09
866.7569640956966,364.32783479842203,4.001774510692484,-237.65091487012887,-276.1463631306721,-1.0674856216305456e-09
867.2569640956966,364.8277471404512,4.0018009611358565,-237.9696932105933,-276.53157179033485,-1.0674855797173106e-09
867.7569640956966,365.32765973116744,4.001827339474547,-238.2884714684222,-276.91678051337846,-1.0674857074941712e-09
868.2569640956966,365.8275725695535,4.001853646004262,-238.60724964358747,-277.301989299851,-1.0674856176512295e-09
868.7569640956966,366.3274856545979,4.001879881019095,-238.9260277360614,-277.68719814980034,-1.0674855957425558e-09
869.2569640956966,366.8273989852945,4.001906044811535,-239.24480574581582,-278.0724070632743,-1.0674854419081189e-09
869.7569640956966,367.3273125606426,4.001932137672481,-239.5635836728226,-278.4576160403205,-1.067485699618313e-09
870.2569640956966,367.827226379647,4.001958159891248,-239.88236151705388,-278.84282508098636,-1.0674852357254235e-09
870.7569640956966,368.3271404413179,4.001984111755582,-240.2011392784818,-279.2280341853191,-1.0674857675803656e-09
871.2569640956966,368.8270547446708,4.0020099935516695,-240.51991695707804,-279.61324335336604,-1.0674855291550672e-09
871.7569640956966,369.3269692887266,4.002035805564147,-240.83869455281467,-279.9984525851742,-1.0674855719152798e-09
872.2569640956966,369.8268840725114,4.002061548076113,-241.1574720656635,-280.3836618807906,-1.0674853188916889e-09
872.7569640956966,370.3267990950566,4.002087221369135,-241.4762494955967,-280.76887124026183,-1.0674852534462312e-09
873.2569640956966,370.8267143553987,4.002112825723265,-241.7950268425859,-281.1540806636347,-1.067485404001936e-09
873.7569640956966,371.32662985257946,4.002138361417046,-242.11380410660325,-281.53929015095554,-1.067485622490203e-09
874.2569640956966,371.8265455856458,4.002163828727523,-242.4325812876203,-281.92449970227085,-1.0674855095888967e-09
874.7569640956966,372.32646155364984,4.002189227930254,-242.75135838560928,-282.30970931762687,-1.0674852596979798e-09
875.2569640956966,372.82637775564854,4.0022145592993175,-243.0701354005418,-282.69491899706975,-1.0674857122482574e-09
875.7569640956966,373.326294190704,4.002239823107326,-243.38891233238976,-283.0801287406454,-1.0674856308625029e-09
876.2569640956966,373.82621085788344,4.002265019625432,-243.70768918112498,-283.4653385483998,-1.067485597910629e-09
876.7569640956966,374.32612775625887,4.0022901491233425,-244.0264659467193,-283.8505484203786,-1.0674853693789892e-09
877.2569640956966,374.8260448849074,4.002315211869322,-244.34524262914445,-284.23575835662746,-1.0674852584995403e-09
877.7569640956966,375.32596224291086,4.002340208130209,-244.66401922837238,-284.6209683571918,-1.0674855604293982e-09
878.2569640956966,375.82587982935615,4.002365138171421,-244.98279574437467,-285.00617842211716,-1.067485162756223e-09
878.7569640956966,376.3257976433349,4.002390002256965,-245.30157217712315,-285.3913885514486,-1.067485134154256e-09
879.2569640956966,376.8257156839436,4.002414800649449,-245.6203485265895,-285.7765987452314,-1.0674852084973455e-09
879.7569640956966,377.3256339502834,4.002439533610087,-245.9391247927454,-286.1618090035106,-1.0674851256087635e-09
880.2569640956966,377.8255524414604,4.002464201398712,-246.25790097556248,-286.5470193263311,-1.0674852976791923e-09
880.7569640956966,378.32547115658525,4.002488804273783,-246.57667707501264,-286.93222971373774,-1.0674851622422087e-09
881.2569640956966,378.8253900947733,4.002513342492396,-246.89545309106757,-287.3174401657749,-1.0674851905396755e-09
881.7569640956966,379.32530925514465,4.00253781631029,-247.21422902369895,-287.70265068248716,-1.0674851836521606e-09
882.2569640956966,379.8252286368239,4.00256222598186,-247.5330048728782,-288.0878612639193,-1.0674850880630096e-09
882.7569640956966,380.32514823894036,4.002586571760162,-247.85178063857717,-288.4730719101153,-1.0674854100697886e-09
883.2569640956966,380.82506806062776,4.002610853896924,-248.17055632076733,-288.8582826211196,-1.0674850302676734e-09
883.7569640956966,381.3249881010245,4.002635072642553,-248.48933191942035,-289.2434933969762,-1.067484936016888e-09
884.2569640956966,381.82490835927337,4.002659228246147,-248.80810743450775,-289.6287042377291,-1.0674850475538791e-09
884.7569640956966,382.3248288345218,4.002683320955499,-249.12688286600113,-290.01391514342225,-1.0674848789202716e-09
885.2569640956966,382.82474952592145,4.002707351017109,-249.445658213872,-290.3991261140995,-1.0674849605900195e-09
885.7569640956966,383.3246704326285,4.00273131867619,-249.7644334780919,-290.78433714980434,-1.0674849379743253e-09
886.2569640956966,383.8245915538036,4.0027552241766795,-250.08320865863243,-291.16954825058036,-1.0674851201489971e-09
886.7569640956966,384.3245128886116,4.002779067761244,-250.4019837554651,-291.55475941647114,-1.067485151849727e-09
887.2569640956966,384.82443443622174,4.002802849671291,-250.7207587685613,-291.93997064752,-1.0674850720127488e-09
887.7569640956966,385.3243561958076,4.002826570146973,-251.03953369789244,-292.3251819437702,-1.0674851037526278e-09
888.2569640956966,385.82427816654695,4.0028502294272,-251.35830854343,-292.71039330526486,-1.067485268383211e-09
888.7569640956966,386.3242003476219,4.002873827749645,-251.67708330514563,-293.095604732047,-1.067485022759429e-09
889.2569640956966,386.8241227382188,4.002897365350751,-251.9958579830106,-293.4808162241596,-1.0674849480528177e-09
889.7569640956966,387.3240453375281,4.002920842465744,-252.31463257699616,-293.8660277816457,-1.0674848064265337e-09
890.2569640956966,387.8239681447444,4.002944259328633,-252.6334070870738,-294.2512394045479,-1.0674849676491417e-09
890.7569640956966,388.3238911590665,4.002967616172223,-252.95218151321498,-294.6364510929088,-1.067485006917973e-09
891.2569640956966,388.82381437969724,4.002990913228126,-253.27095585539092,-295.0216628467711,-1.0674852204848817e-09
891.7569640956966,389.32373780584373,4.0030141507267585,-253.58973011357295,-295.4068746661773,-1.0674852455751455e-09
892.2569640956966,389.8236614367169,4.00303732889736,-253.90850428773223,-295.79208655116986,-1.0674848453441548e-09
892.7569640956966,390.3235852715319,4.003060447967992,-254.22727837784038,-296.1772985017908,-1.067484647270976e-09
893.2569640956966,390.82350930950776,4.0030835081655525,-254.54605238386824,-296.56251051808266,-1.067484739362323e-09
893.7569640956966,391.3234335498675,4.003106509715777,-254.8648263057875,-296.9477226000873,-1.0674847527974923e-09
894.2569640956966,391.82335799183824,4.003129452843251,-255.18360014356915,-297.33293474784665,-1.067484995862578e-09
894.7569640956966,392.3232826346508,4.003152337771416,-255.50237389718433,-297.71814696140297,-1.06748477035316e-09
895.2569640956966,392.82320747754017,4.003175164722575,-255.8211475666043,-298.10335924079794,-1.0674849262949989e-09
895.7569640956966,393.323132519745,4.0031979339179,-256.13992115180037,-298.4885715860732,-1.0674847664991864e-09
896.2569640956966,393.8230577605079,4.003220645577441,-256.4586946527437,-298.8737839972705,-1.0674847913620384e-09
896.7569640956966,394.3229831990753,4.0032432999201335,-256.7774680694053,-299.2589964744314,-1.0674846320326453e-09
897.2569640956966,394.8229088346974,4.0032658971638035,-257.0962414017561,-299.6442090175976,-1.0674847671209008e-09
897.7569640956966,395.32283466662824,4.003288437525174,-257.41501464976756,-300.0294216268102,-1.0674848236170589e-09
898.2569640956966,395.8227606941256,4.0033109212198745,-257.7337878134104,-300.41463430211076,-1.0674846442392941e-09
898.7569640956966,396.32268691645095,4.003333348462446,-258.05256089265606,-300.7998470435403,-1.0674845816384773e-09
899.2569640956966,396.8226133328696,4.00335571946635,-258.37133388747515,-301.1850598511403,-1.0674846690431444e-09
899.7569640956966,397.3225399426504,4.003378034443971,-258.69010679783884,-301.5702727249517,-1.0674849343386204e-09
900.2569640956966,397.822466745066,4.003400293606628,-259.0088796237184,-301.9554856650153,-1.0674846118770814e-09
900.7569640956966,398.32239373939257,4.003422497164579,-259.32765236508453,-302.3406986713723,-1.0674848161981841e-09
901.2569640956966,398.82232092490995,4.003444645327028,-259.64642502190827,-302.72591174406335,-1.0674847785819162e-09
901.7569640956966,399.3222483009016,4.003466738302132,-259.9651975941603,-303.1111248831294,-1.0674847130785642e-09
902.2569640956966,399.82217586665456,4.003488776297004,-260.28397008181196,-303.496338088611,-1.0674847268550662e-09
902.7569640956966,400.3221036214594,4.003510759517727,-260.6027424848338,-303.8815513605488,-1.0674847314466958e-09
903.2569640956966,400.82203156461026,4.003532688169353,-260.92151480319666,-304.2667646989836,-1.0674845451150534e-09
903.7569640956966,401.3219596954047,4.003554562455913,-261.2402870368716,-304.65197810395546,-1.0674843573137571e-09
904.2569640956966,401.82188801314385,4.003576382580423,-261.5590591858294,-305.03719157550495,-1.0674845285395337e-09
904.7569640956966,402.3218165171323,4.0035981487448895,-261.8778312500409,-305.42240511367226,-1.0674846800022752e-09
905.2569640956966,402.821745206678,4.003619861150317,-262.1966032294768,-305.8076187184978,-1.0674846223670375e-09
905.7569640956966,403.32167408109245,4.003641519996713,-262.51537512410783,-306.19283239002164,-1.0674847005498693e-09
906.2569640956966,403.82160313969047,4.003663125483096,-262.83414693390466,-306.5780461282841,-1.0674848045884085e-09
906.7569640956966,404.3215323817903,4.003684677807499,-263.15291865883813,-306.963259933325,-1.0674846515990828e-09
907.2569640956966,404.8214618067135,4.003706177166976,-263.47169029887874,-307.3484738051844,-1.0674847389144956e-09
907.7569640956966,405.321391413785,4.003727623757611,-263.79046185399744,-307.7336877439021,-1.0674846055483437e-09
908.2569640956966,405.8213212023331,4.003749017774521,-264.1092333241646,-308.11890174951805,-1.067484815308779e-09
908.7569640956966,406.32125117168925,4.003770359411862,-264.4280047093513,-308.50411582207175,-1.0674848223693756e-09
909.2569640956966,406.8211813211883,4.003791648862838,-264.7467760095276,-308.88932996160327,-1.0674845938549085e-09
909.7569640956966,407.32111165016835,4.003812886319701,-265.06554722466444,-309.2745441681518,-1.067484749158538e-09
910.2569640956966,407.82104215797074,4.003834071973764,-265.38431835473233,-309.6597584417572,-1.0674847460803498e-09
910.7569640956966,408.32097284393996,4.003855206015402,-265.7030893997017,-310.0449727824589,-1.0674849422238314e-09
911.2569640956966,408.8209037074237,4.003876288634058,-266.0218603595429,-310.4301871902964,-1.0674848832983882e-09
911.7569640956966,409.320834747773,4.00389732001825,-266.3406312342268,-310.8154016653089,-1.0674848372364175e-09
912.2569640956966,409.8207659643419,4.003918300355578,-266.65940202372354,-311.200616207536,-1.0674845906140196e-09
912.7569640956966,410.3206973564875,4.003939229832725,-266.9781727280037,-311.58583081701653,-1.0674847840145945e-09
913.2569640956966,410.8206289235703,4.003960108635468,-267.29694334703754,-311.97104549379014,-1.0674847301691916e-09
913.7569640956966,411.3205606649537,4.003980936948678,-267.61571388079574,-312.3562602378956,-1.0674851277678684e-09
914.2569640956966,411.82049258000416,4.004001714956331,-267.93448432924845,-312.741475049372,-1.0674850701515175e-09
914.7569640956966,412.3204246680913,4.00402244284151,-268.25325469236617,-313.12668992825843,-1.0674850190886707e-09
915.2569640956966,412.8203569285877,4.004043120786411,-268.572024970119,-313.51190487459377,-1.067485268429375e-09
915.7569640956966,413.3202893608692,4.00406374897235,-268.89079516247716,-313.89711988841725,-1.067485076899734e-09
916.2569640956966,413.8202219643143,4.004084327579765,-269.2095652694112,-314.2823349697673,-1.0674850998402835e-09
916.7569640956966,414.32015473830484,4.004104856788223,-269.52833529089116,-314.6675501186829,-1.067485249397357e-09
917.2569640956966,414.82008768222533,4.004125336776428,-269.8471052268873,-315.0527653352027,-1.067485225095267e-09
917.7569640956966,415.32002079546345,4.004145767722221,-270.16587507737006,-315.43798061936525,-1.0674850151859277e-09
918.2569640956966,415.8199540774097,4.00416614980259,-270.4846448423094,-315.82319597120926,-1.0674853698570463e-09
918.7569640956966,416.3198875274575,4.004186483193671,-270.80341452167545,-316.2084113907733,-1.0674850797339839e-09
919.2569640956966,416.81982114500335,4.004206768070756,-271.1221841154383,-316.59362687809585,-1.067485433150762e-09
919.7569640956966,417.3197549294464,4.004227004608298,-271.4409536235683,-316.97884243321516,-1.067485302063217e-09
920.2569640956966,417.8196888801888,4.004247192979914,-271.75972304603516,-317.36405805616994,-1.0674848691049847e-09
920.7569640956966,418.3196229966355,4.004267333358392,-272.07849238280915,-317.74927374699837,-1.067485169111126e-09
921.2569640956966,418.8195572781943,4.004287425915694,-272.39726163386007,-318.1344895057388,-1.0674849617215317e-09
921.7569640956966,419.31949172427585,4.004307470822964,-272.7160307991582,-318.5197053324294,-1.0674851969277297e-09
922.2569640956966,419.8194263342936,4.004327468250527,-273.0347998786733,-318.90492122710833,-1.0674851102108807e-09
922.7569640956966,420.3193611076638,4.004347418367902,-273.35356887237566,-319.2901371898137,-1.0674850479514288e-09
923.2569640956966,420.81929604380537,4.004367321343802,-273.67233778023467,-319.6753532205838,-1.0674851508498287e-09
923.7569640956966,421.31923114214004,4.0043871773461355,-273.9911066022206,-320.0605693194565,-1.0674848617974319e-09
924.2569640956966,421.8191664020923,4.00440698654202,-274.3098753383032,-320.4457854864698,-1.0674849452788255e-09
924.7569640956966,422.3191018230894,4.004426749097779,-274.62864398845227,-320.8310017216617,-1.067485027146215e-09
925.2569640956966,422.81903740456113,4.00444646517895,-274.94741255263756,-321.21621802507013,-1.0674852315152682e-09
925.7569640956966,423.3189731459401,4.00446613495029,-275.2661810308287,-321.60143439673305,-1.0674851918039218e-09
926.2569640956966,423.81890904666164,4.004485758575776,-275.5849494229957,-321.98665083668817,-1.0674851501842087e-09
926.7569640956966,424.31884510616356,4.004505336218615,-275.9037177291082,-322.37186734497317,-1.0674848628094348e-09
927.2569640956966,424.81878132388647,4.004524868041243,-276.22248594913594,-322.7570839216259,-1.0674850901809107e-09
927.7569640956966,425.3187176992735,4.004544354205335,-276.5412540830487,-323.1423005666838,-1.067485165490705e-09
928.2569640956966,425.8186542317705,4.004563794871807,-276.8600221308159,-323.5275172801848,-1.0674850197922812e-09
928.7569640956966,426.3185909208258,4.004583190200817,-277.1787900924072,-323.91273406216624,-1.0674850407448183e-09
929.2569640956966,426.81852776589034,4.004602540351776,-277.4975579677925,-324.29795091266567,-1.0674851461961782e-09
929.7569640956966,427.31846476641766,4.004621845483348,-277.8163257569409,-324.6831678317209,-1.0674848054434225e-09
930.2569640956966,427.8184019218638,4.004641105753456,-278.13509345982226,-325.06838481936893,-1.0674849488534768e-09
930.7569640956966,428.31833923168745,4.004660321319284,-278.45386107640604,-325.45360187564745,-1.0674849286220978e-09
931.2569640956966,428.81827669534965,4.004679492337287,-278.7726286066614,-325.838819000594,-1.0674847721320705e-09
931.7569640956966,429.31821431231407,4.004698618963186,-279.09139605055816,-326.2240361942457,-1.0674847191849846e-09
932.2569640956966,429.8181520820468,4.004717701351981,-279.4101634080657,-326.6092534566397,-1.0674847838325055e-09
932.7569640956966,430.31809000401654,4.004736739657953,-279.72893067915317,-326.9944707878137,-1.067484764475493e-09
933.2569640956966,430.81802807769424,4.004755734034664,-280.0476978637901,-327.3796881878048,-1.067484674337299e-09
933.7569640956966,431.31796630255343,4.004774684634964,-280.3664649619459,-327.7649056566499,-1.0674845234041137e-09
934.2569640956966,431.81790467807,4.004793591610999,-280.68523197358974,-328.15012319438625,-1.0674846283589128e-09
934.7569640956966,432.3178432037224,4.004812455114207,-281.0039988986909,-328.5353408010511,-1.0674846776639244e-09
935.2569640956966,432.81778187899135,4.00483127529533,-281.3227657372186,-328.92055847668166,-1.0674846724246842e-09
935.7569640956966,433.31772070336,4.004850052304412,-281.64153248914215,-329.3057762213147,-1.0674846109929904e-09
936.2569640956966,433.8176596763139,4.004868786290806,-281.9602991544307,-329.69099403498734,-1.067484688241752e-09
936.7569640956966,434.3175987973409,4.0048874774031775,-282.2790657330536,-330.0762119177364,-1.0674846945938651e-09
937.2569640956966,434.8175380659313,4.0049061257895096,-282.59783222497964,-330.46142986959893,-1.0674851098238446e-09
937.7569640956966,435.3174774815776,4.004924731597104,-282.91659863017827,-330.84664789061173,-1.0674849400860437e-09
938.2569640956966,435.8174170437748,4.004943294972588,-283.23536494861816,-331.231865980812,-1.0674849531806555e-09
938.7569640956966,436.3173567520201,4.004961816061915,-283.5541311802688,-331.61708414023616,-1.0674848399477217e-09
939.2569640956966,436.817296605813,4.004980295010372,-283.8728973250991,-332.0023023689212,-1.06748477122508e-09
939.7569640956966,437.3172366046553,4.0049987319625835,-284.1916633830776,-332.3875206669041,-1.067484909150133e-09
940.2569640956966,437.81717674805105,4.0050171270625095,-284.5104293541736,-332.7727390342213,-1.0674849442037825e-09
940.7569640956966,438.3171170355066,4.005035480453456,-284.8291952383559,-333.1579574709098,-1.0674849425035854e-09
941.2569640956966,438.8170574665305,4.0050537922780745,-285.1479610355937,-333.5431759770059,-1.0674846922700534e-09
941.7569640956966,439.3169980406336,4.0050720626783685,-285.46672674585557,-333.9283945525464,-1.067484888553938e-09
942.2569640956966,439.8169387573289,4.005090291795696,-285.78549236911033,-334.31361319756815,-1.0674849478485872e-09
942.7569640956966,440.31687961613164,4.005108479770772,-286.10425790532685,-334.6988319121075,-1.067484836187793e-09
943.2569640956966,440.81682061655926,4.0051266267436745,-286.423023354474,-335.084050696201,-1.067484869520742e-09
943.7569640956966,441.3167617581313,4.005144732853846,-286.74178871652043,-335.46926954988527,-1.0674849150252453e-09
944.2569640956966,441.8167030403696,4.0051627982400975,-287.06055399143486,-335.85448847319674,-1.0674850145086585e-09
944.7569640956966,442.3166444627981,4.0051808230406145,-287.3793191791858,-336.23970746617204,-1.0674850348204664e-09
945.2569640956966,442.8165860249428,4.005198807392957,-287.6980842797421,-336.6249265288475,-1.0674849297345823e-09
945.7569640956966,443.316527726332,4.005216751434065,-288.0168492930722,-337.0101456612596,-1.0674850721071251e-09
946.2569640956966,443.8164695664961,4.005234655300262,-288.3356142191447,-337.3953648634449,-1.0674849868343858e-09
946.7569640956966,444.3164115449674,4.005252519127256,-288.65437905792834,-337.7805841354394,-1.067485120557514e-09
947.2569640956966,444.8163536612806,4.005270343050149,-288.9731438093914,-338.1658034772798,-1.0674851658330888e-09
947.7569640956966,445.31629591497216,4.005288127203431,-289.2919084735027,-338.55102288900207,-1.0674852288073992e-09
948.2569640956966,445.8162383055809,4.005305871720994,-289.6106730502305,-338.9362423706426,-1.067485409512893e-09
948.7569640956966,446.31618083264755,4.005323576736127,-289.92943753954324,-339.32146192223775,-1.067485244559945e-09
949.2569640956966,446.8161234957149,4.005341242381525,-290.2482019414091,-339.7066815438239,-1.0674856264130812e-09
949.7569640956966,447.3160662943279,4.005358868789288,-290.5669662557966,-340.09190123543715,-1.0674852229466653e-09
950.2569640956966,447.8160092280334,4.005376456090926,-290.88573048267403,-340.47712099711373,-1.0674853833863053e-09
950.7569640956966,448.31595229638026,4.005394004417363,-291.20449462201,-340.8623408288895,-1.0674851779119755e-09
951.2569640956966,448.8158954989194,4.005411513898942,-291.52325867377226,-341.2475607308011,-1.0674853834396109e-09
951.7569640956966,449.3158388352038,4.005428984665421,-291.84202263792946,-341.6327807028844,-1.0674853120282855e-09
952.2569640956966,449.8157823047883,4.005446416845987,-292.16078651444946,-342.01800074517564,-1.0674851959905384e-09
952.7569640956966,450.31572590722976,4.00546381056925,-292.4795503033005,-342.4032208577109,-1.0674851831051275e-09
953.2569640956966,450.815669642087,4.005481165963249,-292.7983140044509,-342.7884410405262,-1.0674848985027638e-09
953.7569640956966,451.3156135089209,4.005498483155458,-293.11707761786863,-343.1736612936576,-1.0674851454347316e-09
954.2569640956966,451.815557507294,4.005515762272786,-293.43584114352166,-343.55888161714114,-1.0674848888021171e-09
954.7569640956966,452.31550163677105,4.005533003441581,-293.7546045813781,-343.94410201101283,-1.0674847044225046e-09
955.2569640956966,452.8154458969186,4.005550206787633,-294.073367931406,-344.32932247530874,-1.067485003965561e-09
955.7569640956966,453.31539028730515,4.005567372436176,-294.3921311935734,-344.7145430100646,-1.0674848435947826e-09
956.2569640956966,453.815334807501,4.005584500511896,-294.71089436784797,-345.09976361531665,-1.0674849864010124e-09
956.7569640956966,454.3152794570785,4.005601591138926,-295.0296574541977,-345.4849842911006,-1.0674851974247617e-09
957.2569640956966,454.81522423561165,4.0056186444408555,-295.3484204525906,-345.8702050374526,-1.0674850414501314e-09
957.7569640956966,455.3151691426766,4.005635660540731,-295.6671833629944,-346.2554258544083,-1.0674850490918025e-09
958.2569640956966,455.81511417785117,4.00565263956106,-295.985946185377,-346.6406467420037,-1.0674850557440448e-09
958.7569640956966,456.31505934071504,4.0056695816238115,-296.30470891970583,-347.0258677002749,-1.0674851678607879e-09
959.2569640956966,456.8150046308497,4.005686486850422,-296.62347156594893,-347.41108872925736,-1.0674852870450465e-09
959.7569640956966,457.31495004783864,4.0057033553617964,-296.942234124074,-347.7963098289871,-1.0674851187349048e-09
960.2569640956966,457.814895591267,4.005720187278313,-297.2609965940483,-348.1815309995001,-1.0674849631970641e-09
960.7569640956966,458.31484126072166,4.005736982719823,-297.57975897584004,-348.5667522408319,-1.0674849790975195e-09
961.2569640956966,458.81478705579156,4.005753741805656,-297.8985212694161,-348.9519735530186,-1.0674849970248157e-09
961.7569640956966,459.3147329760672,4.005770464654623,-298.2172834747447,-349.3371949360956,-1.067485168946367e-09
962.2569640956966,459.81467902114093,4.005787151385018,-298.53604559179297,-349.72241639009894,-1.0674851353924241e-09
962.7569640956966,460.31462519060693,4.00580380211462,-298.8548076205286,-350.10763791506434,-1.067485234265296e-09
963.2569640956966,460.814571484061,4.0058204169607,-299.1735695609187,-350.4928595110276,-1.0674852943532207e-09
963.7569640956966,461.3145179011008,4.005836996040016,-299.4923314129309,-350.87808117802433,-1.0674850866878797e-09
964.2569640956966,461.81446444132575,4.005853539468825,-299.8110931765327,-351.2633029160902,-1.0674853625201197e-09
964.7569640956966,462.31441110433684,4.00587004736288,-300.1298548516913,-351.64852472526104,-1.0674850943328693e-09
965.2569640956966,462.814357889737,4.005886519837431,-300.4486164383741,-352.03374660557233,-1.0674855027461348e-09
965.7569640956966,463.31430479713066,4.005902957007236,-300.76737793654803,-352.41896855706017,-1.0674853308748505e-09
966.2569640956966,463.81425182612406,4.005919358986554,-301.0861393461807,-352.80419057975985,-1.0674853637280687e-09
966.7569640956966,464.3141989763252,4.005935725889153,-301.4049006672392,-353.1894126737071,-1.0674854239709606e-09
967.2569640956966,464.8141462473436,4.005952057828313,-301.72366189969057,-353.57463483893764,-1.0674854539221693e-09
967.7569640956966,465.3140936387906,4.005968354916827,-302.04242304350214,-353.95985707548715,-1.0674853958213108e-09
968.2569640956966,465.8140411502791,4.005984617267002,-302.36118409864076,-354.3450793833912,-1.0674855333888985e-09
968.7569640956966,466.3139887814237,4.006000844990664,-302.67994506507375,-354.7303017626852,-1.0674856873209053e-09
969.2569640956966,466.8139365318407,4.006017038199163,-302.99870594276797,-355.1155242134049,-1.0674855703251321e-09
969.7569640956966,467.3138844011479,4.006033197003369,-303.31746673169044,-355.50074673558606,-1.0674854577802011e-09
970.2569640956966,467.81383238896495,4.00604932151368,-303.6362274318081,-355.8859693292641,-1.0674857240785438e-09
970.7569640956966,468.3137804949129,4.006065411840022,-303.95498804308767,-356.2711919944748,-1.0674856375531967e-09
971.2569640956966,468.8137287186145,4.006081468091853,-304.2737485654962,-356.6564147312535,-1.0674858961162341e-09
971.7569640956966,469.3136770596942,4.006097490378164,-304.59250899900053,-357.04163753963593,-1.0674858844344541e-09
972.2569640956966,469.81362551777784,4.006113478807483,-304.9112693435675,-357.4268604196574,-1.067485644338132e-09
972.7569640956966,470.313574092493,4.0061294334878745,-305.2300295991637,-357.8120833713537,-1.067485742308058e-09
973.2569640956966,470.81352278346884,4.006145354526947,-305.54878976575577,-358.19730639476046,-1.0674858866289366e-09
973.7569640956966,471.313471590336,4.006161242031852,-305.8675498433105,-358.58252948991316,-1.0674858970689336e-09
974.2569640956966,471.8134205127268,4.006177096109284,-306.1863098317947,-358.96775265684715,-1.067485803396815e-09
974.7569640956966,472.313369550275,4.00619291686549,-306.5050697311747,-359.3529758955982,-1.0674860410281166e-09
975.2569640956966,472.81331870261596,4.006208704406264,-306.82382954141724,-359.73819920620167,-1.0674859151580013e-09
975.7569640956966,473.3132679693866,4.0062244588369555,-307.14258926248897,-360.12342258869296,-1.0674858567413447e-09
976.2569640956966,473.8132173502253,4.006240180262469,-307.4613488943563,-360.50864604310766,-1.0674858823617293e-09
976.7569640956966,474.313166844772,4.006255868787267,-307.7801084369854,-360.89386956948164,-1.0674857098240462e-09
977.2569640956966,474.8131164526682,4.0062715245153715,-308.09886789034323,-361.2790931678498,-1.0674856522042354e-09
977.7569640956966,475.3130661735569,4.006287147550367,-308.4176272543958,-361.664316838248,-1.0674856218485097e-09
978.2569640956966,475.8130160070824,4.006302737995404,-308.7363865291092,-362.0495405807119,-1.0674857248661685e-09
978.7569640956966,476.3129659528908,4.006318295953198,-309.0551457144503,-362.43476439527655,-1.067485488573087e-09
979.2569640956966,476.8129160106295,4.006333821526036,-309.3739048103849,-362.8199882819779,-1.0674856863116954e-09
979.7569640956966,477.31286617994743,4.0063493148157745,-309.69266381687964,-363.205212240851,-1.0674858421324103e-09
980.2569640956966,477.8128164604949,4.006364775923846,-310.01142273390025,-363.59043627193165,-1.0674856802188945e-09
980.7569640956966,478.3127668519238,4.006380204951256,-310.33018156141316,-363.97566037525525,-1.067485579454066e-09
981.2569640956966,478.8127173538874,4.006395601998592,-310.64894029938444,-364.3608845508573,-1.067485721222391e-09
981.7569640956966,479.3126679660404,4.006410967166018,-310.96769894778026,-364.7461087987731,-1.067485733263225e-09
982.2569640956966,479.812618688039,4.006426300553285,-311.2864575065664,-365.1313331190383,-1.0674857951053878e-09
982.7569640956966,480.3125695195408,4.0064416022597245,-311.6052159757091,-365.51655751168835,-1.067485631149728e-09
983.2569640956966,480.8125204602047,4.006456872384258,-311.92397435517404,-365.9017819767588,-1.0674858609040234e-09
983.7569640956966,481.3124715096913,4.006472111025396,-312.2427326449273,-366.287006514285,-1.067485672991093e-09
984.2569640956966,481.81242266766236,4.006487318281237,-312.5614908449347,-366.6722311243025,-1.067485590832621e-09
984.7569640956966,482.31237393378115,4.006502494249476,-312.8802489551623,-367.05745580684663,-1.0674858593825421e-09
985.2569640956966,482.8123253077123,4.006517639027404,-313.19900697557557,-367.4426805619531,-1.067485854435356e-09
985.7569640956966,483.31227678912177,4.006532752711907,-313.51776490614037,-367.82790538965736,-1.067485652177178e-09
986.2569640956966,483.81222837767695,4.006547835399472,-313.83652274682265,-368.2131302899946,-1.0674858321436061e-09
986.7569640956966,484.31218007304665,4.006562887186187,-314.1552804975877,-368.59835526300054,-1.0674856952806137e-09
987.2569640956966,484.81213187490096,4.006577908167746,-314.47403815840113,-368.98358030871077,-1.0674856449817693e-09
987.7569640956966,485.31208378291143,4.006592898439446,-314.79279572922906,-369.36880542716045,-1.0674857399373823e-09
988.2569640956966,485.8120357967508,4.006607858096193,-315.11155321003645,-369.7540306183854,-1.0674856258700818e-09
988.7569640956966,486.31198791609336,4.006622787232503,-315.430310600789,-370.13925588242097,-1.0674858516113374e-09
989.2569640956966,486.8119401406145,4.006637685942504,-315.74906790145224,-370.52448121930263,-1.067485979973483e-09
989.7569640956966,487.31189246999116,4.0066525543199365,-316.06782511199185,-370.90970662906574,-1.0674859057228517e-09
990.2569640956966,487.81184490390143,4.006667392458159,-316.3865822323728,-371.2949321117459,-1.0674860011123805e-09
990.7569640956966,488.31179744202484,4.006682200450145,-316.7053392625607,-371.68015766737864,-1.0674859957210838e-09
991.2569640956966,488.81175008404216,4.006696978388491,-317.0240962025207,-372.0653832959995,-1.067485548065355e-09
991.7569640956966,489.31170282963546,4.006711726365413,-317.34285305221795,-372.450608997644,-1.067485719229594e-09
992.2569640956966,489.8116556784882,4.0067264444727515,-317.6616098116179,-372.8358347723476,-1.0674858457392557e-09
992.7569640956966,490.311608630285,4.006741132801971,-317.9803664806859,-373.22106062014564,-1.0674858928418254e-09
993.2569640956966,490.8115616847118,4.006755791444166,-318.29912305938666,-373.606286541074,-1.0674856741779825e-09
993.7569640956966,491.3115148414559,4.006770420490058,-318.61787954768573,-373.99151253516783,-1.0674861323063352e-09
994.2569640956966,491.81146810020573,4.0067850200300015,-318.93663594554783,-374.3767386024628,-1.0674859471322334e-09
994.7569640956966,492.3114214606511,4.006799590153983,-319.2553922529381,-374.76196474299445,-1.0674857570544499e-09
995.2569640956966,492.811374922483,4.006814130951623,-319.57414846982164,-375.14719095679834,-1.0674858861051168e-09
995.7569640956966,493.3113284853938,4.006828642512183,-319.89290459616296,-375.53241724391023,-1.0674858476597194e-09
996.2569640956966,493.81128214907693,4.006843124924558,-320.21166063192715,-375.91764360436554,-1.0674858172712641e-09
996.7569640956966,494.31123591322716,4.006857578277286,-320.5304165770792,-376.3028700381996,-1.0674858205071486e-09
997.2569640956966,494.8111897775405,4.006872002658547,-320.84917243158395,-376.68809654544816,-1.0674858096782343e-09
997.7569640956966,495.31114374171415,4.006886398156165,-321.16792819540615,-377.0733231261467,-1.0674859481447711e-09
998.2569640956966,495.8110978054465,4.00690076485761,-321.4866838685103,-377.45854978033094,-1.0674858341606983e-09
998.7569640956966,496.3110519684372,4.00691510285,-321.80543945086123,-377.8437765080362,-1.067486046668783e-09
999.2569640956966,496.8110062303872,4.006929412220102,-322.12419494242346,-378.22900330929855,-1.0674860455742553e-09
999.7569640956966,497.31096059099843,4.006943693054334,-322.4429503431619,-378.61423018415303,-1.067485987883645e-09
1000.2569640956966,497.81091504997426,4.006957945438767,-322.7617056530407,-378.99945713263577,-1.0674860242648486e-09
1000.7569640956966,498.310869607019,4.006972169459128,-323.08046087202456,-379.384684154782,-1.0674858294120266e-09
1001.2569640956966,498.8108242618384,4.006986365200798,-323.399216000078,-379.7699112506275,-1.0674858191632419e-09
1001.7569640956966,499.31077901413914,4.007000532748818,-323.7179710371655,-380.15513842020783,-1.0674858003522957e-09
1002.2569640956966,499.81073386362925,4.007014672187889,-324.0367259832511,-380.5403656635589,-1.0674857154260988e-09
1002.7569640956966,500.31068881001784,4.007028783602372,-324.35548083829946,-380.9255929807159,-1.067486027520479e-09
1003.2569640956966,500.8106438530152,4.007042867076294,-324.6742356022747,-381.31082037171495,-1.0674856995661166e-09
1003.7569640956966,501.3105989923328,4.007056922693343,-324.99299027514115,-381.69604783659145,-1.0674860944960283e-09
1004.2569640956966,501.8105542276832,4.0070709505368765,-325.3117448568628,-382.0812753753813,-1.0674859265936778e-09
1004.7569640956966,502.31050955878015,4.0070849506899195,-325.63049934740417,-382.46650298811994,-1.0674858397502689e-09
1005.2569640956966,502.81046498533857,4.0070989232351675,-325.949253746729,-382.8517306748434,-1.0674858936365729e-09
1005.7569640956966,503.3104205070744,4.0071128682549855,-326.26800805480195,-383.2369584355869,-1.0674859584148504e-09
1006.2569640956966,503.81037612370477,4.007126785831415,-326.58676227158634,-383.6221862703867,-1.0674856604373942e-09
1006.7569640956966,504.31033183494793,4.007140676046168,-326.9055163970466,-384.00741417927804,-1.0674858585353524e-09
1007.2569640956966,504.8102876405233,4.007154538980638,-327.22427043114646,-384.39264216229714,-1.0674859888986677e-09
1007.4466932004797,505.0,4.0071597922618825,-327.3452242422992,-384.53882010241676,-1.0674860346244052e-09
