tau,r,phi,X,Y,H
0.0,500.0,0.0,500.0,0.0,-6.250655471390587e-17
0.004855669435380203,499.9951447809089,1.368796689173009e-07,499.99514478090424,6.843916987786853e-05,-1.8753408056747312e-16
0.05341236378918224,499.9465925904941,1.5058216862798353e-06,499.94659258992726,0.0007528304211041911,6.255943789422074e-17
0.5389793073272026,499.46107073599677,1.5209790369218664e-05,499.4610706782247,0.007596698183187105,1.2608503686520205e-16
1.0389793073272027,498.96111725980427,2.934879786814405e-05,498.96111704491375,0.014643908972419056,-2.5417746020689414e-16
1.5389793073272027,498.4611638798158,4.3515995052606155e-05,498.46116340786233,0.02169103353446453,-0.0
2.0389793073272027,497.9612105963206,5.77114668792164e-05,497.9612097670625,0.028738071896511494,-1.291233022057586e-16
2.5389793073272027,497.46125740960923,7.193529864612627e-05,497.46125612250603,0.03578502408577502,-1.9523154487456888e-16
3.0389793073272027,496.96130431997335,8.618757599474544e-05,496.96130247418495,0.04283189012949751,-1.967920961359594e-16
3.5389793073272027,496.46135132770576,0.00010046838491147032,496.46134882209105,0.04987867005494895,-1.322444983595809e-16
4.038979307327203,495.96139843310044,0.00011477781172942305,495.96139516621605,0.056925363889427164,-0.0
4.538979307327203,495.46144563645265,0.000129115943130201,495.4614415065519,0.06397197166025806,-6.71863067890951e-17
5.038979307327203,494.9614929380587,0.00014348286614563696,494.9614878430902,0.07101849339479588,-1.3545115370040422e-16
5.538979307327203,494.46154033821625,0.00015787866815956985,494.46153417582275,0.07806492912042351,-2.048092184321147e-16
6.038979307327203,493.961587837224,0.00017230343690962638,493.96158050474105,0.08511127886455265,-3.4409422073276537e-16
6.538979307327203,493.461635435382,0.00018675726048901332,493.46162682983686,0.09215754265462416,-3.4686470442672297e-16
7.038979307327203,492.9616831329914,0.0002012402273483209,492.96167315110176,0.09920372051810822,-4.195924816782942e-16
7.538979307327203,492.4617309303547,0.00021575242629733702,492.46171946852724,0.10624981248250467,-3.524815674040926e-16
8.038979307327203,491.9617788277755,0.00023029394650687262,491.96176578210486,0.11329581857534331,-3.5532846105944865e-16
8.538979307327203,491.4618268255587,0.00024486487751059817,491.46181209182606,0.12034173882418403,-4.2984161265146174e-16
9.038979307327203,490.9618749240105,0.00025946530920689133,490.96185839768236,0.1273875732566172,-7.222009605935798e-17
9.538979307327203,490.46192312343817,0.00027409533186069596,490.46190469966507,0.13443332190026386,-2.1841568263816225e-16
10.038979307327203,489.96197142415036,0.00028875503610539257,489.96195099776554,0.14147898478277604,-2.9358286927108804e-16
10.538979307327203,489.462019826457,0.00030344451294468016,489.46199729197514,0.148524561931837,-2.959664802597717e-16
11.038979307327203,488.9620683306692,0.0003181638537544695,488.96204358228516,0.15557005337516155,-4.475579465607566e-16
11.538979307327203,488.4621169370994,0.0003329131502847883,488.4620898686867,0.16261545914049622,-6.767989769902102e-16
12.038979307327203,487.9621656460613,0.0003476924946616978,487.9621361511712,0.16966077925561968,-6.823112610683509e-16
12.538979307327203,487.4622144578699,0.0003625019793892214,487.46218242972964,0.17670601374834288,-6.878742868584787e-16
13.038979307327203,486.96226337284145,0.00037734169735128507,486.96222870435327,0.18375116264650942,-8.475971471741848e-16
13.538979307327203,486.46231239129355,0.0003922117418136697,486.462274975033,0.1907962259779958,-6.991546518641334e-16
14.038979307327203,485.9623615135451,0.0004071122064259754,485.96232124176004,0.1978412037707117,-7.048730500197551e-16
14.538979307327203,485.4624107399162,0.00042204318522359827,485.4623675045253,0.20488609605260025,-7.106443079141492e-16
15.038979307327203,484.96246007072847,0.00043700477262971916,484.9624137633198,0.21193090285163835,-5.572536434455673e-16
15.538979307327203,484.4625095063047,0.00045199706345730456,484.4624600181343,0.2189756241958369,-4.01304215274098e-16
16.038979307327203,483.96255904696903,0.0004670201529111204,483.9625062689598,0.22602026011324125,-5.664405576725198e-16
16.538979307327203,483.462608693047,0.0004820741365897578,483.46255251578725,0.23306481063193119,-4.07927178929842e-16
17.038979307327203,482.9626584448655,0.0004971591104876718,482.96259875860727,0.24010927578002147,-4.935418483324124e-16
17.538979307327203,482.4627083027527,0.0005122751709972326,482.46264499741073,0.2471536555856622,-4.146738025492023e-16
18.038979307327203,481.9627582670381,0.0005274224149107895,481.9626912321882,0.2541979500770387,-6.689508633160598e-16
18.538979307327203,481.46280833805275,0.0005426009394227479,481.4627374629305,0.26124215928237243,-5.901653270912458e-16
19.038979307327203,480.96285851612885,0.0005578108421316592,480.96278368962817,0.2682862832299206,-6.800500027698889e-16
19.538979307327203,480.4629088016001,0.0005730522210423232,480.46282991227173,0.275330321947977,-7.71387107781873e-16
20.038979307327203,479.96295919480167,0.0005883251745679051,479.96287613085184,0.2823742754648722,-5.185181106759645e-16
20.538979307327203,479.46300969606995,0.0006036298015320635,479.46292234535895,0.28941814380897357,-6.970907065397338e-16
21.038979307327203,478.96306030574283,0.0006189662011710944,478.9629685557835,0.29646192700868595,-6.150179532365186e-16
21.538979307327203,478.46311102415956,0.0006343344731360859,478.46301476211596,0.30350562509245166,-7.973087680980343e-16
22.038979307327203,477.96316185166086,0.0006497347174950886,477.96306096434654,0.310549238088751,-8.039418823950525e-16
22.538979307327203,477.46321278858886,0.0006651670347352988,477.46310716246575,0.3175927660261026,-6.304957223319095e-16
23.038979307327203,476.96326383528714,0.0006806315257652547,476.96315335646375,0.32463620893306344,-7.265740854794832e-16
23.538979307327203,476.46331499210066,0.0006961282919170482,476.4631995463309,0.3316795668382296,-6.410584522102242e-16
24.038979307327203,475.96336625937585,0.0007116574349485488,475.9632457320571,0.3387228397702361,-5.540696782237255e-16
24.538979307327203,475.4634176374606,0.0007272190570456427,475.46329191363276,0.34576602775775767,-6.518213679822653e-16
25.038979307327203,474.96346912670435,0.0007428132608244855,474.96333809104783,0.35280913082950877,-6.572792145054423e-16
25.538979307327203,474.4635207274579,0.0007584401493337694,474.46338426429253,0.359852149014244,-2.840523010579967e-16
26.038979307327203,473.96357244007345,0.0007740998260570046,473.9634304333567,0.36689508234075835,-4.773931260202106e-16
26.538979307327203,473.4636242649049,0.0007897923949148152,473.4634765982303,0.3739379308378878,-5.776841033757184e-16
27.038979307327203,472.96367620230757,0.00080551796026725,472.96352275890325,0.3809806945345093,-5.825421362550015e-16
27.538979307327203,472.46372825263813,0.0008212766269161072,472.4635689153655,0.38802337345954135,-4.895386109267417e-16
28.038979307327203,471.96378041625496,0.0008370685001072742,471.96361506760684,0.39506596764194407,-7.898629104442881e-16
28.538979307327203,471.4638326935179,0.0008528936855330834,471.4636612156169,0.40210847711072,-5.973951800127024e-16
29.038979307327203,470.96388508478816,0.0008687522893346807,470.96370735938564,0.4091509018949138,-3.012204125129012e-16
29.538979307327203,470.4639375904287,0.0008846444181044112,470.4637534989025,0.4161932420236131,-4.0502308273503096e-16
30.038979307327203,469.96399021080396,0.0009005701788882194,469.9637996341572,0.42323549752594863,-3.063385447013071e-16
30.538979307327203,469.46404294627985,0.0009165296791880643,469.46384576513935,0.43027766843109466,-4.119124927274983e-16
31.038979307327203,468.9640957972239,0.0009325230269643507,468.9638918918384,0.43731975476826934,-4.1540673161080824e-16
31.538979307327203,468.4641487640052,0.000948550330638375,468.4639380142438,0.44436175656673477,-4.1893446319055697e-16
32.0389793073272,467.9642018469944,0.0009646116990947884,467.9639841323451,0.4514036738557977,-3.168720339240636e-16
32.5389793073272,467.4642550465638,0.0009807072416840742,467.4640302461316,0.4584455066648099,-4.26091839714002e-16
33.0389793073272,466.9643083630872,0.0009968370682250417,466.9640763555927,0.46548725502316807,-5.371527661030254e-16
33.5389793073272,466.46436179694,0.0010130012890073362,466.46412246071753,0.47252891896031457,-6.500813029589069e-16
34.0389793073272,465.96441534849936,0.0010292000147939656,465.9641685614955,0.47957049850573813,-6.556322728970916e-16
34.5389793073272,465.46446901814386,0.0010454333568238419,465.46421465791565,0.48661199368897295,-5.510306651755084e-16
35.0389793073272,464.9645228062538,0.0010617014268143406,464.96426074996725,0.49365340453960066,-7.780446971617207e-16
35.5389793073272,464.4645767132111,0.0010780043369638759,464.4643068376391,0.5006947310872496,-5.605073541927812e-16
36.0389793073272,463.9646307393993,0.0010943421999544923,463.96435292092053,0.5077359733615954,-4.522516658161334e-16
36.5389793073272,463.46468488520367,0.0011107151289544738,463.4643989998003,0.5147771313923617,-6.842020723417898e-16
37.0389793073272,462.96473915101103,0.0011271232376209692,462.9644450742674,0.5218182052093199,-6.900831495316337e-16
37.5389793073272,462.46479353720997,0.001143566640102635,462.4644911443108,0.5288591948422904,-6.96021341127834e-16
38.0389793073272,461.9648480441907,0.0011600454510422948,461.96453720991906,0.5359001003211421,-7.605187040149587e-16
38.5389793073272,461.4649026723452,0.0011765597855796172,461.46458327108115,0.5429409216757933,-7.670775096518764e-16
39.0389793073272,460.964957422067,0.0011931097593538091,460.9646293277857,0.5499816589362121,-1.0712772307007592e-15
39.5389793073272,460.4650122937515,0.001209695488506329,460.4646753800214,0.5570223121324162,-9.604769667493311e-16
40.0389793073272,459.9650672877957,0.001226317089683616,459.96472142777685,0.5640628812944739,-8.4768939424371095e-16
40.5389793073272,459.4651224045984,0.001242974680039838,459.4647674710406,0.5711033664525046,-7.328850293005823e-16
41.0389793073272,458.96517764456,0.0012596683772396566,458.9648135098011,0.5781437676366786,-6.776373530136915e-16
41.5389793073272,458.46523300808286,0.001276398299461011,458.46485954404676,0.5851840848772177,-7.456587394831072e-16
42.0389793073272,457.96528849557086,0.0012931645653979202,457.964905573766,0.5922243182043957,-8.148179881910891e-16
42.5389793073272,457.4653441074298,0.0013099672942633025,457.4649515989471,0.5992644676485389,-6.954605740333108e-16
43.0389793073272,456.96539984406724,0.0013268066057918154,456.9649976195783,0.6063045332400265,-4.464210212966254e-16
43.5389793073272,456.46545570589245,0.0013436826202427117,456.46504363564793,0.6133445150092907,-5.146447576784915e-16
44.0389793073272,455.9655116933166,0.0013605954584027164,455.96508964714417,0.6203844129868169,-5.191378982054989e-16
44.5389793073272,455.4655678067526,0.0013775452415889222,455.46513565405496,0.6274242272031454,-7.855130336308363e-16
45.0389793073272,454.96562404661506,0.0013945320916517031,454.9651816563684,0.6344639576888699,-5.942898195874414e-16
45.5389793073272,454.46568041332057,0.001411556130977648,454.4652276540724,0.6415036044746394,-7.99327764249601e-16
46.0389793073272,453.9657369072875,0.001428617482492514,453.9652736471551,0.6485431675911583,-8.063377964842146e-16
46.5389793073272,453.4657935289361,0.0014457162696641978,453.4653196356041,0.6555826470691861,-6.778477336366158e-16
47.0389793073272,452.96585027868844,0.0014628526165057292,452.9653656194074,0.6626220429395391,-8.205669826420863e-16
47.5389793073272,452.4659071569684,0.001480026647578282,452.46541159855263,0.6696613552330893,-6.898230661701168e-16
48.0389793073272,451.9659641642018,0.001497238487994206,451.9654575730276,0.6767005839807662,-7.654901431759018e-16
48.5389793073272,451.46602130081635,0.0015144882634200794,451.4655035428198,0.6837397292135563,-4.914263714087985e-16
49.0389793073272,450.9660785672416,0.001531776100079781,450.96554950791693,0.6907787909625039,-5.665890933670493e-16
49.5389793073272,450.466135963909,0.0015491021247575826,450.4655954683064,0.6978177692587116,-7.8594657774333e-16
50.0389793073272,449.96619349125194,0.0015664664648012635,449.9656414239756,0.7048566641333409,-6.487379343821488e-16
50.5389793073272,449.4662511497058,0.0015838692481252433,449.4656873749121,0.7118954756176119,-7.272061770341278e-16
51.0389793073272,448.9663089397078,0.0016013106032137382,448.9657333211031,0.7189342037428044,-6.602907085590976e-16
51.5389793073272,448.46636686169717,0.0016187906591239364,448.4657792625359,0.7259728485402582,-8.88205364788856e-16
52.0389793073272,447.96642491611505,0.0016363095454891962,447.96582519919764,0.7330114100413737,-8.961015384532114e-16
52.5389793073272,447.4664831034045,0.0016538673925222647,447.46587113107546,0.7400498882776115,-7.533975074540601e-16
53.0389793073272,446.96654142401076,0.0016714643310185187,446.96591705815655,0.7470882832804945,-7.601105530037255e-16
53.5389793073272,446.4665998783808,0.0016891004923592263,446.4659629804279,0.7541265950816066,-9.20269400719053e-16
54.0389793073272,445.9666584669638,0.001706776008514832,445.9660088978763,0.7611648237125944,-9.284881296696647e-16
54.5389793073272,445.46671719021083,0.0017244910120482624,445.46605481048874,0.768202969205167,-8.587239568243296e-16
55.0389793073272,444.966776048575,0.0017422456361182554,444.96610071825205,0.7752410315910965,-8.664106522259622e-16
55.5389793073272,444.46683504251155,0.0017600400144827109,444.466146621153,0.782279010902219,-7.947046090983539e-16
56.0389793073272,443.9668941724776,0.0017778742815020647,443.9661925191782,0.7893169071704346,-7.216511611427872e-16
56.5389793073272,443.46695343893253,0.0017957485721426854,443.46623841231434,0.7963547204277076,-5.6632582762722555e-16
57.0389793073272,442.9670128423376,0.0018136630219802938,442.96628430054795,0.8033924507060681,-4.081561222131738e-16
57.5389793073272,442.46707238315634,0.0018316177672034054,442.4663301838655,0.810430098037611,-6.589291944567528e-16
58.0389793073272,441.96713206185416,0.001849612944616797,441.96637606225346,0.8174676624544979,-7.47976931073971e-16
58.5389793073272,441.4671918788987,0.001867648691644996,441.4664219356982,0.8245051439889561,-5.03151029394046e-16
59.0389793073272,440.9672518347597,0.0018857251463357944,440.96646780418587,0.8315425426732808,-6.769288484559218e-16
59.5389793073272,440.46731192990904,0.0019038424473637853,440.4665136677028,0.838579858539834,-8.538143818755951e-16
60.0389793073272,439.96737216482074,0.0019220007340339255,439.9665595262352,0.845617091621046,-7.753913027476447e-16
60.5389793073272,439.46743253997096,0.00194020014628512,439.466605379769,0.8526542419494157,-7.824208327394706e-16
61.0389793073272,438.967493055838,0.0019584408246938337,438.9666512282903,0.859691309557511,-8.77247049737357e-16
61.5389793073272,438.46755371290243,0.0019767229104777247,438.46669707178506,0.8667282944779688,-1.0622622134805912e-15
62.0389793073272,437.96761451164684,0.001995046545499306,437.9667429102391,0.8737651967434966,-7.146174314670615e-16
62.5389793073272,437.4676754525562,0.0020134118722696295,437.4667887436382,0.8808020163868725,-6.309854737871152e-16
63.0389793073272,436.96773653611757,0.0020318190339519955,436.9668345719681,0.8878387534409448,-8.186647947969329e-16
63.5389793073272,436.46779776282034,0.0020502681743656908,436.46688039521456,0.8948754079386345,-5.5075916338924755e-16
64.0389793073272,435.9678591331561,0.002068759437989747,435.96692621336297,0.9019119799129339,-8.336897629696243e-16
64.5389793073272,435.46792064761866,0.002087292969966732,435.4669720263991,0.9089484693969084,-8.413187338984017e-16
65.0389793073272,434.96798230670413,0.002105868916106559,434.96701783430825,0.9159848764236962,-6.603539868559279e-16
65.5389793073272,434.4680441109109,0.0021244874228903295,434.46706363707585,0.9230212010265096,-8.56814132890284e-16
66.0389793073272,433.9681060607396,0.002143148637474198,433.967109434687,0.9300574432386346,-9.60758209486947e-16
66.5389793073272,433.46816815669325,0.0021618527076932665,433.46715522712714,0.9370936030934321,-7.75673113525752e-16
67.0389793073272,432.9682303992771,0.0021805997820655036,432.9672010143813,0.9441296806243387,-7.828130386828158e-16
67.5389793073272,432.46829278899884,0.002199390009795692,432.4672467964346,0.9511656758648667,-6.912737930397222e-16
68.0389793073272,431.9683553263684,0.002218223540779403,431.96729257327206,0.9582015888486046,-9.96645541782985e-16
68.5389793073272,431.4684180118981,0.002237100525607,431.4673383448785,0.9652374196092179,-7.040964294156316e-16
69.0389793073272,430.9684808461027,0.0022560211155676665,430.96738411123874,0.9722731681804502,-7.106082152262647e-16
69.5389793073272,430.46854382949925,0.002274985462653467,430.46742987233773,0.9793088345961224,-8.196434494181164e-16
70.0389793073272,429.9686069626073,0.0022939937195634312,429.96747562816,0.9863444188901345,-6.204313971731693e-16
70.5389793073272,429.4686702459487,0.002313046039707671,429.46752137869026,0.993379921096466,-7.30554852341137e-16
71.0389793073272,428.9687336800478,0.002332142577211523,428.96756712391294,1.0004153412491754,-4.213391412498626e-16
71.5389793073272,428.4687972654314,0.0023512834869197224,428.4676128638126,1.0074506793824027,-4.252590783115009e-16
72.0389793073272,427.9688610026288,0.002370468924400604,427.96765859837353,1.014485935530368,-5.365252535537121e-16
72.5389793073272,427.4689248921716,0.0023896990459503355,427.46770432758007,1.0215211097273729,-4.3322299701485027e-16
73.0389793073272,426.968988934594,0.0024089740085971776,426.9677500514164,1.028556202007802,-4.3726794922019687e-16
73.5389793073272,426.4690531304327,0.0024282939701057754,426.4677957698666,1.0355912124061224,-3.3101666562172323e-16
74.0389793073272,425.969117480227,0.0024476590889814806,425.96784148291476,1.0426261409568836,-3.341147347078329e-16
74.5389793073272,425.4691819845185,0.0024670695244747034,425.4678871905449,1.04966098769472,-4.496607331570682e-16
75.0389793073272,424.9692466438516,0.0024865254365852942,424.96793289274086,1.0566957526543508,-3.404094967321992e-16
75.5389793073272,424.46931145877306,0.002506026986066959,424.46797858948645,1.0637304358705797,-4.581426212503964e-16
76.0389793073272,423.9693764298324,0.0025255743344317037,423.96802428076535,1.0707650373782962,-2.3122556879905997e-16
76.5389793073272,423.4694415575815,0.0025451676439543092,423.46806996656125,1.077799557212477,-6.418574421928483e-16
77.0389793073272,422.9695068425751,0.002564807077676842,422.9681156468577,1.0848339954081851,-5.890074842694901e-16
77.5389793073272,422.4695722853703,0.002584492799413192,422.4681613216381,1.0918683520005714,-8.323934689764727e-16
78.0389793073272,421.9696378865271,0.0026042249737536468,421.9682069908859,1.098902627024875,-6.001852980774278e-16
78.5389793073272,421.4697036466079,0.0026240037660694954,421.4682526545843,1.105936820516424,-7.270365498143399e-16
79.0389793073272,420.96976956617794,0.002643829342517667,420.96829831271657,1.112970932510636,-6.727632524182753e-16
79.5389793073272,420.4698356458051,0.002663701870045401,420.4683439652659,1.1200049630430196,-6.791438676026146e-16
80.0389793073272,419.96990188606,0.002683621516394952,419.9683896122151,1.1270389121491733,-6.855928210932205e-16
80.5389793073272,419.46996828751577,0.002703588450108328,419.46843525354734,1.1340727798647874,-6.291917530378729e-16
81.0389793073272,418.97003485074856,0.00272360284053206,418.9684808892454,1.1411065662256448,-4.446266462437186e-16
81.5389793073272,418.4701015763371,0.002743664857822011,418.46852651929197,1.1481402712676207,-3.8474068347502956e-16
82.0389793073272,417.97016846486287,0.002763774672948215,417.9685721436698,1.1551738950266843,-4.531472202551548e-16
82.5389793073272,417.47023551691024,0.002783932457699751,417.4686177623614,1.162207437538899,-8.495991430988781e-16
83.0389793073272,416.97030273306626,0.002804138384689657,416.96866337534937,1.1692408988404228,-7.257680713029621e-16
83.5389793073272,416.4703701139209,0.0028243926273598717,416.468708982616,1.1762742789675094,-7.993296405667636e-16
84.0389793073272,415.9704376600669,0.0028446953599862183,415.9687545841437,1.1833075779565085,-8.742438239736906e-16
84.5389793073272,415.47050537209986,0.002865046757683421,415.46880017991464,1.1903407958438676,-5.431613002593017e-16
85.0389793073272,414.9705732506182,0.0028854469964101595,414.96884576991084,1.197373932666131,-5.483823971695174e-16
85.5389793073272,414.4706412962233,0.0029058962529741575,414.4688913541145,1.2044069884599418,-6.228676872306411e-16
86.0389793073272,413.9707095095193,0.002926394705037311,413.9689369325073,1.2114399632620418,-4.891208816947319e-16
86.5389793073272,413.47077789111347,0.002946942531120853,413.4689825050713,1.218472857109273,-4.2329135433958973e-16
87.0389793073272,412.9708464416159,0.0029675399106105543,412.9690280717882,1.2255056700385778,-4.986103564986549e-16
87.5389793073272,412.47091516163954,0.0029881870237619627,412.46907363263955,1.2325384020869994,-7.191897642873994e-16
88.0389793073272,411.9709840518005,0.003008884051705682,411.9691191876069,1.2395710532916837,-6.535388330377355e-16
88.5389793073272,411.47105311271775,0.0030296311764526885,411.4691647366718,1.2466036236898792,-5.132364360684854e-16
89.0389793073272,410.9711223450133,0.0030504285808996834,410.96921027981557,1.2536361133189369,-5.182188488654283e-16
89.5389793073272,410.4711917493122,0.00307127644883449,410.4692558170194,1.260668522216313,-3.7375419841196387e-16
90.0389793073272,409.9712613262425,0.0030921749649414853,409.9693013482644,1.267700850419568,-4.528698769591063e-16
90.5389793073272,409.4713310764353,0.0031131243148070746,409.4693468735317,1.2747330979663685,-4.572826807320686e-16
91.0389793073272,408.9714010005249,0.0031341246849252045,408.9693923928022,1.2817652648944873,-2.308720183093277e-16
91.5389793073272,408.4714710991486,0.0031551762627029167,408.4694379060568,1.2887973512418043,-4.662545397487023e-16
92.0389793073272,407.9715413729468,0.003176279236465944,407.9694834132762,1.295829357046308,-1.5693826443111336e-16
92.5389793073272,407.4716118225631,0.0031974337954643454,407.46952891444107,1.302861282346095,-3.961878404864516e-16
93.0389793073272,406.97168244864423,0.003218640129878183,406.96957440953184,1.3098931271793717,-2.400435026158851e-16
93.5389793073272,406.4717532518401,0.0032398984308232427,406.46961989852906,1.3169248915844547,-2.4240010562627863e-16
94.0389793073272,405.9718242328037,0.003261208890356797,405.969665381413,1.3239565755997715,-4.0797138599088246e-16
94.5389793073272,405.4718953921915,0.003282571701483406,405.4697108581638,1.3309881792638623,-4.94384006238609e-16
95.0389793073272,404.971966730663,0.003303987058160768,404.9697563287617,1.3380197026153793,-4.16046578651259e-16
95.5389793073272,404.47203824888095,0.003325455155305609,404.46980179318666,1.3450511456930885,-1.6806066350390172e-16
96.0389793073272,403.97210994751146,0.0033469761887996168,403.96984725141846,1.3520825085358705,-2.545814832847728e-16
96.5389793073272,403.4721818272239,0.00336855035549542,403.4698927034371,1.3591137911827205,-3.427996691178124e-16
97.0389793073272,402.97225388869094,0.0033901778532226118,402.96993814922206,1.3661449936727499,-4.3274357689445746e-16
97.5389793073272,402.47232613258865,0.003411858880793816,402.469983588753,1.3731761160451874,-4.370350268811064e-16
98.0389793073272,401.97239855959634,0.003433593638010803,401.9700290220093,1.3802071583393791,-5.296494331258989e-16
98.5389793073272,401.47247117039683,0.0034553823256706453,401.4700744489704,1.3872381205947895,-5.3491521411954455e-16
99.0389793073272,400.97254396567627,0.003477225145571926,400.9701198696156,1.3942690028510025,-4.502000869735121e-16
99.5389793073272,400.47261694612416,0.003499122300520988,400.47016528392373,1.4012998051477226,-2.728124215199678e-16
100.0389793073272,399.9726901124336,0.0035210739943382333,399.970210691874,1.4083305275247746,-3.6738011966122683e-16
100.5389793073272,399.47276346530106,0.003543080431864468,399.47025609344524,1.4153611700221063,-3.7105124894911165e-16
101.0389793073272,398.97283700542647,0.003565141818967296,398.9703014886163,1.4223917326797877,-2.810728475168837e-16
101.5389793073272,398.4729107335133,0.0035872583625475604,398.4703468773657,1.429422215538013,-5.677774251776644e-16
102.0389793073272,397.97298465026853,0.0036094302705458347,397.9703922596721,1.4364526186371003,-4.778940462743434e-16
102.5389793073272,397.47305875640274,0.003631657751948959,397.47043763551386,1.4434829420174942,-4.826939906203333e-16
103.0389793073272,396.97313305263,0.0036539410167966313,396.97048300486915,1.4505131857197648,-4.875483655232054e-16
103.5389793073272,396.473207539668,0.003676280276188044,396.4705283677163,1.4575433497846104,-4.924578585850269e-16
104.0389793073272,395.9732822182382,0.0036986757422885724,395.9705737240334,1.4645734342528574,-3.979385335862146e-16
104.5389793073272,395.4733570890654,0.0037211276283365155,395.47061907379833,1.4716034391654607,-3.0146699856841043e-16
105.0389793073272,394.9734321528784,0.0037436361486498848,394.9706644169888,1.4786333645635061,-3.045144403470616e-16
105.5389793073272,394.4735074104094,0.0037662015186332473,394.47070975358275,1.4856632104882104,-6.151933231939936e-16
106.0389793073272,393.9735828623945,0.0037888239547846187,393.97075508355755,1.4926929769809223,-5.178568408217039e-16
106.5389793073272,393.4736585095734,0.0038115036747024115,393.4708004068907,1.4997226640831232,-5.231120290112157e-16
107.0389793073272,392.97373435268963,0.003834240897092433,392.9708457235595,1.5067522718364286,-6.341129100028049e-16
107.5389793073272,392.4738103924905,0.00385703584177494,392.4708910335412,1.5137818002825891,-6.405645566570151e-16
108.0389793073272,391.97388662972713,0.003879888729691746,391.9709363368127,1.5208112494634913,-3.2354515492578563e-16
108.5389793073272,391.4739630651544,0.0039027997829133806,391.47098163335113,1.527840619421158,-4.35794078555972e-16
109.0389793073272,390.97403969953115,0.003925769224646309,390.9710269231332,1.5348699101977503,-4.4024529481763115e-16
109.5389793073272,390.47411653362,0.003948797279240203,390.4710722061356,1.5418991218355689,-3.3356087911613123e-16
110.0389793073272,389.9741935681876,0.003971884172195268,389.9711174823349,1.5489282543770528,-4.493023698968048e-16
110.5389793073272,389.4742708040044,0.003995030130169628,389.4711627517075,1.555957307864783,-1.1347738917713076e-16
111.0389793073272,388.9743482418448,0.004018235380986767,388.9712080142297,1.5629862823414822,-2.292850387009689e-16
111.5389793073272,388.4744258824872,0.004041500153643027,388.4712532698776,1.5700151778500153,-4.0537404228080314e-16
112.0389793073272,387.97450372671415,0.004064824678315168,387.97129851862724,1.577043994433392,-4.0954714613762887e-16
112.5389793073272,387.474581775312,0.004088209186367978,387.47134376045443,1.584072732134767,-2.364392847656465e-16
113.0389793073272,386.97466002907134,0.0041116539103619515,386.971388995335,1.5911013909974405,-1.1943985050078922e-16
113.5389793073272,386.4747384887867,0.0041351590840610205,386.4714342232446,1.5981299710648602,-3.620228298868986e-16
114.0389793073272,385.97481715525686,0.004158724942440351,385.97147944415855,1.6051584723806216,-0.0
114.5389793073272,385.4748960292846,0.0041823517216941965,385.47152465805226,1.61218689498847,-1.231865237561751e-16
115.0389793073272,384.97497511167694,0.004206039659243811,384.9715698649009,1.6192152389323007,1.244647218178566e-16
115.5389793073272,384.4750544032451,0.004229788993745432,384.47161506467955,1.6262435042561603,3.772736762949798e-16
116.0389793073272,383.97513390480447,0.004253599965098316,383.9716602573631,1.6332716910042486,3.1766557490015856e-16
116.5389793073272,383.4752136171747,0.004277472814452841,383.4717054429263,1.640299799220918,-1.2838993357545537e-16
117.0389793073272,382.97529354117967,0.004301407784218677,382.97175062134374,1.6473278289506765,-6.486460198548503e-17
117.5389793073272,382.47537367764767,0.0043254051180730115,382.47179579258994,1.6543557802381876,1.9662636760811508e-16
118.0389793073272,381.97545402741116,0.004349465060968847,381.97184095663914,1.6613836531282715,1.9868289562340446e-16
118.5389793073272,381.4755345913071,0.004373587859143358,381.47188611346553,1.6684114476659073,6.692123493143584e-17
119.0389793073272,380.9756153701768,0.004397773760126323,380.9719312630433,1.6754391638962332,-6.762303815681774e-17
119.5389793073272,380.4756963648659,0.004422023012748609,380.4719764053461,1.6824668018645477,1.3666629908748674e-16
120.0389793073272,379.9757775762245,0.004446335867150738,379.9720215403478,1.6894943616163107,2.0715503595914147e-16
120.5389793073272,379.47585900510734,0.004470712574791509,379.4720666680219,1.6965218431971458,2.791149465525601e-16
121.0389793073272,378.9759406523734,0.004495153388456692,378.97211178834186,1.7035492466528392,5.64115490162477e-16
121.5389793073272,378.47602251888645,0.0045196585622678,378.47215690128104,1.7105765720293442,6.413300276801058e-16
122.0389793073272,377.9761046055146,0.004544228351690914,377.9722020068124,1.7176038193727783,4.320733188316402e-16
122.5389793073272,377.4761869131306,0.004568863013545592,377.47224710490894,1.7246309887294287,5.82196300591044e-16
123.0389793073272,376.97626944261197,0.004593562806013842,376.9722921955435,1.7316580801457504,5.14821753424419e-16
123.5389793073272,376.4763521948407,0.004618327988649169,376.4723372786887,1.7386850936683682,5.946129813128435e-16
124.0389793073272,375.9764351707035,0.0046431588223856905,375.9723823543171,1.745712029344079,7.51166342762934e-16
124.5389793073272,375.4765183710919,0.004668055569547332,375.4724274224009,1.7527388872198526,9.1099349344779e-16
125.0389793073272,374.97660179690206,0.004693018493857089,374.9724724829124,1.7597656673428308,8.439774186398933e-16
125.5389793073272,374.47668544903496,0.004718047860446367,374.47251753582344,1.766792369760333,6.203523927103934e-16
126.0389793073272,373.97676932839636,0.004743143935864395,373.97256258110605,1.7738189945198533,7.837274253296698e-16
126.5389793073272,373.4768534358969,0.004768306988087714,373.4726076187317,1.7808455416690638,7.129028931960104e-16
127.0389793073272,372.97693777245206,0.004793537286529745,372.972652648672,1.7878720112558166,7.205422819348181e-16
127.5389793073272,372.47702233898224,0.0048188351020504285,372.4726976708983,1.794898403328143,6.473547340952014e-16
128.0389793073272,371.97710713641277,0.004844200706965948,371.9727426853817,1.8019247179342566,6.543106844470794e-16
128.5389793073272,371.47719216567396,0.004869634375058529,371.4727876920933,1.8089509551225533,6.613510025809631e-16
129.0389793073272,370.9772774277011,0.004895136381586313,370.9728326910038,1.8159771149416144,8.355960354237227e-16
129.5389793073272,370.47736292343455,0.004920707003293322,370.472877682084,1.8230031974402066,6.756893185380364e-16
130.0389793073272,369.9774486538197,0.004946346518419491,369.9729226653042,1.8300292026672826,6.829896472461098e-16
130.5389793073272,369.4775346198071,0.004972055206710795,369.47296764063486,1.8370551306719851,7.766763818213109e-16
131.0389793073272,368.9776208223524,0.004997833349429444,368.973012608046,1.8440809815036454,7.850909299594512e-16
131.5389793073272,368.4777072624164,0.005023681229364176,368.47305756750774,1.8511067552117872,6.172509610830659e-16
132.0389793073272,367.9777939409652,0.005049599130840624,367.97310251898966,1.8581324518461264,8.913668102497511e-16
132.5389793073272,367.47788085897014,0.0050755873397317665,367.47314746246144,1.8651580714565725,8.109576047493319e-16
133.0389793073272,366.9779680174077,0.005101646143468472,366.97319239789255,1.872183614093231,8.197922492220096e-16
133.5389793073272,366.4780554172598,0.005127775831050123,366.47323732525206,1.8792090798064047,7.366538031098714e-16
134.0389793073272,365.9781430595137,0.005153976693055329,365.9732822445091,1.8862344686465937,8.377889305355023e-16
134.5389793073272,365.478230945162,0.005180249021652725,365.47332715563266,1.8932597806644993,9.410599619487152e-16
135.0389793073272,364.9783190752028,0.0052065931106118684,364.9733720585912,1.9002850159110236,7.610952599201814e-16
135.5389793073272,364.4784074506396,0.005233009255314208,364.47341695335336,1.9073101744372714,6.732639604241442e-16
136.0389793073272,363.97849607248145,0.005259497752764163,363.9734618398873,1.9143352562945524,6.806600262863851e-16
136.5389793073272,363.4785849417429,0.005286058901600277,363.4735067181612,1.921360261534382,6.881477976143799e-16
137.0389793073272,362.9786740594441,0.005312693002106475,362.97355158814304,1.9283851902084828,6.957285409723582e-16
137.5389793073272,362.4787634266107,0.0053394003562234095,362.47359644980037,1.9354100423687863,8.038897625216101e-16
138.0389793073272,361.9788530442743,0.0053661812675599,361.9736413031008,1.9424348180674353,9.143667086982333e-16
138.5389793073272,361.4789429134719,0.005393036041404468,361.47368614801167,1.9494595173567844,8.217617828880533e-16
139.0389793073272,360.9790330352463,0.00541996498473697,360.9737309845001,1.956484140289401,7.270072476314982e-16
139.5389793073272,360.4791234106462,0.005446968406240323,360.47377581253295,1.9635086869180698,7.350725358187886e-16
140.0389793073272,359.979214040726,0.00547404661631233,359.9738206320771,1.97053315729579,4.24707892442312e-16
140.5389793073272,359.4793049265459,0.005501199927077608,359.4738654430989,1.977557551475781,6.441492719814071e-16
141.0389793073272,358.97939606917214,0.0055284286523996085,358.97391024556475,1.9845818695114816,6.513256993421402e-16
141.5389793073272,358.4794874696768,0.005555733107892741,358.47395503944074,1.9916061114565533,6.585923654467638e-16
142.0389793073272,357.97957912913796,0.005583113610934602,357.9739998246928,1.9986302773648796,4.439670227904264e-16
142.5389793073272,357.4796710486397,0.005610570480678304,357.4740446012866,2.0056543672905707,6.734014889617089e-16
143.0389793073272,356.9797632292722,0.005638104038064903,356.9740893691876,2.0126783812879623,1.0214197995295965e-15
143.5389793073272,356.47985567213163,0.005665714605835941,356.4741341283611,2.0197023194116195,9.18115986375388e-16
144.0389793073272,355.9799483783205,0.005693402508546085,355.97417887877214,2.026726181716338,1.044486304781187e-15
144.5389793073272,355.48004134894734,0.005721168072575876,355.4742236203856,2.033749968257144,1.0562393070659464e-15
145.0389793073272,354.98013458512696,0.005749011626144589,354.9742683531661,2.040773679089299,1.0681415705666616e-15
145.5389793073272,354.4802280879805,0.0057769334993231945,354.4743130770781,2.0477973142683,1.0201843618782661e-15
146.0389793073272,353.9803218586353,0.005804934024047435,353.97435779208564,2.0548208738498794,1.0317133397953022e-15
146.5389793073272,353.4804158982252,0.005833013534131015,353.47440249815276,2.061844357890011,1.1661410525184503e-15
147.0389793073272,352.9805102078903,0.0058611723652788935,352.97444719524316,2.0688677664449076,9.931430774782868e-16
147.5389793073272,352.48060478877727,0.0058894108551007,352.4744918833204,2.075891099571025,9.416390581940537e-16
148.0389793073272,351.98069964203927,0.005917729343124258,351.9745365623478,2.0829143573250657,9.52341843662741e-16
148.5389793073272,351.48079476883595,0.005946128170809229,351.47458123228836,2.089937539763976,9.631819228502442e-16
149.0389793073272,350.9808901703336,0.005974607681560866,350.9746258931049,2.0969606469449515,8.44273089779834e-16
149.5389793073272,350.4809858477052,0.006003168220743892,350.4746705447601,2.103983678925438,8.539109280034758e-16
150.0389793073272,349.98108180213023,0.006031810135696494,349.97471518721625,2.111006635763133,8.636729352783504e-16
150.5389793073272,349.48117803479505,0.006060533775744439,349.47475982043545,2.1180295175159873,1.0751518688592643e-15
151.0389793073272,348.9812745468928,0.006089339492215306,348.97480444437963,2.12505232424221,1.0874789077431887e-15
151.5389793073272,348.4813713396234,0.006118227638452846,348.4748490590104,2.1320750560002657,8.937219312583865e-16
152.0389793073272,347.9814684141937,0.006147198569831465,347.97489366428925,2.139097712848879,9.03998717468155e-16
152.5389793073272,347.4815657718175,0.006176252643770834,347.4749382601772,2.1461202948470373,1.1254262999552234e-15
153.0389793073272,346.9816634137154,0.0062053902197506125,346.9749828466353,2.153142802053991,9.249543127270839e-16
153.5389793073272,346.48176134111526,0.006234611659325321,346.4750274236241,2.160165234529257,1.007609085490127e-15
154.0389793073272,345.98185955525184,0.006263917326139323,345.9750719911041,2.1671875923326187,8.736544099323656e-16
154.5389793073272,345.4819580573672,0.0062933075859419475,345.4751165490354,2.1742098755241317,7.364785712551067e-16
155.0389793073272,344.98205684871044,0.00632278280660274,344.975161097378,2.1812320841641206,7.450220441606728e-16
155.5389793073272,344.48215593053794,0.006352343358126847,344.47520563609146,2.188254218313186,6.783096289702297e-16
156.0389793073272,343.9822553041134,0.006381989612670532,343.9752501651352,2.195276278032204,7.624461662987695e-16
156.5389793073272,343.4823549707078,0.006411721944556831,343.4752946844684,2.2022982633823296,6.941970932962305e-16
157.0389793073272,342.9824549315996,0.006441540730291344,342.97533919405,2.2093201744249975,7.022977753155486e-16
157.5389793073272,342.4825551880746,0.00647144634857816,342.47538369383847,2.2163420112219248,6.315601205512729e-16
158.0389793073272,341.98265574142624,0.00650143918033593,341.97542818379225,2.2233637738351137,6.389517679679243e-16
158.5389793073272,341.4827565929553,0.006531519608714072,341.47547266386937,2.2303854623268533,6.464410447996736e-16
159.0389793073272,340.9828577439704,0.006561688019109126,340.9755171340277,2.237407076759721,7.357830607263711e-16
159.5389793073272,340.48295919578766,0.006591944799181252,340.47556159422476,2.2444286171965873,9.098626007104833e-16
160.0389793073272,339.98306094973105,0.0066222903388708666,339.97560604441776,2.251450083700615,7.531977727223006e-16
160.5389793073272,339.4831630071322,0.006652725030415434,339.47565048456374,2.2584714763352625,8.4675440429429e-16
161.0389793073272,338.9832653693307,0.006683249268366405,338.9756949146194,2.2654927951642874,6.85402963378582e-16
161.5389793073272,338.4833680376739,0.006713863449606302,338.4757393345412,2.272514040251748,9.535748860883844e-16
162.0389793073272,337.98347101351726,0.00674456797336596,337.9757837442852,2.2795352116620036,7.894386448358009e-16
162.5389793073272,337.4835742982241,0.006775363241241914,337.4758281438074,2.28655630945972,7.988031753738246e-16
163.0389793073272,336.98367789316586,0.006806249657213953,336.97587253306324,2.2935773337098713,7.184827241025958e-16
163.5389793073272,336.4837817997222,0.006837227627662816,336.47591691200796,2.30059828447774,9.087890907412554e-16
164.0389793073272,335.9838860192809,0.006868297561388059,335.9759612805968,2.3076191618289217,8.276564263542499e-16
164.5389793073272,335.4839905532379,0.006899459869626072,335.4760056387842,2.3146399658293264,7.444744264645508e-16
165.0389793073272,334.98409540299764,0.006930714966068263,334.9760499865248,2.3216606965451816,6.592009315508997e-16
165.5389793073272,334.4842005699728,0.006962063266879404,334.4760943237725,2.3286813540430353,5.717929312835886e-16
166.0389793073272,333.98430605558457,0.00699350519071614,333.9761386504811,2.3357019383897564,5.7864785621477365e-16
166.5389793073272,333.4844118612625,0.0070250411587456625,333.4761829666042,2.3427224496525385,7.807940257385567e-16
167.0389793073272,332.98451798844496,0.007056671594664561,332.9762272720949,2.349742887898904,5.926373179575465e-16
167.5389793073272,332.4846244385787,0.007088396924717832,332.4762715669061,2.356763253196704,6.997371182577243e-16
168.0389793073272,331.9847312131193,0.007120217577718067,331.97631585099043,2.3637835456141225,4.046726853709616e-16
168.5389793073272,331.48483831353104,0.007152133985064812,331.4763601243,2.3708037652196783,6.1434185205915465e-16
169.0389793073272,330.9849457412871,0.007184146580764103,330.9764043867869,2.377823912082228,4.1451642507266684e-16
169.5389793073272,330.4850534978695,0.007216255801448182,330.4764486384027,2.384843986270969,6.293089024605254e-16
170.0389793073272,329.9851615847692,0.007248462086395382,329.97649287909866,2.391863987855441,5.307884914749245e-16
170.5389793073272,329.48527000348616,0.007280765877550206,329.4765371088257,2.39888391690553,5.372400571330088e-16
171.0389793073272,328.98537875552955,0.007313167619543579,328.9765813275345,2.4059037734914703,6.525361341922376e-16
171.5389793073272,328.48548784241757,0.007345667759713292,328.4766255351754,2.4129235576838473,6.604920088538422e-16
172.0389793073272,327.98559726567777,0.007378266748124624,327.97666973169834,2.4199432695536007,7.799835657213019e-16
172.5389793073272,327.48570702684697,0.007410965037591167,327.47671391705296,2.4269629091720275,6.767338110927103e-16
173.0389793073272,326.9858171274713,0.007443763083695825,326.9767580911886,2.4339824766107836,7.421083817819533e-16
173.5389793073272,326.4859275691064,0.00747666134481202,326.4768022540542,2.441001971941888,8.667837602645841e-16
174.0389793073272,325.98603835331744,0.007509660282125084,325.9768464055983,2.4480213952377246,8.774340433623223e-16
174.5389793073272,325.48614948167915,0.007542760359653854,325.47689054576927,2.4550407465710458,1.0658783923633777e-15
175.0389793073272,324.9862609557759,0.007575962044272463,324.97693467451495,2.462060026014976,8.392345653838666e-16
175.5389793073272,324.48637277720184,0.007609265805732331,324.476978791783,2.4690792336430136,1.0923360673396899e-15
176.0389793073272,323.98648494756094,0.007642672116684365,323.97702289752056,2.4760983695290326,9.829705027109954e-16
176.5389793073272,323.48659746846704,0.00767618145270136,323.47706699167446,2.48311743374729,1.2439288813856112e-15
177.0389793073272,322.9867103415439,0.007709794292300609,322.9771110741912,2.490136426372424,1.0704536658079724e-15
177.5389793073272,322.48682356842545,0.007743511116966724,322.4771551450169,2.4971553474794597,1.0200012440374073e-15
178.0389793073272,321.98693715075564,0.007777332411174672,321.9771992040974,2.5041741971438127,1.0972353781465832e-15
178.5389793073272,321.48705109018863,0.007811258662413017,321.477243251378,2.5111929754412903,8.49518452105918e-16
179.0389793073272,320.98716538838886,0.007845290361207393,320.97728728680363,2.518211682448095,1.1247743828006634e-15
179.5389793073272,320.48728004703116,0.007879428001144181,320.4773313103191,2.525230318240829,8.708740549711506e-16
180.0389793073272,319.98739506780083,0.007913672078894422,319.9773753218685,2.5322488828964973,9.49607291211942e-16
180.5389793073272,319.48751045239356,0.007948023094237946,319.4774193213958,2.5392673764925093,8.928364018917164e-16
181.0389793073272,318.9876262025158,0.00798248155008773,318.97746330884445,2.546285799106685,9.735934793614253e-16
181.5389793073272,318.48774231988455,0.008017047952514485,318.4775072841575,2.5533041508172523,9.85842010002054e-16
182.0389793073272,317.9878588062277,0.008051722810771477,317.9775512472777,2.5603224317028594,8.556552164815027e-16
182.5389793073272,317.48797566328386,0.008086506637319578,317.4775951981473,2.5673406418425695,1.0108634562531815e-15
183.0389793073272,316.98809289280274,0.008121399947852558,316.9776391367082,2.5743587813158704,9.50524638331866e-16
183.5389793073272,316.488210496545,0.00815640326132262,316.4776830629019,2.581376850202675,9.625596045315723e-16
184.0389793073272,315.98832847628233,0.008191517099966163,315.97772697666954,2.5883948485833237,1.049748550457891e-15
184.5389793073272,315.48844683379775,0.008226741989329807,315.47777087795174,2.5954127765385904,1.2908859692336748e-15
185.0389793073272,314.9885655708855,0.008262078458296657,314.97781476668877,2.602430634149686,1.0766076864587452e-15
185.5389793073272,314.4886846893512,0.008297527039112818,314.47785864282037,2.6094484214982594,9.34565975926068e-16
186.0389793073272,313.988804191012,0.008333088267414164,313.97790250628606,2.616466138666405,1.183118061129002e-15
186.5389793073272,313.4889240776965,0.008368762682253363,313.4779463570248,2.6234837857366617,9.58594715186361e-16
187.0389793073272,312.98904435124507,0.008404550826127158,312.97799019497523,2.6305013627920197,1.0517753246425373e-15
187.5389793073272,312.48916501350976,0.00844045324500392,312.4780340200753,2.6375188699159247,8.194347492082727e-16
188.0389793073272,311.98928606635445,0.008476470488351455,311.9780778322629,2.644536307192278,1.07895024799498e-15
188.5389793073272,311.48940751165503,0.008512603109165075,311.4781216314752,2.6515536747054456,1.0087695631876068e-15
189.0389793073272,310.9895293512993,0.00854885166399596,310.97816541764894,2.6585709725402555,8.514759330716958e-16
189.5389793073272,310.4896515871873,0.008585216712979774,310.4782091907206,2.6655882007820093,7.76221315101647e-16
190.0389793073272,309.9897742212313,0.008621698819865561,309.978252950626,2.672605359516479,7.862583953039032e-16
190.5389793073272,309.48989725535574,0.008658298552044932,309.47829669730055,2.679622448829914,8.849354647585879e-16
191.0389793073272,308.99002069149765,0.008695016480581522,308.97834043067934,2.686639468809046,8.96415848621605e-16
191.5389793073272,308.49014453160646,0.008731853180240745,308.47838415069685,2.6936564195410906,9.08064282313896e-16
192.0389793073272,307.9902687776443,0.00876880922951983,307.97842785728716,2.700673301113754,8.278951550620849e-16
192.5389793073272,307.490393431586,0.008805885210678146,307.4784715503838,2.7076901136152345,7.455010460643395e-16
193.0389793073272,306.9905184954193,0.008843081709767844,306.97851522991994,2.7147068571342285,8.496409746720875e-16
193.5389793073272,306.4906439711446,0.008880399316664773,306.4785588958281,2.721723531759933,1.0520334611030346e-15
194.0389793073272,305.99076986077574,0.008917838625099716,305.97860254804056,2.7287401375820517,9.689248346110865e-16
194.5389793073272,305.4908961663394,0.008955400232689929,305.47864618648885,2.7357566746907986,9.816408604604951e-16
195.0389793073272,304.9910228898756,0.008993084740970981,304.9786898111041,2.7427731431769002,7.95636146591639e-16
195.5389793073272,304.49115003343775,0.009030892755428923,304.47873342181714,2.749789543131603,9.068768176060356e-16
196.0389793073272,303.99127759909277,0.009068824885532765,303.978777018558,2.7568058746466764,7.146518386393648e-16
196.5389793073272,303.49140558892105,0.00910688174476727,303.4788206012563,2.7638221378144165,7.240934901169571e-16
197.0389793073272,302.9915340050167,0.00914506395066608,302.9788641698412,2.7708383327276507,5.240542036681241e-16
197.5389793073272,302.49166284948774,0.009183372124845175,302.47890772424137,2.777854459479743,7.43401360409185e-16
198.0389793073272,301.99179212445597,0.009221806893036645,301.9789512643848,2.7848705181646,8.608826233349278e-16
198.5389793073272,301.4919218320573,0.009260368885122822,301.4789947901991,2.7918865088766696,8.723327008711392e-16
199.0389793073272,300.99205197444184,0.00929905873517073,300.9790383016114,2.7989024317109537,6.629659556027904e-16
199.5389793073272,300.49218255377383,0.0093378770814669,300.47908179854807,2.8059182867630064,7.837823132236011e-16
200.0389793073272,299.992313572232,0.00937682456655251,299.97912528093514,2.8129340741289415,5.673284054328273e-16
200.5389793073272,299.4924450320095,0.009415901837258898,299.47916874869793,2.8199497939054368,8.623877691416904e-16
201.0389793073272,298.99257693531433,0.00945510954474342,298.97921220176147,2.8269654461897407,1.0487461097611053e-15
201.5389793073272,298.49270928436897,0.009494448344525666,298.4792556400499,2.833981031079673,6.49511479554237e-16
202.0389793073272,297.9928420814109,0.009533918896524047,297.9792990634872,2.8409965486736333,7.779354802492973e-16
202.5389793073272,297.4929753286926,0.00957352186509275,297.47934247199623,2.8480119990706037,7.884233639902458e-16
203.0389793073272,296.99310902848157,0.009613257919059067,296.97938586549986,2.855027382370156,6.146698310421283e-16
203.5389793073272,296.4932431830607,0.009653127731761087,296.47942924392,2.862042698672455,8.098804321050842e-16
204.0389793073272,295.99337779472825,0.009693131981085797,295.97947260717814,2.8690579480782645,6.945696767126667e-16
204.5389793073272,295.49351286579787,0.009733271349507543,295.4795159551951,2.876073130688952,5.119984653650961e-16
205.0389793073272,294.99364839859896,0.0097735465241269,294.97955928789116,2.883088246606494,6.487004543275225e-16
205.5389793073272,294.49378439547667,0.009813958196709925,294.4796026051861,2.890103295933481,6.575363358754222e-16
206.0389793073272,293.99392085879197,0.009854507063727825,293.9796459069989,2.897118278773123,7.998096091641298e-16
206.5389793073272,293.494057790922,0.009895193826397013,293.47968919324796,2.904133195229256,6.080560144812935e-16
207.0389793073272,292.99419519426,0.009936019190719588,292.97973246385124,2.911148045406345,6.163812564123941e-16
207.5389793073272,292.4943330712155,0.009976983867524221,292.47977571872593,2.9181628294094915,5.554089815550137e-16
208.0389793073272,291.9944714242146,0.010018088572507468,291.97981895778855,2.9251775473444384,5.63039796169396e-16
208.5389793073272,291.4946102556999,0.0100593340262755,291.47986218095525,2.9321921993175746,7.134861226671228e-16
209.0389793073272,290.99474956813077,0.010100720954386274,290.97990538814116,2.939206785435944,6.509906208795832e-16
209.5389793073272,290.4948893639834,0.010142250087392123,290.4799485792611,2.9462213058072457,5.866501718707002e-16
210.0389793073272,289.9950296457511,0.010183922160882805,289.97999175422905,2.9532357605398443,8.178040000620502e-16
210.5389793073272,289.49517041594436,0.010225737915528983,289.4800349129584,2.960250149742774,6.030096118264937e-16
211.0389793073272,288.99531167709085,0.010267698097126165,288.98007805536184,2.9672644735257454,7.64226966835322e-16
211.5389793073272,288.4954534317358,0.010309803456639096,288.4801211813515,2.974278731999149,7.74855844068747e-16
212.0389793073272,287.9955956824421,0.010352054750246613,287.98016429083856,2.981292925274062,5.4995605447474e-16
212.5389793073272,287.49573843179036,0.010394452739386972,287.4802073837339,2.98830705346226,4.779701212306194e-16
213.0389793073272,286.99588168237915,0.010436998190803641,286.98025045994746,2.995321116676214,4.0387745105693924e-16
213.5389793073272,286.4960254368251,0.01047969187659158,286.4802935193885,3.002335115029102,5.733480444940468e-16
214.0389793073272,285.9961696977631,0.010522534574243996,285.9803365619657,3.0093490486348147,7.475050388805099e-16
214.5389793073272,285.4963144678464,0.010565527066699606,285.4803795875869,3.01636291760796,5.895649247765142e-16
215.0389793073272,284.99645974974686,0.010608670142390376,284.98042259615937,3.0233767220638725,7.686856802971765e-16
215.5389793073272,284.496605546155,0.01065196459528978,284.4804655875894,3.0303904621186155,7.795288844847897e-16
216.0389793073272,283.9967518597804,0.01069541122496156,283.9805085617828,3.037404137888993,9.66221250067925e-16
216.5389793073272,283.49689869335145,0.010739010836609006,283.48055151864463,3.044417749492551,8.908178480559132e-16
217.0389793073272,282.99704604961596,0.010782764241124756,282.98059445807917,3.0514312970475874,1.1744867557769261e-15
217.5389793073272,282.49719393134103,0.010826672255141119,282.4806373799898,3.0584447806731574,1.2828017934681352e-15
218.0389793073272,281.9973423413133,0.010870735701080946,281.98068028427923,3.06545820048908,9.293283846532516e-16
218.5389793073272,281.49749128233924,0.010914955407209033,281.48072317084956,3.0724715566159464,9.425791917116209e-16
219.0389793073272,280.9976407572452,0.010959332207684074,280.980766039602,3.079484849175127,9.56043161956899e-16
219.5389793073272,280.4977907688776,0.011003866942611169,280.48080889043683,3.086498078288775,7.75779291745361e-16
220.0389793073272,279.99794132010317,0.0110485604580949,279.9808517232539,3.0935112440798376,7.86900755692271e-16
220.5389793073272,279.498092413809,0.011093413606292965,279.4808945379519,3.10052434667206,7.982020988420278e-16
221.0389793073272,278.99824405290286,0.011138427245470404,278.980937334429,3.107537386189995,9.108973818182813e-16
221.5389793073272,278.49839624031335,0.011183602240054392,278.48098011258224,3.1145503627590085,1.0266968109840169e-15
222.0389793073272,277.9985489789901,0.011228939460689636,277.98102287230813,3.121563276505289,1.0415226635934572e-15
222.5389793073272,277.49870227190377,0.011274439784294361,277.4810656135023,3.1285761275558523,7.39613039879142e-16
223.0389793073272,276.9988561220466,0.01132010409411691,276.98110833605944,3.1355889160385506,8.575226992296427e-16
223.5389793073272,276.4990105324324,0.011365933279792953,276.4811510398735,3.1426016420820813,9.7872037685171e-16
224.0389793073272,275.9991655060966,0.011411928237403317,275.9811937248375,3.149614305815991,8.826286009754229e-16
224.5389793073272,275.4993210460966,0.011458089869532452,275.48123639084366,3.156626907370688,7.835548162848681e-16
225.0389793073272,274.9994771555122,0.011504419085327521,274.9812790377833,3.163639446877446,8.517799851223455e-16
225.5389793073272,274.49963383744523,0.01155091680055815,274.48132166554683,3.1706519244684146,6.913910777046324e-16
226.0389793073272,273.9997910950204,0.011597583937676823,273.98136427402386,3.177664340276626,7.5998286646679875e-16
226.5389793073272,273.49994893138495,0.011644421425879941,273.481406863103,3.184676694436004,8.304586686811885e-16
227.0389793073272,273.00010734970925,0.011691430201169554,272.9814494326721,3.191688987081372,1.0834370583135866e-15
227.5389793073272,272.50026635318676,0.011738611206415771,272.4814919826179,3.1987012183484596,7.940126583412951e-16
228.0389793073272,272.00042594503446,0.01178596539141985,271.9815345128264,3.205713388373915,6.197959125084864e-16
228.5389793073272,271.5005861284929,0.011833493712978,271.4815770231826,3.212725497295309,6.289630408444524e-16
229.0389793073272,271.0007469068264,0.011881197134945875,270.9816195135705,3.2197375452511467,7.65939766847315e-16
229.5389793073272,270.50090828332344,0.011929076628303793,270.4816619838732,3.226749532380873,5.829831451330365e-16
230.0389793073272,270.0010702612967,0.011977133171222669,269.98170443397294,3.233761458824886,3.944362052853164e-16
230.5389793073272,269.50123284408346,0.012025367749130692,269.48174686375074,3.240773324724541,6.004709782962004e-16
231.0389793073272,269.0013960350456,0.012073781354780736,268.981789273087,3.2477851302221628,5.417207785039798e-16
231.5389793073272,268.5015598375701,0.012122374988318533,268.4818316618607,3.2547968754610537,6.185517761050082e-16
232.0389793073272,268.00172425506895,0.012171149657351594,267.98187402995023,3.2618085605855005,6.975794578584189e-16
232.5389793073272,267.5018892909797,0.012220106377018921,267.4819163772326,3.268820185740788,7.080533058028337e-16
233.0389793073272,267.0020549487656,0.012269246170061487,266.98195870358416,3.2758317510732047,5.749636595316015e-16
233.5389793073272,266.50222123191566,0.012318570066893516,266.4820010088799,3.2828432567300534,6.565829500146458e-16
234.0389793073272,266.00238814394515,0.012368079105674567,265.982043292994,3.289854702859663,9.627186829012918e-16
234.5389793073272,265.5025556883957,0.012417774332382423,265.48208555579953,3.2968660896113935,9.772837467945754e-16
235.0389793073272,265.0027238688356,0.01246765680088682,264.98212779716835,3.30387741713565,7.631518581340243e-16
235.5389793073272,264.5028926888599,0.01251772757302399,264.4821700169715,3.31088868558389,6.197934864678059e-16
236.0389793073272,264.00306215209093,0.01256798771867208,263.9822122150787,3.3178998951086336,7.078773959501888e-16
236.5389793073272,263.5032322621784,0.012618438315827395,263.48225439135865,3.3249110458634767,7.98521393445119e-16
237.0389793073272,263.0034030227997,0.01266908045068154,262.9822965456791,3.3319221380030974,8.107185880492304e-16
237.5389793073272,262.5035744376601,0.012719915217699425,262.4823386779065,3.338933171683268,7.408133773069754e-16
238.0389793073272,262.00374651049304,0.012770943719698166,261.98238078790615,3.345944147060864,5.850233116893111e-16
238.5389793073272,261.50391924506044,0.012822167067926894,261.4824228755423,3.352955064293878,6.788700383364792e-16
239.0389793073272,261.0040926451529,0.012873586382147483,260.98246494067797,3.3599659235414254,3.4466002454250126e-16
239.5389793073272,260.50426671459013,0.012925202790716194,260.4825069831751,3.3669767249637594,5.249636549983147e-16
240.0389793073272,260.00444145722105,0.012977017430666277,259.9825490028944,3.373987468722282,7.107680214819302e-16
240.5389793073272,259.50461687692416,0.013029031447791517,259.4825909996954,3.380998154979552,3.6088653940199656e-16
241.0389793073272,259.00479297760774,0.013081245996730745,258.9826329734364,3.3880087838992954,5.497277803761193e-16
241.5389793073272,258.50496976321034,0.013133662241053341,258.4826749239745,3.3950193556464248,5.582727351292995e-16
242.0389793073272,258.0051472377008,0.013186281353345717,257.98271685116555,3.4020298703870395,4.724729489436326e-16
242.5389793073272,257.50532540507874,0.013239104515298814,257.4827587548642,3.4090403282884454,3.838767454249648e-16
243.0389793073272,257.0055042693748,0.013292132917796618,256.98280063492376,3.416050729519162,2.9240923166297223e-16
243.5389793073272,256.5056838346509,0.013345367761005714,256.4828424911964,3.4230610742489387,3.959870858615121e-16
244.0389793073272,256.00586410500057,0.013398810254465878,255.98288432353277,3.430071362648761,3.0165236753279916e-16
244.5389793073272,255.50604508454938,0.013452461617181746,255.48292613178253,3.4370815948908686,2.0426465675685574e-16
245.0389793073272,255.00622677745505,0.01350632307771555,254.98296791579384,3.4440917711487637,1.0374193195466579e-16
245.5389793073272,254.50640918790788,0.013560395874280949,254.4830096754135,3.451101891597223,3.161404637983854e-16
246.0389793073272,254.006592320131,0.01361468125483797,253.98305141048712,3.4581119564123135,2.140951261860112e-16
246.5389793073272,253.50677617838082,0.01366918047718907,253.48309312085885,3.465121965771402,1.0874473659046818e-16
247.0389793073272,253.00696076694723,0.013723894809076338,252.98313480637145,3.472131919853171,3.3141680075216783e-16
247.5389793073272,252.50714609015398,0.01377882552827984,252.48317646686635,3.4791418188376277,-0.0
248.0389793073272,252.00733215235903,0.013833973922717152,251.9832181021836,3.4861516629061207,2.2804166107944847e-16
248.5389793073272,251.50751895795483,0.013889341290544067,251.48325971216173,3.4931614522413508,1.7376467040748858e-16
249.0389793073272,251.00770651136875,0.013944928940256509,250.98330129663793,3.5001711870273873,4.119438879000874e-16
249.5389793073272,250.50789481706337,0.014000738190793656,250.48334285544794,3.507180867449678,-1.1958691066567576e-16
250.0389793073272,250.0080838795368,0.014056770371642323,249.98338438842595,3.514190493695064,-0.0
250.5389793073272,249.50827370332314,0.014113026822942572,249.48342589540485,3.5212000659517977,1.8520123240109285e-16
251.0389793073272,249.00846429299273,0.014169508895594613,248.9834673762158,3.5282095844095496,6.273040156820412e-17
251.5389793073272,248.50865565315254,0.014226217951366983,248.4835088306886,3.5352190492594286,6.374521206730248e-17
252.0389793073272,248.00884778844662,0.014283155363006037,247.9835502586515,3.542228460693993,6.477854391632083e-17
252.5389793073272,247.50904070355637,0.01434032251434677,247.4835916599312,3.5492378189072675,1.3166154727641211e-16
253.0389793073272,247.00923440320094,0.014397720800424967,246.98363303435275,3.5562471240947557,-0.0
253.5389793073272,246.50942889213766,0.014455351627590741,246.4836743817398,3.5632563764534564,-1.3598695038891757e-16
254.0389793073272,246.0096241751624,0.014513216413623435,245.98371570191424,3.5702655761818782,-0.0
254.5389793073272,245.50982025710994,0.01457131658784793,245.48375699469645,3.5772747234800555,2.1070950438520977e-16
255.0389793073272,245.01001714285434,0.014629653591252383,244.98379825990506,3.5842838185495616,2.1416751334070622e-16
255.5389793073272,244.51021483730943,0.014688228876607408,244.4838394973571,3.591292861593528,2.1768954728928337e-16
256.03897930732717,244.0104133454292,0.014747043908586704,243.9838807068681,3.5983018528166566,7.375897554744153e-17
256.53897930732717,243.51061267220808,0.014806100163889205,243.48392188825153,3.60531079242524,-0.0
257.03897930732717,243.01081282268152,0.014865399131362686,242.98396304131947,3.6123196806271722,1.524354360472628e-16
257.53897930732717,242.51101380192628,0.014924942312128937,242.4840041658821,3.61932851763197,7.748159869733296e-17
258.03897930732717,242.01121561506102,0.014984731219710477,241.984045261748,3.626337303650787,2.3630737296247347e-16
258.53897930732717,241.51141826724654,0.015044767380158827,241.4840863287238,3.6333460388964305,3.2032315050528515e-16
259.03897930732717,241.01162176368632,0.015105052332184395,240.9841273666145,3.6403547235833797,1.6283418533386015e-16
259.53897930732717,240.511826109627,0.015165587627287976,240.48416837522322,3.647363357927803,-8.277855510102848e-17
260.03897930732717,240.01203131035874,0.015226374829893882,239.9842093543512,3.6543719421475727,8.416570248440053e-17
260.53897930732717,239.51223737121566,0.015287415517484753,239.48425030379792,3.661380476462287,-8.557907457035572e-17
261.03897930732717,239.0124442975764,0.015348711280738054,238.98429122336094,3.6683889610932825,8.701922361806707e-17
261.53897930732717,238.5126520948645,0.015410263723664282,238.48433211283592,3.675397396263659,1.769734294187436e-16
262.03897930732717,238.01286076854896,0.015472074463746918,237.9843729720166,3.682405782198292,-8.998212607428456e-17
262.53897930732717,237.5130703241446,0.01553414513208415,237.48441380069485,3.689414119123854,-1.83012098850964e-16
263.03897930732717,237.0132807672126,0.015596477373532373,236.98445459866053,3.6964224072688334,-3.722363612081047e-16
263.53897930732717,236.513492103361,0.015659072846851523,236.48449536570143,3.7034306468635507,-9.464186842260091e-17
264.03897930732717,236.01370433824516,0.01572193322485225,235.98453610160354,3.710438838140182,-0.0
264.53897930732717,235.5139174775683,0.015785060194544957,235.48457680615059,3.717446981332775,-9.789918835698533e-17
265.03897930732717,235.014131527082,0.015848455457290765,234.98461747912438,3.7244550766772697,9.957504382434097e-17
265.53897930732717,234.51434649258664,0.01591212072895437,234.48465812030463,3.7314631244115217,-2.0256652924112906e-16
266.03897930732717,234.01456237993204,0.015976057740058888,233.9846987294689,3.738471124775316,-0.0
266.53897930732717,233.51477919501792,0.016040268235942668,233.4847393063927,3.7454790780103933,-1.0479960378994696e-16
267.03897930732717,233.01499694379442,0.016104753976918136,232.98477985084932,3.752486984360466,-0.0
267.53897930732717,232.51521563226265,0.01616951673843268,232.4848203626099,3.759494844071244,1.0845397678177593e-16
268.03897930732717,232.0154352664753,0.01623455831123162,231.9848608414434,3.7665026573904528,-0.0
268.53897930732717,231.51565585253707,0.016299880501523263,231.4849012871165,3.773510424567856,-0.0
269.03897930732717,231.01587739660533,0.016365485131146135,230.98494169939357,3.7805181458552743,1.1420766191125249e-16
269.53897930732717,230.5160999048907,0.016431374037738363,230.48498207803686,3.787525821506614,-2.9050328456442674e-16
270.03897930732717,230.01632338365752,0.016497549074909273,229.98502242280614,3.7945334517778844,-0.0
270.53897930732717,229.51654783922453,0.01656401211241322,229.48506273345896,3.8015410369272193,-2.406145411714851e-16
271.03897930732717,229.01677327796546,0.016630765036325705,228.98510300975047,3.8085485772149057,-0.0
271.53897930732717,228.51699970630955,0.016697809749221797,228.48514325143333,3.815556072903401,1.2457727857384247e-16
272.03897930732717,228.0172271307422,0.01676514817035689,227.98518345825786,3.82256352425736,6.338803737208469e-17
272.53897930732717,227.5174555578057,0.016832782235849858,227.485223629972,3.8295709315436586,-6.450932783004091e-17
273.03897930732717,227.0176849940996,0.016900713898868616,226.985263766321,3.836578295031417,-6.56529962827153e-17
273.53897930732717,226.51791544628153,0.016968945129818138,226.4853038670478,3.8435856149920213,-6.681954022988171e-17
274.03897930732717,226.01814692106785,0.01703747791653097,225.98534393189266,3.8505928916991565,-6.800946936682635e-17
274.53897930732717,225.5183794252342,0.01710631426446028,225.4853839605933,3.8576001254288244,-1.3844661182247316e-16
275.03897930732717,225.01861296561617,0.017175456196875456,224.98542395288484,3.8646073164593684,-1.4092316987920568e-16
275.53897930732717,224.51884754911003,0.017244905755060345,224.4854639084998,3.871614465071506,-7.172485473343308e-17
276.03897930732717,224.01908318267337,0.01731466499851413,223.98550382716792,3.878621571548348,-1.4602735427117702e-16
276.53897930732717,223.5193198733257,0.01738473600515489,223.48554370861626,3.8856286361754284,-0.0
277.03897930732717,223.01955762814936,0.017455120871525925,222.98558355256924,3.892635659240733,-7.56702971545155e-17
277.53897930732717,222.51979645428997,0.017525821713004812,222.48562335874843,3.899642641034722,7.703928961895879e-17
278.03897930732717,222.0200363589573,0.017596840664015328,221.98566312687257,3.9066495818503566,1.5687245035171065e-16
278.53897930732717,221.5202773494259,0.017668179878242228,221.48570285665755,3.9136564819831365,-0.0
279.03897930732717,221.02051943303593,0.017739841528848912,220.98574254781647,3.9206633417311165,-8.131648298511202e-17
279.53897930732717,220.5207626171938,0.01781182780869808,220.4857822000594,3.927670161394942,8.28011242097327e-17
280.03897930732717,220.021006909373,0.01788414093057537,219.98582181309354,3.9346769412778753,1.6863269471570466e-16
280.53897930732717,219.52125231711477,0.017956783127416068,219.48586138662304,3.9416836816858267,1.7172570839332324e-16
281.03897930732717,219.02149884802895,0.0180297566525349,218.98590092034902,3.9486903829273814,2.6232409275202153e-16
281.53897930732717,218.52174650979478,0.018103063779858982,218.48594041396967,3.955697045313835,-8.90526152930595e-17
282.03897930732717,218.02199531016157,0.018176706804163993,217.98597986717988,3.962703669159218,-0.0
282.53897930732717,217.52224525694962,0.01825068804131356,217.48601927967147,3.9697102547803302,-9.237638573074327e-17
283.03897930732717,217.02249635805094,0.018325009828501986,216.9860586511331,3.9767168024967705,9.409047654724147e-17
283.53897930732717,216.52274862143022,0.01839967452450031,216.4860979812502,3.983723312630972,9.584045228490972e-17
284.03897930732717,216.02300205512552,0.018474684509905793,215.98613726970493,3.9907297855082295,-0.0
284.53897930732717,215.52325666724914,0.018550042187394887,215.4861765161761,3.997736221456736,9.945142772882728e-17
285.03897930732717,215.02351246598855,0.01862574998197969,214.9862157203392,4.004742620807612,2.026283329059891e-16
285.53897930732717,214.52376945960722,0.018701810341268017,214.4862548818663,4.011748983894944,3.096488080899283e-16
286.03897930732717,214.0240276564455,0.018778225735727107,213.98629400042614,4.018755311055815,-0.0
286.53897930732717,213.5242870649215,0.018854998658951013,213.48633307568377,4.025761602630341,1.0714229869257314e-16
287.03897930732717,213.0245476935321,0.01893213162793177,212.98637210730095,4.032767858961703,1.0916815141640277e-16
287.53897930732717,212.52480955085366,0.01900962718333438,212.48641109493562,4.039774080396186,1.112372223232278e-16
288.03897930732717,212.0250726455432,0.019087487889775684,211.98645003824228,4.046780267283213,-5.667526927688295e-17
288.53897930732717,211.52533698633917,0.019165716336107176,211.48648893687172,4.053786419975383,-0.0
289.03897930732717,211.0256025820625,0.01924431513570185,210.98652779047097,4.060792538828505,-0.0
289.53897930732717,210.52586944161754,0.019323286926745113,210.48656659868328,4.067798624201637,-0.0
290.03897930732717,210.02613757399308,0.019402634372529853,209.9866053611482,4.074804676457127,-6.113387904816818e-17
290.53897930732717,209.5264069882633,0.019482360161755728,209.48664407750124,4.081810695960646,-3.7385603330342273e-16
291.03897930732717,209.0266776935888,0.019562467008832747,208.98668274737415,4.088816683081235,-2.540411975750149e-16
291.53897930732717,208.52694969921768,0.019642957654189202,208.48672137039455,4.095822638191331,-1.9421213071111486e-16
292.03897930732717,208.02722301448657,0.019723834864584053,207.98675994618623,4.102828561666822,-0.0
292.53897930732717,207.52749764882162,0.0198051014334238,207.48679847436875,4.109834453887081,2.018172925272049e-16
293.03897930732717,207.0277736117397,0.01988676018108396,206.98683695455756,4.116840315235006,-1.3716344797854557e-16
293.53897930732717,206.52805091284935,0.019968813955235205,206.486875386364,4.123846146097064,6.991976857611772e-17
294.03897930732717,206.02832956185205,0.020051265631174226,205.9869137693951,4.130851946863335,-0.0
294.53897930732717,205.52860956854315,0.020134118112159434,205.4869521032536,4.13785771792755,1.453698893280566e-16
295.03897930732717,205.0288909428132,0.020217374329751566,204.98699038753787,4.14486345968714,1.4822708093477252e-16
295.53897930732717,204.529173694649,0.020301037244159284,204.4870286218419,4.15186917254328,2.2672145235956333e-16
296.03897930732717,204.02945783413475,0.020385109844589824,203.98706680575515,4.158874856900925,3.8533279184992106e-16
296.53897930732717,203.52974337145335,0.020469595149604843,203.48710493886256,4.165880513168872,3.9296283647222134e-16
297.03897930732717,203.03003031688752,0.02055449620748149,202.98714302074447,4.1728861417597924,3.2061068106765975e-16
297.53897930732717,202.53031868082107,0.020639816096578816,202.48718105097663,4.179891743090284,2.4524314784265075e-16
298.03897930732717,202.03060847374007,0.020725557925709646,201.98721902912988,4.186897317580917,8.337857629372722e-17
298.53897930732717,201.53089970623427,0.020811724834517945,201.48725695477046,4.193902865656287,2.5513844177847826e-16
299.03897930732717,201.03119238899816,0.02089831999386182,200.98729482745958,4.200908387745057,4.3375674758908835e-16
299.53897930732717,200.5314865328325,0.02098534660620226,200.48733264675369,4.2079138842800115,2.6548538761937393e-16
300.03897930732717,200.03178214864548,0.021072807905997665,199.9873704122041,4.214919355698107,2.708353760947736e-16
300.53897930732717,199.53207924745413,0.021160707160104326,199.48740812335714,4.2219248024405225,-9.210233739675956e-17
301.03897930732717,199.03237784038564,0.021249047668182922,198.98744577975393,4.22893022495271,-9.396779255801603e-17
301.53897930732717,198.53267793867877,0.02133783276311114,198.48748338093048,4.2359356236844485,9.587588013953971e-17
302.03897930732717,198.03297955368527,0.021427065811402565,197.9875209264174,4.242940999089898,-0.0
302.53897930732717,197.53328269687125,0.021516750213631884,197.48755841574007,4.249946351627651,-9.982432519214948e-17
303.03897930732717,197.03358737981867,0.021606889404866585,196.98759584841832,4.256951681760793,-1.018669461255964e-16
303.53897930732717,196.53389361422677,0.021697486855105225,196.48763322396655,4.263956989956952,-1.0395672830788153e-16
304.03897930732717,196.03420141191359,0.021788546069722387,195.98767054189355,4.270962276688359,-1.0609488495760936e-16
304.53897930732717,195.53451078481743,0.021880070589920468,195.4877078017024,4.277967542431903,-1.0828266371522657e-16
305.03897930732717,195.03482174499845,0.021972063993188396,194.9877450028905,4.284972787669195,-2.2104269542237412e-16
305.53897930732717,194.53513430464022,0.02206452989376741,194.48778214494942,4.291978012886621,-0.0
306.03897930732717,194.03544847605124,0.022157471943124032,193.98781922736475,4.298983218575403,-4.606269922091535e-16
306.53897930732717,193.53576427166658,0.022250893830430357,193.4878562496161,4.305988405231665,-2.351124364675446e-16
307.03897930732717,193.03608170404956,0.0223447992830518,192.98789321117707,4.312993573356487,-1.2001210372666578e-16
307.53897930732717,192.5364007858933,0.022439192067042424,192.48793011151497,4.319998723455977,-3.67577647322656e-16
308.03897930732717,192.03672153002253,0.022534075987648002,191.987966950091,4.327003856041327,-3.752972249671181e-16
308.53897930732717,191.53704394939518,0.02262945488981694,191.4880037263598,4.334008971628884,-2.554664920719504e-16
309.03897930732717,191.0373680571042,0.022725332658719198,190.98804043976975,4.34101407074021,-4.565050199312716e-16
309.53897930732717,190.53769386637924,0.0228217132202734,190.48807708976264,4.348019153902154,-3.3297752742509173e-16
310.03897930732717,190.03802139058854,0.022918600541682217,189.98811367577358,4.355024221646916,-5.440718690114791e-16
310.53897930732717,189.53835064324068,0.023015998631976228,189.48815019723094,4.362029274512119,-2.778252597301083e-16
311.03897930732717,189.0386816379864,0.023113911542566395,188.9881866535563,4.369034313040879,-4.965688198054541e-16
311.53897930732717,188.53901438862056,0.023212343367805314,188.48822304416439,4.376039337781869,-2.898247093415588e-16
312.03897930732717,188.03934890908397,0.023311298245557402,187.98825936846265,4.383044349289402,-4.4406357550643116e-16
312.53897930732717,187.5396852134654,0.023410780357778188,187.4882956258516,4.390049348123497,-3.0241057751289163e-16
313.03897930732717,187.04002331600344,0.023510793931102888,186.9883318157245,4.397054334849955,-7.723333777059529e-17
313.53897930732717,186.54036323108863,0.023611343237444418,186.48836793746716,4.404059310040436,-2.3671116404993393e-16
314.03897930732717,186.04070497326538,0.023712432594601048,185.98840399045798,4.411064274272534,-4.836892293346714e-16
314.53897930732717,185.54104855723406,0.02381406636687384,185.48843997406775,4.418069228129856,-4.11839485146765e-16
315.03897930732717,185.04139399785313,0.0239162489656941,184.98847588765963,4.425074172202099,-5.04983638006451e-16
315.53897930732717,184.54174131014125,0.02401898485026101,184.4885117305889,4.432079107085134,-6.020292300040222e-16
316.03897930732717,184.0420905092794,0.02412227852818963,183.9885475022029,4.439084033381085,-5.273389013494788e-16
316.53897930732717,183.5424416106132,0.024226134556169465,183.48858320184104,4.446088951698412,-8.083990040957816e-16
317.03897930732717,183.042794629655,0.024330557540633808,182.98861882883446,4.453093862651998,-7.344187677348381e-16
317.53897930732717,182.54314958208622,0.024435552138440085,182.488654382506,4.46009876686323,-6.568229180626389e-16
318.03897930732717,182.0435064837597,0.024541123057561363,181.98868986217016,4.4671036649600895,-6.713838301746744e-16
318.53897930732717,181.54386535070196,0.024647275057789284,181.48872526713282,4.47410855757724,-4.902207219920212e-16
319.03897930732717,181.04422619911563,0.024754012951448603,180.98876059669118,4.481113445356116,-8.018384168310263e-16
319.53897930732717,180.5445890453819,0.024861341604123607,180.48879585013364,4.488118328945018,-8.197635532391178e-16
320.03897930732717,180.04495390606294,0.02496926593539658,179.9888310267397,4.495123208999196,-6.286056717701252e-16
320.53897930732717,179.54532079790442,0.02507779091959862,179.4888661257796,4.5021280861809565,-4.2849157840412704e-16
321.03897930732717,179.04568973783807,0.025186921586572975,178.98890114651454,4.509132961159747,-6.572275825721112e-16
321.53897930732717,178.54606074298425,0.025296663022451215,178.48893608819625,4.516137834612256,-4.480576350046413e-16
322.03897930732717,178.04643383065462,0.02540702037044243,177.98897095006694,4.52314270722252,-5.154933220158324e-16
322.53897930732717,177.54680901835474,0.02551799883163575,177.48900573135913,4.530147579682011,-3.514761459736804e-16
323.03897930732717,177.0471863237869,0.025629603665816434,176.98904043129554,4.5371524526897495,-3.594905785958982e-16
323.53897930732717,176.54756576485278,0.0257418401922958,176.48907504908885,4.5441573269524,-3.677112458334845e-16
324.03897930732717,176.04794735965638,0.02585471379075526,175.9891095839417,4.551162203184383,-4.3883473880018975e-16
324.53897930732717,175.54833112650675,0.025968229902104775,175.48914403504637,4.558167082107977,-6.413252130293875e-16
325.03897930732717,175.04871708392105,0.026082394029355953,174.9891784015846,4.565171964453433,-5.905061079072415e-16
325.53897930732717,174.54910525062738,0.026197211738510164,174.48921268272758,4.572176850959081,-6.712956488033997e-16
326.03897930732717,174.04949564556787,0.026312688659461896,173.98924687763576,4.579181742371442,-6.868696369996597e-16
326.53897930732717,173.54988828790172,0.026428830486917722,173.4892809854584,4.586186639445344,-7.028513903379976e-16
327.03897930732717,173.05028319700833,0.026545642981331146,172.98931500533382,4.593191542944044,-6.473275262095516e-16
327.53897930732717,172.55068039249045,0.02666313196985368,172.48934893638886,4.600196453639334,-6.624775509877873e-16
328.03897930732717,172.0510798941774,0.026781303347302464,171.98938277773888,4.607201372311672,-6.780277354491792e-16
328.53897930732717,171.55148172212841,0.02690016307714477,171.48941652848757,4.614206299750302,-6.939898588458733e-16
329.03897930732717,171.0518858966359,0.02701971719249974,170.98945018772665,4.621211236753374,-4.73584055306099e-16
329.53897930732717,170.55229243822885,0.0271399717971577,170.48948375453574,4.628216184128073,-6.463990806136469e-16
330.03897930732717,170.05270136767638,0.027260933066617428,169.98951722798228,4.635221142690753,-5.790333695816763e-16
330.53897930732717,169.55311270599114,0.027382607249141724,169.48955060712103,4.64222611326706,-4.234483358066657e-16
331.03897930732717,169.05352647443294,0.027505000666831682,168.98958389099417,4.649231096692068,-5.202795911203867e-16
331.53897930732717,168.55394269451244,0.02762811971672002,168.48961707863094,4.656236093810418,-4.439571727662545e-16
332.03897930732717,168.05436138799476,0.027751970871883906,167.98965016904742,4.663241105476446,-4.546290771451776e-16
332.53897930732717,167.55478257690334,0.027876560682577652,167.4896831612464,4.670246132554337,-1.862362047384878e-16
333.03897930732717,167.05520628352372,0.028001895777385714,166.98971605421704,4.677251175918254,-2.8611013886762617e-16
333.53897930732717,166.55563253040748,0.028127982864396384,166.48974884693467,4.684256236452493,-4.884172825768582e-16
334.03897930732717,166.05606134037623,0.02825482873239668,165.98978153836063,4.691261315051624,-5.0030101458653e-16
334.53897930732717,165.55649273652566,0.028382440252088807,165.48981412744203,4.698266412620645,-5.125110906214544e-16
335.03897930732717,165.0569267422296,0.028510824377328672,164.98984661311135,4.70527153007513,-4.2004599932022985e-16
335.53897930732717,164.55736338114428,0.02863998814638696,164.48987899428636,4.712276668341391,-4.303604527579824e-16
336.03897930732717,164.05780267721266,0.028769938683233177,163.98991126986985,4.719281828356631,-4.409607732451355e-16
336.53897930732717,163.55824465466867,0.028900683198843216,163.48994343874932,4.726287011069106,-5.08337765327657e-16
337.03897930732717,163.0586893380417,0.02903222899253091,162.98997549979669,4.733292217438289,-4.0517280897163956e-16
337.53897930732717,162.55913675216107,0.029164583453304086,162.49000745186814,4.7402974484350375,-2.3728337965297645e-16
338.03897930732717,162.05958692216075,0.0292977540612457,161.99003929380373,4.7473027050417596,-2.4320096025871903e-16
338.53897930732717,161.56003987348387,0.02943174838892052,161.49007102442718,4.75430798825259,-3.739276696215623e-16
339.03897930732717,161.06049563188765,0.029566574102807955,160.9901026425456,4.761313299073565,-5.110821286236214e-16
339.53897930732717,160.5609542234481,0.029702238964761585,160.4901341469491,4.7683186385228025,-4.584548868666976e-16
340.03897930732717,160.06141567456513,0.029838750833496006,159.99016553641061,4.775324007630677,-3.3573772279826064e-16
340.53897930732717,159.56188001196742,0.029976117666101518,159.49019680968553,4.782329407440014,-2.7539472563341356e-16
341.03897930732717,159.06234726271774,0.030114347519587338,158.99022796551142,4.789334839006275,-3.529923192500602e-16
341.53897930732717,158.56281745421802,0.030253448552453918,158.4902590026077,4.796340303397747,-6.515859819793439e-16
342.03897930732717,158.06329061421476,0.030393429026295046,157.9902899196753,4.803345801695739,-6.682520004971648e-16
342.53897930732717,157.56376677080445,0.030534297307430354,157.49032071539628,4.8103513349947855,-5.330882555790072e-16
343.03897930732717,157.06424595243908,0.030676061868568937,156.99035138843368,4.8173569044028435,-3.9057945702701594e-16
343.53897930732717,156.5647281879318,0.03081873129050476,156.49038193743098,4.8243625110415005,-4.807996973530131e-16
344.03897930732717,156.06521350646267,0.030962314263844576,155.99041236101183,4.831368156046185,-3.2883793865246293e-16
344.53897930732717,155.5657019375845,0.031106819590769063,155.49044265777977,4.838373840566384,-3.3738563114554993e-16
345.03897930732717,155.0661935112288,0.03125225618682796,154.99047282631767,4.845379565765855,-5.192761911454967e-16
345.53897930732717,154.5666882577119,0.03139863308276993,154.49050286518747,4.852385332822848,-2.6643122306641613e-16
346.03897930732717,154.06718620774114,0.03154595942640798,153.9905327729299,4.859391142930339,-5.468499606742987e-16
346.53897930732717,153.56768739242122,0.031694244484521183,153.49056254806388,4.866396997296254,-5.612519454272223e-16
347.03897930732717,153.06819184326054,0.031843497644793634,152.99059218908633,4.873402897143705,-4.8006840917273e-16
347.53897930732717,152.5686995921779,0.03199372841779134,152.4906216944716,4.880408843711227,-4.9279548922612e-16
348.03897930732717,152.0692106715091,0.032144946438978104,151.99065106267108,4.8874148382530285,-6.070841422249297e-16
348.53897930732717,151.56972511401383,0.032297161470771066,151.49068029211293,4.894420882039229,-6.232860047925856e-16
349.03897930732717,151.07024295288264,0.03245038340463708,150.99070938120144,4.901426976356125,-4.2665065632785896e-16
349.53897930732717,150.57076422174393,0.03260462226323065,150.4907383283167,4.908433122506435,-2.1905682501757085e-16
350.03897930732717,150.07128895467136,0.032759888202574514,149.99076713181407,4.9154393218095676,-2.249621592761652e-16
350.53897930732717,149.5718171861911,0.032916191514283814,149.49079579002387,4.922445575601891,-2.888090110178586e-16
351.03897930732717,149.07234895128946,0.03307354262783494,148.99082430125065,4.929451885237002,-3.559771062621639e-16
351.53897930732717,148.5728842854205,0.03323195211287999,148.49085266377307,4.9364582520860045,-4.875621417191787e-16
352.03897930732717,148.07342322451396,0.03339143068160805,147.99088087584303,4.943464677537797,-1.8783207901367765e-16
352.53897930732717,147.5739658049831,0.03355198919115424,147.49090893568535,4.950471162999352,-1.9298248866464634e-16
353.03897930732717,147.07451206373304,0.033713638646057864,146.99093684149727,4.957477709896023,-1.3219488883000853e-16
353.53897930732717,146.57506203816902,0.033876390200770594,146.49096459144786,4.964484319671831,-2.037671151226675e-16
354.03897930732717,146.07561576620483,0.034040255162216114,145.99099218367746,4.97149099378978,-6.980418208187128e-17
354.53897930732717,145.57617328627154,0.03420524499240229,145.49101961629722,4.978497733732165,-0.0
355.03897930732717,145.07673463732638,0.034371371311087175,144.99104688738845,4.985504541000891,-0.0
355.53897930732717,144.57729985886166,0.03453864589850023,144.491073995002,4.992511417117798,-1.516221230251832e-16
356.03897930732717,144.0778689909141,0.03470708069811994,143.99110093715788,4.999518363624986,-7.794094599107848e-17
356.53897930732717,143.57844207407422,0.03487668781950932,143.49112771184434,5.00652538208516,-0.0
357.03897930732717,143.07901914949582,0.0350474795412107,142.99115431701753,5.013532474081971,-3.2962310743486415e-16
357.53897930732717,142.5796002589059,0.0352194683137012,142.49118075060062,5.0205396412203624,-2.542367844405181e-16
358.03897930732717,142.0801854446147,0.03539266676241038,141.9912070104834,5.027546885126934,-1.7432084314160521e-16
358.53897930732717,141.58077474952577,0.03556708769080167,141.49123309452145,5.0345542074503005,-1.7930587638430944e-16
359.03897930732717,141.08136821714655,0.03574274408351907,140.99125900053542,5.041561609861472,-9.222593151283352e-17
359.53897930732717,140.5819658915989,0.035919649109600764,140.49128472631048,5.0485690940542245,-1.8976459741931724e-16
360.03897930732717,140.08256781763012,0.03609781612576138,139.99131026959552,5.0555766617454925,-1.952501041664909e-16
360.53897930732717,139.58317404062393,0.036277258679744476,139.4913356281024,5.062584314675764,-3.013719721966567e-16
361.03897930732717,139.08378460661189,0.03645799051374716,138.99136079950526,5.069592054609481,-1.0338237246419466e-16
361.53897930732717,138.58439956228497,0.03664002556791852,138.49138578143973,5.076599883335455,-1.0640358595562571e-16
362.03897930732717,138.0850189550054,0.036823377983933835,137.99141057150212,5.0836078026672835,-2.1904897967988423e-16
362.53897930732717,137.5856428328188,0.037008062108646454,137.49143516724857,5.090615814443778,-3.3824625621234733e-16
363.03897930732717,137.08627124446645,0.03719409249781927,136.9914595661944,5.097623920529406,-1.1608018957452656e-16
363.53897930732717,136.586904239398,0.03738148391993787,136.49148376581306,5.104632122814732,-0.0
364.03897930732717,136.08754186778435,0.03757025136010746,135.99150776353534,5.111640423216874,-0.0
364.53897930732717,135.5881841805309,0.037760410024035664,135.49153155674864,5.118648823679976,-6.3379049464654e-17
365.03897930732717,135.0888312292909,0.03795197534210348,134.99155514279573,5.125657326175669,1.958394373600388e-16
365.53897930732717,134.5894830664793,0.03814496297352661,134.4915785189741,5.132665932703569,6.724494438254775e-17
366.03897930732717,134.09013974528688,0.03833938881060956,133.99160168253496,5.139674645291764,3.463843804275203e-16
366.53897930732717,133.59080131969458,0.0385352689830949,133.49162463068214,5.146683465997323,4.2826883841107673e-16
367.03897930732717,133.09146784448822,0.03873261986261021,132.99164736057114,5.153692396906812,7.355137346951789e-17
367.53897930732717,132.59213937527358,0.038931458067215194,132.49166986930817,5.160701440136815,3.0319730498484314e-16
368.03897930732717,132.09281596849175,0.03913180046605176,131.99169215394906,5.167710597834485,3.1249945175711406e-16
368.53897930732717,131.5934976814349,0.0393336641840996,131.49171421149813,5.17471987217808,4.831858181428987e-16
369.03897930732717,131.09418457226238,0.039537066607040226,130.99173603890713,5.1817292653775295,2.4906227858803003e-16
369.53897930732717,130.59487670001707,0.03974202538623228,130.49175763307412,5.188738779675012,-0.0
370.03897930732717,130.09557412464238,0.03994855844380112,129.99177899084225,5.195748417345542,3.5305804297844475e-16
370.53897930732717,129.59627690699932,0.04015668397784572,129.49180010899852,5.202758180697555,2.7307616177047755e-16
371.03897930732717,129.09698510888418,0.04036642046776611,128.99182098427275,5.209768072073533,2.816513714817371e-16
371.53897930732717,128.59769879304656,0.040577786679714574,128.4918416133361,5.216778093850626,3.87374250778207e-16
372.03897930732717,128.0984180232078,0.04079080167217398,127.99186199279991,5.223788248441289,9.990871322446041e-17
372.53897930732717,127.59914286407985,0.041005484801666686,127.49188211921434,5.230798538293932,3.0925027960837557e-16
373.03897930732717,127.09987338138454,0.0412218557285977,126.99190198906695,5.2378089658935965,4.2548828216296046e-16
373.53897930732717,126.6006096418734,0.041439934423235604,126.49192159878145,5.244819533762623,2.1955841083083876e-16
374.03897930732717,126.10135171334787,0.04165974117183527,125.99194094471606,5.25183024446136,3.3992877861044193e-16
374.53897930732717,125.60209966467997,0.041881296582906076,125.49196002316228,5.25884110058887,3.5090461770122027e-16
375.03897930732717,125.10285356583357,0.04210462159362986,124.99197883034311,5.26585210478366,3.0190059763249715e-16
375.53897930732717,124.60361348788605,0.04232973747643267,124.4919973624118,5.2728632597244225,1.246911192342462e-16
376.03897930732717,124.10437950305051,0.04255666584571465,123.99201561544997,5.279874568130804,5.150660683662213e-16
376.53897930732717,123.60515168469854,0.042785428664742574,123.49203358546613,5.286886032764173,5.31969436004868e-16
377.03897930732717,123.10593010738354,0.04301604825270956,122.99205126839402,5.293897656428421,5.494993587894025e-16
377.53897930732717,122.6067148468646,0.043248547291966734,122.49206866009078,5.300909441970782,7.09602177895312e-16
378.03897930732717,122.10750598013091,0.04348294883543173,121.99208575633526,5.307921392282651,6.598616343083498e-16
378.53897930732717,121.60830358542682,0.04371927631417914,121.49210255282613,5.314933510300452,6.061134869138316e-16
379.03897930732717,121.10910774227754,0.04395755354521806,120.99211904518008,5.321945799006492,6.264208127340877e-16
379.53897930732717,120.60991853151539,0.04419780473946218,120.49213522892985,5.328958261429866,4.856224926783448e-16
380.03897930732717,120.11073603530676,0.044440054509898005,119.99215109952227,5.335970900647361,6.693734632943044e-16
380.53897930732717,119.61156033717971,0.04468432787995695,119.49216665231617,5.342983719784386,6.920851883206699e-16
381.03897930732717,119.1123915220523,0.044930650292097245,118.99218188258041,5.349996722015936,6.262089559040895e-16
381.53897930732717,118.61322967626158,0.04517904761660186,118.49219678549159,5.357009910567557,3.700786251724412e-16
382.03897930732717,118.1140748875933,0.04542954616059874,117.99221135613193,5.364023288716355,6.698945572070125e-16
382.53897930732717,117.61492724531244,0.04568217267730997,117.49222558948696,5.37103685979201,7.920177892110505e-16
383.03897930732717,117.11578684019445,0.04593695437553672,116.9922394804432,5.378050627177828,8.194720462866106e-16
383.53897930732717,116.6166537645573,0.04619391892938685,116.49225302378578,5.385064594311811,8.480013638424659e-16
384.03897930732717,116.11752811229438,0.046453094488252605,115.99226621419584,5.3920787646877555,7.679461191906e-16
384.53897930732717,115.61840997890818,0.04671450968704582,115.49227904624817,5.39909314185637,8.51695602713257e-16
385.03897930732717,115.1192994615449,0.04697819365669848,114.99229151440842,5.406107729426432,7.053905904774677e-16
385.53897930732717,114.62019665902993,0.04724417603493663,114.49230361303051,5.413122531065956,7.303824533186975e-16
386.03897930732717,114.12110167190424,0.04751248697733598,113.99231533635383,5.420137550503411,8.194058743006523e-16
386.53897930732717,113.62201460246176,0.04778315716866787,113.4923266785003,5.4271527915289415,7.83411863766942e-16
387.03897930732717,113.12293555478769,0.04805621783454444,112.99233763347159,5.434168257995644,8.791693758091196e-16
387.53897930732717,112.62386463479783,0.048331700753372286,112.49234819514591,5.441183953820852,8.40811148715694e-16
388.03897930732717,112.12480195027902,0.04860963826862421,111.99235835727504,5.448199882987471,7.986678991289304e-16
388.53897930732717,111.62574761093053,0.04889006330143886,111.49236811348096,5.4552160495453315,5.267406447669159e-16
389.03897930732717,111.12670172840666,0.04917300936355859,110.99237745725273,5.4622324576125845,7.01998331582622e-16
389.53897930732717,110.62766441636043,0.04945851057061621,110.49238638194291,5.4692491113771275,5.660522810680525e-16
390.03897930732717,110.12863579048847,0.04974660165578148,109.99239488076411,5.476266015098064,9.223312208592901e-16
390.53897930732717,109.62961596857708,0.05003731798377893,109.49240294678536,5.483283173107208,5.21738180441819e-16
391.03897930732717,109.13060507054962,0.05033069556528871,108.9924105729284,5.4903005898106105,7.215568808630119e-16
391.53897930732717,108.6316032185151,0.05062677107174277,108.4924177519638,5.497318269690142,7.485529361585116e-16
392.03897930732717,108.13261053681819,0.05092558185052905,107.992424476507,5.5043362173051005,8.737765414928577e-16
392.53897930732717,107.63362715209053,0.05122716594061688,107.49243073901418,5.511354437293863,1.0075283636118345e-15
393.03897930732717,107.1346531933035,0.05153156208861722,106.99243653177811,5.518372934375592,7.320310189767884e-16
393.53897930732717,106.6356887918225,0.051838809765291885,106.49244184692377,5.52539171335196,8.685024366126882e-16
394.03897930732717,106.13673408146259,0.052148949182526515,105.9924466764038,5.532410779108938,7.890506001682624e-16
394.53897930732717,105.6377891985459,0.05246202131078248,105.49245101199395,5.539430136618629,9.3648198004222e-16
395.03897930732717,105.13885428196049,0.05277806789704355,104.99245484528824,5.546449790941133,7.903200584915388e-16
395.53897930732717,104.63992947322095,0.053097131483273725,104.49245816769407,5.553469747226477,6.947217039458351e-16
396.03897930732717,104.14101491653074,0.05341925542540338,103.99246097042708,5.560490010716583,7.218524916489233e-16
396.53897930732717,103.64211075884623,0.05374448391286122,103.4924632445059,5.567510586747294,6.137841859995745e-16
397.03897930732717,103.1432171499427,0.05407286198867065,102.9924649807468,5.5745314807504505,4.962142348526021e-16
397.53897930732717,102.6443342424821,0.05440443557012945,102.49246616975793,5.581552698256018,3.6848561227522996e-16
398.03897930732717,102.1454621920829,0.05473925147009268,101.99246680193366,5.588574244894273,6.130586385416852e-16
398.53897930732717,101.6466011573919,0.0550773574188794,101.49246686744856,5.595596126398047,5.57897625434751e-16
399.03897930732717,101.14775130015816,0.05541880208682457,100.99246635625116,5.602618348605028,4.974345222484777e-16
399.53897930732717,100.64891278530915,0.05576363510749847,100.49246525805766,5.609640917460123,7.763185399774869e-16
400.03897930732717,100.15008578102903,0.05611190710161657,99.99246356234525,5.616663839017884,6.283385096770314e-16
400.53897930732717,99.6512704588394,0.05646366970166415,99.49246125834533,5.623687119444995,9.34286525934012e-16
401.03897930732717,99.15246699368238,0.056818975577260435,98.99245833503646,5.630710765022829,7.781111507081069e-16
401.53897930732717,98.65367556400615,0.057177878461288426,98.49245478113701,5.637734782150076,7.089396216254022e-16
402.03897930732717,98.15489635185314,0.05754043317681736,97.99245058509767,5.644759177345432,7.383421847054703e-16
402.53897930732717,97.6561295429509,0.05790669566484604,97.49244573509361,5.6517839572503705,7.691231618633234e-16
403.03897930732717,97.15737532680559,0.058276723012896256,96.99244021901647,5.658809128631984,5.723962100344282e-16
403.53897930732717,96.65863389679859,0.05865057348448682,96.49243402446592,5.6658346983859005,5.368584181854972e-16
404.03897930732717,96.15990545028578,0.059028306549520036,95.99242713874106,5.672860673539286,6.839478765180766e-16
404.53897930732717,95.66119018870012,0.059409982915613516,95.4924195488315,5.6798870612539245,6.482415906850445e-16
405.03897930732717,95.1624883176573,0.05979566456041192,94.992411241408,5.686913868829379,4.731904613506746e-16
405.53897930732717,94.66380004706478,0.06018541476491443,94.49240220281304,5.693941103706249,4.2304416101984723e-16
406.03897930732717,94.16512559123409,0.06057929814785536,93.99239241905067,5.700968773469508,5.14903058888651e-16
406.53897930732717,93.66646516899687,0.0609773807011768,93.49238187577642,5.70799688585194,5.372988717344529e-16
407.03897930732717,93.16781900382443,0.06137972982663406,92.99237055828651,5.715025448737665,5.607959868385378e-16
407.53897930732717,92.66918732395126,0.06178641437357604,92.49235845150682,5.722054470165774,5.018184631749584e-16
408.03897930732717,92.17057036250236,0.062197504677944875,91.99234553998153,5.729083958334047,4.366711943028587e-16
408.53897930732717,91.67196835762476,0.06261307260254081,91.49233180786109,5.736113921602797,1.8243383882541812e-16
409.03897930732717,91.17338155262331,0.06303319157860043,90.99231723889008,5.743144368498804,2.8588431243694993e-16
409.53897930732717,90.67481019610081,0.06345793664873835,90.4923018163943,5.75017530771937,2.987362453177936e-16
410.03897930732717,90.17625454210281,0.06388738451130464,89.99228552326767,5.757206748136483,2.0816097501203645e-16
410.53897930732717,89.67771485026717,0.06432161356621294,89.4922683419583,5.7642386988011065,-0.0
411.03897930732717,89.17919138597847,0.06476070396229584,88.99225025445446,5.771271168947581,1.706812063710269e-16
411.53897930732717,88.68068442052773,0.0652047376462477,88.49223124226964,5.778304167998161,5.950990926143153e-17
412.03897930732717,88.1821942312773,0.06565379841321668,87.99221128642723,5.785337705567669,1.867863672982167e-16
412.53897930732717,87.68372110183141,0.06610797195911144,87.49219036744455,5.792371791468303,1.30316550896029e-16
413.03897930732717,87.1852653222125,0.06656734593469038,86.99216846531635,5.799406435714558,6.820677608656335e-17
413.53897930732717,86.68682718904344,0.06703201000150445,86.49214555949757,5.806441648528313,7.141657514930679e-17
414.03897930732717,86.1884070057361,0.06750205588976821,85.99212162888546,5.813477440344045,-7.47972049168775e-17
414.53897930732717,85.69000508268631,0.06797757745823657,85.49209665180096,5.8205138218142025,7.8358820573724e-17
415.03897930732717,85.19162173747573,0.06845867075616895,84.9920706059695,5.8275508038147485,1.642244896917064e-16
415.53897930732717,84.69325729508051,0.0689454340874658,84.49204346850087,5.834588397450835,8.606901612210747e-17
416.03897930732717,84.19491208808748,0.06943796807706681,83.9920152158683,5.841626614062674,2.7072432105985543e-16
416.53897930732717,83.69658645691777,0.0699363757397042,83.49198582388682,5.848665465231558,9.464264705019564e-17
417.03897930732717,83.19828075005853,0.07044076255110869,82.99195526769063,5.855704962786073,3.971465989245464e-16
417.53897930732717,82.69999532430275,0.07095123652177095,82.4919235217096,5.862745118808483,4.167536448062419e-16
418.03897930732717,82.20173054499772,0.07146790827336555,81.99189055964474,5.869785945641309,4.3745565633667457e-16
418.53897930732717,81.70348678630248,0.07199089111795025,81.49185635444289,5.876827455894092,2.2966047411332634e-16
419.03897930732717,81.20526443145461,0.07252030114005842,80.99182087826993,5.883869662450381,3.015140932432069e-16
419.53897930732717,80.70706387304669,0.07305625728180844,80.49178410248344,5.890912578474895,3.8012891905637107e-16
420.03897930732717,80.20888551331298,0.07359888143115993,79.99174599760362,5.897956217420924,3.3290783339224824e-16
420.53897930732717,79.71072976442656,0.07414829851345299,79.49170653328346,5.905000593037931,5.599539050789892e-16
421.03897930732717,79.21259704880772,0.07470463658637348,78.99166567827741,5.912045719379401,2.944192170030247e-16
421.53897930732717,78.71448779944366,0.07526802693849449,78.49162340040874,5.9190916108109,4.645565251988279e-16
422.03897930732717,78.21640246022031,0.07583860419155168,77.9915796665355,5.926138282018391,4.888309773554321e-16
422.53897930732717,77.71834148626677,0.07641650640661815,77.4915344425151,5.933185748016796,1.7151352649457763e-16
423.03897930732717,77.22030534431269,0.07700187519435302,76.99148769316719,5.940234024158807,1.8059338263776935e-16
423.53897930732717,76.72229451305955,0.07759485582950663,76.491439382235,5.947283126143967,1.9021714305471014e-16
424.03897930732717,76.22430948356609,0.07819559736987487,75.99138947234505,5.954333070028023,3.006318278522135e-16
424.53897930732717,75.72635075964878,0.07880425277990505,75.49133792496491,5.961383872232547,3.1686707513468586e-16
425.03897930732717,75.22841885829791,0.0794209790591663,74.99128470035917,5.968435549554865,3.340944916683003e-16
425.53897930732717,74.73051431011005,0.08004593737590876,74.49122975754342,5.975488119178264,3.523818444116418e-16
426.03897930732717,74.23263765973758,0.08067929320594744,73.99117305423616,5.982541598682513,2.47868014529854e-16
426.53897930732717,73.73478946635615,0.08132121647711943,73.49111454680843,5.989596006054692,2.6162230563683097e-16
427.03897930732717,73.23697030415087,0.08197188171957644,72.99105419023128,5.996651359700357,3.453004986333507e-16
427.53897930732717,72.73918076282214,0.08263146822218848,72.49099193802066,6.003707678455018,3.647286667265337e-16
428.03897930732717,72.24142144811196,0.08330016019534987,71.99092774217979,6.010764981595974,3.853940735955669e-16
428.53897930732717,71.74369298235182,0.0839781469404944,71.49086155313893,6.017823288854489,3.259078376232155e-16
429.03897930732717,71.2459960050331,0.0846656230266433,70.99079331969219,6.024882620428329,2.5847751242288304e-16
429.53897930732717,70.74833117340118,0.0853627884743279,70.49072298893137,6.031942996994672,3.6458384072904346e-16
430.03897930732717,70.25069916307423,0.08606984894724756,69.9906505061766,6.039004439723394,2.8937843389548603e-16
430.53897930732717,69.75310066868808,0.0867870159520438,69.49057581490379,6.0460669702907435,2.0424731511725013e-16
431.03897930732717,69.25553640456835,0.08751450704659325,68.99049885666835,6.05313061089341,3.244931186098424e-16
431.53897930732717,68.75800710543118,0.08825254605724468,68.49041957102527,6.060195384262997,1.1460961102335745e-16
432.03897930732717,68.26051352711407,0.08900136330544993,67.99033789544536,6.067261313680924,-6.074483091474667e-17
432.53897930732717,67.76305644733827,0.08976119584426429,67.4902537652272,6.074328422993736,1.2883732577446107e-16
433.03897930732717,67.2656366665043,0.09053228770521977,66.9901671134047,6.081396736628853,-0.0
433.53897930732717,66.7682550085224,0.09131489015610401,66.49007787065014,6.088466279610762,-2.9016128378492626e-16
434.03897930732717,66.27091232167957,0.09210926197020872,65.98998596517215,6.0955370775776485,-7.70283102112515e-17
434.53897930732717,65.7736094795452,0.09291566970764557,65.48989132260854,6.1026091567985,-3.273228902294362e-16
435.03897930732717,65.27634738191722,0.09373438800936272,64.98979386591361,6.10968254419065,-2.609165827888432e-16
435.53897930732717,64.77912695581095,0.09456569990453322,64.48969351523965,6.1167572673378094,9.247949896145432e-17
436.03897930732717,64.28194915649287,0.09540989713202776,63.989590187812134,6.1238333545085535,-0.0
436.53897930732717,63.78481496856176,0.09626728047672717,63.48948379779853,6.130910834675299,-1.0471063153310672e-16
437.03897930732717,63.287725407079655,0.09713816012147691,62.98937425616996,6.137989737533741,2.2300126840452447e-16
437.53897930732717,62.7906815187554,0.09802285601553543,62.48926147055558,6.145070093522789,-0.0
438.03897930732717,62.29368438318363,0.09892169826042131,61.98914534508912,6.152151933844964,-0.0
438.53897930732717,61.79673511414222,0.09983502751412161,61.489025780246955,6.159235290487272,-2.7006100949077723e-16
439.03897930732717,61.29983486095143,0.10076319541468395,60.98890267267749,6.166320196242556,-1.4407646836225133e-16
439.53897930732717,60.802984809898184,0.10170656502428115,60.488775915020994,6.173406684731295,-2.3071341283915683e-16
440.03897930732717,60.3061861857292,0.10266551129490675,59.98864539571951,6.180494790423855,-1.6428621858195366e-16
440.53897930732717,59.80944025321676,0.10364042155693519,59.48851099881598,6.18758454866318,-1.755720746165854e-16
441.03897930732717,59.31274831880135,0.10463169603186084,58.98837260374217,6.194675995687893,-9.386816783871533e-17
441.53897930732717,58.816111732315534,0.10563974837061721,58.488230085094344,6.201769168655785,-0.0
442.03897930732717,58.319531888793875,0.10666500621897013,57.98808331239616,6.208864105667675,-1.0750673863374162e-16
442.53897930732717,57.82301023037378,0.10770791181157932,57.48793214984774,6.21596084579159,-1.1515114881489103e-16
443.03897930732717,57.32654824829274,0.10876892259643005,56.98777645606015,6.223059429087235,-1.234115292191973e-16
443.53897930732717,56.830147484987634,0.10984851189145263,56.48761608377416,6.230159896630704,6.617171562041532e-17
444.03897930732717,56.33380953630228,0.11094716957527205,55.98745087956227,6.23726229053937,-1.420079575813578e-16
444.53897930732717,55.837536053809664,0.11206540281416465,55.487280683512914,6.244366653996879,-3.049447437646284e-16
445.03897930732717,55.341328747255915,0.1132037368274434,54.98710532889557,6.251473031278203,8.190539071052193e-17
445.53897930732717,54.845189387133495,0.11436271569364992,54.48692464180529,6.258581467774608,8.805245118489001e-17
446.03897930732717,54.34911980739157,0.1155429032000997,53.98673844078556,6.265692010018486,-0.0
446.53897930732717,53.85312190829216,0.11674488373850965,53.48654653642751,6.272804705707902,-1.0196522267918129e-16
447.03897930732717,53.35719765942126,0.11796926324963351,52.986348730944165,6.2799196037307095,-0.0
447.53897930732717,52.861349102864764,0.11921667022004402,52.48614481771765,6.287036754188109,-5.919757406620297e-17
448.03897930732717,52.36557835655978,0.12048775673443089,51.985934580817556,6.294156208417436,6.385536732069017e-17
448.53897930732717,51.869887617832674,0.12178319958703324,51.48571779448824,6.301278019013984,6.892869425650917e-17
449.03897930732717,51.37427916713604,0.12310370145609542,50.98549422260279,6.308402239851634,-1.4891813803701926e-16
449.53897930732717,50.87875537199769,0.12444999214552838,50.4852636180812,6.315528926102002,-1.609852080818917e-16
450.03897930732717,50.38331869119581,0.12582282989827645,49.98502572226987,6.322658134251815,2.6124171024473006e-16
450.53897930732717,49.88797167917534,0.1272230027862353,49.48478026427976,6.329789922118159,-0.0
451.03897930732717,49.39271699072203,0.12865133018194114,48.98452696027972,6.336924348861205,-1.0215456217763203e-16
451.53897930732717,48.897557385911746,0.13010866431766002,48.48426551274166,6.344061474993948,-1.1077507057177671e-16
452.03897930732717,48.40249573535397,0.13159589193794943,47.98399560963379,6.351201362388474,-6.011036075816678e-17
452.53897930732717,47.90753502575007,0.1331139360522475,47.48371692355772,6.358344074278158,-3.9173999465163886e-16
453.03897930732717,47.412678365788345,0.13466375779457254,46.983429110824964,6.365489675255114,-1.419519077337348e-16
453.53897930732717,46.917928992399915,0.1362463583979891,46.48313181046794,6.3726382312622,-0.0
454.03897930732717,46.423290277401165,0.13786278129212412,45.98282464318004,6.379789809578662,-8.409536520612538e-17
454.53897930732717,45.92876573455085,0.1395141143327011,45.482507210179136,6.386944478798518,3.666433654465171e-16
455.03897930732717,45.43435902705212,0.14120149217280875,44.982179091987796,6.394102308800537,-0.0
455.53897930732717,44.94007397553226,0.142926098786439,44.48183984712341,6.401263370708597,1.0919700930862136e-16
456.03897930732717,44.44591456653593,0.14468917015572627,43.9814890106906,6.408427736841006,-0.0
456.53897930732717,43.951884961570464,0.1464919971343013,43.48112609286727,6.415595480647182,1.3058678404864016e-16
457.03897930732717,43.45798950674524,0.14833592850025087,42.980750577275316,6.422766676629884,3.575435932159522e-16
457.53897930732717,42.96423274305098,0.15022237421335713,42.48036191922561,6.429941400250895,2.351867771410938e-16
458.03897930732717,42.470619417328464,0.15215280889258914,41.97995954382634,6.4371197278178585,3.4414142520499226e-16
458.53897930732717,41.97715449398105,0.15412877553124835,41.47954284394219,6.44430173634954,4.726014449687555e-16
459.03897930732717,41.48384316748982,0.15615188946874156,40.97911117799107,6.451487503416504,5.19776113906587e-16
459.53897930732717,40.990690875795934,0.15822384263968783,40.47866386756326,6.458677106953733,5.722971184276989e-16
460.03897930732717,40.49770331462035,0.16034640812297474,39.97820019484671,6.4658706250412195,5.677595061488889e-16
460.53897930732717,40.0048864527979,0.16252144501548868,39.47771939984008,6.473068135648063,9.050492635089416e-16
461.03897930732717,39.51224654870967,0.1647509036575715,38.977220677333726,6.480269716334892,9.999947078009783e-16
461.53897930732717,39.01979016790589,0.1670368312398318,38.47670317363594,6.487475443908749,1.1062518710607482e-15
462.03897930732717,38.52752420202008,0.1693813778237897,37.97616598302016,6.494685394023756,1.5081013943632502e-15
462.53897930732717,38.03545588908523,0.17178680281199218,37.475608143865465,6.501899640719819,1.6725811567929365e-15
463.03897930732717,37.54359283537351,0.17425548190673928,36.975028634460045,6.509118255890626,2.1476624579404757e-15
463.53897930732717,37.05194303889322,0.17678991460045163,36.47442636843379,6.516341308670829,2.1300504428585845e-15
464.03897930732717,36.560514914689904,0.17939273224503177,35.973800189782246,6.523568864730848,2.7313063539653183e-15
464.53897930732717,36.06931732211361,0.1820667067523827,35.473148867440024,6.53080098546599,3.286214888481961e-15
465.03897930732717,35.57835959423096,0.18481475998360325,34.972471089356645,6.5380377270646015,3.6698761404081096e-15
465.53897930732717,35.087651569579066,0.1876399738903537,34.4717654560225,6.545279139437667,4.4047592381389505e-15
466.03897930732717,34.59720362647925,0.19054560147855226,33.97103047338633,6.55252526498953,4.821735163020118e-15
466.53897930732717,34.10702672015157,0.19353507867201378,33.47026454509841,6.559776137206357,5.409408686986105e-15
467.03897930732717,33.61713242289712,0.196612037161976,32.96946596400588,6.56703177903525,6.290527998529683e-15
467.53897930732717,33.127532967644186,0.19978031833779444,32.46863290281752,6.574292201022715,7.0007375440650364e-15
468.03897930732717,32.63824129518693,0.20304398840455157,31.96776340384473,6.581557399176187,8.162149425716311e-15
468.53897930732717,32.14927110548198,0.20640735480507472,31.466855367714146,6.588827352506505,8.712085066728674e-15
469.03897930732717,31.66063691340949,0.20987498407705868,30.965906540933524,6.596102020202396,1.0258573743832652e-14
469.53897930732717,31.172354109451803,0.21345172129084183,30.4649145021776,6.603381338380023,1.1628647948822839e-14
470.03897930732717,30.684439025795186,0.2171427112301141,29.963876647142964,6.610665216341187,1.313298451619294e-14
470.53897930732717,30.196909008419436,0.22095342149670003,29.462790171801025,6.617953532262657,1.4692568175672975e-14
471.03897930732717,29.709782495806987,0.2248896677418565,28.96165205385539,6.625246128225968,1.7040011685950848e-14
471.53897930732717,29.2230791049792,0.22895764125059553,28.460459032183465,6.632542804481441,1.914159677678502e-14
472.03897930732717,28.736819725653355,0.23316393913277508,27.95920758401203,6.639843312821755,2.1729860908542495e-14
472.53897930732717,28.25102662341179,0.23751559740555048,27.457893899541673,6.647147348918476,2.4720579682922465e-14
473.03897930732717,27.765723552885554,0.24202012728675765,26.95651385369474,6.65445454344885,2.810196621002975e-14
473.53897930732717,27.280935882081696,0.2466855550585059,26.455062974615387,6.6617644518090495,3.2111518572257106e-14
474.03897930732717,26.796690729127494,0.25152046590537386,25.953536408496383,6.6690765421728395,3.666873689560386e-14
474.53897930732717,26.313017112869847,0.2565340521829139,25.451928880245653,6.676390181610018,4.190722710609583e-14
475.03897930732717,25.8299461189565,0.2617361666305831,24.95023464943331,6.6837046199254955,4.8304650869905776e-14
475.53897930732717,25.347511083241663,0.26713738110976454,24.448447460876693,6.691018970815358,5.5219378153782194e-14
476.03897930732717,24.865747794606083,0.27274905152341655,23.94656048912373,6.698332189858575,6.367797202076833e-14
476.53897930732717,24.38469471956577,0.278583389660441,23.44456627598205,6.705643048768974,7.292078924764735e-14
477.03897930732717,23.904393251370404,0.2846535428066524,22.942456660109755,6.712950105218163,8.426142533841437e-14
477.53897930732717,23.424887986668484,0.2909736820770181,22.440222697530224,6.720251667401665,9.763457409196376e-14
478.03897930732717,22.94622703324963,0.29755910055262275,21.937854571754475,6.727545752351851,1.1306739841579771e-13
478.53897930732717,22.46846235287464,0.3044263224528328,21.43534149198523,6.734830036795383,1.3079483224551866e-13
479.03897930732717,21.99165014378123,0.3115932247409112,20.932671577632764,6.742101799100805,1.5151157825283278e-13
479.53897930732717,21.515851268120976,0.3190791727526136,20.429831727086924,6.749357850552567,1.7647958202674772e-13
480.03897930732717,21.041131730355072,0.3269051716551081,19.92680746835623,6.7565944538071365,2.0588328296683427e-13
480.53897930732717,20.567563213530214,0.3350940357910957,19.423582788795407,6.763807225917382,2.4038072931221733e-13
481.03897930732717,20.095223681390625,0.34367057824358244,18.920139940688117,6.770991022730788,2.818440523848725e-13
481.53897930732717,19.62419805548039,0.35266182327362217,18.41645921892277,6.778139800747317,3.3072266018784843e-13
482.03897930732717,19.154578977777213,0.3620972446394678,17.912518706384414,6.785246451628208,3.890594847567174e-13
482.53897930732717,18.686467671003157,0.3720090332031757,17.408293981974413,6.792302603432769,4.587884953475532e-13
483.03897930732717,18.219974910612088,0.3824323976707344,16.903757785350745,6.799298381269062,5.422334588570262e-13
483.53897930732717,17.7552221245916,0.3934059027929243,16.398879631544936,6.806222118303781,6.428471676955691e-13
484.03897930732717,17.292342639677134,0.4049718498714581,15.893625367551389,6.8130600058947755,7.636937390843688e-13
484.53897930732717,16.831483095394653,0.41717670495803016,15.38795666179955,6.819795668869768,9.09903364371288e-13
485.03897930732717,16.372805050562352,0.43007158068379125,14.881830416120808,6.8264096485298635,1.0867746976814217e-12
485.53897930732717,15.916486810520775,0.4437127781819539,14.375198088437674,6.832878771620321,1.3022438316353586e-12
486.03897930732717,15.462725507441933,0.45816239601672926,13.868004912991376,6.839175378051248,1.5649477879088056e-12
486.53897930732717,15.011739470585784,0.47348901333076815,13.360189003588872,6.845266373277681,1.8864488320434858e-12
487.03897930732717,14.563770928282166,0.48976845445531697,12.85168032426498,6.851112062605398,2.28142814265776e-12
487.53897930732717,14.119089088612393,0.5070846418221042,12.342399511200815,6.85666471384473,2.769291049210697e-12
488.03897930732717,13.677993651045899,0.5255305429259194,11.83225653015491,6.8618667811797724,3.3742142752652985e-12
488.53897930732717,13.240818806308646,0.5452092149565798,11.321149155722594,6.866648706274284,4.129520479745649e-12
489.03897930732717,12.807937785964153,0.5662349470450971,10.808961263456943,6.87092619187658,5.078082514250526e-12
489.53897930732717,12.379768025709627,0.5887344941477544,10.295560934763792,6.874596817919446,6.278451123070549e-12
490.03897930732717,11.956777005925467,0.6128483874550537,9.780798389712151,6.877535839908955,7.812209718189397e-12
490.53897930732717,11.539488827653578,0.6387322925515775,9.264503787606753,6.879590974248533,9.792598076847825e-12
491.03897930732717,11.128491569177822,0.6665583666411277,8.746484973721946,6.880575935902318,1.237991462638018e-11
491.53897930732717,10.72444544390975,0.6965165377828143,8.226525308932889,6.8802624529070995,1.5807137634381142e-11
492.03897930732717,10.328091739144975,0.7288155895665422,7.704381804856623,6.878370444893826,2.0413271463625442e-11
492.53897930732717,9.94026245063331,0.7636838809380081,7.179783910096552,6.874556028703906,2.6696676408316942e-11
493.03897930732717,9.561890431268575,0.8013694599312432,6.65243346399039,6.8683970201762765,3.5388143248302405e-11
493.53897930732717,9.194019733577742,0.8421392397080963,6.122006562818882,6.859375664462434,4.755004598692234e-11
494.03897930732717,8.837815634645905,0.886276795815208,5.588158374548526,6.846858489333248,6.468874744677508e-11
494.53897930732717,8.494573580008865,0.9340782203744168,5.050532283359972,6.830073496011836,8.885448542133352e-11
495.03897930732717,8.165725967180023,0.9858453467242703,4.508775108903765,6.808085456896672,1.2264086177382788e-10
495.53897930732717,7.852845319849154,1.0418755663667565,3.96256044452666,6.779770965228061,1.6890698987287862e-10
496.03897930732717,7.557642012642469,1.1024474494065364,3.411622238471822,6.743796148551868,2.2992084464665994e-10
496.53897930732717,7.281954359430757,1.1678015252900096,2.8558003542271817,6.698601617474241,3.0547762194266387e-10
497.03897930732717,7.027728684170292,1.238115978859611,2.295098654655832,6.642401118850539,3.8957759799174467e-10
497.53897930732717,6.796987103859075,1.3134777647401654,1.7297538020847762,6.573202071608619,4.657206498797013e-10
498.0222949221774,6.598195412855987,1.3910895713084448,1.1793684353668863,6.491939063168573,4.930279732978321e-10
498.481313381601,6.433152171358615,1.468983079783968,0.6538491169742067,6.399838137960062,4.614694269607066e-10
498.9192747341173,6.298650726133037,1.5468472872925114,0.15083221562091237,6.296844496455913,3.8020063606862323e-10
499.3386682751294,6.191996731462358,1.6243198502859786,-0.33125926616831347,6.183129532932183,2.626690255795513e-10
499.7406876097827,6.110964136853684,1.700866159365631,-0.7926127379500791,6.0593438365512124,1.2639689077660555e-10
500.12505198002265,6.053527929684779,1.7757247950298352,-1.2318755323629746,5.926861148047854,-8.619724570632999e-12
500.4897628329309,6.017558293587356,1.8478562500256488,-1.6459759891132881,5.788071428376165,-1.2365287456232692e-10
500.83064038965614,6.000489963194261,1.9158664245710337,-2.029741598524877,5.64677154147507,-2.0604578068571553e-10
501.08959554436865,5.998286064874538,1.9676882312333157,-2.3186597943471523,5.532020650191582,-2.2204576517956207e-10
501.3484114168939,6.0053804551064545,2.0194399327903003,-2.6047963787533877,5.411065536085092,-2.376068791846699e-10
501.63117893316837,6.023724124780383,2.075744692416472,-2.914050339531244,5.271960067198824,-2.6241980775820167e-10
501.94691802273223,6.057178726036326,2.1380811358284837,-3.2547894961977883,5.108400870584413,-3.0514908087979055e-10
502.287588648775,6.10842077557296,2.2044098469384785,-3.6165560567097725,4.922735688631599,-3.6145595923978804e-10
502.6484719195043,6.179505262497131,2.273283924836985,-3.9926915088791697,4.716428712930359,-4.237815269299041e-10
503.0268204473391,6.27207830146179,2.343605834185124,-4.378848103668731,4.4905072658514396,-4.849201305344635e-10
503.42136038729257,6.387591503491299,2.414544382076988,-4.7724223778571915,4.245622435262248,-5.407248285926617e-10
503.8320546219965,6.527517673106301,2.4854908089665004,-5.172249962543691,3.9819991584230503,-5.910039655962759e-10
504.25994402809795,6.693548391296413,2.556018402317542,-5.578368739073386,3.6993772824024846,-6.389221580974582e-10
504.70703306550564,6.8877663392647035,2.625841685008011,-5.991823593321141,3.3969655828147602,-6.897948065502941e-10
505.1762299957557,7.112802004853168,2.694779390423185,-6.414528619424893,3.07339794865914,-7.499604352708116e-10
505.6713563568861,7.371994384342339,2.7627244979107193,-6.849201034410811,2.7266731364431744,-8.259707859629756e-10
506.1713563568861,7.654430075984979,2.826453454787709,-7.277474222813398,2.372481554075805,-8.951342280046857e-10
506.6713563568861,7.955752492501501,2.8854751401222125,-7.696242241662254,2.0154039494844245,-9.512405861659753e-10
507.1713563568861,8.274164495301255,2.940045280063017,-8.106678766427798,1.656368761252324,-9.94682493111917e-10
507.6713563568861,8.608001200888767,2.9904506387496896,-8.509868030011749,1.2960828624306404,-1.0269144645226223e-09
508.1713563568861,8.955737074775238,3.0369914733104557,-8.90678754880936,0.9350733195200583,-1.0499311770558322e-09
508.6713563568861,9.315986153331144,3.0799686428448565,-9.298302934608868,0.5737251478728371,-1.0658003592661394e-09
509.1713563568861,9.6874974751073,3.1196746563734767,-9.68517063813847,0.21231354255151125,-1.0763748711808329e-09
509.6713563568861,10.069147431587556,3.1563878613596437,-10.06804539270265,-0.148969693311179,-1.0831719714306982e-09
510.1713563568861,10.45993035796646,3.190369019329976,-10.44749003747534,-0.5099951081744344,-1.0873588357068708e-09
510.6713563568861,10.858948330658698,3.221859621475246,-10.823986166987732,-0.870679220363956,-1.0897937185415539e-09
511.1713563568861,11.265400843423052,3.2510814220721005,-11.197944639228195,-1.2309719817190519,-1.091085261490124e-09
511.6713563568861,11.678574803036385,3.278236787245931,-11.569715391948733,-1.590847314930289,-1.0916532557017608e-09
512.1713563568861,12.09783511308053,3.303509559955666,-11.939596296981685,-1.9502960514715235,-1.0917804731171556e-09
512.6713563568861,12.522615991011753,3.327066225806376,-12.30784096034321,-2.309320712512919,-1.0916528958704401e-09
513.1713563568861,12.952413078818457,3.349057229167083,-12.674665482012664,-2.66793168642379,-1.0913896004946482e-09
513.6713563568861,13.38677635168184,3.3696183376827533,-13.040254247283475,-3.0261444539468805,-1.0910654325397308e-09
514.1713563568861,13.825303794173609,3.3888719887260907,-13.404764848796912,-3.383977592959186,-1.0907259162655869e-09
514.6713563568861,14.267635793400867,3.406928576594431,-13.76833224679716,-3.741451359424453,-1.0903964443784357e-09
515.1713563568861,14.713450188431464,3.4238876568542005,-14.131072272772053,-4.098586691671502,-1.0900905590991835e-09
515.6713563568861,15.162457911870005,3.439839056211066,-14.493084573594473,-4.455404523931266,-1.089815136252972e-09
516.1713563568861,15.614399160169391,3.4548638842164388,-14.854455082722064,-4.811925324492395,-1.0895717679398494e-09
516.6713563568861,16.06904003246815,3.469035448196206,-15.215258093820795,-5.16816879595517,-1.0893593133483945e-09
517.1713563568861,16.52616958230047,3.4824200758772443,-15.575558001392706,-5.524153691580719,-1.089175767606093e-09
517.6713563568861,16.985597231684093,3.49507785192137,-15.935410763134511,-5.87989771400584,-1.0890179543860652e-09
518.1713563568861,17.44715050237397,3.507063275403562,-16.294865130045068,-6.235417471679785,-1.0888827739588395e-09
518.6713563568861,17.910673024186615,3.5184258455068456,-16.65396368276982,-6.5907284750860375,-1.0887678197416233e-09
519.1713563568861,18.376022785086832,3.5292105825689344,-17.0127437062571,-6.945845159751243,-1.088670369177444e-09
519.6713563568861,18.84307059210251,3.539458491255362,-17.371237929395996,-7.300780926673008,-1.0885874467953423e-09
520.1713563568861,19.31169871606562,3.549206972151287,-17.72947515178322,-7.655548193460214,-1.0885170024237132e-09
520.6713563568861,19.78179969667146,3.5584901875262025,-18.087480776002305,-8.010158451427666,-1.0884573793980728e-09
521.1713563568861,20.25327528742604,3.5673393864753797,-18.445277260675837,-8.364622325308968,-1.0884063908484975e-09
521.6713563568861,20.72603552274596,3.575783194105803,-18.80288450696699,-8.718949633286579,-1.088363069248738e-09
522.1713563568861,21.199997891822928,3.5838478689282964,-19.160320189070102,-9.073149445788337,-1.088326622137728e-09
522.6713563568861,21.675086605904127,3.591557532149838,-19.517600037464632,-9.42723014204093,-1.0882954705860874e-09
523.1713563568861,22.151231947406327,3.598934372134227,-19.874738082248076,-9.781199463758666,-1.0882688853765325e-09
523.6713563568861,22.628369690809887,3.605998826915747,-20.231746862657435,-10.135064565621407,-1.0882461957497447e-09
524.1713563568861,23.106440586599458,3.612769747307779,-20.588637607890856,-10.488832062388695,-1.088226727642734e-09
524.6713563568861,23.58538990065896,3.619264542843965,-20.945420393514244,-10.842508072630764,-1.0882100507151732e-09
525.1713563568861,24.06516700251348,3.6254993125203856,-21.302104277051807,-11.196098259147014,-1.0881955745011438e-09
525.6713563568861,24.54572499666175,3.631488962069988,-21.658697415789543,-11.549607866201208,-1.0881836862623995e-09
526.1713563568861,25.027020391978148,3.6372473092919435,-22.01520716934647,-11.90304175373865,-1.0881731306547865e-09
526.6713563568861,25.509012804798978,3.6427871787755066,-22.371640189172734,-12.256404428770685,-1.0881638401690582e-09
527.1713563568861,25.99166469185808,3.64812048719744,-22.72800249680344,-12.609700074120662,-1.08815611100152e-09
527.6713563568861,26.47494110971333,3.653258320231407,-23.08429955242058,-12.962932574726446,-1.0881491046257947e-09
528.1713563568861,26.958809497718946,3.6582110019845495,-23.44053631504328,-13.316105541690426,-1.0881433075873472e-09
528.6713563568861,27.443239481957118,3.6629881577685843,-23.79671729547198,-13.66922233426009,-1.0881384718451417e-09
529.1713563568861,27.928202697854424,3.6675987709182336,-24.15284660294779,-14.022286079912808,-1.0881338702527493e-09
529.6713563568861,28.413672629479585,3.672051234287001,-24.508927986349978,-14.375299692707214,-1.0881302865734933e-09
530.1713563568861,28.89962446375568,3.676353396977693,-24.864964870637255,-14.728265890052391,-1.08812700851643e-09
530.6713563568861,29.386034958026084,3.6805126068013863,-25.220960389139606,-15.081187208034454,-1.0881239196055474e-09
531.1713563568861,29.872882319593646,3.6845357489026207,-25.576917412222834,-15.434066015429083,-1.0881217476883558e-09
531.6713563568861,30.360146096010144,3.688429280939453,-25.932838572776706,-15.786904526517688,-1.0881191397868863e-09
532.1713563568861,30.847807075031312,3.6921992651637803,-26.288726288916248,-16.139704812814752,-1.0881174451992511e-09
532.6713563568861,31.335847193273757,3.695851397709297,-26.64458278423376,-16.49246881380459,-1.0881156562882202e-09
533.1713563568861,31.824249452716554,3.6993910353609154,-27.00041010589435,-16.84519834677669,-1.0881141319667413e-09
533.6713563568861,32.312997844283956,3.702823220049888,-27.356210140829763,-17.19789511584084,-1.0881125500245607e-09
534.1713563568861,32.80207727782809,3.7061527012927513,-27.711984630252083,-17.550560720195758,-1.0881115905271723e-09
534.6713563568861,33.291473517903285,3.709383956769108,-28.067735182680867,-17.903196661718106,-1.0881104932114251e-09
535.1713563568861,33.781173124787976,3.7125212112128136,-28.423463285652907,-18.255804351932525,-1.0881096767049935e-09
535.6713563568861,34.271163400266886,3.7155684537730265,-28.77917031626246,-18.60838511841773,-1.0881086039680208e-09
536.1713563568861,34.76143233773665,3.7185294539854867,-29.1348575506619,-18.96094021069849,-1.0881079203280891e-09
536.6713563568861,35.25196857624258,3.7214077764801368,-29.49052617263681,-19.313470805668718,-1.0881074960798396e-09
537.1713563568861,35.74276135809406,3.7242067945384822,-29.846177281355782,-19.665978012586706,-1.0881068542374235e-09
537.6713563568861,36.233800489741085,3.726929702602802,-30.201811898383344,-20.018462877679486,-1.0881060658375223e-09
538.1713563568861,36.72507630562624,3.7295795278292436,-30.557430974033988,-20.370926388390345,-1.0881056327810311e-09
538.6713563568861,37.21657963475387,3.7321591407678523,-30.913035393136273,-20.723369477299787,-1.0881051946881582e-09
539.1713563568861,37.70830176974372,3.7346712652445535,-31.26862598026804,-21.075793025747902,-1.0881049738261334e-09
539.6713563568861,38.200234438158155,3.73711848751294,-31.624203504516696,-21.42819786718328,-1.0881045471134232e-09
540.1713563568861,38.69236977591245,3.7395032647372757,-31.97976868381282,-21.780584790261432,-1.0881044967254788e-09
540.6713563568861,39.18470030259514,3.7418279328623845,-32.335322188879466,-22.132954541713552,-1.088103924699111e-09
541.1713563568861,39.67721889854185,3.7440947139209118,-32.69086464683541,-22.485307829004558,-1.0881038063374759e-09
541.6713563568861,40.169918783520046,3.7463057228238172,-33.04639664448598,-22.837645322797673,-1.0881035839511415e-09
542.1713563568861,40.66279349689539,3.7484629736757777,-33.401918731331875,-23.18996765924133,-1.0881034216219795e-09
542.6713563568861,41.155836879161896,3.750568385653426,-33.757431422322824,-23.542275442092553,-1.0881030356249664e-09
543.1713563568861,41.64904305472855,3.7526237884809723,-34.11293520038025,-23.894569244690118,-1.0881031947373835e-09
543.6713563568861,42.142406415864585,3.7546309275346945,-34.46843051871066,-24.246849611789155,-1.0881028246693617e-09
544.1713563568861,42.63592160771413,3.756591468605038,-34.8239178029291,-24.599117061268327,-1.0881027150484054e-09
544.6713563568861,43.12958351429865,3.7585070023425704,-35.17939745301004,-24.95137208571931,-1.0881027187111357e-09
545.1713563568861,43.62338724543256,3.760379048411783,-35.534869845081495,-25.303615153927826,-1.0881025180108244e-09
545.6713563568861,44.11732812448377,3.7622090593746997,-35.890335333076365,-25.655846712254437,-1.0881026059249862e-09
546.1713563568861,44.611401676916635,3.7639984243243974,-36.24579425025367,-26.008067185922883,-1.088102422659794e-09
546.6713563568861,45.10560361955989,3.765748472286866,-36.601246910601226,-26.360276980222704,-1.0881023485204521e-09
547.1713563568861,45.59992985054707,3.7674604754081193,-36.95669361013011,-26.71247648163274,-1.0881023238763032e-09
547.6713563568861,46.094376439880925,3.7691356519420802,-37.3121346280701,-27.06466605887133,-1.0881022434221833e-09
548.1713563568861,46.58893962057757,3.770775169053504,-37.66757022797471,-27.416846063878605,-1.0881021200368616e-09
548.6713563568861,47.08361578034939,3.7723801454490595,-38.02300065874341,-27.769016832735797,-1.0881021807345312e-09
549.1713563568861,47.57840145378907,3.7739516538486426,-38.37842615556801,-28.121178686526125,-1.0881020505561752e-09
549.6713563568861,48.07329331502014,3.7754907233080446,-38.73384694080944,-28.47333193214146,-1.0881018069156178e-09
550.1713563568861,48.56828817078199,3.776998341403228,-39.08926322481074,-28.825476863038716,-1.088102148067619e-09
550.6713563568861,49.06338295391993,3.7784754562856686,-39.44467520665136,-29.17761375994932,-1.0881017296000967e-09
551.1713563568861,49.55857471725288,3.779922978617492,-39.80008307484762,-29.5297428915452,-1.088101833675874e-09
551.6713563568861,50.05386062779374,3.781341783394479,-40.15548700800353,-29.881864515064308,-1.0881015393075514e-09
552.1713563568861,50.549237961298864,3.782732711664392,-40.510887175415974,-30.23397887689835,-1.0881016694907467e-09
552.6713563568861,51.04470409712535,3.7840965721475257,-40.866283737637815,-30.58608621314542,-1.08810156477303e-09
553.1713563568861,51.54025651337593,3.785434142765871,-41.22167684700223,-30.938186750129848,-1.0881014787167568e-09
553.6713563568861,52.035892782313134,3.7867461720868123,-41.57706664811124,-31.29028070489148,-1.0881014432302609e-09
554.1713563568861,52.53161056602542,3.7880333806868447,-41.93245327829113,-31.64236828564647,-1.0881014276172047e-09
554.6713563568861,53.02740761232944,3.7892964624404044,-42.28783686801734,-31.994449692221433,-1.0881013700698026e-09
555.1713563568861,53.52328175089356,3.790536085738536,-42.64321754131116,-32.34652511646263,-1.0881013464632377e-09
555.6713563568861,54.019230889568924,3.7917528946417915,-42.99859541611018,-32.69859474262199,-1.0881016061289932e-09
556.1713563568861,54.51525301091527,3.7929475099714365,-43.35397060461454,-33.050658747721286,-1.0881016005890385e-09
556.6713563568861,55.01134616890959,3.794120530342767,-43.70934321361077,-33.40271730189598,-1.088101546384362e-09
557.1713563568861,55.5075084858265,3.795272533144061,-44.064713344774844,-33.75477056871994,-1.0881014551652245e-09
557.6713563568861,56.003738149280125,3.796404075464465,-44.42008109495575,-34.10681870551237,-1.0881016254188246e-09
558.1713563568861,56.50003340941775,3.797515694973868,-44.77544655644136,-34.45886186362785,-1.0881014778210114e-09
558.6713563568861,56.99639257625633,3.798607910757637,-45.130809817207435,-34.81090018873084,-1.0881014877934132e-09
559.1713563568861,57.49281401715343,3.7996812241088627,-45.48617096115132,-35.162933821055205,-1.0881016671767101e-09
559.6713563568861,57.98929615440482,3.8007361192806215,-45.841530068311016,-35.51496289565014,-1.088101710578473e-09
560.1713563568861,58.48583746296143,3.8017730642005634,-46.19688721507102,-35.86698754261292,-1.0881015733277567e-09
560.6713563568861,58.98243646825874,3.802792511150008,-46.55224247435555,-36.219007887309466,-1.0881017337981338e-09
561.1713563568861,59.479091744152356,3.803794897409572,-46.90759591581025,-36.57102405058347,-1.0881017719711894e-09
561.6713563568861,59.97580191095363,3.804780645873235,-47.262947605972876,-36.923036148954644,-1.0881017812114873e-09
562.1713563568861,60.47256563355985,3.8057501656326145,-47.618297608434005,-37.275044294806854,-1.0881017911257801e-09
562.6713563568861,60.969381619673726,3.806703852533119,-47.97364598398816,-37.6270485965666,-1.0881016038792445e-09
563.1713563568861,61.46624861810718,3.8076420897035392,-48.32899279077621,-37.979049158872634,-1.0881016762584359e-09
563.6713563568861,61.96316541716496,3.8085652480605368,-48.68433808441946,-38.331046082736805,-1.088101826181405e-09
564.1713563568861,62.46013084310363,3.8094736867894046,-49.03968191814602,-38.6830394656972,-1.0881014365214164e-09
564.6713563568861,62.95714375866193,3.810367753802385,-49.39502434290999,-39.035029401963484,-1.0881017022035224e-09
565.1713563568861,63.45420306165872,3.811247786175751,-49.75036540750386,-39.38701598255524,-1.0881017743156004e-09
565.6713563568861,63.95130768365484,3.81211411056679,-50.105705158664584,-39.738999295433494,-1.0881017552504406e-09
566.1713563568861,64.44845658867563,3.812967043611752,-50.46104364117376,-40.09097942562596,-1.0881016171879439e-09
566.6713563568861,64.94564877199079,3.813806892305763,-50.81638089795219,-40.44295645534619,-1.0881014130178422e-09
567.1713563568861,65.44288325894881,3.814633954365654,-51.17171697014935,-40.794930464107075,-1.0881015415079854e-09
567.6713563568861,65.94015910386297,3.8154485185765825,-51.527051897227764,-41.14690152882909,-1.0881012671887471e-09
568.1713563568861,66.4374753889463,3.81625086512329,-51.88238571704305,-41.49886972394323,-1.088101515052648e-09
568.6713563568861,66.93483122329319,3.817041265906774,-52.23771846591942,-41.85083512148934,-1.088101403867155e-09
569.1713563568861,67.43222574190501,3.817819984847121,-52.59305017872131,-42.20279779120976,-1.0881016000140917e-09
569.6713563568861,67.92965810475783,3.818587278173196,-52.948380888921115,-42.55475780063876,-1.0881014118976682e-09
570.1713563568861,68.42712749590987,3.8193433946998505,-53.303710628663296,-42.90671521518785,-1.0881013359993478e-09
570.6713563568861,68.92463312264695,3.8200885760932626,-53.65903942882527,-43.25867009822721,-1.0881015328236745e-09
571.1713563568861,69.42217421466397,3.8208230571250024,-54.01436731907503,-43.610622511163434,-1.0881012955533622e-09
571.6713563568861,69.91975002328059,3.821547065915374,-54.36969432792576,-43.96257251351384,-1.0881013110160446e-09
572.1713563568861,70.41735982068961,3.8222608241665554,-54.72502048278772,-44.31452016297746,-1.0881014163408682e-09
572.6713563568861,70.91500289923644,3.8229645473860328,-55.08034581001742,-44.66646551550289,-1.088101677132814e-09
573.1713563568861,71.41267857072802,3.823658445100791,-55.43567033496435,-45.018408625353146,-1.0881017045526684e-09
573.6713563568861,71.91038616577,3.824342721062709,-55.790994082015274,-45.37034954516774,-1.0881014631969233e-09
574.1713563568861,72.40812503313077,3.8250175734455714,-56.14631707463641,-45.72228832602204,-1.0881014545752055e-09
574.6713563568861,72.90589453913101,3.8256831950340944,-56.501639335413465,-46.07422501748403,-1.088101251303324e-09
575.1713563568861,73.40369406705769,3.8263397734053393,-56.85696088608961,-46.426159667668784,-1.0881015281470763e-09
575.6713563568861,73.9015230166013,3.8269874911028676,-57.21228174760178,-46.77809232329045,-1.088101434321381e-09
576.1713563568861,74.39938080331535,3.827626525803975,-57.56760194011494,-47.13002302971221,-1.0881014987814205e-09
576.6713563568861,74.89726685809696,3.828257050480319,-57.92292148305496,-47.481951830994056,-1.0881018711538928e-09
577.1713563568861,75.39518062668772,3.8288792335522435,-58.27824039513972,-47.833878769938494,-1.0881015523698556e-09
577.6713563568861,75.89312156919392,3.829493239037089,-58.63355869440879,-48.18580388813459,-1.0881015573971485e-09
578.1713563568861,76.39108915962517,3.830099226691753,-58.988876398251705,-48.53772722600002,-1.0881016312825487e-09
578.6713563568861,76.88908288545059,3.8306973521497643,-59.34419352343485,-48.889648822821414,-1.0881018232131035e-09
579.1713563568861,77.38710224717204,3.8312877670531114,-59.69951008612717,-49.24156871679313,-1.088101626483844e-09
579.6713563568861,77.88514675791325,3.83187061917906,-60.054826101924576,-49.593486945054416,-1.0881018950012729e-09
580.1713563568861,78.3832159430245,3.832446052562178,-60.410141585873255,-49.945403543725185,-1.0881019583517498e-09
580.6713563568861,78.88130933970197,3.8330142076117775,-60.765456552492,-50.29731854794012,-1.0881016605226654e-09
581.1713563568861,79.37942649662125,3.8335752212249723,-61.12077101579331,-50.649231991881734,-1.0881016120096013e-09
581.6713563568861,79.87756697358424,3.8341292268955445,-61.476084989303686,-51.00114390881195,-1.0881016305930277e-09
582.1713563568861,80.37573034117912,3.8346763548187917,-61.831398486083025,-51.35305433110237,-1.0881016422588694e-09
582.6713563568861,80.8739161804526,3.8352167319925363,-62.18671151874297,-51.70496329026367,-1.0881015330083105e-09
583.1713563568861,81.372124082594,3.8357504823144506,-62.542024099464584,-52.056870816973486,-1.0881015730895131e-09
583.6713563568861,81.8703536486308,3.8362777266758585,-62.89733624001521,-52.40877694110352,-1.0881016466148582e-09
584.1713563568861,82.36860448913495,3.8367985830521603,-63.252647951764516,-52.76068169174544,-1.0881017644107346e-09
584.6713563568861,82.86687622393973,3.8373131665900186,-63.60795924569995,-53.11258509723586,-1.088101467600884e-09
585.1713563568861,83.3651684818665,3.8378215896914445,-63.96327013244143,-53.46448718518036,-1.0881013976127045e-09
585.6713563568861,83.86348090046117,3.8383239620949077,-64.31858062225531,-53.81638798247667,-1.0881014584307396e-09
586.1713563568861,84.36181312573973,3.8388203909535923,-64.67389072506796,-54.168287515336864,-1.0881017238930575e-09
586.6713563568861,84.86016481194278,3.8393109809109176,-65.02920045047863,-54.52018580930886,-1.0881015878301918e-09
587.1713563568861,85.3585356212984,3.839795834173432,-65.38450980777161,-54.87208288929705,-1.0881014868702178e-09
587.6713563568861,85.85692522379321,3.840275050581186,-65.7398188059283,-55.22397877958211,-1.0881013150363184e-09
588.1713563568861,86.3553332969513,3.840748727675686,-66.09512745363826,-55.57587350384033,-1.0881013772059271e-09
588.6713563568861,86.85375952562056,3.841216960765525,-66.45043575931014,-55.92776708516192,-1.0881014100272292e-09
589.1713563568861,87.3522036017663,3.841679842989782,-66.80574373108207,-56.27965954606888,-1.0881013996982344e-09
589.6713563568861,87.8506652242718,3.842137465379278,-67.1610513768315,-56.63155090853223,-1.08810116795522e-09
590.1713563568861,88.34914409874543,3.8425899169157707,-67.51635870418475,-56.98344119398844,-1.0881014105285193e-09
590.6713563568861,88.84763993733434,3.8430372845891734,-67.87166572052622,-57.33533042335548,-1.0881013574487335e-09
591.1713563568861,89.34615245854413,3.8434796534528677,-68.22697243300696,-57.68721861704825,-1.0881016785647033e-09
591.6713563568861,89.84468138706453,3.8439171066771873,-68.58227884855326,-58.03910579499328,-1.0881014644331946e-09
592.1713563568861,90.34322645360078,3.8443497256011443,-68.93758497387454,-58.39099197664328,-1.0881012391308116e-09
592.6713563568861,90.8417873947105,3.844777589782461,-69.29289081547117,-58.74287718099084,-1.088101452538927e-09
593.1713563568861,91.34036395264572,3.8452007770459757,-69.64819637964179,-59.09476142658191,-1.0881014674460632e-09
593.6713563568861,91.83895587520016,3.845619363530477,-70.00350167249054,-59.44664473152857,-1.088101548757413e-09
594.1713563568861,92.33756291556128,3.8460334237340366,-70.35880669993381,-59.798527113521686,-1.0881018742968474e-09
594.6713563568861,92.83618483216706,3.846443030557884,-70.71411146770677,-60.15040858984273,-1.0881016104301152e-09
595.1713563568861,93.33482138856732,3.846848255348888,-71.06941598136976,-60.50228917737565,-1.0881014599823913e-09
595.6713563568861,93.83347235328941,3.847249167940687,-71.42472024631431,-60.85416889261793,-1.0881015073404813e-09
596.1713563568861,94.33213749970808,3.847645836693527,-71.78002426776888,-61.206047751691514,-1.0881014522671185e-09
596.6713563568861,94.83081660591948,3.8480383285328474,-72.13532805080455,-61.557925770353435,-1.0881015632155018e-09
597.1713563568861,95.32950945461896,3.848426708986663,-72.49063160034035,-61.90980296400581,-1.0881015368322788e-09
597.6713563568861,95.8282158329827,3.8488110422217847,-72.8459349211484,-62.26167934770576,-1.0881015427928285e-09
598.1713563568861,96.326935532553,3.849191391078923,-73.2012380178589,-62.61355493617488,-1.088101369380781e-09
598.6713563568861,96.82566834912697,3.8495678171067103,-73.55654089496494,-62.96542974380846,-1.0881015903457655e-09
599.1713563568861,97.32441408264874,3.8499403805946857,-73.91184355682704,-63.31730378468435,-1.0881014646802984e-09
599.6713563568861,97.82317253710481,3.850309140605274,-74.26714600767758,-63.6691770725716,-1.0881015522774024e-09
600.1713563568861,98.32194352042261,3.8506741550047963,-74.62244825162507,-64.02104962093883,-1.0881015154006592e-09
600.6713563568861,98.82072684437207,3.8510354804935485,-74.9777502926583,-64.37292144296215,-1.0881012152632737e-09
601.1713563568861,99.31952232447016,3.8513931726349764,-75.33305213465016,-64.7247925515332,-1.0881013261553978e-09
601.6713563568861,99.81832977988816,3.851747285883981,-75.68835378136147,-65.07666295926653,-1.088101588003467e-09
602.1713563568861,100.31714903336182,3.852097873614384,-76.04365523644474,-65.42853267850698,-1.0881015786901798e-09
602.6713563568861,100.81597991110402,3.852444988145581,-76.3989565034476,-65.78040172133683,-1.0881015789719897e-09
603.1713563568861,101.31482224272006,3.852788680768413,-76.75425758581616,-66.13227009958258,-1.0881016028505817e-09
603.6713563568861,101.81367586112533,3.8531290017702795,-77.10955848689837,-66.48413782482176,-1.0881015826492314e-09
604.1713563568861,102.31254060246552,3.8534660004595205,-77.46485920994711,-66.83600490838923,-1.0881015917532526e-09
604.6713563568861,102.8114163060389,3.8537997251890928,-77.82015975812328,-67.18787136138346,-1.0881017992992626e-09
605.1713563568861,103.31030281422103,3.8541302233795642,-78.1754601344986,-67.53973719467278,-1.0881016625782386e-09
605.6713563568861,103.80919997239154,3.8544575415414455,-78.53076034205866,-67.89160241890099,-1.0881019264681897e-09
606.1713563568861,104.30810762886293,3.854781725296887,-78.88606038370534,-68.24346704449331,-1.0881019077235812e-09
606.6713563568861,104.80702563481148,3.855102819400757,-79.24136026225969,-68.59533108166184,-1.08810198112255e-09
607.1713563568861,105.30595384421005,3.855420867761123,-79.59665998046432,-68.94719454041075,-1.0881018724553128e-09
607.6713563568861,105.80489211376279,3.8557359134591582,-79.95195954098594,-69.29905743054181,-1.0881019139273045e-09
608.1713563568861,106.30384030284162,3.8560479987684877,-80.30725894641762,-69.65091976165914,-1.088102028492058e-09
608.6713563568861,106.8027982734245,3.8563571651739963,-80.66255819928114,-70.00278154317435,-1.0881018390459782e-09
609.1713563568861,107.30176589003545,3.856663453390113,-81.0178573020291,-70.35464278431117,-1.0881018448380792e-09
609.6713563568861,107.80074301968614,3.8569669033785914,-81.37315625704711,-70.7065034941101,-1.088101807894986e-09
610.1713563568861,108.2997295318191,3.857267554365796,-81.72845506665591,-71.05836368143285,-1.088101873307842e-09
610.6713563568861,108.79872529825252,3.8575654448595227,-82.08375373311314,-71.41022335496682,-1.0881018411794327e-09
611.1713563568861,109.29773019312651,3.8578606126653527,-82.43905225861539,-71.76208252322921,-1.0881017475118942e-09
611.6713563568861,109.79674409285082,3.8581530949025673,-82.79435064530007,-72.1139411945712,-1.0881019821126027e-09
612.1713563568861,110.29576687605392,3.85844292801963,-83.14964889524703,-72.46579937718191,-1.0881018861864924e-09
612.6713563568861,110.79479842353355,3.858730147809253,-83.50494701048052,-72.81765707909224,-1.0881017586097596e-09
613.1713563568861,111.29383861820847,3.859014789423058,-83.86024499297064,-73.16951430817875,-1.0881016018334213e-09
613.6713563568861,111.79288734507156,3.8592968873858515,-84.215542844635,-73.52137107216724,-1.088101827433346e-09
614.1713563568861,112.29194449114416,3.8595764756095114,-84.57084056734038,-73.87322737863627,-1.088101952330097e-09
614.6713563568861,112.79100994543154,3.859853587406516,-84.92613816290414,-74.22508323502072,-1.0881019847747817e-09
615.1713563568861,113.2900835988796,3.8601282555031116,-85.28143563309563,-74.57693864861508,-1.0881019979728672e-09
615.6713563568861,113.78916534433273,3.8604005120521343,-85.63673297963769,-74.92879362657673,-1.0881019136408452e-09
616.1713563568861,114.28825507649265,3.8606703886455014,-85.99203020420796,-75.2806481759292,-1.0881017652218371e-09
616.6713563568861,114.78735269187843,3.8609379163263733,-86.3473273084402,-75.63250230356512,-1.0881018489173512e-09
617.1713563568861,115.28645808878743,3.861203125601004,-86.70262429392558,-75.98435601624932,-1.0881020865963296e-09
617.6713563568861,115.78557116725739,3.861466046450285,-87.0579211622138,-76.33620932062183,-1.0881023003623852e-09
618.1713563568861,116.2846918290293,3.8617267083409916,-87.41321791481454,-76.68806222320042,-1.0881021113373768e-09
618.6713563568861,116.78381997751137,3.8619851402367456,-87.76851455319827,-77.03991473038379,-1.088102275009114e-09
619.1713563568861,117.28295551774383,3.8622413706086944,-88.12381107879767,-77.39176684845393,-1.088102256544299e-09
619.6713563568861,117.78209835636464,3.862495427445924,-88.47910749300848,-77.74361858357895,-1.0881020935376569e-09
620.1713563568861,118.28124840157608,3.862747338265605,-88.83440379719072,-78.09546994181551,-1.08810229623704e-09
620.6713563568861,118.78040556311208,3.862997130122887,-89.18969999266959,-78.4473209291113,-1.0881022042775808e-09
621.1713563568861,119.27956975220654,3.8632448296205446,-89.54499608073642,-78.7991715513076,-1.0881022006098233e-09
621.6713563568861,119.77874088156224,3.8634904629183806,-89.90029206264981,-79.15102181414144,-1.0881021683046449e-09
622.1713563568861,120.27791886532066,3.8637340557424,-90.25558793963627,-79.50287172324809,-1.0881020565979975e-09
622.6713563568861,120.77710361903246,3.8639756333937534,-90.61088371289144,-79.8547212841631,-1.0881018625626934e-09
623.1713563568861,121.27629505962875,3.864215220757463,-90.96617938358055,-80.20657050232465,-1.0881020800332981e-09
623.6713563568861,121.77549310539297,3.864452842310933,-91.3214749528397,-80.55841938307555,-1.0881019624147956e-09
624.1713563568861,122.27469767593355,3.8646885221322527,-91.67677042177628,-80.91026793166535,-1.088101885638053e-09
624.6713563568861,122.77390869215716,3.864922283908298,-92.03206579147002,-81.26211615325235,-1.0881019032439883e-09
625.1713563568861,123.27312607624263,3.8651541509426366,-92.38736106297361,-81.61396405290554,-1.0881018548112098e-09
625.6713563568861,123.77234975161552,3.865384146163241,-92.74265623731348,-81.96581163560657,-1.0881018523980044e-09
626.1713563568861,124.27157964292324,3.86561229213002,-93.09795131549055,-82.31765890625151,-1.088101785397374e-09
626.6713563568861,124.77081567601084,3.8658386110421636,-93.45324629848086,-82.66950586965272,-1.0881018408764143e-09
627.1713563568861,125.27005777789726,3.8660631247453208,-93.8085411872363,-83.02135253054065,-1.088101733649545e-09
627.6713563568861,125.7693058767523,3.8662858547386003,-94.16383598268514,-83.37319889356561,-1.0881017553850764e-09
628.1713563568861,126.26855990187396,3.8665068221814076,-94.51913068573293,-83.72504496329917,-1.088101727072392e-09
628.6713563568861,126.76781978366644,3.8667260479001238,-94.87442529726277,-84.07689074423624,-1.0881018234167955e-09
629.1713563568861,127.26708545361859,3.8669435523946225,-95.22971981813616,-84.42873624079625,-1.088101776075536e-09
629.6713563568861,127.76635684428291,3.8671593558446395,-95.58501424919346,-84.780581457325,-1.088101852173912e-09
630.1713563568861,128.26563388925496,3.867373478115991,-95.94030859125454,-85.13242639809604,-1.0881015813469228e-09
630.6713563568861,128.76491652315326,3.867585938766647,-96.29560284511919,-85.48427106731215,-1.0881017771120385e-09
631.1713563568861,129.2642046815998,3.8677967570526692,-96.65089701156775,-85.8361154691069,-1.0881018299071735e-09
631.6713563568861,129.7634983012008,3.8680059519340046,-97.00619109136163,-86.18795960754596,-1.0881018027858297e-09
632.1713563568861,130.26279731952795,3.868213542080153,-97.36148508524376,-86.53980348662849,-1.0881018043031411e-09
632.6713563568861,130.76210167510015,3.868419545875702,-97.71677899393904,-86.89164711028847,-1.0881018906584717e-09
633.1713563568861,131.2614113073657,3.868623981425735,-98.07207281815495,-87.24349048239614,-1.0881019848616162e-09
633.6713563568861,131.76072615668465,3.8688268665611196,-98.42736655858182,-87.59533360675906,-1.0881019703750773e-09
634.1713563568861,132.2600461643119,3.869028218843675,-98.78266021589334,-87.94717648712363,-1.0881016147964747e-09
634.6713563568861,132.75937127238035,3.86922805557122,-99.13795379074718,-88.29901912717607,-1.0881019333020152e-09
635.1713563568861,133.25870142388465,3.8694263937825153,-99.49324728378504,-88.65086153054372,-1.0881021606254332e-09
635.6713563568861,133.75803656266518,3.8696232502620864,-99.8485406956334,-89.00270370079618,-1.0881019088882244e-09
636.1713563568861,134.2573766333925,3.869818641544947,-100.2038340269037,-89.3545456414465,-1.0881021415743793e-09
636.6713563568861,134.756721581552,3.870012583921212,-100.55912727819279,-89.70638735595223,-1.0881019774733877e-09
637.1713563568861,135.256071353429,3.870205093440612,-100.91442045008331,-90.05822884771653,-1.0881018565012115e-09
637.6713563568861,135.75542589609418,3.8703961859169076,-101.26971354314409,-90.41007012008927,-1.0881019686221335e-09
638.1713563568861,136.2547851573892,3.870585876932205,-101.62500655793036,-90.76191117636792,-1.088102038417464e-09
638.6713563568861,136.7541490859128,3.870774181841179,-101.9802994949843,-91.11375201979867,-1.0881020372077284e-09
639.1713563568861,137.25351763100704,3.870961115775206,-102.33559235483511,-91.46559265357753,-1.0881019725544618e-09
639.6713563568861,137.7528907427441,3.871146693646403,-102.69088513799966,-91.81743308085102,-1.0881021021315829e-09
640.1713563568861,138.25226837191298,3.871330930151581,-103.0461778449825,-92.16927330471736,-1.088102188539077e-09
640.6713563568861,138.75165047000672,3.871513839776116,-103.4014704762763,-92.52111332822727,-1.0881023012933617e-09
641.1713563568861,139.25103698921,3.8716954367977325,-103.75676303236216,-92.87295315438494,-1.08810225876547e-09
641.6713563568861,139.75042788238673,3.8718757352902085,-104.11205551370988,-93.22479278614873,-1.0881024052738624e-09
642.1713563568861,140.24982310306808,3.872054749127002,-104.46734792077817,-93.57663222643234,-1.088102373851682e-09
642.6713563568861,140.74922260544074,3.872232491984799,-104.82264025401506,-93.92847147810535,-1.0881022134960792e-09
643.1713563568861,141.2486263443354,3.8724089773469865,-105.17793251385808,-94.28031054399426,-1.0881021468543453e-09
643.6713563568861,141.74803427521547,3.8725842185070536,-105.53322470073451,-94.63214942688313,-1.088102008996495e-09
644.1713563568861,142.24744635416604,3.87275822857192,-105.88851681506164,-94.98398812951453,-1.0881021593713282e-09
644.6713563568861,142.74686253788312,3.8729310204651957,-106.243808857247,-95.33582665459014,-1.0881020633516166e-09
645.1713563568861,143.246282783663,3.87310260693037,-106.59910082768874,-95.6876650047716,-1.088102450419748e-09
645.6713563568861,143.7457070493919,3.873273000533938,-106.95439272677561,-96.03950318268127,-1.0881025203309637e-09
646.1713563568861,144.24513529353592,3.873442213668461,-107.30968455488735,-96.39134119090289,-1.088102383673487e-09
646.6713563568861,144.74456747513096,3.8736102585555616,-107.66497631239491,-96.74317903198234,-1.088102188121314e-09
647.1713563568861,145.24400355377307,3.873777147248859,-108.02026799966059,-97.09501670842819,-1.0881023284968799e-09
647.6713563568861,145.7434434896089,3.873942891636844,-108.37555961703832,-97.44685422271257,-1.0881022004782968e-09
648.1713563568861,146.24288724332632,3.8741075034456958,-108.73085116487377,-97.79869157727175,-1.0881019897670841e-09
648.6713563568861,146.74233477614536,3.874270994242039,-109.0861426435047,-98.15052877450668,-1.088101825916135e-09
649.1713563568861,147.24178604980915,3.8744333754356473,-109.44143405326099,-98.5023658167838,-1.0881021130195468e-09
649.6713563568861,147.74124102657518,3.8745946582820907,-109.79672539446494,-98.8542027064355,-1.088101959128093e-09
650.1713563568861,148.24069966920666,3.8747548538853307,-110.15201666743134,-99.20603944576084,-1.0881021355127112e-09
650.6713563568861,148.74016194096413,3.874913973200262,-110.50730787246775,-99.55787603702612,-1.0881021401963696e-09
651.1713563568861,149.2396278055971,3.8750720270352037,-110.86259900987464,-99.90971248246537,-1.0881022404361978e-09
651.6713563568861,149.73909722733612,3.875229026054341,-111.21789007994559,-100.26154878428102,-1.088102054609352e-09
652.1713563568861,150.23857017088457,3.875384980780119,-111.57318108296727,-100.61338494464444,-1.088101970859722e-09
652.6713563568861,150.73804660141116,3.875539901595586,-111.92847201921991,-100.96522096569645,-1.088102339989945e-09
653.1713563568861,151.23752648454206,3.8756937987466955,-112.28376288897721,-101.31705684954784,-1.0881024708935346e-09
653.6713563568861,151.73700978635358,3.8758466823445574,-112.63905369250656,-101.66889259827995,-1.0881023059297525e-09
654.1713563568861,152.23649647336472,3.875998562367649,-112.99434443006925,-102.02072821394518,-1.088102289865261e-09
654.6713563568861,152.73598651253005,3.87614944866398,-113.34963510192051,-102.37256369856735,-1.0881024232774672e-09
655.1713563568861,153.2354798712326,3.876299350953218,-113.70492570830973,-102.72439905414242,-1.0881025050232687e-09
655.6713563568861,153.734976517277,3.8764482788287697,-114.06021624948055,-103.07623428263881,-1.0881025265000792e-09
656.1713563568861,154.23447641888265,3.8765962417598234,-114.41550672567104,-103.42806938599789,-1.0881022841639637e-09
656.6713563568861,154.73397954467706,3.876743249093352,-114.77079713711377,-103.77990436613446,-1.088102370486459e-09
657.1713563568861,155.2334858636893,3.876889310056077,-115.12608748403596,-104.1317392249372,-1.0881025268545703e-09
657.6713563568861,155.73299534534374,3.877034433756395,-115.48137776665966,-104.48357396426914,-1.0881022476146186e-09
658.1713563568861,156.23250795945359,3.8771786291862664,-115.83666798520174,-104.83540858596805,-1.088102032986906e-09
658.6713563568861,156.73202367621482,3.8773219052230705,-116.19195813987416,-105.18724309184692,-1.0881021503446444e-09
659.1713563568861,157.23154246620015,3.8774642706314215,-116.54724823088397,-105.53907748369424,-1.0881020388357522e-09
659.6713563568861,157.73106430035304,3.877605734064954,-116.90253825843344,-105.89091176327462,-1.0881021462139638e-09
660.1713563568861,158.23058914998194,3.877746304068072,-117.25782822272022,-106.24274593232903,-1.0881022575078377e-09
660.6713563568861,158.73011698675452,3.877885989077666,-117.61311812393743,-106.5945799925752,-1.0881025062333156e-09
661.1713563568861,159.22964778269215,3.878024797424797,-117.96840796227376,-106.94641394570809,-1.0881023500017693e-09
661.6713563568861,159.72918151016432,3.878162737336352,-118.32369773791348,-107.2982477934002,-1.0881023581884755e-09
662.1713563568861,160.22871814188326,3.878299816936663,-118.67898745103665,-107.65008153730194,-1.0881024108066725e-09
662.6713563568861,160.7282576508987,3.878436044249101,-119.03427710181927,-108.00191517904203,-1.0881025576735984e-09
663.1713563568861,161.22780001059263,3.878571427197639,-119.38956669043311,-108.35374872022786,-1.088102425961192e-09
663.6713563568861,161.72734519467417,3.8787059736083838,-119.74485621704616,-108.70558216244575,-1.0881028147912595e-09
664.1713563568861,162.2268931771746,3.8788396912110823,-120.10014568182241,-109.05741550726134,-1.088102537324019e-09
664.6713563568861,162.72644393244244,3.8789725876406,-120.45543508492212,-109.40924875622008,-1.088102421475241e-09
665.1713563568861,163.22599743513865,3.8791046704383687,-120.81072442650186,-109.76108191084724,-1.0881026013775978e-09
665.6713563568861,163.7255536602318,3.8792359470538145,-121.16601370671451,-110.11291497264848,-1.0881025391105672e-09
666.1713563568861,164.22511258299355,3.8793664248457524,-121.5213029257095,-110.46474794311011,-1.0881025792430622e-09
666.6713563568861,164.72467417899392,3.8794961110837614,-121.87659208363269,-110.81658082369944,-1.0881025631169504e-09
667.1713563568861,165.22423842409694,3.8796250129495298,-122.23188118062664,-111.16841361586482,-1.0881024064012138e-09
667.6713563568861,165.72380529445618,3.879753137538181,-122.58717021683063,-111.52024632103632,-1.0881021909128664e-09
668.1713563568861,166.22337476651046,3.879880491859572,-122.94245919238058,-111.87207894062585,-1.0881024412981333e-09
668.6713563568861,166.72294681697952,3.8800070828395703,-123.29774810740935,-112.2239114760273,-1.0881023261532297e-09
669.1713563568861,167.22252142285996,3.8801329173213066,-123.65303696204664,-112.57574392861716,-1.088102463232104e-09
669.6713563568861,167.72209856142103,3.880258002066406,-124.00832575641917,-112.92757629975442,-1.0881024414434042e-09
670.1713563568861,168.22167821020074,3.880382343756198,-124.36361449065072,-113.27940859078112,-1.0881023805080232e-09
670.6713563568861,168.7212603470017,3.8805059489929037,-124.71890316486206,-113.63124080302252,-1.0881022524399374e-09
671.1713563568861,169.22084494988746,3.8806288243008016,-125.07419177917124,-113.98307293778733,-1.088102412838158e-09
671.6713563568861,169.7204319971785,3.8807509761273757,-125.4294803336935,-114.33490499636795,-1.0881023784058276e-09
672.1713563568861,170.22002146744865,3.88087241084444,-125.7847688285414,-114.68673698004088,-1.0881021522878402e-09
672.6713563568861,170.7196133395212,3.8809931347492452,-126.14005726382474,-115.0385688900668,-1.088102248594591e-09
673.1713563568861,171.21920759246552,3.8811131540655657,-126.49534563965086,-115.39040072769079,-1.0881023004910701e-09
673.6713563568861,171.71880420559327,3.8812324749447673,-126.8506339561245,-115.74223249414275,-1.0881023055049084e-09
674.1713563568861,172.2184031584551,3.881351103466857,-127.2059222133479,-116.09406419063747,-1.088102060609996e-09
674.6713563568861,172.71800443083703,3.8814690456415137,-127.56121041142089,-116.44589581837499,-1.088101987219174e-09
675.1713563568861,173.21760800275723,3.881586307409102,-127.91649855044098,-116.79772737854063,-1.0881020601713892e-09
675.6713563568861,173.7172138544626,3.8817028946416685,-128.27178663050321,-117.14955887230542,-1.0881022040308347e-09
676.1713563568861,174.21682196642558,3.881818813143919,-128.62707465170053,-117.50139030082617,-1.0881020930389336e-09
676.6713563568861,174.71643231934084,3.8819340686541826,-128.98236261412345,-117.85322166524587,-1.088102377541661e-09
677.1713563568861,175.21604489412223,3.882048666845356,-129.33765051786048,-118.2050529666936,-1.0881022949378283e-09
677.6713563568861,175.71565967189966,3.882162613325833,-129.692938362998,-118.55688420628496,-1.0881023704351851e-09
678.1713563568861,176.215276634016,3.8822759136404192,-130.04822614962018,-118.90871538512235,-1.0881022213410154e-09
678.6713563568861,176.7148957620241,3.8823885732712293,-130.4035138778092,-119.26054650429484,-1.0881021149112208e-09
679.1713563568861,177.21451703768392,3.8825005976385705,-130.75880154764522,-119.6123775648787,-1.0881022420620666e-09
679.6713563568861,177.71414044295955,3.8826119921018103,-131.1140891592065,-119.96420856793746,-1.0881020258051694e-09
680.1713563568861,178.2137659600164,3.8827227619602307,-131.46937671256936,-120.31603951452199,-1.0881021373077697e-09
680.6713563568861,178.71339357121835,3.882832912453867,-131.82466420780824,-120.6678704056709,-1.08810235771334e-09
681.1713563568861,179.2130232591251,3.8829424487643336,-132.17995164499573,-121.01970124241053,-1.0881021072833994e-09
681.6713563568861,179.71265500648934,3.8830513760156338,-132.5352390242027,-121.37153202575519,-1.0881021861140244e-09
682.1713563568861,180.2122887962542,3.883159699274961,-132.89052634549813,-121.72336275670746,-1.0881020240732089e-09
682.6713563568861,180.71192461155053,3.8832674235534803,-133.24581360894942,-122.07519343625808,-1.0881019115355527e-09
683.1713563568861,181.2115624356944,3.8833745538071027,-133.60110081462216,-122.42702406538653,-1.0881020111969143e-09
683.6713563568861,181.71120225218453,3.8834810949372423,-133.9563879625804,-122.77885464506075,-1.0881019803795503e-09
684.1713563568861,182.21084404469983,3.8835870517915643,-134.31167505288656,-123.13068517623756,-1.088102071463508e-09
684.6713563568861,182.71048779709687,3.8836924291647192,-134.66696208560137,-123.48251565986291,-1.0881020431182548e-09
685.1713563568861,183.21013349340762,3.883797231799065,-135.0222490607841,-123.83434609687178,-1.0881022140236395e-09
685.6713563568861,183.70978111783688,3.883901464385378,-135.37753597849255,-124.18617648818847,-1.0881022432401484e-09
686.1713563568861,184.2094306547601,3.8840051315635504,-135.73282283878294,-124.53800683472667,-1.088102071303003e-09
686.6713563568861,184.70908208872103,3.884108237923281,-136.08810964171013,-124.88983713738985,-1.0881022319207585e-09
687.1713563568861,185.20873540442946,3.8842107880047494,-136.44339638732748,-125.24166739707114,-1.0881018659826607e-09
687.6713563568861,185.70839058675898,3.8843127862992826,-136.798683075687,-125.59349761465353,-1.0881018926383796e-09
688.1713563568861,186.20804762074485,3.88441423725001,-137.15396970683932,-125.94532779101011,-1.0881020213335356e-09
688.6713563568861,186.70770649158177,3.8845151452525077,-137.50925628083374,-126.29715792700419,-1.0881021289551017e-09
689.1713563568861,187.20736718462186,3.884615514655433,-137.86454279771826,-126.64898802348932,-1.0881020122313491e-09
689.6713563568861,187.70702968537245,3.8847153497611484,-138.21982925753963,-127.00081808130956,-1.0881019211705944e-09
690.1713563568861,188.20669397949413,3.884814654826335,-138.5751156603433,-127.35264810129954,-1.0881019233467916e-09
690.6713563568861,188.7063600527987,3.8849134340625984,-138.93040200617344,-127.70447808428463,-1.0881020650550203e-09
691.1713563568861,189.20602789124715,3.885011691637062,-139.28568829507321,-128.056308031081,-1.088102161053446e-09
691.6713563568861,189.7056974809478,3.8851094316729533,-139.6409745270844,-128.40813794249587,-1.088102162488071e-09
692.1713563568861,190.20536880815425,3.8852066582501803,-139.99626070224775,-128.75996781932753,-1.0881020749732033e-09
692.6713563568861,190.70504185926356,3.8853033754058983,-140.35154682060278,-129.11179766236552,-1.0881020845085144e-09
693.1713563568861,191.20471662081437,3.8853995871350677,-140.706832882188,-129.46362747239067,-1.0881021493612098e-09
693.6713563568861,191.70439307948507,3.8854952973910044,-141.0621188870408,-129.8154572501753,-1.0881020854683504e-09
694.1713563568861,192.20407122209198,3.8855905100859203,-141.41740483519757,-130.16728699648328,-1.0881020773318726e-09
694.6713563568861,192.70375103558757,3.8856852290914565,-141.77269072669353,-130.51911671207029,-1.0881020924464452e-09
695.1713563568861,193.2034325070587,3.885779458239207,-142.12797656156297,-130.87094639768364,-1.0881023787829705e-09
695.6713563568861,193.70311562372493,3.885873201321235,-142.48326233983923,-131.22277605406273,-1.0881022095862392e-09
696.1713563568861,194.20280037293676,3.8859664620905816,-142.83854806155455,-131.57460568193886,-1.0881020968249469e-09
696.6713563568861,194.70248674217405,3.8860592442617663,-143.19383372674025,-131.92643528203558,-1.0881022105286614e-09
697.1713563568861,195.20217471904425,3.886151551511279,-143.54911933542678,-132.2782648550686,-1.0881020815796446e-09
697.6713563568861,195.7018642912809,3.886243387478065,-143.90440488764366,-132.63009440174596,-1.0881023319457913e-09
698.1713563568861,196.201555446742,3.8863347557640053,-144.2596903834195,-132.9819239227682,-1.0881022999307076e-09
698.6713563568861,196.7012481734083,3.886425659934384,-144.614975822782,-133.3337534188284,-1.0881024380013258e-09
699.1713563568861,197.20094245938196,3.8865161035183533,-144.97026120575802,-133.68558289061227,-1.088102381279489e-09
699.6713563568861,197.70063829288492,3.88660609000939,-145.32554653237358,-134.03741233879828,-1.0881022169194598e-09
700.1713563568861,198.20033566225734,3.8866956228657448,-145.68083180265384,-134.38924176405774,-1.0881023423188444e-09
700.6713563568861,198.70003455595625,3.886784705510884,-146.03611701662322,-134.74107116705483,-1.0881020999427755e-09
701.1713563568861,199.199734962554,3.8868733413339274,-146.39140217430528,-135.0929005484469,-1.0881020269182042e-09
701.6713563568861,199.69943687073686,3.886961533690076,-146.74668727572285,-135.4447299088843,-1.0881020913457592e-09
702.1713563568861,200.19914026930357,3.887049285901037,-147.10197232089791,-135.7965592490107,-1.0881021944686392e-09
702.6713563568861,200.69884514716398,3.887136601255438,-147.45725730985183,-136.14838856946292,-1.0881021766949692e-09
703.1713563568861,201.19855149333765,3.88722348300924,-147.8125422426051,-136.50021787087127,-1.0881021679517064e-09
703.6713563568861,201.69825929695253,3.8873099343861406,-148.16782711917762,-136.8520471538595,-1.088102052231284e-09
704.1713563568861,202.19796854724362,3.887395958577973,-148.52311193958855,-137.20387641904497,-1.0881021532272934e-09
704.6713563568861,202.69767923355164,3.887481558745099,-148.8783967038563,-137.55570566703867,-1.0881019729690871e-09
705.1713563568861,203.1973913453217,3.887566738016793,-149.23368141199873,-137.90753489844522,-1.0881021812400562e-09
705.6713563568861,203.69710487210213,3.8876514994916276,-149.5889660640329,-138.2593641138631,-1.0881020045498406e-09
706.1713563568861,204.1968198035431,3.8877358462378453,-149.94425065997538,-138.61119331388474,-1.0881023492772089e-09
706.6713563568861,204.69653612939547,3.887819781293731,-150.2995351998419,-138.96302249909644,-1.0881021872864545e-09
707.1713563568861,205.19625383950952,3.8879033076679748,-150.6548196836478,-139.31485167007858,-1.0881024207057925e-09
707.6713563568861,205.6959729238338,3.8879864283400325,-151.01010411140766,-139.6666808274056,-1.0881021603044539e-09
708.1713563568861,206.1956933724139,3.8880691462604795,-151.36538848313552,-140.01850997164624,-1.0881020812678836e-09
708.6713563568861,206.69541517539125,3.8881514643513597,-151.72067279884476,-140.37033910336345,-1.088102191478931e-09
709.1713563568861,207.19513832300208,3.8882333855065285,-152.07595705854834,-140.72216822311447,-1.0881021651600342e-09
709.6713563568861,207.69486280557618,3.8883149125919934,-152.43124126225854,-141.073997331451,-1.0881021761778273e-09
710.1713563568861,208.19458861353579,3.8883960484462468,-152.7865254099871,-141.42582642891918,-1.0881021297144084e-09
710.6713563568861,208.6943157373946,3.888476795880596,-153.14180950174523,-141.77765551605978,-1.0881021369376984e-09
711.1713563568861,209.1940441677565,3.888557157679487,-153.4970935375437,-142.12948459340805,-1.0881021797168277e-09
711.6713563568861,209.69377389531468,3.8886371366008254,-153.85237751739254,-142.48131366149414,-1.0881021219500338e-09
712.1713563568861,210.19350491085044,3.888716735376291,-154.20766144130158,-142.8331427208427,-1.088102084676682e-09
712.6713563568861,210.69323720523224,3.8887959567116486,-154.56294530928,-143.18497177197327,-1.088102302583195e-09
713.1713563568861,211.1929707694146,3.8888748032870555,-154.9182291213364,-143.53680081540037,-1.0881022351720754e-09
713.6713563568861,211.69270559443711,3.8889532777573623,-155.27351287747908,-143.8886298516334,-1.0881023023952292e-09
714.1713563568861,212.1924416714235,3.889031382752412,-155.62879657771572,-144.24045888117675,-1.0881024444579335e-09
714.6713563568861,212.69217899158056,3.889109120877333,-155.98408022205368,-144.5922879045299,-1.088102275275377e-09
715.1713563568861,213.1919175461972,3.889186494712828,-156.33936381049975,-144.94411692218748,-1.0881022515628998e-09
715.6713563568861,213.69165732664356,3.889263506815461,-156.69464734306038,-145.2959459346392,-1.0881023709215625e-09
716.1713563568861,214.19139832436994,3.8893401597179373,-157.04993081974155,-145.64777494237015,-1.088102264713104e-09
716.6713563568861,214.691140530906,3.889416455929383,-157.4052142405488,-145.99960394586066,-1.0881024622750718e-09
717.1713563568861,215.19088393785978,3.8894923979356157,-157.76049760548727,-146.35143294558642,-1.0881023958243994e-09
717.6713563568861,215.69062853691673,3.889567988199418,-158.11578091456173,-146.70326194201857,-1.0881021794252153e-09
718.1713563568861,216.19037431983898,3.8896432291608,-158.47106416777655,-147.05509093562367,-1.0881022566209043e-09
718.6713563568861,216.6901212784643,3.889718123237265,-158.8263473651356,-147.40691992686382,-1.0881022265210485e-09
719.1713563568861,217.18986940470532,3.8897926728240666,-159.1816305066425,-147.7587489161968,-1.0881020412432094e-09
719.6713563568861,217.68961869054868,3.8898668802944636,-159.53691359230052,-148.11057790407585,-1.0881020662968922e-09
720.1713563568861,218.18936912805415,3.8899407479999732,-159.8921966221124,-148.46240689095004,-1.088102141315021e-09
720.6713563568861,218.6891207093538,3.890014278270619,-160.24747959608072,-148.81423587726417,-1.0881020687621837e-09
721.1713563568861,219.1888734266512,3.890087473415174,-160.60276251420757,-149.16606486345867,-1.088102051857625e-09
721.6713563568861,219.6886272722206,3.890160335721406,-160.95804537649474,-149.51789384997008,-1.0881020611732133e-09
722.1713563568861,220.1883822384061,3.8902328674563122,-161.3133281829437,-149.86972283723063,-1.0881020221849414e-09
722.6713563568861,220.68813831762088,3.890305070866356,-161.66861093355556,-150.2215518256685,-1.088102065885571e-09
723.1713563568861,221.18789550234652,3.890376948177699,-162.02389362833114,-150.57338081570794,-1.0881021060383443e-09
723.6713563568861,221.68765378513206,3.890448501596429,-162.3791762672709,-150.92520980776916,-1.088102175343288e-09
724.1713563568861,222.18741315859336,3.8905197333087864,-162.73445885037506,-151.2770388022685,-1.0881021028017969e-09
724.6713563568861,222.68717361541235,3.890590645481387,-163.08974137764343,-151.6288677996185,-1.0881022971284277e-09
725.1713563568861,223.1869351483362,3.8906612402614402,-163.44502384907562,-151.9806968002277,-1.0881024918702658e-09
725.6713563568861,223.68669775017673,3.8907315197769674,-163.8003062646709,-152.33252580450093,-1.088102394789319e-09
726.1713563568861,224.1864614138096,3.8908014861370144,-164.15558862442833,-152.68435481283927,-1.0881024162661464e-09
726.6713563568861,224.68622613217363,3.8908711414318637,-164.5108709283466,-153.03618382564025,-1.08810239566538e-09
727.1713563568861,225.18599189827006,3.8909404877332423,-164.8661531764241,-153.3880128432976,-1.0881024906317432e-09
727.6713563568861,225.68575870516193,3.8910095270945257,-165.22143536865903,-153.73984186620137,-1.0881023922445609e-09
728.1713563568861,226.18552654597337,3.8910782615509425,-165.5767175050493,-154.09167089473826,-1.0881025820508271e-09
728.6713563568861,226.68529541388892,3.8911466931197727,-165.93199958559262,-154.44349992929122,-1.0881026027646595e-09
729.1713563568861,227.1850653021529,3.8912148238005466,-166.28728161028644,-154.79532897023986,-1.0881026396703451e-09
729.6713563568861,227.68483620406872,3.891282655575239,-166.6425635791278,-155.14715801796035,-1.088102888360142e-09
730.1713563568861,228.1846081129982,3.8913501904084606,-166.99784549211356,-155.4989870728254,-1.0881027967921482e-09
730.6713563568861,228.68438102236107,3.8914174302476487,-167.35312734924057,-155.8508161352044,-1.0881029250443457e-09
731.1713563568861,229.18415492563415,3.8914843770232537,-167.70840915050513,-156.20264520546328,-1.0881028420518993e-09
731.6713563568861,229.68392981635094,3.8915510326489238,-168.06369089590362,-156.55447428396477,-1.088102883849546e-09
732.1713563568861,230.18370568810084,3.8916173990216887,-168.4189725854319,-156.90630337106847,-1.0881028540389646e-09
732.6713563568861,230.68348253452862,3.8916834780221374,-168.77425421908583,-157.2581324671305,-1.0881029348013444e-09
733.1713563568861,231.1832603493338,3.8917492715145983,-169.12953579686084,-157.6099615725041,-1.0881028597748161e-09
733.6713563568861,231.68303912627013,3.891814781347312,-169.48481731875248,-157.96179068753912,-1.0881027886747349e-09
734.1713563568861,232.18281885914487,3.891880009352606,-169.84009878475575,-158.3136198125824,-1.0881029970262867e-09
734.6713563568861,232.68259954181835,3.8919449573470652,-170.19538019486566,-158.66544894797772,-1.0881028411736748e-09
735.1713563568861,233.18238116820334,3.892009627131701,-170.55066154907698,-159.0172780940658,-1.0881031673691283e-09
735.6713563568861,233.6821637322645,3.892074020492117,-170.90594284738424,-159.3691072511844,-1.0881032690793905e-09
736.1713563568861,234.18194722801786,3.892138139198673,-171.2612240897818,-159.7209364196682,-1.0881029622868621e-09
736.6713563568861,234.6817316495302,3.892201985006649,-171.61650527626387,-160.07276559984902,-1.0881029456375703e-09
737.1713563568861,235.18151699091862,3.8922655596564044,-171.97178640682438,-160.42459479205587,-1.0881032410680181e-09
737.6713563568861,235.6813032463499,3.892328864873535,-172.32706748145725,-160.77642399661468,-1.0881031513461061e-09
738.1713563568861,236.18109041004,3.892391902369031,-172.68234850015608,-161.12825321384867,-1.0881033299963072e-09
738.6713563568861,236.6808784762537,3.8924546738394303,-173.03762946291442,-161.48008244407822,-1.0881032227823693e-09
739.1713563568861,237.1806674393038,3.892517180966971,-173.39291036972554,-161.83191168762096,-1.088103387606183e-09
739.6713563568861,237.68045729355083,3.8925794254197412,-173.7481912205826,-162.1837409447917,-1.0881032190072607e-09
740.1713563568861,238.1802480334025,3.892641408851828,-174.10347201547862,-162.5355702159026,-1.0881032802905006e-09
740.6713563568861,238.68003965331323,3.8927031329034643,-174.45875275440642,-162.88739950126305,-1.0881033598132343e-09
741.1713563568861,239.1798321477836,3.8927645992011723,-174.8140334373587,-163.23922880117996,-1.0881033123807446e-09
741.6713563568861,239.67962551135992,3.8928258093579076,-175.16931406432798,-163.59105811595742,-1.088103224181325e-09
742.1713563568861,240.1794197386337,3.8928867649731997,-175.52459463530664,-163.94288744589704,-1.0881035611618311e-09
742.6713563568861,240.67921482424128,3.8929474676332916,-175.879875150287,-164.29471679129776,-1.0881031616097642e-09
743.1713563568861,241.17901076286327,3.8930079189112776,-176.23515560926108,-164.64654615245607,-1.0881033359142623e-09
743.6713563568861,241.67880754922416,3.893068120367239,-176.59043601222083,-164.99837552966594,-1.0881032861603783e-09
744.1713563568861,242.17860517809186,3.893128073548377,-176.94571635915827,-165.35020492321866,-1.0881031737604053e-09
744.6713563568861,242.67840364427718,3.893187779989149,-177.30099665006495,-165.70203433340336,-1.0881032721363758e-09
745.1713563568861,243.1782029426335,3.8932472412113954,-177.65627688493248,-166.05386376050646,-1.0881033505678845e-09
745.6713563568861,243.67800306805626,3.8933064587244717,-178.0115570637523,-166.40569320481222,-1.0881033108441807e-09
746.1713563568861,244.17780401548254,3.893365434025375,-178.36683718651568,-166.75752266660237,-1.0881034702077728e-09
746.6713563568861,244.6776057798907,3.89342416859887,-178.72211725321395,-167.10935214615625,-1.0881033729967038e-09
747.1713563568861,245.17740835629988,3.8934826639176143,-179.07739726383815,-167.46118164375088,-1.0881030591704724e-09
747.6713563568861,245.6772117397696,3.8935409214422823,-179.43267721837915,-167.8130111596611,-1.0881034442459169e-09
748.1713563568861,246.17701592539942,3.8935989426216846,-179.78795711682795,-168.16484069415932,-1.0881034305362407e-09
748.6713563568861,246.67682090832844,3.89365672889289,-180.14323695917525,-168.5166702475158,-1.0881033802729636e-09
749.1713563568861,247.17662668373495,3.8937142816813437,-180.4985167454117,-168.8684998199984,-1.0881034703071141e-09
749.6713563568861,247.67643324683607,3.8937716024009843,-180.85379647552782,-169.22032941187297,-1.0881033785274723e-09
750.1713563568861,248.1762405928873,3.8938286924543597,-181.20907614951406,-169.57215902340303,-1.0881032251100634e-09
750.6713563568861,248.67604871718214,3.893885553232742,-181.56435576736075,-169.92398865485,-1.0881030939266041e-09
751.1713563568861,249.17585761505177,3.8939421861162398,-181.9196353290581,-170.27581830647318,-1.0881032845223618e-09
751.6713563568861,249.6756672818646,3.8939985924739107,-182.27491483459627,-170.62764797852964,-1.0881031279115777e-09
752.1713563568861,250.17547771302594,3.8940547736638713,-182.63019428396524,-170.9794776712745,-1.088103117083518e-09
752.6713563568861,250.67528890397764,3.8941107310334058,-182.98547367715503,-171.3313073849606,-1.0881030915778697e-09
753.1713563568861,251.1751008501977,3.8941664659190747,-183.34075301415547,-171.68313711983902,-1.0881030487423188e-09
753.6713563568861,251.67491354719996,3.8942219796468205,-183.6960322949563,-172.0349668761585,-1.0881032466626046e-09
754.1713563568861,252.17472699053366,3.894277273532073,-184.0513115195472,-172.38679665416598,-1.0881031059922667e-09
754.6713563568861,252.67454117578316,3.8943323488798542,-184.40659068791783,-172.7386264541063,-1.0881028378148775e-09
755.1713563568861,253.17435609856759,3.894387206984879,-184.76186980005767,-173.09045627622234,-1.0881032728989706e-09
755.6713563568861,253.67417175454048,3.8944418491316593,-185.11714885595612,-173.4422861207551,-1.0881031083032145e-09
756.1713563568861,254.17398813938948,3.8944962765946016,-185.47242785560258,-173.79411598794363,-1.0881031715033837e-09
756.6713563568861,254.67380524883595,3.8945504906381085,-185.82770679898633,-174.14594587802495,-1.088103164691385e-09
757.1713563568861,255.17362307863468,3.894604492516675,-186.18298568609654,-174.49777579123432,-1.0881031950456695e-09
757.6713563568861,255.6734416245735,3.894658283474987,-186.5382645169223,-174.84960572780514,-1.0881031341591215e-09
758.1713563568861,256.17326088247313,3.894711864748015,-186.89354329145277,-175.2014356879689,-1.0881032360111382e-09
758.6713563568861,256.6730808481866,3.8947652375611095,-187.24882200967684,-175.55326567195522,-1.0881032211687473e-09
759.1713563568861,257.1729015175992,3.894818403130095,-187.6041006715835,-175.905095679992,-1.0881032868224005e-09
759.6713563568861,257.6727228866279,3.894871362661362,-187.95937927716153,-176.25692571230522,-1.0881031157808644e-09
760.1713563568861,258.17254495122137,3.894924117351958,-188.3146578263998,-176.60875576911914,-1.088103231460103e-09
760.6713563568861,258.67236770735934,3.8949766683896785,-188.66993631928696,-176.9605858506564,-1.088103175182828e-09
761.1713563568861,259.1721911510526,3.895029016953155,-189.0252147558117,-177.31241595713763,-1.0881031295842188e-09
761.6713563568861,259.67201527834237,3.8950811642119447,-189.38049313596258,-177.66424608878202,-1.0881029728209659e-09
762.1713563568861,260.1718400853004,3.8951331113266163,-189.7357714597282,-178.01607624580686,-1.0881031851248524e-09
762.6713563568861,260.67166556802835,3.8951848594488365,-190.091049727097,-178.36790642842774,-1.0881028010211793e-09
763.1713563568861,261.17149172265766,3.895236409721456,-190.4463279380574,-178.71973663685873,-1.0881028611825305e-09
763.6713563568861,261.67131854534927,3.8952877632785925,-190.8016060925978,-179.07156687131206,-1.088103054018126e-09
764.1713563568861,262.1711460322932,3.895338921245715,-191.1568841907065,-179.42339713199848,-1.0881028966136763e-09
764.6713563568861,262.67097417970854,3.8953898847397253,-191.5121622323717,-179.77522741912705,-1.0881031403075928e-09
765.1713563568861,263.17080298384286,3.8954406548690392,-191.86744021758167,-180.1270577329052,-1.0881027747149714e-09
765.6713563568861,263.6706324409722,3.895491232733668,-192.22271814632452,-180.47888807353883,-1.0881030514837796e-09
766.1713563568861,264.17046254740063,3.8955416194252974,-192.5779960185883,-180.83071844123216,-1.0881029340433134e-09
766.6713563568861,264.6702932994601,3.895591816027365,-192.93327383436127,-181.18254883618792,-1.0881028122193445e-09
767.1713563568861,265.1701246935102,3.8956418236151396,-193.2885515936313,-181.53437925860734,-1.0881028028981713e-09
767.6713563568861,265.6699567259377,3.895691643255798,-193.64382929638631,-181.88620970869016,-1.0881027694756433e-09
768.1713563568861,266.16978939315646,3.8957412760085,-193.9991069426143,-182.23804018663435,-1.088102929819754e-09
768.6713563568861,266.6696226916072,3.8957907229244637,-194.3543845323032,-182.5898706926366,-1.0881030315459783e-09
769.1713563568861,267.1694566177571,3.8958399850470404,-194.7096620654407,-182.94170122689212,-1.0881026723747343e-09
769.6713563568861,267.6692911680998,3.8958890634117873,-195.0649395420148,-183.2935317895945,-1.0881027910589238e-09
770.1713563568861,268.16912633915484,3.895937959046541,-195.42021696201311,-183.64536238093604,-1.0881027230208645e-09
770.6713563568861,268.66896212746775,3.895986672971488,-195.77549432542344,-183.9971930011075,-1.0881029837966517e-09
771.1713563568861,269.1687985296095,3.896035206199238,-196.13077163223338,-184.34902365029825,-1.0881026901830307e-09
771.6713563568861,269.6686355421764,3.8960835597348913,-196.48604888243057,-184.70085432869627,-1.0881026494372707e-09
772.1713563568861,270.16847316179,3.8961317345761097,-196.8413260760027,-185.052685036488,-1.088102881820719e-09
772.6713563568861,270.6683113850967,3.896179731713186,-197.19660321293728,-185.40451577385875,-1.0881027410363e-09
773.1713563568861,271.1681502087674,3.89622755212911,-197.5518802932218,-185.7563465409922,-1.088102931710195e-09
773.6713563568861,271.6679896294976,3.896275196799637,-197.90715731684386,-186.10817733807082,-1.0881029083722394e-09
774.1713563568861,272.167829644007,3.896322666693354,-198.262434283791,-186.46000816527564,-1.0881028770085017e-09
774.6713563568861,272.6676702490392,3.896369962771745,-198.61771119405051,-186.81183902278656,-1.0881028903832171e-09
775.1713563568861,273.16751144136157,3.896417085989256,-198.97298804760987,-187.16366991078183,-1.0881028586392868e-09
775.6713563568861,273.667353217765,3.8964640372933608,-199.3282648444564,-187.51550082943865,-1.0881027364791438e-09
776.1713563568861,274.1671955750639,3.8965108176246215,-199.68354158457748,-187.86733177893285,-1.0881028108466557e-09
776.6713563568861,274.66703851009555,3.896557427916754,-200.03881826796052,-188.21916275943897,-1.088102587506905e-09
777.1713563568861,275.16688201972033,3.896603869096689,-200.3940948945928,-188.5709937711302,-1.0881027680085324e-09
777.6713563568861,275.6667261008212,3.896650142084635,-200.7493714644615,-188.92282481417868,-1.0881027694631465e-09
778.1713563568861,276.1665707503037,3.896696247794136,-201.1046479775539,-189.27465588875503,-1.0881027916681931e-09
778.6713563568861,276.66641596509567,3.896742187132135,-201.45992443385722,-189.62648699502893,-1.088102571488584e-09
779.1713563568861,277.16626174214696,3.8967879609990312,-201.81520083335874,-189.97831813316856,-1.0881026955738172e-09
779.6713563568861,277.66610807842943,3.896833570288741,-202.17047717604555,-190.33014930334107,-1.0881026473024228e-09
780.1713563568861,278.1659549709366,3.8968790158887545,-202.52575346190483,-190.68198050571237,-1.0881027499868127e-09
780.6713563568861,278.6658024166834,3.8969242986801933,-202.88102969092367,-191.03381174044708,-1.0881024730526081e-09
781.1713563568861,279.16565041270627,3.8969694195378684,-203.23630586308923,-191.38564300770884,-1.088102506521974e-09
781.6713563568861,279.6654989560626,3.897014379330336,-203.5915819783885,-191.73747430765997,-1.0881024907145663e-09
782.1713563568861,280.1653480438309,3.897059178919953,-203.9468580368087,-192.08930564046162,-1.0881024597099324e-09
782.6713563568861,280.6651976731102,3.8971038191629335,-204.3021340383368,-192.4411370062739,-1.0881023314782038e-09
783.1713563568861,281.1650478410203,3.8971483009094015,-204.6574099829598,-192.79296840525572,-1.0881023916393232e-09
783.6713563568861,281.66489854470126,3.8971926250034468,-205.01268587066463,-193.144799837565,-1.088102517116936e-09
784.1713563568861,282.16474978131345,3.8972367922831763,-205.36796170143845,-193.49663130335819,-1.0881025742112587e-09
784.6713563568861,282.66460154803724,3.89728080358077,-205.72323747526812,-193.84846280279112,-1.0881026018260614e-09
785.1713563568861,283.16445384207276,3.8973246597225293,-206.07851319214066,-194.2002943360181,-1.0881025297367401e-09
785.6713563568861,283.66430666063997,3.8973683615289323,-206.43378885204308,-194.55212590319255,-1.0881028953381287e-09
786.1713563568861,284.1641600009782,3.8974119098146836,-206.78906445496222,-194.9039575044669,-1.0881027904617149e-09
786.6713563568861,284.6640138603462,3.897455305388765,-207.14434000088494,-195.25578913999234,-1.0881029783102378e-09
787.1713563568861,285.1638682360218,3.897498549054485,-207.49961548979815,-195.60762080991918,-1.0881029733588039e-09
787.6713563568861,285.663723125302,3.8975416416095303,-207.8548909216888,-195.9594525143966,-1.0881028032192631e-09
788.1713563568861,286.16357852550243,3.897584583846012,-208.21016629654378,-196.31128425357258,-1.0881028084571763e-09
788.6713563568861,286.66343443395755,3.897627376550518,-208.56544161434996,-196.66311602759438,-1.0881028055387349e-09
789.1713563568861,287.1632908480202,3.8976700205041572,-208.92071687509412,-197.0149478366081,-1.0881026851344413e-09
789.6713563568861,287.6631477650617,3.89771251648261,-209.27599207876315,-197.36677968075878,-1.088102803661503e-09
790.1713563568861,288.1630051824714,3.8977548652561738,-209.6312672253438,-197.7186115601906,-1.088102856496526e-09
790.6713563568861,288.66286309765684,3.89779706758981,-209.986542314823,-198.07044347504657,-1.0881027710776699e-09
791.1713563568861,289.1627215080433,3.8978391242431907,-210.3418173471874,-198.42227542546897,-1.0881027674586335e-09
791.6713563568861,289.6625804110739,3.897881035970743,-210.6970923224239,-198.77410741159883,-1.0881030381827335e-09
792.1713563568861,290.16243980420927,3.8979228035216957,-211.05236724051935,-199.12593943357638,-1.0881028616489412e-09
792.6713563568861,290.6622996849274,3.897964427640123,-211.40764210146037,-199.47777149154086,-1.088102926875211e-09
793.1713563568861,291.1621600507237,3.8980059090649886,-211.7629169052338,-199.82960358563065,-1.0881028624959465e-09
793.6713563568861,291.6620208991106,3.8980472485301907,-212.1181916518264,-200.18143571598307,-1.0881030121560425e-09
794.1713563568861,292.1618822276175,3.8980884467646044,-212.4734663412249,-200.53326788273466,-1.0881031954957604e-09
794.6713563568861,292.66174403379074,3.898129504492124,-212.8287409734161,-200.8851000860208,-1.0881028812092553e-09
795.1713563568861,293.1616063151932,3.898170422431707,-213.18401554838672,-201.2369323259762,-1.0881030516942664e-09
795.6713563568861,293.66146906940435,3.8982112012974146,-213.53929006612344,-201.58876460273453,-1.088103142407951e-09
796.1713563568861,294.1613322940202,3.898251841798455,-213.89456452661304,-201.94059691642875,-1.0881031349124065e-09
796.6713563568861,294.66119598665284,3.898292344639223,-214.24983892984213,-202.29242926719067,-1.0881030627370656e-09
797.1713563568861,295.1610601449306,3.8983327105193406,-214.60511327579755,-202.64426165515135,-1.0881030724005758e-09
797.6713563568861,295.6609247664978,3.8983729401336995,-214.96038756446592,-202.99609408044105,-1.0881030971335278e-09
798.1713563568861,296.16078984901463,3.8984130341724983,-215.31566179583402,-203.3479265431891,-1.088102996546636e-09
798.6713563568861,296.66065539015693,3.898452993321284,-215.67093596988846,-203.69975904352393,-1.0881028716519808e-09
799.1713563568861,297.1605213876162,3.89849281826099,-216.0262100866161,-204.0515915815731,-1.088102926505041e-09
799.6713563568861,297.66038783909937,3.898532509667976,-216.3814841460034,-204.40342415746352,-1.0881031592147198e-09
800.1713563568861,298.1602547423288,3.898572068214065,-216.73675814803715,-204.75525677132111,-1.0881028986375391e-09
800.6713563568861,298.6601220950419,3.898611494566582,-217.09203209270407,-205.10708942327102,-1.0881029648892253e-09
801.1713563568861,299.1599898949913,3.8986507893883915,-217.44730597999077,-205.4589221134375,-1.0881029613000801e-09
801.6713563568861,299.6598581399445,3.898689953337934,-217.80257980988404,-205.81075484194398,-1.0881027844777594e-09
802.1713563568861,300.15972682768387,3.8987289870692647,-218.15785358237036,-206.16258760891333,-1.0881027184163107e-09
802.6713563568861,300.6595959560065,3.898767891232088,-218.51312729743654,-206.51442041446734,-1.0881027959312194e-09
803.1713563568861,301.1594655227241,3.898806666471794,-218.86840095506926,-206.8662532587272,-1.0881029246805636e-09
803.6713563568861,301.6593355256627,3.898845313429496,-219.22367455525517,-207.2180861418132,-1.0881026781312763e-09
804.1713563568861,302.15920596266284,3.898883832742062,-219.57894809798086,-207.56991906384488,-1.0881027102957935e-09
804.6713563568861,302.65907683157917,3.8989222250421545,-219.93422158323318,-207.92175202494096,-1.0881026766095529e-09
805.1713563568861,303.1589481302806,3.898960490958262,-220.28949501099865,-208.27358502521952,-1.0881027590587626e-09
805.6713563568861,303.6588198566498,3.898998631114734,-220.6447683812639,-208.6254180647979,-1.088102499372596e-09
806.1713563568861,304.15869200858356,3.8990366461318158,-221.00004169401566,-208.9772511437925,-1.0881027716614228e-09
806.6713563568861,304.6585645839923,3.8990745366256814,-221.35531494924058,-209.3290842623192,-1.088102887282999e-09
807.1713563568861,305.1584375808002,3.899112303208467,-221.71058814692523,-209.68091742049305,-1.0881026753754505e-09
807.6713563568861,305.65831099694486,3.8991499464883033,-222.0658612870565,-210.0327506184282,-1.0881025479460687e-09
808.1713563568861,306.1581848303774,3.8991874670693503,-222.42113436962086,-210.38458385623838,-1.0881027870179128e-09
808.6713563568861,306.65805907906224,3.899224865551828,-222.77640739460495,-210.7364171340365,-1.0881024096680003e-09
809.1713563568861,307.157933740977,3.8992621425320477,-223.1316803619955,-211.0882504519346,-1.08810263297457e-09
809.6713563568861,307.6578088141124,3.899299298602446,-223.48695327177927,-211.44008381004411,-1.0881030222826618e-09
810.1713563568861,308.1576842964722,3.8993363343516148,-223.84222612394274,-211.79191720847592,-1.0881030610505144e-09
810.6713563568861,308.6575601860731,3.899373250364332,-224.19749891847277,-212.14375064733994,-1.088102699136354e-09
811.1713563568861,309.1574364809445,3.8994100472215942,-224.5527716553559,-212.49558412674563,-1.0881026805860868e-09
811.6713563568861,309.65731317912855,3.899446725500645,-224.90804433457888,-212.84741764680163,-1.0881029067770023e-09
812.1713563568861,310.15719027867993,3.8994832857750072,-225.26331695612828,-213.19925120761602,-1.0881029240631215e-09
812.6713563568861,310.6570677776659,3.899519728614511,-225.6185895199908,-213.55108480929613,-1.0881029770081424e-09
813.1713563568861,311.15694567416597,3.8995560545853247,-225.9738620261532,-213.90291845194855,-1.0881032014364748e-09
813.6713563568861,311.65682396627216,3.8995922642499843,-226.32913447460203,-214.2547521356795,-1.0881032124081629e-09
814.1713563568861,312.1567026520885,3.8996283581674214,-226.68440686532412,-214.60658586059418,-1.0881033766449515e-09
814.6713563568861,312.6565817297311,3.899664336892993,-227.03967919830603,-214.95841962679737,-1.0881030518742262e-09
815.1713563568861,313.15646119732816,3.8997002009785104,-227.39495147353443,-215.31025343439316,-1.0881031475079304e-09
815.6713563568861,313.6563410530198,3.899735950972266,-227.7502236909961,-215.662087283485,-1.0881033229479099e-09
816.1713563568861,314.15622129495785,3.899771587419062,-228.10549585067773,-216.0139211741757,-1.0881034788286088e-09
816.6713563568861,314.65610192130595,3.8998071108602392,-228.460767952566,-216.36575510656735,-1.0881033544685536e-09
817.1713563568861,315.15598293023925,3.8998425218337025,-228.81603999664753,-216.71758908076163,-1.0881033804118106e-09
817.6713563568861,315.65586431994456,3.8998778208739497,-229.17131198290915,-217.06942309685945,-1.088103576728748e-09
818.1713563568861,316.15574608862,3.899913008512098,-229.52658391133733,-217.4212571549612,-1.0881035780889415e-09
818.6713563568861,316.65562823447516,3.899948085275909,-229.88185578191906,-217.77309125516655,-1.0881035425620148e-09
819.1713563568861,317.1555107557308,3.899983051689819,-230.23712759464095,-218.12492539757466,-1.0881035368636902e-09
819.6713563568861,317.6553936506189,3.9000179082749606,-230.59239934948965,-218.47675958228402,-1.08810354177608e-09
820.1713563568861,318.15527691738254,3.900052655549193,-230.94767104645192,-218.82859380939274,-1.0881035283506496e-09
820.6713563568861,318.6551605542757,3.900087294027123,-231.30294268551447,-219.18042807899803,-1.0881034584741135e-09
821.1713563568861,319.1550445595634,3.9001218242201356,-231.65821426666406,-219.53226239119678,-1.0881037009247767e-09
821.6713563568861,319.6549289315214,3.900156246636415,-232.0134857898874,-219.8840967460851,-1.0881037750530981e-09
822.1713563568861,320.15481366843625,3.900190561780971,-232.3687572551713,-220.23593114375865,-1.0881034160028953e-09
822.6713563568861,320.6546987686051,3.900224770155665,-232.7240286625024,-220.5877655843126,-1.0881036960555325e-09
823.1713563568861,321.15458423033573,3.9002588722592333,-233.0793000118675,-220.93960006784133,-1.0881033844258904e-09
823.6713563568861,321.65447005194636,3.9002928685873104,-233.43457130325336,-221.2914345944388,-1.088103317664292e-09
824.1713563568861,322.1543562317657,3.9003267596324553,-233.7898425366467,-221.64326916419847,-1.0881033816194155e-09
824.6713563568861,322.6542427681327,3.9003605458841744,-234.1451137120342,-221.99510377721322,-1.0881034574831137e-09
825.1713563568861,323.15412965939663,3.9003942278289436,-234.50038482940275,-222.3469384335753,-1.088103422162832e-09
825.6713563568861,323.65401690391695,3.900427805950234,-234.85565588873908,-222.6987731333766,-1.0881034583406338e-09
826.1713563568861,324.15390450006316,3.900461280728534,-235.21092689002998,-223.05060787670817,-1.0881033628678131e-09
826.6713563568861,324.65379244621477,3.900494652641372,-235.56619783326224,-223.40244266366082,-1.088103295254191e-09
827.1713563568861,325.1536807407613,3.90052792216334,-235.92146871842252,-223.75427749432475,-1.0881033378741311e-09
827.6713563568861,325.653569382102,3.900561089766115,-236.27673954549778,-224.10611236878952,-1.088103264503749e-09
828.1713563568861,326.15345836864606,3.9005941559184825,-236.63201031447474,-224.45794728714432,-1.0881036075255605e-09
828.6713563568861,326.65334769881235,3.900627121086358,-236.98728102534017,-224.80978224947785,-1.0881033676966762e-09
829.1713563568861,327.1532373710293,3.9006599857328084,-237.34255167808092,-225.16161725587807,-1.088103289933857e-09
829.6713563568861,327.653127383735,3.9006927503180755,-237.69782227268374,-225.5134523064328,-1.0881032877859956e-09
830.1713563568861,328.15301773537703,3.9007254152995956,-238.0530928091355,-225.865287401229,-1.088103269450958e-09
830.6713563568861,328.6529084244123,3.900757981132022,-238.40836328742301,-226.21712254035344,-1.088103357422708e-09
831.1713563568861,329.15279944930717,3.900790448267245,-238.76363370753307,-226.56895772389208,-1.0881031715983454e-09
831.6713563568861,329.6526908085372,3.900822817154414,-239.1189040694526,-226.92079295193062,-1.0881031969511458e-09
832.1713563568861,330.15258250058724,3.900855088239959,-239.47417437316827,-227.27262822455424,-1.088103146096419e-09
832.6713563568861,330.6524745239512,3.9008872619676076,-239.8294446186671,-227.62446354184755,-1.0881030495364936e-09
833.1713563568861,331.1523668771321,3.90091933877841,-240.1847148059359,-227.97629890389473,-1.0881030305208227e-09
833.6713563568861,331.6522595586421,3.9009513191107557,-240.5399849349614,-228.32813431077966,-1.0881029934777054e-09
834.1713563568861,332.15215256700196,3.9009832034003953,-240.8952550057306,-228.6799697625854,-1.0881030399118222e-09
834.6713563568861,332.65204590074165,3.9010149920804595,-241.25052501823038,-229.0318052593948,-1.088103158045314e-09
835.1713563568861,333.15193955839976,3.9010466855814796,-241.60579497244746,-229.38364080129017,-1.0881034261338304e-09
835.6713563568861,333.65183353852365,3.901078284331406,-241.96106486836882,-229.73547638835345,-1.0881031321953122e-09
836.1713563568861,334.1517278396694,3.901109788755628,-242.3163347059814,-230.0873120206659,-1.0881032221405998e-09
836.6713563568861,334.6516224604016,3.901141199276993,-242.6716044852719,-230.4391476983087,-1.0881033548548734e-09
837.1713563568861,335.15151739929354,3.9011725163158255,-243.02687420622738,-230.79098342136223,-1.0881034778365434e-09
837.6713563568861,335.65141265492684,3.901203740289945,-243.38214386883473,-231.14281918990648,-1.0881033470731703e-09
838.1713563568861,336.1513082258916,3.9012348716146863,-243.73741347308086,-231.49465500402127,-1.0881036375129486e-09
838.6713563568861,336.6512041107863,3.901265910702916,-244.09268301895267,-231.84649086378556,-1.0881034452064923e-09
839.1713563568861,337.1511003082176,3.901296857965053,-244.44795250643702,-232.19832676927828,-1.088103689082438e-09
839.6713563568861,337.65099681680056,3.9013277138090845,-244.8032219355209,-232.55016272057767,-1.0881034687922954e-09
840.1713563568861,338.15089363515824,3.901358478640585,-245.15849130619122,-232.9019987177617,-1.0881034028402093e-09
840.6713563568861,338.65079076192194,3.9013891528627345,-245.5137606184349,-233.25383476090784,-1.088103554757129e-09
841.1713563568861,339.150688195731,3.901419736876335,-245.8690298722389,-233.6056708500931,-1.0881034647381275e-09
841.6713563568861,339.65058593523264,3.9014502310798287,-246.22429906759024,-233.95750698539413,-1.0881033608519057e-09
842.1713563568861,340.15048397908214,3.901480635869316,-246.5795682044757,-234.30934316688726,-1.0881035359481226e-09
842.6713563568861,340.6503823259426,3.9015109516385715,-246.93483728288237,-234.6611793946482,-1.088103602053382e-09
843.1713563568861,341.1502809744849,3.9015411787790613,-247.29010630279717,-235.0130156687524,-1.0881035881648798e-09
843.6713563568861,341.6501799233877,3.90157131767996,-247.6453752642072,-235.36485198927474,-1.0881035945200632e-09
844.1713563568861,342.15007917133755,3.901601368728168,-248.00064416709924,-235.7166883562901,-1.088103629277665e-09
844.6713563568861,342.6499787170283,3.901631332308327,-248.35591301146047,-236.06852476987237,-1.0881036923183162e-09
845.1713563568861,343.14987855916166,3.9016612088028384,-248.7111817972777,-236.42036123009555,-1.0881036202077148e-09
845.6713563568861,343.6497786964468,3.9016909985918766,-249.0664505245381,-236.77219773703303,-1.0881036334059412e-09
846.1713563568861,344.14967912760034,3.901720702053408,-249.42171919322857,-237.12403429075783,-1.0881037067185215e-09
846.6713563568861,344.6495798513464,3.901750319563205,-249.7769878033362,-237.47587089134262,-1.0881038083487968e-09
847.1713563568861,345.1494808664164,3.901779851494864,-250.13225635484793,-237.8277075388597,-1.0881034549729874e-09
847.6713563568861,345.6493821715491,3.9018092982198183,-250.4875248477508,-238.1795442333809,-1.0881039385359165e-09
848.1713563568861,346.14928376549057,3.901838660107356,-250.8427932820319,-238.53138097497762,-1.088103946223313e-09
848.6713563568861,346.64918564699406,3.9018679375246355,-251.19806165767824,-238.88321776372115,-1.0881040095328531e-09
849.1713563568861,347.14908781481995,3.901897130836699,-251.55332997467679,-239.23505459968223,-1.0881037071380796e-09
849.6713563568861,347.6489902677358,3.90192624040649,-251.90859823301466,-239.58689148293126,-1.0881037505618587e-09
850.1713563568861,348.14889300451625,3.9019552665948654,-252.26386643267887,-239.93872841353823,-1.088103703438803e-09
850.6713563568861,348.6487960239429,3.901984209760614,-252.6191345736565,-240.2905653915729,-1.088103826509123e-09
851.1713563568861,349.1486993248043,3.9020130702604683,-252.97440265593468,-240.64240241710442,-1.0881038874771003e-09
851.6713563568861,349.6486029058959,3.9020418484491213,-253.3296706795004,-240.99423949020186,-1.088103924962248e-09
852.1713563568861,350.14850676602015,3.90207054467924,-253.68493864434078,-241.34607661093378,-1.0881039686571985e-09
852.6713563568861,350.64841090398613,3.90209915930148,-254.04020655044278,-241.69791377936855,-1.0881037780053525e-09
853.1713563568861,351.14831531860983,3.9021276926645,-254.39547439779358,-242.049750995574,-1.0881037631430677e-09
853.6713563568861,351.64822000871385,3.9021561451149753,-254.75074218638034,-242.40158825961763,-1.0881037330643388e-09
854.1713563568861,352.14812497312755,3.902184516997613,-255.10600991619012,-242.75342557156668,-1.0881037511850402e-09
854.6713563568861,352.64803021068684,3.9022128086551646,-255.46127758721,-243.10526293148806,-1.0881036834509146e-09
855.1713563568861,353.1479357202343,3.9022410204284417,-255.8165451994272,-243.45710033944815,-1.088103642167275e-09
855.6713563568861,353.6478415006188,3.9022691526563285,-256.1718127528287,-243.80893779551334,-1.0881036665859634e-09
856.1713563568861,354.14774755069607,3.9022972056757945,-256.52708024740167,-244.16077529974936,-1.0881039082139692e-09
856.6713563568861,354.647653869328,3.9023251798219105,-256.8823476831333,-244.51261285222182,-1.0881038472507651e-09
857.1713563568861,355.147560455383,3.9023530754278593,-257.2376150600107,-244.8644504529959,-1.0881039260306824e-09
857.6713563568861,355.64746730773567,3.902380892824951,-257.59288237802093,-245.21628810213647,-1.0881037421570911e-09
858.1713563568861,356.1473744252671,3.9024086323426346,-257.9481496371511,-245.56812579970818,-1.0881037136502095e-09
858.6713563568861,356.6472818068646,3.9024362943085125,-258.3034168373885,-245.91996354577518,-1.088103718917947e-09
859.1713563568861,357.14718945142164,3.902463879048352,-258.6586839787204,-246.2718013404014,-1.0881035219344282e-09
859.6713563568861,357.6470973578378,3.902491386886099,-259.01395106113364,-246.6236391836504,-1.0881037291054338e-09
860.1713563568861,358.147005525019,3.902518818143891,-259.3692180846157,-246.9754770755855,-1.0881034760247286e-09
860.6713563568861,358.646913951877,3.9025461731420688,-259.7244850491535,-247.32731501626975,-1.0881036793962368e-09
861.1713563568861,359.1468226373299,3.902573452199189,-260.07975195473443,-247.67915300576567,-1.0881035869868832e-09
861.6713563568861,359.64673158030143,3.902600655632038,-260.4350188013455,-248.03099104413582,-1.0881034355870159e-09
862.1713563568861,360.1466407797216,3.902627783755642,-260.79028558897414,-248.38282913144207,-1.088103551105503e-09
862.6713563568861,360.6465502345262,3.902654836883281,-261.14555231760727,-248.7346672677463,-1.0881036110345229e-09
863.1713563568861,361.1464599436569,3.9026818153264995,-261.5008189872323,-249.08650545310985,-1.0881035074330841e-09
863.6713563568861,361.64636990606124,3.90270871939512,-261.85608559783645,-249.43834368759394,-1.0881034378219222e-09
864.1713563568861,362.14628012069255,3.9027355493972538,-262.2113521494067,-249.79018197125953,-1.0881031799989266e-09
864.6713563568861,362.64619058650993,3.9027623056393126,-262.5666186419305,-250.142020304167,-1.0881034162483525e-09
865.1713563568861,363.1461013024782,3.9027889884260216,-262.92188507539504,-250.49385868637685,-1.0881035056528122e-09
865.6713563568861,363.6460122675678,3.902815598060429,-263.27715144978754,-250.84569711794884,-1.088103612299227e-09
866.1713563568861,364.1459234807549,3.90284213484392,-263.6324177650951,-251.19753559894286,-1.08810349954653e-09
866.6713563568861,364.64583494102123,3.902868599076226,-263.9876840213051,-251.54937412941834,-1.0881035098827998e-09
867.1713563568861,365.1457466473541,3.902894991055437,-264.3429502184048,-251.90121270943436,-1.0881036806179542e-09
867.6713563568861,365.64565859874625,3.9029213110780123,-264.6982163563814,-252.25305133904962,-1.088103478738823e-09
868.1713563568861,366.14557079419603,3.9029475594387923,-265.0534824352222,-252.60489001832283,-1.0881035011707783e-09
868.6713563568861,366.64548323270725,3.9029737364310098,-265.40874845491436,-252.95672874731247,-1.0881033040701666e-09
869.1713563568861,367.145395913289,3.902999842346299,-265.7640144154453,-253.30856752607622,-1.0881032734790181e-09
869.6713563568861,367.6453088349559,3.9030258774747084,-266.11928031680225,-253.6604063546721,-1.0881035036819704e-09
870.1713563568861,368.14522199672786,3.9030518421047113,-266.4745461589724,-254.01224523315753,-1.0881032795917075e-09
870.6713563568861,368.64513539763,3.903077736523216,-266.8298119419429,-254.36408416158974,-1.0881034923271538e-09
871.1713563568861,369.1450490366928,3.903103561015575,-267.18507766570133,-254.71592314002564,-1.088103424700532e-09
871.6713563568861,369.64496291295205,3.903129315865599,-267.540343330235,-255.067762168522,-1.0881032440759184e-09
872.1713563568861,370.1448770254486,3.9031550013555636,-267.89560893553096,-255.41960124713518,-1.0881035304022366e-09
872.6713563568861,370.6447913732285,3.9031806177662225,-268.2508744815766,-255.77144037592132,-1.0881033183445125e-09
873.1713563568861,371.14470595534294,3.903206165376816,-268.6061399683593,-256.1232795549365,-1.0881033429978971e-09
873.6713563568861,371.6446207708482,3.9032316444650825,-268.96140539586617,-256.4751187842362,-1.0881033966607828e-09
874.1713563568861,372.14453581880565,3.9032570553072663,-269.31667076408485,-256.82695806387585,-1.0881033561989908e-09
874.6713563568861,372.64445109828165,3.903282398178131,-269.67193607300237,-257.17879739391066,-1.0881035012486716e-09
875.1713563568861,373.1443666083476,3.903307673350966,-270.0272013226062,-257.5306367743955,-1.0881033760901989e-09
875.6713563568861,373.64428234807974,3.9033328810975987,-270.38246651288364,-257.8824762053849,-1.0881034858283473e-09
876.1713563568861,374.1441983165594,3.903358021688404,-270.73773164382203,-258.23431568693337,-1.0881034498013131e-09
876.6713563568861,374.6441145128727,3.9033830953923125,-271.0929967154087,-258.58615521909496,-1.0881032069005776e-09
877.1713563568861,375.14403093611065,3.9034081024768224,-271.44826172763095,-258.9379948019238,-1.0881034577666187e-09
877.6713563568861,375.64394758536906,3.903433043208006,-271.8035266804762,-259.2898344354733,-1.0881035065505891e-09
878.1713563568861,376.1438644597486,3.903457917850523,-272.15879157393175,-259.64167411979713,-1.0881034295385484e-09
878.6713563568861,376.64378155835465,3.9034827266676264,-272.5140564079849,-259.99351385494833,-1.0881034426942203e-09
879.1713563568861,377.14369888029734,3.9035074699211734,-272.86932118262314,-260.3453536409798,-1.088103234648636e-09
879.6713563568861,377.64361642469146,3.9035321478716347,-273.2245858978337,-260.6971934779443,-1.0881031544018023e-09
880.1713563568861,378.14353419065657,3.9035567607781037,-273.57985055360416,-261.04903336589445,-1.0881034594326334e-09
880.6713563568861,378.6434521773168,3.903581308898305,-273.93511514992167,-261.40087330488234,-1.0881032549966879e-09
881.1713563568861,379.1433703838009,3.903605792488604,-274.29037968677375,-261.75271329496,-1.0881033646969233e-09
881.6713563568861,379.6432888092422,3.903630211804015,-274.6456441641477,-262.1045533361793,-1.088103390799002e-09
882.1713563568861,380.1432074527786,3.903654567098212,-275.00090858203083,-262.45639342859187,-1.088103222040353e-09
882.6713563568861,380.64312631355244,3.9036788586235347,-275.3561729404106,-262.80823357224887,-1.088103359551811e-09
883.1713563568861,381.14304539071065,3.903703086631,-275.71143723927435,-263.1600737672016,-1.0881030656807664e-09
883.6713563568861,381.6429646834046,3.903727251370308,-276.0667014786097,-263.5119140135008,-1.0881029618939524e-09
884.1713563568861,382.1428841907901,3.9037513530898535,-276.4219656584038,-263.86375431119717,-1.0881031771169314e-09
884.6713563568861,382.6428039120272,3.9037753920367324,-276.7772297786441,-264.21559466034125,-1.0881033726104068e-09
885.1713563568861,383.1427238462806,3.9037993684567507,-277.13249383931804,-264.56743506098326,-1.0881032831001788e-09
885.6713563568861,383.6426439927192,3.903823282594433,-277.48775784041317,-264.91927551317303,-1.0881035449164082e-09
886.1713563568861,384.1425643505161,3.9038471346930312,-277.84302178191666,-265.2711160169607,-1.0881035604230323e-09
886.6713563568861,384.64248491884894,3.9038709249945325,-278.19828566381597,-265.6229565723956,-1.088103315429619e-09
887.1713563568861,385.14240569689946,3.903894653739667,-278.5535494860987,-265.97479717952723,-1.0881035978013375e-09
887.6713563568861,385.64232668385364,3.903918321167917,-278.9088132487521,-266.3266378384048,-1.0881031941443586e-09
888.1713563568861,386.14224787890174,3.9039419275175242,-279.2640769517637,-266.6784785490771,-1.0881034872610665e-09
888.6713563568861,386.6421692812381,3.9039654730254982,-279.6193405951208,-267.0303193115932,-1.0881032734420837e-09
889.1713563568861,387.14209089006135,3.903988957927624,-279.9746041788109,-267.38216012600145,-1.088103416544023e-09
889.6713563568861,387.6420127045741,3.9040123824584696,-280.32986770282156,-267.7340009923501,-1.0881032679748963e-09
890.1713563568861,388.14193472398307,3.9040357468513958,-280.68513116714007,-268.08584191068746,-1.0881031918765473e-09
890.6713563568861,388.6418569474992,3.9040590513385616,-281.0403945717538,-268.43768288106156,-1.088103129013841e-09
891.1713563568861,389.1417793743374,3.904082296150933,-281.3956579166504,-268.78952390352,-1.0881036462143834e-09
891.6713563568861,389.6417020037165,3.9041054815182905,-281.75092120181716,-269.1413649781104,-1.0881036427951668e-09
892.1713563568861,390.14162483485944,3.9041286076692368,-282.1061844272416,-269.4932061048801,-1.0881035130462385e-09
892.6713563568861,390.6415478669931,3.9041516748312044,-282.46144759291116,-269.8450472838762,-1.088103630941325e-09
893.1713563568861,391.14147109934834,3.9041746832304627,-282.81671069881327,-270.1968885151458,-1.0881039120451663e-09
893.6713563568861,391.64139453115985,3.9041976330921258,-283.17197374493537,-270.54872979873556,-1.0881039449012606e-09
894.1713563568861,392.1413181616663,3.9042205246401593,-283.5272367312651,-270.90057113469203,-1.0881036524833227e-09
894.6713563568861,392.6412419901102,3.904243358097389,-283.88249965778965,-271.2524125230618,-1.0881037012784384e-09
895.1713563568861,393.1411660157379,3.9042661336855065,-284.23776252449676,-271.6042539638909,-1.0881038839870125e-09
895.6713563568861,393.6410902377996,3.904288851625077,-284.5930253313737,-271.95609545722544,-1.0881038927257224e-09
896.1713563568861,394.14101465554916,3.9043115121355467,-284.948288078408,-272.3079370031113,-1.0881040467905674e-09
896.6713563568861,394.64093926824444,3.9043341154352498,-285.30355076558715,-272.6597786015939,-1.0881037286531178e-09
897.1713563568861,395.1408640751469,3.9043566617414154,-285.65881339289865,-273.01162025271896,-1.0881038584964971e-09
897.6713563568861,395.64078907552175,3.9043791512701747,-286.01407596032993,-273.36346195653164,-1.0881037131302853e-09
898.1713563568861,396.1407142686379,3.904401584236567,-286.3693384678685,-273.715303713077,-1.0881039817846957e-09
898.6713563568861,396.64063965376795,3.904423960854549,-286.72460091550187,-274.06714552240004,-1.0881038495683461e-09
899.1713563568861,397.1405652301882,3.904446281336998,-287.0798633032175,-274.4189873845455,-1.0881034041941234e-09
899.6713563568861,397.64049099717846,3.9044685458957216,-287.4351256310028,-274.77082929955793,-1.0881037841773848e-09
900.1713563568861,398.14041695402227,3.904490754741464,-287.7903878988453,-275.12267126748173,-1.088103887688183e-09
900.6713563568861,398.6403431000067,3.904512908083911,-288.14565010673255,-275.4745132883612,-1.0881038780605523e-09
901.1713563568861,399.1402694344224,3.904535006131699,-288.5009122546521,-275.8263553622403,-1.0881038146893018e-09
901.6713563568861,399.6401959565636,3.9045570490924186,-288.85617434259126,-276.1781974891629,-1.088103658017829e-09
902.1713563568861,400.140122665728,3.9045790371726246,-289.21143637053774,-276.5300396691727,-1.0881036405208344e-09
902.6713563568861,400.6400495612167,3.9046009705778397,-289.56669833847883,-276.8818819023133,-1.0881037094692114e-09
903.1713563568861,401.1399766423345,3.9046228495125623,-289.92196024640225,-277.23372418862795,-1.0881034510389416e-09
903.6713563568861,401.6399039083895,3.9046446741802727,-290.2772220942953,-277.58556652816,-1.0881035298437363e-09
904.1713563568861,402.1398313586933,3.9046664447834387,-290.63248388214566,-277.9374089209523,-1.0881035246100986e-09
904.6713563568861,402.63975899256087,3.904688161523523,-290.98774560994065,-278.2892513670479,-1.0881036362091916e-09
905.1713563568861,403.13968680931055,3.904709824600989,-291.34300727766794,-278.64109386648937,-1.0881037085598996e-09
905.6713563568861,403.6396148082641,3.9047314342153054,-291.6982688853149,-278.9929364193193,-1.0881035876087036e-09
906.1713563568861,404.1395429887467,3.9047529905649556,-292.05353043286937,-279.34477902557995,-1.088103459667129e-09
906.6713563568861,404.6394713500867,3.9047744938474414,-292.40879192031844,-279.69662168531374,-1.0881034998629112e-09
907.1713563568861,405.1393998916158,3.9047959442592894,-292.7640533476499,-280.04846439856266,-1.0881037066405771e-09
907.6713563568861,405.63932861266915,3.9048173419960577,-293.1193147148511,-280.40030716536853,-1.0881036638321786e-09
908.1713563568861,406.1392575125849,3.904838687252341,-293.4745760219096,-280.75214998577326,-1.0881033741080001e-09
908.6713563568861,406.63918659070464,3.904859980221777,-293.82983726881304,-281.1039928598183,-1.088103561068732e-09
909.1713563568861,407.13911584637316,3.9048812210970527,-294.18509845554877,-281.4558357875451,-1.0881035606098732e-09
909.6713563568861,407.6390452789384,3.904902410069909,-294.54035958210443,-281.8076787689949,-1.0881032041772408e-09
910.1713563568861,408.13897488775154,3.9049235473311477,-294.8956206484675,-282.15952180420885,-1.0881034209814003e-09
910.6713563568861,408.6389046721669,3.904944633070637,-295.25088165462546,-282.51136489322806,-1.0881033965463814e-09
911.1713563568861,409.138834631542,3.9049656674773168,-295.606142600566,-282.8632080360932,-1.0881034177080657e-09
911.6713563568861,409.63876476523745,3.9049866507392044,-295.96140348627637,-283.21505123284504,-1.0881034526762102e-09
912.1713563568861,410.13869507261694,3.9050075830434,-296.3166643117444,-283.56689448352404,-1.0881036175553446e-09
912.6713563568861,410.6386255530473,3.9050284645760938,-296.6719250769574,-283.9187377881706,-1.088103573156788e-09
913.1713563568861,411.1385562058984,3.905049295522569,-297.0271857819029,-284.27058114682495,-1.088103284712449e-09
913.6713563568861,411.63848703054316,3.9050700760672092,-297.38244642656855,-284.6224245595272,-1.088103080584999e-09
914.1713563568861,412.1384180263576,3.905090806393503,-297.7377070109418,-284.9742680263172,-1.0881034177078748e-09
914.6713563568861,412.63834919272074,3.90511148668405,-298.0929675350102,-285.3261115472348,-1.0881033697073831e-09
915.1713563568861,413.1382805290146,3.9051321171205657,-298.4482279987614,-285.6779551223197,-1.0881035327865279e-09
915.6713563568861,413.6382120346241,3.9051526978838873,-298.8034884021826,-286.0297987516114,-1.0881033517260528e-09
916.1713563568861,414.13814370893715,3.905173229153978,-299.15874874526173,-286.3816424351492,-1.0881033335440875e-09
916.6713563568861,414.63807555134474,3.9051937111099337,-299.51400902798605,-286.7334861729724,-1.0881036175340977e-09
917.1713563568861,415.13800756124067,3.9052141439299874,-299.86926925034317,-287.08532996512014,-1.0881033774119057e-09
917.6713563568861,415.63793973802166,3.905234527791514,-300.2245294123207,-287.4371738116312,-1.0881035742614914e-09
918.1713563568861,416.1378720810873,3.9052548628710366,-300.57978951390606,-287.7890177125446,-1.0881034534431836e-09
918.6713563568861,416.63780458984013,3.9052751493442304,-300.93504955508683,-288.14086166789883,-1.0881035467990766e-09
919.1713563568861,417.1377372636855,3.905295387385929,-301.29030953585055,-288.49270567773266,-1.0881035733994079e-09
919.6713563568861,417.6376701020316,3.9053155771701276,-301.64556945618483,-288.8445497420842,-1.0881035850807274e-09
920.1713563568861,418.1376031042895,3.9053357188699906,-302.00082931607704,-289.19639386099203,-1.0881034992016968e-09
920.6713563568861,418.63753626987295,3.9053558126578545,-302.35608911551486,-289.5482380344941,-1.0881036162998739e-09
921.1713563568861,419.13746959819866,3.9053758587052334,-302.7113488544857,-289.9000822626285,-1.0881037156256098e-09
921.6713563568861,419.637403088686,3.9053958571828242,-303.0666085329772,-290.2519265454331,-1.0881035812203383e-09
922.1713563568861,420.1373367407572,3.905415808260511,-303.4218681509769,-290.6037708829457,-1.0881036852705726e-09
922.6713563568861,420.637270553837,3.9054357121073706,-303.7771277084722,-290.95561527520385,-1.0881033095456777e-09
923.1713563568861,421.13720452735316,3.9054555688916768,-304.13238720545064,-291.30745972224526,-1.0881037712229926e-09
923.6713563568861,421.63713866073596,3.9054753787809044,-304.48764664189986,-291.659304224107,-1.0881036171110099e-09
924.1713563568861,422.13707295341845,3.9054951419417363,-304.8429060178073,-292.01114878082655,-1.0881032994591122e-09
924.6713563568861,422.63700740483637,3.905514858540065,-305.1981653331606,-292.3629933924409,-1.088103546881885e-09
925.1713563568861,423.13694201442803,3.905534528741,-305.55342458794723,-292.7148380589872,-1.0881034134636067e-09
925.6713563568861,423.6368767816345,3.9055541527088713,-305.90868378215475,-293.06668278050205,-1.0881035555765521e-09
926.1713563568861,424.1368117058994,3.9055737306072333,-306.2639429157706,-293.41852755702246,-1.0881032766125886e-09
926.6713563568861,424.63674678666894,3.9055932625988707,-306.6192019887825,-293.7703723885848,-1.0881032726447705e-09
927.1713563568861,425.13668202339204,3.905612748845803,-306.9744610011777,-294.12221727522586,-1.088103532087907e-09
927.6713563568861,425.63661741552016,3.9056321895092867,-307.3297199529439,-294.4740622169819,-1.0881033680353502e-09
928.1713563568861,426.1365529625073,3.905651584749823,-307.6849788440688,-294.82590721388914,-1.0881034480272202e-09
928.6713563568861,426.63648866381004,3.9056709347271603,-308.04023767453964,-295.1777522659837,-1.088103421875205e-09
929.1713563568861,427.13642451888745,3.905690239600299,-308.39549644434396,-295.5295973733017,-1.088103493940462e-09
929.6713563568861,427.63636052720125,3.905709499527496,-308.75075515346947,-295.8814425358792,-1.0881035339849947e-09
930.1713563568861,428.1362966882155,3.9057287146662687,-309.10601380190366,-296.2332877537517,-1.0881035203465442e-09
930.6713563568861,428.6362330013969,3.9057478851733998,-309.46127238963385,-296.5851330269551,-1.0881035350128125e-09
931.1713563568861,429.1361694662145,3.905767011204941,-309.81653091664776,-296.9369783555248,-1.088103338813154e-09
931.6713563568861,429.6361060821399,3.905786092916218,-310.1717893829329,-297.2888237394963,-1.0881034265472635e-09
932.1713563568861,430.1360428486472,3.9058051304618338,-310.52704778847675,-297.64066917890494,-1.0881032409503976e-09
932.6713563568861,430.6359797652129,3.905824123995674,-310.8823061332668,-297.9925146737861,-1.0881032634055907e-09
933.1713563568861,431.1359168313158,3.9058430736709107,-311.23756441729057,-298.3443602241747,-1.0881032462634132e-09
933.6713563568861,431.63585404643726,3.905861979640005,-311.5928226405356,-298.69620583010595,-1.0881032486252558e-09
934.1713563568861,432.13579141006096,3.905880842054713,-311.9480808029894,-299.04805149161444,-1.0881032250436573e-09
934.6713563568861,432.63572892167304,3.9058996610660897,-312.30333890463953,-299.3998972087352,-1.0881033255943074e-09
935.1713563568861,433.1356665807619,3.9059184368244924,-312.65859694547333,-299.7517429815029,-1.0881029114552118e-09
935.6713563568861,433.6356043868184,3.905937169479585,-313.0138549254785,-300.10358880995204,-1.0881030073049947e-09
936.1713563568861,434.13554233933564,3.905955859180341,-313.3691128446425,-300.455434694117,-1.0881029694384771e-09
936.6713563568861,434.6354804378092,3.90597450607505,-313.72437070295285,-300.8072806340322,-1.0881031234856587e-09
937.1713563568861,435.1354186817368,3.905993110311319,-314.07962850039706,-301.15912662973193,-1.088102933904908e-09
937.6713563568861,435.6353570706185,3.9060116720360774,-314.43488623696265,-301.5109726812503,-1.0881030931017467e-09
938.1713563568861,436.13529560395676,3.9060301913955815,-314.790143912637,-301.86281878862127,-1.0881030650402447e-09
938.6713563568861,436.63523428125626,3.9060486685354174,-315.14540152740767,-302.21466495187906,-1.0881030621435786e-09
939.1713563568861,437.1351731020238,3.906067103600505,-315.5006590812622,-302.5665111710572,-1.0881029235812507e-09
939.6713563568861,437.6351120657687,3.906085496735101,-315.8559165741881,-302.91835744618953,-1.0881029407702262e-09
940.1713563568861,438.13505117200225,3.9061038480828056,-316.2111740061729,-303.2702037773096,-1.0881027683962477e-09
940.6713563568861,438.6349904202381,3.906122157786563,-316.56643137720397,-303.62205016445097,-1.0881025119342585e-09
941.1713563568861,439.1349298099922,3.9061404259886663,-316.9216886872689,-303.97389660764713,-1.0881027075904593e-09
941.6713563568861,439.6348693407825,3.906158652830762,-317.27694593635516,-304.32574310693144,-1.0881028294085909e-09
942.1713563568861,440.1348090121292,3.9061768384538524,-317.63220312445026,-304.677589662337,-1.0881028826823428e-09
942.6713563568861,440.6347488235548,3.9061949829983003,-317.9874602515416,-305.0294362738971,-1.0881024441157946e-09
943.1713563568861,441.1346887745837,3.906213086603832,-318.34271731761663,-305.38128294164466,-1.0881029587703418e-09
943.6713563568861,441.63462886474275,3.9062311494095403,-318.697974322663,-305.73312966561264,-1.0881025567447786e-09
944.1713563568861,442.13456909356074,3.90624917155389,-319.05323126666804,-306.0849764458339,-1.0881024147617837e-09
944.6713563568861,442.63450946056867,3.9062671531747193,-319.4084881496194,-306.436823282341,-1.0881026797086876e-09
945.1713563568861,443.1344499652996,3.9062850944092453,-319.76374497150437,-306.7886701751669,-1.088102757899936e-09
945.6713563568861,443.6343906072887,3.9063029953940656,-320.11900173231055,-307.14051712434383,-1.0881027191998013e-09
946.1713563568861,444.1343313860733,3.9063208562651632,-320.4742584320254,-307.4923641299045,-1.0881028681756498e-09
946.6713563568861,444.6342723011927,3.9063386771579096,-320.82951507063626,-307.8442111918812,-1.0881026243422895e-09
947.1713563568861,445.13421335218834,3.9063564582070676,-321.18477164813066,-308.19605831030617,-1.088102603006136e-09
947.6713563568861,445.6341545386037,3.9063741995467955,-321.54002816449616,-308.5479054852117,-1.088102538960025e-09
948.1713563568861,446.13409585998426,3.9063919013106503,-321.8952846197201,-308.89975271662973,-1.0881027136416673e-09
948.6713563568861,446.6340373158776,3.9064095636315903,-322.25054101379015,-309.25160000459226,-1.0881026312764842e-09
949.1713563568861,447.13397890583326,3.9064271866419804,-322.60579734669335,-309.60344734913133,-1.0881024171596518e-09
949.6713563568861,447.63392062940284,3.906444770473593,-322.9610536184175,-309.95529475027877,-1.0881024901004259e-09
950.1713563568861,448.1338624861399,3.9064623152576123,-323.31630982895,-310.30714220806607,-1.088102655937474e-09
950.6713563568861,448.6338044756,3.906479821124639,-323.67156597827824,-310.6589897225251,-1.0881027984250389e-09
951.1713563568861,449.1337465973407,3.906497288204691,-324.02682206638957,-311.0108372936875,-1.0881027296264506e-09
951.6713563568861,449.63368885092143,3.9065147166272087,-324.3820780932715,-311.3626849215845,-1.0881026281676276e-09
952.1713563568861,450.1336312359037,3.9065321065210563,-324.73733405891164,-311.7145326062475,-1.0881028795242086e-09
952.6713563568861,450.63357375185086,3.9065494580145277,-325.0925899632972,-312.066380347708,-1.0881027132757515e-09
953.1713563568861,451.1335163983283,3.9065667712353465,-325.4478458064157,-312.418228145997,-1.088102724995896e-09
953.6713563568861,451.63345917490324,3.906584046310672,-325.8031015882545,-312.7700760011458,-1.0881027870708765e-09
954.1713563568861,452.1334020811448,3.9066012833670998,-326.1583573088011,-313.1219239131853,-1.0881027737523484e-09
954.6713563568861,452.6333451166241,3.906618482530667,-326.513612968043,-313.4737718821464,-1.088102767489923e-09
955.1713563568861,453.1332882809141,3.9066356439268546,-326.8688685659674,-313.8256199080603,-1.088102709025012e-09
955.6713563568861,453.63323157358957,3.9066527676805896,-327.2241241025619,-314.17746799095744,-1.0881025386705784e-09
956.1713563568861,454.1331749942272,3.906669853916249,-327.5793795778139,-314.5293161308686,-1.0881025983497509e-09
956.6713563568861,454.6331185424056,3.906686902757664,-327.93463499171077,-314.8811643278246,-1.0881024850975136e-09
957.1713563568861,455.1330622177052,3.9067039143281193,-328.2898903442399,-315.2330125818558,-1.0881025316313547e-09
957.6713563568861,455.6330060197081,3.906720888750361,-328.6451456353886,-315.58486089299277,-1.0881026651384921e-09
958.1713563568861,456.1329499479985,3.906737826146595,-329.0004008651443,-315.9367092612659,-1.088102618721628e-09
958.6713563568861,456.63289400216223,3.9067547266384923,-329.35565603349454,-316.28855768670536,-1.088102517125195e-09
959.1713563568861,457.132838181787,3.906771590347193,-329.7109111404267,-316.6404061693415,-1.0881024148501222e-09
959.6713563568861,457.63278248646236,3.9067884173933063,-330.066166185928,-316.99225470920436,-1.0881025512572473e-09
960.1713563568861,458.13272691577953,3.906805207896916,-330.4214211699859,-317.34410330632426,-1.0881025300931923e-09
960.6713563568861,458.6326714693316,3.906821961977581,-330.7766760925879,-317.695951960731,-1.0881023380362754e-09
961.1713563568861,459.1326161467135,3.9068386797543404,-331.1319309537212,-318.0478006724545,-1.088102635595269e-09
961.6713563568861,459.6325609475216,3.9068553613457153,-331.4871857533732,-318.3996494415247,-1.0881024749447925e-09
962.1713563568861,460.1325058713544,3.9068720068697114,-331.8424404915313,-318.75149826797133,-1.0881025683890458e-09
962.6713563568861,460.632450917812,3.9068886164438217,-332.1976951681829,-319.10334715182404,-1.0881027037833296e-09
963.1713563568861,461.13239608649616,3.90690519018503,-332.5529497833154,-319.45519609311236,-1.0881026144841054e-09
963.6713563568861,461.63234137701045,3.906921728209814,-332.908204336916,-319.80704509186614,-1.0881026290065558e-09
964.1713563568861,462.1322867889601,3.906938230634146,-333.26345882897215,-320.1588941481146,-1.0881024207454597e-09
964.6713563568861,462.632232321952,3.9069546975734974,-333.61871325947124,-320.5107432618871,-1.0881025394477992e-09
965.1713563568861,463.1321779755949,3.9069711291428417,-333.97396762840054,-320.8625924332131,-1.088102825799367e-09
965.6713563568861,463.6321237494991,3.906987525456656,-334.3292219357474,-321.21444166212177,-1.0881025549788638e-09
966.1713563568861,464.1320696432766,3.9070038866289236,-334.6844761814992,-321.56629094864235,-1.0881027719774633e-09
966.6713563568861,464.6320156565411,3.907020212773138,-335.0397303656432,-321.9181402928039,-1.0881025839243972e-09
967.1713563568861,465.131961788908,3.907036504002304,-335.3949844881668,-322.26998969463557,-1.0881026775005496e-09
967.6713563568861,465.63190803999413,3.907052760428942,-335.75023854905726,-322.6218391541662,-1.088102834868817e-09
968.1713563568861,466.1318544094182,3.907068982165088,-336.1054925483019,-322.9736886714248,-1.0881027342838428e-09
968.6713563568861,466.6318008968005,3.9070851693222997,-336.4607464858882,-323.32553824644003,-1.0881028189273417e-09
969.1713563568861,467.1317475017628,3.907101322011656,-336.8160003618032,-323.6773878792407,-1.0881029792575413e-09
969.6713563568861,467.63169422392866,3.907117440343761,-337.17125417603444,-324.0292375698555,-1.0881030009484367e-09
970.1713563568861,468.1316410629232,3.9071335244287466,-337.52650792856906,-324.38108731831323,-1.0881029906674955e-09
970.6713563568861,468.6315880183731,3.9071495743762745,-337.8817616193944,-324.7329371246423,-1.088102840488129e-09
971.1713563568861,469.13153508990666,3.9071655902955387,-338.23701524849787,-325.0847869888712,-1.0881027546384668e-09
971.6713563568861,469.63148227715374,3.9071815722952685,-338.5922688158666,-325.43663691102836,-1.0881029283733223e-09
972.1713563568861,470.13142957974577,3.907197520483731,-338.9475223214879,-325.7884868911422,-1.0881028354430827e-09
972.6713563568861,470.6313769973157,3.9072134349687317,-339.3027757653491,-326.1403369292409,-1.0881027727917072e-09
973.1713563568861,471.1313245294982,3.9072293158576206,-339.6580291474374,-326.4921870253528,-1.0881028251296143e-09
973.6713563568861,471.63127217592927,3.907245163257291,-340.01328246774017,-326.8440371795059,-1.0881026750571528e-09
974.1713563568861,472.1312199362466,3.9072609772741838,-340.36853572624455,-327.19588739172843,-1.0881027028313046e-09
974.6713563568861,472.6311678100894,3.9072767580142895,-340.723788922938,-327.54773766204835,-1.0881029810768238e-09
975.1713563568861,473.13111579709823,3.9072925055831513,-341.0790420578075,-327.8995879904937,-1.0881029001108526e-09
975.6713563568861,473.6310638969154,3.9073082200858655,-341.43429513084044,-328.25143837709237,-1.0881030205429965e-09
976.1713563568861,474.13101210918467,3.9073239016270858,-341.78954814202416,-328.6032888218722,-1.0881028350383612e-09
976.6713563568861,474.6309604335512,3.9073395503110246,-342.14480109134587,-328.95513932486085,-1.0881029840434167e-09
977.1713563568861,475.13090886966165,3.9073551662414565,-342.50005397879255,-329.3069898860862,-1.0881028675175304e-09
977.6713563568861,475.6308574171643,3.9073707495217187,-342.85530680435164,-329.65884050557594,-1.0881029246141375e-09
978.1713563568861,476.13080607570873,3.9073863002547147,-343.2105595680104,-330.01069118335744,-1.0881028412773243e-09
978.6713563568861,476.6307548449461,3.9074018185429162,-343.56581226975607,-330.36254191945835,-1.0881029510429994e-09
979.1713563568861,477.13070372452904,3.907417304488366,-343.92106490957553,-330.71439271390625,-1.0881031215926794e-09
979.6713563568861,477.63065271411153,3.907432758192679,-344.2763174874564,-331.06624356672836,-1.0881032229041224e-09
980.1713563568861,478.13060181334913,3.907448179757045,-344.63157000338566,-331.4180944779523,-1.0881029490681057e-09
980.6713563568861,478.6305510218987,3.907463569282231,-344.9868224573505,-331.76994544760515,-1.0881026207120223e-09
981.1713563568861,479.1305003394187,3.907478926868584,-345.3420748493383,-332.12179647571423,-1.0881028088963894e-09
981.6713563568861,479.63044976556876,3.907494252616032,-345.6973271793359,-332.4736475623068,-1.0881029342841626e-09
982.1713563568861,480.13039930001014,3.9075095466240866,-346.05257944733086,-332.8254987074097,-1.0881028653479397e-09
982.6713563568861,480.6303489424054,3.907524808991846,-346.4078316533101,-333.17734991105016,-1.0881027293654875e-09
983.1713563568861,481.13029869241865,3.907540039817996,-346.7630837972609,-333.5292011732553,-1.0881027323288955e-09
983.6713563568861,481.6302485497152,3.907555239200813,-347.1183358791705,-333.88105249405186,-1.0881026511734386e-09
984.1713563568861,482.13019851396183,3.907570407238165,-347.4735878990258,-334.232903873467,-1.0881028518815496e-09
984.6713563568861,482.6301485848267,3.9075855440275156,-347.8288398568142,-334.58475531152726,-1.0881026940839414e-09
985.1713563568861,483.13009876197935,3.907600649665924,-348.1840917525227,-334.93660680825974,-1.088102704762849e-09
985.6713563568861,483.6300490450907,3.9076157242500487,-348.53934358613844,-335.28845836369095,-1.0881028223813828e-09
986.1713563568861,484.1299994338329,3.9076307678761477,-348.8945953576487,-335.64030997784755,-1.0881026626572779e-09
986.6713563568861,484.62994992787964,3.9076457806400833,-349.2498470670406,-335.99216165075615,-1.0881026523123907e-09
987.1713563568861,485.12990052690583,3.907660762637322,-349.60509871430105,-336.34401338244356,-1.088102884834358e-09
987.6713563568861,485.62985123058775,3.907675713962937,-349.96035029941726,-336.69586517293607,-1.0881029762751662e-09
988.1713563568861,486.12980203860303,3.9076906347116105,-350.31560182237644,-337.0477170222602,-1.0881027875216178e-09
988.6713563568861,486.6297529506306,3.9077055249776356,-350.6708532831656,-337.39956893044234,-1.088102879413836e-09
989.1713563568861,487.12970396635063,3.907720384854918,-351.0261046817719,-337.75142089750875,-1.0881027938814716e-09
989.6713563568861,487.62965508544477,3.907735214436979,-351.3813560181824,-338.1032729234859,-1.0881028479720632e-09
990.1713563568861,488.12960630759585,3.907750013816956,-351.73660729238406,-338.4551250084,-1.0881028930663294e-09
990.6713563568861,488.629557632488,3.9077647830876057,-352.09185850436415,-338.8069771522772,-1.088102858467242e-09
991.1713563568861,489.1295090598067,3.907779522341305,-352.4471096541097,-339.1588293551437,-1.0881030458975964e-09
991.6713563568861,489.6294605892387,3.907794231670054,-352.80236074160786,-339.5106816170255,-1.0881030814459707e-09
992.1713563568861,490.1294122204719,3.907808911165477,-353.1576117668454,-339.8625339379488,-1.0881028941523671e-09
992.6713563568861,490.6293639531957,3.907823560918825,-353.5128627298097,-340.2143863179394,-1.0881029944637241e-09
993.1713563568861,491.12931578710055,3.907838181020978,-353.86811363048764,-340.5662387570233,-1.088102866355062e-09
993.6713563568861,491.6292677218783,3.9078527715624456,-354.2233644688663,-340.91809125522656,-1.0881028658568264e-09
994.1713563568861,492.12921975722196,3.9078673326333693,-354.5786152449328,-341.26994381257487,-1.0881028397637403e-09
994.6713563568861,492.6291718928258,3.907881864323526,-354.93386595867383,-341.62179642909416,-1.088102919197211e-09
995.1713563568861,493.1291241283854,3.9078963667223263,-355.2891166100769,-341.97364910480997,-1.0881027411225623e-09
995.6713563568861,493.62907646359747,3.907910839918821,-355.6443671991288,-342.3255018397481,-1.08810278256702e-09
996.1713563568861,494.12902889815996,3.907925284001699,-355.9996177258164,-342.67735463393427,-1.0881028859552099e-09
996.6713563568861,494.62898143177216,3.907939699059291,-356.354868190127,-343.02920748739405,-1.0881029650170247e-09
997.1713563568861,495.1289340641344,3.9079540851795715,-356.7101185920472,-343.38106040015305,-1.0881029344823803e-09
997.6713563568861,495.62888679494836,3.9079684424501586,-357.06536893156436,-343.7329133722367,-1.0881030451163057e-09
998.1713563568861,496.12883962391686,3.9079827709583186,-357.42061920866524,-344.0847664036706,-1.0881030062378181e-09
998.6713563568861,496.62879255074387,3.9079970707909655,-357.7758694233369,-344.43661949447994,-1.0881029962698048e-09
999.1713563568861,497.12874557513464,3.908011342034664,-358.13111957556646,-344.7884726446902,-1.0881028592076965e-09
999.6713563568861,497.62869869679554,3.908025584775631,-358.4863696653406,-345.14032585432676,-1.0881029615233895e-09
1000.1713563568861,498.12865191543415,3.908039799099737,-358.8416196926465,-345.492179123415,-1.0881028837558723e-09
1000.6713563568861,498.6286052307592,3.9080539850925087,-359.196869657471,-345.8440324519799,-1.0881028567670607e-09
1001.1713563568861,499.1285586424806,3.908068142839129,-359.5521195598011,-346.19588584004674,-1.0881029757563666e-09
1001.6713563568861,499.62851215030935,3.908082272424441,-359.9073693996237,-346.54773928764075,-1.0881028911076214e-09
1002.1713563568861,500.12846575395776,3.908096373932948,-360.26261917692574,-346.89959279478705,-1.088102761565409e-09
1002.6713563568861,500.6284194531391,3.908110447448816,-360.61786889169406,-347.25144636151066,-1.0881029249508784e-09
1003.1713563568861,501.12837324756794,3.9081244930558743,-360.97311854391575,-347.6032999878366,-1.0881028472066616e-09
1003.6713563568861,501.6283271369599,3.908138510837619,-361.32836813357756,-347.9551536737898,-1.0881027403588225e-09
1004.1713563568861,502.12828112103176,3.908152500877213,-361.6836176606666,-348.3070074193953,-1.0881026873397586e-09
1004.6713563568861,502.6282351995014,3.908166463257489,-362.0388671251694,-348.65886122467793,-1.0881027068994753e-09
1005.1713563568861,503.1281893720878,3.9081803980609493,-362.3941165270731,-349.01071508966254,-1.088102756070883e-09
1005.6713563568861,503.6281436385111,3.90819430536977,-362.7493658663645,-349.36256901437395,-1.088102791599644e-09
1006.1713563568861,504.12809799849265,3.9082081852657997,-363.10461514303057,-349.71442299883694,-1.0881027699722017e-09
1006.6713563568861,504.6280524517547,3.908222037830564,-363.4598643570582,-350.06627704307607,-1.0881031123226617e-09
1007.0433377298588,505.00000000000006,3.9082323259404945,-363.72415649717834,-350.3280433827931,-1.0881030290018433e-09
