tau,r,phi,X,Y,H
0.0,500.0,0.0,500.0,0.0,-0.0
0.004896527156349515,499.99510394910243,1.3714206571738132e-07,499.9951039490977,6.85703614041565e-05,5.994670216329523e-17
0.053861798719844665,499.9461434406391,1.508710468649751e-06,499.9461434400701,0.0007542739803696761,-5.9993697429281e-17
0.5435145143547961,499.45653840731524,1.523918515093411e-05,499.45653834932017,0.0076113106633391115,-2.418637469545544e-16
1.0435145143547961,498.9565871937111,2.9287618914731547e-05,498.95658697971743,0.01461325037863531,-2.438099019067881e-16
1.5435145143547961,498.456636077874,4.336423568189074e-05,498.4566356092109,0.021615191037308964,-1.2288684631224607e-16
2.043514514354796,497.956685060098,5.74691203442922e-05,497.9566842377972,0.02861713264421128,1.2387764842988158e-16
2.543514514354796,497.45673414067807,7.16023581350814e-05,497.45673286547316,0.03561907520421292,-1.2487744716871408e-16
3.043514514354796,496.95678331991064,8.576403463038523e-05,496.9567814922354,0.042621018722204064,-6.294316669473794e-17
3.543514514354796,496.4568325980932,9.995423575103883e-05,496.45683011808046,0.04962296320309457,-0.0
4.043514514354796,495.95688197552437,0.00011417304776432286,495.9568787430051,0.056624908651813986,-0.0
4.543514514354796,495.4569314525041,0.0001284205572857113,495.456927367006,0.06362685507331173,-1.2896844078090163e-16
5.043514514354796,494.95698102933346,0.00014269685128062988,494.95697599007957,0.07062880247255712,-3.9004381779102324e-16
5.543514514354796,494.45703070631487,0.00015700201706622506,494.45702461222265,0.07763075085453956,-2.6214065653934855e-16
6.043514514354796,493.95708048375184,0.0001713361423131439,493.95707323343163,0.08463270022426855,-6.606785245476969e-17
6.543514514354796,493.4571303619491,0.0001856993150473246,493.4571218537032,0.09163465058677384,-1.3321083404709813e-16
7.043514514354796,492.95718034121273,0.00020009162365179807,492.9571704730338,0.0986366019471055,-3.3573953744827734e-16
7.543514514354796,492.45723042184994,0.0002145131568685004,492.45721909142003,0.1056385543103341,-2.0308612217458183e-16
8.043514514354797,491.9572806041692,0.00022896400380009634,491.95726770885835,0.11264050768155072,-6.824786749770924e-17
8.543514514354797,491.4573308884804,0.000243444253911814,491.4573163253454,0.11964246206586708,-2.064163174412722e-16
9.043514514354797,490.9573812750944,0.0002579539970332907,490.9573649408775,0.12664441746841568,-4.1620884553541846e-16
9.543514514354797,490.45743176432353,0.00027249332336043013,490.4574135554511,0.13364637389434986,-1.3987205064961884e-16
10.043514514354797,489.9574823564813,0.0002870623234572709,489.95746216906275,0.14064833134884389,-2.820365817843566e-16
10.543514514354797,489.4575330518826,0.00030166108825786645,489.45751078170883,0.14765028983709325,-2.8435021991033983e-16
11.043514514354797,488.9575838508435,0.0003162897090681766,488.95755939338585,0.15465224936431446,-7.167130821674672e-17
11.543514514354797,488.4576347536814,0.0003309482775679707,488.45760800409,0.1616542099357454,-2.1678138022432334e-16
12.043514514354797,487.9576857607151,0.0003456368858127423,487.95765661381785,0.16865617155664533,-7.28550660841939e-17
12.543514514354797,487.4577368722645,0.0003603556262356359,487.45770522256566,0.17565813423229498,-7.345518240653407e-17
13.043514514354797,486.95778808865094,0.00037510459164938543,486.9577538303298,0.18266009796799684,7.406086584010741e-17
13.543514514354797,486.4578394101971,0.00038988387524826443,486.45780243710664,0.1896620627690749,2.2401652148368296e-16
14.043514514354797,485.9578908372269,0.0004046935706100488,485.9578510428924,0.1966640286408752,-1.5057832893106747e-16
14.543514514354797,485.4579423700656,0.00041953377169799124,485.45789964768335,0.2036659955887656,-0.0
15.043514514354797,484.9579940090399,0.00043440457286280797,484.9579482514758,0.21066796361813608,2.2962128815474167e-16
15.543514514354797,484.4580457544778,0.00044930606884467785,484.45799685426607,0.21766993273439883,7.717482319465159e-17
16.043514514354797,483.9580976067085,0.00046423835477525405,483.9580454560503,0.2246719029429882,7.781513872698258e-17
16.543514514354797,483.45814956606284,0.00047920152617968767,483.4580940568247,0.2316738742493611,-7.84614374645087e-17
17.043514514354797,482.95820163287283,0.0004941956789786645,482.9581426565856,0.23867584665899683,7.911378159274365e-17
17.543514514354797,482.45825380747186,0.0005092209094904543,482.45819125532904,0.24567782017739748,7.977223400888886e-17
18.043514514354797,481.9583060901948,0.0005242773144329725,481.95823985305117,0.25267979481008784,-8.043685833072794e-17
18.543514514354797,481.45835848137784,0.0005393649909258548,481.45828844974824,0.25968177056261543,-1.6221543781128408e-16
19.043514514354797,480.95841098135855,0.0005544840364925455,480.95833704541633,0.2666837474405509,-0.0
19.543514514354797,480.4584635904759,0.0005696345490623977,480.4583856400514,0.27368572544948805,-1.649368198143127e-16
20.043514514354797,479.9585163090704,0.0005848166269727876,479.9584342336497,0.28068770459504383,-2.49475118278097e-16
20.543514514354797,479.4585691374838,0.0006000303689712411,479.45848282620733,0.28768968488285845,8.385483673477133e-17
21.043514514354797,478.9586220760593,0.0006152758742175748,478.95853141772017,0.2946916663185959,-3.3823147987325417e-16
21.543514514354797,478.4586751251417,0.0006305532422860492,478.45858000818436,0.3016936489079434,-1.7053508276250597e-16
22.043514514354797,477.9587282850771,0.0006458625731675368,477.9586285975958,0.3086956326566121,-3.439356827643247e-16
22.543514514354797,477.45878155621295,0.0006612039672717024,477.4586771859506,0.31569761757033693,-3.4682831368626203e-16
23.043514514354797,476.9588349388984,0.000676577525429198,476.9587257732446,0.3226996036548768,-5.246225154775921e-16
23.543514514354797,476.4588884334839,0.0006919833488938717,476.4587743594738,0.3297015909160148,-3.5269606132875195e-16
24.043514514354797,475.95894204032135,0.0007074215393449892,475.95882294463416,0.336703579359558,-3.5567175873434165e-16
24.543514514354797,475.45899575976426,0.0007228921988894715,475.45887152872155,0.34370556899133814,-3.586757312769146e-16
25.043514514354797,474.9590495921675,0.0007383954300641441,474.95892011173186,0.35070755981721113,-1.80854138899655e-16
25.543514514354797,474.45910353788753,0.0007539313358380028,474.458968693661,0.3577095518430576,-9.119242515559801e-17
26.043514514354797,473.9591575972822,0.0007695000196144924,473.95901727450473,0.36471154507478293,-1.8393015279462827e-16
26.543514514354797,473.459211770711,0.0007851015852338003,473.45906585425894,0.37171353951831737,-3.7098040211004317e-16
27.043514514354797,472.9592660585348,0.0008007361369751645,472.95911443291936,0.37871553517961615,-1.8706515160368422e-16
27.543514514354797,472.4593204611161,0.0008164037795591965,472.4591630104818,0.3857175320646596,-1.8865516278119243e-16
28.043514514354797,471.95937497881886,0.0008321046181502188,471.9592115869421,0.3927195301794532,-2.853905921711087e-16
28.543514514354797,471.45942961200865,0.0008478387583586171,471.45926016229583,0.39972152953002804,-1.9188100967180504e-16
29.043514514354797,470.9594843610525,0.0008636063062432078,470.95930873653884,0.40672353012244056,-0.0
29.543514514354797,470.4595392263191,0.0008794073683136206,470.45935730966676,0.413725531962773,-1.9516904593218808e-16
30.043514514354797,469.95959420817866,0.0008952420515326958,469.95940588167525,0.4207275350571332,-3.9367360207914353e-16
30.543514514354797,469.45964930700296,0.0009111104633188976,469.45945445256007,0.4277295394116551,-3.9704121312858297e-16
31.043514514354797,468.9597045231653,0.0009270127115487421,468.9595030223167,0.43473154503249856,-3.0033095148599096e-16
31.543514514354797,468.45975985704075,0.0009429489045592418,468.45955159094086,0.44173355192584984,-3.0290558724255813e-16
32.0435145143548,467.95981530900576,0.0009589191511503649,467.9596001584281,0.4487355600979215,-3.055050809578566e-16
32.5435145143548,467.45987087943854,0.0009749235605875105,467.4596487247739,0.4557375695549523,-5.135494993173992e-16
33.0435145143548,466.95992656871886,0.0009909622426040002,466.959697289974,0.46273958030320805,-3.107797132559045e-16
33.5435145143548,466.4599823772281,0.0010070353074035853,466.45974585402365,0.46974159234898083,-4.1794052702355715e-16
34.0435145143548,465.96003830534926,0.0010231428656629704,465.95979441691856,0.4767436056985903,-1.0538567405943531e-16
34.5435145143548,465.4600943534671,0.0010392850285343529,465.4598429786541,0.48374562035838264,-4.251798317619741e-16
35.0435145143548,464.96015052196793,0.001055461907647979,464.9598915392257,0.4907476363347313,-2.1442615556963362e-16
35.5435145143548,464.46020681123974,0.001071673615114717,464.4599400986288,0.49774965363403745,1.081401291003932e-16
36.0435145143548,463.96026322167216,0.001087920263528645,463.9599886568589,0.5047516722627291,-2.1815241706403608e-16
36.5435145143548,463.46031975365656,0.0011042019659696586,463.46003721391133,0.5117536922272625,1.1002141387607069e-16
37.0435145143548,462.9603764075859,0.0011205188360060932,462.9600857697813,0.5187557135341215,-0.0
37.5435145143548,462.46043318385495,0.001136870987697363,462.4601343244643,0.5257577361898178,-5.596979966751132e-17
38.0435145143548,461.96049008286013,0.0011532585355966192,461.9601828779557,0.5327597602008911,-5.645639046826545e-17
38.5435145143548,461.4605471049996,0.0011696815947534237,461.46023143025053,0.5397617855739097,2.8473872863681567e-16
39.0435145143548,460.96060425067316,0.0011861402807164408,460.96027998134423,0.54676381231547,1.1488783467296824e-16
39.5435145143548,460.4606615202825,0.0012026347095361466,460.46032853123205,0.553765840432197,5.794495780967501e-17
40.0435145143548,459.9607189142308,0.0012191649977675554,459.96037707990905,0.5607678699307446,-0.0
40.5435145143548,459.46077643292335,0.0012357312624729651,459.46042562737057,0.567769900817795,2.3584743426125626e-16
41.0435145143548,458.9608340767669,0.0012523336212247195,458.9604741736117,0.57477193310006,5.94778270616368e-17
41.5435145143548,458.46089184617006,0.0012689721921079885,458.46052271862754,0.5817739667842806,-1.1999776173333689e-16
42.0435145143548,457.96094974154323,0.0012856470937235678,457.9605712624133,0.5887760018772265,-6.052507573090955e-17
42.5435145143548,457.46100776329865,0.0013023584451906953,457.460619804964,0.5957780383856975,-0.0
43.0435145143548,456.96106591185026,0.001319106366149888,456.96066834627453,0.6027800763165229,-6.159311501314886e-17
43.5435145143548,456.4611241876139,0.001335890976765795,456.46071688634026,0.6097821156765615,-3.10675371665113e-16
44.0435145143548,455.9611825910072,0.0013527123977300714,455.96076542515596,0.6167841564727025,-3.134120226699345e-16
44.5435145143548,455.46124112244956,0.0013695707502642707,455.4608139627167,0.623786198711865,-3.161758241090542e-16
45.0435145143548,454.96129978236235,0.001386466156122755,454.9608624990174,0.6307882424009986,-4.465539058467985e-16
45.5435145143548,454.46135857116866,0.0014033987375956258,454.460911034053,0.637790287547083,-3.861432965050836e-16
46.0435145143548,453.9614174892935,0.001420368617511674,453.9609595678184,0.6447923341571289,-4.544864037143666e-16
46.5435145143548,453.46147653716383,0.0014373759192413485,453.4610081003085,0.6517943822381778,-3.9301029787742877e-16
47.0435145143548,452.9615357152083,0.0014544207666997455,452.96105663151815,0.6587964317973017,-5.286603249016528e-16
47.5435145143548,452.46159502385757,0.001471503284349617,452.46110516144205,0.6657984828416044,-4.0001499399099455e-16
48.0435145143548,451.9616544635442,0.0014886235972043995,451.96115369007515,0.6728005353782205,-7.398782150316037e-16
48.5435145143548,451.4617140347027,0.0015057818308312628,451.46120221741216,0.6798025894143164,-6.107406892482542e-16
49.0435145143548,450.96177373776936,0.0015229781113541786,450.96125074344775,0.6868046449570898,-6.84644937076193e-16
49.5435145143548,450.46183357318256,0.0015402125654570106,450.4612992681767,0.6938067020137709,-6.216747671151516e-16
50.0435145143548,449.96189354138255,0.0015574853203866243,449.9613477915937,0.7008087605916212,-8.362990258909879e-16
50.5435145143548,449.4619536428115,0.0015747965039560174,449.4613963136934,0.7078108206979348,-8.437727555877491e-16
51.0435145143548,448.9620138779137,0.0015921462445474723,448.9614448344704,0.7148128823400379,-6.3849128292897005e-16
51.5435145143548,448.4620742471352,0.0016095346711157284,448.46149335391937,0.7218149455252895,-7.873678386613602e-16
52.0435145143548,447.9621347509242,0.0016269619131911762,447.9615418720347,0.7288170102610814,-6.499865068149286e-16
52.5435145143548,447.4621953897308,0.0016444281008830728,447.46159038881115,0.7358190765548378,-9.472974352038899e-16
53.0435145143548,446.9622561640072,0.001661933364882779,446.9616389042431,0.7428211444140167,-8.822867848219781e-16
53.5435145143548,446.4623170742076,0.0016794778364670174,446.46168741832514,0.7498232138461087,-1.1869662795545386e-15
54.0435145143548,445.9623781207881,0.0016970616475011544,445.9617359310516,0.7568252848586384,-1.0479502504816325e-15
54.5435145143548,445.46243930420707,0.0017146849304425019,445.46178444241696,0.7638273574591639,-1.132928472544789e-15
55.0435145143548,444.9625006249247,0.0017323478183436424,444.9618329524156,0.7708294316552765,-1.2193663282551377e-15
55.5435145143548,444.46256208340344,0.0017500504448557772,444.4618814610419,0.7778315074546026,-1.0765882232670546e-15
56.0435145143548,443.9626236801077,0.0017677929442320957,443.9619299682902,0.7848335848648023,-1.1639239966823639e-15
56.5435145143548,443.46268541550404,0.0017855754513311688,443.4619784741547,0.7918356638935697,-1.3310625630073962e-15
57.0435145143548,442.9627472900611,0.001803398101620364,442.96202697862986,0.7988377445486344,-1.1061096664242221e-15
57.5435145143548,442.4628093042496,0.0018212610311792853,442.46207548170975,0.80583982683776,-1.1161516935448491e-15
58.0435145143548,441.9628714585425,0.0018391643767032351,441.9621239833887,0.8128419107687456,-1.2067461476191993e-15
58.5435145143548,441.4629337534148,0.0018571082755067,441.4621724836609,0.8198439963494252,-1.21772675046825e-15
59.0435145143548,440.96299618934364,0.0018750928655268605,440.96222098252036,0.8268460835876684,-1.1468985641327492e-15
59.5435145143548,440.46305876680833,0.0018931182853271244,440.4622694799613,0.8338481724913803,-1.4053637628954522e-15
60.0435145143548,439.96312148629045,0.001911184674100684,439.96231797597784,0.8408502630685016,-1.084502404234015e-15
60.5435145143548,439.4631843482736,0.0019292921716740985,439.462366470564,0.8478523553270093,-1.262787440596405e-15
61.0435145143548,438.96324735324373,0.0019474409185109,438.9624149637137,0.8548544492749165,-1.2743437194763475e-15
61.5435145143548,438.4633105016889,0.0019656310557152248,438.462463455421,0.8618565449202724,-1.3717537208986423e-15
62.0435145143548,437.9633737940995,0.001983862725035468,437.9625119456799,0.8688586422711634,-1.4708569863386159e-15
62.5435145143548,437.463437230968,0.0020021360688679667,437.4625604344843,0.8758607413357123,-1.4843637564535088e-15
63.0435145143548,436.9635008127893,0.0020204512302607032,436.9626089218281,0.8828628421220789,-1.3217737288314111e-15
63.5435145143548,436.4635645400604,0.002038808352917039,436.46265740770514,0.8898649446384604,-1.5117980023017853e-15
64.0435145143548,435.96362841328073,0.002057207581199471,435.9627058921092,0.8968670488930917,-1.2564824695245174e-15
64.5435145143548,435.46369243295186,0.002075649060133415,435.46275437503414,0.9038691548942446,-1.4492273001361426e-15
65.0435145143548,434.9637565995778,0.002094132935411014,434.96280285647373,0.9108712626502297,-1.0969592129967646e-15
65.5435145143548,434.4638209136647,0.0021126593533949763,434.4628513364216,0.9178733721693948,-1.383877976039555e-15
66.0435145143548,433.9638853757212,0.002131228461122434,433.96289981487143,0.9248754834601269,-1.6760267805981409e-15
66.5435145143548,433.4639499862582,0.0021498404063088343,433.46294829181704,0.9318775965308509,-1.5036091407428458e-15
67.0435145143548,432.96401474578903,0.0021684953373518547,432.96299676725187,0.9388797113900307,-1.7072559386706982e-15
67.5435145143548,432.4640796548293,0.0021871934033353448,432.4630452411696,0.9458818280461693,-1.6273869834752872e-15
68.0435145143548,431.964144713897,0.0022059347540332977,431.9630937135637,0.9528839465078082,-1.6425223039902011e-15
68.5435145143548,431.4642099235126,0.0022247195399138476,431.4631421844278,0.9598860667835295,-1.7553347705844803e-15
69.0435145143548,430.96427528419895,0.0022435479121432947,430.96319065375525,0.9668881888819542,-1.8701257810701362e-15
69.5435145143548,430.4643407964812,0.00226242002259016,430.4632391215396,0.9738903128117428,-1.88757954985544e-15
70.0435145143548,429.9644064608872,0.0022813360238292664,429.96328758777406,0.9808924385815969,-1.704667657400677e-15
70.5435145143548,429.464472277947,0.0023002960691458495,429.4633360524523,0.987894566200258,-1.7206144305795802e-15
71.0435145143548,428.9645382481932,0.002319300312539697,428.96338451556744,0.9948966956765082,-1.94105031541511e-15
71.5435145143548,428.4646043721609,0.0023383489087293163,428.4634329771128,1.0018988270191702,-1.7530140238620555e-15
72.0435145143548,427.96467065038775,0.002357442013156132,427.9634814370816,1.0089009602371077,-1.9776438445665987e-15
72.5435145143548,427.4647370834138,0.0023765797819887136,427.46352989546716,1.0159030953392267,-1.7861016035421835e-15
73.0435145143548,426.9648036717817,0.0023957623721270306,426.9635783522627,1.0229052323344732,-1.802908456400933e-15
73.5435145143548,426.46487041603655,0.0024149899412067403,426.4636268074612,1.0299073712318363,-1.6057883295778621e-15
74.0435145143548,425.9649373167261,0.0024342626476035038,425.96367526105587,1.036909512040346,-1.8370586551087474e-15
74.5435145143548,425.4650043744006,0.0024535806504373324,425.4637237130397,1.0439116547690759,-1.7453235093054262e-15
75.0435145143548,424.965071589613,0.0024729441095769668,424.9637721634058,1.050913799427141,-1.5415962601564644e-15
75.5435145143548,424.4651389629187,0.0024923531856442843,424.4638206121471,1.057915946023699,-1.5561882000750259e-15
76.0435145143548,423.96520649487576,0.0025118080400187395,423.96386905925664,1.0649180945679515,-1.7392502522826266e-15
76.5435145143548,423.46527418604495,0.0025313088348418358,423.46391750472725,1.071920245069143,-1.7557521374210455e-15
77.0435145143548,422.96534203698957,0.002550855733021627,422.9639659485518,1.078922397536561,-1.8867807217446276e-15
77.5435145143548,422.46541004827566,0.0025704488982372545,422.4640143907231,1.0859245519795373,-1.78928706147261e-15
78.0435145143548,421.96547822047194,0.002590088494943512,421.964062831234,1.0929267084074477,-1.864592847388609e-15
78.5435145143548,421.46554655414974,0.0026097746883754474,421.46411127007724,1.0999288668297127,-1.8235443051046314e-15
79.0435145143548,420.9656150498832,0.0026295076445529936,420.9641597072456,1.1069310272557962,-1.8409491941306266e-15
79.5435145143548,420.46568370824906,0.0026492875302856346,420.4642081427315,1.1139331896952078,-1.85854119669793e-15
80.0435145143548,419.96575252982694,0.0026691145131771043,419.96425657652776,1.120935354157502,-1.815796016685304e-15
80.5435145143548,419.46582151519914,0.0026889887616301194,419.4643050086269,1.1279375206522786,-1.527657679841183e-15
81.0435145143548,418.96589066495073,0.002708910444851145,418.9643534390215,1.1349396891891832,-1.6656930677514073e-15
81.5435145143548,418.4659599796696,0.0027288797328551954,418.4644018677041,1.1419418597779072,-1.8062561525667792e-15
82.0435145143548,417.96602945994647,0.002748896796470668,417.964450294667,1.1489440324281879,-1.572086512150684e-15
82.5435145143548,417.46609910637477,0.002768961807344214,417.4644987199028,1.1559462071498094,-1.904661288936817e-15
83.0435145143548,416.9661689195509,0.002789074937945643,416.9645471434037,1.1629483839526022,-1.7307140521985076e-15
83.5435145143548,416.4662389000741,0.002809236361572863,416.46459556516214,1.1699505628464444,-2.0062881346018474e-15
84.0435145143548,415.9663090485463,0.002829446252356855,415.9646439851703,1.1769527438412604,-1.9603243414479146e-15
84.5435145143548,415.4663793655726,0.002849704785266685,415.46469240342054,1.1839549269470233,-1.7813552291582096e-15
85.0435145143548,414.96644985176084,0.002870012136114552,414.96474081990493,1.1909571121737528,-1.798604434889855e-15
85.5435145143548,414.46652050772184,0.002890368481560872,414.46478923461575,1.1979592995315178,-1.8833025837536846e-15
86.0435145143548,413.96659133406934,0.002910773999119399,413.96483764754504,1.2049614890304352,-1.6978421655748136e-15
86.5435145143548,413.46666233142,0.0029312288671623837,413.46488605868484,1.2119636806806706,-1.7829163281148805e-15
87.0435145143548,412.9667335003936,0.0029517332649257677,412.96493446802714,1.2189658744924385,-1.59254181087322e-15
87.5435145143548,412.46680484161277,0.0029722873725144183,412.4649828755639,1.225968070476003,-1.6779721133456916e-15
88.0435145143548,411.96687635570316,0.0029928913709074,411.9650312812871,1.2329702686416775,-1.6943391207592273e-15
88.5435145143548,411.4669480432936,0.003013545441963283,411.4650796851886,1.2399724689998253,-1.6395990355383909e-15
89.0435145143548,410.96701990501583,0.003034249768425494,410.9651280872602,1.24697467156086,-1.655630849349093e-15
89.5435145143548,410.46709194150475,0.003055004533927702,410.46517648749364,1.2539768763352463,-1.7445278957978249e-15
90.0435145143548,409.96716415339824,0.0030758099229992466,409.96522488588073,1.2609790833334984,-1.8350286427457282e-15
90.5435145143548,409.4672365413374,0.0030966661210706046,409.46527328241314,1.2679812925661826,-1.6306729000606299e-15
91.0435145143548,408.9673091059664,0.0031175733144788976,408.96532167708244,1.2749835040439168,-1.7215455882813026e-15
91.5435145143548,408.46738184793264,0.0031385316904734375,408.46537006988024,1.2819857177773695,-1.889654545553861e-15
92.0435145143548,407.9674547678865,0.0031595414372213174,407.9654184607981,1.2889879337772625,-1.602945027965912e-15
92.5435145143548,407.4675278664818,0.003180602743813039,407.4654668498276,1.2959901520543693,-1.8500042440789245e-15
93.0435145143548,406.96760114437535,0.003201715800268184,406.96551523695996,1.3029923726195163,-1.6347380163154918e-15
93.5435145143548,406.46767460222725,0.003222880797541127,406.4655636221867,1.3099945954835828,-1.7295143973424321e-15
94.0435145143548,405.96774824070087,0.00324409792752679,405.9656120054991,1.3169968206575013,-1.6672421841742431e-15
94.5435145143548,405.4678220604628,0.003265367383066439,405.46566038688854,1.3239990481522583,-1.6837664790445194e-15
95.0435145143548,404.967896062183,0.0032866893579535277,404.96570876634615,1.3310012779788944,-1.7004752514593836e-15
95.5435145143548,404.46797024653466,0.0033080640469395762,404.46575714386313,1.3380035101485042,-1.7991503541444224e-15
96.0435145143548,403.9680446141943,0.003329491645740102,403.96580551943066,1.3450057446722365,-1.6518623094829125e-15
96.5435145143548,403.4681191658418,0.00335097235104059,403.46585389303976,1.3520079815612964,-1.6683157170237842e-15
97.0435145143548,402.9681939021604,0.0033725063605025093,402.9659022646815,1.3590102208269432,-1.4322106676275942e-15
97.5435145143548,402.46826882383675,0.003394093872769372,402.4659506343468,1.3660124624804924,-1.5316007781946446e-15
98.0435145143548,401.96834393156087,0.00341573508747284,401.9659990020266,1.3730147065333151,-1.6328531603012766e-15
98.5435145143548,401.46841922602624,0.0034374302052388784,401.4660473677118,1.3800169529968394,-1.4755987830102167e-15
99.0435145143548,400.9684947079298,0.003459179427693949,400.9660957313931,1.3870192018825498,-1.6657284295111276e-15
99.5435145143548,400.4685703779719,0.0034809829574712577,400.4661440930614,1.3940214532019874,-1.505345384403724e-15
100.0435145143548,399.96864623685644,0.0035028409982170434,399.96619245270733,1.401023706966752,-1.5204712490126142e-15
100.5435145143548,399.4687222852908,0.0035247537545969165,399.46624081032155,1.4080259631884995,-1.6261076275761747e-15
101.0435145143548,398.968798523986,0.003546721432302244,398.9662891658946,1.4150282218789452,-1.459989400372915e-15
101.5435145143548,398.46887495365644,0.0035687442380565836,398.466337519417,1.4220304830498622,-1.6590543919722925e-15
102.0435145143548,397.96895157502024,0.0035908223796221658,397.9663858708793,1.4290327467130832,-1.6758089235622147e-15
102.5435145143548,397.4690283887991,0.0036129560658064246,397.4664342202719,1.4360350128804995,-1.5046702659009756e-15
103.0435145143548,396.96910539571826,0.003635145506468578,396.96648256758516,1.4430372815640624,-1.6148981707250308e-15
103.5435145143548,396.46918259650676,0.0036573909125262568,396.46653091280933,1.450039552775783,-1.5353117903432785e-15
104.0435145143548,395.96925999189716,0.003679692495962188,395.9665792559347,1.4570418265277323,-1.3570334392713758e-15
104.5435145143548,395.4693375826259,0.003702050469830923,395.4666275969514,1.4640441028320432,-1.5666571022403855e-15
105.0435145143548,394.9694153694329,0.0037244650482656204,394.9666759358497,1.4710463817009085,-1.681511741291126e-15
105.5435145143548,394.46949335306203,0.0037469364464848796,394.4667242726195,1.4780486631465835,-1.4988039452983343e-15
106.0435145143548,393.9695715342608,0.003769464880799627,393.9667726072509,1.4850509471813844,-1.6150341997770687e-15
106.5435145143548,393.4696499137806,0.0037920505686200538,393.46682093973374,1.4920532338176902,-1.6315316233729837e-15
107.0435145143548,392.96972849237653,0.0038146937284626067,392.966869270058,1.499055523067943,-1.7512325551270257e-15
107.5435145143548,392.4698072708076,0.003837394579957033,392.4669175982135,1.5060578149446473,-1.6650983859496332e-15
108.0435145143548,391.96988624983675,0.003860153343853478,391.96696592419,1.5130601094603715,-1.4719010418814987e-15
108.5435145143548,391.4699654302307,0.003882970242029639,391.46701424797715,1.5200624066277477,-1.593228819886775e-15
109.0435145143548,390.97004481276,0.0039058454974979714,390.96706256956463,1.527064706459472,-1.3949936699850638e-15
109.5435145143548,390.4701243981994,0.003928779334412953,390.467110888942,1.5340670089683057,-1.4093534197930904e-15
110.0435145143548,389.9702041873274,0.003951771978078404,389.96715920609876,1.5410693141670746,-1.4238796779564718e-15
110.5435145143548,389.4702841809265,0.003974823654954857,389.4672075210243,1.5480716220686712,-1.2172554244173403e-15
111.0435145143548,388.97036437978335,0.003997934592666995,388.96725583370807,1.5550739326860523,-1.4534403419413361e-15
111.5435145143548,388.4704447846885,0.004021105020011138,388.4673041441394,1.5620762460322422,-1.4119991690696792e-15
112.0435145143548,387.9705253964366,0.00404433516696279,387.9673524523074,1.5690785621203318,-1.5407583388340718e-15
112.5435145143548,387.4706062158264,0.004067625264684246,387.46740075820145,1.576080880963479,-1.2684564140232488e-15
113.0435145143548,386.9706872436609,0.004090975545532254,386.96744906181056,1.5830832025749098,-1.3398883136461866e-15
113.5435145143548,386.470768480747,0.004114386243065743,386.46749736312375,1.5900855269679168,-1.5304100584380759e-15
114.0435145143548,385.9708499278959,0.004137857592053604,385.9675456621301,1.5970878541558635,-1.308448592397839e-15
114.5435145143548,385.47093158592304,0.004161389828482536,385.4675939588184,1.6040901841521804,-1.4422833180462988e-15
115.0435145143548,384.971013455648,0.00418498318956495,384.96764225317753,1.611092516970368,-1.4573430213380234e-15
115.5435145143548,384.47109553789466,0.00420863791374694,384.4676905451963,1.6180948526239967,-1.3498648711214456e-15
116.0435145143548,383.97117783349114,0.00423235424071631,383.9677388348634,1.6250971911267071,-1.2399967918635703e-15
116.5435145143548,383.47126034326993,0.004256132411410666,383.46778712216746,1.6320995324922114,-1.06504592370402e-15
117.0435145143548,382.9713430680678,0.004279972668025572,382.967835407097,1.6391018767342913,-1.266147108097904e-15
117.5435145143548,382.471426008726,0.004303875254022773,382.4678836896407,1.6461042238668022,-1.151509067628856e-15
118.0435145143548,381.9715091660899,0.004327840414138474,381.9679319697867,1.6531065739036697,-1.3575654587344775e-15
118.5435145143548,381.4715925410096,0.004351868394391694,381.46798024752354,1.6601089268588936,-1.306544078184391e-15
119.0435145143548,380.9716761343395,0.004375959442092677,380.9680285228394,1.6671112827465453,-1.3863469263473974e-15
119.5435145143548,380.47175994693845,0.0044001138058513784,380.46807679572254,1.6741136415807711,-1.3342806041090131e-15
120.0435145143548,379.9718439796699,0.004424331735586008,379.96812506616106,1.6811160033757906,-1.4158166814386977e-15
120.5435145143548,379.47192823340185,0.00444861348253165,379.468173334143,1.688118368145898,-1.3626813107691893e-15
121.0435145143548,378.9720127090067,0.0044729592992489445,378.9682215996564,1.6951207359054634,-1.3082794363055866e-15
121.5435145143548,378.4720974073617,0.004497369439632842,378.46826986268906,1.7021231066689306,-1.3221757208526075e-15
122.0435145143548,377.9721823293484,0.0045218441589214235,377.9683181232288,1.7091254804508207,-1.406566611001042e-15
122.5435145143548,377.4722674758534,0.004546383713704798,377.4683663812635,1.7161278572657315,-1.5637013278821829e-15
123.0435145143548,376.9723528477677,0.004570988361934058,376.9684146367806,1.7231302371283368,-1.6522123979591654e-15
123.5435145143548,376.4724384459871,0.004595658362930322,376.4684628897679,1.7301326200533886,-1.7424579885535923e-15
124.0435145143548,375.9725242714122,0.004620393977393834,375.9685111402129,1.7371350060557174,-1.5409535066549666e-15
124.5435145143548,375.4726103249484,0.004645195467413147,375.46855938810296,1.7441373951502304,-1.5574526481772491e-15
125.0435145143548,374.9726966075058,0.004670063096474376,374.9686076334254,1.7511397873519157,-1.7990294814747227e-15
125.5435145143548,374.4727831199994,0.004694997129470522,374.4686558761676,1.758142182675841,-1.4395219909543493e-15
126.0435145143548,373.97286986334916,0.004719997832710877,373.96870411631664,1.7651445811371524,-1.6081548341102377e-15
126.5435145143548,373.47295683847983,0.004745065473930497,373.46875235385966,1.7721469827510787,-1.7028693356712667e-15
127.0435145143548,372.9730440463212,0.0047702003222997585,372.96880058878367,1.779149387532928,-1.486512465919362e-15
127.5435145143548,372.473131487808,0.004795402648433988,372.4688488210757,1.7861517954980914,-1.7398034775609803e-15
128.0435145143548,371.97321916388,0.004820672724403168,371.9688970507226,1.7931542066620416,-1.5187977301433827e-15
128.5435145143548,371.47330707548196,0.004846010823741727,371.468945277711,1.8001566210403348,-1.4544337730482642e-15
129.0435145143548,370.9733952235637,0.004871417221458401,370.9689935020277,1.80715903864861,-1.3068412505900795e-15
129.5435145143548,370.47348360908035,0.00489689219404618,370.46904172365925,1.8141614595025903,-1.816407370187955e-15
130.0435145143548,369.9735722329919,0.004922436019492334,369.96908994259223,1.8211638836180832,-1.5023016204862283e-15
130.5435145143548,369.47366109626375,0.0049480489772885175,369.469138158813,1.8281663110109816,-1.4342800526088836e-15
131.0435145143548,368.9737501998664,0.004973731348440966,368.96918637230795,1.8351687416972635,-1.535197718589525e-15
131.5435145143548,368.4738395447757,0.004999483415480758,368.4692345830633,1.8421711756929935,-1.551949107195832e-15
132.0435145143548,367.9739291319726,0.0050253054624741795,367.96928279106527,1.8491736130143228,-1.7432293418849165e-15
132.5435145143548,367.47401896244367,0.005051197775033159,367.46933099629985,1.85617605367749,-1.7623027069311246e-15
133.0435145143548,366.97410903718054,0.005077160640325794,366.969379198753,1.8631784976988215,-1.603450051390629e-15
133.5435145143548,366.47419935718045,0.005103194347086967,366.46942739841074,1.8701809450947326,-1.5309842573543087e-15
134.0435145143548,365.97428992344595,0.0051292991856290385,365.96947559525876,1.8771833958817283,-1.638851692126818e-15
134.5435145143548,365.47438073698515,0.005155475447852636,365.46952378928285,1.8841858500764013,-1.6568816533126142e-15
135.0435145143548,364.97447179881163,0.00518172342725753,364.9695719804685,1.8911883076954374,-1.582072014119304e-15
135.5435145143548,364.4745631099445,0.0052080434189535965,364.4696201688013,1.8981907687556119,-1.881794483244769e-15
136.0435145143548,363.9746546714085,0.005234435719671874,363.96966835426673,1.905193233273791,-1.902582961075892e-15
136.5435145143548,363.4747464842339,0.005260900627775708,363.46971653685006,1.9121957012669348,-2.019811662998204e-15
137.0435145143548,362.9748385494567,0.005287438443271989,362.9697647165365,1.9191981727520948,-1.847692665726538e-15
137.5435145143548,362.47493086811863,0.005314049467822486,362.46981289331114,1.9262006477464173,-1.5732120614503943e-15
138.0435145143548,361.9750234412671,0.005340734004755269,361.9698610671591,1.9332031262671416,-1.5906881070980089e-15
138.5435145143548,361.4751162699554,0.0053674923590762294,361.46990923806527,1.9402056083316026,-1.8094307115468586e-15
139.0435145143548,360.97520935524244,0.005394324837480696,360.9699574060145,1.9472080939572298,-1.6262993494766456e-15
139.5435145143548,360.4753026981932,0.005421231748365147,360.47000557099153,1.9542105831615506,-1.644440683303281e-15
140.0435145143548,359.97539629987847,0.005448213401839019,359.970053732981,1.9612130759621862,-1.6628099955759977e-15
140.5435145143548,359.4754901613749,0.0054752701097366165,359.4701018919674,1.968215572376858,-1.3661460100980105e-15
141.0435145143548,358.97558428376533,0.005502402185629117,358.9701500479352,1.9752180724233843,-1.7002453552430711e-15
141.5435145143548,358.4756786681384,0.005529609944836682,358.4701982008686,1.9822205761196823,-1.5044031853320522e-15
142.0435145143548,357.975773315589,0.005556893704440665,357.970246350752,1.9892230834837683,-1.5213025834740748e-15
142.5435145143548,357.4758682272179,0.005584253783295921,357.4702944975694,1.9962255945337593,-1.4285289995789989e-15
143.0435145143548,356.9759634041323,0.005611690502043228,356.9703426413048,2.0032281092878725,-1.4446212702792962e-15
143.5435145143548,356.4760588474454,0.0056392041831218,356.47039078194217,2.0102306277644275,-1.4609177649664039e-15
144.0435145143548,355.97615455827673,0.005666795150781916,355.97043891946527,2.017233149981846,-1.6478930636222433e-15
144.5435145143548,355.47625053775204,0.0056944637310976515,355.4704870538577,2.024235675958652,-1.4941350061355086e-15
145.0435145143548,354.9763467870034,0.005722210251979716,354.97053518510313,2.0312382057134744,-1.5691794114097856e-15
145.5435145143548,354.47644330716935,0.005750035043188401,354.47058331318505,2.0382407392650443,-1.7045356054059412e-15
146.0435145143548,353.9765400993947,0.005777938436346641,353.9706314380866,2.0452432766322004,-1.60501096586167e-15
146.5435145143548,353.47663716483083,0.005805920764953175,353.4706795597913,2.0522458178338856,-1.6833924254954164e-15
147.0435145143548,352.9767345046356,0.005833982364395833,352.97072767828206,2.0592483628891505,-1.7025717507186782e-15
147.5435145143548,352.4768321199734,0.005862123571964925,352.4707757935419,2.0662509118171526,-1.598997449767934e-15
148.0435145143548,351.9769300120152,0.005890344726866753,351.9708239055539,2.0732534646371574,-1.6172672749845827e-15
148.5435145143548,351.4770281819387,0.005918646170237226,351.4708720143006,2.0802560213685393,-1.698686592795003e-15
149.0435145143548,350.9771266309281,0.005947028245155605,350.9709201197648,2.087258582030783,-1.7817862642143565e-15
149.5435145143548,350.47722536017466,0.005975491296658356,350.4709682219289,2.0942611466434826,-1.609135887629325e-15
150.0435145143548,349.9773243708761,0.0060040356717531275,349.9710163207755,2.1012637152263443,-1.6927322691620731e-15
150.5435145143548,349.47742366423716,0.006032661719432842,349.47106441628677,2.108266287799186,-1.778066500193035e-15
151.0435145143548,348.97752324146944,0.006061369790689916,348.97111250844495,2.115268864381938,-1.4654916338793943e-15
151.5435145143548,348.4776231037914,0.006090160238530594,348.471160597232,2.1222714449946447,-1.68455127988641e-15
152.0435145143548,347.9777232524286,0.006119033417989416,347.97120868262994,2.129274029657465,-1.772181905219679e-15
152.5435145143548,347.47782368861346,0.006147989686143797,347.47125676462053,2.136276618390673,-1.5858448168638066e-15
153.0435145143548,346.9779244135857,0.006177029402128745,346.9713048431855,2.1432792112146584,-1.813473857924269e-15
153.5435145143548,346.478025428592,0.006206152927151699,346.47135291830637,2.150281808149928,-1.763966286199609e-15
154.0435145143548,345.9781267348863,0.006235360624507498,345.9714009899645,2.157284409217106,-1.4989568378621487e-15
154.5435145143548,345.4782283337298,0.006264652859593481,345.4714490581413,2.164287014436937,-1.7330372495943436e-15
155.0435145143548,344.978330226391,0.006294029999924714,344.9714971228179,2.171289623830282,-1.6801907808187249e-15
155.5435145143548,344.47843241414563,0.006323492415149352,344.47154518397525,2.178292237418124,-1.773713259531834e-15
156.0435145143548,343.9785348982769,0.00635304047706414,343.97159324159435,2.185294855221568,-1.869222130736954e-15
156.5435145143548,343.4786376800755,0.006382674559630038,343.471641295656,2.19229747726184,-1.7398220177348823e-15
157.0435145143548,342.97874076083957,0.006412395038987995,342.97168934614075,2.199300103560288,-1.683693813899413e-15
157.5435145143548,342.4788441418748,0.006442202293474849,342.4717373930291,2.2063027341383847,-1.7034679007485714e-15
158.0435145143548,341.97894782449447,0.0064720967036393795,341.97178543630145,2.2133053690177276,-1.8801857821105298e-15
158.5435145143548,341.47905181001966,0.006502078652258489,341.471833475938,2.22030800822004,-1.9815964371856243e-15
159.0435145143548,340.97915609977906,0.0065321485243535335,340.9718815119188,2.227310651767171,-2.085171055924983e-15
159.5435145143548,340.4792606951092,0.006562306707206794,340.47192954422394,2.2343132996810975,-1.7040732014167012e-15
160.0435145143548,339.9793655973544,0.006592553590378098,339.9719775728331,2.2413159519839247,-1.9705538336883532e-15
160.5435145143548,339.47947080786685,0.006622889565721579,339.4720255977259,2.248318608697888,-1.9939025753336675e-15
161.0435145143548,338.97957632800683,0.006653315027402591,338.97207361888206,2.2553212698453504,-2.0175630107054864e-15
161.5435145143548,338.4796821591425,0.006683830371914776,338.47212163628075,2.2623239354488094,-2.1266039268932228e-15
162.0435145143548,337.97978830265015,0.00671443599809727,337.9721696499013,2.2693266055308925,-1.893684428576158e-15
162.5435145143548,337.47989475991415,0.006745132307152077,337.4722176597226,2.27632928011436,-2.0033586111759563e-15
163.0435145143548,336.98000153232715,0.006775919702661587,336.9722656657239,2.283331959222109,-2.1154154343344444e-15
163.5435145143548,336.48010862129,0.006806798590606253,336.4723136678838,2.290334642877168,-2.1407053242853962e-15
164.0435145143548,335.9802160282119,0.0068377693793824305,335.9723616661809,2.297337331102704,-1.9858078643157943e-15
164.5435145143548,335.4803237545103,0.0068688324798203675,335.4724096605937,2.304340023922021,-2.1923121228646028e-15
165.0435145143548,334.98043180161125,0.0068999883052023635,334.97245765110057,2.31134272135856,-2.033752716119143e-15
165.5435145143548,334.4805401709492,0.006931237271281088,334.4725056376796,2.3183454234359018,-2.338877853091423e-15
166.0435145143548,333.98064886396725,0.00696257979629806,333.9725536203089,2.3253481301777676,-2.2723677226619235e-15
166.5435145143548,333.480757882117,0.006994016301002302,333.47260159896615,2.3323508416080188,-2.2997797296247567e-15
167.0435145143548,332.9808672268589,0.007025547208669155,332.9726495736292,2.3393535577506603,-2.327564302281374e-15
167.5435145143548,332.48097689966204,0.0070571729451192645,332.47269754427555,2.3463562786298393,-2.159416485653621e-15
168.0435145143548,331.98108690200434,0.007088893938737741,331.97274551088253,2.353359004269848,-2.284929036349369e-15
168.5435145143548,331.4811972353727,0.007120710620493489,331.4727934734274,2.360361734695123,-2.2121093791286685e-15
169.0435145143548,330.9813079012628,0.007152623423958715,330.97284143188705,2.3673644699302487,-1.9336793689879802e-15
169.5435145143548,330.4814189011796,0.007184632785328612,330.47288938623853,2.3743672099999564,-2.0602301539460747e-15
170.0435145143548,329.98153023663696,0.00721673914344122,329.9729373364584,2.3813699549291267,-1.9810807780807903e-15
170.5435145143548,329.48164190915793,0.007248942939797471,329.4729852825233,2.388372704742789,-2.0052706919822594e-15
171.0435145143548,328.98175392027485,0.0072812446185814145,328.97303322440956,2.395375459466125,-2.2434558612788973e-15
171.5435145143548,328.4818662715293,0.007313644626680627,328.4730811620933,2.402378219124468,-1.9465143079747094e-15
172.0435145143548,327.9819789644723,0.0073461434137068096,327.9731290955507,2.409380983743304,-2.189323845237344e-15
172.5435145143548,327.4820920006643,0.007378741432016574,327.47317702475743,2.4163837533482737,-2.216220684335556e-15
173.0435145143548,326.98220538167516,0.0074114391367324185,326.9732249496892,2.4233865279651745,-2.1874025862485167e-15
173.5435145143548,326.4823191090844,0.007444236985763897,326.4732728703215,2.4303893076199583,-2.214358597573866e-15
174.0435145143548,325.9824331844813,0.007477135439828981,325.97332078662976,2.437392092338737,-2.241688887487463e-15
174.5435145143548,325.4825476094647,0.0075101349624756225,325.4733686985889,2.444394882147781,-2.211209514838731e-15
175.0435145143548,324.9826623856433,0.007543236020103512,324.97341660617394,2.451397677073521,-2.2385853913330274e-15
175.5435145143548,324.4827775146358,0.007576439081986038,324.4734645093596,2.4584004771425487,-2.206702533949769e-15
176.0435145143548,323.9828929980707,0.00760974462029245,323.9735124081204,2.4654032823816197,-2.052963571472353e-15
176.5435145143548,323.4830088375867,0.00764315311011023,323.4735603024309,2.4724060928176534,-2.384160402125668e-15
177.0435145143548,322.9831250348324,0.007676665029467666,322.9736081922651,2.4794089084777338,-2.2900735552824358e-15
177.5435145143548,322.4832415914669,0.007710280859356641,322.47365607759707,2.486411729389113,-2.44397911948654e-15
178.0435145143548,321.9833585091592,0.0077440010837556295,321.97370395840056,2.493414555579209,-2.474520327230556e-15
178.5435145143548,321.4834757895889,0.00777782618965291,321.4737518346492,2.50041738707561,-2.3127614418828937e-15
179.0435145143548,320.98359343444605,0.0078117566670699995,320.9737997063164,2.507420223906075,-2.2767047349972094e-15
179.5435145143548,320.4837114454311,0.007845793009085295,320.47384757337534,2.5144230660985345,-2.3711549362357725e-15
180.0435145143548,319.9838298242551,0.00787993571185795,319.9738954357991,2.521425913681092,-2.400972361841946e-15
180.5435145143548,319.48394857263986,0.007914185274651968,319.47394329356035,2.528428766682026,-2.2286112441718032e-15
181.0435145143548,318.98406769231786,0.00794854219986052,318.97399114663176,2.5354316251297893,-2.1199533513273743e-15
181.5435145143548,318.4841871850325,0.007983006993030499,318.47403899498573,2.542434489053014,-2.2852374173804455e-15
182.0435145143548,317.98430705253804,0.008017580162887299,317.9740868385944,2.5494373584805086,-2.2440302651159297e-15
182.5435145143548,317.48442729659985,0.00805226222135983,317.4741346774298,2.5564402334412635,-2.1304430422030497e-15
183.0435145143548,316.9845479189943,0.008087053683605775,316.9741825114636,2.5634431139644493,-2.085572231396979e-15
183.5435145143548,316.48466892150896,0.00812195506803707,316.4742303406674,2.570446000079419,-2.1120901498212026e-15
184.0435145143548,315.9847903059428,0.008156966896345647,315.97427816501255,2.577448891815712,-1.9177133632549256e-15
184.5435145143548,315.484912074106,0.008192089693529412,315.47432598447006,2.5844517892030496,-2.091572758211726e-15
185.0435145143548,314.9850342278203,0.008227323987918462,314.9743737990109,2.591454692271344,-1.7400275043611959e-15
185.5435145143548,314.4851567689189,0.008262670311201564,314.4744216086056,2.5984576010506935,-1.838914813900939e-15
186.0435145143548,313.9852796992468,0.008298129198452886,313.9744694132248,2.605460515571388,-1.9400872408925066e-15
186.5435145143548,313.48540302066056,0.008333701188158973,313.47451721283863,2.612463435863908,-1.807793350521672e-15
187.0435145143548,312.98552673502866,0.008369386822245996,312.974565007417,2.619466361958927,-1.831037872348223e-15
187.5435145143548,312.48565084423143,0.00840518664610725,312.47461279692976,2.6264692938873133,-1.693347930747129e-15
188.0435145143548,311.9857753501613,0.008441101208630921,311.9746605813464,2.6334722316801322,-1.796866882590211e-15
188.5435145143548,311.48590025472276,0.008477131062228124,311.47470836063616,2.6404751753686444,-2.068275936699151e-15
189.0435145143548,310.9860255598325,0.008513276762861207,310.9747561347682,2.6474781249843136,-1.8436367516029956e-15
189.5435145143548,310.48615126741953,0.008549538870072322,310.4748039037111,2.6544810805588,-1.952422055851918e-15
190.0435145143548,309.98627737942525,0.008585917947012292,309.97485166743365,2.6614840421239694,-1.805790538588734e-15
190.5435145143548,309.4864038978036,0.008622414560469735,309.474899425904,2.6684870097118902,-1.6550569196426404e-15
191.0435145143548,308.98653082452114,0.008659029280900484,308.97494717909046,2.675489983354838,-1.8531004340016776e-15
191.5435145143548,308.48665816155705,0.008695762682457286,308.47499492696056,2.6824929630852927,-1.6984888403460758e-15
192.0435145143548,307.9867859109034,0.008732615343019801,307.9750426694821,2.689495948935947,-1.9018092655326055e-15
192.5435145143548,307.48691407456516,0.00876958784422488,307.47509040662226,2.6964989409397013,-1.926702627450012e-15
193.0435145143548,306.9870426545603,0.008806680771497143,306.97513813834814,2.7035019391296706,-1.4872100150364144e-15
193.5435145143548,306.4871716529199,0.008843894714079864,306.47518586462667,2.7105049435391826,-1.695083009073427e-15
194.0435145143548,305.98730107168836,0.008881230265066148,305.97523358542423,2.717507954201781,-1.6219698870855357e-15
194.5435145143548,305.4874309129233,0.008918688021430417,305.47528130070714,2.7245109711512265,-1.6433401666745247e-15
195.0435145143548,304.9875611786958,0.008956268584060212,304.9753290104414,2.731513994421501,-1.5670849111770307e-15
195.5435145143548,304.4876918710906,0.008993972557788296,304.4753767145928,2.7385170240468057,-1.7862753002562906e-15
196.0435145143548,303.987822992206,0.009031800551425086,303.9754244131268,2.7455200600615655,-1.5082726769895976e-15
196.5435145143548,303.4879545441542,0.009069753177791396,303.4754721060086,2.7525231025004304,-1.732046904054186e-15
197.0435145143548,302.9880865290612,0.009107831053751512,302.97551979320315,2.7595261513982763,-1.3421023568040048e-15
197.5435145143548,302.488218949067,0.009146034800246583,302.475567474675,2.7665292067902065,-1.6737989724343621e-15
198.0435145143548,301.9883518063258,0.009184365042328361,301.9756151503886,2.7735322687115573,-1.2720819409231773e-15
198.5435145143548,301.488485103006,0.009222822409193256,301.47566282030806,2.780535337197895,-1.3964881384431436e-15
199.0435145143548,300.9886188412903,0.009261407534216747,300.97571048439704,2.787538412285021,-1.4151643235475263e-15
199.5435145143548,300.48875302337603,0.009300121054988127,300.4757581426191,2.7945414940089712,-1.4341219595808052e-15
200.0435145143548,299.988887651475,0.0093389636133456,299.97580579493757,2.801544582406021,-1.4533657669826867e-15
200.5435145143548,299.48902272781373,0.00937793585541173,299.47585344131517,2.808547677512686,-1.5862005959928977e-15
201.0435145143548,298.98915825463365,0.009417038431629231,298.9759010817146,2.8155507793657213,-1.3204929983781216e-15
201.5435145143548,298.4892942341911,0.009456271996797142,298.4759487160981,2.822553888002128,-1.3964886838522095e-15
202.0435145143548,297.9894306687576,0.009495637210107344,297.9759963444278,2.8295570034591533,-1.7102194642719095e-15
202.5435145143548,297.48956756061983,0.009535134735181456,297.47604396666543,2.836560125774291,-1.3149643655657562e-15
203.0435145143548,296.98970491207973,0.009574765240108099,296.9760915827722,2.843563254985285,-1.5751137708235806e-15
203.5435145143548,296.4898427254549,0.009614529397480536,296.4761391927093,2.850566391130132,-1.4736927731316857e-15
204.0435145143548,295.9899810030783,0.009654427884434703,295.9761867964374,2.857569534247082,-1.431497411957541e-15
204.5435145143548,295.49011974729893,0.009694461382687607,295.476234393917,2.864572684374643,-1.3879133463352146e-15
205.0435145143548,294.9902589604814,0.009734630578576136,294.97628198510824,2.871575841551579,-1.598698525414999e-15
205.5435145143548,294.4903986450065,0.009774936163096246,294.4763295699709,2.878579005816917,-1.5557316609560188e-15
206.0435145143548,293.990538803271,0.00981537883194256,293.9763771484644,2.8855821772099457,-1.4456162927416355e-15
206.5435145143548,293.49067943768813,0.009855959285548358,293.47642472054787,2.8925853557702186,-1.3988353840958419e-15
207.0435145143548,292.9908205506874,0.009896678229125997,292.9764722861801,2.899588541537556,-1.418056912464448e-15
207.5435145143548,292.49096214471484,0.00993753637270772,292.4765198453196,2.9065917345520496,-1.437576080454608e-15
208.0435145143548,291.99110422223333,0.009978534431186903,291.97656739792444,2.91359493485406,-1.249198300791369e-15
208.5435145143548,291.49124678572247,0.010019673124359724,291.47661494395237,2.9205981424842253,-1.5478864246465073e-15
209.0435145143548,290.99138983767887,0.010060953176967247,290.97666248336077,2.9276013574834567,-1.497971206436213e-15
209.5435145143548,290.49153338061626,0.010102375318737958,290.4767100161067,2.934604579892946,-1.3740919540300983e-15
210.0435145143548,289.99167741706566,0.01014394028443073,289.9767575421469,2.9416078097541654,-1.4664947618959582e-15
210.5435145143548,289.4918219495756,0.010185648813878232,289.47680506143774,2.948611047108872,-1.4125465916690741e-15
211.0435145143548,288.991966980712,0.010227501652030803,288.97685257393516,2.955614291999107,-1.2814661340200279e-15
211.5435145143548,288.4921125130586,0.010269499549000758,288.4769000795947,2.9626175444672005,-1.4522161135760925e-15
212.0435145143548,287.99225854921707,0.010311643260107176,287.9769475783717,2.9696208045557744,-1.240016644204053e-15
212.5435145143548,287.4924050918071,0.010353933545921144,287.476995070221,2.9766240723077426,-1.4931433134896864e-15
213.0435145143548,286.99255214346647,0.010396371172311479,286.97704255509706,2.983627347766317,-1.4344032967537865e-15
213.5435145143548,286.4926997068514,0.010438956910490921,286.477090032954,2.990630630975004,-1.6161817358221939e-15
214.0435145143548,285.9928477846366,0.010481691537062821,285.97713750374544,2.9976339219776142,-1.6389368242093444e-15
214.5435145143548,285.4929963795154,0.010524575834068307,285.47718496742476,3.0046372208182612,-1.4958476644975657e-15
215.0435145143548,284.9931454942,0.010567610589033959,284.97723242394494,3.0116405275413642,-1.3484292167194585e-15
215.5435145143548,284.4932951314217,0.010610796595019973,284.4772798732584,3.018643842191652,-1.4529849045619628e-15
216.0435145143548,283.9934452939308,0.010654134650668844,283.9773273153174,3.025647164814164,-1.3869056326273031e-15
216.5435145143548,283.493595984497,0.010697625560254559,283.4773747500736,3.0326504954542544,-1.5824316450491907e-15
217.0435145143548,282.9937472059096,0.010741270133732309,282.9774221774782,3.039653834157596,-1.2482938451106323e-15
217.5435145143548,282.49389896097733,0.010785069186788733,282.47746959748224,3.0466571809701763,-1.3565232590882028e-15
218.0435145143548,281.994051252529,0.010829023540892695,281.97751701003614,3.053660535938311,-1.28416877139075e-15
218.5435145143548,281.49420408341336,0.0108731340233466,281.4775644150899,3.060663899108638,-1.302540145331903e-15
219.0435145143548,280.99435745649936,0.010917401467338255,280.9776118125931,3.067667270528125,-1.226835729952242e-15
219.5435145143548,280.49451137467634,0.010961826711993293,280.4776592024951,3.0746706502440695,-1.3401767780192671e-15
220.0435145143548,279.99466584085417,0.011006410602428148,279.9777065847444,3.0816740383041035,-1.165245233173988e-15
220.5435145143548,279.49482085796353,0.011051153989803605,279.4777539592895,3.0886774347561965,-1.3790412187845685e-15
221.0435145143548,278.994976428956,0.011096057731378919,278.9778013260782,3.0956808396486575,-1.0991732364735773e-15
221.5435145143548,278.49513255680426,0.011141122690566526,278.47784868505784,3.1026842530301377,-1.1150685319231404e-15
222.0435145143548,277.9952892445023,0.011186349736987334,277.9778960361755,3.109687674949636,-1.4397382106926723e-15
222.5435145143548,277.49544649506566,0.011231739746526618,277.4779433793775,3.1166911054564985,-1.3563029756732618e-15
223.0435145143548,276.99560431153145,0.011277293601390511,276.9779907146099,3.1236945446004243,-1.164327623835488e-15
223.5435145143548,276.4957626969588,0.011323012190163123,276.4780380418183,3.1306979924314686,-1.0738979111167475e-15
224.0435145143548,275.9959216544289,0.011368896407864265,275.97808536094783,3.137701449000043,-8.716554195051044e-16
224.5435145143548,275.49608118704515,0.011414947156007804,275.47813267194294,3.144704914356923,-9.949485355113828e-16
225.0435145143548,274.99624129793347,0.011461165342660664,274.9781799747478,3.151708388553247,-9.534364357681078e-16
225.5435145143548,274.4964019902425,0.01150755188250246,274.4782272693059,3.158711871640523,-1.0243338683153362e-15
226.0435145143548,273.99656326714376,0.011554107696885786,273.9782745555606,3.165715363670631,-1.039391763970045e-15
226.5435145143548,273.49672513183185,0.011600833713897172,273.47832183345423,3.172718864695824,-9.961047319190488e-16
227.0435145143548,272.9968875875247,0.011647730868418697,272.9783691029291,3.1797223747687333,-1.0108016405352412e-15
227.5435145143548,272.4970506374639,0.011694800102190291,272.4784163639267,3.1867258939423735,-1.0257429360632254e-15
228.0435145143548,271.9972142849145,0.011742042363872721,271.97846361638824,3.193729422270144,-1.1633958644626065e-15
228.5435145143548,271.4973785331657,0.011789458609111268,271.47851086025406,3.200732959805831,-1.1806565058483116e-15
229.0435145143548,270.99754338553095,0.011837049800600108,270.9785580954643,3.207736506603615,-1.1351423025788154e-15
229.5435145143548,270.4977088453479,0.011884816908147413,270.47860532195847,3.2147400627180702,-1.0240412717985969e-15
230.0435145143548,269.997874915979,0.011932760908741173,269.9786525396754,3.221743628204172,-1.1042768085057792e-15
230.5435145143548,269.4980416008115,0.011980882786615741,269.4786997485536,3.228747203117296,-1.1867111139618191e-15
231.0435145143548,268.9982089032577,0.012029183533319134,268.9787469485308,3.2357507875132283,-1.2713980661948553e-15
231.5435145143548,268.49837682675525,0.012077664147781069,268.4787941395444,3.242754381448161,-1.222553582346975e-15
232.0435145143548,267.99854537476733,0.012126325636381774,267.978841321531,3.2497579849787046,-1.2409303604893233e-15
232.5435145143548,267.498714550783,0.012175169013021563,267.4788884944268,3.2567615981618836,-1.1896396609901474e-15
233.0435145143548,266.99888435831724,0.012224195299191191,266.9789356581674,3.263765221055147,-1.2075891119225585e-15
233.5435145143548,266.4990548009114,0.012273405524043006,266.4789828126877,3.2707688537163673,-1.2258437977210115e-15
234.0435145143548,265.99922588213326,0.012322800724462898,265.9790299579222,3.2777724962038497,-1.3908106134540392e-15
234.5435145143548,265.4993976055774,0.012372381945143054,265.4790770938046,3.2847761485763285,-1.4119147065881242e-15
235.0435145143548,264.99956997486555,0.012422150238655555,264.9791242202681,3.2917798108929794,-1.4333797245984614e-15
235.5435145143548,264.4997429936465,0.012472106665526787,264.4791713372453,3.298783483213419,-1.1488520040839264e-15
236.0435145143548,263.9999166655968,0.012522252294312702,263.97921844466816,3.3057871655977085,-1.2441432955646157e-15
236.5435145143548,263.5000909944206,0.012572588201674947,263.479265542468,3.3127908581063594,-1.1052703510616122e-15
237.0435145143548,263.00026598385017,0.01262311547245784,262.9793126305756,3.319794560800338,-1.2023594589408278e-15
237.5435145143548,262.50044163764613,0.012673835199766243,262.4793597089209,3.3267982737410677,-1.220813912192161e-15
238.0435145143548,262.0006179595977,0.012724748485044316,261.97940677743344,3.333801996990436,-1.2395876132897321e-15
238.5435145143548,261.500794953523,0.01277585643815518,261.47945383604196,3.3408057306107963,-1.1747742626717096e-15
239.0435145143548,261.00097262326915,0.012827160177461478,260.97950088467456,3.3478094746649756,-1.4485331446566778e-15
239.5435145143548,260.5011509727128,0.012878660829906893,260.4795479232587,3.354813229216273,-1.5574636040958542e-15
240.0435145143548,260.00133000576034,0.012930359531098574,259.979594951721,3.3618169943284717,-1.4937331370834544e-15
240.5435145143548,259.501509726348,0.012982257425390532,259.47964196998777,3.368820770065837,-1.6061575667565022e-15
241.0435145143548,259.00169013844237,0.013034355665968002,258.9796889779843,3.375824556493125,-1.5405259515060078e-15
241.5435145143548,258.50187124604065,0.01308665541493277,258.4797359756353,3.382828353675587,-1.8406342670481828e-15
242.0435145143548,258.0020530531708,0.013139157843389503,257.97978296286476,3.3898321616789713,-1.6824432652215522e-15
242.5435145143548,257.50223556389204,0.013191864131533077,257.47982993959596,3.3968359805695307,-1.6138394067475842e-15
243.0435145143548,257.00241878229497,0.013244775468736932,256.97987690575144,3.403839810414027,-1.5427230039661512e-15
243.5435145143548,256.502602712502,0.013297893053642441,256.47992386125304,3.4108436512797344,-1.469024259838385e-15
244.0435145143548,256.0027873586676,0.01335121809424935,255.97997080602187,3.4178475032344457,-1.591624576674856e-15
244.5435145143548,255.50297272497863,0.013404751808007256,255.48001773997825,3.424851366346477,-1.5156820895510707e-15
245.0435145143548,255.00315881565464,0.013458495421908178,254.9800646630418,3.4318552406846723,-1.7449191111517887e-15
245.5435145143548,254.5033456349482,0.013512450172580202,254.48011157513122,3.4388591263184094,-1.5640135811325663e-15
246.0435145143548,254.00353318714525,0.013566617306382244,253.9801584761647,3.4458630233176044,-1.4829059127371324e-15
246.5435145143548,253.5037214765654,0.013620998079499923,253.4802053660594,3.452866931752717,-1.398874275490747e-15
247.0435145143548,253.00391050756227,0.01367559375804258,252.9802522447319,3.4598708516947565,-1.6397962320712918e-15
247.5435145143548,252.5041002845238,0.013730405618141437,252.48029911209775,3.466874783215286,-1.4438392632215568e-15
248.0435145143548,252.00429081187258,0.013785434946048931,251.9803459680719,3.473878726386428,-1.6361909957637405e-15
248.5435145143548,251.5044820940663,0.013840683038239232,251.48039281256834,3.4808826812808715,-1.6050856685921553e-15
249.0435145143548,251.00467413559798,0.013896151201509954,250.98043964550033,3.4878866479718744,-1.6308579735000682e-15
249.5435145143548,250.50486694099635,0.013951840753085086,250.48048646678018,3.494890626533273,-1.6570967258725096e-15
250.0435145143548,250.00506051482623,0.014007753020719164,249.98053327631948,3.5018946170394836,-1.6838113240266867e-15
250.5435145143548,249.50525486168888,0.01406388934280268,249.48058007402886,3.5088986195655116,-1.6499038258770806e-15
251.0435145143548,249.00544998622237,0.014120251068468773,248.98062685981816,3.515902634186955,-1.7387066995339576e-15
251.5435145143548,248.50564589310193,0.014176839557701196,248.4806736335963,3.522906660980012,-1.893115004396727e-15
252.0435145143548,248.0058425870403,0.014233656181443599,247.9807203952712,3.529910700021485,-1.9880117905524442e-15
252.5435145143548,247.50604007278818,0.014290702321710116,247.48076714475013,3.536914751388788,-2.0203871792708742e-15
253.0435145143548,247.0062383551346,0.014347979371697317,246.98081388193924,3.543918815159954,-1.9208822452443206e-15
253.5435145143548,246.50643743890723,0.014405488735897507,246.4808606067439,3.550922891413637,-2.1542534679902254e-15
254.0435145143548,246.0066373289728,0.014463231830213402,245.98090731906836,3.557926980229122,-2.1211280914876735e-15
254.5435145143548,245.5068380302376,0.014521210082074212,245.48095401881616,3.5649310816863293,-2.2255016420031356e-15
255.0435145143548,245.0070395476477,0.014579424930553147,244.98100070588973,3.5719351958658225,-2.332808223240943e-15
255.5435145143548,244.50724188618955,0.014637877826486352,244.48104738019055,3.5789393228488136,-2.3712681680525686e-15
256.0435145143548,244.00744505089023,0.014696570232593308,243.98109404161917,3.5859434627171693,-2.3373991388870406e-15
256.5435145143548,243.50764904681793,0.014755503623598716,243.4811406900751,3.5929476155534186,-2.153335324409828e-15
257.0435145143548,243.0078538790824,0.014814679486355883,242.9811873254569,3.5999517814407587,-2.113572353046502e-15
257.5435145143548,242.50805955283536,0.014874099319971633,242.48123394766208,3.6069559604630634,-2.225446832078129e-15
258.0435145143548,242.00826607327087,0.014933764635932755,241.98128055658714,3.6139601527048875,-2.184500609126826e-15
258.5435145143548,241.50847344562584,0.01499367695823404,241.4813271521275,3.6209643582514746,-2.220966057761549e-15
259.0435145143548,241.00868167518047,0.015053837823507889,240.98137373417762,3.6279685771887653,-2.0161765032754126e-15
259.5435145143548,240.50889076725863,0.015114248781155547,240.48142030263085,3.634972809603403,-2.1319720149545133e-15
260.0435145143548,240.00910072722843,0.015174911393479972,239.9814668573794,3.6419770555827404,-2.2511609687157493e-15
260.5435145143548,239.5093115605025,0.01523582723582037,239.4815133983145,3.6489813152148503,-2.2042754010154462e-15
261.0435145143548,239.00952327253867,0.015296997896688409,238.9815599253261,3.655985588588528,-2.1552486588817533e-15
261.5435145143548,238.5097358688403,0.01535842497790615,238.48160643830332,3.6629898757933024,-2.454683407387445e-15
262.0435145143548,238.00994935495675,0.015420110094745709,237.9816529371339,3.669994176919442,-1.961351776080977e-15
262.5435145143548,237.51016373648392,0.015482054876070692,237.4816994217045,3.676998492057963,-2.175979254638472e-15
263.0435145143548,237.01037901906474,0.015544260964479403,236.98174589190066,3.6840028213006364,-2.1207889215085964e-15
263.5435145143548,236.51059520838967,0.015606730016449877,236.48179234760676,3.6910071647399976,-1.7818239077137946e-15
264.0435145143548,236.0108123101971,0.01566946370248675,235.9818387887059,3.6980115224693506,-1.812265769971025e-15
264.5435145143548,235.511030330274,0.015732463707269995,235.48188521508,3.705015894582781,-1.843293935156108e-15
265.0435145143548,235.0112492744563,0.01579573172980556,234.98193162660993,3.7120202811751604,-1.6775608730482136e-15
265.5435145143548,234.51146914862957,0.015859269483577923,234.4819780231751,3.719024682342154,-1.9071597614423947e-15
266.0435145143548,234.01168995872936,0.015923078696704614,233.98202440465377,3.726029098180234,-1.9400234667123962e-15
266.5435145143548,233.51191171074188,0.0159871611120927,233.48207077092295,3.7330335287866827,-1.7657860442073084e-15
267.0435145143548,233.01213441070448,0.016051518487597293,232.98211712185832,3.7400379742596024,-1.9020125424055547e-15
267.5435145143548,232.51235806470618,0.016116152596182105,232.4821634573343,3.747042434697927,-1.827500523581498e-15
268.0435145143548,232.0125826788883,0.016181065226082068,231.98220977722403,3.754046910201425,-1.859265029532871e-15
268.5435145143548,231.5128082594449,0.016246258180968053,231.48225608139927,3.761051400870715,-2.002925602915259e-15
269.0435145143548,231.0130348126235,0.016311733280113743,230.9823023697304,3.768055906807269,-1.7548506346924188e-15
269.5435145143548,230.5132623447255,0.016377492358564665,230.48234864208655,3.775060428113425,-1.6703554167074542e-15
270.0435145143548,230.01349086210686,0.016443537267309412,229.98239489833531,3.782064964892394,-1.93407634649352e-15
270.5435145143548,229.5137203711787,0.016509869873453122,229.482441138343,3.7890695172482713,-2.0277004472659573e-15
271.0435145143548,229.01395087840785,0.01657649206039321,228.98248736197453,3.7960740852860444,-1.8813442735786213e-15
271.5435145143548,228.51418239031747,0.016643405727997405,228.48253356909328,3.8030786691116027,-1.6675106494116946e-15
272.0435145143548,228.01441491348768,0.016710612792784147,227.98257975956122,3.8100832688317494,-2.0112670593613766e-15
272.5435145143548,227.51464845455618,0.016778115188105323,227.48262593323886,3.817087884554208,-1.8550233649583593e-15
273.0435145143548,227.01488302021883,0.01684591486433144,226.9826720899852,3.8240925163876325,-1.887981762432437e-15
273.5435145143548,226.5151186172304,0.016914013789039246,226.4827182296578,3.831097164441622,-1.7228140950291409e-15
274.0435145143548,226.0153552524051,0.016982413947201826,225.98276435211258,3.838101828826723,-1.7535599696556512e-15
274.5435145143548,225.5155929326173,0.01705111734138123,225.48281045720395,3.8451065096544466,-1.6476225727799924e-15
275.0435145143548,225.01583166480216,0.01712012599192367,224.98285654478477,3.8521112070372783,-1.8868029991662368e-15
275.5435145143548,224.5160714559564,0.017189441937157317,224.48290261470632,3.859115921088683,-2.0629763787362477e-15
276.0435145143548,224.01631231313883,0.017259067233592728,223.98294866681823,3.866120651923123,-1.8104518023612667e-15
276.5435145143548,223.51655424347115,0.017329003956125993,223.4829947009685,3.8731253996560624,-1.9168508561484433e-15
277.0435145143548,223.01679725413862,0.017399254198244576,222.98304071700355,3.880130164403983,-1.7263474982726668e-15
277.5435145143548,222.5170413523908,0.017469820072235947,222.483086714768,3.8871349462843927,-1.8340640753378026e-15
278.0435145143548,222.0172865455422,0.017540703709399027,221.98313269410485,3.8941397454158384,-1.945197481767975e-15
278.5435145143548,221.51753284097302,0.017611907260258484,221.48317865485538,3.901144561917914,-1.901397799323888e-15
279.0435145143548,221.01778024613003,0.017683432894781942,220.9832245968591,3.908149395911277,-1.7747622747250217e-15
279.5435145143548,220.5180287685271,0.01775528280260013,220.48327051995372,3.9151542475176573,-1.7250844180108786e-15
280.0435145143548,220.01827841574615,0.017827459193230047,219.98331642397525,3.9221591168598704,-1.8403700476648963e-15
280.5435145143548,219.5185291954378,0.017899964296301144,219.48336230875782,3.9291640040618256,-1.789003283013244e-15
281.0435145143548,219.01878111532218,0.017972800361784634,218.98340817413376,3.936168909248545,-1.8219587315878965e-15
281.5435145143548,218.51903418318977,0.018045969660225907,218.48345401993348,3.943173832546169,-1.6788749664098119e-15
282.0435145143548,218.01928840690215,0.01811947448298017,217.98349984598553,3.9501787740819747,-1.979935948454918e-15
282.5435145143548,217.5195437943928,0.018193317142451315,217.48354565211653,3.957183733984383,-1.833329146679387e-15
283.0435145143548,217.01980035366802,0.018267499972334088,216.98359143815122,3.964188712382976,-1.4939318311235246e-15
283.5435145143548,216.5200580928076,0.018342025327859612,216.4836372039123,3.971193709408508,-1.9022149602474863e-15
284.0435145143548,216.02031701996586,0.018416895586044302,215.98368294922054,3.978198725192919,-1.7439717064466178e-15
284.5435145143548,215.52057714337235,0.01849211314594226,215.4837286738946,3.9852037598693477,-1.7766234348274125e-15
285.0435145143548,215.0208384713328,0.018567680428901154,214.9837743777512,3.9922088135721463,-1.9105180249719648e-15
285.5435145143548,214.52110101223005,0.018643599878821707,214.4838200606049,3.9992138864368942,-1.8440109398462463e-15
286.0435145143548,214.02136477452476,0.018719873962420794,213.98386572226815,4.006218978600408,-1.878779543937727e-15
286.5435145143548,213.52162976675652,0.018796505169498226,213.48391136255134,4.013224090200762,-1.4888901319743713e-15
287.0435145143548,213.0218959975447,0.018873496013207307,212.98395698126265,4.020229221377298,-1.6254597877663575e-15
287.5435145143548,212.52216347558937,0.01895084903032918,212.48400257820805,4.0272343722706445,-1.766747376634686e-15
288.0435145143548,212.0224322096722,0.01902856678155106,211.98404815319137,4.034239543022721,-1.6315906685997508e-15
288.5435145143548,211.52270220865748,0.01910665185174841,211.484093706014,4.041244733776767,-1.4333798302066639e-15
289.0435145143548,211.02297348149315,0.019185106850271114,210.98413923647527,4.048249944677347,-1.5192250485467785e-15
289.5435145143548,210.52324603721166,0.01926393441123372,210.48418474437202,4.055255175870368,-1.6674537251013383e-15
290.0435145143548,210.02351988493106,0.019343137193809833,209.98423022949885,4.0622604275031,-1.6388006251567508e-15
290.5435145143548,209.52379503385598,0.019422717882530704,209.48427569164787,4.069265699724184,-1.4847724236730502e-15
291.0435145143548,209.02407149327865,0.019502679187588103,208.98432113060892,4.076270992683653,-1.1981421234479562e-15
291.5435145143548,208.52434927258,0.019583023845141538,208.4843665461692,4.083276306532947,-1.5427371861953659e-15
292.0435145143548,208.02462838123063,0.019663754617629908,207.98441193811357,4.090281641424932,-1.4416151496809482e-15
292.5435145143548,207.52490882879198,0.019744874294087632,207.48445730622433,4.097286997513909,-1.603259882350321e-15
293.0435145143548,207.02519062491737,0.019826385690465374,206.9845026502812,4.104292374955641,-1.362099645138022e-15
293.5435145143548,206.52547377935312,0.019908291649955404,206.48454797006127,4.111297773907363,-1.2498499009466566e-15
294.0435145143548,206.02575830193965,0.019990595043321693,205.98459326533913,4.118303194527799,-1.2035416274665779e-15
294.5435145143548,205.52604420261264,0.020073298769234818,205.48463853588657,4.12530863697719,-1.1549933519409026e-15
295.0435145143548,205.02633149140416,0.02015640575461175,204.98468378147274,4.132314101417292,-1.1777343955133294e-15
295.5435145143548,204.5266201784439,0.020239918954960644,204.484729001864,4.139319588011417,-1.5012254328668737e-15
296.0435145143548,204.02691027396028,0.02032384135473065,203.98477419682393,4.1463250969244365,-1.2247436892721462e-15
296.5435145143548,203.52720178828173,0.020408175967666902,203.48481936611336,4.153330628322802,-1.4051669060587e-15
297.0435145143548,203.02749473183786,0.020492925837170727,202.98486450949014,4.160336182374569,-1.4331084793710897e-15
297.5435145143548,202.52778911516074,0.02057809403666519,202.4849096267093,4.167341759249412,-1.4616765994175966e-15
298.0435145143548,202.02808494888615,0.02066368366996605,201.9849547175229,4.174347359118646,-1.5737139643100242e-15
298.5435145143548,201.5283822437548,0.020749697871658222,201.48499978167993,4.181352982155243,-1.3517826666855484e-15
299.0435145143548,201.02868101061372,0.020836139807477873,200.98504481892644,4.188358628533858,-1.6374821520515089e-15
299.5435145143548,200.52898126041754,0.02092301267470018,200.48508982900535,4.195364298430841,-1.4946154779648446e-15
300.0435145143548,200.02928300422982,0.021010319702532938,199.98513481165645,4.202369992024267,-1.4350919237645922e-15
300.5435145143548,199.5295862532244,0.021098064152516045,199.48517976661634,4.2093757094939495,-1.6471499529059298e-15
301.0435145143548,199.02989101868684,0.021186249318927004,198.98522469361848,4.216381451021465,-1.4938374110486745e-15
301.5435145143548,198.53019731201567,0.021274878529192548,198.485269592393,4.223387216790173,-1.5242211281083866e-15
302.0435145143548,198.030505144724,0.02136395514430648,197.98531446266668,4.230393006985241,-1.749714480443543e-15
302.5435145143548,197.53081452844083,0.02145348255925385,197.48535930416298,4.2373988217936605,-1.5870971122491916e-15
303.0435145143548,197.03112547491253,0.02154346420344158,196.98540411660193,4.244404661404275,-1.5183988964695437e-15
303.5435145143548,196.53143799600434,0.02163390354113565,196.48544889970006,4.251410526007802,-1.4462925008399201e-15
304.0435145143548,196.03175210370196,0.021724804071904948,195.9854936531705,4.258416415796854,-1.581522323577651e-15
304.5435145143548,195.5320678101129,0.021816169331071937,195.48553837672262,4.265422330965963,-1.506574724040537e-15
305.0435145143548,195.0323851274682,0.02190800289017023,194.98558307006226,4.272428271711605,-1.5377720798297328e-15
305.5435145143548,194.5327040681239,0.022000308357409196,194.48562773289166,4.2794342382322235,-1.7378799212668506e-15
306.0435145143548,194.03302464456272,0.022093089378145764,193.98567236490916,4.286440230728252,-1.602371415880985e-15
306.5435145143548,193.53334686939561,0.0221863496353635,193.4857169658094,4.293446249402145,-1.6358118419732426e-15
307.0435145143548,193.0336707553635,0.022280092850159108,192.9857615352831,4.300452294458393,-1.6103950653433673e-15
307.5435145143548,192.53399631533884,0.022374322782236538,192.48580607301722,4.3074583661035595,-1.583283468595745e-15
308.0435145143548,192.03432356232744,0.022469043230408752,191.98585057869457,4.314464464546301,-1.5544094687005702e-15
308.5435145143548,191.53465250947013,0.02256425803310735,191.48589505199402,4.321470589997393,-1.7141658493583726e-15
309.0435145143548,191.03498317004448,0.02265997106890019,190.98593949259026,4.328476742669756,-1.6855814767802242e-15
309.5435145143548,190.53531555746667,0.02275618625701712,190.4859839001539,4.335482922778489,-1.7875215879871697e-15
310.0435145143548,190.03564968529327,0.02285290755788403,189.98602827435138,4.342489130540888,-1.5550717181577374e-15
310.5435145143548,189.53598556722304,0.022950138973665286,189.4860726148447,4.349495366176483,-1.5882158682526277e-15
311.0435145143548,189.03632321709887,0.023047884548814804,188.98611692129157,4.3565016299070605,-1.692685303102626e-15
311.5435145143548,188.53666264890958,0.02314614837063584,188.48616119334534,4.363507921956693,-1.8730351320104123e-15
312.0435145143548,188.03700387679197,0.023244934569849714,187.98620543065473,4.370514242551771,-1.839689855204037e-15
312.5435145143548,187.53734691503269,0.02334424732117359,187.4862496328641,4.377520591921029,-1.6538034003937287e-15
313.0435145143548,187.03769177807024,0.02344409084390752,186.9862937996129,4.384526970295583,-1.7663238255648745e-15
313.5435145143548,186.53803848049702,0.023544469402530913,186.48633793053608,4.3915333779089485,-1.6476611645885532e-15
314.0435145143548,186.03838703706143,0.023645387307308578,185.98638202526377,4.398539814997085,-1.8437733264890008e-15
314.5435145143548,185.53873746266981,0.023746848914906568,185.48642608342112,4.405546281798421,-1.8020156115556803e-15
315.0435145143548,185.03908977238876,0.023848858629017967,184.98647010462855,4.412552778553887,-1.9250637291321022e-15
315.5435145143548,184.5394439814471,0.023951420900998846,184.48651408850122,4.419559305506946,-1.9672152628519804e-15
316.0435145143548,184.03980010523824,0.024054540230514548,183.98655803464945,4.426565862903631,-1.835589742078776e-15
316.5435145143548,183.54015815932223,0.02415822116619652,183.48660194267813,4.433572450992577,-1.6973361030865443e-15
317.0435145143548,183.04051815942816,0.02426246830630988,182.98664581218708,4.440579070025053,-1.826114254677253e-15
317.5435145143548,182.5408801214564,0.024367286299431933,182.48668964277067,4.447585720255,-1.866541165545551e-15
318.0435145143548,182.041244061481,0.02447267984514185,181.98673343401785,4.454592401939062,-1.7171798066007377e-15
318.5435145143548,181.54160999575188,0.0245786536947217,181.48677718551207,4.461599115336626,-1.85292895202422e-15
319.0435145143548,181.04197794069754,0.024685212651869095,180.98682089683115,4.468605860709861,-1.894292405223221e-15
319.5435145143548,180.54234791292723,0.02479236157342162,180.48686456754723,4.475612638323743,-1.9366973863934875e-15
320.0435145143548,180.04271992923364,0.02490010537009334,179.98690819722663,4.482619448446107,-1.8759534745130486e-15
320.5435145143548,179.54309400659534,0.02500844900722355,179.4869517854297,4.489626291347675,-1.7050523809333376e-15
321.0435145143548,179.04347016217937,0.02511739750553806,178.986995331711,4.496633167302101,-1.852515242640735e-15
321.5435145143548,178.5438484133439,0.025226955941923236,178.48703883561882,4.503640076586004,-1.783015295209301e-15
322.0435145143548,178.04422877764088,0.025337129450213065,177.98708229669532,4.510647019479015,-1.8234947996649865e-15
322.5435145143548,177.54461127281868,0.02544792322198946,177.48712571447638,4.517653996263815,-1.8650109476410753e-15
323.0435145143548,177.04499591682497,0.025559342507396103,176.98716908849144,4.52466100722617,-1.8479810243540617e-15
323.5435145143548,176.54538272780943,0.025671392615966106,176.48721241826348,4.531668052654984,-1.8293178845329256e-15
324.0435145143548,176.0457717241266,0.025784078917463708,175.98725570330885,4.538675132842335,-1.93370221087788e-15
324.5435145143548,175.54616292433892,0.025897406842740337,175.48729894313718,4.54568224808352,-2.1058616446197473e-15
325.0435145143548,175.04655634721942,0.026011381884605313,174.9873421372513,4.552689398677097,-1.9586341574302482e-15
325.5435145143548,174.54695201175494,0.026126009598711454,174.48738528514693,4.559696584924932,-1.8704005264441354e-15
326.0435145143548,174.0473499371491,0.02624129560445594,173.9874283863129,4.566703807132246,-1.9822005890708386e-15
326.5435145143548,173.5477501428254,0.026357245585896683,173.4874714402308,4.573711065607655,-2.238212238004662e-15
327.0435145143548,173.04815264843035,0.026473865292684556,172.9875144463748,4.580718360663223,-2.0041943582948436e-15
327.5435145143548,172.54855747383672,0.026591160541011787,172.4875574042118,4.587725692614511,-2.1244147885370974e-15
328.0435145143548,172.04896463914682,0.026709137214576836,171.987600313201,4.594733061780618,-1.9494107021216076e-15
328.5435145143548,171.54937416469576,0.02682780126556613,171.48764317279395,4.601740468484237,-1.9186158225827298e-15
329.0435145143548,171.04978607105488,0.026947158715652925,170.98768598243439,4.6087479130517,-1.806855283610012e-15
329.5435145143548,170.55020037903515,0.02706721565701374,170.487728741558,4.615755395813038,-2.0105401109696936e-15
330.0435145143548,170.0506171096907,0.02718797825336264,169.98777144959251,4.622762917102022,-1.646682158562355e-15
330.5435145143548,169.5510362843224,0.02730945274100379,169.4878141059573,4.629770477256221,-1.7702563368719996e-15
331.0435145143548,169.0514579244814,0.02743164542990262,168.98785671006337,4.636778076617055,-1.89892069059853e-15
331.5435145143548,168.5518820519729,0.027554562704776027,168.4878992613132,4.643785715529853,-1.8560988686110744e-15
332.0435145143548,168.05230868885985,0.027678211026201955,167.98794175910058,4.650793394343901,-1.9007689733188255e-15
332.5435145143548,167.55273785746678,0.02780259693174882,167.48798420281042,4.657801113412503,-1.946651939959416e-15
333.0435145143548,167.05316958038375,0.027927727037125136,166.98802659181874,4.66480887309304,-1.8039002277092958e-15
333.5435145143548,166.55360388047018,0.028053608037349805,166.48806892549229,4.671816673747026,-2.1394522896764326e-15
334.0435145143548,166.054040780859,0.02818024670794348,165.98811120318857,4.678824515740163,-2.0919511159099856e-15
334.5435145143548,165.55448030496066,0.028307649906141468,165.48815342425556,4.685832399442412,-1.9389635156335236e-15
335.0435145143548,165.0549224764674,0.0284358245721286,164.98819558803163,4.692840325228043,-1.98648419375988e-15
335.5435145143548,164.55536731935737,0.028564777730296566,164.48823769384526,4.699848293475704,-2.0353188704969006e-15
336.0435145143548,164.05581485789907,0.028694516490524163,163.98827974101502,4.706856304568484,-1.865980871318494e-15
336.5435145143548,163.55626511665565,0.028825048049480963,163.48832172884917,4.713864358893972,-1.96837563190246e-15
337.0435145143548,163.05671812048956,0.028956379691954907,162.98836365664576,4.720872456844333,-1.8443104779133545e-15
337.5435145143548,162.55717389456692,0.0290885187922043,162.48840552369208,4.7278805988163635,-1.9492824289763902e-15
338.0435145143548,162.05763246436229,0.02922147281533479,161.98844732926483,4.734888785211567,-1.816317258359847e-15
338.5435145143548,161.5580938556634,0.02935524931870183,161.48848907262973,4.741897016436221,-1.86180585811483e-15
339.0435145143548,161.05855809457594,0.02948985595333916,160.98853075304137,4.748905292901445,-1.717721870869202e-15
339.5435145143548,160.5590252075285,0.029625300465413958,160.4885723697429,4.755913615023278,-1.6305664418731627e-15
340.0435145143548,160.0594952212775,0.02976159069770912,159.988613921966,4.7629219832227445,-1.6049178897153183e-15
340.5435145143548,159.55996816291244,0.029898734591133357,159.4886554089305,4.769930397925931,-1.7827559487328233e-15
341.0435145143548,159.06044405986097,0.030036740186259684,158.98869682984432,4.776938859564063,-1.828112680905841e-15
341.5435145143548,158.5609229398942,0.03017561562489292,158.4887381839031,4.783947368573582,-1.6584516973225627e-15
342.0435145143548,158.06140483113214,0.030315369151666858,157.98877947029007,4.790955925396221,-1.848821167146166e-15
342.5435145143548,157.5618897620491,0.030456009115671725,157.48882068817576,4.797964530479086,-1.8963109586075994e-15
343.0435145143548,157.06237776147944,0.03059754397211266,156.9888618367178,4.8049731842747345,-1.789563022872955e-15
343.5435145143548,156.5628688586231,0.030739982283999857,156.48890291506063,4.811981887241262,-1.8358272009869106e-15
344.0435145143548,156.06336308305148,0.030883332723871088,155.9889439223353,4.818990639842381,-1.6377747638165198e-15
344.5435145143548,155.56386046471346,0.031027604075547346,155.4889848576592,4.825999442547509,-1.8484287434920413e-15
345.0435145143548,155.06436103394125,0.03117280523592234,154.98902572013574,4.833008295831858,-1.8966816114330794e-15
345.5435145143548,154.56486482145675,0.0313189452167866,154.48906650885425,4.840017200176517,-1.6809437172085374e-15
346.0435145143548,154.0653718583776,0.031466033146687035,153.9891072228895,4.847026156068543,-1.906702849854892e-15
346.5435145143548,153.56588217622377,0.031614078272822595,153.48914786130152,4.85403516400106,-1.8637790806971442e-15
347.0435145143548,153.06639580692396,0.03176308996297709,152.98918842313537,4.8610442244733445,-1.913074810387339e-15
347.5435145143548,152.5669127828223,0.03191307770748977,152.4892289074208,4.868053337990922,-1.7674576952258315e-15
348.0435145143548,152.06743313668505,0.03206405112126477,151.98926931317186,4.875062505065667,-2.0161292462075883e-15
348.5435145143548,151.56795690170762,0.03221601994582005,151.4893096393867,4.882071726215897,-1.6559901126336672e-15
349.0435145143548,151.0684841115215,0.03236899405137702,150.98934988504732,4.889081001966474,-2.019196194720346e-15
349.5435145143548,150.5690148002016,0.03252298343899157,150.4893900491191,4.896090332848915,-1.7461039321612176e-15
350.0435145143548,150.06954900227328,0.03267799824272761,149.98943013055055,4.90309971940148,-2.0173724357029802e-15
350.5435145143548,149.5700867527202,0.03283404873187398,149.48947012827298,4.910109162169294,-1.7266600512186863e-15
351.0435145143548,149.0706280869916,0.032991145313205905,148.9895100412002,4.917118661704444,-1.8326860610183257e-15
351.5435145143548,148.57117304101035,0.03314929853329189,148.48954986822798,4.924128218566094,-1.9433732002329436e-15
352.0435145143548,148.07172165118064,0.033308519080847206,147.98958960823396,4.931137833320596,-1.934136349577927e-15
352.5435145143548,147.57227395439622,0.033468817789135054,147.48962926007715,4.938147506541606,-1.7308040325704852e-15
353.0435145143548,147.0728299880486,0.03363020563841654,146.98966882259748,4.9451572388101965,-2.0419467656924926e-15
353.5435145143548,146.57338979003546,0.03379269375845057,146.4897082946156,4.952167030714978,-1.962996043681311e-15
354.0435145143548,146.0739533987693,0.033956293431044955,145.98974767493235,4.959176882852219,-1.947863646687428e-15
354.5435145143548,145.57452085318607,0.03412101609265984,145.4897869623283,4.966186795825969,-1.8590609544858498e-15
355.0435145143548,145.07509219275428,0.03428687333706483,144.98982615556358,4.973196770248181,-1.9844709738791496e-15
355.5435145143548,144.575667457484,0.03445387691805098,144.48986525337722,4.980206806738846,-2.1156360066694227e-15
356.0435145143548,144.07624668793628,0.03462203875219909,143.98990425448693,4.987216905926118,-1.7090274633775927e-15
356.5435145143548,143.57682992523252,0.0347913709217056,143.48994315758836,4.994227068446445,-1.5176275525563624e-15
357.0435145143548,143.07741721106433,0.03496188567726754,142.98998196135497,5.001237294944712,-1.9712884295388126e-15
357.5435145143548,142.57800858770335,0.03513359544102788,142.49002066443737,5.008247586074368,-1.858366310303821e-15
358.0435145143548,142.0786040980114,0.03530651280958292,141.99005926546295,5.015257942497577,-1.824485130194073e-15
358.5435145143548,141.57920378545077,0.03548065055705309,141.49009776303524,5.022268364885356,-1.9660704839027055e-15
359.0435145143548,141.0798076940948,0.03565602163821881,140.99013615573364,5.0292788539177185,-1.7467415612907782e-15
359.5435145143548,140.58041586863865,0.03583263919172302,140.49017444211268,5.036289410283829,-1.7970944028712133e-15
360.0435145143548,140.0810283544103,0.03601051654334201,139.99021262070173,5.043300034682154,-1.8490856404434237e-15
360.5435145143548,139.58164519738176,0.03618966720932624,139.49025069000425,5.05031072782061,-1.902774706217216e-15
361.0435145143548,139.0822664441805,0.036370104899812974,138.99028864849726,5.057321490416726,-1.855159021732242e-15
361.5435145143548,138.58289214210131,0.03655184352231247,138.49032649463103,5.064332323197808,-1.591181094167153e-15
362.0435145143548,138.08352233911816,0.03673489718526959,137.9903642268282,5.0713432269011,-1.6378890922418479e-15
362.5435145143548,137.58415708389637,0.03691928020170274,137.4904018434833,5.078354202273944,-1.6861447896200729e-15
363.0435145143548,137.08479642580528,0.03710500709292214,136.99043934296225,5.085365250073964,-2.083206434852024e-15
363.5435145143548,136.58544041493084,0.03729209259232942,136.4904767236015,5.0923763710692285,-1.7279459740386485e-15
364.0435145143548,136.0860891020888,0.03748055164930057,135.99051398370764,5.099387566038435,-2.024859759237994e-15
364.5435145143548,135.5867425388379,0.03767039943315451,135.49055112155665,5.1063988357710866,-1.8326295707158377e-15
365.0435145143548,135.0874007774936,0.037861651337209354,134.9905881353931,5.113410181067679,-1.822542164816036e-15
365.5435145143548,134.58806387114194,0.03805432298292871,134.49062502342971,5.120421602739888,-1.810396518531371e-15
366.0435145143548,134.0887318736538,0.03824843022416039,133.99066178384646,5.1274331016107615,-1.7960629629743493e-15
366.5435145143548,133.58940483969945,0.0384439891514698,133.49069841478988,5.134444678514913,-1.9217570213362405e-15
367.0435145143548,133.0900828247634,0.038641016096570655,132.99073491437247,5.141456334298728,-1.8336220352869655e-15
367.5435145143548,132.59076588515964,0.03883952763685545,132.49077128067168,5.148468069820563,-1.7385280597158478e-15
368.0435145143548,132.0914540780471,0.03903954060002837,131.99080751172932,5.155479885950952,-2.1035411785313016e-15
368.5435145143548,131.59214746144568,0.039241072068843356,131.49084360555074,5.162491783572824,-1.8471330339647348e-15
369.0435145143548,131.0928460942524,0.03944413938595005,130.99087956010396,5.169503763581716,-1.9870772112661794e-15
369.5435145143548,130.59355003625805,0.03964876015885063,130.49091537331873,5.176515826885994,-1.9634278909999073e-15
370.0435145143548,130.09425934816426,0.03985495226497034,129.99095104308591,5.183527974407081,-1.848591177719111e-15
370.5435145143548,129.5949740916008,0.0400627338568449,129.49098656725636,5.190540207079687,-2.0880221947462467e-15
371.0435145143548,129.0956943291434,0.04027212336742784,128.99102194364008,5.197552525852043,-1.9663638833855137e-15
371.5435145143548,128.59642012433207,0.04048313951552112,128.49105717000535,5.204564931686138,-2.1249886708359883e-15
372.0435145143548,128.0971515416895,0.040695801311332276,127.99109224407759,5.211577425557971,-1.9929926900910038e-15
372.5435145143548,127.59788864674037,0.0409101280621616,127.49112716353864,5.218590008457796,-1.953547245463493e-15
373.0435145143548,127.09863150603069,0.04112613937822292,126.99116192602548,5.225602681390378,-2.1220136336421093e-15
373.5435145143548,126.5993801871478,0.04134385517860159,126.4911965291293,5.232615445375253,-1.9710253123352027e-15
374.0435145143548,126.10013475874085,0.041563295697353585,125.99123097039444,5.2396283014469995,-2.0909663113575093e-15
374.5435145143548,125.60089529054164,0.04178448148974947,125.49126524731722,5.246641250655497,-2.041848346540633e-15
375.0435145143548,125.1016618533861,0.04200743343866742,124.99129935734487,5.253654294066221,-1.9273939521344194e-15
375.5435145143548,124.60243451923618,0.04223217276113932,124.49133329787433,5.260667432760513,-1.803594792746424e-15
376.0435145143548,124.1032133612023,0.0424587210150543,123.99136706625106,5.267680667835876,-1.9268083507314272e-15
376.5435145143548,123.6039984535663,0.042687100106024216,123.49140065976779,5.274694000406266,-2.1227546992169668e-15
377.0435145143548,123.10478987180505,0.0429173322944154,122.99143407566329,5.281707431602397,-1.918656204151963e-15
377.5435145143548,122.60558769261448,0.04314944020255172,122.49146731112103,5.288720962572048,-1.982182559425325e-15
378.0435145143548,122.10639199393432,0.043383446822093615,121.99150036326782,5.295734594480378,-1.828646549467332e-15
378.5435145143548,121.60720285497338,0.04361937552159813,121.4915332291725,5.302748328510245,-1.8141085566169476e-15
379.0435145143548,121.10802035623544,0.043857250054265315,120.9915659058445,5.309762165862537,-1.874926039669839e-15
379.5435145143548,120.60884457954586,0.04409709456587621,120.49159839023234,5.316776107756509,-1.9380460530737124e-15
380.0435145143548,120.10967560807872,0.04433893360292799,119.99163067922214,5.323790155430123,-2.0870477371870457e-15
380.5435145143548,119.61051352638472,0.044582792120972055,119.49166276963616,5.330804310140398,-1.9852709979082685e-15
381.0435145143548,119.11135842041979,0.044828695493160924,118.99169465823107,5.337818573163768,-1.963698444391924e-15
381.5435145143548,118.61221037757431,0.04507666951901012,118.49172634169643,5.344832945796449,-2.0309349840182495e-15
382.0435145143548,118.1130694867032,0.0453267404333813,117.99175781665296,5.351847429354812,-2.1962611763832614e-15
382.5435145143548,117.61393583815664,0.045578934915693245,117.49178907965081,5.358862025175765,-2.2721076119647845e-15
383.0435145143548,117.11480952381166,0.04583328009936738,116.99182012716778,5.365876734617139,-2.14648519130582e-15
383.5435145143548,116.6156906371045,0.04608980358151491,116.49185095560748,5.3728915590580915,-2.327030017536917e-15
384.0435145143548,116.1165792730638,0.04634853343287278,115.99188156129743,5.379906499899515,-2.4084430925698154e-15
384.5435145143548,115.6174755283446,0.04660949820799582,115.49191194048714,5.386921558564447,-2.493073254806859e-15
385.0435145143548,115.11837950126326,0.04687272695571305,114.99194208934607,5.3939367364985005,-2.2290992747204715e-15
385.5435145143548,114.61929129183333,0.04713824922985588,114.49197200396162,5.400952035170298,-2.6118190230422757e-15
386.0435145143548,114.12021100180222,0.04740609510026671,113.99200168033688,5.407967456071913,-2.5161084468525058e-15
386.5435145143548,113.62113873468893,0.04767629516409633,113.4920311143886,5.4149830007193325,-2.2803349891243585e-15
387.0435145143548,113.12207459582272,0.04794888055739913,112.99206030194475,5.4219986706529095,-2.362256099084093e-15
387.5435145143548,112.62301869238289,0.04822388296703523,112.49208923874237,5.4290144674378515,-2.5174302070854097e-15
388.0435145143548,112.1239711334394,0.04850133464288899,111.992117920425,5.436030392664694,-2.3912949991526626e-15
388.5435145143548,111.62493202999481,0.04878126841041391,111.4921463425403,5.443046447949804,-2.3281666651889175e-15
389.0435145143548,111.12590149502721,0.04906371768351392,110.9921745005375,5.450062634935888,-2.646878100045277e-15
389.5435145143548,110.62687964353428,0.04934871647777179,110.49220238976469,5.457078955292506,-2.3405923870502428e-15
390.0435145143548,110.1278665925786,0.04963629942403549,109.99223000546618,5.464095410716606,-2.51068690799756e-15
390.5435145143548,109.62886246133415,0.04992650178237389,109.49225734277964,5.471112002933066,-2.169832502783268e-15
391.0435145143548,109.1298673711341,0.050219359456413565,108.99228439673325,5.478128733695249,-2.430730987728883e-15
391.5435145143548,108.63088144551982,0.050514909008068806,108.49231116224266,5.485145604785573,-2.521718003143587e-15
392.0435145143548,108.13190481029135,0.05081318767267758,107.99233763410798,5.492162618016082,-2.4227340340210566e-15
392.5435145143548,107.63293759355913,0.05111423337455645,107.49236380701053,5.4991797752290505,-2.514274825213248e-15
393.0435145143548,107.13397992579735,0.05141808474298799,106.99238967550961,5.506197078297588,-2.400945461154225e-15
393.5435145143548,106.63503193989848,0.05172478112865495,106.49241523403909,5.513214529126252,-2.6008950535674967e-15
394.0435145143548,106.13609377122965,0.05203436262053552,105.9924404769039,5.520232129651693,-2.7005739082904107e-15
394.5435145143548,105.63716555769037,0.052346870063275076,105.49246539827642,5.5272498818433,-2.5124263976510554e-15
395.0435145143548,105.13824743977196,0.05266234507505002,104.99248999219277,5.534267787703863,-2.548952787522091e-15
395.5435145143548,104.6393395606187,0.052980830065939996,104.49251425254892,5.5412858492702535,-2.6480591389070356e-15
396.0435145143548,104.14044206609063,0.05330236825682553,103.99253817309672,5.548304068614123,-2.751519480012066e-15
396.5435145143548,103.64155510482821,0.05362700369882859,103.4925617474398,5.555322447842607,-2.3829560651638455e-15
397.0435145143548,103.14267882831881,0.05395478129331437,102.99258496902927,5.5623409890990585,-2.547743626259877e-15
397.5435145143548,102.64381339096505,0.05428574681247323,102.49260783115933,5.569359694563788,-2.5016047378203645e-15
398.0435145143548,102.1449589501553,0.054619946920502496,101.99263032696281,5.576378566454828,-2.7542980271096493e-15
398.5435145143548,101.64611566633597,0.05495742919540866,101.4926524494063,5.583397607028705,-2.625874291221398e-15
399.0435145143548,101.14728370308619,0.05529824215145109,100.99267419128543,5.590416818581243,-2.5660018262072743e-15
399.5435145143548,100.6484632271944,0.05564243526224956,100.49269554521975,5.597436203448376,-2.411421405242353e-15
400.0435145143548,100.14965440873746,0.05599005898457832,99.99271650364759,5.604455764006972,-2.509448550608668e-15
400.5435145143548,99.65085742116194,0.05634116478287085,99.49273705882062,5.611475502675703,-2.5186941382032367e-15
401.0435145143548,99.15207244136788,0.05669580515446,98.99275720279829,5.618495421915901,-2.525012283275534e-15
401.5435145143548,98.65329964979503,0.05705403365557932,98.4927769274421,5.625515524232456,-2.5281136018872548e-15
402.0435145143548,98.15453923051179,0.057415904928152545,97.99279622440952,5.63253581217473,-2.5276857638231247e-15
402.5435145143548,97.65579137130668,0.05778147472739918,97.49281508514792,5.639556288337485,-2.523391723444425e-15
403.0435145143548,97.1570562637827,0.05815079995028526,96.99283350088817,5.6465769553618435,-2.6291799841803817e-15
403.5435145143548,96.65833410345456,0.058523938664849576,96.49285146263783,5.653597815936258,-2.620851276053116e-15
404.0435145143548,96.15962508984886,0.058900950140436906,95.9928689611745,5.660618872797515,-2.669794800836493e-15
404.5435145143548,95.66092942660737,0.05928189487887118,95.49288598703856,5.667640128731756,-2.78349904593371e-15
405.0435145143548,95.16224732159351,0.05966683464660261,94.99290253052581,5.674661586575517,-2.9026769692271027e-15
405.5435145143548,94.66357898700221,0.060055832507864566,94.49291858167985,5.681683249216801,-2.9572129098325908e-15
406.0435145143548,94.1649246394731,0.060448952858877296,93.99293413028411,5.6887051195961655,-3.1586480050754618e-15
406.5435145143548,93.66628450020737,0.06084626146313708,93.4929491658537,5.695727200707851,-2.6828582690944215e-15
407.0435145143548,93.16765879508826,0.06124782548783132,92.99296367762676,5.702749495600909,-2.880232626255606e-15
407.5435145143548,92.6690477548054,0.06165371354142144,92.4929776545557,5.709772007380374,-2.8398727345835718e-15
408.0435145143548,92.17045161498318,0.06206399571243761,91.99299108529797,5.716794739208462,-2.7910358689326385e-15
408.5435145143548,91.67187061631316,0.06247874360953091,91.49300395820661,5.723817694305787,-2.6418647502138462e-15
409.0435145143548,91.17330500469082,0.06289803040283068,90.99301626132025,5.730840875952605,-2.6648362061497593e-15
409.5435145143548,90.67475503135675,0.06332193086665698,90.49302798235288,5.737864287490097,-2.585768406540232e-15
410.0435145143548,90.17622095304247,0.06375052142363988,89.99303910868329,5.744887932321666,-2.8066537995963415e-15
410.5435145143548,89.67770303212096,0.0641838801903001,89.49304962734386,5.7519118139142655,-2.825617719278866e-15
411.0435145143548,89.17920153676225,0.06462208702414751,88.9930595250091,5.758935935799765,-2.8412037948210207e-15
411.5435145143548,88.68071674109417,0.06506522357235679,88.49306878798376,5.765960301576337,-2.85301776587539e-15
412.0435145143548,88.18224892536841,0.06551337332208187,87.99307740219035,5.772984914909876,-3.0471927409507174e-15
412.5435145143548,87.6837983761322,0.065966621652474,87.49308535315622,5.78000977953544,-2.7334096549996032e-15
413.0435145143548,87.18536538640583,0.06642505588847084,86.99309262600022,5.787034899258745,-2.7250799575054918e-15
413.5435145143548,86.6869502558661,0.06688876535642724,86.49309920541867,5.794060277957657,-2.7106921002603694e-15
414.0435145143548,86.18855329103607,0.06735784144166145,85.99310507567088,5.801085919583742,-2.68962192744384e-15
414.5435145143548,85.69017480548145,0.06783237764799406,85.49311022056403,5.808111828163843,-2.6611902367158243e-15
415.0435145143548,85.19181512001352,0.06831246965936048,84.99311462343749,5.815138007801666,-2.624657981028951e-15
415.5435145143548,84.69347456289935,0.06879821540358137,84.49311826714643,5.822164462679428,-2.5792210394917183e-15
416.0435145143548,84.19515347007926,0.06928971511837975,83.9931211340448,5.829191197059526,-2.7042905536835047e-15
416.5435145143548,83.69685218539186,0.06978707141973722,83.49312320596766,5.836218215286219,-2.552597162148843e-15
417.0435145143548,83.19857106080714,0.07029038937268654,82.99312446421261,5.843245521787374,-2.7770649781346915e-15
417.5435145143548,82.70031045666784,0.07079977656464209,82.49312488952069,5.850273121076217,-2.8101260474977664e-15
418.0435145143548,82.20207074193935,0.07131534318137485,81.99312446205614,5.857301017753129,-2.4035035410396523e-15
418.5435145143548,81.70385229446877,0.07183720208574354,81.49312316138575,5.864329216507473,-2.7530932086990115e-15
419.0435145143548,81.20565550125318,0.07236546889929894,80.99312096645689,5.871357722119441,-2.6506294813705262e-15
419.5435145143548,80.70748075871772,0.07290026208688426,80.49311785557485,5.878386539461948,-2.5316499846094224e-15
420.0435145143548,80.20932847300398,0.07344170304436022,79.99311380637921,5.8854156735025365,-2.5941068055413594e-15
420.5435145143548,79.71119906026881,0.07398991618959022,79.49310879581905,5.892445129305329,-2.6571758709967166e-15
421.0435145143548,79.21309294699437,0.07454502905682718,78.99310280012719,5.899474912032996,-2.867809565169434e-15
421.5435145143548,78.7150105703096,0.07510717239465114,78.49309579479319,5.906505026948753,-2.6299703257757283e-15
422.0435145143548,78.21695237832397,0.07567648026761409,77.9930877545354,5.9135354794183845,-2.8488209696605116e-15
422.5435145143548,77.71891883047354,0.07625309016175609,77.4930786532714,5.920566274912301,-2.6559793554999405e-15
423.0435145143548,77.22091039788044,0.07683714309416566,76.99306846408743,5.927597419007598,-3.0672579414543345e-15
423.5435145143548,76.72292756372593,0.07742878372676572,76.49305715920637,5.934628917390156,-2.9456813965119232e-15
424.0435145143548,76.22497082363783,0.07802816048451601,75.9930447099541,5.9416607758567475,-2.7032530892140272e-15
424.5435145143548,75.72704068609302,0.07863542567823269,75.49303108672459,5.948693000317164,-2.638213144291589e-15
425.0435145143548,75.22913767283558,0.07925073563223638,74.99301625894316,5.955725596796356,-2.781677623252769e-15
425.5435145143548,74.73126231931128,0.07987425081705081,74.49300019502822,5.962758571436581,-2.757931805264016e-15
426.0435145143548,74.23341517511936,0.08050613598738621,73.9929828623511,5.969791930499559,-2.600385815983054e-15
426.5435145143548,73.73559680448204,0.08114656032565375,73.49296422719408,5.976825680368629,-2.548660227752611e-15
427.0435145143548,73.23780778673301,0.08179569759127087,72.99294425470639,5.983859827550906,-2.4150843530634622e-15
427.5435145143548,72.7400487168255,0.08245372627603084,72.49292290885818,5.990894378679425,-2.4052229523771226e-15
428.0435145143548,72.24232020586088,0.0831208297658253,71.99290015239225,5.9979293405152765,-2.5415277915383096e-15
428.5435145143548,71.74462288163893,0.08379719650902363,71.49287594677352,6.004964719949725,-2.5237523549980783e-15
429.0435145143548,71.24695738923062,0.08448302019183038,70.9928502521359,6.012000524006287,-2.4966290309494918e-15
429.5435145143548,70.74932439157456,0.08517849992095906,70.49282302722673,6.019036759842795,-2.5500822231487314e-15
430.0435145143548,70.25172457009842,0.08588384041398006,69.99279422934856,6.0260734347534,-2.6023850890528602e-15
430.5435145143548,69.75415862536614,0.08659925219771991,69.49276381429772,6.033110556170528,-2.551134546664437e-15
431.0435145143548,69.25662727775274,0.08732495181511102,68.99273173630023,6.040148131666783,-2.485896895948703e-15
431.5435145143548,68.75913126814751,0.08806116204091306,68.4926979479442,6.047186168956751,-2.6913112412798764e-15
432.0435145143548,68.26167135868754,0.08880811210675184,67.99266240010904,6.054224675898738,-2.48869762590078e-15
432.5435145143548,67.76424833352269,0.0895660379359467,67.49262504189089,6.0612636604964,-2.253007115303977e-15
433.0435145143548,67.26686299961383,0.09033518238862517,66.99258582052437,6.068303130900238,-2.32202225442985e-15
433.5435145143548,66.76951618756596,0.0911157955176526,66.49254468130016,6.075343095408983,-2.609590287532308e-15
434.0435145143548,66.27220875249792,0.0919081348359354,65.99250156747846,6.082383562470796,-2.6171180788303746e-15
434.5435145143548,65.7749415749508,0.09271246559569003,65.49245642019775,6.0894245406843215,-2.453213140436242e-15
435.0435145143548,65.27771556183681,0.09352906108030463,64.99240917837895,6.096466038799505,-2.2597217397354342e-15
435.5435145143548,64.78053164743088,0.09435820290945862,64.49235977862422,6.1035080657182155,-2.4028324364695496e-15
436.0435145143548,64.28339079440715,0.09520018135820506,63.992308155110585,6.110550630494591,-2.4578911299457496e-15
436.5435145143548,63.786293994922865,0.09605529569076428,63.49225423947771,6.117593742335101,-2.6160269848088856e-15
437.0435145143548,63.28924227175204,0.09692385450982288,62.99219796070958,6.1246374105982895,-2.5628305039836945e-15
437.5435145143548,62.79223667947172,0.09780617612218151,62.49213924500976,6.131681644794148,-2.433600351565507e-15
438.0435145143548,62.295278305703626,0.09870258892164738,61.992078015669634,6.138726454583095,-2.467460441108946e-15
438.5435145143548,61.7983682724142,0.09961343179012393,61.49201419292955,6.145771849774495,-2.2940608896654053e-15
439.0435145143548,61.30150773727633,0.10053905451791016,60.991947693831946,6.152817840324674,-2.5197544892711445e-15
439.5435145143548,60.80469789509612,0.10147981824428705,60.491878432066315,6.159864436334382,-2.5362705332255173e-15
440.0435145143548,60.307939979308394,0.10243609591953741,59.99180631780529,6.166911648045625,-2.7090559425636597e-15
440.5435145143548,59.81123526354477,0.10340827278962027,59.49173125753138,6.173959485837808,-2.6319786897115085e-15
441.0435145143548,59.31458506327851,0.1043967469048002,58.991653153853555,6.1810079602231065,-2.251479244752132e-15
441.5435145143548,58.81799073755037,0.10540192965361798,58.49157190531332,6.188057081840982,-2.509196890339849e-15
442.0435145143548,58.32145369078042,0.10642424632368072,57.99148740617918,6.195106861451762,-2.4711951657790038e-15
442.5435145143548,57.82497537467054,0.10746413669084864,57.491399546229054,6.202157309929152,-2.6469277839684577e-15
443.0435145143548,57.328557290203065,0.108522055638502,56.99130821051961,6.209208438251599,-2.5284708644399676e-15
443.5435145143548,56.83220098974137,0.10959847380868598,56.491213279141746,6.216260257492361,-2.5130819119043006e-15
444.0435145143548,56.335908079238195,0.1106938782870548,55.99111462696111,6.223312778808149,-2.34179831054789e-15
444.5435145143548,55.83968022055851,0.11180877332366887,55.4910121233428,6.230366013426188,-2.43818202847081e-15
445.0435145143548,55.34351913392366,0.1129436810918419,54.99090563185894,6.2374199726295325,-2.455787387612488e-15
445.5435145143548,54.84742660048427,0.11409914248738956,54.49079500997813,6.244474667740445,-2.376097108043025e-15
446.0435145143548,54.35140446502992,0.11527571797079739,53.990680108735134,6.2515301101016245,-2.3667577189708783e-15
446.5435145143548,53.85545463884403,0.11647398845500584,53.49056077237984,6.258586311055079,-2.2420089751217683e-15
447.0435145143548,53.359579102713056,0.11769455624170486,52.990436838003546,6.26564328191835,-2.1955240998198375e-15
447.5435145143548,52.86377991009987,0.1189380460092403,52.49030813514113,6.272701033957851,-2.425792271102553e-15
448.0435145143548,52.36805919049173,0.12020510585546221,51.99017448534726,6.2797595783589815,-2.2975619427273937e-15
448.5435145143548,51.872419152934114,0.1214964083990911,51.49003570174477,6.2868189261926695,-1.9289758187877574e-15
449.0435145143548,51.37686208976254,0.12281265194344519,50.989891588542896,6.293879088377986,-2.083749999484334e-15
449.5435145143548,50.88139038054528,0.12415456170666105,50.48974194052327,6.300940075640372,-1.9308048234533523e-15
450.0435145143548,50.386006496251035,0.12552289112285323,49.98958654249116,6.30800189846503,-2.088837869410796e-15
450.5435145143548,49.89071300365657,0.1269184232190002,49.489425168689124,6.315064567044952,-1.884616125576899e-15
451.0435145143548,49.39551257001042,0.12834197207271306,48.98925758217026,6.322128091222984,-1.9399271228385543e-15
451.5435145143548,48.900407967970175,0.1297943843564461,48.4890835341278,6.329192480427297,-1.9929175536161815e-15
452.0435145143548,48.40540208083216,0.13127654097414698,47.9889027631775,6.336257743599534,-2.162854271171009e-15
452.5435145143548,47.910497908073694,0.13278935879681916,47.488714994589174,6.343323889114817,-2.088202350132133e-15
453.0435145143548,47.415698571229875,0.13433379250399052,46.98851993946299,6.3503909246927375,-2.1991217252709495e-15
453.5435145143548,46.921007320128524,0.13591083653864694,46.48831729384614,6.357458857298287,-2.1611511086596853e-15
454.0435145143548,46.42642753950888,0.13752152718380836,45.98810673778495,6.364527693031659,-1.8491473206348454e-15
454.5435145143548,45.93196275605162,0.13916694476959973,45.487887934306826,6.371597437005626,-1.9238886628432192e-15
455.0435145143548,45.43761664585024,0.1408482160204065,44.98766052832624,6.378668093209101,-1.898996869982188e-15
455.5435145143548,44.94339304235617,0.14256651655251196,44.48742414546821,6.3857396643553335,-1.7462531574306624e-15
456.0435145143548,44.449295944832784,0.1443230735334962,43.987178390802015,6.392812151712939,-1.8490586558297053e-15
456.5435145143548,43.95532952735653,0.1461191685156457,43.48692284747744,6.399885554917837,-1.5662320139525342e-15
457.0435145143548,43.461498148406605,0.14795614045668282,42.98665707525486,6.406959871763845,-1.215018552721366e-15
457.5435145143548,42.967806361088144,0.14983538894229026,42.48638060891964,6.414035097969456,-1.4103872426122247e-15
458.0435145143548,42.47425892403802,0.15175837762618516,41.98609295657041,6.4211112269179855,-1.289856882262107e-15
458.5435145143548,41.98086081306654,0.15372663790490487,41.48579359776975,6.428188249367967,-1.322590261111022e-15
459.0435145143548,41.487617233593156,0.15574177284601498,40.98548198154455,6.435266153130186,-1.142904739997595e-15
459.5435145143548,40.99453363393953,0.15780546139015592,40.485157524221954,6.442344922707417,-1.029588635501334e-15
460.0435145143548,40.5016157195492,0.1599194628492254,39.984819607085505,6.449424538892256,-6.935579490390106e-16
460.5435145143548,40.00886946820926,0.16208562172506963,39.48446757383417,6.4565049783179935,-9.741445343447621e-16
461.0435145143548,39.51630114635683,0.16430587287534845,38.984100727825414,6.463586212956701,-6.150479934199145e-16
461.5435145143548,39.02391732656057,0.16658224705577537,38.483718329081064,6.470668209557979,-4.2524905193671193e-16
462.0435145143548,38.53172490627637,0.16891687687073875,37.98331959103269,6.477750929020884,-9.420437978759661e-17
462.5435145143548,38.03973112798572,0.17131200316741957,37.48290367698039,6.484834325690625,1.0447814208934376e-16
463.0435145143548,37.54794360083605,0.17376998191196832,36.982469696236194,6.491918346570354,4.0608606624185735e-16
463.5435145143548,37.05637032391383,0.17629329159013182,36.48201669991958,6.499002930437117,9.676544761943899e-16
464.0435145143548,36.56501971129451,0.17888454117897362,35.9815436763695,6.506088006849451,1.0056923453703295e-15
464.5435145143548,36.07390061902776,0.18154647874106494,35.48104954613236,6.513173495032363,1.5219942560840337e-15
465.0435145143548,35.58302237423272,0.18428200069779274,34.98053315648148,6.520259302623367,1.7891292155242684e-15
465.5435145143548,35.092394806495925,0.1870941618443084,34.479993275417435,6.527345324260892,2.1010173494606263e-15
466.0435145143548,34.60202828178473,0.189986186175199,33.97942858509326,6.534431439993644,2.801639605772874e-15
466.5435145143548,34.11193373911149,0.19296147859729157,33.478837674601024,6.541517513486289,3.3945234837238577e-15
467.0435145143548,33.62212273020892,0.19602363761419953,32.97821903204903,6.548603389993194,3.955624204602919e-15
467.5435145143548,33.13260746250519,0.19917646907640102,32.47757103584955,6.555688894067597,4.611211652924922e-15
468.0435145143548,32.64340084571884,0.20242400110093328,31.976891945127083,6.562773826968597,5.5574640007925996e-15
468.5435145143548,32.15451654242908,0.20577050027634147,31.476179889145655,6.569857963722505,6.681671912848689e-15
469.0435145143548,31.665969023016803,0.20922048928150558,30.975432855640133,6.576941049788232,7.674532080207333e-15
469.5435145143548,31.177773625416485,0.21277876606157792,30.474648677921888,6.584022797268352,8.894169148250344e-15
470.0435145143548,30.68994662016963,0.21645042472071935,29.973825020611454,6.591102880598056,1.0322275583013932e-14
470.5435145143548,30.20250528132741,0.22024087830987996,29.472959363831166,6.598180931633127,1.1997615723257108e-14
471.0435145143548,29.715467963814515,0.2241558837088208,28.972048985667957,6.605256534044912,1.3775481982513527e-14
471.5435145143548,29.228854187938975,0.22820156882525644,28.471090942690125,6.612329216914881,1.5958149125416588e-14
472.0435145143548,28.742684731815352,0.23238446236079674,27.970082048271696,6.619398447402969,1.8209796905273277e-14
472.5435145143548,28.25698173256209,0.23671152642372909,27.469018848443113,6.626463622342216,2.0968279377724233e-14
473.0435145143548,27.77176879724012,0.24119019230311783,26.96789759494641,6.633524058586323,2.3951386258295367e-14
473.5435145143548,27.2870711246207,0.24582839975779713,26.466714215126466,6.640578981905979,2.7516859434641886e-14
474.0435145143548,26.80291563900794,0.2506346402182756,25.96546427823544,6.647627514192978,3.157904838457034e-14
474.5435145143548,26.319331137498466,0.2556180043501357,25.464142957664688,6.654668658687077,3.607455240540757e-14
475.0435145143548,25.836348452239704,0.2607882344850989,24.962744988544863,6.661701282887673,4.160393740834425e-14
475.5435145143548,25.354000629453036,0.2661557824915725,24.461264620069688,6.668724098748725,4.801972289763157e-14
476.0435145143548,24.872323127222494,0.2717318737313842,23.95969556179903,6.675735639678581,5.5471927297993977e-14
476.5435145143548,24.39135403431819,0.2775285778349121,23.458030923080493,6.682734233773593,6.372432535037194e-14
477.0435145143548,23.911134312631894,0.28355888712448996,22.95626314459237,6.6897179726018585,7.387613243173229e-14
477.5435145143548,23.431708066156094,0.2898368036275968,22.454383920851164,6.696684674716681,8.564557923364653e-14
478.0435145143548,22.953122839844962,0.296377435748956,21.952384112339587,6.703631842912687,9.947922664962857e-14
478.5435145143548,22.475429952164113,0.3031971058165716,21.45025364569103,6.710556614033911,1.1543025878314257e-13
479.0435145143548,21.998684865675703,0.31031346988350433,20.947981400108144,6.717455699893555,1.3418967227047694e-13
479.5435145143548,21.522947600627603,0.317745651357724,20.44555507788922,6.724325317558615,1.561314513229726e-13
480.0435145143548,21.048283197232987,0.325514390249856,19.942961056578763,6.731161106874754,1.821931246373212e-13
480.5435145143548,20.57476223315478,0.33364221007651385,19.440184219837867,6.737958032640087,2.1318918983575374e-13
481.0435145143548,20.102461403665018,0.342153604738856,18.937207763635406,6.744710268258282,2.496679769544126e-13
481.5435145143548,19.631464173051842,0.3510752480157832,18.434012973779407,6.75141105698288,2.930269812947588e-13
482.0435145143548,19.161861507118434,0.3604362286724714,17.93057897012532,6.758052545969642,3.4445730460175093e-13
482.5435145143548,18.693752698083188,0.3702683145909658,17.42688241199817,6.764625587235501,4.0608873228093146e-13
483.0435145143548,18.227246294875485,0.38060624978268387,16.922897158431525,6.77111949822201,4.798455719568111e-13
483.5435145143548,17.762461153755293,0.3914880886435418,16.418593875740402,6.777521772902365,5.685642663734474e-13
484.0435145143548,17.29952762639698,0.4029555723588917,15.913939583690283,6.783817732157012,6.750072414972557e-13
484.5435145143548,16.838588905097307,0.4150545529508753,15.408897130086855,6.78999009934972,8.034371946809824e-13
485.0435145143548,16.379802547619892,0.4278354710715706,14.903424581983556,6.7960184835051285,9.587828382138305e-13
485.5435145143548,15.923342207391958,0.4413538942572929,14.397474519893072,6.801878748018076,1.1471376784211758e-12
486.0435145143548,15.46939959832732,0.4556711229328368,13.890993219423034,6.807542237156719,1.3761840774380123e-12
486.5435145143548,15.01818672744284,0.47085487192657066,13.383919702702912,6.812974825429865,1.656201054817861e-12
487.0435145143548,14.569938432604802,0.48698003553209085,12.876184639955905,6.818135745763508,1.9989129904477455e-12
487.5435145143548,14.12491526706883,0.5041295440858196,12.367709079821799,6.822976140861669,2.420189062528213e-12
488.0435145143548,13.683406776753085,0.5223953194108559,11.858402985926684,6.827437267486048,2.9409825574231424e-12
488.5435145143548,13.245735220067195,0.5418793349986583,11.348163557323574,6.831448264926093,3.587046266154456e-12
489.0435145143548,12.81225978307287,0.5626947840226504,10.836873312732951,6.834923375775532,4.393567198052011e-12
489.5435145143548,12.383381343964786,0.5849673535818116,10.324397924436036,6.837758478328697,5.4070467478508864e-12
490.0435145143548,11.959547839136066,0.6088365960955736,9.810583799387025,6.839826754515717,6.690366005588243e-12
490.5435145143548,11.54126027671036,0.634457377334722,9.295255425826658,6.840973274572309,8.331234507853292e-12
491.0435145143548,11.129079429963493,0.6620013635969875,8.778212538058483,6.841008229428568,1.0451889107213383e-11
491.5435145143548,10.72363321920953,0.6916584859617799,8.259227206697828,6.839698485187525,1.3227914050372475e-11
492.0435145143548,10.325624752086517,0.7236382848018019,7.738041045714828,6.836757074500624,1.69138663697092e-11
492.5435145143548,9.93584093311521,0.75817098972328,7.214362852988807,6.831830184773547,2.1884386795768353e-11
493.0435145143548,9.555161467085759,0.7955081255343104,6.6878671828474685,6.824481167581337,2.8690943244307925e-11
493.5435145143548,9.184567959591094,0.8359223507230334,6.158194604080395,6.814171103121965,3.814565846966728e-11
494.0435145143548,8.825152654401748,0.8797061298174014,5.624954740797939,6.800235550145966,5.142551505161738e-11
494.5435145143548,8.478126136154854,0.9271687171231466,5.087733633312504,6.781857360414829,7.018986016982305e-11
495.0435145143548,8.144823068654818,0.9786307960534065,4.546107476575127,6.758035929996185,9.666300329508004e-11
495.5435145143548,7.826704745946671,1.0344159970495077,3.9996653333888936,6.72755411729339,1.3356801208068118e-10
496.0435145143548,7.52535693582455,1.0948384477170032,3.448043837225442,6.688945410760526,1.8370239614010846e-10
496.5435145143548,7.242481250488443,1.1601855550215452,2.8909769322914567,6.640465875270749,2.487871312215491e-10
497.0435145143548,6.979878174628486,1.2306954701975186,2.3283629320641364,6.580077916654543,3.2712673297976337e-10
497.5435145143548,6.739420032034524,1.3065292463875664,1.760349065650384,6.505455674681986,4.0975707964590777e-10
498.0435145143548,6.5230126983152,1.3877386548176478,1.1874296829317155,6.414024119885584,4.754730064411086e-10
498.51993982743375,6.340916581892587,1.4700383633707972,0.6378173566920631,6.308756780699563,4.815370237568756e-10
498.9738184391404,6.190785100633758,1.5527003597875375,0.11202212882766047,6.189771498600078,4.298930196953529e-10
499.40837657185494,6.069579921203666,1.6354242255393867,-0.3919911876762243,6.056908727120039,3.3008610364443395e-10
499.8256999026368,5.974869118014012,1.7177728996840793,-0.8750074935591291,5.910450309715234,1.965485212551318e-10
500.2264390065872,5.904626774503666,1.7990846024796143,-1.3362792851659382,5.7514324318574745,4.860756915242733e-11
500.60953427032166,5.856938835573946,1.8783990626879117,-1.7733332911489557,5.582026653658786,-9.169809720936696e-11
500.9718393905458,5.829653595083177,1.954382824210031,-2.1817404544277874,5.406003110263574,-2.046131618898877e-10
501.26897121682134,5.820331659629814,2.0170851711314897,-2.5121764813445613,5.250259989245143,-2.402488230339999e-10
501.5659249136847,5.8228160134756894,2.07982449215484,-2.8376262498889457,5.0845907989463734,-2.753705010934291e-10
501.83401854292896,5.835184059140807,2.1363166627618777,-3.126813798863793,4.926703611065512,-2.9346608445969297e-10
502.1421396494136,5.861206487928292,2.2008180611843575,-3.4532020111824195,4.735941022024915,-3.3115023163358077e-10
502.47892911657425,5.903955504490224,2.2704933855568994,-3.8020644264410266,4.516746251029836,-3.8553465441401343e-10
502.83789802466083,5.965711379101931,2.3434430097629444,-4.164262696174107,4.271841342559322,-4.483130025083947e-10
503.21515040870156,6.0482141723653235,2.4182590121159655,-4.533761929643924,4.003235871156252,-5.102680107620524e-10
503.60860253839076,6.152905256746404,2.4938861684543325,-4.906755555780887,3.7124106742534484,-5.652427503357484e-10
504.0176486657911,6.2811752054782986,2.569560676892425,-5.2812291855936815,3.4002617915608857,-6.118069585266176e-10
504.4429358551774,6.434589200888948,2.644756129787197,-5.6566140314982425,3.067027206083094,-6.527345475940123e-10
504.88618530478965,6.615074787831102,2.719127740862477,-6.033484513969959,2.7122461297388525,-6.935217498066776e-10
505.3500745951501,6.825080992955316,2.792461577337441,-6.413325974003706,2.334733499046379,-7.409606771980666e-10
505.8381999433981,7.0677315049499585,2.864634106106831,-6.798390961457562,1.9325395109115702,-8.021509384429987e-10
506.3381999433981,7.337510390679699,2.9333468963588736,-7.178984204578347,1.516985340650052,-8.669755841331869e-10
506.8381999433981,7.626933374248188,2.9969715464288402,-7.547312628630461,1.0991745907434407,-9.220847239621261e-10
507.3381999433981,7.93423144425053,3.0557660175295394,-7.905026764890365,0.6801326762484151,-9.664286163251223e-10
507.8381999433981,8.257741349687407,3.1100291665094164,-8.25362828841999,0.26059983678144033,-1.000374361491155e-09
508.3381999433981,8.595919496380485,3.1600800730177303,-8.594450561434744,-0.158907316723084,-1.0252440313078381e-09
508.8381999433981,8.94734814191272,3.2062425404591592,-8.928656450237225,-0.5780421837774389,-1.0427652034536309e-09
509.3381999433981,9.310735745497459,3.248834105721146,-9.25724691381233,-0.9965840151217665,-1.0546651836118515e-09
509.8381999433981,9.684913164622039,3.288158723538098,-9.581075470282322,-1.4144029973892396,-1.062453918948978e-09
510.3381999433981,10.068827118980032,3.3245022936917854,-9.900865160334424,-1.8314334901338105,-1.0673448141709543e-09
510.8381999433981,10.461532041266302,3.3581302923247605,-10.217225851507985,-2.247654010233432,-1.0702573470721417e-09
511.3381999433981,10.862181150943554,3.3892868974317265,-10.530670627748501,-2.663072564874722,-1.071859549976437e-09
511.8381999433981,11.270017344409,3.4181951303323697,-10.841630623896213,-3.0777160944888164,-1.072620679672968e-09
512.3381999433981,11.684364300445221,3.445057652960813,-11.150468058582511,-3.4916230008478726,-1.072861066218084e-09
512.8381999433981,12.104618051543591,3.470057958709623,-11.457487454295055,-3.904837949060931,-1.0727934417666427e-09
513.3381999433981,12.530239163336622,3.493361771691932,-11.762945161963598,-4.317408320630798,-1.072557455750989e-09
513.8381999433981,12.960745588260833,3.5151185277929278,-12.067057367944546,-4.729381849920546,-1.072240167368483e-09
514.3381999433981,13.395706208242288,3.5354628539649053,-12.370006780691241,-5.140805098736353,-1.0718955274872926e-09
514.8381999433981,13.83473504821239,3.554515993153146,-12.671948190554945,-5.551722517392916,-1.0715548651939442e-09
515.3381999433981,14.277486122421724,3.572387143938063,-12.973013080401774,-5.9621759108289805,-1.0712357086333976e-09
515.8381999433981,14.723648864817122,3.5891746988446593,-13.273313443932487,-6.372204180152393,-1.0709459785214452e-09
516.3381999433981,15.172944090199374,3.604967375189842,-13.572944946720927,-6.781843247790307,-1.0706887939065769e-09
516.8381999433981,15.625120432328394,3.6198452387438755,-13.871989544172092,-7.191126101741399,-1.070463682020249e-09
517.3381999433981,16.07995120706651,3.633880624435335,-14.170517651854171,-7.600082914029893,-1.07026864693479e-09
517.8381999433981,16.53723165199902,3.6471389606004236,-14.468589947340046,-8.008741202436795,-1.0701012686058912e-09
518.3381999433981,16.99677649803822,3.659679504418826,-14.76625886880238,-8.417126014488522,-1.069958163472643e-09
518.8381999433981,17.458417832841683,3.6715559965782414,-15.06356986395961,-8.82526011966176,-1.0698360367400877e-09
519.3381999433981,17.922003220166506,3.6828172431388735,-15.360562433306686,-9.23316420064898,-1.0697325618329599e-09
519.8381999433981,18.38739404336557,3.6935076322130898,-15.657271003604079,-9.640857037924306,-1.0696445149195226e-09
520.3381999433981,18.854464045014197,3.7036675925596314,-15.953725661073408,-10.048355684187387,-1.0695698879079155e-09
520.8381999433981,19.323098038092592,3.7133340005993367,-16.249952768415756,-10.455675626854289,-1.0695065441598171e-09
521.3381999433981,19.793190767231042,3.7225405417442174,-16.545975485419692,-10.862830937830653,-1.0694529871619062e-09
521.8381999433981,20.26464590126022,3.731318031327558,-16.841814209382246,-11.269834410501023,-1.0694075574849026e-09
522.3381999433981,20.737375140719738,3.739694699849559,-17.13748694867863,-11.676697684311716,-1.0693690796105862e-09
522.8381999433981,21.211297426091292,3.7476964467217737,-17.4330096404629,-12.083431357591879,-1.0693361209361675e-09
523.3381999433981,21.686338234367746,3.7553470662090445,-17.728396421561825,-12.490045089404372,-1.0693081349899586e-09
523.8381999433981,22.162428953175816,3.762668448830899,-18.02365986005577,-12.89654769128468,-1.0692842963031586e-09
524.3381999433981,22.639506323065575,3.7696807610940364,-18.31881115375729,-13.302947209739036,-1.0692640464710622e-09
524.8381999433981,23.117511939790983,3.7764026060809117,-18.61386030074684,-13.709251000352255,-1.0692464483074356e-09
525.3381999433981,23.596391809455312,3.782851167113075,-18.908816246261395,-14.115465794314083,-1.0692312772946394e-09
525.8381999433981,24.076095950305174,3.7890423364381167,-19.203687009521694,-14.521597758119768,-1.0692187393240277e-09
526.3381999433981,24.556578035745044,3.7949908306520337,-19.49847979349817,-14.92765254714148,-1.0692076144600991e-09
526.8381999433981,25.037795073827525,3.800710294361,-19.793201080131546,-15.333635353707264,-1.0691979948797733e-09
527.3381999433981,25.51970711906692,3.806213393404499,-20.0878567131234,-15.73955095026468,-1.0691902863353454e-09
527.8381999433981,26.002277012937768,3.811511898802473,-20.382451970079444,-16.14540372814989,-1.0691833601957917e-09
528.3381999433981,26.48547014986636,3.8166167624498284,-20.676991625511207,-16.55119773243016,-1.0691772242681563e-09
528.8381999433981,26.969254265911026,3.821538185459726,-20.97148000597124,-16.956936693238802,-1.0691716607099068e-09
529.3381999433981,27.453599247664663,3.826285679950507,-21.26592103840393,-17.362624053977058,-1.0691671472945849e-09
529.8381999433981,27.9384769592067,3.83086812497777,-21.56031829263233,-17.768262996717134,-1.0691632082480359e-09
530.3381999433981,28.423861085188033,3.8352938172314532,-21.8546750187658,-18.173856465103956,-1.0691598240270931e-09
530.8381999433981,28.90972698835622,3.839570517046191,-22.14899418019891,-18.579407185020912,-1.0691566883122585e-09
531.3381999433981,29.396051580023613,3.8437054902104695,-22.443278482775863,-18.984917683255272,-1.0691542186735521e-09
531.8381999433981,29.882813202152377,3.8477055460050478,-22.737530400612936,-19.390390304373323,-1.0691520285218948e-09
532.3381999433981,30.369991519880145,3.8515770718527302,-23.031752199002845,-19.795827225991836,-1.0691501196354862e-09
532.8381999433981,30.85756742344174,3.8553260649190686,-23.325945954766024,-20.201230472611993,-1.0691484037433644e-09
533.3381999433981,31.345522938557885,3.8589581609661385,-23.620113574364048,-20.606601928163744,-1.0691470469918498e-09
533.8381999433981,31.83384114446354,3.8624786607285655,-23.914256810047895,-21.011943347392158,-1.0691456892063196e-09
534.3381999433981,32.32250609883813,3.8658925540518863,-24.208377274277595,-21.417256366203127,-1.069144298183329e-09
534.8381999433981,32.81150276897885,3.8692045420076604,-24.502476452618378,-21.822542511073003,-1.0691431940342784e-09
535.3381999433981,33.300816968628034,3.8724190571770323,-24.796555715292158,-22.227803207615377,-1.0691420945810568e-09
535.8381999433981,33.79043529992744,3.8755402822743616,-25.09061632753987,-22.633039788388388,-1.0691413290096252e-09
536.3381999433981,34.280345100026665,3.8785721672647275,-25.384659458930813,-23.038253500016808,-1.0691408241859186e-09
536.8381999433981,34.77053439192166,3.8815184451133242,-25.678686191737768,-23.443445509695515,-1.069140182308424e-09
537.3381999433981,35.26099183914213,3.884382646290734,-25.972697528482282,-23.848616911133824,-1.069139757626799e-09
537.8381999433981,35.751706703945,3.887168112145594,-26.26669439874138,-24.253768729993983,-1.0691392297304551e-09
538.3381999433981,36.242668808705005,3.88987800724507,-26.560677665296318,-24.65890192887161,-1.0691386401174574e-09
538.8381999433981,36.73386850022399,3.892515330773645,-26.854648129694066,-25.064017411860917,-1.0691381983600976e-09
539.3381999433981,37.22529661670739,3.8950829270719223,-27.148606537284,-25.469116028743265,-1.0691378567025951e-09
539.8381999433981,37.71694445718066,3.897583495389231,-27.442553581784892,-25.874198578833624,-1.069137568133302e-09
540.3381999433981,38.20880375314001,3.9000195989167827,-27.73648990943115,-26.27926581451602,-1.0691374218063213e-09
540.8381999433981,38.700866642251164,3.902393673161814,-28.030416122741283,-26.684318444496096,-1.069137014599547e-09
541.3381999433981,39.19312564392721,3.904708033717478,-28.32433278394718,-27.089357136795986,-1.0691371376737644e-09
541.8381999433981,39.68557363663222,3.9069648834781874,-28.61824041811808,-27.4943825215143,-1.0691370192310296e-09
542.3381999433981,40.1782038367713,3.9091663193455286,-28.912139516009614,-27.899395193371838,-1.069136483430449e-09
542.8381999433981,40.671009779040304,3.911314338465785,-29.20603053666494,-28.30439571406157,-1.0691364530571408e-09
543.3381999433981,41.163985298119805,3.9134108440364046,-29.499913909791953,-28.709384614419843,-1.069136171372983e-09
543.8381999433981,41.657124511608174,3.9154576507154175,-29.793790037938184,-29.11436239643386,-1.0691360902664318e-09
544.3381999433981,42.15042180409773,3.917456489664822,-30.087659298482496,-29.519329535099494,-1.0691357878283311e-09
544.8381999433981,42.64387181230637,3.9194090132562307,-30.381522045460926,-29.92428648014167,-1.0691358685697926e-09
545.3381999433981,43.13746941118458,3.9213167994646327,-30.675378611242024,-30.32923365760897,-1.0691356285144385e-09
545.8381999433981,43.63120970092452,3.923181355973908,-30.96922930806555,-30.7341714713526,-1.0691357475652462e-09
546.3381999433981,44.12508799480408,3.9250041240157225,-31.263074429457017,-31.1391003043992,-1.069135489552547e-09
546.8381999433981,44.61909980780443,3.9267864819616154,-31.5569142515292,-31.544020520226127,-1.0691352792140402e-09
547.3381999433981,45.1132408459446,3.928529748686442,-31.850749034180815,-31.94893246394681,-1.0691353601389553e-09
547.8381999433981,45.607506996281344,3.9302351867198317,-32.14457902220135,-32.353836463413494,-1.0691355721175261e-09
548.3381999433981,46.101894317526636,3.931904005200966,-32.4384044462903,-32.75873283024373,-1.0691352641186829e-09
548.8381999433981,46.5963990312391,3.933537362650736,-32.732225523998224,-33.163621860776594,-1.0691353346989552e-09
549.3381999433981,47.09101751354904,3.9351363695742134,-33.026042460596344,-33.56850383696405,-1.0691352420989385e-09
549.8381999433981,47.58574628737996,3.936702090905343,-33.319855449880734,-33.9733790272023,-1.0691352326770825e-09
550.3381999433981,48.08058201513242,3.9382355483048213,-33.61366467491656,-34.37824768710792,-1.0691353086264042e-09
550.8381999433981,48.57552149179863,3.939737722321274,-33.9074703087275,-34.78311006024266,-1.0691351831649867e-09
551.3381999433981,49.07056163847867,3.941209554425061,-34.20127251493465,-35.187966378790776,-1.0691352211433732e-09
551.8381999433981,49.56569949627142,3.9426519489233245,-34.49507144834936,-35.59281686419261,-1.0691351556275715e-09
552.3381999433981,50.06093222051531,3.944065774764232,-34.78886725552335,-35.99766172773731,-1.0691350225652288e-09
552.8381999433981,50.556257075355894,3.945451867237785,-35.082660075259916,-36.40250117111785,-1.0691352722825132e-09
553.3381999433981,51.05167142861888,3.9468110295799903,-35.37645003908904,-36.80733538695104,-1.0691352246523983e-09
553.8381999433981,51.54717274696891,3.9481440344867096,-35.670237271709325,-37.212164559264934,-1.0691348500387084e-09
554.3381999433981,52.042758591335755,3.949451625543022,-35.964021891399476,-37.61698886395602,-1.0691349503527215e-09
554.8381999433981,52.538426612590925,3.9507345185735216,-36.257804010401486,-38.02180846921824,-1.0691347772818808e-09
555.3381999433981,53.03417454745898,3.9519934029185735,-36.551583735277845,-38.426623535945986,-1.0691347105811803e-09
555.8381999433981,53.53000021464879,3.953228942641196,-36.845361167244675,-38.831434218112484,-1.0691347643294035e-09
556.3381999433981,54.025901511191165,3.954441777668903,-37.13913640248265,-39.23624066312567,-1.0691343432050187e-09
556.8381999433981,54.52187640897027,3.9556325248745408,-37.43290953242726,-39.641043012162854,-1.069135020582419e-09
557.3381999433981,55.01792295143685,3.9568017790998593,-37.72668064404019,-40.045841400485585,-1.0691346638474553e-09
557.8381999433981,55.51403925049246,3.9579501141253193,-38.02044982006283,-40.4506359577362,-1.0691346067850975e-09
558.3381999433981,56.010223483534325,3.959078083589373,-38.314217139253664,-40.855426808217054,-1.0691345148045699e-09
558.8381999433981,56.50647389065141,3.960186221860257,-38.607982676610234,-41.26021407115374,-1.0691346139891263e-09
559.3381999433981,57.00278877196264,3.9612750448631124,-38.901746503577186,-41.66499786094331,-1.069134387958848e-09
559.8381999433981,57.499166485089155,3.962345050865073,-39.195508688241176,-42.069778287388324,-1.0691347101892123e-09
560.3381999433981,57.995605442752634,3.9633967212207777,-39.48926929551361,-42.474555455917894,-1.0691347173468237e-09
560.8381999433981,58.492104110492576,3.964430521080605,-39.783028387302004,-42.87932946779632,-1.0691346129975355e-09
561.3381999433981,58.98866100449569,3.9654469000637755,-40.07678602267093,-43.284100420320144,-1.0691347092847095e-09
561.8381999433981,59.485274689531046,3.966446292898331,-40.37054225799304,-43.68886840700456,-1.0691348248267219e-09
562.3381999433981,59.98194377698508,3.9674291200298644,-40.66429714709106,-44.09363351775946,-1.0691346741043578e-09
562.8381999433981,60.47866692299081,3.9683957882007643,-40.95805074137122,-44.49839583905608,-1.0691346077117122e-09
563.3381999433981,60.97544282664621,3.969346691001614,-41.25180308994867,-44.90315545408476,-1.069134867650856e-09
563.8381999433981,61.4722702283166,3.97028220939629,-41.545554239765615,-45.307912442904204,-1.0691350155975101e-09
564.3381999433981,61.96914790801675,3.9712027122222078,-41.83930423570241,-45.712666882582894,-1.0691347626400939e-09
564.8381999433981,62.46607468386814,3.9721085566670657,-42.133053120682256,-46.11741884733316,-1.0691347657498914e-09
565.3381999433981,62.96304941062756,3.973000088723365,-42.42680093576987,-46.522168408638095,-1.0691350274446011e-09
565.8381999433981,63.46007097828304,3.9738776436218983,-42.720547720264406,-46.92691563537213,-1.0691348134978353e-09
566.3381999433981,63.95713831071375,3.974741546245329,-43.014293511787145,-47.3316605939153,-1.0691349815141718e-09
566.8381999433981,64.45425036441034,3.975592111522914,-43.308038346364256,-47.73640334826173,-1.0691347821686872e-09
567.3381999433981,64.95140612725268,3.9764296448073657,-43.60178225850488,-48.14114396012257,-1.0691348888009925e-09
567.8381999433981,65.448604617342,3.977254442234784,-43.895525281274836,-48.54588248902395,-1.0691348199330267e-09
568.3381999433981,65.94584488188461,3.9780667910685312,-44.18926744636633,-48.95061899239984,-1.0691346101006154e-09
568.8381999433981,66.44312599612458,3.9788669700278825,-44.4830087841638,-49.355353525680385,-1.0691345834015513e-09
569.3381999433981,66.94044706232295,3.9796552496022293,-44.77674932380613,-49.76008614237609,-1.0691345414262798e-09
569.8381999433981,67.43780720878102,3.9804318923515627,-45.070489093245534,-50.16481689415753,-1.0691344205816867e-09
570.3381999433981,67.9352055889057,3.981197153193935,-45.36422811930332,-50.569545830931624,-1.0691344896649101e-09
570.8381999433981,68.43264138031454,3.9819512796805476,-45.65796642772259,-50.974273000913854,-1.0691348170869662e-09
571.3381999433981,68.93011378397885,3.982694512259078,-45.95170404321824,-51.37899845069726,-1.0691348456513404e-09
571.8381999433981,69.42762202340276,3.9834270845258333,-46.245440989524184,-51.78372222531823,-1.0691346517597414e-09
572.3381999433981,69.92516534383658,3.9841492234672713,-46.539177289438285,-52.1884443683189,-1.0691347057091194e-09
572.8381999433981,70.42274301152283,3.9848611496914064,-46.832912964864846,-52.59316492180692,-1.0691345974832308e-09
573.3381999433981,70.92035431297327,3.985563077649597,-47.12664803685487,-52.997883926512294,-1.0691349780637216e-09
573.8381999433981,71.41799855427571,3.9862552158491664,-47.42038252564441,-53.402601421841666,-1.0691349691886012e-09
574.3381999433981,71.91567506042873,3.986937767057304,-47.71411645069078,-53.80731744593006,-1.0691346860677255e-09
574.8381999433981,72.4133831747035,3.9876109284966517,-48.007849830707094,-54.21203203569027,-1.0691348083919139e-09
575.3381999433981,72.91112225803113,3.988274892032974,-48.301582683694924,-54.6167452268601,-1.0691348205658035e-09
575.8381999433981,73.40889168841443,3.988929844355276,-48.59531502697546,-55.02145705404732,-1.0691346341161289e-09
576.3381999433981,73.90669086036301,3.9895759671487285,-48.889046877219045,-55.426167550772846,-1.0691347746058272e-09
576.8381999433981,74.40451918435056,3.990213437260721,-49.18277825047322,-55.83087674951173,-1.0691349737036216e-09
577.3381999433981,74.90237608629339,3.9908424268603686,-49.47650916218954,-56.23558468173253,-1.0691348485938714e-09
577.8381999433981,75.40026100704922,3.9914631035917654,-49.77023962724888,-56.64029137793496,-1.069135105834237e-09
578.3381999433981,75.89817340193535,3.992075630721269,-50.06396965998575,-57.04499686768571,-1.0691348527264244e-09
578.8381999433981,76.39611274026527,3.992680167279086,-50.35769927421119,-57.44970117965306,-1.0691348575084989e-09
579.3381999433981,76.89407850490291,3.9932768681954123,-50.65142848323479,-57.85440434163957,-1.0691349204752597e-09
579.8381999433981,77.3920701918339,3.9938658844313686,-50.94515729988545,-58.25910638061377,-1.069134732934191e-09
580.3381999433981,77.89008730975283,3.9944473631049653,-51.23888573653144,-58.66380732274026,-1.069134843727583e-09
580.8381999433981,78.38812937966608,3.995021447612312,-51.53261380509922,-59.06850719340862,-1.069134859684493e-09
581.3381999433981,78.88619593450933,3.99558827774428,-51.82634151709156,-59.47320601726116,-1.0691348130489672e-09
581.8381999433981,79.38428651877926,3.9961479897988146,-52.1200688836048,-59.87790381821937,-1.0691348519104368e-09
582.3381999433981,79.88240068817875,3.996700716689085,-52.41379591534523,-60.28260061950944,-1.0691349387082308e-09
582.8381999433981,80.38053800927509,3.9972465880476524,-52.70752262264486,-60.68729644368661,-1.069134893430102e-09
583.3381999433981,80.87869805917055,3.9977857303268203,-53.00124901547631,-61.091991312658564,-1.0691349264108907e-09
583.8381999433981,81.37688042518486,3.9983182668953368,-53.294975103467124,-61.49668524770791,-1.0691350729768765e-09
584.3381999433981,81.87508470454911,3.998844318131594,-53.58870089591344,-61.901378269513664,-1.0691350032216151e-09
584.8381999433981,82.37331050411049,3.999364001513478,-53.882426401793026,-62.30607039817193,-1.069134856857991e-09
585.3381999433981,82.8715574400476,3.9998774317050056,-54.1761516297777,-62.71076165321581,-1.0691348786729254e-09
585.8381999433981,83.36982513759571,4.000384720639879,-54.46987658824528,-63.11545205363433,-1.0691350937146931e-09
586.3381999433981,83.86811323078173,4.00088597760209,-54.763601285290896,-63.52014161789086,-1.0691348368160872e-09
586.8381999433981,84.36642136216834,4.001381309303693,-55.057325728737915,-63.92483036394065,-1.069134812681374e-09
587.3381999433981,84.86474918260704,4.001870819959856,-55.35104992614829,-64.32951830924775,-1.0691351357005823e-09
587.8381999433981,85.36309635099971,4.002354611361305,-55.64477388483274,-64.73420547080111,-1.0691350013453228e-09
588.3381999433981,85.8614625340683,4.002832782944275,-55.93849761185986,-65.13889186513047,-1.0691350809661638e-09
588.8381999433981,86.35984740613236,4.003305431858046,-56.23222111406561,-65.54357750832114,-1.0691350238355983e-09
589.3381999433981,86.85825064889423,4.003772653030178,-56.5259443980619,-65.94826241602844,-1.0691351768598432e-09
589.8381999433981,87.35667195123128,4.0042345392295315,-56.81966747024492,-66.35294660349176,-1.0691352515046298e-09
590.3381999433981,87.85511100899527,4.004691181127158,-57.113390336803214,-66.75763008554779,-1.0691350588674926e-09
590.8381999433981,88.35356752481827,4.005142667355145,-57.407113003725236,-67.16231287664344,-1.069135431825281e-09
591.3381999433981,88.85204120792515,4.0055890845634945,-57.700835476806745,-67.56699499084823,-1.0691350374683992e-09
591.8381999433981,89.35053177395214,4.006030517475113,-57.99455776165803,-67.97167644186615,-1.069135108951883e-09
592.3381999433981,89.84903894477135,4.006467048938985,-58.288279863710414,-68.37635724304717,-1.0691351780052295e-09
592.8381999433981,90.34756244832109,4.006898759981596,-58.58200178822279,-68.78103740739841,-1.0691349750909418e-09
593.3381999433981,90.84610201844157,4.007325729856681,-58.87572354028782,-69.18571694759468,-1.0691350445699776e-09
593.8381999433981,91.34465739471607,4.007748036093343,-59.1694451248381,-69.59039587598873,-1.0691351338970668e-09
594.3381999433981,91.843228322317,4.008165754542634,-59.463166546651465,-69.9950742046213,-1.0691349502519093e-09
594.8381999433981,92.34181455185708,4.008578959422617,-59.75688781035694,-70.39975194523045,-1.069135257725108e-09
595.3381999433981,92.84041583924507,4.0089877233620035,-60.05060892043963,-70.80442910926098,-1.0691351580993084e-09
595.8381999433981,93.33903194554615,4.00939211744239,-60.34432988124595,-71.20910570787316,-1.0691351572370394e-09
596.3381999433981,93.83766263684674,4.009792211239162,-60.638050696988515,-71.61378175195131,-1.0691351932758887e-09
596.8381999433981,94.33630768412338,4.01018807286111,-60.93177137175068,-72.01845725211213,-1.0691353697118123e-09
597.3381999433981,94.83496686311588,4.010579768988803,-61.225491909491026,-72.42313221871267,-1.0691352691553755e-09
597.8381999433981,95.33363995420422,4.010967364911761,-61.51921231404787,-72.82780666185782,-1.069135495262021e-09
598.3381999433981,95.83232674228937,4.011350924564485,-61.81293258914308,-73.23248059140809,-1.0691352731646083e-09
598.8381999433981,96.33102701667774,4.011730510561363,-62.10665273838626,-73.63715401698653,-1.0691352051273826e-09
599.3381999433981,96.82974057096905,4.012106184230513,-62.40037276527858,-74.04182694798561,-1.0691354498725624e-09
599.8381999433981,97.32846720294776,4.012478005646586,-62.69409267321639,-74.44649939357413,-1.069134933448688e-09
600.3381999433981,97.82720671447763,4.012846033662578,-62.98781246549471,-74.8511713627035,-1.0691352483165615e-09
600.8381999433981,98.32595891139951,4.0132103259406735,-63.28153214531075,-75.25584286411406,-1.0691352305263203e-09
601.3381999433981,98.82472360343225,4.013570938982163,-63.575251715767116,-75.66051390634105,-1.0691351028919632e-09
601.8381999433981,99.32350060407639,4.013927928156468,-63.86897117987485,-76.06518449772062,-1.0691350923017173e-09
602.3381999433981,99.82228973052088,4.014281347729295,-64.16269054055672,-76.46985464639518,-1.0691353120305602e-09
602.8381999433981,100.32109080355244,4.014631250889957,-64.45640980064994,-76.87452436031909,-1.0691353175352774e-09
603.3381999433981,100.81990364746756,4.0149776897778935,-64.750128962909,-77.27919364726377,-1.0691352122053448e-09
603.8381999433981,101.31872808998715,4.015320715508401,-65.04384803000845,-77.68386251482298,-1.0691352814594257e-09
604.3381999433981,101.81756396217361,4.015660378197622,-65.33756700454538,-78.08853097041752,-1.0691352298688906e-09
604.8381999433981,102.31641109835032,4.015996726986801,-65.63128588904213,-78.4931990213002,-1.0691351755204802e-09
605.3381999433981,102.81526933602339,4.01632981006584,-65.9250046859485,-78.89786667456035,-1.0691351200952944e-09
605.8381999433981,103.31413851580574,4.016659674696177,-66.21872339764413,-79.30253393712835,-1.0691350907129242e-09
606.3381999433981,103.81301848134325,4.016986367233004,-66.5124420264408,-79.70720081577991,-1.0691353185700658e-09
606.8381999433981,104.3119090792431,4.017309933146856,-66.80616057458468,-80.11186731714025,-1.0691351479967168e-09
607.3381999433981,104.81081015900398,4.017630417044582,-67.09987904425824,-80.51653344768816,-1.0691350496008057e-09
607.8381999433981,105.30972157294848,4.017947862689726,-67.3935974375824,-80.92119921375989,-1.0691349633302713e-09
608.3381999433981,105.80864317615712,4.018262313022339,-67.68731575661832,-81.32586462155317,-1.0691351248693888e-09
608.8381999433981,106.30757482640445,4.018573810178222,-67.9810340033693,-81.7305296771306,-1.069134995832989e-09
609.3381999433981,106.80651638409672,4.018882395507648,-68.27475217978292,-82.13519438642335,-1.0691355810296724e-09
609.8381999433981,107.30546771221144,4.019188109593553,-68.56847028775228,-82.53985875523465,-1.069135220129303e-09
610.3381999433981,107.80442867623842,4.019490992269232,-68.86218832911801,-82.94452278924304,-1.0691351612975275e-09
610.8381999433981,108.3033991441226,4.019791082635547,-69.15590630566977,-83.34918649400579,-1.0691350181655947e-09
611.3381999433981,108.8023789862083,4.020088419077656,-69.44962421914785,-83.75384987496189,-1.0691351583099336e-09
611.8381999433981,109.30136807518508,4.020383039281295,-69.7433420712447,-84.15851293743513,-1.0691352242513827e-09
612.3381999433981,109.80036628603497,4.02067498024862,-70.0370598636064,-84.56317568663714,-1.0691353599136238e-09
612.8381999433981,110.29937349598116,4.020964278313607,-70.33077759783399,-84.96783812767018,-1.0691352851300693e-09
613.3381999433981,110.79838958443804,4.021250969157055,-70.62449527548493,-85.37250026552996,-1.0691350737800008e-09
613.8381999433981,111.29741443296264,4.021535087821175,-70.91821289807446,-85.7771621051083,-1.0691351582987443e-09
614.3381999433981,111.79644792520725,4.021816668723798,-71.21193046707656,-86.1818236511959,-1.0691353630470814e-09
614.8381999433981,112.29548994687336,4.022095745672199,-71.50564798392561,-86.58648490848472,-1.0691353519938052e-09
615.3381999433981,112.79454038566679,4.02237235187656,-71.7993654500173,-86.99114588157049,-1.0691352682777863e-09
615.8381999433981,113.29359913125397,4.022646519963079,-72.0930828667099,-87.39580657495513,-1.0691354426756036e-09
616.3381999433981,113.79266607521942,4.022918281986733,-72.38680023532535,-87.80046699304903,-1.0691353826642151e-09
616.8381999433981,114.29174111102422,4.023187669443714,-72.68051755715017,-88.20512714017349,-1.0691353291455464e-09
617.3381999433981,114.79082413396574,4.023454713283529,-72.97423483343681,-88.60978702056264,-1.0691354644304492e-09
617.8381999433981,115.28991504113816,4.023719443920806,-73.26795206540433,-89.01444663836578,-1.0691355033481104e-09
618.3381999433981,115.78901373139418,4.023981891246775,-73.56166925423969,-89.41910599764928,-1.0691354883269574e-09
618.8381999433981,116.28812010530768,4.024242084640476,-73.85538640109833,-89.82376510239884,-1.0691354018528975e-09
619.3381999433981,116.78723406513727,4.024500052979662,-74.14910350710544,-90.22842395652117,-1.069135479715833e-09
619.8381999433981,117.28635551479078,4.024755824651437,-74.4428205733566,-90.63308256384603,-1.0691354516149499e-09
620.3381999433981,117.78548435979069,4.025009427562617,-74.7365376009188,-91.03774092812799,-1.0691354926560282e-09
620.8381999433981,118.28462050724033,4.02526088914984,-75.03025459083095,-91.44239905304842,-1.0691354815653033e-09
621.3381999433981,118.78376386579106,4.025510236389408,-75.32397154410515,-91.84705694221698,-1.0691354039590724e-09
621.8381999433981,119.28291434561012,4.025757495806896,-75.61768846172698,-92.25171459917351,-1.0691352385198444e-09
622.3381999433981,119.7820718583494,4.026002693486511,-75.91140534465659,-92.65637202738958,-1.0691354613846275e-09
622.8381999433981,120.28123631711485,4.026245855080228,-76.2051221938294,-93.06102923026995,-1.069135387995801e-09
623.3381999433981,120.78040763643679,4.026487005816697,-76.49883901015647,-93.46568621115453,-1.069135345575912e-09
623.8381999433981,121.27958573224085,4.026726170509924,-76.79255579452564,-93.87034297331945,-1.0691353479149617e-09
624.3381999433981,121.7787705218196,4.026963373567755,-77.08627254780185,-94.27499951997882,-1.0691352844782286e-09
624.8381999433981,122.27796192380494,4.027198639000133,-77.37998927082795,-94.67965585428604,-1.0691352216200641e-09
625.3381999433981,122.77715985814112,4.027431990427175,-77.67370596442518,-95.08431197933527,-1.0691351572922408e-09
625.8381999433981,123.2763642460584,4.027663451087036,-77.96742262939391,-95.48896789816267,-1.0691352269958282e-09
626.3381999433981,123.77557501004738,4.027893043843593,-78.26113926651418,-95.89362361374785,-1.0691349527021541e-09
626.8381999433981,124.27479207383382,4.028120791193946,-78.55485587654611,-96.29827912901507,-1.069134983166996e-09
627.3381999433981,124.7740153623543,4.02834671527573,-78.84857246023068,-96.70293444683456,-1.0691349443329516e-09
627.8381999433981,125.27324480173222,4.028570837874262,-79.14228901829017,-97.1075895700236,-1.0691350174897168e-09
628.3381999433981,125.77248031925443,4.0287931804295125,-79.43600555142865,-97.51224450134781,-1.0691351559059988e-09
628.8381999433981,126.2717218433485,4.02901376404292,-79.72972206033242,-97.91689924352241,-1.0691349443906545e-09
629.3381999433981,126.77096930356043,4.029232609484036,-80.02343854567056,-98.32155379921308,-1.0691350043166362e-09
629.8381999433981,127.27022263053291,4.029449737197018,-80.31715500809534,-98.72620817103734,-1.0691349930114547e-09
630.3381999433981,127.76948175598407,4.02966516730697,-80.61087144824289,-99.1308623615653,-1.06913491083583e-09
630.8381999433981,128.26874661268673,4.029878919626141,-80.90458786673321,-99.53551637332113,-1.0691347491179739e-09
631.3381999433981,128.76801713444814,4.030091013659969,-81.19830426417113,-99.94017020878351,-1.0691348676040414e-09
631.8381999433981,129.2672932560902,4.030301468612996,-81.49202064114625,-100.34482387038713,-1.069135098397456e-09
632.3381999433981,129.76657491343008,4.030510303394641,-81.78573699823367,-100.74947736052337,-1.069134907181445e-09
632.8381999433981,130.26586204326125,4.03071753662484,-82.07945333599412,-101.1541306815413,-1.0691347507500575e-09
633.3381999433981,130.76515458333515,4.030923186639562,-82.37316965497463,-101.55878383574857,-1.0691348277350713e-09
633.8381999433981,131.26445247234298,4.031127271496198,-82.66688595570857,-101.96343682541239,-1.069135026317935e-09
634.3381999433981,131.76375564989812,4.031329808978822,-82.96060223871615,-102.36808965276036,-1.0691348047011072e-09
634.8381999433981,132.26306405651883,4.031530816603342,-83.25431850450498,-102.77274231998113,-1.0691346385582017e-09
635.3381999433981,132.76237763361144,4.03173031162253,-83.5480347535701,-103.17739482922552,-1.069134746423103e-09
635.8381999433981,133.26169632345375,4.031928311030939,-83.84175098639433,-103.58204718260714,-1.0691349011992486e-09
636.3381999433981,133.761020069179,4.032124831569714,-84.13546720344887,-103.98669938220314,-1.0691347709362166e-09
636.8381999433981,134.26034881476005,4.0323198897312915,-84.4291834051932,-104.39135143005521,-1.069135024897351e-09
637.3381999433981,134.75968250499395,4.032513501763998,-84.72289959207575,-104.79600332817003,-1.0691349941386378e-09
637.8381999433981,135.2590210854868,4.0327056836765465,-85.01661576453387,-105.2006550785202,-1.0691348545066217e-09
638.3381999433981,135.75836450263913,4.032896451242431,-85.3103319229944,-105.60530668304482,-1.0691345655105549e-09
638.8381999433981,136.25771270363128,4.03308582000423,-85.60404806787378,-106.00995814365025,-1.0691347461540782e-09
639.3381999433981,136.75706563640946,4.03327380527781,-85.89776419957835,-106.41460946221079,-1.0691346877767559e-09
639.8381999433981,137.25642324967183,4.033460422156446,-86.19148031850457,-106.81926064056937,-1.0691346558807018e-09
640.3381999433981,137.75578549285493,4.0336456855148395,-86.48519642503936,-107.22391168053802,-1.0691346937494255e-09
640.8381999433981,138.25515231612056,4.033829610013065,-86.77891251956031,-107.62856258389868,-1.0691349182638937e-09
641.3381999433981,138.7545236703428,4.0340122101004185,-87.07262860243586,-108.03321335240375,-1.0691345070334644e-09
641.8381999433981,139.2538995070953,4.034193500019194,-87.36634467402547,-108.4378639877768,-1.0691345309936475e-09
642.3381999433981,139.7532797786389,4.034373493808369,-87.66006073468014,-108.8425144917128,-1.0691346637815475e-09
642.8381999433981,140.25266443790954,4.03455220530722,-87.9537767847423,-109.24716486587918,-1.0691346200095036e-09
643.3381999433981,140.7520534385063,4.034729648158856,-88.24749282454627,-109.65181511191588,-1.0691347097089746e-09
643.8381999433981,141.25144673467977,4.0349058358136825,-88.54120885441824,-110.05646523143639,-1.0691345695014397e-09
644.3381999433981,141.75084428132078,4.035080781532786,-88.83492487467657,-110.46111522602794,-1.0691350206289307e-09
644.8381999433981,142.25024603394908,4.035254498391251,-89.12864088563208,-110.8657650972521,-1.0691348054402592e-09
645.3381999433981,142.74965194870256,4.035426999281409,-89.42235688758811,-111.27041484664532,-1.069134965430176e-09
645.8381999433981,143.24906198232648,4.035598296916015,-89.71607288084084,-111.67506447571932,-1.0691347864671702e-09
646.3381999433981,143.74847609216303,4.035768403831364,-90.00978886567923,-112.07971398596186,-1.0691347197016899e-09
646.8381999433981,144.24789423614106,4.035937332390338,-90.30350484238545,-112.4843633788368,-1.0691347610326028e-09
647.3381999433981,144.74731637276605,4.036105094785393,-90.59722081123489,-112.88901265578495,-1.069135105662397e-09
647.8381999433981,145.24674246111022,4.036271703041481,-90.89093677249636,-113.29366181822418,-1.069134879876891e-09
648.3381999433981,145.746172460803,4.036437169018917,-91.18465272643245,-113.69831086755003,-1.0691346188366864e-09
648.8381999433981,146.24560633202148,4.036601504416185,-91.47836867329927,-114.10295980513625,-1.0691346311537221e-09
649.3381999433981,146.74504403548121,4.036764720772685,-91.77208461334702,-114.50760863233496,-1.0691348216719152e-09
649.8381999433981,147.24448553242712,4.036926829471426,-92.06580054681986,-114.9122573504773,-1.0691348058193687e-09
650.3381999433981,147.74393078462467,4.037087841741668,-92.35951647395608,-115.31690596087375,-1.0691346443886043e-09
650.8381999433981,148.24337975435108,4.037247768661502,-92.65323239498854,-115.72155446481436,-1.0691348452426873e-09
651.3381999433981,148.7428324043869,4.037406621160389,-92.94694831014435,-116.12620286356942,-1.0691344953626836e-09
651.8381999433981,149.2422886980075,4.037564410021636,-93.24066421964545,-116.5308511583896,-1.0691347819054542e-09
652.3381999433981,149.74174859897508,4.037721145884836,-93.53438012370833,-116.93549935050643,-1.0691350675799978e-09
652.8381999433981,150.2412120715304,4.0378768392482485,-93.82809602254443,-117.34014744113271,-1.069134786621047e-09
653.3381999433981,150.74067908038515,4.038031500471138,-94.12181191636012,-117.74479543146268,-1.0691350043759097e-09
653.8381999433981,151.240149590714,4.038185139776063,-94.41552780535699,-118.14944332267252,-1.0691347293227301e-09
654.3381999433981,151.7396235681472,4.038337767251127,-94.70924368973182,-118.55409111592063,-1.0691347619636905e-09
654.8381999433981,152.23910097876313,4.038489392852174,-95.00295956967683,-118.95873881234782,-1.069134917654111e-09
655.3381999433981,152.73858178908097,4.038640026404955,-95.29667544537942,-119.3633864130781,-1.0691349253860664e-09
655.8381999433981,153.23806596605357,4.038789677607236,-95.59039131702279,-119.76803391921835,-1.0691350061681654e-09
656.3381999433981,153.73755347706054,4.03893835603088,-95.8841071847857,-120.17268133185918,-1.0691348851177987e-09
656.8381999433981,154.2370442899013,4.039086071123881,-96.1778230488428,-120.5773286520748,-1.0691347511784415e-09
657.3381999433981,154.73653837278835,4.039232832212357,-96.47153890936454,-120.98197588092354,-1.0691351968940487e-09
657.8381999433981,155.23603569434073,4.039378648502511,-96.76525476651723,-121.38662301944825,-1.0691350271670593e-09
658.3381999433981,155.73553622357753,4.039523529082551,-97.05897062046331,-121.79127006867638,-1.069134895128881e-09
658.8381999433981,156.2350399299115,4.0396674829245685,-97.3526864713615,-122.1959170296202,-1.0691347183966042e-09
659.3381999433981,156.73454678314286,4.039810518886391,-97.64640231936666,-122.60056390327732,-1.0691347154686547e-09
659.8381999433981,157.23405675345316,4.0399526457133925,-97.94011816462988,-123.00521069063078,-1.0691346718536438e-09
660.3381999433981,157.7335698113993,4.04009387204027,-98.23383400729888,-123.40985739264926,-1.069134742872405e-09
660.8381999433981,158.2330859279076,4.04023420639279,-98.52754984751762,-123.81450401028759,-1.0691345265908302e-09
661.3381999433981,158.73260507426818,4.040373657189496,-98.82126568542694,-124.2191505444867,-1.0691345599550018e-09
661.8381999433981,159.23212722212907,4.040512232743393,-99.11498152116417,-124.62379699617397,-1.0691344594261106e-09
662.3381999433981,159.7316523434908,4.040649941263591,-99.40869735486334,-125.02844336626364,-1.069134593583767e-09
662.8381999433981,160.2311804107009,4.040786790856923,-99.70241318665533,-125.43308965565679,-1.0691349293586036e-09
663.3381999433981,160.73071139644853,4.0409227895295325,-99.99612901666798,-125.83773586524163,-1.0691346894942972e-09
663.8381999433981,161.2302452737593,4.041057945188431,-100.2898448450261,-126.24238199589381,-1.069134775954899e-09
664.3381999433981,161.72978201598997,4.041192265643026,-100.58356067185136,-126.64702804847663,-1.0691348589435956e-09
664.8381999433981,162.22932159682352,4.041325758606623,-100.87727649726268,-127.0516740238412,-1.069134781276644e-09
665.3381999433981,162.72886399026407,4.041458431697896,-101.17099232137613,-127.45631992282657,-1.0691348885627477e-09
665.8381999433981,163.2284091706321,4.041590292442334,-101.46470814430492,-127.86096574626015,-1.0691349955619187e-09
666.3381999433981,163.72795711255955,4.041721348273662,-101.75842396615968,-128.26561149495774,-1.0691349486628412e-09
666.8381999433981,164.22750779098521,4.041851606535235,-102.05213978704835,-128.67025716972378,-1.0691346755749102e-09
667.3381999433981,164.72706118115002,4.041981074481403,-102.34585560707613,-129.0749027713516,-1.0691348118978341e-09
667.8381999433981,165.22661725859257,4.042109759278858,-102.63957142634585,-129.47954830062346,-1.0691351114462145e-09
668.3381999433981,165.72617599914466,4.042237668007952,-102.9332872449579,-129.88419375831094,-1.0691350021109396e-09
668.8381999433981,166.22573737892688,4.042364807663992,-103.22700306301012,-130.28883914517493,-1.0691351060682615e-09
669.3381999433981,166.72530137434433,4.042491185158512,-103.52071888059811,-130.6934844619659,-1.0691350736151621e-09
669.8381999433981,167.22486796208239,4.042616807320524,-103.81443469781516,-131.09812970942403,-1.0691352001737067e-09
670.3381999433981,167.72443711910262,4.042741680897746,-104.10815051475225,-131.50277488827945,-1.0691348791036285e-09
670.8381999433981,168.2240088226386,4.042865812557804,-104.40186633149817,-131.90741999925245,-1.0691351287724895e-09
671.3381999433981,168.72358305019202,4.042989208889421,-104.69558214813948,-132.3120650430535,-1.0691349840715406e-09
671.8381999433981,169.22315977952866,4.043111876403574,-104.98929796476077,-132.71671002038352,-1.0691349755043837e-09
672.3381999433981,169.72273898867456,4.043233821534643,-105.2830137814445,-133.1213549319339,-1.069134950833841e-09
672.8381999433981,170.22232065591228,4.0433550506415274,-105.57672959827119,-133.5259997783868,-1.0691349672053674e-09
673.3381999433981,170.7219047597771,4.043475570008755,-105.87044541531928,-133.93064456041532,-1.0691351064873066e-09
673.8381999433981,171.22149127905334,4.043595385847561,-106.16416123266528,-134.33528927868355,-1.0691350809932405e-09
674.3381999433981,171.72108019277087,4.043714504296954,-106.457877050384,-134.73993393384666,-1.0691351878328763e-09
674.8381999433981,172.22067148020145,4.043832931424764,-106.75159286854822,-135.14457852655133,-1.0691350514247487e-09
675.3381999433981,172.72026512085532,4.043950673228668,-107.04530868722901,-135.54922305743548,-1.0691350059939395e-09
675.8381999433981,173.21986109447778,4.044067735637202,-107.33902450649568,-135.95386752712884,-1.0691348784986908e-09
676.3381999433981,173.71945938104577,4.044184124510752,-107.63274032641581,-136.35851193625263,-1.0691350844616672e-09
676.8381999433981,174.21905996076467,4.044299845642534,-107.92645614705526,-136.7631562854202,-1.069135068534222e-09
677.3381999433981,174.71866281406494,4.044414904759548,-108.2201719684784,-137.16780057523664,-1.0691348694364046e-09
677.8381999433981,175.21826792159902,4.044529307523524,-108.5138877907477,-137.5724448062993,-1.0691348595790144e-09
678.3381999433981,175.71787526423816,4.044643059531848,-108.80760361392439,-137.97708897919782,-1.0691348828519895e-09
678.8381999433981,176.21748482306933,4.044756166318472,-109.10131943806799,-138.38173309451403,-1.069134930036722e-09
679.3381999433981,176.71709657939218,4.044868633354814,-109.39503526323645,-138.78637715282244,-1.0691349402157143e-09
679.8381999433981,177.2167105147161,4.044980466050631,-109.68875108948644,-139.19102115469008,-1.0691347461764307e-09
680.3381999433981,177.7163266107573,4.045091669754891,-109.98246691687298,-139.59566510067677,-1.0691348370974316e-09
680.8381999433981,178.2159448494358,4.0452022497566205,-110.27618274544987,-140.00030899133503,-1.069134871413578e-09
681.3381999433981,178.71556521287278,4.045312211285744,-110.56989857526946,-140.4049528272105,-1.0691348714629272e-09
681.8381999433981,179.21518768338765,4.045421559513903,-110.86361440638281,-140.80959660884173,-1.0691347509447975e-09
682.3381999433981,179.71481224349537,4.0455302995552715,-111.15733023883942,-141.2142403367606,-1.0691349601468566e-09
682.8381999433981,180.2144388759038,4.045638436467344,-111.45104607268792,-141.61888401149213,-1.069134667885229e-09
683.3381999433981,180.71406756351092,4.045745975251725,-111.74476190797536,-142.02352763355475,-1.069134832594244e-09
683.8381999433981,181.21369828940237,4.045852920854893,-112.03847774474765,-142.42817120346044,-1.0691347437302411e-09
684.3381999433981,181.71333103684879,4.0459592781689615,-112.3321935830495,-142.83281472171473,-1.069134811976489e-09
684.8381999433981,182.2129657893033,4.046065052032422,-112.62590942292441,-143.23745818881682,-1.0691346501558107e-09
685.3381999433981,182.7126025303991,4.046170247230877,-112.9196252644148,-143.64210160525965,-1.0691346390497694e-09
685.8381999433981,183.21224124394695,4.046274868497758,-113.21334110756185,-144.04674497153022,-1.0691348479740836e-09
686.3381999433981,183.71188191393276,4.046378920515036,-113.50705695240579,-144.45138828810914,-1.0691345337886844e-09
686.8381999433981,184.2115245245153,4.046482407913919,-113.80077279898576,-144.85603155547142,-1.0691347429878932e-09
687.3381999433981,184.71116906002385,4.046585335275538,-114.09448864733962,-145.26067477408606,-1.0691346408495015e-09
687.8381999433981,185.21081550495586,4.046687707131621,-114.38820449750443,-145.66531794441636,-1.0691348645984198e-09
688.3381999433981,185.71046384397474,4.046789527965156,-114.68192034951615,-146.06996106691986,-1.0691348481230936e-09
688.8381999433981,186.21011406190766,4.046890802211044,-114.97563620340975,-146.47460414204858,-1.0691347767850428e-09
689.3381999433981,186.7097661437434,4.046991534256744,-115.26935205921937,-146.87924717024896,-1.0691345742627623e-09
689.8381999433981,187.20942007463006,4.047091728442905,-115.563067916978,-147.28389015196208,-1.0691349958675289e-09
690.3381999433981,187.70907583987315,4.047191389063987,-115.85678377671772,-147.68853308762374,-1.0691347789771628e-09
690.8381999433981,188.2087334249334,4.047290520368873,-116.1504996384699,-148.09317597766432,-1.0691350887339897e-09
691.3381999433981,188.70839281542467,4.047389126561472,-116.44421550226492,-148.497818822509,-1.069134904390856e-09
691.8381999433981,189.20805399711207,4.047487211801317,-116.73793136813215,-148.90246162257813,-1.0691350239594493e-09
692.3381999433981,189.7077169559099,4.047584780204141,-117.0316472361003,-149.3071043782867,-1.0691348607271149e-09
692.8381999433981,190.20738167787965,4.0476818358424556,-117.32536310619723,-149.7117470900449,-1.0691350673140489e-09
693.3381999433981,190.70704814922823,4.0477783827461185,-117.61907897844983,-150.116389758258,-1.0691349104579369e-09
693.8381999433981,191.20671635630595,4.047874424902886,-117.91279485288446,-150.5210323833265,-1.0691347285760458e-09
694.3381999433981,191.7063862856047,4.047969966258966,-118.2065107295264,-150.9256749656461,-1.0691350033503188e-09
694.8381999433981,192.20605792375613,4.048065010719553,-118.50022660840038,-151.33031750560775,-1.0691348612728535e-09
695.3381999433981,192.70573125752986,4.048159562149359,-118.79394248953042,-151.7349600035979,-1.0691348103621131e-09
695.8381999433981,193.2054062738317,4.048253624373143,-119.0876583729397,-152.13960245999846,-1.0691352386541447e-09
696.3381999433981,193.70508295970183,4.048347201176219,-119.38137425865068,-152.54424487518676,-1.0691349736242722e-09
696.8381999433981,194.2047613023132,4.048440296304966,-119.67509014668519,-152.9488872495358,-1.0691347919142999e-09
697.3381999433981,194.70444128896975,4.048532913467325,-119.96880603706434,-153.35352958341423,-1.0691349419375396e-09
697.8381999433981,195.2041229071048,4.048625056333294,-120.26252192980846,-153.75817187718647,-1.0691349213207775e-09
698.3381999433981,195.70380614427933,4.048716728535409,-120.55623782493748,-154.1628141312125,-1.0691348336252725e-09
698.8381999433981,196.20349098818045,4.04880793366922,-120.8499537224705,-154.5674563458484,-1.0691348046245868e-09
699.3381999433981,196.70317742661976,4.048898675293764,-121.14366962242612,-154.97209852144584,-1.0691348763666332e-09
699.8381999433981,197.20286544753176,4.048988956932025,-121.43738552482216,-155.37674065835284,-1.0691346123198318e-09
700.3381999433981,197.70255503897238,4.049078782071385,-121.7311014296761,-155.78138275691293,-1.0691347205935938e-09
700.8381999433981,198.20224618911735,4.049168154164082,-122.02481733700449,-156.1860248174662,-1.0691346233759767e-09
701.3381999433981,198.70193888626082,4.049257076627643,-122.31853324682365,-156.59066684034855,-1.0691346634756937e-09
701.8381999433981,199.2016331188138,4.049345552845321,-122.61224915914907,-156.99530882589212,-1.069134623098071e-09
702.3381999433981,199.7013288753027,4.0494335861665265,-122.90596507399594,-157.39995077442526,-1.0691346864593963e-09
702.8381999433981,200.20102614436797,4.049521179907246,-123.19968099137867,-157.8045926862727,-1.0691347764546998e-09
703.3381999433981,200.70072491476262,4.049608337350459,-123.49339691131132,-158.2092345617554,-1.0691345791813523e-09
703.8381999433981,201.20042517535086,4.049695061746547,-123.78711283380736,-158.6138764011907,-1.0691350220030295e-09
704.3381999433981,201.70012691510675,4.0497813563137,-124.08082875887972,-159.01851820489253,-1.0691348792933541e-09
704.8381999433981,202.19983012311278,4.049867224238307,-124.374544686541,-159.423159973171,-1.0691348463801527e-09
705.3381999433981,202.6995347885586,4.049952668675355,-124.66826061680314,-159.82780170633308,-1.0691345320454474e-09
705.8381999433981,203.19924090073968,4.050037692748812,-124.9619765496777,-160.23244340468204,-1.0691347759138723e-09
706.3381999433981,203.69894844905608,4.0501222995520045,-125.25569248517571,-160.63708506851805,-1.0691347378181313e-09
706.8381999433981,204.19865742301104,4.050206492147996,-125.54940842330782,-161.04172669813764,-1.0691344906638405e-09
707.3381999433981,204.6983678122099,4.050290273569955,-125.8431243640843,-161.4463682938343,-1.0691344867001054e-09
707.8381999433981,205.19807960635873,4.050373646821516,-126.13684030751483,-161.85100985589816,-1.0691345694901367e-09
708.3381999433981,205.69779279526318,4.050456614877143,-126.4305562536087,-162.25565138461621,-1.06913467591216e-09
708.8381999433981,206.19750736882725,4.050539180682477,-126.72427220237496,-162.66029288027224,-1.0691344754541319e-09
709.3381999433981,206.6972233170521,4.050621347154689,-127.01798815382206,-163.06493434314694,-1.0691344991025775e-09
709.8381999433981,207.19694063003493,4.050703117182819,-127.31170410795809,-163.469575773518,-1.0691346365798179e-09
710.3381999433981,207.6966592979678,4.05078449362812,-127.6054200647908,-163.87421717166006,-1.0691346598831896e-09
710.8381999433981,208.1963793111365,4.050865479324382,-127.89913602432759,-164.27885853784466,-1.069134429570279e-09
711.3381999433981,208.69610065991938,4.050946077078269,-128.19285198657545,-164.68349987234046,-1.0691344612204953e-09
711.8381999433981,209.19582333478635,4.051026289669638,-128.48656795154105,-165.08814117541323,-1.0691344849625112e-09
712.3381999433981,209.69554732629777,4.051106119851862,-128.78028391923053,-165.49278244732596,-1.069134439567984e-09
712.8381999433981,210.19527262510329,4.051185570352139,-129.0739998896499,-165.89742368833868,-1.0691342118436511e-09
713.3381999433981,210.6949992219409,4.051264643871808,-129.36771586280477,-166.3020648987086,-1.0691343511543495e-09
713.8381999433981,211.19472710763586,4.051343343086651,-129.6614318387004,-166.70670607869027,-1.0691343815233427e-09
714.3381999433981,211.69445627309963,4.051421670647194,-129.95514781734178,-167.11134722853544,-1.06913431964814e-09
714.8381999433981,212.19418670932896,4.051499629179009,-130.24886379873342,-167.51598834849332,-1.0691342943597103e-09
715.3381999433981,212.69391840740477,4.051577221283001,-130.5425797828797,-167.9206294388103,-1.0691342064744195e-09
715.8381999433981,213.19365135849122,4.051654449535699,-130.83629576978458,-168.32527049973024,-1.0691344489654754e-09
716.3381999433981,213.69338555383482,4.051731316489544,-131.1300117594518,-168.7299115314944,-1.0691343817177587e-09
716.8381999433981,214.19312098476334,4.051807824673165,-131.4237277518847,-169.1345525343416,-1.0691343960471052e-09
717.3381999433981,214.69285764268497,4.0518839765916566,-131.7174437470865,-169.53919350850794,-1.0691343956915094e-09
717.8381999433981,215.19259551908732,4.051959774726856,-132.01115974505998,-169.9438344542272,-1.0691343397143387e-09
718.3381999433981,215.69233460553656,4.052035221537608,-132.3048757458079,-170.3484753717305,-1.0691345314415106e-09
718.8381999433981,216.19207489367648,4.0521103194600325,-132.5985917493324,-170.75311626124687,-1.0691346237783364e-09
719.3381999433981,216.69181637522763,4.052185070907786,-132.89230775563567,-171.1577571230027,-1.069134717035e-09
719.8381999433981,217.1915590419864,4.05225947827232,-133.1860237647194,-171.56239795722217,-1.0691347618961996e-09
720.3381999433981,217.69130288582423,4.052333543923134,-133.47973977658532,-171.96703876412693,-1.0691348455903642e-09
720.8381999433981,218.1910478986866,4.052407270208031,-133.7734557912346,-172.37167954393658,-1.0691347320049613e-09
721.3381999433981,218.6907940725924,4.052480659453359,-134.06717180866843,-172.77632029686822,-1.0691346806138246e-09
721.8381999433981,219.19054139963293,4.052553713964262,-134.3608878288875,-173.18096102313703,-1.0691347120944965e-09
722.3381999433981,219.69028987197115,4.052626436024915,-134.65460385189257,-173.58560172295566,-1.06913488271531e-09
722.8381999433981,220.19003948184084,4.052698827898766,-134.9483198776841,-173.99024239653463,-1.0691347818447947e-09
723.3381999433981,220.68979022154582,4.052770891828769,-135.24203590626223,-174.3948830440824,-1.0691343897315633e-09
723.8381999433981,221.1895420834592,4.052842630037615,-135.53575193762688,-174.79952366580534,-1.0691346043497899e-09
724.3381999433981,221.68929506002254,4.052914044727961,-135.8294679717779,-175.2041642619076,-1.0691345606157039e-09
724.8381999433981,222.1890491437451,4.052985138082655,-136.12318400871476,-175.60880483259135,-1.0691344914840042e-09
725.3381999433981,222.68880432720312,4.053055912264957,-136.41690004843687,-176.01344537805667,-1.0691343409046578e-09
725.8381999433981,223.18856060303898,4.05312636941876,-136.7106160909435,-176.41808589850154,-1.0691344598713102e-09
726.3381999433981,223.6883179639606,4.053196511668805,-137.00433213623344,-176.82272639412213,-1.0691343976836316e-09
726.8381999433981,224.18807640274062,4.053266341120893,-137.29804818430569,-177.2273668651124,-1.0691345550471496e-09
727.3381999433981,224.68783591221572,4.053335859862099,-137.59176423515882,-177.63200731166452,-1.0691345542078397e-09
727.8381999433981,225.18759648528587,4.053405069960978,-137.88548028879126,-178.03664773396875,-1.0691345563325734e-09
728.3381999433981,225.68735811491368,4.053473973467767,-138.17919634520138,-178.44128813221334,-1.0691346688620205e-09
728.8381999433981,226.18712079412367,4.053542572414592,-138.47291240438716,-178.84592850658473,-1.069134748316253e-09
729.3381999433981,226.68688451600167,4.053610868815666,-138.76662846634662,-179.2505688572675,-1.0691347509212107e-09
729.8381999433981,227.18664927369403,4.053678864667482,-139.06034453107742,-179.6552091844445,-1.069134659198128e-09
730.3381999433981,227.68641506040703,4.053746561949014,-139.35406059857732,-180.05984948829646,-1.0691345430065972e-09
730.8381999433981,228.18618186940625,4.053813962621902,-139.64777666884387,-180.46448976900263,-1.069134239263272e-09
731.3381999433981,228.68594969401587,4.0538810686306475,-139.94149274187438,-180.8691300267403,-1.0691341696935573e-09
731.8381999433981,229.18571852761806,4.053947881902796,-140.23520881766586,-181.2737702616852,-1.0691343250323963e-09
732.3381999433981,229.68548836365235,4.054014404349123,-140.5289248962155,-181.6784104740112,-1.0691344194077604e-09
732.8381999433981,230.185259195615,4.054080637863814,-140.82264097752017,-182.0830506638905,-1.069134612987868e-09
733.3381999433981,230.6850310170584,4.0541465843246485,-141.1163570615766,-182.48769083149367,-1.0691345578818325e-09
733.8381999433981,231.1848038215905,4.054212245593171,-141.41007314838157,-182.89233097698948,-1.0691346227529472e-09
734.3381999433981,231.6845776028741,4.054277623514873,-141.70378923793135,-183.29697110054528,-1.0691344492696396e-09
734.8381999433981,232.18435235462638,4.05434271991936,-141.99750533022242,-183.70161120232657,-1.0691342633331888e-09
735.3381999433981,232.6841280706183,4.054407536620523,-142.2912214252511,-184.10625128249737,-1.0691345051961943e-09
735.8381999433981,233.18390474467395,4.054472075416708,-142.5849375230136,-184.51089134122,-1.0691346022910813e-09
736.3381999433981,233.68368237067006,4.054536338090885,-142.8786536235058,-184.91553137865534,-1.0691343962621836e-09
736.8381999433981,234.18346094253545,4.054600326410806,-143.17236972672362,-185.32017139496278,-1.0691344134745616e-09
737.3381999433981,234.68324045425038,4.054664042129169,-143.46608583266303,-185.7248113902999,-1.0691344100920325e-09
737.8381999433981,235.18302089984613,4.054727486983783,-143.75980194131952,-186.1294513648231,-1.0691345146598207e-09
738.3381999433981,235.68280227340438,4.054790662697717,-144.05351805268873,-186.53409131868713,-1.0691347147619184e-09
738.8381999433981,236.1825845690567,4.0548535709794615,-144.34723416676624,-186.9387312520452,-1.0691344889432414e-09
739.3381999433981,236.68236778098404,4.054916213523083,-144.64095028354723,-187.34337116504926,-1.0691347138918042e-09
739.8381999433981,237.18215190341616,4.054978592008372,-144.93466640302708,-187.74801105784962,-1.0691345230574443e-09
740.3381999433981,237.6819369306312,4.055040708100996,-145.2283825252011,-188.1526509305952,-1.0691346950463235e-09
740.8381999433981,238.1817228569551,4.055102563452644,-145.52209865006432,-188.55729078343356,-1.0691346817800955e-09
741.3381999433981,238.6815096767612,4.055164159701181,-145.81581477761162,-188.96193061651098,-1.0691348958323315e-09
741.8381999433981,239.18129738446962,4.05522549847078,-146.10953090783806,-189.36657042997217,-1.0691349173636918e-09
742.3381999433981,239.68108597454682,4.055286581372077,-146.40324704073834,-189.7712102239606,-1.0691347419701972e-09
742.8381999433981,240.18087544150518,4.055347410002303,-146.69696317630735,-190.17584999861825,-1.0691349128441325e-09
743.3381999433981,240.68066577990245,4.0554079859454255,-146.99067931453965,-190.580489754086,-1.0691347631548585e-09
743.8381999433981,241.18045698434136,4.055468310772289,-147.28439545542997,-190.98512949050317,-1.0691344386814244e-09
744.3381999433981,241.68024904946904,4.055528386040748,-147.5781115989726,-191.389769208008,-1.0691348323138961e-09
744.8381999433981,242.18004196997668,4.055588213295799,-147.87182774516205,-191.79440890673743,-1.0691349621596128e-09
745.3381999433981,242.67983574059903,4.055647794069716,-148.1655438939928,-192.19904858682682,-1.0691349459792884e-09
745.8381999433981,243.17963035611396,4.055707129882181,-148.4592600454591,-192.6036882484107,-1.0691350126560765e-09
746.3381999433981,243.67942581134199,4.055766222240412,-148.75297619955512,-193.0083278916221,-1.0691351234358376e-09
746.8381999433981,244.17922210114588,4.05582507263929,-149.04669235627495,-193.412967516593,-1.0691349929214647e-09
747.3381999433981,244.6790192204302,4.055883682561484,-149.34040851561284,-193.81760712345394,-1.0691349663790626e-09
747.8381999433981,245.17881716414095,4.055942053477581,-149.6341246775626,-194.22224671233445,-1.0691349146023295e-09
748.3381999433981,245.67861592726507,4.056000186846203,-149.9278408421183,-194.6268862833629,-1.0691350319958076e-09
748.8381999433981,246.17841550483,4.056058084114127,-150.22155700927377,-195.03152583666633,-1.0691349939972801e-09
749.3381999433981,246.67821589190345,4.056115746716413,-150.515273179023,-195.43616537237062,-1.0691352701686569e-09
749.8381999433981,247.17801708359272,4.0561731760765145,-150.80898935135983,-195.8408048906006,-1.0691352823690008e-09
750.3381999433981,247.67781907504457,4.0562303736064,-151.10270552627776,-196.24544439148008,-1.0691352374575894e-09
750.8381999433981,248.1776218614446,4.056287340706667,-151.39642170377064,-196.65008387513146,-1.0691352364245112e-09
751.3381999433981,248.67742543801708,4.056344078766655,-151.690137883832,-197.0547233416763,-1.0691353449164191e-09
751.8381999433981,249.17722980002438,4.056400589164561,-151.98385406645554,-197.45936279123484,-1.0691355956003228e-09
752.3381999433981,249.67703494276665,4.05645687326755,-152.27757025163461,-197.86400222392655,-1.0691354434673975e-09
752.8381999433981,250.17684086158152,4.056512932431863,-152.57128643936295,-198.26864163986937,-1.069135665410962e-09
753.3381999433981,250.6766475518436,4.05656876800293,-152.86500262963375,-198.6732810391807,-1.0691356077952863e-09
753.8381999433981,251.17645500896418,4.0566243813154745,-153.1587188224404,-199.0779204219766,-1.069135498933e-09
754.3381999433981,251.6762632283909,4.056679773693618,-153.45243501777648,-199.482559788372,-1.0691354114426354e-09
754.8381999433981,252.1760722056073,4.056734946450992,-153.74615121563497,-199.88719913848104,-1.0691354982638715e-09
755.3381999433981,252.6758819361326,4.0567899008908315,-154.0398674160095,-200.29183847241663,-1.0691355993537057e-09
755.8381999433981,253.17569241552124,4.056844638306088,-154.3335836188931,-200.69647779029097,-1.0691352657100438e-09
756.3381999433981,253.6755036393625,4.056899159979523,-154.62729982427894,-201.101117092215,-1.0691354410042565e-09
756.8381999433981,254.17531560328027,4.0569534671838134,-154.92101603216025,-201.5057563782987,-1.0691351929422115e-09
757.3381999433981,254.6751283029327,4.057007561181646,-155.21473224253018,-201.91039564865127,-1.0691353834426568e-09
757.8381999433981,255.1749417340118,4.057061443225818,-155.50844845538165,-202.3150349033809,-1.069135467950792e-09
758.3381999433981,255.67475589224313,4.057115114559333,-155.8021646707079,-202.7196741425946,-1.069135210799925e-09
758.8381999433981,256.1745707733855,4.057168576415497,-156.09588088850188,-203.12431336639867,-1.0691354537335706e-09
759.3381999433981,256.67438637323056,4.057221830018013,-156.3895971087565,-203.52895257489845,-1.069135402670747e-09
759.8381999433981,257.1742026876027,4.05727487658107,-156.68331333146497,-203.93359176819823,-1.0691352457240344e-09
760.3381999433981,257.6740197123585,4.057327717309442,-156.97702955661995,-204.33823094640164,-1.0691356067569222e-09
760.8381999433981,258.17383744338645,4.0573803533985755,-157.27074578421448,-204.7428701096112,-1.0691354658702824e-09
761.3381999433981,258.67365587660686,4.057432786034679,-157.56446201424149,-205.14750925792853,-1.0691354882470482e-09
761.8381999433981,259.17347500797126,4.057485016394812,-157.8581782466938,-205.55214839145458,-1.0691356433389058e-09
762.3381999433981,259.67329483346225,4.057537045646978,-158.15189448156409,-205.95678751028925,-1.0691357003748943e-09
762.8381999433981,260.1731153490933,4.057588874950201,-158.4456107188455,-206.36142661453152,-1.0691357679496683e-09
763.3381999433981,260.67293655090816,4.057640505454624,-158.73932695853054,-206.76606570427975,-1.0691356659372353e-09
763.8381999433981,261.1727584349809,4.057691938301585,-159.03304320061193,-207.1707047796314,-1.069135540384568e-09
764.3381999433981,261.6725809974154,4.057743174623703,-159.32675944508262,-207.57534384068285,-1.0691353380834438e-09
764.8381999433981,262.17240423434527,4.0577942155449644,-159.62047569193533,-207.9799828875299,-1.0691354788608321e-09
765.3381999433981,262.67222814193326,4.0578450621808,-159.91419194116276,-208.38462192026742,-1.0691354433508791e-09
765.8381999433981,263.1720527163713,4.057895715638172,-160.20790819275757,-208.78926093898957,-1.0691355174465286e-09
766.3381999433981,263.67187795388,4.057946177015649,-160.5016244467124,-209.1938999437897,-1.0691354758518644e-09
766.8381999433981,264.17170385070864,4.057996447403487,-160.79534070302,-209.5985389347603,-1.0691354707173608e-09
767.3381999433981,264.67153040313445,4.05804652788371,-161.0890569616729,-210.0031779119931,-1.0691355464048763e-09
767.8381999433981,265.1713576074629,4.058096419530186,-161.3827732226638,-210.4078168755791,-1.0691357972027971e-09
768.3381999433981,265.67118546002695,4.058146123408701,-161.67648948598531,-210.81245582560845,-1.0691355501328472e-09
768.8381999433981,266.17101395718714,4.05819564057704,-161.97020575163006,-211.21709476217057,-1.0691356065968642e-09
769.3381999433981,266.6708430953312,4.058244972085058,-162.2639220195907,-211.6217336853541,-1.0691354075873961e-09
769.8381999433981,267.17067287087366,4.058294118974756,-162.5576382898597,-212.02637259524704,-1.069135182630392e-09
770.3381999433981,267.67050328025596,4.058343082280354,-162.85135456242995,-212.43101149193646,-1.069135474412477e-09
770.8381999433981,268.17033431994577,4.058391863028363,-163.14507083729364,-212.83565037550903,-1.0691357432129303e-09
771.3381999433981,268.67016598643704,4.058440462237657,-163.43878711444344,-213.24028924605048,-1.069135256671087e-09
771.8381999433981,269.1699982762497,4.058488880919544,-163.7325033938719,-213.64492810364584,-1.0691353684121533e-09
772.3381999433981,269.66983118592935,4.058537120077835,-164.02621967557175,-214.04956694837932,-1.0691354299275425e-09
772.8381999433981,270.16966471204705,4.058585180708916,-164.3199359595352,-214.45420578033477,-1.0691353910452604e-09
773.3381999433981,270.66949885119914,4.058633063801813,-164.61365224575505,-214.85884459959502,-1.0691352476169361e-09
773.8381999433981,271.1693336000069,4.058680770338262,-164.90736853422374,-215.26348340624227,-1.0691352890646448e-09
774.3381999433981,271.6691689551165,4.058728301292777,-165.20108482493384,-215.66812220035825,-1.0691353348449676e-09
774.8381999433981,272.16900491319853,4.0587756576327125,-165.49480111787776,-216.07276098202377,-1.0691349508604047e-09
775.3381999433981,272.668841470948,4.058822840318333,-165.78851741304808,-216.47739975131913,-1.0691350290205316e-09
775.8381999433981,273.168678625084,4.058869850302877,-166.08223371043738,-216.8820385083239,-1.0691352066599244e-09
776.3381999433981,273.66851637234953,4.058916688532618,-166.3759500100381,-217.28667725311703,-1.0691351219117507e-09
776.8381999433981,274.1683547095112,4.058963355946933,-166.66966631184263,-217.69131598577698,-1.0691351036250884e-09
777.3381999433981,274.6681936333592,4.0590098534783605,-166.96338261584367,-218.0959547063812,-1.0691352725380175e-09
777.8381999433981,275.1680331407067,4.059056182052667,-167.25709892203355,-218.50059341500688,-1.0691350533352954e-09
778.3381999433981,275.6678732283902,4.059102342588904,-167.55081523040488,-218.90523211173033,-1.0691352594830461e-09
778.8381999433981,276.16771389326885,4.059148335999471,-167.84453154095027,-219.3098707966273,-1.0691355005850273e-09
779.3381999433981,276.66755513222455,4.059194163190178,-168.13824785366205,-219.7145094697731,-1.06913517558745e-09
779.8381999433981,277.1673969421614,4.059239825060297,-168.43196416853286,-220.11914813124218,-1.0691352789573204e-09
780.3381999433981,277.667239320006,4.059285322502633,-168.72568048555507,-220.52378678110864,-1.0691353805387671e-09
780.8381999433981,278.1670822627067,4.059330656403569,-169.0193968047212,-220.9284254194458,-1.0691353627852758e-09
781.3381999433981,278.66692576723386,4.059375827643133,-169.31311312602398,-221.33306404632646,-1.0691357016918006e-09
781.8381999433981,279.16676983057937,4.059420837095051,-169.60682944945566,-221.73770266182282,-1.0691354359230245e-09
782.3381999433981,279.66661444975654,4.0594656856268045,-169.90054577500885,-222.14234126600653,-1.069135306647932e-09
782.8381999433981,280.1664596218,4.059510374099684,-170.1942621026761,-222.54697985894865,-1.0691354158158123e-09
783.3381999433981,280.6663053437654,4.059554903368847,-170.48797843244998,-222.95161844071959,-1.0691353652847816e-09
783.8381999433981,281.16615161272915,4.059599274283371,-170.7816947643228,-223.3562570113895,-1.0691355127310798e-09
784.3381999433981,281.6659984257886,4.059643487686306,-171.0754110982875,-223.76089557102748,-1.069135437488918e-09
784.8381999433981,282.1658457800613,4.059687544414732,-171.36912743433635,-224.16553411970256,-1.0691355464252707e-09
785.3381999433981,282.66569367268534,4.059731445299809,-171.66284377246194,-224.57017265748297,-1.0691354863945921e-09
785.8381999433981,283.1655421008188,4.059775191166827,-171.95656011265675,-224.9748111844365,-1.069135616500163e-09
786.3381999433981,283.66539106163987,4.059818782835263,-172.2502764549135,-225.37944970063032,-1.0691354713566606e-09
786.8381999433981,284.1652405523464,4.059862221118828,-172.54399279922458,-225.7840882061312,-1.0691355433171347e-09
787.3381999433981,284.66509057015594,4.059905506825518,-172.83770914558275,-226.1887267010052,-1.0691356001421412e-09
787.8381999433981,285.1649411123054,4.059948640757667,-173.13142549398046,-226.59336518531808,-1.069135573293196e-09
788.3381999433981,285.6647921760511,4.059991623711992,-173.42514184441035,-226.9980036591349,-1.069135794919932e-09
788.8381999433981,286.16464375866826,4.060034456479648,-173.71885819686497,-227.4026421225203,-1.0691356651525494e-09
789.3381999433981,286.6644958574513,4.0600771398462685,-174.01257455133708,-227.80728057553839,-1.0691356462222367e-09
789.8381999433981,287.16434846971316,4.060119674592022,-174.30629090781915,-228.21191901825281,-1.0691358415531693e-09
790.3381999433981,287.6642015927856,4.060162061491653,-174.6000072663038,-228.6165574507268,-1.0691354722081092e-09
790.8381999433981,288.16405522401874,4.060204301314532,-174.89372362678375,-229.02119587302286,-1.0691354057225927e-09
791.3381999433981,288.66390936078096,4.060246394824703,-175.1874399892517,-229.4258342852032,-1.0691354574976462e-09
791.8381999433981,289.16376400045885,4.060288342780926,-175.48115635370007,-229.83047268732955,-1.0691353618995513e-09
792.3381999433981,289.66361914045694,4.060330145936726,-175.77487272012172,-230.2351110794631,-1.0691355919299986e-09
792.8381999433981,290.1634747781976,4.060371805040436,-176.06858908850927,-230.63974946166456,-1.0691357034092062e-09
793.3381999433981,290.6633309111209,4.060413320835242,-176.36230545885542,-231.04438783399425,-1.0691355485228468e-09
793.8381999433981,291.16318753668435,4.060454694059229,-176.65602183115286,-231.4490261965119,-1.0691357531613244e-09
794.3381999433981,291.6630446523629,4.06049592544542,-176.9497382053944,-231.8536645492769,-1.069135773555059e-09
794.8381999433981,292.1629022556487,4.060537015721827,-177.24345458157262,-232.25830289234815,-1.069135839782376e-09
795.3381999433981,292.66276034405104,4.060577965611484,-177.53717095968034,-232.66294122578415,-1.069135677517484e-09
795.8381999433981,293.162618915096,4.0606187758325,-177.83088733971024,-233.06757954964283,-1.0691357515693572e-09
796.3381999433981,293.6624779663266,4.060659447098092,-178.1246037216551,-233.47221786398183,-1.0691357575586513e-09
796.8381999433981,294.16233749530244,4.060699980116631,-178.41832010550766,-233.87685616885827,-1.0691355887330104e-09
797.3381999433981,294.66219749959964,4.060740375591682,-178.71203649126073,-234.28149446432886,-1.0691355165690111e-09
797.8381999433981,295.1620579768107,4.060780634222046,-179.0057528789071,-234.6861327504499,-1.069135656149851e-09
798.3381999433981,295.66191892454424,4.060820756701797,-179.29946926843957,-235.09077102727716,-1.0691354738083449e-09
798.8381999433981,296.16178034042514,4.060860743720325,-179.59318565985112,-235.49540929486605,-1.0691357508869512e-09
799.3381999433981,296.66164222209414,4.0609005959623765,-179.88690205313432,-235.90004755327172,-1.06913580703386e-09
799.8381999433981,297.1615045672078,4.060940314108088,-180.18061844828213,-236.3046858025487,-1.0691353454748467e-09
800.3381999433981,297.66136737343845,4.060979898833031,-180.4743348452875,-236.7093240427511,-1.0691353802694005e-09
800.8381999433981,298.16123063847385,4.0610193508082455,-180.76805124414312,-237.11396227393286,-1.0691355076551859e-09
801.3381999433981,298.66109436001733,4.06105867070028,-181.06176764484212,-237.5186004961472,-1.0691354468122584e-09
801.8381999433981,299.1609585357874,4.061097859171231,-181.3554840473772,-237.92323870944725,-1.0691354322584452e-09
802.3381999433981,299.6608231635178,4.061136916878776,-181.64920045174134,-238.32787691388555,-1.0691356724638423e-09
802.8381999433981,300.16068824095737,4.061175844476212,-181.94291685792746,-238.73251510951437,-1.0691357390541334e-09
803.3381999433981,300.6605537658698,4.0612146426124935,-182.2366332659285,-239.13715329638546,-1.0691357615780737e-09
803.8381999433981,301.1604197360336,4.0612533119322665,-182.53034967573745,-239.54179147455028,-1.0691356326760036e-09
804.3381999433981,301.6602861492419,4.061291853075904,-182.82406608734743,-239.9464296440598,-1.069135344219714e-09
804.8381999433981,302.1601530033026,4.061330266679544,-183.1177825007512,-240.35106780496486,-1.069135719531287e-09
805.3381999433981,302.66002029603777,4.061368553375122,-183.41149891594193,-240.75570595731566,-1.0691356510702575e-09
805.8381999433981,303.159888025284,4.061406713790404,-183.70521533291264,-241.1603441011621,-1.069135514494736e-09
806.3381999433981,303.6597561888919,4.061444748549028,-183.99893175165636,-241.56498223655387,-1.0691357545391499e-09
806.8381999433981,304.1596247847263,4.061482658270529,-184.292648172166,-241.96962036354014,-1.069135578583485e-09
807.3381999433981,304.659493810666,4.061520443570377,-184.58636459443477,-242.37425848216972,-1.0691356052570588e-09
807.8381999433981,305.15936326460354,4.061558105060011,-184.88008101845574,-242.77889659249115,-1.0691356284730292e-09
808.3381999433981,305.65923314444535,4.061595643346872,-185.17379744422186,-243.18353469455266,-1.0691355362096116e-09
808.8381999433981,306.1591034481114,4.061633059034432,-185.4675138717265,-243.58817278840186,-1.069135494581239e-09
809.3381999433981,306.6589741735352,4.06167035272223,-185.7612303009627,-243.99281087408633,-1.0691354611280623e-09
809.8381999433981,307.15884531866374,4.061707525005904,-186.05494673192356,-244.3974489516531,-1.0691356606782358e-09
810.3381999433981,307.65871688145717,4.061744576477219,-186.34866316460224,-244.80208702114905,-1.0691356546596903e-09
810.8381999433981,308.15858885988894,4.061781507724103,-186.64237959899205,-245.20672508262047,-1.0691356457488071e-09
811.3381999433981,308.65846125194554,4.0618183193306745,-186.9360960350861,-245.61136313611354,-1.069135725118512e-09
811.8381999433981,309.1583340556264,4.061855011877277,-187.22981247287746,-246.01600118167406,-1.0691357913931545e-09
812.3381999433981,309.65820726894407,4.061891585940505,-187.52352891235972,-246.4206392193473,-1.0691356495326146e-09
812.8381999433981,310.15808088992355,4.061928042093237,-187.81724535352592,-246.82527724917844,-1.0691355305651375e-09
813.3381999433981,310.6579549166027,4.061964380904667,-188.1109617963692,-247.22991527121243,-1.0691356419381594e-09
813.8381999433981,311.1578293470319,4.062000602940327,-188.40467824088304,-247.6345532854936,-1.0691355845979923e-09
814.3381999433981,311.657704179274,4.062036708762126,-188.69839468706078,-248.03919129206596,-1.069135791571556e-09
814.8381999433981,312.1575794114042,4.062072698928373,-188.99211113489565,-248.44382929097344,-1.0691356051365872e-09
815.3381999433981,312.65745504151005,4.062108573993806,-189.28582758438088,-248.84846728225978,-1.0691356737163896e-09
815.8381999433981,313.15733106769125,4.062144334509622,-189.5795440355099,-249.25310526596803,-1.0691355711618401e-09
816.3381999433981,313.6572074880595,4.062179981023505,-189.8732604882762,-249.65774324214104,-1.069135429052478e-09
816.8381999433981,314.1570843007385,4.062215514079653,-190.16697694267313,-250.0623812108214,-1.0691355155721007e-09
817.3381999433981,314.656961503864,4.062250934218807,-190.4606933986942,-250.4670191720514,-1.069135768892851e-09
817.8381999433981,315.15683909558334,4.062286241978279,-190.75440985633256,-250.87165712587324,-1.0691355915944534e-09
818.3381999433981,315.6567170740556,4.062321437891975,-191.04812631558175,-251.27629507232854,-1.0691355950453492e-09
818.8381999433981,316.1565954374516,4.062356522490427,-191.3418427764354,-251.6809330114586,-1.0691357615680743e-09
819.3381999433981,316.65647418395343,4.062391496300817,-191.63555923888688,-252.08557094330456,-1.069135773118469e-09
819.8381999433981,317.1563533117549,4.062426359847004,-191.92927570292966,-252.49020886790746,-1.069135602924184e-09
820.3381999433981,317.65623281906096,4.062461113649549,-192.22299216855728,-252.89484678530764,-1.0691357804362593e-09
820.8381999433981,318.15611270408783,4.062495758225744,-192.5167086357631,-253.2994846955456,-1.0691357505725508e-09
821.3381999433981,318.655992965063,4.0625302940896315,-192.81042510454108,-253.70412259866103,-1.0691358712922632e-09
821.8381999433981,319.1558736002249,4.062564721752039,-193.1041415748845,-254.10876049469385,-1.0691357231568464e-09
822.3381999433981,319.655754607823,4.0625990417205955,-193.3978580467869,-254.51339838368358,-1.0691359055107401e-09
822.8381999433981,320.15563598611766,4.062633254499762,-193.69157452024194,-254.91803626566917,-1.069135715794545e-09
823.3381999433981,320.65551773338007,4.062667360590852,-193.98529099524345,-255.32267414068954,-1.0691357872250197e-09
823.8381999433981,321.15539984789217,4.062701360492061,-194.27900747178475,-255.7273120087835,-1.0691358046978736e-09
824.3381999433981,321.6552823279465,4.062735254698485,-194.5727239498598,-256.13194986998917,-1.069135841933819e-09
824.8381999433981,322.15516517184625,4.0627690437021515,-194.8664404294621,-256.53658772434477,-1.0691357060249633e-09
825.3381999433981,322.655048377905,4.062802727992035,-195.16015691058539,-256.94122557188814,-1.0691358273118313e-09
825.8381999433981,323.1549319444468,4.062836308054088,-195.45387339322326,-257.3458634126569,-1.0691359269448026e-09
826.3381999433981,323.65481586980593,4.062869784371259,-195.74758987736965,-257.7505012466883,-1.0691358512098526e-09
826.8381999433981,324.15470015232705,4.062903157423518,-196.0413063630182,-258.15513907401936,-1.0691360451535129e-09
827.3381999433981,324.6545847903649,4.062936427687881,-196.33502285016283,-258.5597768946869,-1.0691359719208998e-09
827.8381999433981,325.1544697822843,4.062969595638431,-196.628739338797,-258.96441470872765,-1.0691361666993426e-09
828.3381999433981,325.65435512646013,4.063002661746338,-196.92245582891468,-259.3690525161777,-1.06913625967551e-09
828.8381999433981,326.1542408212772,4.063035626479885,-197.21617232050983,-259.7736903170732,-1.0691359462992105e-09
829.3381999433981,326.65412686513014,4.06306849030449,-197.50988881357617,-260.17832811144996,-1.0691358883620643e-09
829.8381999433981,327.15401325642335,4.063101253682725,-197.80360530810754,-260.58296589934355,-1.069135979990991e-09
830.3381999433981,327.65389999357103,4.0631339170743415,-198.09732180409782,-260.98760368078933,-1.069136055448251e-09
830.8381999433981,328.15378707499696,4.063166480936288,-198.39103830154096,-261.3922414558224,-1.0691357838290998e-09
831.3381999433981,328.6536744991344,4.063198945722734,-198.6847548004309,-261.7968792244775,-1.0691360253167588e-09
831.8381999433981,329.1535622644263,4.06323131188509,-198.97847130076147,-262.2015169867894,-1.0691358339226008e-09
832.3381999433981,329.6534503693248,4.06326357987203,-199.27218780252682,-262.6061547427923,-1.06913577096386e-09
832.8381999433981,330.15333881229157,4.063295750129509,-199.56590430572072,-263.0107924925205,-1.0691358424960137e-09
833.3381999433981,330.6532275917975,4.063327823100787,-199.85962081033742,-263.4154302360079,-1.0691361474747066e-09
833.8381999433981,331.1531167063226,4.063359799226448,-200.15333731637054,-263.82006797328836,-1.0691359599511069e-09
834.3381999433981,331.6530061543561,4.063391678944419,-200.44705382381426,-264.2247057043952,-1.0691357810791079e-09
834.8381999433981,332.1528959343963,4.063423462689991,-200.74077033266283,-264.62934342936165,-1.0691359802957146e-09
835.3381999433981,332.6527860449506,4.063455150895841,-201.03448684291004,-265.03398114822085,-1.0691360205226215e-09
835.8381999433981,333.152676484535,4.063486743992046,-201.32820335455008,-265.4386188610055,-1.0691360571239732e-09
836.3381999433981,333.6525672516747,4.063518242406108,-201.62191986757708,-265.8432565677483,-1.069136038341672e-09
836.8381999433981,334.15245834490366,4.06354964656297,-201.91563638198508,-266.2478942684816,-1.069136000267001e-09
837.3381999433981,334.65234976276446,4.063580956885039,-202.2093528977683,-266.65253196323755,-1.0691357821128229e-09
837.8381999433981,335.1522415038084,4.0636121737921975,-202.50306941492093,-267.0571696520481,-1.0691357743264882e-09
838.3381999433981,335.65213356659535,4.063643297701831,-202.79678593343706,-267.4618073349451,-1.0691358853471645e-09
838.8381999433981,336.1520259496938,4.06367432902884,-203.09050245331105,-267.86644501195974,-1.069135839303681e-09
839.3381999433981,336.6519186516806,4.063705268185664,-203.3842189745369,-268.27108268312367,-1.069135808796693e-09
839.8381999433981,337.15181167114116,4.063736115582293,-203.67793549710882,-268.6757203484681,-1.069135510872177e-09
840.3381999433981,337.65170500666915,4.063766871626291,-203.97165202102107,-269.0803580080237,-1.0691357083405485e-09
840.8381999433981,338.15159865686655,4.063797536722814,-204.26536854626795,-269.48499566182136,-1.069135662425076e-09
841.3381999433981,338.6514926203436,4.0638281112746215,-204.559085072844,-269.88963330989134,-1.0691356769122275e-09
841.8381999433981,339.1513868957187,4.063858595682103,-204.8528016007432,-270.2942709522642,-1.069135698201021e-09
842.3381999433981,339.65128148161835,4.06388899034329,-205.14651812995993,-270.69890858897,-1.069135749553177e-09
842.8381999433981,340.1511763766771,4.063919295653874,-205.44023466048853,-271.10354622003877,-1.0691356812848763e-09
843.3381999433981,340.6510715795375,4.063949512007223,-205.73395119232336,-271.50818384550007,-1.0691356657122638e-09
843.8381999433981,341.15096708885,4.063979639794401,-206.02766772545903,-271.9128214653834,-1.069135699236078e-09
844.3381999433981,341.650862903273,4.064009679404184,-206.32138425988956,-272.3174590797183,-1.0691357702304664e-09
844.8381999433981,342.15075902147265,4.064039631223074,-206.61510079560966,-272.72209668853367,-1.0691356253861078e-09
845.3381999433981,342.6506554421229,4.06406949563532,-206.90881733261352,-273.1267342918587,-1.069135786278595e-09
845.8381999433981,343.1505521639054,4.064099273022932,-207.20253387089562,-273.5313718897222,-1.0691356752596813e-09
846.3381999433981,343.65044918550944,4.064128963765695,-207.49625041045064,-273.9360094821526,-1.0691355620306572e-09
846.8381999433981,344.15034650563194,4.06415856824119,-207.7899669512729,-274.3406470691783,-1.0691356216093256e-09
847.3381999433981,344.6502441229773,4.0641880868248075,-208.08368349335692,-274.74528465082767,-1.0691354977787156e-09
847.8381999433981,345.1501420362574,4.0642175198897625,-208.3774000366971,-275.1499222271287,-1.069135788701396e-09
848.3381999433981,345.6500402441917,4.064246867807111,-208.6711165812882,-275.55455979810927,-1.069135690782236e-09
848.8381999433981,346.1499387455068,4.064276130945768,-208.96483312712462,-275.959197363797,-1.0691356379970902e-09
849.3381999433981,346.6498375389368,4.064305309672516,-209.25854967420108,-276.3638349242194,-1.0691358261171207e-09
849.8381999433981,347.1497366232231,4.064334404352031,-209.55226622251197,-276.768472479404,-1.0691358784627993e-09
850.3381999433981,347.6496359971141,4.064363415346887,-209.845982772052,-277.1731100293778,-1.069136045932675e-09
850.8381999433981,348.14953565936565,4.064392343017578,-210.1396993228159,-277.57774757416786,-1.069136017338016e-09
851.3381999433981,348.6494356087405,4.06442118772253,-210.433415874798,-277.98238511380106,-1.0691360921538305e-09
851.8381999433981,349.14933584400853,4.064449949818117,-210.72713242799327,-278.38702264830386,-1.069136084388779e-09
852.3381999433981,349.6492363639467,4.064478629658675,-211.02084898239627,-278.7916601777029,-1.069136202590245e-09
852.8381999433981,350.1491371673389,4.064507227596515,-211.31456553800186,-279.1962977020244,-1.0691363142315344e-09
853.3381999433981,350.64903825297586,4.064535743981942,-211.60828209480442,-279.6009352212946,-1.0691361571403621e-09
853.8381999433981,351.14893961965527,4.0645641791632645,-211.901998652799,-280.0055727355395,-1.0691362977518566e-09
854.3381999433981,351.64884126618165,4.064592533486811,-212.19571521198017,-280.4102102447848,-1.0691362670578065e-09
854.8381999433981,352.1487431913662,4.0646208072969445,-212.48943177234275,-280.8148477490563,-1.0691361674750248e-09
855.3381999433981,352.64864539402686,4.064649000936074,-212.78314833388157,-281.2194852483794,-1.069136150981506e-09
855.8381999433981,353.14854787298833,4.06467711474467,-213.07686489659133,-281.62412274277943,-1.0691361738904329e-09
856.3381999433981,353.6484506270819,4.064705149061281,-213.3705814604669,-282.02876023228174,-1.0691360076571825e-09
856.8381999433981,354.1483536551454,4.064733104222539,-213.66429802550311,-282.4333977169112,-1.0691360190664141e-09
857.3381999433981,354.64825695602326,4.064760980563184,-213.95801459169473,-282.83803519669283,-1.0691361416809953e-09
857.8381999433981,355.14816052856634,4.064788778416067,-214.2517311590368,-283.2426726716512,-1.06913584179397e-09
858.3381999433981,355.64806437163196,4.064816498112169,-214.54544772752413,-283.647310141811,-1.0691358619658392e-09
858.8381999433981,356.14796848408383,4.064844139980614,-214.8391642971515,-284.0519476071965,-1.0691357728179525e-09
859.3381999433981,356.647872864792,4.064871704348679,-215.132880867914,-284.45658506783207,-1.0691361086059713e-09
859.8381999433981,357.14777751263296,4.0648991915418105,-215.42659743980659,-284.8612225237417,-1.0691359892779348e-09
860.3381999433981,357.64768242648927,4.064926601883635,-215.72031401282402,-285.26585997494954,-1.0691357710193877e-09
860.8381999433981,358.14758760524984,4.064953935695972,-216.01403058696138,-285.6704974214793,-1.0691360042077028e-09
861.3381999433981,358.64749304780975,4.064981193298847,-216.30774716221396,-286.0751348633545,-1.069135923569343e-09
861.8381999433981,359.14739875307015,4.065008375010503,-216.60146373857634,-286.4797723005989,-1.0691360611070563e-09
862.3381999433981,359.64730471993835,4.065035481147417,-216.89518031604354,-286.8844097332358,-1.069135871947571e-09
862.8381999433981,360.1472109473277,4.065062512024305,-217.18889689461082,-287.2890471612885,-1.0691359673915036e-09
863.3381999433981,360.64711743415756,4.06508946795414,-217.4826134742732,-287.6936845847801,-1.0691361062863738e-09
863.8381999433981,361.1470241793532,4.065116349248162,-217.7763300550258,-288.0983220037333,-1.069136051398869e-09
864.3381999433981,361.64693118184584,4.06514315621589,-218.07004663686374,-288.502959418171,-1.0691359699859077e-09
864.8381999433981,362.14683844057265,4.065169889165135,-218.36376321978196,-288.90759682811597,-1.0691362136880933e-09
865.3381999433981,362.64674595447656,4.065196548402011,-218.6574798037757,-289.3122342335908,-1.0691361327536338e-09
865.8381999433981,363.1466537225064,4.065223134230946,-218.95119638883986,-289.7168716346179,-1.0691361650055238e-09
866.3381999433981,363.6465617436167,4.065249646954693,-219.24491297496982,-290.12150903121943,-1.0691362438415652e-09
866.8381999433981,364.1464700167677,4.065276086874344,-219.53862956216082,-290.52614642341746,-1.0691361096375606e-09
867.3381999433981,364.64637854092535,4.06530245428934,-219.8323461504079,-290.93078381123416,-1.0691362576760615e-09
867.8381999433981,365.14628731506133,4.065328749497482,-220.12606273970647,-291.3354211946912,-1.0691363210925884e-09
868.3381999433981,365.6461963381528,4.0653549727949425,-220.41977933005148,-291.7400585738105,-1.0691363094225512e-09
868.8381999433981,366.1461056091825,4.065381124476277,-220.7134959214384,-292.14469594861345,-1.0691362256516793e-09
869.3381999433981,366.6460151271388,4.065407204834434,-221.00721251386219,-292.54933331912184,-1.0691358870877204e-09
869.8381999433981,367.14592489101557,4.065433214160768,-221.3009291073184,-292.95397068535675,-1.0691358228692758e-09
870.3381999433981,367.645834899812,4.0654591527450465,-221.59464570180234,-293.35860804733943,-1.0691363577057385e-09
870.8381999433981,368.14574515253275,4.065485020875466,-221.88836229730916,-293.7632454050909,-1.0691363198157158e-09
871.3381999433981,368.64565564818804,4.065510818838657,-222.1820788938343,-294.1678827586323,-1.0691363855293983e-09
871.8381999433981,369.1455663857932,4.0655365469197005,-222.47579549137308,-294.5725201079843,-1.069136006748602e-09
872.3381999433981,369.64547736436896,4.065562205402133,-222.76951208992074,-294.97715745316765,-1.0691359978733431e-09
872.8381999433981,370.1453885829414,4.065587794567962,-223.06322868947254,-295.38179479420313,-1.069135968476293e-09
873.3381999433981,370.64530004054177,4.0656133146976705,-223.35694529002427,-295.786432131111,-1.0691359500859286e-09
873.8381999433981,371.14521173620653,4.065638766070232,-223.65066189157113,-296.1910694639116,-1.0691359670290108e-09
874.3381999433981,371.6451236689773,4.06566414896312,-223.94437849410826,-296.5957067926254,-1.069135875746827e-09
874.8381999433981,372.1450358379009,4.0656894636523155,-224.23809509763143,-297.0003441172723,-1.069135771932133e-09
875.3381999433981,372.6449482420291,4.065714710412319,-224.5318117021361,-297.40498143787204,-1.06913582027496e-09
875.8381999433981,373.14486088041895,4.065739889516161,-224.8255283076177,-297.80961875444484,-1.0691359388565245e-09
876.3381999433981,373.6447737521324,4.065765001235411,-225.11924491407157,-298.2142560670104,-1.0691360434544525e-09
876.8381999433981,374.14468685623643,4.065790045840186,-225.4129615214932,-298.6188933755884,-1.0691358951196245e-09
877.3381999433981,374.64460019180297,4.0658150235991615,-225.70667812987824,-299.0235306801982,-1.0691358633197805e-09
877.8381999433981,375.14451375790895,4.065839934779582,-226.0003947392223,-299.42816798085926,-1.0691359976256023e-09
878.3381999433981,375.6444275536361,4.06586477964727,-226.29411134952056,-299.8328052775909,-1.069135822598232e-09
878.8381999433981,376.1443415780711,4.0658895584666315,-226.58782796076903,-300.2374425704122,-1.069135900834674e-09
879.3381999433981,376.64425583030544,4.065914271500673,-226.88154457296307,-300.6420798593423,-1.0691357530609616e-09
879.8381999433981,377.1441703094354,4.065938919011004,-227.17526118609825,-301.04671714440013,-1.0691356303419038e-09
880.3381999433981,377.6440850145621,4.065963501257851,-227.46897780017002,-301.45135442560473,-1.069135555357271e-09
880.8381999433981,378.1439999447913,4.065988018500063,-227.76269441517414,-301.8559917029747,-1.0691358246693902e-09
881.3381999433981,378.64391509923354,4.066012470995121,-228.0564110311063,-302.2606289765286,-1.0691358848937082e-09
881.8381999433981,379.14383047700403,4.06603685899915,-228.3501276479623,-302.66526624628483,-1.0691358177847635e-09
882.3381999433981,379.6437460772226,4.0660611827669255,-228.6438442657374,-303.06990351226216,-1.0691358322073198e-09
882.8381999433981,380.14366189901375,4.066085442551883,-228.93756088442757,-303.4745407744786,-1.0691357871378107e-09
883.3381999433981,380.6435779415065,4.066109638606127,-229.23127750402847,-303.8791780329525,-1.0691356750571552e-09
883.8381999433981,381.1434942038345,4.066133771180438,-229.52499412453574,-304.2838152877018,-1.0691356808601426e-09
884.3381999433981,381.64341068513585,4.066157840524284,-229.81871074594522,-304.68845253874457,-1.0691358463337273e-09
884.8381999433981,382.14332738455323,4.066181846885828,-230.11242736825247,-305.09308978609886,-1.0691357553440516e-09
885.3381999433981,382.6432443012337,4.066205790511935,-230.40614399145338,-305.49772702978214,-1.069135704979794e-09
885.8381999433981,383.14316143432893,4.066229671648182,-230.6998606155436,-305.90236426981244,-1.069135596476012e-09
886.3381999433981,383.6430787829948,4.066253490538866,-230.9935772405192,-306.3070015062069,-1.0691355797140886e-09
886.8381999433981,384.1429963463916,4.0662772474270135,-231.2872938663756,-306.71163873898337,-1.0691356079489337e-09
887.3381999433981,384.64291412368414,4.066300942554386,-231.58101049310895,-307.116275968159,-1.0691358146540317e-09
887.8381999433981,385.1428321140414,4.066324576161491,-231.87472712071474,-307.52091319375137,-1.0691357781451959e-09
888.3381999433981,385.64275031663675,4.066348148487588,-232.1684437491891,-307.92555041577737,-1.069135807605141e-09
888.8381999433981,386.1426687306477,4.066371659770699,-232.46216037852793,-308.33018763425406,-1.0691356019564256e-09
889.3381999433981,386.6425873552562,4.066395110247614,-232.7558770087268,-308.7348248491986,-1.0691359232665674e-09
889.8381999433981,387.1425061896482,4.0664185001539,-233.04959363978165,-309.139462060628,-1.0691358139852663e-09
890.3381999433981,387.642425233014,4.066441829723909,-233.34331027168872,-309.5440992685586,-1.0691359593834085e-09
890.8381999433981,388.142344484548,4.066465099190787,-233.63702690444356,-309.9487364730075,-1.0691361021249897e-09
891.3381999433981,388.64226394344877,4.066488308786479,-233.93074353804215,-310.35337367399126,-1.0691362155296784e-09
891.8381999433981,389.1421836089189,4.066511458741737,-234.22446017248058,-310.75801087152627,-1.0691361020466517e-09
892.3381999433981,389.6421034801652,4.066534549286132,-234.5181768077548,-311.1626480656289,-1.069136173875957e-09
892.8381999433981,390.1420235563984,4.066557580648056,-234.81189344386067,-311.5672852563156,-1.0691359485553862e-09
893.3381999433981,390.6419438368333,4.066580553054734,-235.10561008079415,-311.97192244360264,-1.069136092746642e-09
893.8381999433981,391.1418643206888,4.066603466732226,-235.39932671855138,-312.37655962750597,-1.0691361720572158e-09
894.3381999433981,391.64178500718765,4.066626321905441,-235.6930433571284,-312.7811968080418,-1.0691362940535257e-09
894.8381999433981,392.1417058955566,4.066649118798141,-235.98675999652102,-313.18583398522605,-1.069136242958377e-09
895.3381999433981,392.64162698502633,4.066671857632947,-236.28047663672524,-313.59047115907475,-1.0691359107520388e-09
895.8381999433981,393.1415482748315,4.066694538631348,-236.5741932777374,-313.99510832960345,-1.069136113113916e-09
896.3381999433981,393.6414697642105,4.066717162013709,-236.86790991955354,-314.39974549682785,-1.0691360023824258e-09
896.8381999433981,394.14139145240574,4.066739727999275,-237.1616265621696,-314.80438266076374,-1.069135866737526e-09
897.3381999433981,394.6413133386633,4.066762236806183,-237.45534320558156,-315.2090198214266,-1.0691359783034984e-09
897.8381999433981,395.14123542223314,4.066784688651464,-237.7490598497858,-315.6136569788317,-1.069135903699611e-09
898.3381999433981,395.641157702369,4.066807083751052,-238.0427764947784,-316.01829413299447,-1.0691360029379043e-09
898.8381999433981,396.1410801783284,4.066829422319793,-238.33649314055538,-316.42293128393027,-1.0691360375598323e-09
899.3381999433981,396.6410028493726,4.066851704571447,-238.630209787113,-316.82756843165413,-1.0691360609742365e-09
899.8381999433981,397.1409257147665,4.066873930718701,-238.92392643444725,-317.2322055761813,-1.0691359306772272e-09
900.3381999433981,397.64084877377877,4.066896100973171,-239.21764308255445,-317.63684271752675,-1.0691360677342197e-09
900.8381999433981,398.1407720256817,4.066918215545409,-239.51135973143067,-318.0414798557054,-1.0691360369962034e-09
901.3381999433981,398.6406954697512,4.066940274644913,-239.80507638107233,-318.4461169907321,-1.069135875424241e-09
901.8381999433981,399.14061910526686,4.066962278480129,-240.09879303147557,-318.8507541226214,-1.0691360688846013e-09
902.3381999433981,399.64054293151185,4.066984227258462,-240.3925096826366,-319.2553912513883,-1.0691359992295138e-09
902.8381999433981,400.14046694777284,4.067006121186282,-240.6862263345516,-319.6600283770473,-1.0691359597298237e-09
903.3381999433981,400.64039115334015,4.067027960468924,-240.97994298721687,-320.0646654996129,-1.069135874824183e-09
903.8381999433981,401.14031554750756,4.0670497453107055,-241.27365964062858,-320.4693026190996,-1.0691359297499021e-09
904.3381999433981,401.6402401295724,4.067071475914922,-241.56737629478314,-320.87393973552173,-1.0691358656266557e-09
904.8381999433981,402.14016489883556,4.067093152483861,-241.8610929496767,-321.2785768488937,-1.0691361146759568e-09
905.3381999433981,402.64008985460123,4.067114775218803,-242.15480960530587,-321.6832139592295,-1.0691359854565302e-09
905.8381999433981,403.1400149961771,4.067136344320033,-242.44852626166684,-322.08785106654324,-1.069135817015142e-09
906.3381999433981,403.63994032287434,4.067157859986841,-242.74224291875586,-322.4924881708492,-1.0691360972779387e-09
906.8381999433981,404.1398658340075,4.067179322417533,-243.03595957656933,-322.8971252721612,-1.0691359737805377e-09
907.3381999433981,404.6397915288944,4.067200731809435,-243.32967623510348,-323.30176237049324,-1.069135682779584e-09
907.8381999433981,405.13971740685645,4.067222088358898,-243.62339289435465,-323.7063994658592,-1.0691357701150704e-09
908.3381999433981,405.6396434672182,4.067243392261306,-243.91710955431938,-324.1110365582728,-1.0691358771706603e-09
908.8381999433981,406.1395697093076,4.067264643711079,-244.2108262149941,-324.51567364774763,-1.069135971617655e-09
909.3381999433981,406.6394961324558,4.067285842901684,-244.50454287637524,-324.92031073429735,-1.069135783268108e-09
909.8381999433981,407.13942273599736,4.067306990025635,-244.79825953845906,-325.3249478179354,-1.0691360570338895e-09
910.3381999433981,407.63934951927007,4.067328085274505,-245.0919762012421,-325.72958489867545,-1.0691360451632823e-09
910.8381999433981,408.1392764816149,4.0673491288389245,-245.38569286472077,-326.13422197653074,-1.0691358616740176e-09
911.3381999433981,408.63920362237604,4.067370120908594,-245.67940952889168,-326.53885905151446,-1.0691358382850825e-09
911.8381999433981,409.13913094090094,4.067391061672286,-245.97312619375114,-326.9434961236401,-1.069135991514217e-09
912.3381999433981,409.6390584365402,4.067411951317851,-246.26684285929565,-327.3481331929207,-1.0691358899673386e-09
912.8381999433981,410.13898610864754,4.067432790032225,-246.56055952552185,-327.7527702593694,-1.0691359197023942e-09
913.3381999433981,410.63891395657987,4.067453578001432,-246.85427619242606,-328.15740732299923,-1.06913594088717e-09
913.8381999433981,411.1388419796972,4.0674743154105935,-247.14799286000468,-328.5620443838233,-1.0691358151506647e-09
914.3381999433981,411.63877017736263,4.067495002443929,-247.44170952825468,-328.9666814418542,-1.0691358319021352e-09
914.8381999433981,412.1386985489424,4.067515639284766,-247.73542619717233,-329.371318497105,-1.0691359137633118e-09
915.3381999433981,412.6386270938057,4.067536226115544,-248.02914286675397,-329.77595554958856,-1.0691357733880936e-09
915.8381999433981,413.1385558113249,4.0675567631178176,-248.3228595369965,-330.1805925993173,-1.0691357517606967e-09
916.3381999433981,413.6384847008754,4.067577250472265,-248.61657620789646,-330.58522964630396,-1.069135626265458e-09
916.8381999433981,414.1384137618354,4.067597688358692,-248.9102928794506,-330.9898666905609,-1.0691355851441817e-09
917.3381999433981,414.6383429935863,4.0676180769560375,-249.20400955165505,-331.39450373210104,-1.069135604574432e-09
917.8381999433981,415.13827239551244,4.067638416442377,-249.497726224507,-331.79914077093633,-1.069135790650135e-09
918.3381999433981,415.63820196700107,4.067658706994932,-249.79144289800266,-332.2037778070795,-1.069135715573764e-09
918.8381999433981,416.13813170744237,4.0676789487900695,-250.0851595721387,-332.6084148405427,-1.0691360061970712e-09
919.3381999433981,416.6380616162295,4.0676991420033115,-250.3788762469121,-333.0130518713381,-1.06913590720526e-09
919.8381999433981,417.1379916927584,4.067719286809339,-250.6725929223191,-333.41768889947804,-1.0691359660818263e-09
920.3381999433981,417.6379219364281,4.067739383381996,-250.96630959835664,-333.82232592497434,-1.0691360731449708e-09
920.8381999433981,418.13785234664033,4.067759431894295,-251.2600262750213,-334.22696294783935,-1.0691359938239482e-09
921.3381999433981,418.6377829227997,4.067779432518423,-251.5537429523098,-334.6315999680849,-1.0691359954751916e-09
921.8381999433981,419.1377136643137,4.067799385425744,-251.84745963021876,-335.036236985723,-1.0691359013391982e-09
922.3381999433981,419.6376445705926,4.067819290786806,-252.14117630874506,-335.4408740007654,-1.0691359640872345e-09
922.8381999433981,420.1375756410495,4.067839148771347,-252.43489298788552,-335.84551101322376,-1.0691360613062655e-09
923.3381999433981,420.6375068751003,4.067858959548295,-252.72860966763653,-336.25014802311017,-1.0691357130495428e-09
923.8381999433981,421.1374382721636,4.067878723285779,-253.02232634799515,-336.65478503043596,-1.0691358153918261e-09
924.3381999433981,421.63736983166075,4.0678984401511284,-253.31604302895815,-337.0594220352128,-1.0691359373086748e-09
924.8381999433981,422.13730155301596,4.067918110310881,-253.6097597105222,-337.46405903745233,-1.0691357764927884e-09
925.3381999433981,422.637233435656,4.067937733930787,-253.90347639268396,-337.86869603716616,-1.0691359590423524e-09
925.8381999433981,423.13716547901043,4.067957311175812,-254.19719307544037,-338.2733330343655,-1.0691358303595176e-09
926.3381999433981,423.6370976825115,4.067976842210144,-254.4909097587883,-338.6779700290618,-1.0691357165709282e-09
926.8381999433981,424.13703004559414,4.067996327197196,-254.78462644272457,-339.0826070212663,-1.069135704559355e-09
927.3381999433981,424.63696256769583,4.068015766299613,-255.0783431272461,-339.48724401099025,-1.0691357637197618e-09
927.8381999433981,425.1368952482568,4.068035159679273,-255.37205981234948,-339.89188099824486,-1.0691357513823615e-09
928.3381999433981,425.63682808671985,4.068054507497297,-255.66577649803156,-340.2965179830415,-1.0691359617192704e-09
928.8381999433981,426.1367610825304,4.068073809914044,-255.9594931842894,-340.7011549653909,-1.0691358128445182e-09
929.3381999433981,426.6366942351366,4.068093067089127,-256.2532098711201,-341.10579194530413,-1.069135914937801e-09
929.8381999433981,427.13662754398894,4.06811227918141,-256.5469265585201,-341.51042892279236,-1.0691355836791778e-09
930.3381999433981,427.6365610085406,4.068131446349013,-256.8406432464863,-341.9150658978665,-1.0691358324517155e-09
930.8381999433981,428.1364946282473,4.068150568749319,-257.13435993501577,-342.31970287053736,-1.0691356624940627e-09
931.3381999433981,428.6364284025673,4.068169646538975,-257.4280766241054,-342.7243398408156,-1.0691357532350759e-09
931.8381999433981,429.13636233096133,4.0681886798739,-257.72179331375236,-343.1289768087121,-1.0691358392718186e-09
932.3381999433981,429.6362964128927,4.068207668909287,-258.0155100039531,-343.5336137742375,-1.06913576255274e-09
932.8381999433981,430.1362306478272,4.068226613799606,-258.3092266947051,-343.9382507374023,-1.0691357674512934e-09
933.3381999433981,430.636165035233,4.068245514698611,-258.60294338600494,-344.34288769821734,-1.0691355909845959e-09
933.8381999433981,431.1360995745808,4.0682643717593425,-258.8966600778498,-344.7475246566929,-1.0691356634337361e-09
934.3381999433981,431.63603426534377,4.068283185134132,-259.1903767702367,-345.1521616128397,-1.0691360072310103e-09
934.8381999433981,432.1359691069975,4.068301954974607,-259.4840934631624,-345.55679856666785,-1.0691358701830852e-09
935.3381999433981,432.63590409901997,4.068320681431693,-259.77781015662384,-345.9614355181882,-1.0691357650343705e-09
935.8381999433981,433.13583924089164,4.068339364655619,-260.0715268506183,-346.3660724674108,-1.0691358045226505e-09
936.3381999433981,433.63577453209524,4.068358004795922,-260.3652435451428,-346.77070941434573,-1.0691360004016217e-09
936.8381999433981,434.13570997211593,4.0683766020014485,-260.6589602401941,-347.1753463590035,-1.0691355254334004e-09
937.3381999433981,434.6356455604413,4.068395156420362,-260.95267693576955,-347.5799833013941,-1.0691356028055097e-09
937.8381999433981,435.13558129656116,4.068413668200144,-261.246393631866,-347.9846202415278,-1.0691356767159487e-09
938.3381999433981,435.6355171799678,4.068432137487599,-261.5401103284808,-348.38925717941436,-1.0691357501145883e-09
938.8381999433981,436.13545321015573,4.068450564428859,-261.83382702561096,-348.7938941150639,-1.0691355543697895e-09
939.3381999433981,436.63538938662185,4.068468949169387,-262.12754372325327,-349.19853104848653,-1.0691355367913803e-09
939.8381999433981,437.13532570886525,4.06848729185398,-262.42126042140495,-349.6031679796922,-1.069135598397816e-09
940.3381999433981,437.6352621763874,4.0685055926267735,-262.7149771200634,-350.00780490869045,-1.0691355536594407e-09
940.8381999433981,438.135198788692,4.068523851631245,-263.00869381922536,-350.4124418354914,-1.0691355657407294e-09
941.3381999433981,438.635135545285,4.068542069010219,-263.30241051888817,-350.8170787601046,-1.0691356179829304e-09
941.8381999433981,439.13507244567455,4.068560244905868,-263.59612721904864,-351.22171568254,-1.0691356913140135e-09
942.3381999433981,439.6350094893712,4.068578379459718,-263.88984391970416,-351.62635260280723,-1.0691357643561997e-09
942.8381999433981,440.1349466758876,4.068596472812653,-264.1835606208522,-352.0309895209155,-1.0691359798563102e-09
943.3381999433981,440.6348840047385,4.068614525104918,-264.4772773224894,-352.4356264368748,-1.0691357307466183e-09
943.8381999433981,441.13482147544113,4.06863253647612,-264.7709940246132,-352.84026335069467,-1.06913606222187e-09
944.3381999433981,441.6347590875146,4.068650507065237,-265.0647107272208,-353.2449002623843,-1.0691361176467135e-09
944.8381999433981,442.1346968404804,4.068668437010615,-265.35842743030935,-353.6495371719532,-1.0691359503098365e-09
945.3381999433981,442.634634733862,4.068686326449978,-265.65214413387605,-354.05417407941087,-1.069136165142069e-09
945.8381999433981,443.13457276718526,4.068704175520427,-265.9458608379179,-354.4588109847667,-1.0691360035492193e-09
946.3381999433981,443.63451093997793,4.0687219843584455,-266.2395775424323,-354.86344788803,-1.0691359019917498e-09
946.8381999433981,444.13444925177004,4.068739753099902,-266.5332942474164,-355.26808478920987,-1.0691357370768022e-09
947.3381999433981,444.63438770209365,4.068757481880055,-266.8270109528677,-355.67272168831556,-1.0691356936088e-09
947.8381999433981,445.13432629048293,4.068775170833553,-267.12072765878315,-356.0773585853562,-1.069135946965104e-09
948.3381999433981,445.6342650164741,4.068792820094443,-267.4144443651602,-356.4819954803408,-1.0691356845301707e-09
948.8381999433981,446.1342038796056,4.06881042979617,-267.7081610719961,-356.8866323732786,-1.0691358361240334e-09
949.3381999433981,446.63414287941777,4.068828000071582,-268.0018777792881,-357.2912692641785,-1.0691357426931158e-09
949.8381999433981,447.13408201545303,4.068845531052931,-268.29559448703355,-357.69590615304946,-1.0691354987045656e-09
950.3381999433981,447.63402128725596,4.068863022871881,-268.58931119522975,-358.1005430399004,-1.0691356284630706e-09
950.8381999433981,448.133960694373,4.0688804756595065,-268.8830279038739,-358.50517992474033,-1.0691354829334935e-09
951.3381999433981,448.63390023635276,4.0688978895462995,-269.17674461296315,-358.9098168075782,-1.069135503637925e-09
951.8381999433981,449.1338399127457,4.068915264662169,-269.470461322495,-359.31445368842265,-1.0691356894449317e-09
952.3381999433981,449.63377972310445,4.0689326011364475,-269.764178032467,-359.71909056728236,-1.069135545773506e-09
952.8381999433981,450.1337196669835,4.068949899097892,-270.0578947428764,-360.12372744416604,-1.0691355654846622e-09
953.3381999433981,450.63365974393935,4.06896715867469,-270.3516114537201,-360.52836431908275,-1.0691357393873133e-09
953.8381999433981,451.13359995353045,4.0689843799944585,-270.6453281649961,-360.93300119204065,-1.0691355780680085e-09
954.3381999433981,451.6335402953172,4.069001563184251,-270.9390448767013,-361.33763806304864,-1.0691355538023647e-09
954.8381999433981,452.13348076886194,4.0690187083705585,-271.23276158883345,-361.742274932115,-1.0691355161695605e-09
955.3381999433981,452.633421373729,4.069035815679313,-271.5264783013897,-362.14691179924847,-1.0691357161401696e-09
955.8381999433981,453.13336210948455,4.069052885235891,-271.82019501436764,-362.55154866445736,-1.0691355367501706e-09
956.3381999433981,453.63330297569667,4.069069917165117,-272.1139117277643,-362.95618552775034,-1.0691356207577365e-09
956.8381999433981,454.13324397193537,4.069086911591265,-272.40762844157723,-363.36082238913565,-1.069135550207563e-09
957.3381999433981,454.6331850977726,4.069103868638062,-272.7013451558041,-363.76545924862154,-1.0691354965539589e-09
957.8381999433981,455.1331263527821,4.069120788428692,-272.9950618704423,-364.17009610621636,-1.0691354319100523e-09
958.3381999433981,455.63306773653943,4.069137671085799,-273.28877858548907,-364.5747329619285,-1.0691353898192867e-09
958.8381999433981,456.1330092486222,4.069154516731488,-273.58249530094196,-364.9793698157661,-1.0691352126040873e-09
959.3381999433981,456.6329508886097,4.06917132548733,-273.8762120167983,-365.38400666773737,-1.0691354889007486e-09
959.8381999433981,457.1328926560831,4.069188097474365,-274.16992873305566,-365.7886435178506,-1.0691353719349032e-09
960.3381999433981,457.6328345506254,4.069204832813102,-274.4636454497116,-366.1932803661136,-1.069135259177968e-09
960.8381999433981,458.1327765718214,4.069221531623525,-274.7573621667636,-366.5979172125345,-1.0691354112104729e-09
961.3381999433981,458.6327187192578,4.069238194025097,-275.051078884209,-367.00255405712164,-1.0691351199290478e-09
961.8381999433981,459.132660992523,4.069254820136757,-275.3447956020453,-367.40719089988283,-1.0691351817067206e-09
962.3381999433981,459.6326033912071,4.069271410076928,-275.6385123202703,-367.8118277408258,-1.0691351872592416e-09
962.8381999433981,460.1325459149022,4.069287963963519,-275.93222903888125,-368.21646457995865,-1.0691353216258536e-09
963.3381999433981,460.63248856320206,4.069304481913927,-276.22594575787576,-368.6211014172894,-1.0691351254959144e-09
963.8381999433981,461.1324313357021,4.0693209640450405,-276.5196624772512,-369.02573825282576,-1.069135241110151e-09
964.3381999433981,461.6323742319997,4.069337410473239,-276.81337919700536,-369.43037508657557,-1.0691352074173188e-09
964.8381999433981,462.13231725169373,4.069353821314402,-277.1070959171357,-369.83501191854657,-1.0691350270185825e-09
965.3381999433981,462.632260394385,4.069370196683905,-277.4008126376397,-370.2396487487465,-1.0691353138930034e-09
965.8381999433981,463.132203659676,4.069386536696626,-277.6945293585151,-370.644285577183,-1.069135330758754e-09
966.3381999433981,463.63214704717086,4.0694028414669505,-277.98824607975945,-371.04892240386386,-1.069135295509024e-09
966.8381999433981,464.1320905564754,4.069419111108767,-278.28196280137,-371.4535592287967,-1.0691353618799875e-09
967.3381999433981,464.63203418719723,4.069435345735477,-278.5756795233447,-371.8581960519891,-1.0691354064121177e-09
967.8381999433981,465.13197793894557,4.069451545459992,-278.8693962456811,-372.26283287344853,-1.0691352005632488e-09
968.3381999433981,465.6319218113313,4.06946771039474,-279.1631129683766,-372.66746969318257,-1.0691353691080161e-09
968.8381999433981,466.13186580396706,4.0694838406516665,-279.45682969142894,-373.07210651119874,-1.0691354624364914e-09
969.3381999433981,466.6318099164671,4.069499936342237,-279.75054641483587,-373.47674332750444,-1.0691353563422765e-09
969.8381999433981,467.1317541484472,4.06951599757744,-280.0442631385949,-373.8813801421071,-1.0691353417031149e-09
970.3381999433981,467.63169849952504,4.069532024467789,-280.33797986270383,-374.2860169550139,-1.0691354924101107e-09
970.8381999433981,468.13164296931967,4.069548017123327,-280.6316965871601,-374.6906537662325,-1.069135166730506e-09
971.3381999433981,468.6315875574519,4.069563975653625,-280.9254133119614,-375.09529057577004,-1.0691353531558018e-09
971.8381999433981,469.1315322635441,4.069579900167789,-281.21913003710523,-375.49992738363403,-1.0691351079356658e-09
972.3381999433981,469.63147708722033,4.069595790774459,-281.5128467625898,-375.90456418983126,-1.0691354962789854e-09
972.8381999433981,470.13142202810616,4.069611647581813,-281.8065634884124,-376.30920099436935,-1.0691352881410218e-09
973.3381999433981,470.63136708582874,4.069627470697571,-282.1002802145706,-376.71383779725534,-1.0691351413367317e-09
973.8381999433981,471.13131226001684,4.069643260228994,-282.3939969410624,-377.1184745984963,-1.0691351105230898e-09
974.3381999433981,471.6312575503008,4.069659016282889,-282.6877136678852,-377.5231113980997,-1.0691351505748516e-09
974.8381999433981,472.1312029563125,4.0696747389656105,-282.9814303950369,-377.92774819607206,-1.0691351207529365e-09
975.3381999433981,472.63114847768543,4.069690428383063,-283.2751471225151,-378.3323849924209,-1.0691350709151309e-09
975.8381999433981,473.1310941140546,4.0697060846407025,-283.5688638503176,-378.73702178715297,-1.069135047042781e-09
976.3381999433981,473.63103986505644,4.0697217078435415,-283.86258057844213,-379.1416585802754,-1.0691350913639196e-09
976.8381999433981,474.1309857303291,4.069737298096148,-284.15629730688653,-379.546295371795,-1.069134967377274e-09
977.3381999433981,474.63093170951214,4.06975285550265,-284.4500140356482,-379.95093216171887,-1.0691348989498968e-09
977.8381999433981,475.1308778022467,4.069768380166738,-284.7437307647255,-380.35556895005357,-1.0691348298161434e-09
978.3381999433981,475.6308240081753,4.069783872191666,-285.0374474941155,-380.7602057368064,-1.0691350610404549e-09
978.8381999433981,476.1307703269421,4.069799331680253,-285.33116422381653,-381.1648425219838,-1.069134728839562e-09
979.3381999433981,476.6307167581927,4.069814758734888,-285.6248809538261,-381.5694793055928,-1.0691349302978095e-09
979.8381999433981,477.13066330157415,4.0698301534575325,-285.91859768414184,-381.9741160876401,-1.0691348930004298e-09
980.3381999433981,477.63060995673504,4.0698455159497176,-286.21231441476186,-382.3787528681324,-1.0691349919351705e-09
980.8381999433981,478.13055672332536,4.069860846312552,-286.5060311456838,-382.7833896470764,-1.0691349873818068e-09
981.3381999433981,478.6305036009966,4.069876144646721,-286.7997478769055,-383.1880264244788,-1.0691351555719595e-09
981.8381999433981,479.1304505894017,4.06989141105249,-287.093464608425,-383.592663200346,-1.0691350026293048e-09
982.3381999433981,479.630397688195,4.069906645629707,-287.3871813402399,-383.99729997468495,-1.0691349686914673e-09
982.8381999433981,480.13034489703233,4.069921848477803,-287.68089807234804,-384.40193674750196,-1.0691348139353423e-09
983.3381999433981,480.63029221557093,4.0699370196957965,-287.97461480474703,-384.806573518804,-1.0691349622266643e-09
983.8381999433981,481.13023964346945,4.069952159382294,-288.2683315374349,-385.2112102885972,-1.0691346796289489e-09
984.3381999433981,481.63018718038796,4.069967267635492,-288.5620482704095,-385.6158470568882,-1.0691347909783477e-09
984.8381999433981,482.13013482598797,4.069982344553179,-288.8557650036688,-386.0204838236834,-1.0691346481854555e-09
985.3381999433981,482.6300825799324,4.069997390232741,-289.14948173721075,-386.4251205889891,-1.0691344973773471e-09
985.8381999433981,483.1300304418854,4.070012404771159,-289.44319847103293,-386.829757352812,-1.0691348112710833e-09
986.3381999433981,483.6299784115128,4.0700273882650135,-289.7369152051331,-387.23439411515847,-1.069134636669938e-09
986.8381999433981,484.12992648848154,4.0700423408104855,-290.0306319395094,-387.63903087603467,-1.0691346014678916e-09
987.3381999433981,484.62987467246006,4.070057262503359,-290.32434867416,-388.0436676354468,-1.0691343106240678e-09
987.8381999433981,485.1298229631181,4.070072153439025,-290.61806540908213,-388.44830439340154,-1.069134448554989e-09
988.3381999433981,485.6297713601268,4.070087013712479,-290.91178214427407,-388.85294114990495,-1.0691345398340212e-09
988.8381999433981,486.1297198631587,4.070101843418328,-291.2054988797338,-389.2575779049632,-1.069134422790057e-09
989.3381999433981,486.62966847188756,4.070116642650789,-291.4992156154592,-389.66221465858246,-1.0691343113871635e-09
989.8381999433981,487.1296171859886,4.070131411503692,-291.7929323514482,-390.06685141076906,-1.0691344106807508e-09
990.3381999433981,487.62956600513826,4.070146150070484,-292.0866490876986,-390.47148816152907,-1.0691341845661356e-09
990.8381999433981,488.1295149290144,4.070160858444227,-292.38036582420847,-390.87612491086855,-1.0691339115676186e-09
991.3381999433981,488.62946395729614,4.070175536717604,-292.6740825609757,-391.2807616587937,-1.0691340754521204e-09
991.8381999433981,489.1294130896639,4.070190184982916,-292.9677992979983,-391.6853984053106,-1.0691339987650446e-09
992.3381999433981,489.62936232579943,4.070204803332091,-293.26151603527427,-392.0900351504251,-1.069133874683545e-09
992.8381999433981,490.12931166538584,4.070219391856679,-293.55523277280156,-392.4946718941433,-1.0691340991880386e-09
993.3381999433981,490.62926110810736,4.07023395064786,-293.8489495105778,-392.8993086364715,-1.0691342166002653e-09
993.8381999433981,491.12921065364964,4.0702484797964384,-294.14266624860136,-393.3039453774153,-1.069134268221744e-09
994.3381999433981,491.6291603016996,4.070262979392853,-294.4363829868701,-393.7085821169808,-1.0691342235313668e-09
994.8381999433981,492.12911005194536,4.070277449527172,-294.73009972538205,-394.1132188551737,-1.0691340511208252e-09
995.3381999433981,492.62905990407637,4.070291890289101,-295.023816464135,-394.51785559200033,-1.0691341912871086e-09
995.8381999433981,493.12900985778333,4.07030630176798,-295.3175332031273,-394.9224923274661,-1.0691341977579473e-09
996.3381999433981,493.6289599127581,4.0703206840527875,-295.6112499423567,-395.3271290615771,-1.069134300896282e-09
996.8381999433981,494.12891006869387,4.070335037232142,-295.90496668182124,-395.7317657943391,-1.0691345241553921e-09
997.3381999433981,494.62886032528513,4.070349361394303,-296.19868342151904,-396.1364025257578,-1.0691344308663769e-09
997.8381999433981,495.1288106822275,4.070363656627174,-296.4924001614483,-396.54103925583877,-1.069134244799938e-09
998.3381999433981,495.6287611392178,4.070377923018305,-296.78611690160693,-396.9456759845879,-1.0691341807886032e-09
998.8381999433981,496.1287116959541,4.070392160654891,-297.0798336419929,-397.3503127120111,-1.0691343173753667e-09
999.3381999433981,496.6286623521358,4.070406369623778,-297.37355038260415,-397.75494943811384,-1.069134412325585e-09
999.8381999433981,497.1286131074633,4.070420550011461,-297.66726712343893,-398.1595861629018,-1.069134229283815e-09
1000.3381999433981,497.6285639616384,4.070434701904088,-297.96098386449495,-398.5642228863808,-1.0691344093961247e-09
1000.8381999433981,498.128514914364,4.070448825387461,-298.2547006057709,-398.9688596085561,-1.0691342126703013e-09
1001.3381999433981,498.6284659653442,4.070462920547039,-298.5484173472645,-399.3734963294335,-1.0691341463408124e-09
1001.8381999433981,499.1284171142843,4.070476987467936,-298.84213408897375,-399.7781330490185,-1.069134335059025e-09
1002.3381999433981,499.62836836089065,4.0704910262349285,-299.13585083089686,-400.18276976731676,-1.069134294669698e-09
1002.8381999433981,500.12831970487093,4.0705050369324525,-299.42956757303165,-400.5874064843338,-1.0691347509710828e-09
1003.3381999433981,500.628271145934,4.070519019644606,-299.72328431537653,-400.99204320007493,-1.0691346246644677e-09
1003.8381999433981,501.1282226837897,4.070532974455152,-300.0170010579296,-401.39667991454564,-1.0691346938534457e-09
1004.3381999433981,501.62817431814926,4.07054690144752,-300.31071780068885,-401.8013166277514,-1.0691347174932653e-09
1004.8381999433981,502.1281260487249,4.070560800704808,-300.6044345436524,-402.20595333969777,-1.0691348659506833e-09
1005.3381999433981,502.62807787522996,4.07057467230978,-300.8981512868187,-402.6105900503898,-1.0691345552250348e-09
1005.8381999433981,503.12802979737904,4.070588516344875,-301.1918680301854,-403.0152267598331,-1.0691344725729565e-09
1006.3381999433981,503.62798181488785,4.070602332892203,-301.485584773751,-403.41986346803304,-1.0691346596113536e-09
1006.8381999433981,504.1279339274731,4.070616122033547,-301.77930151751355,-403.8245001749948,-1.0691348180911922e-09
1007.3381999433981,504.62788613485276,4.070629883850369,-302.07301826147085,-404.2291368807239,-1.069134657382968e-09
1007.7103493191651,505.0,4.070640109064208,-302.2916312674287,-404.5303074748256,-1.06913470554173e-09
