tau,r,phi,X,Y,H
0.0,500.0,0.0,500.0,0.0,1.2079436764794375e-16
0.004889124420782759,499.9951113479231,1.369944189385728e-07,499.9951113479184,6.849653975123552e-05,2.4160760252118894e-16
0.053780368628610346,499.946224827665,1.5070859074209146e-06,499.94622482709724,0.0007534619099057769,1.8134727452619634e-16
0.5426928107068862,499.45735967623796,1.5222746706235654e-05,499.45735961836783,0.00760311287662296,1.8276987025387946e-16
1.0426928107068862,498.95740813574196,2.927723864664937e-05,498.9574079218996,0.014608095110416842,3.0706289205239187e-16
1.5426928107068862,498.45745669301255,4.3359913406336586e-05,498.45745622444207,0.0216130721521794,3.095314750209479e-16
2.0426928107068862,497.95750534834366,5.7470855876944495e-05,497.9575045259919,0.028618044006963723,1.8721345337776936e-16
2.5426928107068862,497.45755410203043,7.16101512913834e-05,497.45755282654585,0.03562301067984207,1.8872157559129927e-16
3.0426928107068862,496.9576029543692,8.577788522554317e-05,496.9576011261005,0.04262797217590593,1.268289256127786e-16
3.5426928107068862,496.4576519056574,9.997414360001999e-05,496.4576494246527,0.049632928500266155,-1.2785268676489438e-16
4.042692810706886,495.95770095619383,0.00011419901268185376,495.9576977221989,0.05663787965805307,-2.5777152080025735e-16
4.542692810706886,495.4577501062783,0.00012845257908627577,495.45774601873575,0.06364282565441651,1.948923611591928e-16
5.042692810706886,494.957799356212,0.00014273492977846716,494.95779431425996,0.070647766494526,-0.0
5.542692810706886,494.45784870629717,0.00015704615207532785,494.4578426087681,0.07765270218357077,1.3204180401392919e-16
6.042692810706886,493.9578981568374,0.00017138633364725643,493.95789090225674,0.08465763272675993,-6.655654034790904e-17
6.542692810706886,493.45794770813745,0.00018575556251994074,493.45793919472237,0.09166255812932252,-0.0
7.042692810706886,492.9579973605033,0.00020015392707615934,492.95798748616164,0.09866747839650764,6.764255843404779e-17
7.542692810706886,492.4580471142423,0.00021458151605759397,492.458035776571,0.10567239353358458,6.81930383748178e-17
8.042692810706885,491.95809696966285,0.00022903841856665308,491.95808406594705,0.11267730354584285,-6.874856664824051e-17
8.542692810706885,491.4581469270747,0.00024352472406830654,491.45813235428625,0.11968220843859236,1.3861838953628615e-16
9.042692810706885,490.95819698678895,0.0002580405223919314,490.95818064158505,0.12668710821716345,-0.0
9.542692810706885,490.4582471491178,0.00027258590373316897,490.45822892784,0.13369200288690705,7.044595950454159e-17
10.042692810706885,489.95829741437484,0.0002871609586557936,489.95827721304744,0.1406968924531948,-1.420444041439021e-16
10.542692810706885,489.45834778287485,0.0003017657780935923,489.4583254972039,0.14770177692141903,-0.0
11.042692810706885,488.95839825493397,0.00031640045335225644,488.9583737803057,0.1547066562969931,2.1657203092730377e-16
11.542692810706885,488.4584488308696,0.00033106507611128493,488.45842206234926,0.16171153058535126,-1.4556603777756363e-16
12.042692810706885,487.9584995110004,0.0003457597384258987,487.958470343331,0.16871639979194894,-2.2014251358078973e-16
12.542692810706885,487.45855029564643,0.00036048453272896766,487.4585186232472,0.1757212639222627,-1.4796838047999241e-16
13.042692810706885,486.958601185129,0.00037523955183294883,486.95856690209433,0.1827261229817906,-1.4918626603258123e-16
13.542692810706885,486.4586521797707,0.000390024888931837,486.4586151798686,0.18973097697605193,-7.520772382388488e-17
14.042692810706885,485.95870327989553,0.000404840637603127,485.95866345656634,0.1967358259105877,7.58280209519542e-17
14.542692810706885,485.45875448582876,0.0004196868918097883,485.45871173218393,0.20374066979096045,-7.645408335222716e-17
15.042692810706885,484.95880579789707,0.00043456374590225186,484.9587600067175,0.21074550862275465,1.5417194129442105e-16
15.542692810706885,484.4588572164284,0.0004494712946204091,484.45880828016345,0.21775034241157648,-7.772374313852602e-17
16.042692810706885,483.95890874175205,0.00046440963309562333,483.95885655251783,0.22475517116305424,-7.836746181535823e-17
16.542692810706885,483.4589603741988,0.000479378856852754,483.458904823777,0.23175999488283833,-0.0
17.042692810706885,482.95901211410063,0.0004943790618121927,482.95895309393717,0.2387648135766014,-7.967298517161743e-17
17.542692810706885,482.459063961791,0.0005094103442919129,482.45900136299446,0.24576962725003837,-1.6066983068974252e-16
18.042692810706885,481.9591159176047,0.0005244728010095313,481.959049630945,0.2527744359088667,-1.6200608541801072e-16
18.542692810706885,481.45916798187795,0.000539566529084383,481.45909789778494,0.2597792395588264,-0.0
19.042692810706885,480.9592201549483,0.0005546916260396092,480.9591461635104,0.2667840382056802,8.235814798172242e-17
19.542692810706885,480.4592724371548,0.0005698481898042577,480.4591944281176,0.27378883185521363,-8.304525723725787e-17
20.042692810706885,479.95932482883785,0.0005850363187153968,479.9592426916025,0.2807936205132352,-8.37388263962693e-17
20.542692810706885,479.45937733033924,0.0006002561115202427,479.45929095396116,0.2877984041855764,-8.443892303555769e-17
21.042692810706885,478.95942994200226,0.0006155076673782995,478.95933921518963,0.29480318287809204,-0.0
21.542692810706885,478.45948266417156,0.0006307910858635133,478.4593874752841,0.30180795659666004,-0.0
22.042692810706885,477.95953549719326,0.0006461064669664393,477.9594357342403,0.30881272534718196,8.657906534100918e-17
22.542692810706885,477.45958844141495,0.0006614539110964231,477.45948399205446,0.31581748913558283,3.4922385355671856e-16
23.042692810706885,476.9596414971856,0.0006768335190837952,476.9595322487224,0.32282224796781117,3.5215895471440773e-16
23.542692810706885,476.45969466485576,0.0006922453921820792,476.4595805042401,0.32982700184983965,2.663413908220426e-16
24.042692810706885,475.95974794477735,0.0007076896320702146,475.95962875860346,0.3368317507876646,4.476410570646063e-16
24.542692810706885,475.45980133730376,0.000723166340854793,475.4596770118085,0.3438364947873064,4.514152809144569e-16
25.042692810706885,474.95985484279,0.0007386756210723087,474.95972526385094,0.3508412338548098,4.552253643283287e-16
25.542692810706885,474.45990846159236,0.0007542175756914235,474.45977351472675,0.3578459679962437,4.590716864070858e-16
26.042692810706885,473.95996219406885,0.000769792308115246,473.95982176443175,0.36485069721770147,4.629546306657886e-16
26.542692810706885,473.46001604057886,0.0007853999221836246,473.4598700129618,0.3718554215253011,4.66874585089834e-16
27.042692810706885,472.9600700014833,0.000801040522175456,472.95991826031263,0.37886014092518533,4.70831942191867e-16
27.542692810706885,472.46012407714466,0.0008167142128110078,472.4599665064801,0.38586485542352156,3.7986167925558304e-16
28.042692810706885,471.9601782679269,0.0008324210992542559,471.9600147514599,0.39286956502650217,4.788604574637034e-16
28.542692810706885,471.4602325741955,0.0008481612871152372,471.4600629952477,0.39987426974034473,5.795189085819858e-16
29.042692810706885,470.9602869963177,0.0008639348824524166,470.9601112378394,0.40687896957129205,3.8963472747198964e-16
29.542692810706885,470.46034153466195,0.0008797419917750695,470.46015947923047,0.41388366452561226,2.947162980355136e-16
30.042692810706885,469.9603961895986,0.0008955827220456793,469.96020771941687,0.420888354609599,5.944609282704691e-16
30.542692810706885,469.4604509614994,0.0009114571806823511,469.4602559583941,0.42789303982957155,3.9969173256242313e-16
31.042692810706885,468.96050585073766,0.0009273654755612388,468.96030419615767,0.43489772019187484,8.062174997894126e-16
31.542692810706885,468.4605608576884,0.0009433077150189903,468.46035243270336,0.4419023957028799,5.081983578406656e-16
32.04269281070688,467.9606159827281,0.0009592840078552062,467.9604006680267,0.4489070663689838,5.125523682140097e-16
32.54269281070688,467.4606712262349,0.0009752944633349158,467.46044890212323,0.4559117321966096,7.237277807065111e-16
33.04269281070688,466.9607265885887,0.0009913391911910681,466.9604971349885,0.4629163931922071,4.171095593173259e-16
33.54269281070688,466.4607820701708,0.0010074183016270386,466.4605453666181,0.4699210493622519,6.310421138434615e-16
34.04269281070688,465.9608376713643,0.001023531905319154,465.9605935970074,0.4769257007132471,5.303933142911656e-16
34.54269281070688,465.46089339255377,0.0010396801134192302,465.46064182615197,0.4839303472517216,4.279696601806081e-16
35.04269281070688,464.9609492341256,0.0010558630375571301,464.9606900540472,0.49093498898423216,4.316601474992535e-16
35.54269281070688,464.4610051964678,0.001072080789843335,464.4607382806885,0.4979396259173617,5.442331207286219e-16
36.04269281070688,463.96106127997,0.0010883334828715341,463.9607865060714,0.504944258057721,5.489363689801099e-16
36.54269281070688,463.4611174850235,0.0011046212297212306,463.4608347301911,0.5119488854119479,6.644225035096798e-16
37.04269281070688,462.9611738120214,0.0011209441439603645,462.9608829530431,0.5189535079867078,5.5848076887262785e-16
37.54269281070688,462.46123026135837,0.0011373023396479525,462.4609311746226,0.5259581257886937,7.323197947745366e-16
38.04269281070688,461.9612868334308,0.0011536959313367449,461.960979394925,0.5329627388246264,6.818548540556282e-16
38.54269281070688,461.46134352863686,0.0011701250340758996,461.4610276139456,0.5399673471012547,5.731496611527858e-16
39.04269281070688,460.9614003473764,0.0011865897634136743,460.9610758316796,0.5469719506253554,5.20321759063258e-16
39.54269281070688,460.46145729005104,0.0012030902354001356,460.4611240481222,0.5539765494037336,5.831697851758541e-16
40.04269281070688,459.9615143570641,0.0012196265665898852,459.9611722632688,0.560981143443223,4.706029489336431e-16
40.54269281070688,459.4615715488207,0.0012361988740448055,459.4612204771143,0.5679857327506856,5.933875302559771e-16
41.04269281070688,458.9616288657276,0.0012528072753368214,458.9612686896541,0.5749903173330121,2.9928593168218595e-16
41.54269281070688,458.4616863081935,0.0012694518885506816,458.4613169008832,0.5819948971971222,3.622843427919834e-16
42.04269281070688,457.9617438766288,0.0012861328322867568,457.9613651107968,0.5889994723499645,5.481847919486353e-16
42.54269281070688,457.4618015714457,0.0013028502256638578,457.4614133193899,0.5960040427985172,5.529900196201233e-16
43.04269281070688,456.9618593930581,0.00131960418832207,456.9614615266577,0.6030086085497873,3.7189514177649526e-16
43.54269281070688,456.4619173418819,0.0013363948404256092,456.461509732595,0.6100131696108116,2.501081745680272e-16
44.04269281070688,455.96197541833465,0.0013532223026656934,455.961557937197,0.6170177259886568,2.523078168761061e-16
44.54269281070688,455.46203362283586,0.0013700866962634355,455.46160614045857,0.6240222776904187,3.181615736969657e-16
45.04269281070688,454.9620919558068,0.0013869881429727548,454.96165434237474,0.6310268247232239,-0.0
45.54269281070688,454.46215041767056,0.001403926765083306,454.4617025429404,0.6380313670942289,1.942788802125057e-16
46.04269281070688,453.9622090088522,0.0014209026854234302,453.96175074215046,0.6450359048106202,1.9599510184056215e-16
46.54269281070688,453.4622677297786,0.0014379160273631235,453.46179893999977,0.6520404378796154,3.295473462447377e-16
47.04269281070688,452.9623265808785,0.0014549669148170258,452.96184713648324,0.6590449663084622,1.9947898716500506e-16
47.54269281070688,452.46238556258254,0.0014720554722474296,452.46189533159566,0.6660494901044397,6.708234387912045e-17
48.04269281070688,451.96244467532324,0.0014891818246673086,451.96194352533183,0.6730540092748574,2.030327350456425e-16
48.54269281070688,451.4625039195351,0.0015063460976433665,451.4619917176865,0.6800585238270567,1.3655752909480392e-16
49.04269281070688,450.9625632956545,0.0015235484172991054,450.9620399086544,0.6870630337684097,1.377719373877976e-16
49.54269281070688,450.4626228041197,0.0015407889103179165,450.46208809823025,0.6940675391063202,2.0849777345316467e-16
50.04269281070688,449.962682445371,0.0015580677039461887,449.9621362864088,0.7010720398482241,7.011869977088398e-17
50.54269281070688,449.4627422198506,0.0015753849259964405,449.4621844731846,0.708076536001589,1.4148872647749823e-16
51.04269281070688,448.9628021280027,0.0015927407048504712,448.96223265855235,0.7150810275739141,1.4275263550241767e-16
51.54269281070688,448.4628621702734,0.0016101351694625336,448.46228084250663,0.7220855145727316,7.201463369402566e-17
52.04269281070688,447.9629223471109,0.0016275684493625281,447.96232902504204,0.7290899970056056,-0.0
52.54269281070688,447.4629826589653,0.0016450406746592184,447.46237720615295,0.7360944748801328,-0.0
53.04269281070688,446.96304310628875,0.0016625519760434682,446.9624253858341,0.7430989482039432,-0.0
53.54269281070688,446.46310368953544,0.0016801024847915,446.46247356407986,0.7501034169846992,1.492659001774314e-16
54.04269281070688,445.9631644091616,0.0016976923327681759,445.9625217408847,0.7571078812300968,7.530415974020975e-17
54.54269281070688,445.46322526562545,0.0017153216524302998,445.4625699162431,0.764112340947865,3.0392868706488896e-16
55.04269281070688,444.9632862593873,0.0017329905768299432,444.9626180901494,0.7711167961457663,3.0666825150159095e-16
55.54269281070688,444.4633473909095,0.0017506992396177923,444.46266626259796,0.7781212468315977,3.094356429166361e-16
56.04269281070688,443.9634086606565,0.0017684477750465179,443.96271443358313,0.7851256930131889,1.5611558790926633e-16
56.54269281070688,443.46347006909485,0.0017862363179741683,443.4627626030991,0.7921301346984047,4.725827529466065e-16
57.04269281070688,442.96353161669316,0.0018040650038675854,442.96281077114037,0.7991345718951435,7.947698593664061e-17
57.54269281070688,442.4635933039222,0.0018219339688058432,442.462858937701,0.8061390046113389,1.6039491378993072e-16
58.04269281070688,441.9636551312549,0.0018398433494837105,441.9629071027753,0.8131434328549586,1.6185057531159424e-16
58.54269281070688,441.4637170991662,0.0018577932832151364,441.4629552663574,0.8201478566340056,1.6332112375087993e-16
59.04269281070688,440.96377920813336,0.0018757839079367603,440.9630034284416,0.8271522759565175,1.6480672851512178e-16
59.54269281070688,440.4638414586356,0.001893815362211445,440.46305158902175,0.8341566908305679,8.315378056751254e-17
60.04269281070688,439.9639038511545,0.001911887785231834,439.9630997480921,0.8411611012642651,-1.6782379529373634e-16
60.54269281070688,439.4639663861737,0.0019300013168239336,439.4631479056467,0.8481655072657537,-1.6935560685634613e-16
61.04269281070688,438.9640290641791,0.0019481560974507193,438.9631960616795,0.855169908843214,-1.7090317389982963e-16
61.54269281070688,438.4640918856588,0.001966352268215766,438.46324421618453,0.8621743060048619,8.623333837171635e-17
62.04269281070688,437.9641548511031,0.0019845899708669057,437.9632923691558,0.8691786987589506,8.70231489897556e-17
62.54269281070688,437.4642179610046,0.0020028693477999048,437.4633405205871,0.8761830871137687,-0.0
63.04269281070688,436.9642812158581,0.002021190542062174,436.9633886704725,0.8831874710776428,-8.862731877616563e-17
63.54269281070688,436.4643446161606,0.0020395536973564984,436.46343681880575,0.8901918506589351,-0.0
64.04269281070688,435.96440816241153,0.002057958958044793,435.9634849655806,0.8971962258660459,9.026485001022668e-17
64.54269281070688,435.4644718551125,0.0020764064691518895,435.463533110791,0.9042005967074125,1.8219273388043126e-16
65.04269281070688,434.96453569476745,0.0020948963763693417,434.96358125443066,0.9112049631915097,-0.0
65.54269281070688,434.46459968188265,0.0021134288260592636,434.4636293964932,0.9182093253268502,1.8557079141106955e-16
66.04269281070688,433.9646638169666,0.0021320039652581906,433.96367753697245,0.9252136831219848,3.745724328663651e-16
66.54269281070688,433.4647281005303,0.002150621941680968,433.463725675862,0.9322180365855024,2.8352926618663226e-16
67.04269281070688,432.964792533087,0.002169282903724667,432.96377381315546,0.9392223857260303,1.9077088160937237e-16
67.54269281070688,432.4648571151523,0.002187987000472527,432.4638219488464,0.9462267305522348,2.8881080798552693e-16
68.04269281070688,431.9649218472443,0.002206734381697927,431.96387008292834,0.9532310710728205,3.88657388768564e-16
68.54269281070688,431.4649867298833,0.0022255251978683813,431.46391821539487,0.9602354072965318,2.942033459401968e-16
69.04269281070688,430.96505176359227,0.0022443596001495672,430.9639663462395,0.9672397392321518,3.959227306204877e-16
69.54269281070688,430.4651169488964,0.002263237740409378,430.46401447545554,0.9742440668885037,6.993221170445576e-16
70.04269281070688,429.9651822863234,0.002282159771222004,429.9640626030365,0.9812483902744507,5.041766226289648e-16
70.54269281070688,429.4652477764034,0.0023011258458720445,429.4641107289757,0.988252709398895,5.088864535696814e-16
71.04269281070688,428.965313419669,0.0023201361183586454,428.9641588532665,0.9952570242707798,8.218333825146389e-16
71.54269281070688,428.4653792166552,0.0023391907433996688,428.4642069759022,1.002261334899089,6.221465218611466e-16
72.04269281070688,427.96544516789976,0.0023582898764358887,427.964255096876,1.0092656412928471,4.18652603399933e-16
72.54269281070688,427.46551127394264,0.0023774336736352196,427.46430321618107,1.016269943461119,4.225819344074776e-16
73.04269281070688,426.96557753532653,0.0023966222918969716,426.9643513338108,1.0232742414130118,3.1991461782546095e-16
73.54269281070688,426.46564395259657,0.0024158558888561377,426.4643994497581,1.0302785351576733,5.38207200710263e-16
74.04269281070688,425.9657105263004,0.0024351346228877096,425.9644475640162,1.0372828247042933,5.432765502989951e-16
74.54269281070688,425.4657772569884,0.002454458653111025,425.4644956765782,1.0442871100621034,4.3871976463900517e-16
75.04269281070688,424.9658441452134,0.0024738281393941464,424.96454378743704,1.0512913912403778,4.42861842147395e-16
75.54269281070688,424.46591119153084,0.0024932432423582676,424.4645918965858,1.0582956682484328,3.35285990818247e-16
76.04269281070688,423.9659783964988,0.0025127041233821553,423.9646400040173,1.0652999410956274,5.076885635669545e-16
76.54269281070688,423.466045760678,0.0025322109446066195,423.4646881097246,1.0723042097913638,3.4166593266753777e-16
77.04269281070688,422.9661132846318,0.0025517638689390165,422.9647362137004,1.079308474345087,2.299380421597714e-16
77.54269281070688,422.46618096892615,0.002571363060057785,422.46478431593766,1.086312734766286,3.481828408957147e-16
78.04269281070688,421.9662488141298,0.00259100868241701,421.9648324164292,1.093316991064493,2.9291139813393114e-16
78.54269281070688,421.46631682081414,0.0026107009012510275,421.46488051516764,1.1003212432492846,2.3655999423959345e-16
79.04269281070688,420.9663849895532,0.0026304398825790515,420.96492861214574,1.1073254913302815,2.388148031289703e-16
79.54269281070688,420.46645332092385,0.002650225793209844,420.46497670735624,1.1143297353171486,1.8082037316005563e-16
80.04269281070688,419.9665218155056,0.002670058800746411,419.9650248007917,1.1213339752195963,3.65096050431731e-16
80.54269281070688,419.46659047388073,0.0026899390735907348,419.4650728924446,1.1283382110473792,3.6858855693680104e-16
81.04269281070688,418.96665929663436,0.002709866780948543,418.9651209823076,1.1353424428102976,4.341384967991398e-16
81.54269281070688,418.46672828435436,0.002729842092834105,418.4651690703732,1.142346670518198,2.504579772241876e-16
82.04269281070688,417.96679743763144,0.0027498651800750705,417.96521715663386,1.1493508941809711,2.5286251824963876e-16
82.54269281070688,417.46686675705905,0.002769936214317336,417.4652652410819,1.1563551138085555,5.105861463526874e-16
83.04269281070688,416.9669362432336,0.002790055368029952,416.9653133237098,1.1633593294109352,3.866249327544684e-16
83.54269281070688,416.46700589675424,0.0028102228145100603,416.4653614045099,1.1703635409981412,3.9035022232131253e-16
84.04269281070688,415.96707571822304,0.002830438727887872,415.96540948347433,1.1773677485802516,1.31371986920416e-16
84.54269281070688,415.46714570824497,0.002850703283131678,415.4654575605955,1.184371952167391,3.3160219731776717e-16
85.04269281070688,414.9672158674279,0.002871016656052895,414.96550563586544,1.1913761517697325,-0.0
85.54269281070688,414.46728619638264,0.0028913790233111524,414.4655537092765,1.1983803473974963,2.0283039450212864e-16
86.04269281070688,413.9673566957229,0.0029117905624194123,413.9656017808205,1.2053845390609514,2.7306218368036433e-16
86.54269281070688,413.46742736606546,0.0029322514517491263,413.4656498504898,1.212388726770415,2.0678436021870945e-16
87.04269281070688,412.96749820802995,0.0029527618705354323,412.9656979182762,1.2193929105362518,2.0879382297104713e-16
87.54269281070688,412.46756922223904,0.002973321998882389,412.46574598417175,1.226397090368877,7.027509686893852e-17
88.04269281070688,411.96764040931845,0.0029939320177682443,411.96579404816833,1.2334012662787548,2.128790312625944e-16
88.54269281070688,411.46771176989694,0.0030145921090507484,411.46584211025794,1.2404054382763985,-1.4330354444930447e-16
89.04269281070688,410.96778330460626,0.0030353024554725006,410.9658901704322,1.2474096063723714,-7.235147407607833e-17
89.54269281070688,410.4678550140813,0.0030560632406663375,410.46593822868306,1.254413770577287,-0.0
90.04269281070688,409.96792689895994,0.0030768746491607597,409.96598628500215,1.2614179309018096,-7.377407129872057e-17
90.54269281070688,409.4679989598833,0.0030977368663854,409.46603433938117,1.268422087356654,-7.449715651000499e-17
91.04269281070688,408.9680711974955,0.003118650078676528,408.96608239181177,1.2754262399525862,-1.5045645630582242e-16
91.54269281070688,408.4681436124439,0.003139614473282601,408.46613044228553,1.2824303887004238,-1.5193476876655872e-16
92.04269281070688,407.968216205379,0.0031606302383698475,407.966178490794,1.2894345336110355,-3.0685889874313106e-16
92.54269281070688,407.46828897695445,0.003181697563027901,407.4662265373286,1.2964386746953427,-1.549406997871576e-16
93.04269281070688,406.9683619278272,0.0032028166372754683,406.9662745818809,1.303442811964319,-3.1293744883310016e-16
93.54269281070688,406.46843505865724,0.0032239876520660424,406.46632262444217,1.3104469454289907,-7.900686522021646e-17
94.04269281070688,405.968508370108,0.0032452107992936574,405.9663706650037,1.317451075100437,-2.3936389178729563e-16
94.54269281070688,405.4685818628461,0.0032664862717986867,405.4664187035569,1.3244552009897905,-1.6115552952982431e-16
95.04269281070688,404.96865553754145,0.003287814263373682,404.9664667400929,1.3314593231082377,-2.441291268276802e-16
95.54269281070688,404.46872939486724,0.003309194968769257,404.46651477460307,1.3384634414670185,-5.752873407177129e-16
96.04269281070688,403.9688034355,0.0033306285837000175,403.96656280707833,1.345467556077428,-4.1500233118817146e-16
96.54269281070688,403.4688776601195,0.0033521153048505278,403.4666108375098,1.3524716669508152,-5.029570154348835e-16
97.04269281070688,402.96895206940917,0.00337365532988133,402.96665886588863,1.3594757740985848,-4.23305643645126e-16
97.54269281070688,402.4690266640555,0.003395248857435004,402.4667068922056,1.3664798775321962,-2.5651638053461433e-16
98.04269281070688,401.96910144474856,0.003416896087142273,401.9667549164517,1.3734839772631646,-2.5907784193297246e-16
98.54269281070688,401.4691764121818,0.0034385972196281545,401.46680293861783,1.380488073303062,-5.233362527732422e-16
99.04269281070688,400.9692515670522,0.0034603524565181582,400.96685095869486,1.3874921656635157,-3.5238345973893387e-16
99.54269281070688,400.46932691006003,0.00348216200044453,400.46689897667335,1.3944962543562105,-5.338732261446398e-16
100.04269281070688,399.96940244190927,0.003504026055052542,399.9669469925442,1.401500339392888,-4.493592535509309e-16
100.54269281070688,399.46947816330726,0.003525944825006831,399.4669950062979,1.4085044207853477,-5.446495760953888e-16
101.04269281070688,398.96955407496495,0.003547918515997784,398.96704301792516,1.4155084985454458,-4.58441170165301e-16
101.54269281070688,398.46963017759685,0.0035699473347479715,398.4670910274164,1.4225125726850985,-6.482832553070748e-16
102.04269281070688,397.96970647192103,0.0035920314890186284,397.96713903476217,1.4295166432162785,-5.612762324282994e-16
102.54269281070688,397.46978295865915,0.003614171187616187,397.46718703995293,1.4365207101510191,-4.724540092951668e-16
103.04269281070688,396.96985963853655,0.0036363666403988566,396.967235042979,1.4435247735014118,-4.772315863956278e-16
103.54269281070688,396.4699365122821,0.0036586180582832526,396.46728304383055,1.4505288332796082,-4.820636058519437e-16
104.04269281070688,395.9700135806285,0.003680925653251078,395.96733104249796,1.45753288949782,-5.843409096272832e-16
104.54269281070688,395.4700908443121,0.0037032896383558532,395.4673790389714,1.4645369421683188,-4.918937429096866e-16
105.04269281070688,394.97016830407284,0.003725710227729699,394.96742703324094,1.4715409913034379,-7.950292324874819e-16
105.54269281070688,394.47024596065455,0.003748187636590169,394.4674750252968,1.4785450369155706,-8.03120095902971e-16
106.04269281070688,393.97032381480483,0.003770722081247137,393.96752301512873,1.4855490790171728,-6.084778099646498e-16
106.54269281070688,393.470401867275,0.003793313779109733,393.4675710027269,1.4925531176207623,-5.122383554681148e-16
107.04269281070688,392.97048011882015,0.0038159629486933353,392.96761898808114,1.4995571527389182,-7.24459892667714e-16
107.54269281070688,392.47055857019933,0.003838669809626615,392.4676669711812,1.5065611843842834,-7.318704287805886e-16
108.04269281070688,391.9706372221754,0.003861434582658635,391.9677149520169,1.513565212569564,-8.449901559559388e-16
108.54269281070688,391.4707160755151,0.0038842574896659995,391.46776293057786,1.5205692373075284,-7.469488614249521e-16
109.04269281070688,390.9707951309891,0.003907138753660066,390.9678109068538,1.5275732586110105,-6.468162556011566e-16
109.54269281070688,390.4708743893719,0.003930078598794204,390.4678588808343,1.534577276492907,-5.445555883634082e-16
110.04269281070688,389.9709538514421,0.003953077250371118,389.96790685250875,1.5415812909661812,-6.601942121396103e-16
110.54269281070688,389.47103351798233,0.003976134934850218,389.4679548218667,1.5485853020438598,-6.669997674204908e-16
111.04269281070688,388.9711133897791,0.003999251879855056,388.96800278889754,1.5555893097390363,-5.615703162484748e-16
111.54269281070688,388.471193467623,0.004022428314180811,388.46805075359055,1.56259331406487,-5.673742252680611e-16
112.04269281070688,387.97127375230866,0.004045664467801841,387.96809871593496,1.5695973150345863,-4.012720112288048e-16
112.54269281070688,387.4713542446349,0.004068960571879282,387.46814667592,1.5766013126614773,-6.371042782405267e-16
113.04269281070688,386.9714349454045,0.00409231685876872,386.9681946335347,1.5836053069589033,-5.266755408018915e-16
113.54269281070688,386.4715158554245,0.00411573356202791,386.46824258876813,1.590609297940292,-2.956373225675839e-16
114.04269281070688,385.97159697550615,0.004139210916424562,385.9682905416093,1.5976132856191376,-5.974254210674712e-16
114.54269281070688,385.4716783064648,0.004162749157944185,385.4683384920472,1.6046172700090064,-3.6218898024700483e-16
115.04269281070688,384.9717598491201,0.004186348523797992,384.96838644007056,1.6116212511235308,-4.879553790037596e-16
115.54269281070688,384.4718416042958,0.004210009252430869,384.46843438566816,1.6186252289764136,-3.697884871198101e-16
116.04269281070688,383.9719235728201,0.004233731583529404,383.96848232882877,1.6256292035814277,-4.35931322804713e-16
116.54269281070688,383.4720057555255,0.004257515758029977,383.46853026954096,1.6326331749524166,-4.4049590736609634e-16
117.04269281070688,382.9720881532487,0.0042813620181269205,382.96857820779326,1.6396371431032934,-4.451143524814917e-16
117.54269281070688,382.4721707668309,0.004305270607280735,382.4686261435742,1.6466411080480452,-2.5702135164529725e-16
118.04269281070688,381.97225359711763,0.004329241770226375,381.9686740768723,1.6536450698007281,-5.843772816654059e-16
118.54269281070688,381.4723366449589,0.004353275752981597,381.46872200767575,1.6606490283754725,-3.9368569263923654e-16
119.04269281070688,380.97241991120904,0.004377372802855378,380.96876993597294,1.66765298378648,-7.956703499472993e-16
119.54269281070688,380.472503396727,0.00440153316845639,380.468817861752,1.6746569360480266,-4.690396008162833e-16
120.04269281070688,379.97258710237617,0.0044257570997015576,379.968865785001,1.681660885174461,-3.3856887486306504e-16
120.54269281070688,379.47267102902447,0.004450044847824665,379.46891370570813,1.6886648311802068,-2.7372130316165423e-16
121.04269281070688,378.97275517754446,0.004474396665385045,378.9689616238613,1.6956687740797622,-4.149325288456316e-16
121.54269281070688,378.47283954881317,0.004498812806276332,378.46900953944834,1.7026727138877005,-2.795567016687889e-16
122.04269281070688,377.9729241437124,0.00452329352573528,377.9690574524572,1.70967665061867,-4.944219186887916e-16
122.54269281070688,377.47300896312856,0.004547839080350661,377.46910536287555,1.7166805842873964,-3.5691559983450634e-16
123.04269281070688,376.9730940079527,0.004572449728072222,376.9691532706911,1.7236845149086815,-3.60717728770945e-16
123.54269281070688,376.4731792790806,0.004597125728219724,376.46920117589144,1.7306884424974036,-3.645655010794462e-16
124.04269281070688,375.9732647774129,0.0046218673414920464,375.969249078464,1.7376923670685196,-4.4215143181501855e-16
124.54269281070688,375.4733505038549,0.004646674829976367,375.4692969783962,1.7446962886370643,-5.213605933143427e-16
125.04269281070688,374.9734364593167,0.004671548457157414,374.96934487567546,1.7517002072181507,-5.26944349082404e-16
125.54269281070688,374.47352264471346,0.004696488487926792,374.4693927702891,1.7587041228269726,-4.565104254621399e-16
126.04269281070688,373.973609060965,0.0047214951885923865,373.9694406622243,1.765708035478802,-3.076085373226082e-16
126.54269281070688,373.47369570899605,0.0047465688268878365,373.4694885514681,1.7727119451889912,-4.663745137975144e-16
127.04269281070688,372.9737825897364,0.004771709671982092,372.9695364380075,1.7797158519729739,-1.5713211595722003e-16
127.54269281070688,372.47386970412083,0.004796917994489041,372.4695843218295,1.7867197558462657,-3.970659325234528e-16
128.04269281070688,371.973957053089,0.004822194066477219,371.9696322029209,1.7937236568244628,-4.816236501339407e-16
128.54269281070688,371.4740446375858,0.004847538161479594,371.46968008126856,1.8007275549232453,-4.056923135805758e-16
129.04269281070688,370.97413245856103,0.004872950554503433,370.9697279568592,1.8077314501583752,-4.921013450636188e-16
129.54269281070688,370.47422051696964,0.004898431522040244,370.46977582967924,1.8147353425456985,-7.461543249359435e-16
130.04269281070688,369.9743088137718,0.004923981342075808,369.9698236997153,1.8217392321011456,-5.866423080174699e-16
130.54269281070688,369.4743973499328,0.004949600294100276,369.4698715669538,1.8287431188407308,-5.08302373331568e-16
131.04269281070688,368.97448612642324,0.004975288659118369,368.96991943138113,1.8357470027805547,-6.85113925252896e-16
131.54269281070688,368.4745751442188,0.005001046719659641,368.4699672929835,1.8427508839368034,-4.3286365724447087e-16
132.04269281070688,367.97466440430065,0.005026874759788842,367.970015151747,1.8497547623257486,-6.126238231818479e-16
132.54269281070688,367.4747539076551,0.005052773065116352,367.4700630076578,1.8567586379637504,-4.4237135068705765e-16
133.04269281070688,366.97484365527396,0.005078741922808713,366.97011086070194,1.8637625108672558,-5.366558033594307e-16
133.54269281070688,366.4749336481544,0.005104781621599232,366.4701587108651,1.8707663810527995,-4.52114709014172e-16
134.04269281070688,365.9750238872989,0.00513089245179869,365.9702065581332,1.8777702485370058,-2.7424607344329816e-16
134.54269281070688,365.47511437371566,0.005157074705306121,365.470254402492,1.884774113336589,-5.545202901321445e-16
135.04269281070688,364.97520510841815,0.005183328675619688,364.970302243927,1.8917779754683515,-5.606230942378614e-16
135.54269281070688,364.47529609242554,0.00520965465784765,364.4703500824238,1.8987818349491878,-7.557354510111251e-16
136.04269281070688,363.97538732676253,0.005236052948719414,363.9703979179677,1.9057856917960834,-4.775473473943245e-16
136.54269281070688,363.47547881245947,0.005262523846596686,363.4704457505442,1.9127895460261162,-6.759548140872122e-16
137.04269281070688,362.97557055055233,0.0052890676514847,362.97049358013845,1.9197933976564545,-4.88168113574287e-16
137.54269281070688,362.4756625420828,0.0053156846650435595,362.4705414067355,1.9267972467043624,-6.910091964189683e-16
138.04269281070688,361.97575478809824,0.005342375190599655,361.9705892303205,1.9338010931871963,-3.992443549259639e-16
138.54269281070688,361.47584728965194,0.005369139533157186,361.47063705087834,1.9408049371224074,-2.018405564838026e-16
139.04269281070688,360.97594004780285,0.005395977999409778,360.9706848683938,1.9478087785275418,-5.102167934640951e-16
139.54269281070688,360.4760330636159,0.005422890897752191,360.4707326828516,1.9548126174202411,-4.1272209472329486e-16
140.04269281070688,359.97612633816186,0.005449878538292132,359.97078049423646,1.961816453818245,-3.129959093246346e-16
140.54269281070688,359.4762198725175,0.005476941232862162,359.47082830253294,1.9688202877393874,-3.1649368969855788e-16
141.04269281070688,358.97631366776545,0.0055040792950317025,358.97087610772536,1.975824119201602,-5.333925335947802e-16
141.54269281070688,358.4764077249945,0.005531293040119146,358.47092390979805,1.982827948222921,-5.393700301104599e-16
142.04269281070688,357.9765020452994,0.0055585827852040635,357.9709717087353,1.9898317748214742,-5.454230172091268e-16
142.54269281070688,357.4765966297811,0.005585948849139514,357.47101950452117,1.996835599015493,-3.309315335259317e-16
143.04269281070688,356.9766914795467,0.005613391552564465,356.97106729713965,2.0038394208233075,-4.462077788208e-16
143.54269281070688,356.4767865957093,0.0056409112179163085,356.4711150865747,2.0108432402633505,-3.3842736856565947e-16
144.04269281070688,355.9768819793885,0.005668508169443486,355.97116287281,2.0178470573541554,-5.133702053104458e-16
144.54269281070688,355.47697763171004,0.0056961827332182215,355.47121065582934,2.024850872114359,-4.614864214261523e-16
145.04269281070688,354.977073553806,0.0057239352371493595,354.9712584356162,2.0318546845627017,-1.7501604686285776e-16
145.54269281070688,354.47716974681487,0.005751766010995314,354.4713062121541,2.038858494718027,-5.899988913367394e-17
146.04269281070688,353.9772662118815,0.0057796753863771245,353.97135398542633,2.0458623025992844,-3.5801724849602244e-16
146.54269281070688,353.4773629501572,0.005807663696791624,353.47140175541625,2.0528661082255275,-3.620865550950763e-16
147.04269281070688,352.9774599627999,0.005835731277624719,352.97144952210687,2.0598699116159174,-4.2724265052710713e-16
147.54269281070688,352.4775572509739,0.005863878466164784,352.4714972854812,2.0668737127897217,-4.32112665539792e-16
148.04269281070688,351.97765481585026,0.005892105601616168,351.97154504552213,2.073877511766315,-4.3704523980867844e-16
148.54269281070688,351.4777526586065,0.005920413025112816,351.47159280221246,2.080881308565182,-3.788925151493165e-16
149.04269281070688,350.97785078042705,0.005948801079732006,350.9716405555348,2.087885103205916,-4.471016575621261e-16
149.54269281070688,350.4779491825029,0.005977270110508208,350.47168830547173,2.094888895708219,-5.16831236829597e-16
150.04269281070688,349.978047866032,0.006005820464447059,349.9717360520057,2.101892686091906,-5.227648331354682e-16
150.54269281070688,349.47814683221895,0.0060344524905394555,349.47178379511894,2.1088964743769028,-3.304845000136617e-16
151.04269281070688,348.97824608227535,0.00606316653977577,348.97183153479364,2.1159002605832473,-6.0172137326448e-16
151.54269281070688,348.4783456174197,0.006091962965160191,348.47187927101186,2.122904044731091,-4.0577301354251226e-16
152.04269281070688,347.97844543887743,0.006120842121725181,347.9719270037555,2.1299078268406992,-4.1045854970542103e-16
152.54269281070688,347.4785455478811,0.006149804366546067,347.4719747330064,2.136911606932452,-4.844059031781932e-16
153.04269281070688,346.9786459456703,0.0061788500587557525,346.9720224587462,2.1439153850268458,-7.000223784623343e-17
153.54269281070688,346.47874663349177,0.006207979559559554,346.47207018095645,2.1509191611444924,-3.540704570631604e-16
154.04269281070688,345.97884761259945,0.0062371932322501725,345.97211789961864,2.1579229353061224,-2.86546223690789e-16
154.54269281070688,345.4789488842545,0.00626649144222279,345.47216561471396,2.1649267075325835,-1.4493957143918265e-16
155.04269281070688,344.97905044972543,0.006295874556990303,344.97221332622377,2.171930477844843,-0.0
155.54269281070688,344.47915231028793,0.006325342946198679,344.47226103412885,2.178934246263988,-0.0
156.04269281070688,343.97925446722525,0.006354896981642455,343.9723087384103,2.185938012811225,-1.5007129524686693e-16
156.54269281070688,343.479356921828,0.006384537037280372,343.4723564390488,2.1929417775078845,-7.591353212032426e-17
157.04269281070688,342.97945967539437,0.006414263489251139,342.972404136025,2.1999455403754187,-1.5360598319654552e-16
157.54269281070688,342.47956272923,0.006444076715889337,342.47245182931937,2.2069493014354022,-1.5540839181331338e-16
158.04269281070688,341.9796660846482,0.006473977097741473,341.9724995189123,2.2139530607095343,-7.861731764067883e-17
158.54269281070688,341.47976974297006,0.006503965017582156,341.47254720478406,2.220956818219641,-3.9771266094932515e-16
159.04269281070688,340.9798737055242,0.006534040860430432,340.97259488691464,2.227960573987672,-2.414400533624759e-16
159.54269281070688,340.4799779736471,0.0065642050135662575,340.472642565284,2.234964328035706,-1.628599111219258e-16
160.04269281070688,339.9800825486832,0.006594457866547112,339.972690239872,2.2419680803859485,-1.6478505916630464e-16
160.54269281070688,339.4801874319846,0.006624799811224764,339.4727379106583,2.248971831060734,-3.334717076989534e-16
161.04269281070688,338.9802926249115,0.0066552312417621886,338.9727855776223,2.255975580082528,-3.374253508301757e-16
161.54269281070688,338.4803981288322,0.006685752554650625,338.4728332407435,2.262979327473926,-2.560738654767247e-16
162.04269281070688,337.98050394512285,0.006716364148726789,337.9728809000011,2.2699830732576545,-4.318648783355445e-16
162.54269281070688,337.48061007516793,0.006747066425190248,337.47292855537415,2.276986817456574,-3.496063953514292e-16
163.04269281070688,336.98071652036,0.006777859787620933,336.97297620684157,2.283990560093678,-7.075522204151183e-16
163.54269281070688,336.48082328209983,0.0068087446419968205,336.4730238543821,2.2909943011920944,-4.47502340118384e-16
164.04269281070688,335.9809303617967,0.006839721396711769,335.9730714979745,2.297998040775088,-6.339979090289195e-16
164.54269281070688,335.4810377608681,0.006870790462593512,335.4731191375971,2.305001778866059,-3.6662490450936237e-16
165.04269281070688,334.98114548074,0.006901952252921812,334.97316677322834,2.3120055154885466,-5.565358404080674e-16
165.54269281070688,334.4812535228468,0.006933207183446782,334.47321440484626,2.3190092506662268,-3.754823673719494e-16
166.04269281070688,333.9813618886317,0.0069645556724073675,333.973262032429,2.3260129844229174,-5.700018315412001e-16
166.54269281070688,333.4814705795462,0.006995998140549993,333.47330965595427,2.3330167167825757,-5.7687204695044505e-16
167.04269281070688,332.98157959705077,0.007027535011147384,332.97335727539985,2.340020447769301,-4.865296542054364e-16
167.54269281070688,332.4816889426144,0.007059166710017549,332.4734048907432,2.347024177407337,-5.908938566698893e-16
168.04269281070688,331.9817986177152,0.007090893665542938,331.9734525019618,2.3540279057210687,-5.980482961599565e-16
168.54269281070688,331.48190862383984,0.007122716308689777,331.4735001090328,2.361031632735028,-6.053003617827452e-16
169.04269281070688,330.9820189624842,0.007154635073027574,330.97354771193307,2.368035358473893,-6.126515361669624e-16
169.54269281070688,330.48212963515306,0.007186650394748798,330.4735953106398,2.3750390829624886,-4.1340221783247284e-16
170.04269281070688,329.98224064336034,0.007218762712688747,329.97364290512945,2.382042806225787,-4.184381774833338e-16
170.54269281070688,329.4823519886291,0.007250972468345586,329.47369049537866,2.3890465282889117,-5.294290941802268e-16
171.04269281070688,328.9824636724916,0.007283280105900578,328.97373808136365,2.3960502491771356,-2.1435928391269342e-16
171.54269281070688,328.4825756964894,0.007315686072238489,328.4737856630607,2.4030539689158834,-3.2547384684109337e-16
172.04269281070688,327.98268806217357,0.007348190816968188,327.9738332404459,2.4100576875307334,-3.2946303865361375e-16
172.54269281070688,327.48280077110445,0.0073807947924434325,327.473880813495,2.417061405047417,-4.446764458261177e-16
173.04269281070688,326.982913824852,0.007413498453783843,326.97392838218366,2.424065121491821,-4.50143441521207e-16
173.54269281070688,326.48302722499574,0.007446302258896072,326.47397594648737,2.4310688368899895,-5.126469607030449e-16
174.04269281070688,325.9831409731248,0.0074792066684951685,325.97402350638146,2.438072551268123,-5.189690827033492e-16
174.54269281070688,325.48325507083814,0.007512212146126136,325.474071061841,2.445076264652581,-1.7512635807157557e-16
175.04269281070688,324.98336951974443,0.0075453191581856946,324.9741186128409,2.452079977069884,-2.3639035310342053e-16
175.54269281070688,324.48348432146224,0.007578528173944236,324.474166159356,2.4590836885467118,-2.991489588437238e-16
176.04269281070688,323.9835994776202,0.007611839665567993,323.9742137013608,2.466087399109908,-3.6343331635434043e-16
176.54269281070688,323.4837149898569,0.007645254108141402,323.4742612388296,2.47309110878648,-1.2265006008162533e-16
177.04269281070688,322.983830859821,0.007678771979689684,322.9743087717368,2.4800948176035993,-3.7253031197250223e-16
177.54269281070688,322.48394708917147,0.0077123937612016275,322.4743563000562,2.487098525588604,-1.257248992851183e-16
178.04269281070688,321.98406367957745,0.007746119936652591,321.9744038237616,2.494102232768999,-2.5458956076859284e-16
178.54269281070688,321.4841806327185,0.0077799509930277086,321.4744513428266,2.5011059391724597,6.444337706397116e-17
179.04269281070688,320.98429795028454,0.007813887420345328,320.9744988572247,2.50810964482683,-1.3050116655019282e-16
179.54269281070688,320.4844156339761,0.007847929711680654,320.47454636692913,2.5151133497601252,-0.0
180.04269281070688,319.9845336855042,0.007882078363189616,319.9745938719127,2.522117054000534,-0.0
180.54269281070688,319.4846521065906,0.007916333874132974,319.47464137214837,2.52912075757642,2.0322387972219595e-16
181.04269281070688,318.98477089896784,0.007950696746900623,318.97468886760873,2.536124460516319,1.371903350938701e-16
181.54269281070688,318.4848900643792,0.00798516748703616,318.474736358266,2.5431281628489475,2.0838351662407548e-16
182.04269281070688,317.98500960457903,0.008019746603261647,317.97478384409254,2.550131864603197,1.406789980474352e-16
182.54269281070688,317.4851295213326,0.008054434607502645,317.4748313250602,2.557135565808141,4.273820588106637e-16
183.04269281070688,316.98524981641634,0.008089232014913449,316.9748788011408,2.564139266493032,2.8853561235316045e-16
183.54269281070688,316.4853704916178,0.00812413934390259,316.4749262723059,2.5711429666873054,1.4610076179849618e-16
184.04269281070688,315.98549154873587,0.008159157116158562,315.9749737385267,2.5781466664205803,4.438798927208636e-16
184.54269281070688,315.4856129895808,0.008194285856675804,315.47502119977446,2.5851503657226624,2.2476874772081704e-16
185.04269281070688,314.98573481597424,0.00822952609378092,314.97506865601997,2.5921540646235433,3.7939697544217277e-16
185.54269281070688,314.48585702974947,0.008264878359159154,314.47511610723393,2.5991577631534004,1.5369927247348956e-16
186.04269281070688,313.98597963275137,0.00830034318788112,313.9751635533868,2.6061614613426047,3.113354389569487e-16
186.54269281070688,313.4861026268365,0.008335921118429785,313.4752109944487,2.6131651592217153,3.1532915948789264e-16
187.04269281070688,312.98622601387336,0.008371612692727706,312.9752584303896,2.620168856821486,3.193806194987282e-16
187.54269281070688,312.4863497957423,0.008407418456164537,312.4753058611794,2.6271725541728626,2.426180610819133e-16
188.04269281070688,311.98647397433564,0.008443338957624794,311.9753532867875,2.634176251306989,2.457453681844165e-16
188.54269281070688,311.4865985515579,0.008479374749515888,311.47540070718316,2.641179948255204,3.3189081029451353e-16
189.04269281070688,310.98672352932573,0.008515526387796435,310.9754481223355,2.648183645049046,1.6809134287965074e-16
189.54269281070688,310.48684890956815,0.008551794432004826,310.47549553221324,2.6551873417202563,2.554028356967104e-16
190.04269281070688,309.9869746942266,0.008588179445288086,309.975542936785,2.662191038300775,3.4495511054970055e-16
190.54269281070688,309.48710088525496,0.008624681994431007,309.4755903360192,2.6691947348227467,1.7471885375280597e-16
191.04269281070688,308.9872274846197,0.008661302649885561,308.9756377298837,2.6761984313185216,2.654894673795868e-16
191.54269281070688,308.4873544943001,0.00869804198580061,308.4756851183465,2.6832021278206577,1.7930046389056135e-16
192.04269281070688,307.9874819162882,0.008734900580051884,307.97573250137503,2.690205824361919,1.8164185539189645e-16
192.54269281070688,307.4876097525888,0.008771879014272278,307.47577987893663,2.697209520975281,-0.0
193.04269281070688,306.98773800522,0.008808977873882426,306.97582725099846,2.7042132176939346,9.321429204320058e-17
193.54269281070688,306.4878666762129,0.008846197748121575,306.47587461752727,2.7112169145512794,9.443753025442681e-17
194.04269281070688,305.9879957676117,0.008883539230078773,305.97592197848957,2.718220611580932,1.9135772165145657e-16
194.54269281070688,305.48812528147414,0.00892100291672435,305.47596933385165,2.725224308816726,1.9387716321036404e-16
195.04269281070688,304.9882552198713,0.00895858940894172,304.97601668357953,2.732228006292715,1.9643399168737978e-16
195.54269281070688,304.48838558488785,0.008996299311559488,304.476064027639,2.739231704043173,9.951441230207021e-17
196.04269281070688,303.9885163786221,0.009034133233383871,303.9761113659954,2.7462354021025943,1.0083114536045336e-16
196.54269281070688,303.48864760318617,0.009072091787231453,303.47615869861403,2.7532391005057013,3.065025453900987e-16
197.04269281070688,302.98877926070605,0.00911017558996225,302.97620602545976,2.7602427992874397,1.035238475672298e-16
197.54269281070688,302.48891135332184,0.00914838526251311,302.47625334649734,2.7672464984829834,2.0980094918064585e-16
198.04269281070688,301.9890438831876,0.00918672142993144,301.97630066169097,2.7742501981277368,2.1259546839721267e-16
198.54269281070688,301.48917685247176,0.009225184721409272,301.4763479710049,2.7812538982573356,1.0771597059412929e-16
199.04269281070688,300.989310263357,0.009263775770317671,300.97639527440276,2.7882575989076495,-2.183110686121641e-16
199.54269281070688,300.48944411804064,0.009302495214241478,300.47644257184817,2.795261300114784,1.1061678231788776e-16
200.04269281070688,299.98957841873437,0.009341343695014406,299.97648986330415,2.8022650019150817,1.6815011729559752e-16
200.54269281070688,299.48971316766483,0.009380321858754483,299.4765371487338,2.8092687043451243,3.4081737668377535e-16
201.04269281070688,298.98984836707336,0.00941943035589986,298.97658442809967,2.8162724074417342,1.151343015471723e-16
201.54269281070688,298.4899840192163,0.009458669841244964,298.476631701364,2.823276111241979,1.750289854237104e-16
202.04269281070688,297.9901201263651,0.00949804097397703,297.9766789684889,2.830279815783171,5.913062484703521e-17
202.54269281070688,297.4902566908065,0.00953754441771299,297.47672622943605,2.8372835211028704,-1.7979071747925299e-16
203.04269281070688,296.9903937148424,0.009577180840536732,296.97677348416676,2.844287227238885,-6.07420410607582e-17
203.54269281070688,296.4905312007903,0.009616950915036754,296.47682073264207,2.8512909342292776,-1.231324746392427e-16
204.04269281070688,295.99066915098336,0.009656855318344178,295.97686797482294,2.8582946421123614,-1.8720911571405552e-16
204.54269281070688,295.49080756777033,0.009696894732171163,295.47691521066963,2.865298350926708,6.325265939537424e-17
205.04269281070688,294.9909464535159,0.009737069842849699,294.9769624401423,2.872302060711144,1.2823063679248493e-16
205.54269281070688,294.4910858106008,0.009777381341370805,294.4770096632007,2.87930577150476,-2.5996495314459603e-16
206.04269281070688,293.9912256414218,0.00981782992342412,293.97705687980437,2.8863094833469054,-6.588064596926923e-17
206.54269281070688,293.49136594839206,0.009858416289437906,293.4771040899123,2.8933131962771954,-6.678377262798506e-17
207.04269281070688,292.9915067339411,0.009899141144619449,292.9771512934834,2.9003169103355138,-6.770085381103327e-17
207.54269281070688,292.491648000515,0.009940005198995879,292.4771984904761,2.90732062556201,-0.0
208.04269281070688,291.9917897505765,0.00998100916745542,291.97724568084845,2.914324341997108,-0.0
208.54269281070688,291.49193198660527,0.010022153769789044,291.4772928645582,2.921328059681503,-2.1161474218663409e-16
209.04269281070688,290.99207471109787,0.010063439730732569,290.9773400415628,2.928331778656168,-7.151359268729001e-17
209.54269281070688,290.49221792656806,0.010104867780009184,290.47738721181935,2.9353354989623526,2.1751241690467603e-16
210.04269281070688,289.9923616355468,0.010146438652372422,289.9774343752845,2.9423392206415877,-7.351014995009905e-17
210.54269281070688,289.49250584058245,0.010188153087649568,289.47748153191446,2.949342943735687,-1.4906378877197587e-16
211.04269281070688,288.99265054424114,0.01023001183078552,288.97752868166543,2.9563466682867503,-1.5113929235122964e-16
211.54269281070688,288.4927957491065,0.010272015631887111,288.47757582449293,2.9633503943371653,7.662368447305466e-17
212.04269281070688,287.99294145778015,0.010314165246267888,287.9776229603521,2.970354121929609,-3.107771751875438e-16
212.54269281070688,287.4930876728817,0.010356461434493357,287.4776700891979,2.9773578511070515,-1.5756352828569565e-16
213.04269281070688,286.99323439704904,0.010398904962426703,286.97771721098474,2.9843615819127605,-2.396591732971962e-16
213.54269281070688,286.4933816329383,0.010441496601274986,286.4777643256668,2.991365314390298,-2.4302542789171663e-16
214.04269281070688,285.99352938322414,0.010484237127635824,285.9778114331977,2.998369048583529,-3.2859330346610915e-16
214.54269281070688,285.4936776505999,0.010527127323544563,285.4778585335308,3.0053727845366214,-8.330625389019514e-17
215.04269281070688,284.99382643777784,0.010570167976521947,284.977905626619,3.0123765222940477,-1.6896515839684312e-16
215.54269281070688,284.4939757474891,0.010613359879622284,284.4779527124149,3.019380261900589,-8.567762716401007e-17
216.04269281070688,283.994125582484,0.01065670383148213,283.9779997908705,3.0263840034013385,-2.6067518850321306e-16
216.54269281070688,283.49427594553225,0.010700200636369476,283.47804686193757,3.0333877468417025,-1.762504488001642e-16
217.04269281070688,282.994426839423,0.010743851104233468,282.97809392556746,3.0403914922674025,-0.0
217.54269281070688,282.49457826696516,0.010787656050754641,282.478140981711,3.0473952397244815,-0.0
218.04269281070688,281.9947302309874,0.010831616297395706,281.9781880303187,3.054398989259304,-0.0
218.54269281070688,281.4948827343384,0.010875732671452849,281.47823507134046,3.061402740918558,9.326012792653071e-17
219.04269281070688,280.99503577988713,0.010920006006107612,280.9782821047261,3.06840649474926,9.459589501957132e-17
219.54269281070688,280.49518937052295,0.010964437140479302,280.47832913042464,3.075410250798759,2.878596833637231e-16
220.04269281070688,279.99534350915565,0.011009026919677969,279.9783761483848,3.082414009114733,-0.0
220.54269281070688,279.4954981987159,0.011053776194857954,279.4784231585551,3.089417769745201,2.962024450284101e-16
221.04269281070688,278.99565344215523,0.011098685823272014,278.97847016088315,3.0964215327385194,1.0015853448179911e-16
221.54269281070688,278.4958092424463,0.011143756668326024,278.47851715531647,3.1034252981433856,1.016060833371514e-16
222.04269281070688,277.99596560258306,0.011188989599634274,277.9785641418019,3.1104290660088463,1.0307721420469759e-16
222.54269281070688,277.49612252558103,0.011234385493075356,277.478611120286,3.117432836384294,1.0457235474470924e-16
223.04269281070688,276.99628001447735,0.011279945230848664,276.9786580907148,3.124436609319473,2.121838823284986e-16
223.54269281070688,276.4964380723311,0.011325669701531503,276.4787050530338,3.1314403848644825,3.229092552115299e-16
224.04269281070688,275.99659670222337,0.011371559800136816,275.9787520071881,3.1384441630697797,2.1841248065715319e-16
224.54269281070688,275.49675590725764,0.011417616428171544,275.4787989531223,3.1454479439861847,-0.0
225.04269281070688,274.9969156905597,0.011463840493695615,274.9788458907804,3.1524517276648787,1.1242377949505913e-16
225.54269281070688,274.4970760552783,0.011510232911381587,274.4788928201061,3.1594555141574134,3.422173526216283e-16
226.04269281070688,273.99723700458475,0.011556794602574931,273.97893974104244,3.16645930351571,3.4724512688096725e-16
226.54269281070688,273.49739854167376,0.011603526495354986,273.4789866535321,3.173463095792064,-0.0
227.04269281070688,272.99756066976323,0.011650429524596573,272.9790335575171,3.1804668910391496,-0.0
227.54269281070688,272.49772339209454,0.0116975046320323,272.4790804529391,3.187470689310021,-0.0
228.04269281070688,271.99788671193295,0.011744752766315543,271.97912733973914,3.1944744906581173,3.0683698161373457e-16
228.54269281070688,271.4980506325675,0.011792174883084117,271.47917421785775,3.2014782951372656,2.4910942771164e-16
229.04269281070688,270.9982151573116,0.01183977194502467,270.979221087235,3.208482102801685,3.792151640821125e-16
229.54269281070688,270.49838028950296,0.011887544921937774,270.47926794781023,3.21548591370599,1.9242957178951569e-16
230.04269281070688,269.9985460325039,0.011935494790803743,269.9793147995225,3.2224897279051925,1.952989064894123e-16
230.54269281070688,269.49871238970167,0.011983622535849186,269.4793616423102,3.229493545454708,3.303607840037882e-16
231.04269281070688,268.9988793645085,0.012031929148614298,268.9794084761111,3.2364973664103567,-1.341221106603692e-16
231.54269281070688,268.49904696036214,0.012080415628020908,268.4794553008625,3.243501190828371,6.80666381090292e-17
232.04269281070688,267.9992151807256,0.012129082980441278,267.9795021165012,3.2505050187653945,-0.0
232.54269281070688,267.499384029088,0.012177932219767677,267.47954892296315,3.2575088502784886,7.012911637168463e-17
233.04269281070688,266.99955350896425,0.012226964367482744,266.97959572018414,3.2645126854251374,2.8474663278747167e-16
233.54269281070688,266.49972362389565,0.012276180452730632,266.479642508099,3.271516524263248,7.226217725130727e-17
234.04269281070688,265.99989437744995,0.012325581512388955,265.9796892866421,3.2785203668511587,7.33560137435657e-17
234.54269281070688,265.50006577322176,0.012375168591141551,265.4797360557473,3.2855242132476383,2.9787405991079206e-16
235.04269281070688,265.0002378148327,0.012424942741552068,264.9797828153478,3.292528063511895,-3.024001420599697e-16
235.54269281070688,264.5004105059316,0.012474905024138377,264.4798295653761,3.2995319177035776,7.67509373397128e-17
236.04269281070688,264.0005838501948,0.01252505650744784,263.97987630576415,3.3065357758827774,7.79215900289504e-17
236.54269281070688,263.50075785132657,0.012575398268133425,263.4799230364434,3.313539638110039,1.5822474185338508e-16
237.04269281070688,263.0009325130591,0.01262593139103069,262.9799697573444,3.3205435044463583,-0.0
237.54269281070688,262.50110783915306,0.012676656969235657,262.4800164683973,3.32754737495319,8.155586663297378e-17
238.04269281070688,262.00128383339757,0.012727576104183553,261.98006316953155,3.3345512496924505,-0.0
238.54269281070688,261.50146049961063,0.012778689905728481,261.48010986067584,3.3415551287265224,-8.408460543975766e-17
239.04269281070688,261.0016378416395,0.012829999492223987,260.98015654175833,3.34855901211826,-2.5614591636507896e-16
239.54269281070688,260.50181586336066,0.012881505990604558,260.4802032127065,3.3555628999309914,1.7340380897888456e-16
240.04269281070688,260.00199456868046,0.012933210536468063,259.980249873447,3.362566792228526,-0.0
240.54269281070688,259.50217396153516,0.012985114274159146,259.480296523906,3.369570689075157,-0.0
241.04269281070688,259.0023540458913,0.013037218356853576,258.98034316400884,3.3765745905356654,-1.8160302440826602e-16
241.54269281070688,258.502534825746,0.013089523946643585,258.4803897936802,3.383578496675328,-0.0
242.04269281070688,258.00271630512725,0.013142032214624193,257.98043641284414,3.390582407559919,-9.36556763965047e-17
242.54269281070688,257.50289848809416,0.013194744340980535,257.4804830214239,3.3975863232557146,-9.512051327211907e-17
243.04269281070688,257.0030813787373,0.01324766151507621,256.98052961934195,3.404590243829501,-9.661117823607164e-17
243.54269281070688,256.5032649811791,0.013300784935542658,256.48057620652025,3.4115941693485747,-2.943845348964592e-16
244.04269281070688,256.0034492995739,0.013354115810369592,255.9806227828798,3.4185980998807515,-3.9868812576081263e-16
244.54269281070688,255.50363433810855,0.013407655356996478,255.48066934834094,3.4256020354943693,-2.0248653373769303e-16
245.04269281070688,255.0038201010026,0.013461404802405102,254.98071590282322,3.432605976258294,-3.0852727586466305e-16
245.54269281070688,254.50400659250855,0.013515365383213218,254.48076244624554,3.4396099222419236,-1.0447005916954819e-16
246.04269281070688,254.0041938169123,0.013569538345769305,253.98080897852586,3.446613873515195,-3.183801990952112e-16
246.54269281070688,253.50438177853343,0.013623924946248443,253.48085549958148,3.4536178301485867,-1.0781302372854825e-16
247.04269281070688,253.0045704817255,0.01367852645074933,252.9809020093289,3.460621792213128,-2.1905904148637786e-16
247.54269281070688,252.5047599308764,0.013733344135392437,252.4809485076837,3.4676257597804,-1.1127682649054382e-16
248.04269281070688,252.00495013040873,0.013788379286419343,251.9809949945608,3.474629732922543,-5.652777831362842e-17
248.54269281070688,251.5051410847801,0.013843633200293252,251.48104146987424,3.4816337117122624,-1.1486634036988386e-16
249.04269281070688,251.00533279848347,0.0138991071838007,250.9810879335372,3.4886376962228347,-2.9177455205335507e-16
249.54269281070688,250.50552527604754,0.013954802554154488,250.48113438546204,3.495641686528109,-1.7787998295883532e-16
250.04269281070688,250.00571852203709,0.014010720639097852,249.9811808255603,3.5026456827025196,-3.0124378928220116e-16
250.54269281070688,249.50591254105333,0.014066862777009869,249.48122725374265,3.5096496848210856,-1.8366463327429344e-16
251.04269281070688,249.0061073377343,0.01412323031701215,248.98127366991892,3.51665369295942,6.221203840148026e-17
251.54269281070688,248.50630291675515,0.0141798246190768,248.48132007399792,3.5236577071937325,2.5288239462358397e-16
252.04269281070688,248.0064992828286,0.014236647054135703,247.98136646588776,3.53066172760084,-1.9274277622128395e-16
252.54269281070688,247.50669644070533,0.014293699004191111,247.48141284549556,3.537665754258169,6.529339375300677e-17
253.04269281070688,247.00689439517427,0.014350981862427588,246.9814592127275,3.544669787243763,1.3271677440934304e-16
253.54269281070688,246.50709315106303,0.014408497033325309,246.48150556748888,3.5516738266362866,6.744296455916716e-17
254.04269281070688,246.00729271323837,0.01446624593277474,245.9815519096841,3.5586778725150365,-2.0564258033409204e-16
254.54269281070688,245.50749308660644,0.014524229988192715,245.48159823921657,3.5656819249599416,2.0901745161397417e-16
255.04269281070688,245.00769427611334,0.014582450638639938,244.9816445559887,3.5726859840515752,2.1245476536254079e-16
255.54269281070688,244.50789628674542,0.014640909334939922,244.48169085990202,3.579690049871157,1.4397053861863252e-16
256.04269281070685,244.00809912352975,0.014699607539799382,243.98173715085716,3.5866941225005613,7.317396495570902e-17
256.54269281070685,243.50830279153442,0.014758546727930134,243.48178342875343,3.593698202022326,1.487695811138447e-16
257.04269281070685,243.00850729586918,0.01481772838617245,242.98182969348952,3.600702288519654,7.561820483594906e-17
257.54269281070685,242.50871264168563,0.014877154013619992,242.4818759449629,3.607706382076424,7.687467699675325e-17
258.04269281070685,242.00891883417785,0.014936825121746253,241.98192218307005,3.614710482777196,-7.815468698604101e-17
258.54269281070685,241.50912587858267,0.014996743234532584,241.48196840770646,3.6217145907072195,-7.945872576212925e-17
259.04269281070685,241.0093337801802,0.015056909888597808,240.9820146187665,3.6287187059524375,-1.6157459114223676e-16
259.54269281070685,240.50954254429433,0.015117326633329453,240.48206081614347,3.635722828599497,-3.285636409223371e-16
260.04269281070685,240.00975217629303,0.015177995031016616,239.98210699972967,3.6427269587357536,-3.3408038168403953e-16
260.54269281070685,239.50996268158897,0.015238916656984491,239.48215316941625,3.6497310964492815,-2.547761669555544e-16
261.04269281070685,239.01017406563986,0.015300093099730593,238.98219932509332,3.656735241828877,-2.5907202370742135e-16
261.54269281070685,238.510386333949,0.015361525961062676,238.48224546664974,3.66373939496407,-2.63449545814592e-16
262.04269281070685,238.0105994920657,0.015423216856238408,237.9822915939734,3.670743555945128,-8.930348730170796e-17
262.54269281070685,237.51081354558585,0.015485167414106783,237.48233770695097,3.677747724863067,-9.081884698008622e-17
263.04269281070685,237.0110285001523,0.015547379277251345,236.98238380546795,3.6847519018096566,-1.847263954954481e-16
263.54269281070685,236.5112443614554,0.015609854102135211,236.48242988940862,3.691756086877429,-9.393715718540226e-17
264.04269281070685,236.01146113523353,0.015672593559247938,235.9824759586562,3.6987602801596857,-2.866240721274427e-16
264.54269281070685,235.51167882727358,0.015735599333254264,235.48252201309265,3.7057644817505095,-2.9152933582748e-16
265.04269281070685,235.01189744341147,0.015798873123144735,234.98256805259865,3.712768691744766,-0.0
265.54269281070685,234.51211698953264,0.015862416642388272,234.4826140770537,3.7197729102381185,1.0054194870948284e-16
266.04269281070685,234.01233747157264,0.015926231619086666,233.9826600863361,3.7267771373270304,-0.0
266.54269281070685,233.51255889551757,0.015990319796131084,233.48270608032274,3.7337813731087777,-2.0807831086926e-16
267.04269281070685,233.01278126740473,0.016054682931360573,232.98275205888942,3.740785617681457,1.0583893422365974e-16
267.54269281070685,232.51300459332307,0.016119322797722595,232.4827980219105,3.747789871143992,-0.0
268.04269281070685,232.01322887941384,0.016184241183435664,231.98284396925905,3.754794133596146,-1.0954456622007479e-16
268.54269281070685,231.51345413187107,0.016249439892154056,231.48288990080687,3.7617984051385256,-0.0
269.04269281070685,231.0136803569422,0.01631492074313468,230.98293581642437,3.7688026858725934,-1.7009520789120753e-16
269.54269281070685,230.51390756092854,0.016380685571406095,230.4829817159806,3.7758069759006765,-1.7306986966496566e-16
270.04269281070685,230.01413575018603,0.016446736227939757,229.98302759934325,3.782811275325975,-1.7610318659475473e-16
270.54269281070685,229.5143649311257,0.016513074579823473,229.48307346637856,3.7898155842525734,-0.0
271.04269281070685,229.0145951102143,0.016579702510437135,228.9831193169514,3.796819902785443,-0.0
271.54269281070685,228.51482629397492,0.016646621919630764,228.48316515092517,3.8038242310304624,6.185603463422162e-17
272.04269281070685,228.01505848898762,0.01671383472390489,227.9832109681619,3.810828569094418,6.294974540891204e-17
272.54269281070685,227.51529170189002,0.016781342856593297,227.48325676852204,3.817832917085019,6.406526108349422e-17
273.04269281070685,227.01552593937794,0.01684914826804819,226.9833025518646,3.8248372751109043,-1.3040613147817574e-16
273.54269281070685,226.51576120820604,0.01691725292582781,226.48334831804706,3.8318416432816553,-1.3272731060813783e-16
274.04269281070685,226.01599751518847,0.016985658814886534,225.9833940669254,3.838846021707802,-0.0
274.54269281070685,225.51623486719956,0.017054367937767496,225.48343979835406,3.8458504105008373,-2.062657020693394e-16
275.04269281070685,225.0164732711744,0.01712338231479778,224.98348551218587,3.852854809773227,-4.1992366301657206e-16
275.54269281070685,224.51671273410955,0.01719270398428621,224.483531208272,3.859859219638417,-2.849768555632652e-16
276.04269281070685,224.0169532630638,0.017262335002723797,223.9835768864622,3.866863640210847,-4.3515962577179417e-16
276.54269281070685,223.5171948651588,0.017332277444986846,223.48362254660447,3.873868071605963,-1.47670044768248e-16
277.04269281070685,223.01743754757973,0.017402533404542828,222.98366818854507,3.880872513940223,-1.5034011285705577e-16
277.54269281070685,222.517681317576,0.017473104993658988,222.48371381212877,3.887876967331111,-7.653230935759495e-17
278.04269281070685,222.01792618246208,0.0175439943436138,221.98375941719843,3.8948814318971503,-1.5584479831512177e-16
278.54269281070685,221.51817214961812,0.017615203604911256,221.48380500359545,3.9018859077579133,7.93409592829261e-17
279.04269281070685,221.01841922649078,0.01768673494749806,220.98385057115925,3.9088903950340295,-0.0
279.54269281070685,220.51866742059386,0.017758590560983792,220.48389611972758,3.915894893847205,-0.0
280.04269281070685,220.01891673950917,0.01783077265486406,219.9839416491364,3.922899404320225,-8.377403715814952e-17
280.54269281070685,219.51916719088726,0.017903283458746685,219.48398715921988,3.929903926576975,-1.7062627515577023e-16
281.04269281070685,219.0194187824482,0.01797612522258099,218.98403264981027,3.9369084607424463,-8.688412288377115e-17
281.54269281070685,218.5196715219824,0.01804930021689024,218.48407812073802,3.943913006942751,-1.7697545736761738e-16
282.04269281070685,218.0199254173513,0.018122810733007255,217.98412357183167,3.9509175653051356,-3.604988371843722e-16
282.54269281070685,217.52018047648832,0.018196659083313287,217.48416900291787,3.957922135957991,-3.6718335307650475e-16
283.04269281070685,217.02043670739965,0.018270847601480178,216.9842144138213,3.964926719030866,-2.8050572675351653e-16
283.54269281070685,216.52069411816504,0.018345378642715883,216.48425980436465,3.9719313146544835,-2.857312046275038e-16
284.04269281070685,216.02095271693867,0.018420254584013387,215.98430517436867,3.9789359229607495,-0.0
284.54269281070685,215.52121251195004,0.01849547782440308,215.48435052365213,3.9859405440827707,-3.9535204911493783e-16
285.04269281070685,215.02147351150478,0.018571050785208657,214.98439585203155,3.9929451781548617,-3.020765933767469e-16
285.54269281070685,214.52173572398559,0.018646975910306576,214.48444115932162,3.9999498253125654,-4.1034243191621634e-16
286.04269281070685,214.0219991578531,0.01872325566638917,213.98448644533477,4.006954485692664,-4.180766678228488e-16
286.54269281070685,213.52226382164676,0.018799892543231424,213.48453170988134,4.013959159433193,-6.389629370556298e-16
287.04269281070685,213.02252972398585,0.018876889053961517,212.9845769527695,4.020963846673455,-5.425527422283028e-16
287.54269281070685,212.52279687357034,0.018954247735335175,212.4846221738052,4.027968547554038,-4.4228136783641704e-16
288.04269281070685,212.02306527918182,0.019031971148013905,211.9846673727923,4.034973262216825,-4.506969107597253e-16
288.54269281070685,211.5233349496845,0.019110061876847148,211.48471254953222,4.041977990805011,-4.0188139881689425e-16
289.04269281070685,211.0236058940262,0.01918852253115846,210.98475770382422,4.048982733463119,-2.9254627025071077e-16
289.54269281070685,210.52387812123925,0.01926735574503576,210.48480283546513,4.0559874903370154,-4.770443551867935e-16
290.04269281070685,210.0241516404416,0.019346564177625692,209.98484794424954,4.062992261573923,-3.038803383931027e-16
290.54269281070685,209.5244264608378,0.019426150513432237,209.4848930299696,4.069997047322441,-3.7167844299705587e-16
291.04269281070685,209.02470259171994,0.019506117462619564,208.98493809241506,4.0770018477325545,-4.4199513130748757e-16
291.54269281070685,208.52498004246885,0.019586467761319257,208.4849831313732,4.084006662955661,-5.149115656703472e-16
292.04269281070685,208.02525882255506,0.019667204171941944,207.98502814662882,4.091011493144572,-5.248991241659792e-16
292.54269281070685,207.52553894153988,0.019748329483493445,207.4850731379642,4.098016338453547,-4.0132886397035766e-16
293.04269281070685,207.02582040907652,0.019829846511895472,206.98511810515907,4.105021199038296,-6.137268429442796e-16
293.54269281070685,206.52610323491118,0.019911758100311,206.48516304799057,4.112026075056004,-6.257183042545092e-16
294.04269281070685,206.02638742888416,0.019994067119474348,205.98520796623316,4.119030966665347,-5.670879947155786e-16
294.54269281070685,205.52667300093105,0.020076776468026077,205.48525285965874,4.126035874026509,-3.6138910942053345e-16
295.04269281070685,205.0269599610838,0.02015988907285279,204.98529772803636,4.133040797301198,-2.9480185468654823e-16
295.54269281070685,204.52724831947197,0.02024340788943189,204.48534257113238,4.1400457366526675,-2.254640543560891e-16
296.04269281070685,204.02753808632386,0.020327335902181408,203.98538738871045,4.1470506922457355,-1.5328253195600612e-16
296.54269281070685,203.5278292719678,0.02041167612481497,203.48543218053132,4.154055664246799,-3.126440371451943e-16
297.04269281070685,203.02812188683328,0.020496431600702022,202.98547694635286,4.161060652823856,-2.3914421599646963e-16
297.54269281070685,202.5284159414522,0.020581605403233342,202.48552168593005,4.1680656581465225,-1.626066012886612e-16
298.04269281070685,202.02871144646025,0.020667200636192012,201.98556639901494,4.175070680386054,8.292756500135823e-17
298.54269281070685,201.52900841259802,0.020753220434129867,201.4856110853566,4.182075719715365,-0.0
299.04269281070685,201.02930685071243,0.020839667962749574,200.98565574470098,4.189080776309047,-1.725736008508921e-16
299.54269281070685,200.52960677175795,0.020926546419292407,200.48570037679102,4.19608585034339,-8.802363369761354e-17
300.04269281070685,200.02990818679802,0.021013859032931827,199.98574498136648,4.2030909419964075,-2.6939968581549207e-16
300.54269281070685,199.53021110700638,0.02110160906517297,199.48578955816407,4.210096051447846,-9.161658211730671e-17
301.04269281070685,199.03051554366837,0.021189799810258154,198.98583410691705,4.2171011788792185,-0.0
301.54269281070685,198.53082150818247,0.021278434595578467,198.48587862735562,4.224106324473819,-0.0
302.04269281070685,198.03112901206163,0.021367516782091634,197.9859231192066,4.231111488416747,-0.0
302.54269281070685,197.53143806693467,0.021457049764746168,197.48596758219338,4.238116670894927,9.930851250526209e-17
303.04269281070685,197.03174868454786,0.02154703697291199,196.98601201603597,4.245121872097134,1.0134328341930442e-16
303.54269281070685,196.53206087676634,0.021637481870817606,196.486056420451,4.252127092214016,1.0342507583598171e-16
304.04269281070685,196.03237465557558,0.021728387957993967,195.9861007951514,4.259132331438112,3.166653003723847e-16
304.54269281070685,195.53269003308301,0.021819758769725108,195.4861451398467,4.2661375899638845,1.077346010088846e-16
305.04269281070685,195.0330070215195,0.021911597877505722,194.98618945424272,4.273142867987733,3.2989457591454833e-16
305.54269281070685,194.53332563324093,0.02200390888950577,194.48623373804156,4.280148165708029,1.1224718968518515e-16
306.04269281070685,194.0336458807299,0.02209669545104226,193.98627799094166,4.287153483325133,1.7187442273197662e-16
306.54269281070685,193.5339677765972,0.02218996124505831,193.48632221263762,4.2941588210414166,5.848676411396246e-17
307.04269281070685,193.03429133358358,0.02228370999260969,192.98636640282024,4.301164179061299,2.3884072429591647e-16
307.54269281070685,192.53461656456136,0.02237794545335886,192.48641056117626,4.308169557591263,1.2192492481250097e-16
308.04269281070685,192.03494348253616,0.022472671426076757,191.9864546873886,4.3151749568398845,6.224436670516084e-17
308.54269281070685,191.53527210064868,0.022567891749152417,191.48649878113613,4.322180377017856,-6.355667455102137e-17
309.04269281070685,191.03560243217632,0.022663610301110575,190.98654284209354,4.329185818338021,6.490018920695411e-17
309.54269281070685,190.5359344905351,0.022759831001137404,190.48658686993141,4.336191281015393,3.3137868669882474e-16
310.04269281070685,190.03626828928142,0.02285655780961453,189.98663086431614,4.343196765267183,6.768416976569919e-17
310.54269281070685,189.53660384211386,0.022953794728661495,189.48667482490973,4.350202271312836,3.4563181111002253e-16
311.04269281070685,189.03694116287514,0.02305154580268678,188.98671875136992,4.357207799374052,3.530160808263416e-16
311.54269281070685,188.53728026555393,0.023149815118947627,188.48676264334998,4.364213349674816,3.6057829798765014e-16
312.04269281070685,188.03762116428683,0.023248606808118712,187.9868065004987,4.37121892244143,2.9465859168485425e-16
312.54269281070685,187.53796387336033,0.023347925044869954,187.48685032246033,4.378224517902537,7.525116482396405e-17
313.04269281070685,187.03830840721275,0.023447774048453527,186.98689410887442,4.385230136289162,4.61257339167115e-16
313.54269281070685,186.53865478043633,0.023548158083300325,186.48693785937584,4.392235777834731,2.3562259821237107e-16
314.04269281070685,186.03900300777923,0.02364908145962599,185.9869815735947,4.399241442775106,3.2098467048550187e-16
314.54269281070685,185.53935310414766,0.02375054853404675,185.48702525115624,4.406247131348623,4.0996617080888814e-16
315.04269281070685,185.03970508460802,0.023852563710205204,184.98706889168074,4.413252843796115,5.026992312399268e-16
315.54269281070685,184.54005896438892,0.023955131439406245,184.48711249478345,4.420258580360948,3.4246901823790636e-16
316.04269281070685,184.04041475888354,0.024058256221263355,183.98715606007454,4.427264341289057,2.624897743230949e-16
316.54269281070685,183.5407724836518,0.024161942604355415,183.48719958715907,4.4342701268289755,5.36534769949619e-16
317.04269281070685,183.04113215442257,0.024266195186894265,182.9872430756367,4.4412759372318735,1.8279229763009326e-16
317.54269281070685,182.54149378709602,0.024371018617403206,182.48728652510184,4.448281772751587,5.605138533983123e-16
318.04269281070685,182.04185739774596,0.02447641759540667,181.98732993514346,4.455287633644659,4.774615245897428e-16
318.54269281070685,181.54222300262217,0.024582396872131235,181.48737330534496,4.462293520170372,3.9047016628990703e-16
319.04269281070685,181.04259061815287,0.02468896125121826,180.98741663528418,4.469299432590786,3.991845333001141e-16
319.54269281070685,180.54296026094715,0.02479611558944831,180.48745992453317,4.4763053711707705,2.04059145017863e-16
320.04269281070685,180.04333194779747,0.024903864797477634,179.9875031726583,4.483311336178053,5.215969874721707e-16
320.54269281070685,179.54370569568218,0.025012213840586918,179.48754637922,4.490317327883245,4.2666877696853116e-16
321.04269281070685,179.0440815217681,0.025121167739442545,178.98758954377263,4.497323346559887,5.453729895666755e-16
321.54269281070685,178.5444594434132,0.025230731570870638,178.48763266586462,4.504329392484488,2.2308658907922806e-16
322.04269281070685,178.0448394781691,0.025340910468644087,177.987675745038,4.511335465936563,4.563000910156032e-16
322.54269281070685,177.54522164378406,0.025451709624282857,177.4877187808287,4.518341567198677,2.916789389639175e-16
323.04269281070685,177.04560595820547,0.02556313428786782,176.98776177276616,4.525347696556481,2.983370058051215e-16
323.54269281070685,176.54599243958276,0.025675189768868394,176.48780472037333,4.53235385429876,3.6619983131903376e-16
324.04269281070685,176.0463811062703,0.025787881436984215,175.9878476231666,4.539360040717473,2.4973793521299665e-16
324.54269281070685,175.54677197683017,0.025901214723001206,175.4878904806555,4.546366256107794,4.4710366315987e-16
325.04269281070685,175.04716507003525,0.026015195119662247,174.9879332923428,4.553372500768161,5.881208096814195e-16
325.54269281070685,174.5475604048721,0.026129828182552776,174.48797605772438,4.560378775000314,5.348798285534679e-16
326.04269281070685,174.04795800054407,0.026245119531001625,173.98801877628895,4.567385079109348,7.525400596685843e-16
326.54269281070685,173.5483578764744,0.026361074848997385,173.48806144751808,4.574391413403755,7.000616971431791e-16
327.04269281070685,173.04876005230938,0.026477699886120615,172.988104070886,4.581397778195471,8.596977271885056e-16
327.54269281070685,172.5491645479215,0.02659500045849221,172.48814664585953,4.588404173799923,5.865590499184252e-16
328.04269281070685,172.04957138341277,0.026712982449738285,171.98818917189786,4.595410600536081,5.252985298100903e-16
328.54269281070685,171.54998057911808,0.026831651811971852,171.4882316484526,4.602417058726506,5.376775695336954e-16
329.04269281070685,171.05039215560845,0.02695101456679171,170.98827407496734,4.609423548697397,3.931326644435379e-16
329.54269281070685,170.5508061336946,0.027071076806298822,170.48831645087793,4.616430070778648,4.0245197278118e-16
330.04269281070685,170.0512225344304,0.027191844694130603,169.98835877561194,4.623436625303891,6.5923283793093e-16
330.54269281070685,169.55164137911635,0.02731332446651344,169.48840104858877,4.630443212610559,4.2184574482340187e-16
331.04269281070685,169.05206268930337,0.027435522433333845,168.98844326921943,4.6374498330399305,4.3193530790450843e-16
331.54269281070685,168.55248648679634,0.027558444979228637,168.48848543690636,4.644456486937191,5.307565652107536e-16
332.04269281070685,168.05291279365792,0.0276820985646945,167.98852755104335,4.651463174651485,4.52939420938328e-16
332.54269281070685,167.55334163221235,0.027806489727217394,167.48856961101535,4.658469896535973,4.638706160520567e-16
333.04269281070685,167.05377302504937,0.027931625082422137,166.98861161619828,4.665476652947885,5.701193553463433e-16
333.54269281070685,166.5542069950281,0.0280575113252427,166.48865356595894,4.6724834442485905,4.866349925751694e-16
334.04269281070685,166.0546435652811,0.028184155231113533,165.98869545965474,4.679490270803639,5.981838469706958e-16
334.54269281070685,165.55508275921858,0.02831156365718245,165.48873729663376,4.686497132982841,5.10663749594167e-16
335.04269281070685,165.05552460053238,0.02843974354354547,164.98877907623424,4.693504031160313,6.278119151038325e-16
335.54269281070685,164.55596911320035,0.028568701914504134,164.48882079778474,4.70051096571455,6.432424643556869e-16
336.04269281070685,164.05641632149064,0.028698445879845734,163.98886246060377,4.70751793702848,5.492507808717381e-16
336.54269281070685,163.5568662499661,0.028828982636146944,163.4889040639996,4.714524945489538,5.628337980472404e-16
337.04269281070685,163.0573189234888,0.028960319468101393,162.98894560727018,4.7215319914897265,3.4607750076913786e-16
337.54269281070685,162.5577743672245,0.029092463749871636,162.48898708970293,4.728539075425681,4.1380407350849087e-16
338.04269281070685,162.05823260664744,0.02922542294646611,161.98902851057449,4.735546197698743,1.8177135411332172e-16
338.54269281070685,161.55869366754496,0.02935920461514156,161.4890698691505,4.742553358715023,3.1053797805606153e-16
339.04269281070685,161.05915757602236,0.0294938164068315,160.98911116468554,4.749560558885474,4.456732340359898e-16
339.54269281070685,160.55962435850788,0.02962926606760134,160.4891523964228,4.756567798625964,3.916309727738554e-16
340.04269281070685,160.0600940417576,0.02976556144013062,159.98919356359397,4.763575078357349,6.022949757083904e-16
340.54269281070685,159.5605666528606,0.0299027104652231,159.48923466541882,4.770582398505543,5.489484448119236e-16
341.04269281070685,159.06104221924411,0.030040721183345203,158.98927570110527,4.777589759501599,5.629119955464598e-16
341.54269281070685,158.5615207686789,0.030179601736193492,158.48931666984893,4.784597161781779,5.772763495536008e-16
342.04269281070685,158.06200232928452,0.0303193603682918,157.98935757083305,4.791604605787639,7.40067910233019e-16
342.54269281070685,157.56248692953494,0.030460005428618677,157.4893984032281,4.798612091966104,6.831666059803065e-16
343.04269281070685,157.06297459826405,0.030601545372265813,156.98943916619172,4.805619620769553,4.67178543604674e-16
343.54269281070685,156.56346536467137,0.030743988762128156,156.48947985886835,4.812627192655894,7.987563984055358e-16
344.04269281070685,156.0639592583279,0.030887344270626407,155.989520480389,4.819634808088655,7.37522017104534e-16
344.54269281070685,155.56445630918208,0.031031620681462622,155.48956102987103,4.826642467537067,4.203937586112192e-16
345.04269281070685,155.06495654756569,0.031176826891409666,154.9896015064179,4.83365017147615,4.313659968013895e-16
345.54269281070685,154.56546000420013,0.0313229719121353,154.4896419091189,4.8406579203868025,5.311936893437917e-16
346.04269281070685,154.06596671020264,0.03147006487206168,153.98968223704875,4.84766571475589,6.360068407050746e-16
346.54269281070685,153.56647669709272,0.03161811501826099,153.48972248926754,4.854673555076339,5.595174817945551e-16
347.04269281070685,153.06698999679858,0.03176713171838822,152.9897626648203,4.861681441847227,6.700325848646287e-16
347.54269281070685,152.56750664166387,0.03191712446265173,152.48980276273664,4.868689375573881,3.930342516357738e-16
348.04269281070685,152.06802666445438,0.03206810286582258,151.9898427820307,4.87569735676797,5.043711414396277e-16
348.54269281070685,151.56855009836502,0.032220076669283546,151.4898827217007,4.882705385947612,8.285477975737971e-16
349.04269281070685,151.0690769770268,0.032373055743118585,150.98992258072846,4.889713463637462,6.380636007624876e-16
349.54269281070685,150.56960733451407,0.03252705008824391,150.48996235807945,4.896721590368826,6.552199987845356e-16
350.04269281070685,150.07014120535175,0.03268206983858141,149.99000205270212,4.903729766679756,4.485980136703725e-16
350.54269281070685,149.5706786245229,0.032838125263275585,149.49004166352785,4.910737993115164,6.335195861115403e-16
351.04269281070685,149.07121962747632,0.03299522676895491,148.99008118947032,4.91774627022692,5.91570026382139e-16
351.54269281070685,148.57176425013424,0.03315338490203869,148.49012062942535,4.924754598573973,4.861541596372769e-16
352.04269281070685,148.07231252890034,0.033312610351090496,147.99015998227057,4.931762978722454,6.86742432356788e-16
352.54269281070685,147.5728645006678,0.0334729139492193,147.49019924686493,4.938771411245798,4.490099867668353e-16
353.04269281070685,147.07342020282758,0.03363430667652936,146.99023842204844,4.9457798967248525,4.61373468699493e-16
353.54269281070685,146.5739796732768,0.03379679966262011,146.49027750664163,4.952788435748003,7.450475678338393e-16
354.04269281070685,146.07454295042731,0.03396040418913714,145.99031649944538,4.959797028911287,6.960948999985034e-16
354.54269281070685,145.57511007321452,0.034125131692375674,145.4903553992403,4.966805676818522,6.439153367800296e-16
355.04269281070685,145.0756810811063,0.034290993765937534,144.9903942047864,4.973814380081433,8.089798490194298e-16
355.54269281070685,144.57625601411212,0.034458002163443135,144.4904329148228,4.98082313931977,7.560404120749802e-16
356.04269281070685,144.07683491279235,0.03462616880129971,143.99047152806705,4.987831955161447,4.663776922140566e-16
356.54269281070685,143.57741781826783,0.03479550576152714,143.49051004321495,4.994840828242676,6.3938113578431e-16
357.04269281070685,143.0780047722295,0.03496602529464281,142.99054845893988,5.001849759208094,3.2874202891097735e-16
357.54269281070685,142.5785958169483,0.03513773982260696,142.49058677389243,5.0088587487109075,5.071241430240367e-16
358.04269281070685,142.07919099528542,0.03531066194182997,141.99062498669997,5.015867797413032,6.085153782152446e-16
358.54269281070685,141.5797903507024,0.03548480442624308,141.49066309596606,5.022876905985227,4.470920924472797e-16
359.04269281070685,141.08039392727198,0.03566018023043421,140.99070110027003,5.0298860751072585,4.59932122585733e-16
359.54269281070685,140.58100176968856,0.03583680249285043,140.49073899816645,5.036895305468033,4.731884006380576e-16
360.04269281070685,140.08161392327938,0.036014684539068656,139.99077678818466,5.043904597765755,2.9212558218359704e-16
360.54269281070685,139.58223043401574,0.036193839885136476,139.49081446882803,5.050913952708081,5.010104753701647e-16
361.04269281070685,139.0828513485244,0.03637428224098466,138.99085203857376,5.0579233710122775,5.156081858906064e-16
361.54269281070685,138.58347671409936,0.036556025513913265,138.49088949587195,5.064932853405382,6.368232307809481e-16
362.04269281070685,138.0841065787138,0.036739083812153205,137.99092683914526,5.071942400624364,6.555139210906519e-16
362.54269281070685,137.5847409910323,0.03692347144850509,137.49096406678825,5.078952013416298,6.74823876628201e-16
363.04269281070685,137.08538000042338,0.037109202944057396,136.99100117716677,5.085961692538529,5.789799775250946e-16
363.54269281070685,136.5860236569722,0.037296293031986005,136.49103816861734,5.092971438758848,8.346263550907787e-16
364.04269281070685,136.08667201149365,0.037484756661437045,135.99107503944649,5.099981252855669,7.367027961844774e-16
364.54269281070685,135.58732511554564,0.03767460900149537,135.49111178793018,5.106991135618213,9.48410132912888e-16
365.04269281070685,135.08798302144277,0.03786586544524075,134.99114841231298,5.1140010878466855,7.163720790893787e-16
365.54269281070685,134.58864578227022,0.03805854161389408,134.49118491080762,5.121011110352472,6.708640784155525e-16
366.04269281070685,134.08931345189797,0.038252653361055954,133.99122128159402,5.128021203958326,5.529183242476006e-16
366.54269281070685,133.5899860849954,0.038448216777039995,133.49125752281878,5.135031369498567,6.409117078298253e-16
367.04269281070685,133.09066373704607,0.03864524819330345,132.99129363259433,5.142041607819279,5.870552601134954e-16
367.54269281070685,132.59134646436303,0.03884376418697756,132.49132960899811,5.149051919778513,3.781301158780518e-16
368.04269281070685,132.0920343241043,0.039043781585500356,131.99136545007198,5.156062306246498,3.89738104133816e-16
368.54269281070685,131.59272737428878,0.039245317471354624,131.49140115382122,5.163072768105854,6.427974679408304e-16
369.04269281070685,131.0934256738125,0.039448389186913735,130.99143671821383,5.170083306251802,5.798472468432839e-16
369.54269281070685,130.59412928246527,0.039653014339398364,130.49147214117966,5.1770939215923955,7.686699818827612e-16
370.04269281070685,130.09483826094765,0.03985921080594689,129.99150742060945,5.184104615048736,7.045634337027263e-16
370.54269281070685,129.5955526708884,0.04006699673880269,129.49154255435408,5.191115387555211,9.990948887551768e-16
371.04269281070685,129.09627257486218,0.04027639057062137,128.9915775402236,5.1981262400597235,9.36805913110073e-16
371.54269281070685,128.59699803640788,0.04048741101990121,128.49161237598622,5.2051371735239345,7.730849387613168e-16
372.04269281070685,128.09772912004715,0.0407000770965402,127.99164705936742,5.212148188923507,4.984794578344074e-16
372.54269281070685,127.59846589130348,0.04091440810752311,127.49168158804898,5.219159287248358,5.143279715833689e-16
373.04269281070685,127.09920841672174,0.041130423662742076,126.99171595966789,5.226170469502912,5.307454462301715e-16
373.54269281070685,126.59995676388812,0.0413481436809545,126.49175017181533,5.233181736706362,4.3820372847467376e-16
374.04269281070685,126.10071100145056,0.04156758839588194,125.99178422203566,5.2401930898929345,2.8268970017799485e-16
374.54269281070685,125.60147119913967,0.041788778362453996,125.49181810782518,5.247204530112162,2.918222533981461e-16
375.04269281070685,125.10223742779012,0.042011734463201104,124.99185182663115,5.254216058429161,1.205151856164906e-16
375.54269281070685,124.60300975936259,0.04223647791480052,124.49188537585047,5.261227675924914,-0.0
376.04269281070685,124.10378826696622,0.0424630302747797,123.99191875282861,5.268239383696558,3.8552842152736336e-16
376.54269281070685,123.60457302488155,0.04269141344838153,123.49195195485831,5.275251182857685,2.654581281521083e-16
377.04269281070685,123.10536410858408,0.042921649695596024,122.99198497917833,5.282263074538637,1.3710511440930748e-16
377.54269281070685,122.6061615947684,0.043153761638363104,122.49201782297213,5.289275059886814,2.832881906952375e-16
378.04269281070685,122.10696556137283,0.043387772267951485,121.99205048336654,5.296287140066996,2.9270554572933064e-16
378.54269281070685,121.60777608760476,0.04362370495251854,121.49208295743041,5.3032993162616595,3.7809555794292137e-16
379.04269281070685,121.10859325396655,0.04386158344485649,120.99211524217317,5.310311589671302,2.3446177248463367e-16
379.54269281070685,120.60941714228204,0.04410143189033015,120.49214733454333,5.317323961514787,8.078469629523902e-17
380.04269281070685,120.11024783572383,0.044343274835011944,119.99217923142704,5.3243364330296785,8.3515479923599e-17
380.54269281070685,119.61108541884107,0.0445871372340197,119.49221092964655,5.331349005472593,1.7270103182491896e-16
381.04269281070685,119.11192997758812,0.04483304446006339,118.99224242595854,5.338361680119562,2.6788273112129614e-16
381.54269281070685,118.61278159935375,0.04508102231220677,118.49227371705257,5.345374458266389,3.6940524606217043e-16
382.04269281070685,118.11364037299126,0.04533109702485026,117.99230479954937,5.35238734122903,2.865797611794009e-16
382.54269281070685,117.61450638884915,0.0455832952769417,117.49233566999912,5.359400330343973,2.964755067878266e-16
383.04269281070685,117.11537973880276,0.04583764420142165,116.9923663248796,5.3664134269686254,2.0450479714563697e-16
383.54269281070685,116.61626051628659,0.04609417139491024,116.49239676059446,5.373426632481715,2.1162774593651342e-16
384.04269281070685,116.11714881632747,0.04635290492764289,115.99242697347123,5.3804399482836995,1.0951545801078928e-16
384.54269281070685,115.61804473557866,0.046613873353662204,115.49245695975942,5.387453375797179,2.26726605328679e-16
385.04269281070685,115.11894837235468,0.04687710572127394,114.99248671562852,5.394466916467321,1.173638539228811e-16
385.54269281070685,114.61985982666717,0.047142631583774984,114.49251623716593,5.401480571762299,3.038096815796468e-16
386.04269281070685,114.12077920026161,0.04741048101046162,113.99254552037479,5.408494343173733,3.146261255579241e-16
386.54269281070685,113.62170659665503,0.04768068459792667,113.49257456117184,5.41550823221715,1.3035102642074192e-16
387.04269281070685,113.12264212117469,0.047953273481654325,112.99260335538509,5.422522240432438,-6.751670398878908e-17
387.54269281070685,112.62358588099781,0.04822827934792201,112.49263189875158,5.4295363693843335,-0.0
388.04269281070685,112.12453798519228,0.04850573444601856,111.99266018691492,5.436550620662898,4.349303084794697e-16
388.54269281070685,111.6254985447585,0.04878567160078874,111.49268821542276,5.443564995884018,-7.512769125392072e-17
389.04269281070685,111.12646767267235,0.04906812422551423,110.99271597972434,5.450579496689909,1.557511127912147e-16
389.54269281070685,110.62744548392928,0.049353126335141634,110.49274347516783,5.45759412474964,-8.073696210130458e-17
390.04269281070685,110.12843209558959,0.04964071255986849,109.99277069699754,5.464608881759664,-0.0
390.54269281070685,109.6294276268249,0.049930918159098565,109.49279764035117,5.471623769444351,-1.7364319928161828e-16
391.04269281070685,109.130432198966,0.05022377903577827,108.99282430025696,5.478638789556555,-1.80112229938052e-16
391.54269281070685,108.63144593555181,0.05051933175112628,108.49285067163056,5.485653943878176,-2.8028030548165134e-16
392.04269281070685,108.13246896237986,0.05081761353976903,107.99287674927217,5.492669234220736,-9.693995382613807e-17
392.54269281070685,107.63350140755806,0.051118662325295224,107.49290252786311,5.499684662425983,-7.042167739429527e-16
393.04269281070685,107.13454340155793,0.0514225167362428,106.99292800196274,5.506700230366486,-1.0442117171406299e-16
393.54269281070685,106.63559507726933,0.0517292161225326,106.49295316600497,5.513715939946266,-3.2521117972375886e-16
394.04269281070685,106.1366565700566,0.052038800572363195,105.99297801429478,5.520731793101423,-2.25115798267736e-16
394.54269281070685,105.63772801781647,0.052351310929582104,105.49300254100463,5.527747791800791,-2.3378388418505074e-16
395.04269281070685,105.1388095610374,0.05266678881154911,104.99302674017065,5.5347639380465985,-3.035363664604146e-16
395.54269281070685,104.63990134286075,0.05298527662750798,104.49305060568891,5.541780233875149,-5.676069046303498e-16
396.04269281070685,104.14100350914356,0.05330681759748352,103.9930741313113,5.548796681357515,-1.965938274053236e-16
396.54269281070685,103.6421162085232,0.053631455771721605,103.4930973106415,5.555813282600253,-2.7241552887574533e-16
397.04269281070685,103.14323959248391,0.05395923605069033,102.9931201371307,5.562830039746124,-2.8316244598273314e-16
397.54269281070685,102.6443738154251,0.05429020420566138,102.4931426040732,5.569846954974841,-7.359711370133e-17
398.04269281070685,102.14551903473183,0.05462440689989121,101.99316470460184,5.57686403050383,-3.826467398752768e-16
398.54269281070685,101.64667541084718,0.05496189171042256,101.49318643168331,5.583881268589008,-1.5918720210392964e-16
399.04269281070685,101.14784310734677,0.05530270715052754,100.99320777811333,5.590898671525576,-1.6559301399511988e-16
399.54269281070685,100.64902229101557,0.05564690269281441,100.49322873651157,5.5979162416488375,-2.584352047076408e-16
400.04269281070685,100.15021313192679,0.05599452879302099,99.99324929931639,5.604933981335031,-2.6894003388918483e-16
400.54269281070685,99.65141580352328,0.05634563691451866,99.49326945877957,5.6119518930021774,-5.598548642703085e-16
401.04269281070685,99.15263048270128,0.05670027955355168,98.99328920696067,5.6189699791109575,-4.857035725290045e-16
401.54269281070685,98.6538573498967,0.057058510265237804,98.49330853572125,5.625988242165601,-4.0460041888180345e-16
402.04269281070685,98.1550965891739,0.057420383690356895,97.99332743671896,5.6330066847147995,-5.267326321845059e-16
402.54269281070685,97.65634838831733,0.05778595558295567,97.49334590140124,5.6400253093526365,-7.681780313113588e-16
403.04269281070685,97.15761293892581,0.05815528283879756,96.99336392099903,5.647044118719544,-6.288698967822185e-16
403.54269281070685,96.65889043650975,0.05852842352468806,96.49338148652011,5.6540631155032814,-4.766328367912908e-16
404.04269281070685,96.16018108059134,0.058905436908707,95.99339858874212,5.661082302439928,-3.105148288878179e-16
404.54269281070685,95.66148507480784,0.0592863834913807,95.49341521820561,5.668101682314908,-3.884860534565535e-16
405.04269281070685,95.16280262701805,0.05967132503782811,94.9934313652065,5.675121257964032,-4.726378578694301e-16
405.54269281070685,94.66413394941215,0.06006032461091667,94.49344701978856,5.68214103227457,-4.929810384807214e-16
406.04269281070685,94.1654792586249,0.06045344660546484,93.99346217173536,5.689161008186337,-4.408405774507956e-16
406.54269281070685,93.6668387758525,0.06085075678353021,93.49347681056217,5.696181188692814,-3.0668030257429564e-16
407.04269281070685,93.16821272697305,0.06125232231082339,92.99349092550729,5.703201576842287,-5.601676000934669e-16
407.54269281070685,92.66960134267094,0.061658211794289694,92.4935045055233,5.710222175739017,-5.848056536103158e-16
408.04269281070685,92.17100485856515,0.062068495320902584,91.99351753926784,5.717242988544433,-6.979071922390407e-16
408.54269281070685,91.6724235153417,0.06248324449771453,91.49353001509412,5.724264018478348,-5.467071724049344e-16
409.04269281070685,91.1738575588904,0.06290253249321304,90.99354192104097,5.7312852688202165,-4.759618337055415e-16
409.54269281070685,90.675307240446,0.06332643408003162,90.49355324482264,5.738306742910394,-6.963100361928107e-16
410.04269281070685,90.176772816734,0.0637550256790677,89.99356397381804,5.7453284441514505,-9.35738797874867e-16
410.54269281070685,89.67825455012124,0.06418838540506168,89.49357409505983,5.7523503760095,-7.608934683730984e-16
411.04269281070685,89.17975270877142,0.0646265931136939,88.99358359522274,5.759372542015555,-5.683513014305885e-16
411.54269281070685,88.68126756680586,0.06506973045025856,88.49359246061178,5.766394945766916,-7.728403557718543e-16
412.04269281070685,88.18279940446958,0.06551788089997658,87.99360067714967,5.773417590928601,-2.487973591275896e-16
412.54269281070685,87.68434850830296,0.06597112984001183,87.49360823036409,5.780440481234776,-3.9055962785370235e-16
413.04269281070685,87.18591517131922,0.06642956459325837,86.9936151053741,5.787463620490247,-4.769761920200363e-16
413.54269281070685,86.68749969318792,0.06689327448396933,86.49362128687635,5.794487012571961,-4.994278793584217e-16
414.04269281070685,86.18910238042469,0.0673623508953011,85.99362675913045,5.801510661430554,-4.483497016191874e-16
414.54269281070685,85.69072354658752,0.06783688732885025,85.49363150594388,5.808534571091916,-4.697036216204231e-16
415.04269281070685,85.19236351247986,0.06831697946626379,84.99363551065633,5.8155587456587945,-4.1017308490208787e-16
415.54269281070685,84.69402260636066,0.06880272523300739,84.49363875612333,5.822583189312433,-3.4395409117486766e-16
416.04269281070685,84.19570116416189,0.06929422486438011,83.9936412246992,5.829607906314233,-5.409477237968484e-16
416.54269281070685,83.69739952971356,0.06979158097386826,83.49364289821935,5.836632901007448,-6.618922327939917e-16
417.04269281070685,83.19911805497686,0.07029489862393536,82.99364375798177,5.843658177818926,-6.943773690811631e-16
417.54269281070685,82.70085710028543,0.07080428539935002,82.49364378472791,5.850683741260855,-4.1638044167241677e-16
418.04269281070685,82.2026170345953,0.07131985148315816,81.99364295862246,5.857709595932565,-5.463351899907849e-16
418.54269281070685,81.70439823574394,0.07184170973541122,81.4936412592326,5.864735746522345,-4.589184792525838e-16
419.04269281070685,81.20620109071848,0.07236997577476757,80.99363866550623,5.8717621978093035,-4.217538635490062e-16
419.54269281070685,80.70802599593388,0.07290476806308971,80.49363515574908,5.87878895466525,-3.7980301585950136e-16
420.04269281070685,80.20987335752118,0.07344620799316615,79.99363070760126,5.885816022056608,-5.322008111616767e-16
420.54269281070685,79.71174359162636,0.07399441997969311,79.49362529801235,5.892843405046358,-1.3987104324882405e-16
421.04269281070685,79.2136371247204,0.0745495315536579,78.9936189032157,5.899871108796015,-2.9417490981379546e-16
421.54269281070685,78.71555439392077,0.0751116734602728,78.49361149870153,5.906899138567616,-3.868126753733783e-16
422.04269281070685,78.217495847325,0.07568097976061597,77.99360305918871,5.913927499725754,-2.442170379634951e-16
422.54269281070685,77.71946194435692,0.07625758793714368,77.49359355859549,5.920956197739621,-5.141273154232967e-16
423.04269281070685,77.22145315612603,0.07684163900324638,76.99358297000879,5.9279852381850775,-5.413496990244235e-16
423.54269281070685,76.72346996580055,0.07743327761703024,76.49357126565214,5.935014626746748,-3.8013528251346947e-16
424.04269281070685,76.22551286899484,0.07803265219951508,75.99355841685214,5.94204436922013,-2.0026538971654895e-16
424.54269281070685,75.72758237417192,0.07863991505744908,75.4935443940035,5.949074471513716,-5.277055842789988e-16
425.04269281070685,75.22967900306153,0.07925522251095181,74.99352916653237,5.956104939651137,-3.338402646726396e-16
425.54269281070685,74.73180329109468,0.07987873502620765,74.49351270285794,5.963135779773305,-5.281748418041763e-16
426.04269281070685,74.2339557878553,0.0805106173534437,73.99349497035242,5.970166998140576,-4.953667913845828e-16
426.54269281070685,73.73613705754985,0.08115103867043842,73.49347593529896,5.9771986011349005,-3.2678688221769276e-16
427.04269281070685,73.23834767949576,0.08180017273182098,72.99345556284777,5.9842305952619785,-5.520779467375431e-16
427.54269281070685,72.7405882486294,0.08245819802443452,72.49343381696998,5.991262987153408,-5.102517148385981e-16
428.04269281070685,72.24285937603473,0.08312529792905203,71.9934106604094,5.998295783568814,-5.391664768969372e-16
428.54269281070685,71.74516168949357,0.0838016608887489,71.49338605463201,6.005328991397973,-4.885163481584494e-16
429.04269281070685,71.24749583405827,0.08448748058425296,70.99335995977286,6.012362617662886,-6.026924629445286e-16
429.54269281070685,70.74986247264825,0.08518295611661082,70.49333233458051,6.019396669519841,-1.8216575924981363e-16
430.04269281070685,70.25226228667125,0.0858882921975277,69.99330313635869,6.026431154261419,-4.8196700125910865e-16
430.54269281070685,69.75469597667067,0.08660369934775836,69.49327232090506,6.033466079318449,-5.102720356018507e-16
431.04269281070685,69.25716426300019,0.08732939410394805,68.99323984244697,6.040501452261902,-5.404588088127406e-16
431.54269281070685,68.75966788652708,0.08806559923434473,68.493205653574,6.0475372808047085,-5.154004705731456e-16
432.04269281070685,68.2622076093656,0.08881254396382816,67.993169705167,6.054573572803487,-5.463436987926256e-16
432.54269281070685,67.76478421564198,0.0895704642087272,67.49313194632373,6.06161033626017,-3.862600959616129e-16
433.04269281070685,67.26739851229259,0.09033960282192378,66.99309232428037,6.0686475793235095,-3.4149980971556315e-16
433.54269281070685,66.77005132989704,0.09112020984877121,66.49305078432938,6.0756853102904484,-3.624697447443706e-16
434.04269281070685,66.2727435235479,0.09191254279438574,65.99300726973274,6.0827235376073325,-6.158362544824074e-16
434.54269281070685,65.775475973759,0.09271686690290296,65.49296172163085,6.089762269870949,-4.906762984031646e-16
435.04269281070685,65.27824958741427,0.09353345544932652,64.99291407894657,6.096801515829361,-8.691812704207015e-16
435.54269281070685,64.78106529875929,0.0943625900446338,64.49286427828417,6.103841284382509,-7.393801946794306e-16
436.04269281070685,64.2839240704378,0.09520456095484385,63.992812253822876,6.110881584582569,-8.84895078016142e-16
436.54269281070685,63.786826894575476,0.09605966743479573,63.49275793720463,6.1179224256340135,-5.232362243765097e-16
437.04269281070685,63.289774793913544,0.09692821807743138,62.99270125741586,6.124963816893348,-3.3430113122513444e-16
437.54269281070685,62.792768822995015,0.09781053117942641,62.492642140662625,6.1320057678684865,-5.34233863700593e-16
438.04269281070685,62.29581006940626,0.09870693512406475,61.99258051023904,6.139048288217731,-6.327148888948264e-16
438.54269281070685,61.79889965507698,0.09961776878230937,61.492516286388216,6.146091387748284,-7.422327895218664e-16
439.04269281070685,61.302038737641894,0.10054338193308164,60.992449386155556,6.153135076414271,-8.639563960124666e-16
439.54269281070685,60.80522851186742,0.10148413570382675,60.49237972323367,6.1601793643141995,-9.991814296908402e-16
440.04269281070685,60.3084702111471,0.10244040303251123,59.992307207798454,6.1672242616877835,-6.567685671881226e-16
440.54269281070685,59.81176510906964,0.10341256915227383,59.49223174633587,6.174269778912094,-8.773612091648818e-16
441.04269281070685,59.31511452106359,0.10440103210002998,58.99215324145852,6.181315926496926,-7.505212394662842e-16
441.54269281070685,58.818519806123234,0.10540620325041608,58.492071591711706,6.1883627150793155,-8.029712476814208e-16
442.04269281070685,58.321982368620205,0.10642850787655182,57.99198669136798,6.195410155417111,-9.670211635598576e-16
442.54269281070685,57.82550366020594,0.10746838573919745,57.4918984302095,6.202458258381496,-8.05611288073524e-16
443.04269281070685,57.329085181810235,0.10852629170598944,56.99180669329742,6.209507034948341,-8.634046188484389e-16
443.54269281070685,56.832728485741676,0.1096026964025523,56.49171136072736,6.21655649618828,-8.597607724382457e-16
444.04269281070685,56.3364351778959,0.11069808689740751,55.991612307369955,6.223606653255348,-1.0644788249770488e-15
444.54269281070685,55.8402069200783,0.11181296742273349,55.491509402595554,6.230657517374037,-1.2191168795708742e-15
445.04269281070685,55.34404543244807,0.1129478601331732,54.99140250998188,6.237709099824623,-1.1460557826405031e-15
445.54269281070685,54.84795249609096,0.11410330590504082,54.49129148700335,6.24476141192653,-1.056060691292226e-15
446.04269281070685,54.35192995572882,0.11527986517844499,53.991176184701,6.251814465019568,-9.46716625376946e-16
446.54269281070685,53.8559797225743,0.11647811884502658,53.49105644733125,6.258868270442798,-9.17196497480588e-16
447.04269281070685,53.360103777339916,0.11769866918420283,52.99093211199236,6.2659228395107585,-9.87995434637878e-16
447.54269281070685,52.864304173411256,0.11894214085102013,52.49080300822655,6.272978183486808,-1.1833220759730117e-15
448.04269281070685,52.36858304019475,0.12020918191894528,51.9906689575963,6.280034313553233,-9.573223814409246e-16
448.54269281070685,51.87294258665132,0.12150046498117087,51.490529773232666,6.28709124077779,-8.267062670737392e-16
449.04269281070685,51.37738510502797,0.12281668831427787,50.99038525935362,6.294148976076327,-1.1162952568561853e-15
449.54269281070685,50.881912974800315,0.12415857710838701,50.4902352107501,6.301207530171004,-1.1263008603861865e-15
450.04269281070685,50.38652866684,0.1255268847682449,49.99007941223717,6.3082669135436875,-1.0444147385055565e-15
450.54269281070685,49.89123474782206,0.12692239429003108,49.48991763806785,6.315327136383979,-9.4230212571963e-16
451.04269281070685,49.39603388488839,0.12834591971904274,48.989749651306305,6.322388208531282,-1.123106062843268e-15
451.54269281070685,48.900928850584734,0.12979830769381567,48.48957520315753,6.329450139410277,-1.21788082705127e-15
452.04269281070685,48.40592252809006,0.13128043908267797,47.98939403224981,6.3365129379590615,-9.011774297002197e-16
452.54269281070685,47.91101791675845,0.13279323071921,47.489205863866246,6.343576612549171,-7.83063795566466e-16
453.04269281070685,47.41621813799561,0.13433763724360276,46.989010409121164,6.350641170896561,-1.13501045555178e-15
453.54269281070685,46.92152644149335,0.13591465305747355,46.48880736407683,6.357706619962556,-6.174593911787919e-16
454.04269281070685,46.42694621184795,0.13752531440031562,45.98859640879561,6.364772965843639,-6.724022138185687e-16
454.54269281070685,45.932480975589705,0.1391707015564334,45.48837720632203,6.371840213648847,-7.328919432146693e-16
455.04269281070685,45.43813440865386,0.1408519412019524,44.988149401588814,6.378908367363334,-4.997225809846442e-16
455.54269281070685,44.94391034432519,0.14257020890229993,44.48791262024042,6.385977429696572,-7.639634552415112e-16
456.04269281070685,44.449812781691534,0.144326731771436,43.98766646736693,6.393047401913394,-4.771613977996492e-16
456.54269281070685,43.95584589464432,0.14612279130508193,43.48741052614033,6.400118283645943,-4.568022264488533e-16
457.04269281070685,43.46201404146759,0.14795972640125485,42.98714435634475,6.407190072684267,-2.1440729272306404e-16
457.54269281070685,42.968321775060566,0.14983893658258238,42.48686749279092,6.414262764743123,-1.5670366803622122e-16
458.04269281070685,42.474773853842734,0.15176188543615038,41.986579443604676,6.42133635320214,-0.0
458.54269281070685,41.98137525339473,0.15373010428804454,41.48627968837772,6.428410828816218,-9.446665910949542e-17
459.04269281070685,41.48813117889324,0.1557451961312946,40.98596767616815,6.435486179392601,-1.0389570638437418e-16
459.54269281070685,40.99504707840316,0.157808839827636,40.48564282333659,6.442562389430623,2.2878653108101007e-16
460.04269281070685,40.502128657096264,0.15992279460538422,39.985304511202514,6.449639439719578,3.152377875621051e-16
460.54269281070685,40.009381892471886,0.1620889048777922,39.48495208350352,6.456717306889627,6.262028443367865e-16
461.04269281070685,39.516813050662186,0.16430910540855412,38.98458484363858,6.463795962909916,5.381374093372675e-16
461.54269281070685,39.02442870391246,0.1665854268536534,38.484202051674174,6.4708753745273615,9.354942327338527e-16
462.04269281070685,38.532235749335484,0.16892000171155883,37.983802921089946,6.477955502638639,1.0361862096839863e-15
462.54269281070685,38.04024142904844,0.1713150707168801,37.48338661523787,6.485036301586928,1.3581313170290745e-15
463.04269281070685,37.54845335181165,0.17377298971604282,36.98295224348582,6.492117718373765,1.5082221039275023e-15
463.54269281070685,37.05687951629997,0.1762962370673687,36.48249885701366,6.499199691775075,1.677155116818584e-15
464.04269281070685,36.565528336150855,0.1788874216122009,35.98202544422549,6.506282151348845,2.226735098706427e-15
464.54269281070685,36.074408666947576,0.18154929126844618,35.48153092573823,6.513365016320207,2.402975427516488e-15
465.04269281070685,35.58352983531224,0.18428474230317515,34.981014148901494,6.5204481943275825,2.951842734372894e-15
465.54269281070685,35.09290167030129,0.1870968293467976,34.48047388179854,6.527531580011227,3.3013436909857427e-15
466.04269281070685,34.60253453731627,0.18998877621788832,33.979908806672015,6.534615053422728,3.6978691240353135e-15
466.54269281070685,34.112439374765124,0.19296398763506614,33.479317512711305,6.541698478230868,4.52565830994755e-15
467.04269281070685,33.62262773373438,0.19602606190052663,32.97869848813044,6.548781699695561,4.8734796302586475e-15
467.54269281070685,33.13311182096078,0.19917880464900867,32.47805011145668,6.555864542377246,5.5647673854270155e-15
468.04269281070685,32.643904545422345,0.20242624376626808,31.977370641939775,6.562946807544142,6.722131081267562e-15
468.54269281070685,32.15501956890453,0.205772645592685,31.476658208980197,6.570028270233902,7.592102077266547e-15
469.04269281070685,31.6664713609366,0.20922253254061446,30.975910800461776,6.577108675919347,8.532803492799145e-15
469.54269281070685,31.178275258538477,0.212780702268698,30.475126249858576,6.58418773671994,9.607351708650548e-15
470.04269281070685,30.690447531268585,0.21645224857280662,29.974302221969094,6.591265127091213,1.1279627923848473e-14
470.54269281070685,30.203005452120337,0.2202425841718416,29.473436197110534,6.598340478913276,1.2667489165180093e-14
471.04269281070685,29.715967374879146,0.22415746558756794,28.972525453583472,6.605413375886439,1.444357426309528e-14
471.54269281070685,29.22935281862474,0.22820302034133505,28.47156704819074,6.612483347126504,1.6721422934405755e-14
472.04269281070685,28.743182560145993,0.2323857767173352,27.97055779456414,6.61954985983397,1.9083709035060384e-14
472.54269281070685,28.257478735129006,0.23671269637240908,27.46949423901782,6.626612310889682,2.197105332337792e-14
473.04269281070685,27.77226494908545,0.24119121010683872,26.968372633606474,6.633670017203566,2.4774338768913737e-14
473.54269281070685,27.287566399108965,0.24582925714966372,26.46718890602002,6.64072220461234,2.865591672580011e-14
474.04269281070685,26.803410007684967,0.25063532835649177,25.965938625891937,6.647767995085251,3.267525472341518e-14
474.54269281070685,26.319824569936113,0.25561851376833367,25.46461696703558,6.654806391952837,3.747190844319884e-14
475.04269281070685,25.83684091586474,0.2607885550375737,24.963218665049332,6.661836262820861,4.300478337977494e-14
475.54269281070685,25.35449208935833,0.26615590329282185,24.461737969646112,6.668856319767877,4.939239747375068e-14
476.04269281070685,24.87281354595836,0.27173178308927604,23.96016859096299,6.675865096348206,5.687345614619951e-14
476.54269281070685,24.391843371661505,0.277528263176712,23.45850363899028,6.682860920829269,6.536557231190545e-14
477.04269281070685,23.911622525330262,0.28355833491487836,22.956735555123082,6.689841884979746,7.566521689247918e-14
477.54269281070685,23.432195107643935,0.2898359992776895,22.45485603467864,6.696805807588304,8.718226064787746e-14
478.04269281070685,22.953608659928015,0.29637636351520735,21.952855939035718,6.7037501917260105,1.0090960282770359e-13
478.54269281070685,22.4759144966683,0.30319574868828797,21.450725195832067,6.710672174561914,1.1695466706969254e-13
479.04269281070685,21.99916807605576,0.3103118094575202,20.94845268539808,6.717568468291836,1.3573119825554809e-13
479.54269281070685,21.52342941353022,0.31774366769859647,20.4460261113006,6.7244352904338305,1.5756597610400276e-13
480.04269281070685,21.04876354400843,0.32551206173370517,19.943431852513566,6.731268281366126,1.836201820066233e-13
480.54269281070685,20.575241039310093,0.33363951321638013,19.440654794311758,6.738062406516692,2.1455467295091807e-13
481.04269281070685,20.10293858825091,0.3421505139891544,18.93767813448905,6.744811840035481,2.512460443080641e-13
481.54269281070685,19.63193964797418,0.35107173555310356,18.434483160921243,6.751509826061989,2.945124477501536e-13
482.04269281070685,19.162335176363932,0.3604322641496028,17.931048995810965,6.758148512805939,3.462658414073924e-13
482.54269281070685,18.694224456847362,0.3702638648606104,17.42735230115243,6.764718753540842,4.076641164571426e-13
483.04269281070685,18.227716028579124,0.38060127858686355,16.923366939020145,6.771209867209862,4.814686524887223e-13
483.54269281070685,17.762928736933713,0.3914825562642005,16.419063579199758,6.777609349584965,5.69797359867397e-13
484.04269281070685,17.29999292144403,0.40294943522465276,15.914409245424675,6.783902523706775,6.763589258133563e-13
484.54269281070685,16.839051760843432,0.41504776319434494,15.409366790044613,6.790072115540045,8.048268176061565e-13
485.04269281070685,16.38026279772068,0.4278279760309974,14.903894285324975,6.796097737249637,9.602480861757143e-13
485.54269281070685,15.923799668500218,0.44134563591583953,14.3979443177651,6.801955256032141,1.1484611805513935e-12
486.04269281070685,15.469854068018268,0.45566203728823623,13.891463169857863,6.807616020771432,1.3775714596341665e-12
486.54269281070685,15.01863798185792,0.47084488828361126,13.384389871659637,6.813045911596387,1.6574127379292836e-12
487.04269281070685,14.570386223775676,0.4869690757103168,12.876655102526666,6.8182041682957815,2.000057849376455e-12
487.54269281070685,14.125359319878916,0.5041175215352216,12.368179921625378,6.8230419419781505,2.4216081414832312e-12
488.04269281070685,13.683846785490104,0.5223821382294176,11.858874304713495,6.827500499727105,2.9421456399641135e-12
488.54269281070685,13.246170844517009,0.5418648888477795,11.34863546481519,6.831508993543912,3.5883403508597588e-12
489.04269281070685,12.812690644102966,0.5626789549402127,10.837345936716014,6.834981681718584,4.394628897899594e-12
489.54269281070685,12.383807018546248,0.5849500106987002,10.324871411122524,6.83781446197395,5.407950352929303e-12
490.04269281070685,11.959967854757021,0.608817594270833,9.811058316038093,6.839880540339944,6.690751090944773e-12
490.54269281070685,11.541674105143887,0.6344365557385349,9.295731163611666,6.8410250169991205,8.331211659676115e-12
491.04269281070685,11.129486480371526,0.6619785442911151,8.778689715079082,6.841058120140286,1.0451124877187018e-11
491.54269281070685,10.724032830595247,0.6916334725562581,8.259706071041345,6.839746762248399,1.3226239191881694e-11
492.04269281070685,10.326016185155911,0.7236108613073171,7.73852187830151,6.836804033695181,1.6911380811024416e-11
492.54269281070685,9.93622336168023,0.7581409197739145,7.214845969830342,6.8318761936105705,2.1880309140203886e-11
493.04269281070685,9.555533969243694,0.7954751522283683,6.688352936123831,6.824526682431086,2.8684691378886065e-11
493.54269281070685,9.184929509055287,0.8358861974227307,6.158683381151747,6.814216689909403,3.81359876526777e-11
494.04269281070685,8.825502112543752,0.8796665023611258,5.625446959885487,6.800281908864468,5.1411176770724354e-11
494.54269281070685,8.478462245550338,0.9271253080313994,5.088229734108301,6.781905353376633,7.016950969350623e-11
495.04269281070685,8.145144449199185,0.9785832914366943,4.5466079035091305,6.758086613093131,9.66332877477356e-11
495.54269281070685,7.8270098949010105,1.0343640870236992,4.000170508785473,6.727608772477877,1.335267927039955e-10
496.04269281070685,7.525644233425459,1.094781841148204,3.4485541213131863,6.689005576351668,1.8364706112013455e-10
496.54269281070685,7.242748972934606,1.160123999282429,2.8914925673184824,6.640533368494376,2.487172003714965e-10
497.04269281070685,6.98012451624065,1.2306287762225727,2.3288839690958025,6.580154840177574,3.270469172231625e-10
497.54269281070685,6.739643138053268,1.3064573185657926,1.7608752755505694,6.505544396302527,4.096818507055057e-10
498.04269281070685,6.523210709045706,1.3876615240998202,1.1879604579810465,6.414127213026107,4.754314883046181e-10
498.51914193472567,6.341080508469891,1.4699606795895945,0.6383239444934368,6.308870307494291,4.81557935923555e-10
498.97304141386667,6.190918071822922,1.5526225301721586,0.11250629248123219,6.189895710444222,4.2996930281032075e-10
499.40761764164006,6.069684717911401,1.635346608828899,-0.3915278291250856,6.05704371239533,3.3020498271730487e-10
499.82495762925055,5.974947978671113,1.7176960423771055,-0.8745647726693864,5.9105955542763855,1.9669239130893023e-10
500.22571355020096,5.9046816594348,1.7990093181550757,-1.3358587056874518,5.751586478329674,4.875501673173562e-11
500.6088277084514,5.856971758535633,1.8783265055001432,-1.7729382362907307,5.582186685393306,-9.156992008630218e-11
500.9711561935735,5.829667004299807,1.954314571779007,-2.1813764940255522,5.40616444185105,-2.0452073388670922e-10
501.2683370075438,5.820330334199842,2.017027139833904,-2.511871225701029,5.250404569621474,-2.4019175928833093e-10
501.56533965970135,5.822803857975199,2.079776966459929,-2.837378674751667,5.084715038673783,-2.753492299458273e-10
501.8333804946943,5.8351593032702445,2.1362583758903644,-3.1265133670681498,4.926864952491134,-2.934249656998155e-10
502.14146583089433,5.8611653227499705,2.200753025672835,-3.45286974872418,4.736132329121746,-3.310886429970289e-10
502.4782284380282,5.903895124718417,2.2704240157958786,-3.8017122111646136,4.5169637929870285,-3.8545900112495495e-10
502.8371758087953,5.965629681941565,2.3433710372767247,-4.1638982072531165,4.2720825391952,-4.482336238339535e-10
503.2144097599966,6.048109506722695,2.418185740584979,-4.533390141607035,4.003498773484212,-5.101938698387949e-10
503.6078448382946,6.152776157396256,2.493812559762115,-4.906379329706328,3.7126939432242896,-5.651779351724629e-10
504.01687384846934,6.281020135975272,2.569487408954019,-5.280849664538305,3.4005647720742633,-6.117502841993546e-10
504.4421426252722,6.434406333972047,2.644683656761475,-5.6562309888597095,3.0673499753570206,-6.526811392382856e-10
504.8853713014514,6.614861825258018,2.7190563518398925,-6.0330966410970825,2.712589516760494,-6.934650912466961e-10
505.34923647962336,6.82483500578095,2.792391445885683,-6.412931079039883,2.3350991053095442,-7.408931042876447e-10
505.83733339572547,7.0674487673285995,2.8645653275997,-6.797986070594344,1.932929761481212,-8.020652047433645e-10
506.33733339572547,7.337205865964199,2.9332837898067745,-7.178590517053598,1.5173754011475242,-8.668992981554379e-10
506.83733339572547,7.626609037300201,2.9969138515062137,-7.546928250914481,1.0995632693838042,-9.220199603145112e-10
507.33733339572547,7.933889162374495,3.0557134185068047,-7.904649959195438,0.6805191132033115,-9.663755912200812e-10
507.83733339572547,8.257382863438938,3.109981317408537,-8.253257502353696,0.26098343483348346,-1.0003317609846934e-09
508.33733339572547,8.595546409672286,3.160036616885433,-8.59408443556537,-0.15852695418511834,-1.0252105898137795e-09
508.83733339572547,8.946961919364584,3.206203123331049,-8.92829381138071,-0.5776653046712519,-1.042738488875401e-09
509.33733339572547,9.310337715073473,3.2487983861498395,-9.256886760142274,-0.9962107601417559,-1.054643580313981e-09
509.83733339572547,9.684504523859564,3.288126378622739,-9.580716952602971,-1.4140334319818595,-1.0624361578600062e-09
510.33733339572547,10.068408943441398,3.324473022475785,-9.900507562359447,-1.8310676284709244,-1.0673296176159441e-09
510.83733339572547,10.461105294169323,3.358103817296373,-10.216868570851384,-2.2472918327726514,-1.0702438469424466e-09
511.33733339572547,10.861746693215348,3.389262964714163,-10.530313158538947,-2.662714030960907,-1.0718472160444742e-09
511.83733339572547,11.269575944644357,3.418173509011622,-10.841272541406477,-3.0773611512223717,-1.072608870846059e-09
512.3373333957254,11.683916644434639,3.445038133881361,-11.150109005948613,-3.4912715892007613,-1.072849619922833e-09
512.8373333957254,12.104164751172853,3.470040352973578,-11.457127131221688,-3.9044900079983913,-1.072782121341326e-09
513.3373333957254,12.529780764756318,3.4933459090243977,-11.76258331522368,-4.31706378980887,-1.0725464500575671e-09
513.8373333957254,12.960282579291773,3.5151042548823535,-12.066693783448457,-4.729040671381479,-1.072229355212857e-09
514.3373333957254,13.395239025025585,3.5354500328479954,-12.36964127689961,-5.140467217908289,-1.071884689857734e-09
514.8373333957254,13.83426408114018,3.5545044996862676,-12.671580613024734,-5.551387883614429,-1.071543831661707e-09
515.3373333957254,14.277011721399601,3.5723768663779913,-12.972643297278562,-5.961844477555181,-1.0712247527034591e-09
515.8373333957254,14.723171343916587,3.589165536548668,-13.272941342227284,-6.371875904952976,-1.0709348311809665e-09
516.3373333957254,15.172463731760494,3.604959237436771,-13.572570429234412,-6.781518092216464,-1.0706776203521405e-09
516.8373333957254,15.624637490571565,3.619838043672555,-13.87161252695164,-7.190804031114521,-1.0704525843540443e-09
517.3373333957254,16.079465911268866,3.6338742980936662,-14.170138062088625,-7.599763897188167,-1.0702578221204217e-09
517.8373333957254,16.536744209286674,3.6471334360967753,-14.468207721613908,-8.008425211463742,-1.070089961558235e-09
518.3373333957254,16.996287095840792,3.6596747211667418,-14.765873951645192,-8.41681302443925,-1.0699471238368872e-09
518.8373333957254,17.45792664105059,3.671551899625397,-15.063182206637988,-8.824950108296857,-1.0698249691141848e-09
519.3373333957254,17.921510393033973,3.6828137825715546,-15.360171992815955,-9.232857148182086,-1.069721404942687e-09
519.8373333957254,18.386899721176864,3.6935047626279993,-15.656877741824532,-9.640552926786583,-1.0696332122600636e-09
520.3373333957254,18.85396835556163,3.703665272595492,-15.953329544062447,-10.048054498810385,-1.0695584690074323e-09
520.8373333957254,19.32260109797631,3.713332192521453,-16.24955376581246,-10.455377353471535,-1.0694954587720691e-09
521.3373333957254,19.79269268300836,3.722539211075848,-16.54557356994269,-10.862535564297437,-1.0694418089232679e-09
521.8373333957254,20.26414677046251,3.7313171465226165,-16.841409356405094,-11.269541926131563,-1.0693959947590225e-09
522.3373333957254,20.736875052753387,3.739694232001769,-17.1370791358698,-11.676408079732475,-1.0693575380046573e-09
522.8373333957254,21.21079646303711,3.7476963693059755,-17.432598847479717,-12.083144624609783,-1.0693247073283593e-09
523.3373333957254,21.685836471691324,3.7553473548508554,-17.727982629789654,-12.489761220888651,-1.0692966298174041e-09
523.8373333957254,22.161926460359684,3.7626690811013868,-18.023243052385087,-12.896266681060972,-1.0692730438757997e-09
524.3373333957254,22.639003164172657,3.7696817163264695,-18.318391314392766,-13.302669052494664,-1.0692524911531424e-09
524.8373333957254,23.11700817396754,3.7764038652070067,-18.613437415043308,-13.708975691551432,-1.0692352441825641e-09
525.3373333957254,23.595887491380605,3.7828527125164806,-18.908390300582667,-14.115193330122086,-1.0692201946998928e-09
525.8373333957254,24.07559113059404,3.7890441518231466,-19.203257991118722,-14.521328135335056,-1.0692077816563943e-09
526.3373333957254,24.55607276130893,3.7949929009259042,-19.498047690403617,-14.927385763134966,-1.069196941488747e-09
526.8373333957254,25.037289388198673,3.800712605528044,-19.792765881068394,-15.333371406367903,-1.0691873882027552e-09
527.3373333957254,25.519201062689962,3.8062159324710074,-20.08741840742552,-15.739289837950723,-1.0691792975785566e-09
527.8373333957254,26.001770623432357,3.811514653690986,-20.382010547622418,-16.145145449645177,-1.0691722647963686e-09
528.3373333957254,26.484963462264034,3.8166197219218287,-20.67654707665194,-16.55094228690491,-1.0691662712598146e-09
528.8373333957254,26.968747312869187,3.821541339045825,-20.97103232149516,-16.956684080214337,-1.0691608795935225e-09
529.3373333957254,27.453092059660104,3.8262890178873086,-21.26547020947869,-17.36237427329416,-1.0691562408915421e-09
529.8373333957254,27.937969564710894,3.830871638150704,-21.559864310767157,-17.768016048507523,-1.0691526106579784e-09
530.3373333957254,28.42335351082613,3.8352974971229443,-21.854217875775706,-18.173612349764635,-1.0691490335258038e-09
530.8373333957254,28.90921925905141,3.8395743556886064,-22.148533868173182,-18.57916590319099,-1.0691462228678526e-09
531.3373333957254,29.395543719128437,3.8437094801433536,-22.442814994050142,-18.984679235795095,-1.0691431794638834e-09
531.8373333957254,29.882305231568246,3.8477096802362003,-22.737063727744623,-19.390154692345565,-1.0691412493032127e-09
532.3373333957254,30.369483460166325,3.8515813438227453,-23.03128233474923,-19.795594450644423,-1.069139240487787e-09
532.8373333957254,30.857059293914812,3.8553304684689853,-23.325472892064855,-20.201000535362652,-1.0691375307893258e-09
533.3373333957254,31.34501475738263,3.8589626903078966,-23.619637306316267,-20.606374830585985,-1.0691360134068336e-09
533.8373333957254,31.833332928736098,3.862483310417991,-23.91377732990228,-21.01171909120255,-1.0691346302957859e-09
534.3373333957254,32.32199786466216,3.8658973189639636,-24.207894575416987,-21.417034953249757,-1.0691333926506244e-09
534.8373333957254,32.81099453153535,3.8692094173138716,-24.501990528547452,-21.822323943324957,-1.0691325634702169e-09
535.3373333957254,33.30030874223949,3.8724240383245685,-24.796066559626396,-22.22758748715319,-1.0691314488067376e-09
535.8373333957254,33.789927098116685,3.8755453649670324,-25.090123933995724,-22.63282691739534,-1.0691306282529072e-09
536.3373333957254,34.27983693557111,3.8785773474454093,-25.38416382131685,-23.038043480770977,-1.069129836646964e-09
536.8373333957254,34.770026276903174,3.8815237189478085,-25.678187303946732,-23.443238344562513,-1.0691294436836754e-09
537.3373333957254,35.260483784993056,3.88438801015285,-25.972195384483882,-23.848412602560206,-1.0691288730752316e-09
537.8373333957254,35.75119872149058,3.887173562603489,-26.266188992575877,-24.25356728050114,-1.069128021176864e-09
538.3373333957254,36.24216090820259,3.889883541048545,-26.560168991068657,-24.658703341050256,-1.0691277443933007e-09
538.8373333957254,36.733360691399284,3.8925209448424583,-26.854136181568627,-25.06382168836598,-1.0691275757633848e-09
539.3373333957254,37.22478890878797,3.8950886184849716,-27.148091309479778,-25.468923172289255,-1.0691270412453672e-09
539.8373333957254,37.71643685892704,3.8975892613745398,-27.44203506857122,-25.874008592190307,-1.0691269683295842e-09
540.3373333957254,38.20829627287442,3.9000254368422262,-27.735968105123714,-26.279078700504503,-1.0691267967344428e-09
540.8373333957254,38.70035928788426,3.9023995805265193,-28.02989102169858,-26.684134205985227,-1.0691264895473032e-09
541.3373333957254,39.19261842298288,3.904714008143844,-28.32380438056726,-27.089175776698998,-1.0691263430103754e-09
541.8373333957254,39.68506655627063,3.9069709227044718,-28.617708706835597,-27.494204042785732,-1.0691262473674293e-09
542.3373333957254,40.177696903810315,3.9091724212189596,-28.911604491293105,-27.89921959900473,-1.0691257236948995e-09
542.8373333957254,40.67050299997546,3.9113205009361525,-29.205492193014358,-28.304223007084833,-1.069125621649258e-09
543.3373333957254,41.163478679142905,3.9134170651500924,-29.499372241736435,-28.709214797895857,-1.0691256993204193e-09
543.8373333957254,41.656618058624595,3.9154639286098454,-29.793245040033955,-29.114195473456256,-1.0691256399129116e-09
544.3373333957254,42.1499155227426,3.917462822563261,-30.08711096531101,-29.51916550879106,-1.069125570824859e-09
544.8373333957254,42.643365707959674,3.919415399462966,-30.38097037162712,-29.924125353652464,-1.0691253037951338e-09
545.3373333957254,43.136963488985245,3.921323237360447,-30.674823591372732,-30.329075434114518,-1.069125290257162e-09
545.8373333957254,43.630703965783624,3.92318784401186,-30.968670936808046,-30.7340161540523,-1.0691253281130965e-09
546.3373333957254,44.12458245141718,3.9250106607172004,-31.262512701477643,-31.138947896514782,-1.0691248475951858e-09
546.8373333957254,44.61859446066313,3.926793065912643,-31.556349161512173,-31.543871025000225,-1.0691249790212679e-09
547.3373333957254,45.11273569934736,3.9285363785342198,-31.850180576827043,-31.948785884641676,-1.069124855057935e-09
547.8373333957254,45.60700205434363,3.930241861169496,-32.144007192227406,-32.353692803309755,-1.0691246293640456e-09
548.3373333957254,46.101389584190464,3.931910723012549,-32.437829238427426,-32.75859209263926,-1.0691249527067253e-09
548.8373333957254,46.59589451028196,3.9335441226363157,-32.73164693299148,-33.163484048985474,-1.0691248359057066e-09
549.3373333957254,47.09051320859228,3.9351431705952358,-33.02546048120373,-33.568368954315524,-1.0691249066868272e-09
549.8373333957254,47.5852422018967,3.936708931870107,-33.31927007687244,-33.97324707703994,-1.069124719635679e-09
550.3373333957254,48.08007815245496,3.938242428166116,-33.61307590307426,-34.37811867278873,-1.0691249411195286e-09
550.8373333957254,48.57501785512544,3.9397446400741543,-33.90687813284367,-34.78298398513622,-1.0691247028037014e-09
551.3373333957254,49.07005823088096,3.9412165091047555,-34.20067692981199,-35.18784324627859,-1.0691248799085005e-09
551.8373333957254,49.56519632069934,3.9426589396032647,-34.494472448800174,-35.59269667766736,-1.0691245767397882e-09
552.3373333957254,50.060429279803806,3.9440728005541974,-34.78826483636907,-35.9975444906022,-1.0691245825251722e-09
552.8373333957254,50.55575437223019,3.9454589272821514,-35.08205423133058,-36.40238688678604,-1.069124489476919e-09
553.3373333957254,51.05116896569969,3.9468181230560804,-35.375840765222826,-36.807224058845,-1.0691244211277342e-09
553.8373333957254,51.546670526777326,3.948151160603235,-35.66962456275212,-37.21205619081597,-1.0691242048574318e-09
554.3373333957254,52.04225661629791,3.949458783538612,-35.96340574220449,-37.61688345860375,-1.0691244028933002e-09
554.8373333957254,52.53792488504237,3.950741707715334,-36.257184415828924,-38.021706030410144,-1.069124718096094e-09
555.3373333957254,53.033673069648806,3.952000622500982,-36.55096069019447,-38.4265240671369,-1.0691246447654393e-09
555.8373333957254,53.52949898874355,3.953236191984547,-36.84473466652353,-38.831337722764275,-1.0691246298356172e-09
556.3373333957254,54.02540053927861,3.9544490561183423,-37.13850644100274,-39.2361471447068,-1.06912465209741e-09
556.8373333957254,54.52137569306283,3.9556398317988997,-37.43227610507329,-39.640952474148015,-1.069124578363115e-09
557.3373333957254,55.01742249347498,3.9568091138906025,-37.72604374570228,-40.04575384635536,-1.0691243865375932e-09
557.8373333957254,55.513539052347795,3.9579574761955465,-38.01980944563628,-40.450551390976734,-1.0691244914588824e-09
558.3373333957254,56.00972354701267,3.9590854723728737,-38.31357328363867,-40.855345232319785,-1.0691245432267454e-09
558.8373333957254,56.505974217495556,3.960193636810612,-38.60733533471171,-41.26013548961507,-1.0691246216096482e-09
559.3373333957254,57.00228936385509,3.961282485452844,-38.901095670304585,-41.664922277264324,-1.0691245590911758e-09
559.8373333957254,57.49866734365466,3.9623525165848363,-39.19485435850824,-42.06970570507461,-1.0691244675206353e-09
560.3373333957254,57.99510656956063,3.963404211578595,-39.488611464238176,-42.474485878479236,-1.0691243289640938e-09
560.8373333957254,58.4916055070595,3.9644380356011353,-39.78236704940588,-42.879262898746504,-1.0691244601899012e-09
561.3373333957254,58.988162672287146,3.9654544382876233,-40.0761211730797,-43.28403686317675,-1.069124224254151e-09
561.8373333957254,59.484776629963925,3.9664538543813865,-40.36987389163594,-43.68880786528871,-1.0691241535566707e-09
562.3373333957254,59.981445991429524,3.967436704342679,-40.66362525890082,-44.09357599499568,-1.0691245929092094e-09
562.8373333957254,60.47816941277213,3.968403394927954,-40.95737532628389,-44.49834133877215,-1.0691243550216926e-09
563.3373333957254,60.97494559304665,3.969354319741291,-41.25112414290353,-44.90310397981147,-1.0691246260130623e-09
563.8373333957254,61.471773272577074,3.970289859759524,-41.544871755705024,-45.30786399817524,-1.069124283370559e-09
564.3373333957254,61.96865123133846,3.9712103838325112,-41.838618209571734,-45.712621470934685,-1.0691245705769647e-09
564.8373333957254,62.46557828741417,3.9721162491599022,-42.13236354742975,-46.11737647230469,-1.0691245854210237e-09
565.3373333957254,62.96255329552431,3.973007801745683,-42.42610781034653,-46.52212907377083,-1.06912464815275e-09
565.8373333957254,63.45957514562168,3.9738853768316855,-42.71985103762388,-46.92687934420986,-1.0691248223922215e-09
566.3373333957254,63.95664276155156,3.9747492993111853,-43.013593266885714,-47.33162735000403,-1.0691246303469173e-09
566.8373333957254,64.453755099772,3.9755998841236475,-43.30733453416064,-47.73637315514954,-1.0691248994079e-09
567.3373333957254,64.95091114813151,3.976437436631605,-43.601074873960194,-48.14111682135959,-1.0691249396135512e-09
567.8373333957254,65.44810992470113,3.977262252980606,-43.894814319352555,-48.54585840816212,-1.0691247492864783e-09
568.3373333957254,65.94535047665809,3.9780746204431088,-44.188552902032164,-48.95059797299288,-1.0691246615146897e-09
568.8373333957254,66.4426318792185,3.978874817747148,-44.48229065238561,-49.355335571283774,-1.0691249307975803e-09
569.3373333957254,66.93995323461641,3.9796631153905495,-44.77602759955389,-49.76007125654685,-1.0691248060119789e-09
569.8373333957254,67.43731367112719,3.9804397759414307,-45.069763771491274,-50.164805080454265,-1.0691248684676203e-09
570.3373333957254,67.93471234213266,3.9812050543256747,-45.36349919502104,-50.56953709291431,-1.0691248201492084e-09
570.8373333957254,68.43214842522627,3.98195919810203,-45.65723389588822,-50.97426734214386,-1.0691249438483515e-09
571.3373333957254,68.92962112135608,3.982702447725453,-45.95096789880953,-51.37899587473731,-1.0691251360304273e-09
571.8373333957254,69.42712965400375,3.983435036799268,-46.244701227520714,-51.78372273573223,-1.0691248747853003e-09
572.3373333957254,69.92467326839794,3.9841571923167027,-46.538433904821396,-52.18844796867191,-1.0691250123557276e-09
572.8373333957254,70.42225123076027,3.9848691348923038,-46.83216595261755,-52.593171615665135,-1.069125063521076e-09
573.3373333957254,70.91986282758236,3.9855710789837335,-47.12589739196188,-52.99789371744295,-1.0691249950209588e-09
573.8373333957254,71.41750736493252,3.9862632331044012,-47.41962824309202,-53.402614313412975,-1.0691249146461365e-09
574.3373333957254,71.91518416779054,3.9869458000273723,-47.71335852546685,-53.80733344171119,-1.0691250822183348e-09
574.8373333957254,72.41289257940944,3.987618976980964,-48.00708825780103,-54.21205113925126,-1.0691249268261239e-09
575.3373333957254,72.91063196070279,3.9882829558364232,-48.30081745809758,-54.616767441771856,-1.0691250183814064e-09
575.8373333957254,73.40840168965643,3.9889379232880535,-48.59454614367916,-55.02148238388156,-1.0691249842491424e-09
576.3373333957254,73.90620116076359,3.9895840610261444,-48.88827433121751,-55.426195999102006,-1.0691250585174931e-09
576.8373333957254,74.4040297844821,3.990221545903035,-49.18200203676158,-55.830908319908964,-1.0691250471006191e-09
577.3373333957254,74.90188698671298,3.9908505500926257,-49.475729275764216,-56.23561937777169,-1.0691249765432416e-09
577.8373333957254,75.39977220829914,3.9914712412436386,-49.769456063107675,-56.6403292031905,-1.069125117068058e-09
578.3373333957254,75.89768490454352,3.992083782626909,-50.06318241312767,-57.045037825732734,-1.0691249010156924e-09
578.8373333957254,76.39562454474576,3.992688333276975,-50.35690833963651,-57.449745274067205,-1.0691250645246154e-09
579.3373333957254,76.89359061175637,3.993285048128224,-50.650633855944996,-57.85445157599704,-1.0691252417353057e-09
579.8373333957254,77.39158260154798,3.9938740781458333,-50.94435897488326,-58.25915675849124,-1.0691249913528206e-09
580.3373333957254,77.88960002280263,3.9944555704517426,-51.23808370882068,-58.663860847714915,-1.069125095405784e-09
580.8373333957254,78.3876423965145,3.9950296684458646,-51.53180806968491,-59.06856386905809,-1.069125031133669e-09
581.3373333957254,78.88570925560747,3.995596511922755,-51.825532068979776,-59.47326584716348,-1.0691251080382507e-09
581.8373333957254,79.38380014456679,3.996156237183927,-52.11925571780271,-59.87796680595302,-1.069125121101207e-09
582.3373333957254,79.88191461908428,3.996708977146009,-52.41297902686111,-60.282666768653236,-1.0691252290275423e-09
582.8373333957254,80.3800522457165,3.9972548614449113,-52.706702006487994,-60.68736575781971,-1.0691252824082692e-09
583.3373333957254,80.87821260155532,3.9977940165361865,-53.00042466665702,-61.0920637953605,-1.0691255795479563e-09
583.8373333957254,81.37639527391039,3.998326565791731,-53.294147016996725,-61.49676090255847,-1.0691255756363129e-09
584.3373333957254,81.874599860003,3.99885262959299,-53.58786906680423,-61.90145710009296,-1.0691254299784587e-09
584.8373333957254,82.37282596667089,3.9993723254208113,-53.88159082505826,-62.30615240806036,-1.0691252550937924e-09
585.3373333957254,82.87107321008342,3.999885767942083,-54.175312300431564,-62.71084684599399,-1.069125223172597e-09
585.8373333957254,83.36934121546699,4.0003930690932945,-54.469033501302874,-63.11554043288315,-1.069125398752002e-09
586.3373333957254,83.8676296168398,4.0008943381611415,-54.76275443576826,-63.52023318719139,-1.069124964266319e-09
586.8373333957254,84.36593805675618,4.001389681860302,-55.05647511165193,-63.9249251268742,-1.0691253002783626e-09
587.3373333957254,84.86426618605944,4.00187920440849,-55.350195536516836,-64.32961626939573,-1.0691253828105402e-09
587.8373333957254,85.36261366364354,4.002363007598907,-55.64391571767437,-64.73430663174523,-1.06912541067302e-09
588.3373333957254,85.86098015622275,4.002841190870188,-55.93763566219408,-65.13899623045255,-1.0691255738451742e-09
588.8373333957254,86.35936533810917,4.003313851373945,-56.23135537691272,-65.5436850816031,-1.069125418576448e-09
589.3373333957254,86.85776889099786,4.0037810840400025,-56.52507486844304,-65.94837320085239,-1.0691256310413393e-09
589.8373333957254,87.35619050375915,4.004242981639423,-56.818794143182004,-66.3530606034399,-1.0691254662538693e-09
590.3373333957254,87.85462987223795,4.004699634845395,-57.11251320731888,-66.75774730420245,-1.0691257699328435e-09
590.8373333957254,88.35308669905969,4.005151132292085,-57.40623206684295,-67.16243331758707,-1.0691256583334024e-09
591.3373333957254,88.85156069344276,4.005597560631515,-57.69995072755076,-67.56711865766334,-1.069125656440081e-09
591.8373333957254,89.35005157101712,4.006039004588555,-57.993669195053265,-67.97180333813536,-1.069125518425837e-09
592.3373333957254,89.84855905364876,4.006475547014096,-58.287387474782555,-68.37648737235315,-1.0691259026295819e-09
592.8373333957254,90.34708286927004,4.006907268936484,-58.58110557199819,-68.78117077332394,-1.0691258390838186e-09
593.3373333957254,90.84562275171542,4.0073342496112545,-58.87482349179364,-69.18585355372252,-1.0691258279426724e-09
593.8373333957254,91.34417844056254,4.00775656656927,-59.168541239102126,-69.5905357259017,-1.0691256764614187e-09
594.3373333957254,91.84274968097836,4.00817429566329,-59.462258818702246,-69.99521730190226,-1.0691258628150228e-09
594.8373333957254,92.34133622357024,4.00858751111304,-59.75597623522358,-70.39989829346234,-1.069125817049781e-09
595.3373333957254,92.83993782424179,4.008996285548849,-60.04969349315196,-70.80457871202668,-1.0691258324879455e-09
595.8373333957254,93.33855424405316,4.009400690053888,-60.343410596834474,-71.20925856875563,-1.0691259159546885e-09
596.3373333957254,93.83718524908585,4.009800794205075,-60.63712755048436,-71.61393787453352,-1.0691261157093512e-09
596.8373333957254,94.33583061031163,4.0101966661126935,-60.93084435818555,-72.01861663997703,-1.0691261215497798e-09
597.3373333957254,94.83449010346565,4.010588372458764,-61.22456102389733,-72.4232948754432,-1.069126004128595e-09
597.8373333957254,95.33316350892339,4.010975978534222,-61.51827755145856,-72.82797259103697,-1.0691259138316468e-09
598.3373333957254,95.83185061158142,4.011359548274946,-61.81199394459174,-73.23264979661879,-1.0691258451151864e-09
598.8373333957254,96.33055120074181,4.0117391442966674,-62.10571020690709,-73.63732650181169,-1.0691258848682766e-09
599.3373333957254,96.82926507000015,4.01211482792881,-62.39942634190638,-74.0420027160081,-1.0691258157404855e-09
599.8373333957254,97.32799201713678,4.012486659247302,-62.693142352986435,-74.44667844837686,-1.069125771499106e-09
600.3373333957254,97.8267318440115,4.012854697106379,-62.98685824344294,-74.8513537078693,-1.0691257665355974e-09
600.8373333957254,98.32548435646133,4.0132189991694345,-63.280574016473665,-75.25602850322569,-1.0691257981184767e-09
601.3373333957254,98.82424936420131,4.01357962193894,-63.57428967518174,-75.66070284298132,-1.0691257766360728e-09
601.8373333957254,99.32302668072832,4.013936620785468,-63.86800522257877,-76.06537673547223,-1.0691257598365294e-09
602.3373333957254,99.82181612322773,4.014290049975843,-64.1617206615881,-76.47005018884077,-1.0691256269551204e-09
602.8373333957254,100.32061751248276,4.014639962700475,-64.45543599504738,-76.8747232110413,-1.0691258874131803e-09
603.3373333957254,100.81943067278648,4.014986411099866,-64.74915122571174,-77.27939580984514,-1.0691255840305442e-09
603.8373333957254,101.3182554318565,4.015329446290354,-65.0428663562561,-77.68406799284604,-1.0691257362736684e-09
604.3373333957254,101.81709162075197,4.015669118389097,-65.33658138927821,-78.08873976746472,-1.0691257312831352e-09
604.8373333957254,102.3159390737931,4.016005476538327,-65.63029632730081,-78.4934111409539,-1.0691254174326624e-09
605.3373333957254,102.81479762848294,4.016338568928913,-65.92401117277421,-78.8980821204029,-1.0691257311240663e-09
605.8373333957254,103.31366712543137,4.016668442823235,-66.21772592807851,-79.30275271274205,-1.0691257486364644e-09
606.3373333957254,103.81254740828136,4.016995144577404,-66.51144059552611,-79.7074229247469,-1.069125764475572e-09
606.8373333957254,104.3114383236372,4.0173187196628515,-66.80515517736356,-80.11209276304261,-1.0691258264716254e-09
607.3373333957254,104.81033972099482,4.017639212687303,-67.09886967577383,-80.5167622341079,-1.06912557455452e-09
607.8373333957254,105.30925145267403,4.017956667415161,-67.3925840928782,-80.92143134427906,-1.0691257377174241e-09
608.3373333957254,105.80817337375274,4.018271126787307,-67.68629843073838,-81.3261000997536,-1.06912555392694e-09
608.8373333957254,106.30710534200286,4.01858263294036,-67.9800126913582,-81.73076850659407,-1.06912574378227e-09
609.3373333957254,106.80604721782811,4.018891227225388,-68.27372687668553,-82.13543657073163,-1.0691256620414934e-09
609.8373333957254,107.3049988642035,4.019196950226106,-68.56744098861397,-82.54010429796934,-1.0691255348040743e-09
610.3373333957254,107.80396014661645,4.019499841776568,-68.86115502898464,-82.94477169398569,-1.0691257465612566e-09
610.8373333957254,108.3029309330095,4.019799940978378,-69.15486899958758,-83.34943876433788,-1.0691260284444973e-09
611.3373333957254,108.80191109372471,4.0200972862174185,-69.44858290216352,-83.75410551446477,-1.0691258344941271e-09
611.8373333957254,109.30090050144933,4.020391915180136,-69.74229673840536,-84.15877194969006,-1.0691258035235846e-09
612.3373333957254,109.79989903116319,4.020683864869376,-70.0360105099596,-84.56343807522528,-1.0691258242249598e-09
612.8373333957254,110.29890656008733,4.020973171619794,-70.32972421842767,-84.96810389617262,-1.0691258101732765e-09
613.3373333957254,110.79792296763405,4.021259871112848,-70.62343786536744,-85.3727694175277,-1.0691256835223983e-09
613.8373333957254,111.29694813535829,4.021543998391398,-70.91715145229445,-85.7774346441823,-1.0691256693392723e-09
614.3373333957254,111.79598194691035,4.021825587873906,-71.2108649806832,-86.18209958092697,-1.0691259337451281e-09
614.8373333957254,112.29502428798973,4.022104673368263,-71.50457845196844,-86.58676423245353,-1.0691257202956794e-09
615.3373333957254,112.79407504630035,4.022381288085258,-71.79829186754623,-86.9914286033577,-1.0691257088249305e-09
615.8373333957254,113.29313411150675,4.022655464651679,-72.09200522877521,-87.39609269814127,-1.0691255606677253e-09
616.3373333957254,113.79220137519158,4.022927235123082,-72.38571853697766,-87.80075652121455,-1.069125557628415e-09
616.8373333957254,114.29127673081418,4.023196630996221,-72.67943179344063,-88.20542007689866,-1.0691255546592456e-09
617.3373333957254,114.7903600736701,4.023463683221159,-72.97314499941679,-88.6100833694277,-1.069125639704312e-09
617.8373333957254,115.28945130085182,4.023728422213063,-73.26685815612564,-89.01474640295083,-1.0691256206851935e-09
618.3373333957254,115.78855031121037,4.023990877863694,-73.56057126475443,-89.4194091815344,-1.0691253978582776e-09
618.8373333957254,116.28765700531798,4.0242510795526085,-73.85428432645907,-89.82407170916393,-1.0691256433333218e-09
619.3373333957254,116.78677128543164,4.024509056158067,-74.14799734236497,-90.22873398974606,-1.0691254132769587e-09
619.8373333957254,117.2858930554576,4.024764836067668,-74.44171031356818,-90.63339602711042,-1.0691257382015233e-09
620.3373333957254,117.7850222209168,4.025018447188716,-74.73542324113586,-91.03805782501159,-1.0691257754697587e-09
620.8373333957254,118.28415868891108,4.025269916958321,-75.02913612610746,-91.44271938713074,-1.0691257460617959e-09
621.3373333957254,118.78330236809029,4.025519272353251,-75.32284896949525,-91.84738071707746,-1.069125661306214e-09
621.8373333957254,119.28245316862024,4.025766539899537,-75.61656177228524,-92.25204181839149,-1.0691256995256989e-09
622.3373333957254,119.78161100215138,4.0260117456818305,-75.91027453543792,-92.65670269454421,-1.0691257427377747e-09
622.8373333957254,120.28077578178831,4.026254915352545,-76.20398725988898,-93.06136334894042,-1.0691259102946841e-09
623.3373333957254,120.77994742205998,4.026496074140755,-76.49769994654989,-93.46602378491978,-1.069125953577768e-09
623.8373333957254,121.27912583889066,4.026735246860889,-76.79141259630866,-93.87068400575849,-1.0691260791550564e-09
624.3373333957254,121.77831094957166,4.0269724579211985,-77.08512521003067,-94.27534401467045,-1.069125897093452e-09
624.8373333957254,122.2775026727336,4.027207731332032,-77.37883778855904,-94.68000381480897,-1.0691256651010608e-09
625.3373333957254,122.77670092831947,4.027441090713898,-77.67255033271529,-95.08466340926813,-1.069125759936758e-09
625.8373333957254,123.27590563755831,4.027672559305337,-77.96626284330017,-95.48932280108396,-1.0691259026646053e-09
626.3373333957254,123.7751167229395,4.027902159970605,-78.25997532109398,-95.89398199323595,-1.0691258429817507e-09
626.8373333957254,124.27433410818767,4.0281299152071695,-78.55368776685718,-96.29864098864829,-1.069125858101096e-09
627.3373333957254,124.77355771823822,4.028355847153029,-78.84740018133104,-96.70329979019104,-1.069125987335708e-09
627.8373333957254,125.27278747921342,4.028579977593856,-79.14111256523806,-97.1079584006815,-1.0691261793012184e-09
628.3373333957254,125.77202331839904,4.028802327969971,-79.43482491928263,-97.51261682288515,-1.0691260678991696e-09
628.8373333957254,126.27126516422155,4.029022919383152,-79.72853724415134,-97.91727505951707,-1.0691261336678542e-09
629.3373333957254,126.7705129462259,4.029241772603285,-80.02224954051354,-98.32193311324289,-1.0691258885961034e-09
629.8373333957254,127.26976659505374,4.029458908074855,-80.31596180902187,-98.72659098667997,-1.0691259060014364e-09
630.3373333957254,127.76902604242217,4.02967434592329,-80.6096740503126,-99.1312486823984,-1.0691257714734394e-09
630.8373333957254,128.26829122110303,4.0298881059611515,-80.90338626500616,-99.53590620292212,-1.06912590068567e-09
631.3373333957254,128.7675620649026,4.030100207694189,-81.19709845370747,-99.94056355072988,-1.069125783898448e-09
631.8373333957254,129.26683850864177,4.030310670327246,-81.49081061700653,-100.34522072825615,-1.0691256009300886e-09
632.3373333957254,129.7661204881368,4.030519512770039,-81.78452275547865,-100.74987773789225,-1.0691259346562663e-09
632.8373333957254,130.26540794018027,4.030726753642796,-82.07823486968486,-101.15453458198712,-1.0691257853721367e-09
633.3373333957254,130.76470080252267,4.030932411281772,-82.3719469601724,-101.55919126284837,-1.0691257574934845e-09
633.8373333957254,131.26399901385432,4.031136503744638,-82.66565902747489,-101.9638477827431,-1.0691260170345708e-09
634.3373333957254,131.76330251378772,4.0313390488157435,-82.95937107211293,-102.3685041438987,-1.0691257904586519e-09
634.8373333957254,132.26261124284034,4.031540064011266,-83.25308309459432,-102.7731603485039,-1.0691258125703773e-09
635.3373333957254,132.7619251424176,4.031739566584243,-83.54679509541427,-103.17781639870925,-1.0691260070031052e-09
635.8373333957254,133.26124415479651,4.031937573529487,-83.84050707505587,-103.58247229662842,-1.0691261766768626e-09
636.3373333957254,133.76056822310952,4.032134101588398,-84.13421903399056,-103.98712804433843,-1.06912615801814e-09
636.8373333957254,134.25989729132868,4.032329167253664,-84.42793097267806,-104.39178364388088,-1.0691260861310473e-09
637.3373333957254,134.75923130425025,4.032522786773856,-84.72164289156704,-104.79643909726232,-1.0691262145105653e-09
637.8373333957254,135.2585702074796,4.032714976157927,-85.01535479109515,-105.20109440645523,-1.0691261182960804e-09
638.3373333957254,135.75791394741648,4.032905751179609,-85.30906667168952,-105.60574957339857,-1.069126038203706e-09
638.8373333957254,136.25726247124055,4.033095127381711,-85.60277853376672,-106.0104045999987,-1.0691262962455265e-09
639.3373333957254,136.75661572689728,4.03328312008033,-85.89649037773336,-106.41505948812981,-1.0691262152613442e-09
639.8373333957254,137.25597366308406,4.033469744368962,-86.19020220398605,-106.81971423963473,-1.0691260902393654e-09
640.3373333957254,137.75533622923683,4.033655015122531,-86.48391401291201,-107.22436885632543,-1.0691258800444395e-09
640.8373333957254,138.25470337551667,4.033838947001326,-86.77762580488903,-107.62902333998372,-1.0691258981025295e-09
641.3373333957254,138.754075052797,4.0340215544548546,-87.07133758028573,-108.03367769236193,-1.0691261273718259e-09
641.8373333957254,139.2534512126508,4.0342028517256185,-87.36504933946189,-108.4383319151835,-1.0691260566106314e-09
642.3373333957254,139.75283180733828,4.0343828528528,-87.65876108276869,-108.84298601014335,-1.069125738481472e-09
642.8373333957254,140.25221678979474,4.0345615716758765,-87.95247281054866,-109.24763997890884,-1.0691256131623747e-09
643.3373333957254,140.75160611361864,4.0347390218381545,-88.24618452313642,-109.65229382311983,-1.0691258873126357e-09
643.8373333957254,141.25099973305998,4.034915216790232,-88.5398962208584,-110.05694754438967,-1.0691258310500006e-09
644.3373333957254,141.750397603009,4.035090169793386,-88.8336079040331,-110.46160114430555,-1.069126028681866e-09
644.8373333957254,142.24979967898483,4.035263893922887,-89.12731957297164,-110.86625462442886,-1.0691260447690943e-09
645.3373333957254,142.74920591712478,4.035436402071251,-89.42103122797758,-111.27090798629601,-1.0691258971587927e-09
645.8373333957254,143.24861627417357,4.035607706951414,-89.71474286934705,-111.67556123141878,-1.0691260750815774e-09
646.3373333957254,143.74803070747282,4.035777821099846,-90.00845449736948,-112.08021436128465,-1.069125966513687e-09
646.8373333957254,144.24744917495082,4.035946756879605,-90.30216611232713,-112.48486737735747,-1.0691260812601213e-09
647.3373333957254,144.7468716351125,4.036114526483317,-90.59587771449559,-112.88952028107792,-1.0691260259339134e-09
647.8373333957254,145.24629804702963,4.036281141936102,-90.88958930414397,-113.29417307386377,-1.0691257130232872e-09
648.3373333957254,145.74572837033105,4.03644661509844,-91.18330088153492,-113.69882575711058,-1.0691258855974107e-09
648.8373333957254,146.24516256519337,4.036610957668978,-91.4770124469248,-114.10347833219197,-1.0691258645185475e-09
649.3373333957254,146.74460059233164,4.036774181187276,-91.77072400056387,-114.50813080046005,-1.0691260136354609e-09
649.8373333957254,147.2440424129903,4.0369362970365,-92.06443554269657,-114.91278316324583,-1.069125707065909e-09
650.3373333957254,147.7434879889343,4.037097316446062,-92.3581470735615,-115.3174354218596,-1.0691258077365834e-09
650.8373333957254,148.2429372824404,4.037257250494208,-92.65185859339148,-115.72208757759148,-1.0691259953081784e-09
651.3373333957254,148.74239025628867,4.037416110110544,-92.94557010241398,-116.12673963171156,-1.069126059213182e-09
651.8373333957254,149.24184687375407,4.037573906078527,-93.23928160085099,-116.5313915854705,-1.0691257658342498e-09
652.3373333957254,149.74130709859827,4.037730649037893,-93.5329930889192,-116.9360434400998,-1.0691257730130887e-09
652.8373333957254,150.24077089506167,4.037886349487041,-93.82670456683033,-117.34069519681205,-1.0691260109736034e-09
653.3373333957254,150.74023822785546,4.038041017785377,-94.12041603479088,-117.7453468568015,-1.0691257169213388e-09
653.8373333957254,151.2397090621539,4.038194664155597,-94.41412749300261,-118.1499984212442,-1.069125894475089e-09
654.3373333957254,151.73918336358687,4.038347298685937,-94.70783894166247,-118.55464989129848,-1.0691257494398437e-09
654.8373333957254,152.23866109823228,4.038498931332376,-95.00155038096275,-118.95930126810521,-1.0691257640151015e-09
655.3373333957254,152.7381422326089,4.038649571920794,-95.29526181109107,-119.3639525527882,-1.0691258779704202e-09
655.8373333957254,153.2376267336692,4.038799230149085,-95.58897323223087,-119.76860374645427,-1.0691259327539912e-09
656.3373333957254,153.73711456879238,4.0389479155892385,-95.88268464456104,-120.1732548501939,-1.0691256819170912e-09
656.8373333957254,154.23660570577746,4.039095637689372,-96.17639604825634,-120.57790586508129,-1.0691255212219026e-09
657.3373333957254,154.73610011283662,4.039242405775727,-96.4701074434874,-120.98255679217479,-1.069125791204077e-09
657.8373333957254,155.23559775858848,4.039388229054626,-96.76381883042062,-121.3872076325171,-1.0691255823195984e-09
658.3373333957254,155.7350986120518,4.039533116614393,-97.05753020921875,-121.79185838713556,-1.0691258897849046e-09
658.8373333957254,156.2346026426389,4.039677077427239,-97.35124158004051,-122.19650905704245,-1.0691258820703885e-09
659.3373333957254,156.73410982014965,4.039820120351104,-97.64495294304099,-122.60115964323519,-1.0691257366607743e-09
659.8373333957254,157.2336201147653,4.039962254131475,-97.93866429837145,-123.00581014669685,-1.0691258206599216e-09
660.3373333957254,157.7331334970424,4.04010348740316,-98.2323756461797,-123.41046056839603,-1.0691256855267843e-09
660.8373333957254,158.23264993790693,4.0402438286920335,-98.52608698660994,-123.8151109092875,-1.0691257789963293e-09
661.3373333957254,158.73216940864862,4.0403832864167475,-98.81979831980311,-124.21976117031204,-1.0691257596943594e-09
661.8373333957254,159.23169188091524,4.040521868890411,-99.1135096458967,-124.62441135239703,-1.0691258463745703e-09
662.3373333957254,159.73121732670694,4.040659584322239,-99.40722096502485,-125.02906145645663,-1.0691258637865902e-09
662.8373333957254,160.23074571837097,4.040796440819167,-99.70093227731863,-125.43371148339182,-1.0691258189214404e-09
663.3373333957254,160.7302770285962,4.04093244638744,-99.99464358290594,-125.83836143409086,-1.0691258127245213e-09
663.8373333957254,161.22981123040785,4.041067608934166,-100.2883548819118,-126.24301130942919,-1.0691259002532374e-09
664.3373333957254,161.72934829716246,4.041201936268853,-100.58206617445802,-126.64766111027014,-1.069125847441998e-09
664.8373333957254,162.22888820254266,4.0413354361049,-100.87577746066366,-127.05231083746469,-1.0691257649468841e-09
665.3373333957254,162.7284309205523,4.041468116061076,-101.16948874064488,-127.4569604918519,-1.0691259482526738e-09
665.8373333957254,163.22797642551157,4.041599983662966,-101.46320001451501,-127.86161007425912,-1.0691257088360631e-09
666.3373333957254,163.72752469205213,4.041731046344385,-101.75691128238483,-128.26625958550207,-1.0691260572513626e-09
666.8373333957254,164.22707569511246,4.041861311448777,-102.05062254436237,-128.67090902638512,-1.0691259594469532e-09
667.3373333957254,164.72662940993325,4.041990786230582,-102.34433380055312,-129.07555839770149,-1.0691256057238637e-09
667.8373333957254,165.22618581205282,4.04211947785658,-102.63804505106,-129.4802077002334,-1.0691259560869537e-09
668.3373333957254,165.72574487730267,4.042247393407208,-102.93175629598338,-129.8848569347524,-1.0691258094076572e-09
668.8373333957254,166.22530658180315,4.0423745398778586,-103.22546753542133,-130.28950610201932,-1.0691259106725222e-09
669.3373333957254,166.72487090195912,4.04250092418015,-103.51917876946962,-130.69415520278451,-1.0691259246267095e-09
669.8373333957254,167.2244378144557,4.042626553143177,-103.81288999822151,-131.09880423778824,-1.0691258778146404e-09
670.3373333957254,167.72400729625417,4.042751433514738,-104.10660122176814,-131.50345320776054,-1.0691258397669626e-09
670.8373333957254,168.2235793245879,4.042875571962539,-104.40031244019855,-131.9081021134215,-1.0691259161855784e-09
671.3373333957254,168.72315387695826,4.042998975075381,-104.69402365359937,-132.31275095548165,-1.0691260672674592e-09
671.8373333957254,169.22273093113085,4.043121649364321,-104.98773486205525,-132.71739973464182,-1.0691261226367156e-09
672.3373333957254,169.7223104651315,4.043243601263812,-105.28144606564881,-133.12204845159334,-1.069125962581402e-09
672.8373333957254,170.2218924572425,4.043364837132833,-105.57515726446061,-133.52669710701838,-1.0691258384010577e-09
673.3373333957254,170.72147688599887,4.043485363255982,-105.86886845856934,-133.93134570158992,-1.0691259291834866e-09
673.8373333957254,171.2210637301848,4.04360518584457,-106.16257964805152,-134.3359942359721,-1.069125801492152e-09
674.3373333957254,171.72065296882985,4.0437243110376775,-106.45629083298206,-134.7406427108199,-1.0691260017322812e-09
674.8373333957254,172.2202445812056,4.043842744903205,-106.7500020134339,-135.14529112678005,-1.0691260083334571e-09
675.3373333957254,172.71983854682207,4.043960493438898,-107.04371318947831,-135.54993948449035,-1.069126241561861e-09
675.8373333957254,173.21943484542433,4.044077562573364,-107.33742436118449,-135.9545877845805,-1.0691261798307292e-09
676.3373333957254,173.71903345698914,4.044193958167056,-107.63113552862028,-136.35923602767173,-1.0691260613110577e-09
676.8373333957254,174.21863436172163,4.044309686013256,-107.92484669185163,-136.7638842143772,-1.0691262555052992e-09
677.3373333957254,174.7182375400521,4.044424751839031,-108.21855785094293,-137.16853234530208,-1.0691259191807438e-09
677.8373333957254,175.21784297263272,4.044539161306176,-108.51226900595701,-137.57318042104356,-1.0691261130663445e-09
678.3373333957254,175.71745064033462,4.044652920012141,-108.80598015695487,-137.97782844219128,-1.0691259771580555e-09
678.8373333957254,176.21706052424454,4.044766033490943,-109.09969130399627,-138.38247640932718,-1.0691259143700123e-09
679.3373333957254,176.71667260566198,4.04487850721406,-109.39340244713934,-138.78712432302547,-1.0691258768006751e-09
679.8373333957254,177.2162868660961,4.0449903465913115,-109.68711358644067,-139.19177218385335,-1.0691257683792953e-09
680.3373333957254,177.7159032872629,4.0451015569717255,-109.9808247219556,-139.59641999237036,-1.0691257965286664e-09
680.8373333957254,178.2155218510823,4.045212143644389,-110.2745358537379,-140.0010677491292,-1.0691258716009998e-09
681.3373333957254,178.71514253967518,4.045322111839285,-110.56824698183996,-140.40571545467532,-1.069125969793112e-09
681.8373333957254,179.21476533536088,4.045431466728115,-110.86195810631295,-140.81036310954738,-1.0691261250505482e-09
682.3373333957254,179.71439022065414,4.045540213425107,-111.1556692272066,-141.21501071427704,-1.0691260511193265e-09
682.8373333957254,180.21401717826262,4.045648356987814,-111.44938034456948,-141.6196582693894,-1.0691260036928661e-09
683.3373333957254,180.7136461910842,4.045755902417896,-111.74309145844879,-142.0243057754028,-1.0691260122275856e-09
683.8373333957254,181.2132772422043,4.045862854661886,-112.03680256889056,-142.42895323282914,-1.0691260015429497e-09
684.3373333957254,181.71291031489338,4.045969218611952,-112.33051367593956,-142.83360064217396,-1.0691258988813244e-09
684.8373333957254,182.21254539260445,4.046074999106639,-112.62422477963942,-143.2382480039364,-1.0691258224126836e-09
685.3373333957254,182.71218245897052,4.046180200931602,-112.91793588003253,-143.64289531860948,-1.0691258743020708e-09
685.8373333957254,183.21182149780216,4.0462848288203235,-113.21164697716034,-144.04754258667987,-1.0691257780289293e-09
686.3373333957254,183.71146249308518,4.046388887454827,-113.50535807106307,-144.45218980862836,-1.0691259828768596e-09
686.8373333957254,184.21110542897816,4.046492381466372,-113.79906916177987,-144.85683698492986,-1.0691259357859883e-09
687.3373333957254,184.71075028981022,4.046595315436138,-114.09278024934889,-145.2614841160533,-1.0691256308270305e-09
687.8373333957254,185.2103970600787,4.046697693895902,-114.38649133380702,-145.66613120246208,-1.0691257181790983e-09
688.3373333957254,185.71004572444681,4.046799521328699,-114.68020241519054,-146.0707782446135,-1.0691256425337692e-09
688.8373333957254,186.20969626774163,4.046900802169482,-114.97391349353437,-146.4754252429597,-1.069125600010836e-09
689.3373333957254,186.70934867495174,4.047001540805756,-115.26762456887258,-146.88007219794707,-1.0691256799121425e-09
689.8373333957254,187.20900293122517,4.0471017415782145,-115.56133564123847,-147.28471911001665,-1.0691256453617308e-09
690.3373333957254,187.70865902186725,4.047201408781365,-115.85504671066418,-147.6893659796041,-1.0691254893868395e-09
690.8373333957254,188.20831693233853,4.047300546664135,-116.14875777718102,-148.0940128071399,-1.069125556948727e-09
691.3373333957254,188.7079766482528,4.047399159430481,-116.44246884081952,-148.4986595930492,-1.0691257195435669e-09
691.8373333957254,189.207638155375,4.047497251239976,-116.73617990160916,-148.90330633775218,-1.0691257029556026e-09
692.3373333957254,189.7073014396193,4.0475948262084,-117.02989095957865,-149.3079530416639,-1.0691257883637926e-09
692.8373333957254,190.20696648704708,4.0476918884083055,-117.323602014756,-149.71259970519446,-1.0691257466226322e-09
693.3373333957254,190.70663328386507,4.047788441869594,-117.61731306716813,-150.11724632874916,-1.0691258106125119e-09
693.8373333957254,191.2063018164235,4.0478844905800635,-117.91102411684145,-150.5218929127284,-1.0691259829553599e-09
694.3373333957254,191.7059720712141,4.047980038485962,-118.20473516380142,-150.92653945752778,-1.0691258687945059e-09
694.8373333957254,192.20564403486844,4.048075089492525,-118.49844620807275,-151.33118596353842,-1.0691258283930067e-09
695.3373333957254,192.705317694156,4.0481696474645075,-118.79215724967953,-151.73583243114663,-1.0691256894486445e-09
695.8373333957254,193.20499303598245,4.048263716226706,-119.08586828864495,-152.1404788607343,-1.0691257482361717e-09
696.3373333957254,193.70467004738788,4.048357299564474,-119.37957932499158,-152.54512525267876,-1.0691255599606379e-09
696.8373333957254,194.20434871554508,4.048450401224229,-119.6732903587413,-152.94977160735297,-1.0691257192249774e-09
697.3373333957254,194.7040290277579,4.048543024913951,-119.96700138991524,-153.35441792512555,-1.0691255815020394e-09
697.8373333957254,195.20371097145957,4.0486351743036755,-120.26071241853404,-153.7590642063608,-1.069125897619917e-09
698.3373333957254,195.70339453421093,4.048726853025975,-120.55442344461753,-154.16371045141872,-1.0691255713723567e-09
698.8373333957254,196.203079703699,4.048818064676437,-120.84813446818481,-154.5683566606554,-1.069125721166198e-09
699.3373333957254,196.70276646773522,4.048908812814136,-121.14184548925452,-154.9730028344226,-1.0691258651052882e-09
699.8373333957254,197.20245481425403,4.048999100962089,-121.43555650784471,-155.37764897306806,-1.0691258888106802e-09
700.3373333957254,197.70214473131122,4.049088932607717,-121.72926752397268,-155.78229507693558,-1.069125713631561e-09
700.8373333957254,198.20183620708247,4.049178311203289,-122.02297853765532,-156.1869411463649,-1.069125679353687e-09
701.3373333957254,198.70152922986176,4.049267240166369,-122.31668954890884,-156.59158718169203,-1.0691259336802573e-09
701.8373333957254,199.20122378806002,4.049355722880244,-122.61040055774886,-156.99623318324916,-1.0691258924695114e-09
702.3373333957254,199.70091987020356,4.049443762694358,-122.9041115641905,-157.4008791513646,-1.0691258580535342e-09
702.8373333957254,200.20061746493275,4.049531362924729,-123.19782256824838,-157.80552508636296,-1.0691255949045342e-09
703.3373333957254,200.70031656100048,4.049618526854372,-123.4915335699365,-158.21017098856524,-1.0691256924757063e-09
703.8373333957254,201.20001714727087,4.0497052577337005,-123.78524456926843,-158.61481685828878,-1.0691255128603e-09
704.3373333957254,201.69971921271787,4.049791558780934,-124.0789555662572,-159.01946269584738,-1.069125577286961e-09
704.8373333957254,202.1994227464239,4.0498774331824965,-124.37266656091535,-159.42410850155133,-1.0691256417933526e-09
705.3373333957254,202.69912773757846,4.0499628840934045,-124.66637755325492,-159.82875427570738,-1.0691256580422623e-09
705.8373333957254,203.198834175477,4.0500479146376565,-124.9600885432875,-160.23340001861894,-1.0691253584931789e-09
706.3373333957254,203.69854204951943,4.05013252790861,-125.2537995310243,-160.63804573058593,-1.0691255971261591e-09
706.8373333957254,204.19825134920896,4.050216726969358,-125.54751051647594,-161.04269141190508,-1.0691253478370494e-09
707.3373333957254,204.6979620641508,4.0503005148531,-125.84122149965259,-161.4473370628698,-1.0691256905799171e-09
707.8373333957254,205.19767418405092,4.050383894563499,-126.13493248056415,-161.8519826837702,-1.0691253642753101e-09
708.3373333957254,205.69738769871492,4.050466869075048,-126.42864345921994,-162.25662827489322,-1.0691257271982435e-09
708.8373333957254,206.19710259804668,4.050549441333417,-126.72235443562889,-162.66127383652272,-1.0691256496583532e-09
709.3373333957254,206.69681887204732,4.050631614255805,-127.01606540979968,-163.06591936893935,-1.0691258917835643e-09
709.8373333957254,207.1965365108139,4.050713390731282,-127.30977638174036,-163.4705648724207,-1.069125741671814e-09
710.3373333957254,207.69625550453844,4.050794773621124,-127.60348735145884,-163.87521034724136,-1.0691255451795566e-09
710.8373333957254,208.1959758435066,4.050875765759152,-127.89719831896254,-164.27985579367285,-1.0691256942606634e-09
711.3373333957254,208.69569751809672,4.050956369952055,-128.19090928425842,-164.68450121198396,-1.0691254060205844e-09
711.8373333957254,209.1954205187786,4.051036588979719,-128.4846202473531,-165.08914660244048,-1.0691255925022857e-09
712.3373333957254,209.6951448361125,4.051116425595541,-128.77833120825284,-165.49379196530523,-1.0691256865816075e-09
712.8373333957254,210.19487046074798,4.051195882526747,-129.07204216696388,-165.89843730083814,-1.0691256500549317e-09
713.3373333957254,210.694597383423,4.051274962474699,-129.36575312349166,-166.3030826092966,-1.0691256288215228e-09
713.8373333957254,211.19432559496272,4.051353668115207,-129.6594640778414,-166.70772789093516,-1.069125644527442e-09
714.3373333957254,211.69405508627855,4.051432002098823,-129.9531750300182,-167.11237314600552,-1.0691258334164526e-09
714.8373333957254,212.19378584836713,4.05150996705114,-130.24688598002675,-167.5170183747568,-1.06912559540652e-09
715.3373333957254,212.6935178723093,4.051587565573089,-130.54059692787135,-167.92166357743534,-1.069125639367102e-09
715.8373333957254,213.19325114926917,4.051664800241226,-130.83430787355593,-168.32630875428515,-1.0691255445495161e-09
716.3373333957254,213.6929856704932,4.051741673608012,-131.12801881708444,-168.73095390554738,-1.0691257675174856e-09
716.8373333957254,214.19272142730904,4.051818188202101,-131.42172975846015,-169.1355990314608,-1.0691258480481041e-09
717.3373333957254,214.69245841112485,4.051894346528612,-131.71544069768635,-169.54024413226156,-1.0691260210344235e-09
717.8373333957254,215.19219661342817,4.051970151069405,-132.00915163476577,-169.94488920818344,-1.0691258525623139e-09
718.3373333957254,215.69193602578508,4.052045604283347,-132.30286256970123,-170.34953425945758,-1.0691259699044098e-09
718.8373333957254,216.19167663983933,4.05212070860658,-132.5965735024951,-170.75417928631285,-1.0691258438976753e-09
719.3373333957254,216.69141844731138,4.052195466452784,-132.89028443314928,-171.15882428897575,-1.0691256908023222e-09
719.8373333957254,217.19116143999756,4.052269880213433,-133.18399536166564,-171.56346926767048,-1.0691257548694866e-09
720.3373333957254,217.69090560976923,4.052343952258047,-133.47770628804594,-171.96811422261862,-1.0691258486125664e-09
720.8373333957254,218.19065094857186,4.052417684934451,-133.77141721229137,-172.37275915403973,-1.069125928291767e-09
721.3373333957254,218.69039744842422,4.052491080569014,-134.06512813440315,-172.77740406215108,-1.0691258171531977e-09
721.8373333957254,219.19014510141756,4.0525641414669025,-134.358839054382,-173.18204894716763,-1.0691258215676191e-09
722.3373333957254,219.68989389971478,4.052636869912311,-134.65254997222874,-173.586693809302,-1.0691260091916264e-09
722.8373333957254,220.18964383554962,4.052709268168709,-134.9462608879437,-173.99133864876504,-1.0691258961703981e-09
723.3373333957254,220.68939490122582,4.052781338479069,-135.23997180152722,-174.39598346576483,-1.0691258042456217e-09
723.8373333957254,221.18914708911643,4.052853083066105,-135.53368271297913,-174.80062826050792,-1.06912566534244e-09
724.3373333957254,221.68890039166297,4.052924504132492,-135.82739362229933,-175.2052730331985,-1.0691256859888116e-09
724.8373333957254,222.1886548013746,4.052995603861097,-136.1211045294875,-175.60991778403846,-1.069125470680559e-09
725.3373333957254,222.68841031082755,4.053066384415201,-136.4148154345429,-176.0145625132281,-1.069125747967893e-09
725.8373333957254,223.18816691266414,4.053136847938716,-136.70852633746475,-176.41920722096543,-1.0691255815912829e-09
726.3373333957254,223.6879245995922,4.053206996556401,-137.00223723825198,-176.82385190744648,-1.0691257447520156e-09
726.8373333957254,224.18768336438436,4.0532768323740775,-137.29594813690366,-177.22849657286528,-1.0691257595895411e-09
727.3373333957254,224.68744319987718,4.053346357478838,-137.58965903341826,-177.63314121741396,-1.0691256338922146e-09
727.8373333957254,225.18720409897062,4.0534155739392554,-137.88336992779426,-178.03778584128284,-1.069125680071308e-09
728.3373333957254,225.68696605462725,4.053484483805587,-138.17708082002991,-178.4424304446602,-1.0691255995568161e-09
728.8373333957254,226.1867290598715,4.053553089109975,-138.4707917101234,-178.8470750277324,-1.0691255423123484e-09
729.3373333957254,226.68649310778918,4.05362139186665,-138.7645025980728,-179.251719590684,-1.0691255402700379e-09
729.8373333957254,227.18625819152655,4.053689394072124,-139.05821348387576,-179.65636413369774,-1.0691256465058878e-09
730.3373333957254,227.68602430428987,4.053757097705386,-139.3519243675301,-180.06100865695453,-1.0691257419049482e-09
730.8373333957254,228.18579143934468,4.053824504728096,-139.6456352490332,-180.46565316063356,-1.0691257373630657e-09
731.3373333957254,228.6855595900151,4.053891617084772,-139.93934612838237,-180.8702976449122,-1.0691256326275603e-09
731.8373333957254,229.1853287496832,4.053958436702976,-140.23305700557478,-181.27494210996616,-1.0691259918639652e-09
732.3373333957254,229.68509891178854,4.0540249654934986,-140.52676788060762,-181.67958655596922,-1.0691258756918943e-09
732.8373333957254,230.1848700698273,4.054091205350544,-140.82047875347774,-182.08423098309362,-1.0691258867204875e-09
733.3373333957254,230.6846422173518,4.054157158151908,-141.11418962418182,-182.48887539151002,-1.069125802319338e-09
733.8373333957254,231.18441534796995,4.05422282575915,-141.40790049271664,-182.89351978138708,-1.0691258272547582e-09
734.3373333957254,231.68418945534452,4.054288210017777,-141.70161135907884,-183.29816415289204,-1.0691257263331857e-09
734.8373333957254,232.18396453319264,4.054353312757411,-141.99532222326454,-183.70280850619062,-1.069125677932881e-09
735.3373333957254,232.6837405752852,4.054418135791959,-142.2890330852701,-184.10745284144676,-1.0691257037745454e-09
735.8373333957254,233.1835175754463,4.054482680919784,-142.58274394509172,-184.51209715882288,-1.0691257867106103e-09
736.3373333957254,233.6832955275526,4.054546949923868,-142.87645480272548,-184.9167414584797,-1.0691257702222572e-09
736.8373333957254,234.18307442553282,4.054610944571979,-143.17016565816726,-185.3213857405766,-1.0691258783552736e-09
737.3373333957254,234.68285426336726,4.054674666616833,-143.46387651141274,-185.72603000527147,-1.0691258839411722e-09
737.8373333957254,235.18263503508712,4.05473811779625,-143.75758736245785,-186.13067425272033,-1.0691260302584798e-09
738.3373333957254,235.68241673477402,4.054801299833315,-144.05129821129793,-186.53531848307819,-1.0691260255140402e-09
738.8373333957254,236.18219935655952,4.054864214436534,-144.3450090579287,-186.9399626964981,-1.0691259418352447e-09
739.3373333957254,236.6819828946245,4.054926863299986,-144.63871990234534,-187.34460689313212,-1.0691261851585979e-09
739.8373333957254,237.18176734319871,4.054989248103477,-144.93243074454324,-187.74925107313058,-1.0691262729976622e-09
740.3373333957254,237.68155269656023,4.055051370512688,-145.22614158451765,-188.1538952366423,-1.0691260812552763e-09
740.8373333957254,238.181338949035,4.055113232179323,-145.5198524222636,-188.558539383815,-1.0691260816007005e-09
741.3373333957254,238.68112609499624,4.055174834741259,-145.813563257776,-188.9631835147949,-1.0691259822023536e-09
741.8373333957254,239.18091412886406,4.055236179822685,-146.10727409105002,-189.36782762972658,-1.069125991813344e-09
742.3373333957254,239.6807030451049,4.055297269034247,-146.4009849220803,-189.77247172875357,-1.0691259342927376e-09
742.8373333957254,240.18049283823112,4.055358103973191,-146.69469575086168,-190.177115812018,-1.0691257779308077e-09
743.3373333957254,240.6802835028004,4.0554186862235,-146.98840657738864,-190.58175987966072,-1.069126113730383e-09
743.8373333957254,241.18007503341542,4.055479017356029,-147.282117401656,-190.98640393182103,-1.0691257743527935e-09
744.3373333957254,241.6798674247233,4.055539098928645,-147.57582822365808,-191.39104796863722,-1.069125848449107e-09
744.8373333957254,242.1796606714152,4.055598932486359,-147.86953904338952,-191.795691990246,-1.0691260009796432e-09
745.3373333957254,242.67945476822584,4.055658519561458,-148.1632498608444,-192.20033599678322,-1.0691259628893696e-09
745.8373333957254,243.179249709933,4.055717861673635,-148.45696067601727,-192.604979988383,-1.069125827008806e-09
746.3373333957254,243.6790454913572,4.05577696033012,-148.75067148890227,-193.0096239651785,-1.069125723054162e-09
746.8373333957254,244.17884210736116,4.055835817025807,-149.04438229949355,-193.41426792730164,-1.0691257413979378e-09
747.3373333957254,244.67863955284943,4.055894433243379,-149.33809310778506,-193.81891187488318,-1.0691255777931437e-09
747.8373333957254,245.17843782276796,4.055952810453433,-149.63180391377094,-194.22355580805254,-1.069125691672427e-09
748.3373333957254,245.67823691210364,4.056010950114601,-149.92551471744525,-194.6281997269379,-1.0691257898573439e-09
748.8373333957254,246.17803681588393,4.0560688536736755,-150.21922551880175,-195.0328436316665,-1.069125772171485e-09
749.3373333957254,246.67783752917643,4.056126522565727,-150.51293631783426,-195.43748752236436,-1.069125649248385e-09
749.8373333957254,247.17763904708846,4.05618395821422,-150.8066471145366,-195.84213139915624,-1.0691259955626289e-09
750.3373333957254,247.67744136476674,4.056241162031134,-151.10035790890257,-196.2467752621658,-1.0691258260702327e-09
750.8373333957254,248.17724447739684,4.056298135417079,-151.39406870092566,-196.65141911151574,-1.0691258503332e-09
751.3373333957254,248.677048380203,4.056354879761406,-151.68777949059967,-197.05606294732732,-1.069125698422413e-09
751.8373333957254,249.1768530684475,4.056411396442322,-151.98149027791797,-197.46070676972116,-1.0691257375741717e-09
752.3373333957254,249.67665853743057,4.056467686827004,-152.2752010628743,-197.8653505788164,-1.069126100826999e-09
752.8373333957254,250.1764647824897,4.056523752271703,-152.56891184546203,-198.2699943747312,-1.0691258656975762e-09
753.3373333957254,250.6762717989995,4.05657959412186,-152.86262262567456,-198.67463815758288,-1.0691257320133913e-09
753.8373333957254,251.17607958237127,4.056635213712209,-153.15633340350533,-199.07928192748744,-1.0691259221168042e-09
754.3373333957254,251.6758881280526,4.056690612366882,-153.45004417894776,-199.48392568455992,-1.0691257027201579e-09
754.8373333957254,252.17569743152703,4.05674579139952,-153.74375495199502,-199.8885694289145,-1.0691260456960796e-09
755.3373333957254,252.67550748831368,4.0568007521133715,-154.03746572264038,-200.29321316066418,-1.0691258430746077e-09
755.8373333957254,253.17531829396697,4.056855495801395,-154.3311764908771,-200.69785687992092,-1.0691258263454936e-09
756.3373333957254,253.6751298440762,4.056910023746364,-154.6248872566984,-201.10250058679586,-1.0691261726717341e-09
756.8373333957254,254.17494213426522,4.056964337220965,-154.9185980200973,-201.50714428139906,-1.069126071442072e-09
757.3373333957254,254.67475516019212,4.057018437487894,-155.2123087810669,-201.91178796383966,-1.069126086765874e-09
757.8373333957254,255.1745689175489,4.057072325799959,-155.5060195396004,-202.3164316342257,-1.0691260061052091e-09
758.3373333957254,255.67438340206107,4.057126003400174,-155.7997302956908,-202.72107529266447,-1.0691260069698989e-09
758.8373333957254,256.17419860948746,4.057179471521853,-156.09344104933103,-203.1257189392622,-1.0691260320671075e-09
759.3373333957254,256.6740145356197,4.057232731388709,-156.3871518005141,-203.5303625741242,-1.0691260997264406e-09
759.8373333957254,257.1738311762821,4.057285784214941,-156.68086254923298,-203.93500619735494,-1.0691262979803364e-09
760.3373333957254,257.6736485273312,4.057338631205333,-156.97457329548064,-204.33964980905782,-1.06912630587129e-09
760.8373333957254,258.17346658465556,4.057391273555339,-157.26828403924995,-204.74429340933548,-1.069126262996685e-09
761.3373333957254,258.6732853441754,4.057443712451178,-157.56199478053378,-205.14893699828968,-1.0691263676877768e-09
761.8373333957254,259.17310480184216,4.05749594906992,-157.85570551932483,-205.55358057602126,-1.0691258784737129e-09
762.3373333957254,259.6729249536385,4.057547984579574,-158.149416255616,-205.9582241426302,-1.0691260315264298e-09
762.8373333957254,260.17274579557784,4.057599820139176,-158.4431269894002,-206.36286769821544,-1.0691261248867728e-09
763.3373333957254,260.67256732370396,4.057651456898876,-158.73683772067014,-206.7675112428754,-1.0691263371923762e-09
763.8373333957254,261.1723895340908,4.057702896000021,-159.03054844941857,-207.1721547767074,-1.0691260481303944e-09
764.3373333957254,261.6722124228424,4.05775413857524,-159.32425917563808,-207.57679829980822,-1.069126157013558e-09
764.8373333957254,262.1720359860921,4.057805185748527,-159.61796989932157,-207.98144181227337,-1.0691262501918205e-09
765.3373333957254,262.6718602200028,4.057856038635323,-159.91168062046157,-208.386085314198,-1.0691264021761983e-09
765.8373333957254,263.17168512076637,4.057906698342595,-160.20539133905092,-208.790728805676,-1.0691265001679893e-09
766.3373333957254,263.6715106846034,4.057957165968923,-160.49910205508223,-209.19537228680088,-1.0691265726651534e-09
766.8373333957254,264.17133690776296,4.058007442604571,-160.79281276854812,-209.60001575766503,-1.06912646880869e-09
767.3373333957254,264.6711637865225,4.05805752933157,-161.08652347944113,-210.00465921836042,-1.069126558821979e-09
767.8373333957254,265.1709913171874,4.058107427223797,-161.3802341877539,-210.40930266897797,-1.0691264165038911e-09
768.3373333957254,265.67081949609053,4.058157137347046,-161.67394489347922,-210.81394610960766,-1.0691262855435883e-09
768.8373333957254,266.17064831959254,4.05820666075911,-161.96765559660955,-211.2185895403392,-1.0691263003751924e-09
769.3373333957254,266.670477784081,4.058255998509852,-162.26136629713747,-211.62323296126118,-1.0691263499001726e-09
769.8373333957254,267.17030788597054,4.058305151641281,-162.55507699505543,-212.0278763724617,-1.0691263786183708e-09
770.3373333957254,267.67013862170245,4.058354121187624,-162.84878769035615,-212.4325197740278,-1.0691262430080955e-09
770.8373333957254,268.1699699877445,4.058402908175401,-163.142498383032,-212.8371631660462,-1.069126199160848e-09
771.3373333957254,268.66980198059053,4.058451513623492,-163.43620907307573,-213.2418065486025,-1.0691261961330188e-09
771.8373333957254,269.1696345967605,4.058499938543214,-163.72991976047956,-213.64644992178194,-1.0691260314124271e-09
772.3373333957254,269.66946783279997,4.0585481839383855,-164.0236304452363,-214.0510932856688,-1.0691263480985081e-09
772.8373333957254,270.16930168528,4.058596250805398,-164.3173411273384,-214.4557366403467,-1.0691262411789113e-09
773.3373333957254,270.6691361507969,4.058644140133287,-164.6110518067783,-214.86037998589867,-1.069126050262258e-09
773.8373333957254,271.1689712259719,4.058691852903796,-164.90476248354844,-215.26502332240707,-1.0691261379913439e-09
774.3373333957254,271.66880690745114,4.058739390091445,-165.19847315764136,-215.6696666499534,-1.0691260200739355e-09
774.8373333957254,272.1686431919053,4.058786752663595,-165.4921838290497,-216.07430996861862,-1.0691262580942097e-09
775.3373333957254,272.66848007602925,4.058833941580519,-165.7858944977658,-216.478953278483,-1.0691261577517395e-09
775.8373333957254,273.1683175565421,4.058880957795462,-166.07960516378213,-216.88359657962621,-1.06912617152673e-09
776.3373333957254,273.6681556301868,4.058927802254705,-166.37331582709112,-217.28823987212726,-1.0691262388381109e-09
776.8373333957254,274.16799429373,4.058974475897631,-166.6670264876855,-217.6928831560644,-1.0691259374349583e-09
777.3373333957254,274.66783354396176,4.059020979656786,-166.96073714555746,-218.0975264315154,-1.06912621212413e-09
777.8373333957254,275.16767337769545,4.059067314457943,-167.2544478006996,-218.5021696985573,-1.0691263681387607e-09
778.3373333957254,275.66751379176736,4.05911348122016,-167.54815845310452,-218.90681295726645,-1.069126337431202e-09
778.8373333957254,276.1673547830367,4.059159480855844,-167.84186910276435,-219.31145620771886,-1.0691260913520397e-09
779.3373333957254,276.6671963483853,4.05920531427081,-168.13557974967196,-219.7160994499895,-1.069126119786372e-09
779.8373333957254,277.1670384847173,4.059250982364339,-168.4292903938196,-220.1207426841531,-1.0691264437645046e-09
780.3373333957254,277.6668811889592,4.05929648602924,-168.7230010351997,-220.5253859102838,-1.0691263358334872e-09
780.8373333957254,278.16672445805943,4.059341826151904,-169.01671167380476,-220.93002912845483,-1.0691261170803867e-09
781.3373333957254,278.6665682889883,4.059387003612366,-169.31042230962734,-221.33467233873915,-1.069126274642218e-09
781.8373333957254,279.16641267873763,4.0594320192843565,-169.60413294265982,-221.73931554120892,-1.0691262531604936e-09
782.3373333957254,279.6662576243208,4.059476874035363,-169.89784357289486,-222.14395873593574,-1.0691261981725897e-09
782.8373333957254,280.16610312277237,4.059521568726685,-170.19155420032473,-222.54860192299085,-1.0691265198018353e-09
783.3373333957254,280.66594917114793,4.0595661042134825,-170.48526482494216,-222.95324510244458,-1.0691264413365992e-09
783.8373333957254,281.165795766524,4.0596104813448415,-170.77897544673945,-223.3578882743671,-1.0691265298460324e-09
784.3373333957254,281.66564290599774,4.059654700963819,-171.07268606570912,-223.76253143882775,-1.0691263751774907e-09
784.8373333957254,282.1654905866869,4.059698763907499,-171.3663966818437,-224.16717459589546,-1.0691263047091891e-09
785.3373333957254,282.66533880572933,4.059742671007047,-171.6601072951358,-224.5718177456384,-1.0691263397185034e-09
785.8373333957254,283.16518756028324,4.059786423087761,-171.95381790557775,-224.97646088812448,-1.0691263940811514e-09
786.3373333957254,283.6650368475267,4.059830020969122,-172.24752851316225,-225.38110402342087,-1.0691264570415846e-09
786.8373333957254,284.1648866646577,4.059873465464848,-172.5412391178817,-225.7857471515944,-1.0691263285439311e-09
787.3373333957254,284.6647370088936,4.05991675738294,-172.83494971972874,-226.1903902727112,-1.0691262292200452e-09
787.8373333957254,285.16458787747143,4.059959897525737,-173.1286603186958,-226.59503338683697,-1.0691262668197465e-09
788.3373333957254,285.66443926764737,4.060002886689964,-173.42237091477563,-226.99967649403683,-1.0691261948522243e-09
788.8373333957254,286.1642911766968,4.060045725666779,-173.7160815079606,-227.40431959437555,-1.069126090948258e-09
789.3373333957254,286.6641436019139,4.060088415241823,-174.00979209824337,-227.8089626879172,-1.0691262540628213e-09
789.8373333957254,287.16399654061183,4.060130956195268,-174.30350268561648,-228.21360577472547,-1.0691260758155143e-09
790.3373333957254,287.6638499901222,4.0601733493018655,-174.5972132700726,-228.6182488548635,-1.0691262195979496e-09
790.8373333957254,288.16370394779506,4.060215595330992,-174.89092385160413,-229.0228919283941,-1.069126213949683e-09
791.3373333957254,288.6635584109989,4.060257695046696,-175.18463443020366,-229.42753499537946,-1.0691263597775361e-09
791.8373333957254,289.16341337712026,4.060299649207742,-175.47834500586404,-229.83217805588123,-1.0691262488768433e-09
792.3373333957254,289.6632688435636,4.060341458567661,-175.77205557857778,-230.23682110996057,-1.069126295610784e-09
792.8373333957254,290.1631248077514,4.060383123874792,-176.0657661483374,-230.64146415767848,-1.0691260714992935e-09
793.3373333957254,290.66298126712354,4.060424645872326,-176.35947671513563,-231.04610719909513,-1.069125949685572e-09
793.8373333957254,291.16283821913765,4.060466025298351,-176.65318727896513,-231.45075023427034,-1.069125983121149e-09
794.3373333957254,291.66269566126863,4.060507262885898,-176.9468978398186,-231.8553932632636,-1.0691261363060717e-09
794.8373333957254,292.1625535910086,4.060548359362982,-177.24060839768867,-232.26003628613367,-1.0691262911158131e-09
795.3373333957254,292.6624120058668,4.060589315452644,-177.53431895256816,-232.6646793029392,-1.0691262523655122e-09
795.8373333957254,293.16227090336946,4.060630131872996,-177.8280295044495,-233.06932231373827,-1.0691262922095965e-09
796.3373333957254,293.66213028105943,4.06067080933726,-178.1217400533256,-233.47396531858845,-1.0691260551406622e-09
796.8373333957254,294.16199013649634,4.060711348553813,-178.4154505991892,-233.87860831754676,-1.0691263048293293e-09
797.3373333957254,294.6618504672563,4.060751750226224,-178.709161142033,-234.28325131067004,-1.0691263908495201e-09
797.8373333957254,295.16171127093173,4.060792015053299,-179.0028716818496,-234.68789429801475,-1.0691261295437848e-09
798.3373333957254,295.6615725451314,4.060832143729118,-179.29658221863187,-235.0925372796367,-1.0691264661357916e-09
798.8373333957254,296.16143428748,4.060872136943075,-179.5902927523725,-235.49718025559133,-1.0691261070191656e-09
799.3373333957254,296.66129649561833,4.060911995379921,-179.88400328306435,-235.90182322593367,-1.0691261418811044e-09
799.8373333957254,297.161159167203,4.060951719719796,-180.17771381070037,-236.3064661907183,-1.0691263188546137e-09
800.3373333957254,297.66102229990616,4.060991310638277,-180.4714243352731,-236.7111091499996,-1.0691262061308349e-09
800.8373333957254,298.1608858914158,4.061030768806409,-180.7651348567756,-237.11575210383134,-1.0691264403138272e-09
801.3373333957254,298.660749939435,4.061070094890746,-181.0588453752006,-237.52039505226688,-1.0691262747376817e-09
801.8373333957254,299.1606144416824,4.061109289553387,-181.3525558905409,-237.92503799535936,-1.0691261917248432e-09
802.3373333957254,299.66047939589174,4.061148353452014,-181.6462664027895,-238.3296809331613,-1.069126182319805e-09
802.8373333957254,300.16034479981175,4.061187287239929,-181.93997691193925,-238.73432386572506,-1.0691262243648184e-09
803.3373333957254,300.66021065120617,4.061226091566092,-182.23368741798282,-239.13896679310255,-1.0691262282381454e-09
803.8373333957254,301.1600769478535,4.061264767075152,-182.5273979209133,-239.5436097153452,-1.06912614991271e-09
804.3373333957254,301.6599436875469,4.061303314407487,-182.82110842072373,-239.94825263250397,-1.0691260952278358e-09
804.8373333957254,302.1598108680941,4.06134173419924,-183.11481891740684,-240.35289554462977,-1.069126151281633e-09
805.3373333957254,302.6596784873173,4.061380027082349,-183.40852941095562,-240.75753845177292,-1.0691261785607592e-09
805.8373333957254,303.159546543053,4.0614181936845855,-183.70223990136327,-241.16218135398327,-1.069125825583772e-09
806.3373333957254,303.6594150331519,4.06145623462959,-183.99595038862262,-241.56682425131046,-1.0691257634066908e-09
806.8373333957254,304.15928395547877,4.0614941505369035,-184.28966087272656,-241.97146714380398,-1.0691257120243082e-09
807.3373333957254,304.65915330791233,4.061531942022,-184.58337135366813,-242.37611003151252,-1.0691258883205544e-09
807.8373333957254,305.15902308834524,4.061569609696323,-184.87708183144045,-242.78075291448474,-1.0691256051308843e-09
808.3373333957254,305.6588932946838,4.061607154167316,-185.17079230603656,-243.18539579276873,-1.0691257422953264e-09
808.8373333957254,306.1587639248481,4.061644576038455,-185.4645027774495,-243.5900386664124,-1.0691256929942164e-09
809.3373333957254,306.65863497677145,4.061681875909285,-185.75821324567235,-243.99468153546314,-1.069125715185944e-09
809.8373333957254,307.15850644840094,4.061719054375445,-186.05192371069833,-244.39932439996812,-1.069125577228718e-09
810.3373333957254,307.6583783376967,4.061756112028706,-186.3456341725203,-244.8039672599743,-1.069125596677415e-09
810.8373333957254,308.1582506426322,4.061793049457,-186.63934463113154,-245.20861011552805,-1.0691257009168363e-09
811.3373333957254,308.6581233611939,4.061829867244449,-186.93305508652523,-245.61325296667542,-1.069125719519075e-09
811.8373333957254,309.15799649138125,4.0618665659714,-187.22676553869448,-246.01789581346236,-1.069125390559117e-09
812.3373333957254,309.65787003120664,4.061903146214451,-187.52047598763235,-246.42253865593435,-1.0691255843039905e-09
812.8373333957254,310.15774397869524,4.061939608546486,-187.8141864333322,-246.82718149413648,-1.0691255692861979e-09
813.3373333957254,310.6576183318848,4.061975953536699,-188.10789687578736,-247.23182432811348,-1.0691255715552817e-09
813.8373333957254,311.15749308882573,4.06201218175063,-188.4016073149908,-247.63646715791,-1.0691254592962338e-09
814.3373333957254,311.6573682475809,4.062048293750189,-188.69531775093589,-248.0411099835702,-1.069125756582225e-09
814.8373333957254,312.1572438062255,4.06208429009369,-188.98902818361586,-248.44575280513803,-1.0691256443347422e-09
815.3373333957254,312.657119762847,4.062120171335874,-189.28273861302395,-248.85039562265698,-1.0691254605253708e-09
815.8373333957254,313.1569961155451,4.062155938027941,-189.5764490391535,-249.25503843617037,-1.0691255943220954e-09
816.3373333957254,313.65687286243156,4.06219159071758,-189.87015946199787,-249.65968124572106,-1.0691255404257656e-09
816.8373333957254,314.1567500016301,4.062227129948993,-190.1638698815502,-250.06432405135195,-1.0691256599781828e-09
817.3373333957254,314.6566275312763,4.062262556262923,-190.457580297804,-250.46896685310514,-1.0691254430762042e-09
817.8373333957254,315.15650544951757,4.062297870196686,-190.75129071075247,-250.8736096510229,-1.069125527484131e-09
818.3373333957254,315.656383754513,4.062333072284192,-191.04500112038926,-251.27825244514662,-1.0691256127956685e-09
818.8373333957254,316.15626244443337,4.062368163055975,-191.33871152670764,-251.68289523551812,-1.0691255497418601e-09
819.3373333957254,316.65614151746087,4.062403143039222,-191.632421929701,-252.08753802217845,-1.0691254037784657e-09
819.8373333957254,317.1560209717892,4.062438012757794,-191.9261323293628,-252.49218080516854,-1.0691255854082816e-09
820.3373333957254,317.6559008056233,4.062472772732257,-192.21984272568625,-252.89682358452907,-1.0691257645573356e-09
820.8373333957254,318.1557810171794,4.062507423479905,-192.51355311866516,-253.3014663603002,-1.0691256166123955e-09
821.3373333957254,318.65566160468495,4.062541965514784,-192.807263508293,-253.70610913252196,-1.0691255832629063e-09
821.8373333957254,319.1555425663784,4.0625763993477255,-193.10097389456303,-254.11075190123435,-1.0691256639965344e-09
822.3373333957254,319.6554239005092,4.062610725486361,-193.39468427746897,-254.5153946664766,-1.0691254429464388e-09
822.8373333957254,320.1553056053378,4.062644944435155,-193.6883946570043,-254.92003742828805,-1.0691253802972148e-09
823.3373333957254,320.6551876791353,4.0626790566954245,-193.98210503316255,-255.3246801867077,-1.0691255742635527e-09
823.8373333957254,321.15507012018355,4.062713062765368,-194.27581540593738,-255.72932294177403,-1.0691254579558825e-09
824.3373333957254,321.6549529267752,4.062746963140085,-194.56952577532238,-256.13396569352557,-1.0691254445556711e-09
824.8373333957254,322.1548360972134,4.062780758311605,-194.86323614131098,-256.53860844200057,-1.0691252196818513e-09
825.3373333957254,322.65471962981167,4.062814448768907,-195.15694650389693,-256.9432511872368,-1.0691253505418353e-09
825.8373333957254,323.1546035228941,4.062848034997945,-195.45065686307402,-257.3478939292719,-1.0691253154172042e-09
826.3373333957254,323.654487774795,4.062881517481672,-195.74436721883563,-257.75253666814325,-1.0691252796255145e-09
826.8373333957254,324.1543723838589,4.062914896700061,-196.03807757117568,-258.15717940388794,-1.0691252095513078e-09
827.3373333957254,324.65425734844064,4.062948173130131,-196.3317879200877,-258.5618221365429,-1.0691253016044733e-09
827.8373333957254,325.15414266690505,4.062981347245967,-196.62549826556545,-258.9664648661447,-1.0691250853893228e-09
828.3373333957254,325.6540283376269,4.063014419518742,-196.91920860760274,-259.3711075927297,-1.0691253242998065e-09
828.8373333957254,326.1539143589911,4.063047390416744,-197.2129189461932,-259.77575031633404,-1.0691251271585378e-09
829.3373333957254,326.6538007293922,4.063080260405393,-197.50662928133067,-260.1803930369936,-1.0691249974943207e-09
829.8373333957254,327.15368744723463,4.063113029947263,-197.80033961300896,-260.58503575474396,-1.0691250688510052e-09
830.3373333957254,327.6535745109326,4.063145699502108,-198.0940499412219,-260.98967846962057,-1.069125071186831e-09
830.8373333957254,328.1534619189098,4.0631782695268805,-198.3877602659634,-261.3943211816584,-1.069125284701707e-09
831.3373333957254,328.65334966959955,4.0632107404757525,-198.68147058722718,-261.79896389089254,-1.0691251022939128e-09
831.8373333957254,329.15323776144476,4.063243112800138,-198.97518090500708,-262.2036065973577,-1.0691250039961208e-09
832.3373333957254,329.6531261928976,4.063275386948713,-199.26889121929693,-262.60824930108816,-1.0691252267334293e-09
832.8373333957254,330.1530149624197,4.063307563367436,-199.56260153009075,-263.01289200211835,-1.0691251532401545e-09
833.3373333957254,330.6529040684819,4.06333964249957,-199.85631183738235,-263.41753470048207,-1.069125215716567e-09
833.8373333957254,331.15279350956433,4.063371624785701,-200.15002214116578,-263.8221773962132,-1.0691250031384093e-09
834.3373333957254,331.6526832841561,4.063403510663758,-200.4437324414351,-264.2268200893451,-1.069125119659391e-09
834.8373333957254,332.1525733907556,4.063435300569036,-200.7374427381841,-264.63146277991126,-1.0691252382435187e-09
835.3373333957254,332.65246382787006,4.063466994934213,-201.03115303140666,-265.0361054679448,-1.069125332471748e-09
835.8373333957254,333.1523545940157,4.063498594189371,-201.3248633210971,-265.4407481534784,-1.0691254651324392e-09
836.3373333957254,333.65224568771765,4.063530098762013,-201.61857360724923,-265.84539083654494,-1.069125495626493e-09
836.8373333957254,334.1521371075097,4.063561509077086,-201.9122838898571,-266.2500335171767,-1.0691252811671858e-09
837.3373333957254,334.6520288519345,4.063592825556999,-202.20599416891463,-266.65467619540607,-1.069125144471989e-09
837.8373333957254,335.1519209195434,4.063624048621636,-202.49970444441632,-267.05931887126485,-1.0691252919932874e-09
838.3373333957254,335.65181330889624,4.063655178688387,-202.79341471635587,-267.463961544785,-1.069125272658e-09
838.8373333957254,336.15170601856147,4.063686216172155,-203.08712498472755,-267.86860421599806,-1.0691252793165777e-09
839.3373333957254,336.651599047116,4.06371716148538,-203.38083524952555,-268.2732468849354,-1.0691253089583544e-09
839.8373333957254,337.1514923931452,4.0637480150380565,-203.67454551074383,-268.6778895516283,-1.0691252620677305e-09
840.3373333957254,337.6513860552427,4.063778777237751,-203.96825576837665,-269.0825322161077,-1.0691253835050512e-09
840.8373333957254,338.15128003201056,4.063809448489619,-204.2619660224184,-269.48717487840423,-1.0691254681004948e-09
841.3373333957254,338.651174322059,4.0638400291964265,-204.555676272863,-269.8918175385487,-1.0691254818391612e-09
841.8373333957254,339.1510689240063,4.063870519758564,-204.8493865197048,-270.29646019657133,-1.0691254680034378e-09
842.3373333957254,339.6509638364791,4.063900920574064,-205.14309676293803,-270.7011028525024,-1.0691256256726571e-09
842.8373333957254,340.1508590581118,4.063931232038621,-205.43680700255703,-271.10574550637165,-1.0691256440161739e-09
843.3373333957254,340.650754587547,4.063961454545607,-205.73051723855596,-271.51038815820914,-1.0691257050271723e-09
843.8373333957254,341.1506504234352,4.063991588486088,-206.02422747092905,-271.91503080804443,-1.0691258138452837e-09
844.3373333957254,341.65054656443476,4.06402163424884,-206.31793769967086,-272.31967345590687,-1.0691258880152141e-09
844.8373333957254,342.1504430092118,4.064051592220371,-206.61164792477558,-272.7243161018256,-1.0691259191332502e-09
845.3373333957254,342.6503397564403,4.064081462784929,-206.90535814623752,-273.1289587458297,-1.0691258138092757e-09
845.8373333957254,343.15023680480186,4.064111246324528,-207.19906836405096,-273.53360138794824,-1.0691257810457896e-09
846.3373333957254,343.6501341529858,4.064140943218956,-207.49277857821036,-273.9382440282096,-1.0691260123513308e-09
846.8373333957254,344.15003179968903,4.064170553845796,-207.78648878871024,-274.34288666664236,-1.0691259350791515e-09
847.3373333957254,344.6499297436159,4.064200078580439,-208.08019899554495,-274.74752930327475,-1.0691261031502307e-09
847.8373333957254,345.1498279834784,4.064229517796103,-208.37390919870893,-275.15217193813487,-1.0691260880718254e-09
848.3373333957254,345.6497265179959,4.0642588718638475,-208.66761939819665,-275.55681457125075,-1.0691260506462927e-09
848.8373333957254,346.149625345895,4.064288141152588,-208.96132959400256,-275.96145720265014,-1.0691259226611693e-09
849.3373333957254,346.64952446590985,4.064317326029112,-209.25503978612093,-276.3660998323607,-1.0691259840862903e-09
849.8373333957254,347.14942387678167,4.064346426858095,-209.54874997454644,-276.77074246040974,-1.069126145886941e-09
850.3373333957254,347.64932357725905,4.064375444002114,-209.84246015927374,-277.17538508682435,-1.0691260397015433e-09
850.8373333957254,348.1492235660977,4.064404377821665,-210.1361703402974,-277.58002771163166,-1.0691260559844116e-09
851.3373333957254,348.6491238420605,4.064433228675177,-210.42988051761182,-277.98467033485866,-1.069126155898453e-09
851.8373333957254,349.1490244039172,4.064461996919025,-210.72359069121146,-278.3893129565321,-1.0691258286902913e-09
852.3373333957254,349.64892525044485,4.064490682907548,-211.01730086109114,-278.79395557667834,-1.0691259620328741e-09
852.8373333957254,350.14882638042724,4.064519286993058,-211.31101102724548,-279.1985981953239,-1.0691258991118365e-09
853.3373333957254,350.64872779265517,4.064547809525864,-211.60472118966888,-279.60324081249496,-1.0691259062474821e-09
853.8373333957254,351.14862948592634,4.064576250854276,-211.89843134835616,-280.0078834282177,-1.0691258488244437e-09
854.3373333957254,351.64853145904516,4.064604611324623,-212.19214150330205,-280.4125260425178,-1.0691259684793677e-09
854.8373333957254,352.1484337108229,4.0646328912812715,-212.485851654501,-280.81716865542114,-1.069126115638583e-09
855.3373333957254,352.6483362400776,4.0646610910666325,-212.77956180194772,-281.22181126695335,-1.069125832766522e-09
855.8373333957254,353.1482390456338,4.064689211021179,-213.07327194563717,-281.62645387713957,-1.0691258310123628e-09
856.3373333957254,353.6481421263228,4.064717251483459,-213.36698208556396,-282.0310964860053,-1.0691259411468904e-09
856.8373333957254,354.14804548098243,4.064745212790109,-213.6606922217229,-282.4357390935754,-1.0691257565860845e-09
857.3373333957254,354.64794910845717,4.0647730952758705,-213.95440235410854,-282.8403816998752,-1.0691258810825535e-09
857.8373333957254,355.1478530075978,4.064800899273596,-214.24811248271573,-283.24502430492913,-1.0691260709897707e-09
858.3373333957254,355.64775717726167,4.064828625114269,-214.5418226075394,-283.64966690876196,-1.0691262588579137e-09
858.8373333957254,356.1476616163125,4.064856273127015,-214.83553272857424,-284.0543095113981,-1.0691260324134063e-09
859.3373333957254,356.6475663236204,4.064883843639113,-215.12924284581527,-284.45895211286194,-1.0691262271155308e-09
859.8373333957254,357.14747129806176,4.064911336976012,-215.4229529592572,-284.8635947131776,-1.0691261344853589e-09
860.3373333957254,357.64737653851915,4.064938753461339,-215.716663068895,-285.26823731236914,-1.0691261694505849e-09
860.8373333957254,358.1472820438815,4.064966093416917,-216.01037317472336,-285.6728799104604,-1.0691262873058424e-09
861.3373333957254,358.64718781304384,4.0649933571627725,-216.30408327673734,-286.0775225074753,-1.0691262773833152e-09
861.8373333957254,359.1470938449074,4.065020545017152,-216.59779337493168,-286.4821651034373,-1.0691263567591704e-09
862.3373333957254,359.6470001383794,4.065047657296531,-216.89150346930168,-286.88680769836975,-1.0691260958046634e-09
862.8373333957254,360.1469066923732,4.06507469431563,-217.18521355984186,-287.29145029229613,-1.0691263245037546e-09
863.3373333957254,360.64681350580815,4.065101656387423,-217.47892364654749,-287.69609288523947,-1.0691263908477696e-09
863.8373333957254,361.1467205776095,4.065128543823152,-217.7726337294134,-288.1007354772228,-1.0691263763684587e-09
864.3373333957254,361.6466279067086,4.0651553569323395,-218.0663438084346,-288.5053780682692,-1.0691261515837113e-09
864.8373333957254,362.14653549204246,4.065182096022796,-218.3600538836062,-288.91002065840115,-1.069126481256529e-09
865.3373333957254,362.6464433325541,4.065208761400638,-218.65376395492308,-289.3146632476414,-1.0691262218009038e-09
865.8373333957254,363.1463514271923,4.065235353370294,-218.94747402238042,-289.71930583601244,-1.0691262183938375e-09
866.3373333957254,363.6462597749116,4.0652618722345215,-219.24118408597312,-290.1239484235366,-1.069126215055342e-09
866.8373333957254,364.14616837467224,4.065288318294412,-219.53489414569663,-290.52859101023586,-1.069126150862714e-09
867.3373333957254,364.6460772254402,4.06531469184941,-219.8286042015456,-290.9332335961327,-1.0691261495403885e-09
867.8373333957254,365.145986326187,4.065340993197316,-220.12231425351538,-291.33787618124865,-1.0691258578122561e-09
868.3373333957254,365.64589567588996,4.065367222634307,-220.41602430160106,-291.7425187656057,-1.0691259443976616e-09
868.8373333957254,366.14580527353183,4.065393380454938,-220.7097343457977,-292.14716134922566,-1.0691261322445514e-09
869.3373333957254,366.6457151181009,4.06541946695216,-221.00344438610074,-292.5518039321297,-1.069126149989294e-09
869.8373333957254,367.14562520859096,4.065445482417329,-221.29715442250503,-292.9564465143396,-1.0691262665602324e-09
870.3373333957254,367.64553554400135,4.065471427140214,-221.59086445500597,-293.36108909587637,-1.0691261162881996e-09
870.8373333957254,368.1454461233367,4.065497301409014,-221.88457448359878,-293.7657316767613,-1.0691259536007465e-09
871.3373333957254,368.6453569456071,4.065523105510361,-222.17828450827855,-294.1703742570154,-1.0691260161328066e-09
871.8373333957254,369.145268009828,4.065548839729337,-222.4719945290406,-294.5750168366596,-1.0691260134053597e-09
872.3373333957254,369.64517931502013,4.065574504349482,-222.76570454588,-294.97965941571476,-1.0691259990195484e-09
872.8373333957254,370.1450908602095,4.065600099652802,-223.05941455879216,-295.38430199420156,-1.0691258514410176e-09
873.3373333957254,370.6450026444274,4.065625625919784,-223.35312456777237,-295.7889445721404,-1.069126109325407e-09
873.8373333957254,371.14491466671024,4.065651083429403,-223.646834572816,-296.1935871495517,-1.0691261384808441e-09
874.3373333957254,371.64482692609965,4.065676472459132,-223.9405445739184,-296.59822972645577,-1.069126053414972e-09
874.8373333957254,372.14473942164244,4.065701793284956,-224.23425457107479,-297.00287230287285,-1.0691262780311778e-09
875.3373333957254,372.64465215239045,4.065727046181376,-224.52796456428058,-297.40751487882284,-1.0691259465161423e-09
875.8373333957254,373.14456511740065,4.065752231421424,-224.8216745535312,-297.8121574543258,-1.0691257896899988e-09
876.3373333957254,373.644478315735,4.065777349276671,-225.11538453882187,-298.21680002940167,-1.069125882353952e-09
876.8373333957254,374.1443917464605,4.065802400017237,-225.40909452014802,-298.62144260406995,-1.069125983909274e-09
877.3373333957254,374.6443054086491,4.065827383911798,-225.702804497505,-299.02608517835057,-1.0691258582326246e-09
877.8373333957254,375.14421930137763,4.0658523012276,-225.99651447088848,-299.4307277522626,-1.0691257236693634e-09
878.3373333957254,375.6441334237279,4.065877152230466,-226.29022444029363,-299.8353703258257,-1.0691255612803642e-09
878.8373333957254,376.1440477747866,4.0659019371848055,-226.58393440571624,-300.2400128990588,-1.0691257879734334e-09
879.3373333957254,376.6439623536452,4.065926656353626,-226.87764436715142,-300.64465547198154,-1.069125780489023e-09
879.8373333957254,377.1438771593999,4.065951309998538,-227.17135432459477,-301.0492980446125,-1.0691256550181872e-09
880.3373333957254,377.6437921911519,4.065975898379769,-227.465064278042,-301.4539406169707,-1.0691256598204877e-09
880.8373333957254,378.1437074480069,4.0660004217561685,-227.7587742274886,-301.85858318907503,-1.0691256051204462e-09
881.3373333957254,378.6436229290755,4.066024880385222,-228.0524841729297,-302.2632257609443,-1.0691257215047387e-09
881.8373333957254,379.1435386334728,4.0660492745230545,-228.34619411436125,-302.66786833259675,-1.069125466605001e-09
882.3373333957254,379.6434545603188,4.066073604424443,-228.63990405177867,-303.0725109040513,-1.0691258154438325e-09
882.8373333957254,380.1433707087378,4.0660978703428245,-228.93361398517754,-303.477153475326,-1.0691254706162707e-09
883.3373333957254,380.64328707785893,4.066122072530304,-229.22732391455338,-303.8817960464393,-1.069125386632242e-09
883.8373333957254,381.14320366681585,4.066146211237665,-229.52103383990203,-304.2864386174093,-1.0691255483545056e-09
884.3373333957254,381.64312047474664,4.066170286714377,-229.81474376121875,-304.6910811882542,-1.0691255436525463e-09
884.8373333957254,382.1430375007939,4.066194299208602,-230.10845367849964,-305.0957237589917,-1.0691256192418676e-09
885.3373333957254,382.6429547441049,4.066218248967209,-230.40216359173996,-305.5003663296399,-1.069125238210583e-09
885.8373333957254,383.142872203831,4.066242136235775,-230.6958735009356,-305.90500890021644,-1.0691257182713834e-09
886.3373333957254,383.64278987912826,4.0662659612585985,-230.98958340608206,-306.30965147073897,-1.0691256840569478e-09
886.8373333957254,384.142707769157,4.0662897242787075,-231.28329330717528,-306.7142940412251,-1.069125735337031e-09
887.3373333957254,384.64262587308195,4.0663134255378655,-231.57700320421068,-307.11893661169233,-1.0691258281860012e-09
887.8373333957254,385.1425441900721,4.0663370652765805,-231.87071309718422,-307.52357918215785,-1.0691256115425685e-09
888.3373333957254,385.6424627193008,4.066360643734114,-232.16442298609152,-307.9282217526391,-1.0691257062488053e-09
888.8373333957254,386.1423814599456,4.06638416114849,-232.45813287092818,-308.33286432315333,-1.0691256312023963e-09
889.3373333957254,386.6423004111884,4.066407617756499,-232.75184275169008,-308.73750689371735,-1.06912580378407e-09
889.8373333957254,387.1422195722152,4.066431013793709,-233.04555262837326,-309.14214946434817,-1.0691258030143284e-09
890.3373333957254,387.64213894221626,4.0664543494944745,-233.33926250097306,-309.5467920350629,-1.069125566468427e-09
890.8373333957254,388.142058520386,4.066477625091941,-233.63297236948569,-309.95143460587803,-1.0691256578751243e-09
891.3373333957254,388.641978305923,4.066500840818055,-233.9266822339069,-310.35607717681035,-1.0691255954841361e-09
891.8373333957254,389.1418982980298,4.066523996903571,-234.2203920942324,-310.7607197478764,-1.0691256957061928e-09
892.3373333957254,389.6418184959132,4.066547093578062,-234.514101950458,-311.1653623190929,-1.069125758829681e-09
892.8373333957254,390.14173889878396,4.06657013106992,-234.80781180257952,-311.5700048904761,-1.0691258077394988e-09
893.3373333957254,390.6416595058569,4.06659310960637,-235.10152165059296,-311.97464746204236,-1.0691258596746845e-09
893.8373333957254,391.1415803163509,4.066616029413477,-235.39523149449423,-312.3792900338079,-1.0691257116172573e-09
894.3373333957254,391.6415013294887,4.066638890716148,-235.68894133427926,-312.78393260578866,-1.0691259084615315e-09
894.8373333957254,392.141422544497,4.066661693738147,-235.982651169944,-313.18857517800086,-1.069125810610696e-09
895.3373333957254,392.6413439606066,4.066684438702096,-236.27636100148413,-313.5932177504605,-1.06912573728044e-09
895.8373333957254,393.141265577052,4.0667071258294865,-236.5700708288959,-313.9978603231833,-1.0691258871721111e-09
896.3373333957254,393.64118739307173,4.066729755340683,-236.8637806521752,-314.402502896185,-1.0691258337925659e-09
896.8373333957254,394.14110940790806,4.0667523274549335,-237.15749047131789,-314.80714546948155,-1.0691258706201882e-09
897.3373333957254,394.64103162080715,4.066774842390375,-237.45120028632,-315.21178804308835,-1.0691256746022344e-09
897.8373333957254,395.140954031019,4.0667973003640405,-237.74491009717735,-315.6164306170212,-1.069125624380178e-09
898.3373333957254,395.6408766377973,4.066819701591865,-238.0386199038862,-316.02107319129516,-1.0691257848695902e-09
898.8373333957254,396.1407994403996,4.066842046288696,-238.3323297064424,-316.4257157659259,-1.0691258256059232e-09
899.3373333957254,396.64072243808704,4.066864334668295,-238.62603950484214,-316.83035834092846,-1.0691258091468827e-09
899.8373333957254,397.14064563012465,4.0668865669433485,-238.9197492990814,-317.23500091631814,-1.06912579117561e-09
900.3373333957254,397.640569015781,4.066908743325474,-239.2134590891564,-317.6396434921098,-1.0691258207685569e-09
900.8373333957254,398.14049259432846,4.066930864025226,-239.507168875063,-318.04428606831874,-1.069125567752514e-09
901.3373333957254,398.6404163650429,4.0669529292521025,-239.80087865679727,-318.44892864495984,-1.0691257259954348e-09
901.8373333957254,399.1403403272039,4.066974939214552,-240.09458843435542,-318.853571222048,-1.0691258610009884e-09
902.3373333957254,399.6402644800946,4.066996894119981,-240.3882982077335,-319.25821379959785,-1.0691259129050426e-09
902.8373333957254,400.1401888230017,4.067018794174758,-240.68200797692774,-319.66285637762417,-1.0691255512410073e-09
903.3373333957254,400.6401133552156,4.067040639584222,-240.97571774193437,-320.0674989561414,-1.0691256959021773e-09
903.8373333957254,401.14003807602995,4.067062430552688,-241.26942750274955,-320.47214153516404,-1.0691257337002279e-09
904.3373333957254,401.63996298474217,4.067084167283456,-241.5631372593691,-320.87678411470694,-1.0691257666655413e-09
904.8373333957254,402.139888080653,4.067105849978813,-241.85684701178937,-321.2814266947843,-1.0691257164985016e-09
905.3373333957254,402.63981336306676,4.067127478840042,-242.1505567600067,-321.6860692754102,-1.0691257594527054e-09
905.8373333957254,403.13973883129114,4.067149054067428,-242.44426650401715,-322.0907118565991,-1.069125807569477e-09
906.3373333957254,403.63966448463725,4.067170575860263,-242.73797624381703,-322.495354438365,-1.069125855703493e-09
906.8373333957254,404.1395903224197,4.067192044416854,-243.03168597940262,-322.89999702072197,-1.0691257293381927e-09
907.3373333957254,404.6395163439563,4.067213459934526,-243.32539571077015,-323.304639603684,-1.0691259938750745e-09
907.8373333957254,405.13944254856835,4.067234822609633,-243.61910543791564,-323.70928218726516,-1.0691259719633093e-09
908.3373333957254,405.63936893558053,4.067256132637559,-243.91281516083552,-324.1139247714792,-1.0691260525544224e-09
908.8373333957254,406.13929550432067,4.067277390212727,-244.2065248795262,-324.5185673563398,-1.0691260488103912e-09
909.3373333957254,406.63922225412006,4.067298595528603,-244.50023459398366,-324.9232099418609,-1.0691261708357443e-09
909.8373333957254,407.13914918431317,4.067319748777704,-244.7939443042046,-325.3278525280558,-1.0691260707470225e-09
910.3373333957254,407.6390762942378,4.067340850151602,-245.08765401018496,-325.7324951149382,-1.069125873459379e-09
910.8373333957254,408.13900358323485,4.067361899840931,-245.3813637119213,-326.13713770252167,-1.069126000990935e-09
911.3373333957254,408.63893105064864,4.06738289803539,-245.67507340940983,-326.54178029081953,-1.0691259464523706e-09
911.8373333957254,409.13885869582657,4.067403844923755,-245.968783102647,-326.94642287984516,-1.0691260433351798e-09
912.3373333957254,409.63878651811916,4.067424740693875,-246.26249279162923,-327.3510654696116,-1.0691257916089706e-09
912.8373333957254,410.1387145168802,4.067445585532689,-246.55620247635264,-327.75570806013246,-1.0691261037295386e-09
913.3373333957254,410.63864269146666,4.067466379626222,-246.84991215681396,-328.1603506514205,-1.0691259598575188e-09
913.8373333957254,411.13857104123844,4.067487123159594,-247.14362183300923,-328.56499324348897,-1.0691259619588022e-09
914.3373333957254,411.6384995655587,4.067507816317029,-247.43733150493512,-328.96963583635085,-1.0691259709647507e-09
914.8373333957254,412.13842826379357,4.067528459281854,-247.731041172588,-329.37427843001893,-1.0691260614637383e-09
915.3373333957254,412.6383571353124,4.067549052236508,-248.02475083596426,-329.7789210245062,-1.0691258811068792e-09
915.8373333957254,413.13828617948747,4.067569595362548,-248.31846049506058,-330.1835636198252,-1.0691259890877014e-09
916.3373333957254,413.6382153956941,4.067590088840654,-248.61217014987318,-330.58820621598875,-1.0691256828334133e-09
916.8373333957254,414.1381447833106,4.067610532850631,-248.90587980039876,-330.9928488130096,-1.0691255756664772e-09
917.3373333957254,414.6380743417184,4.067630927571421,-249.19958944663335,-331.39749141090033,-1.0691257147364024e-09
917.8373333957254,415.1380040703017,4.0676512731811,-249.4932990885737,-331.80213400967347,-1.0691256743880636e-09
918.3373333957254,415.63793396844784,4.067671569856888,-249.78700872621658,-332.2067766093413,-1.0691257685907605e-09
918.8373333957254,416.137864035547,4.067691817775155,-250.0807183595582,-332.6114192099164,-1.069125771951397e-09
919.3373333957254,416.6377942709923,4.0677120171114245,-250.37442798859522,-333.0160618114109,-1.069125723350648e-09
919.8373333957254,417.13772467417976,4.0677321680403775,-250.66813761332406,-333.42070441383726,-1.069125656591559e-09
920.3373333957254,417.6376552445083,4.067752270735859,-250.96184723374134,-333.8253470172076,-1.0691257914387023e-09
920.8373333957254,418.13758598137974,4.067772325370883,-251.25555684984363,-334.229989621534,-1.0691257686113296e-09
921.3373333957254,418.63751688419865,4.067792332117636,-251.5492664616274,-334.63463222682867,-1.0691257380932846e-09
921.8373333957254,419.1374479523725,4.067812291147485,-251.8429760690895,-335.0392748331034,-1.0691257170427457e-09
922.3373333957254,419.63737918531154,4.067832202630978,-252.13668567222626,-335.4439174403702,-1.069125473492271e-09
922.8373333957254,420.13731058242894,4.067852066737853,-252.4303952710345,-335.84856004864105,-1.0691255691991536e-09
923.3373333957254,420.6372421431405,4.067871883637041,-252.72410486551044,-336.2532026579279,-1.0691257602349687e-09
923.8373333957254,421.1371738668649,4.0678916534966705,-253.01781445565106,-336.6578452682422,-1.0691256892108923e-09
924.3373333957254,421.6371057530235,4.067911376484072,-253.31152404145305,-337.06248787959584,-1.0691256571381574e-09
924.8373333957254,422.1370378010404,4.067931052765784,-253.60523362291286,-337.46713049200036,-1.0691255999738285e-09
925.3373333957254,422.63697001034245,4.067950682507558,-253.8989432000274,-337.8717731054673,-1.069125741834656e-09
925.8373333957254,423.13690238035923,4.06797026587436,-254.1926527727932,-338.27641572000823,-1.0691258365892869e-09
926.3373333957254,423.63683491052296,4.067989803030379,-254.48636234120696,-338.68105833563476,-1.069125814127237e-09
926.8373333957254,424.1367676002685,4.0680092941390305,-254.78007190526515,-339.08570095235825,-1.0691257722742173e-09
927.3373333957254,424.63670044903347,4.068028739362958,-255.07378146496475,-339.4903435701899,-1.0691258575583983e-09
927.8373333957254,425.136633456258,4.068048138864043,-255.36749102030242,-339.8949861891411,-1.0691258765793044e-09
928.3373333957254,425.6365666213849,4.0680674928034035,-255.66120057127495,-340.29962880922295,-1.0691256397565612e-09
928.8373333957254,426.13649994385963,4.068086801341404,-255.9549101178789,-340.70427143044685,-1.0691257735910324e-09
929.3373333957254,426.63643342313026,4.0681060646376555,-256.2486196601112,-341.10891405282376,-1.0691260196232323e-09
929.8373333957254,427.1363670586473,4.068125282851023,-256.54232919796857,-341.5135566763647,-1.0691258066560485e-09
930.3373333957254,427.63630084986397,4.068144456139628,-256.8360387314478,-341.9181993010808,-1.0691259504241343e-09
930.8373333957254,428.136234796236,4.068163584660853,-257.12974826054557,-342.322841926983,-1.0691259813066665e-09
931.3373333957254,428.6361688972216,4.068182668571349,-257.42345778525873,-342.7274845540821,-1.069125960507118e-09
931.8373333957254,429.1361031522815,4.068201708027033,-257.7171673055841,-343.13212718238896,-1.0691257389580869e-09
932.3373333957254,429.63603756087906,4.0682207031830995,-258.0108768215183,-343.5367698119146,-1.0691257786339898e-09
932.8373333957254,430.13597212248,4.06823965419402,-258.30458633305835,-343.9414124426695,-1.0691257171620399e-09
933.3373333957254,430.6359068365525,4.068258561213549,-258.59829584020116,-344.3460550746643,-1.0691257001813412e-09
933.8373333957254,431.13584170256735,4.0682774243947275,-258.89200534294343,-344.75069770790975,-1.0691259634812984e-09
934.3373333957254,431.63577671999764,4.068296243889889,-259.185714841282,-345.1553403424164,-1.0691256556264921e-09
934.8373333957254,432.13571188831895,4.06831501985066,-259.4794243352139,-345.55998297819474,-1.069125793562474e-09
935.3373333957254,432.6356472070093,4.068333752427968,-259.77313382473574,-345.9646256152553,-1.0691260103934712e-09
935.8373333957254,433.1355826755491,4.068352441772042,-260.0668433098447,-346.3692682536083,-1.0691256641273526e-09
936.3373333957254,433.63551829342106,4.06837108803242,-260.36055279053744,-346.7739108932644,-1.0691258290184686e-09
936.8373333957254,434.1354540601104,4.068389691357951,-260.6542622668108,-347.1785535342338,-1.0691259501487607e-09
937.3373333957254,434.6353899751047,4.0684082518967974,-260.9479717386619,-347.5831961765267,-1.0691260445812974e-09
937.8373333957254,435.13532603789383,4.068426769796442,-261.24168120608766,-347.9878388201534,-1.0691256674616668e-09
938.3373333957254,435.63526224796993,4.068445245203691,-261.535390669085,-348.3924814651238,-1.0691258401274175e-09
938.8373333957254,436.1351986048276,4.068463678264676,-261.82910012765086,-348.7971241114482,-1.0691259241153305e-09
939.3373333957254,436.6351351079637,4.068482069124861,-262.12280958178223,-349.20176675913666,-1.0691261034350054e-09
939.8373333957254,437.1350717568774,4.0685004179290445,-262.41651903147573,-349.6064094081993,-1.0691257572615923e-09
940.3373333957254,437.63500855107003,4.068518724821362,-262.71022847672873,-350.01105205864593,-1.069126122809024e-09
940.8373333957254,438.13494549004537,4.068536989945293,-263.00393791753794,-350.41569471048643,-1.0691260472684052e-09
941.3373333957254,438.63488257330937,4.06855521344366,-263.29764735390074,-350.8203373637307,-1.0691261356935968e-09
941.8373333957254,439.1348198003703,4.068573395458639,-263.59135678581373,-351.2249800183887,-1.0691261165737001e-09
942.3373333957254,439.6347571707385,4.0685915361317555,-263.88506621327434,-351.6296226744699,-1.0691261472890452e-09
942.8373333957254,440.1346946839267,4.068609635603895,-264.17877563627917,-352.03426533198416,-1.0691262929903187e-09
943.3373333957254,440.6346323394497,4.068627694015302,-264.4724850548256,-352.4389079909412,-1.0691258674658249e-09
943.8373333957254,441.1345701368246,4.068645711505587,-264.7661944689102,-352.84355065135065,-1.0691261778806315e-09
944.3373333957254,441.63450807557064,4.068663688213726,-265.05990387853024,-353.24819331322215,-1.0691261207895835e-09
944.8373333957254,442.1344461552092,4.068681624278067,-265.35361328368293,-353.6528359765651,-1.0691261621231574e-09
945.3373333957254,442.63438437526395,4.0686995198363345,-265.6473226843653,-354.0574786413889,-1.0691264285438e-09
945.8373333957254,443.13432273526047,4.06871737502563,-265.9410320805745,-354.4621213077031,-1.0691261677118486e-09
946.3373333957254,443.6342612347267,4.068735189982437,-266.2347414723074,-354.86676397551713,-1.069126300304621e-09
946.8373333957254,444.1341998731926,4.068752964842626,-266.52845085956125,-355.2714066448402,-1.0691263106685192e-09
947.3373333957254,444.6341386501902,4.068770699741456,-266.822160242333,-355.67604931568184,-1.0691262384832465e-09
947.8373333957254,445.13407756525373,4.068788394813576,-267.11586962061983,-356.0806919880511,-1.0691263485558468e-09
948.3373333957254,445.63401661791943,4.068806050193034,-267.409578994419,-356.48533466195727,-1.0691262874818073e-09
948.8373333957254,446.1339558077256,4.068823666013276,-267.70328836372744,-356.8899773374095,-1.0691263872802166e-09
949.3373333957254,446.63389513421276,4.068841242407149,-267.99699772854234,-357.294620014417,-1.0691263702026435e-09
949.8373333957254,447.13383459692324,4.068858779506909,-268.29070708886076,-357.6992626929888,-1.06912655551388e-09
950.3373333957254,447.6337741954016,4.068876277444218,-268.58441644468024,-358.1039053731338,-1.0691264444730539e-09
950.8373333957254,448.13371392919436,4.0688937363501525,-268.8781257959976,-358.50854805486114,-1.069126494942985e-09
951.3373333957254,448.63365379785,4.068911156355204,-269.1718351428099,-358.9131907381798,-1.0691263561940466e-09
951.8373333957254,449.13359380091913,4.068928537589283,-269.46554448511495,-359.31783342309853,-1.0691263987549227e-09
952.3373333957254,449.63353393795427,4.068945880181722,-269.7592538229093,-359.7224761096263,-1.069126483714511e-09
952.8373333957254,450.1334742085099,4.068963184261281,-270.0529631561903,-360.12711879777197,-1.0691264044147013e-09
953.3373333957254,450.63341461214253,4.068980449956145,-270.3466724849553,-360.53176148754414,-1.0691263052582958e-09
953.8373333957254,451.13335514841066,4.068997677393933,-270.6403818092017,-360.93640417895165,-1.0691262542871684e-09
954.3373333957254,451.6332958168747,4.0690148667017,-270.93409112892647,-361.34104687200323,-1.0691264506555883e-09
954.8373333957254,452.13323661709694,4.069032018005937,-271.2278004441266,-361.7456895667076,-1.0691264765934523e-09
955.3373333957254,452.6331775486417,4.069049131432577,-271.52150975479964,-362.1503322630734,-1.0691266619863204e-09
955.8373333957254,453.13311861107513,4.069066207106998,-271.81521906094287,-362.55497496110894,-1.0691265270759596e-09
956.3373333957254,453.6330598039654,4.069083245154022,-272.10892836255357,-362.9596176608229,-1.0691265262379223e-09
956.8373333957254,454.1330011268825,4.069100245697927,-272.402637659629,-363.3642603622238,-1.0691264441088105e-09
957.3373333957254,454.6329425793983,4.069117208862439,-272.6963469521662,-363.76890306532005,-1.0691265867621557e-09
957.8373333957254,455.1328841610865,4.069134134770743,-272.99005624016286,-364.17354577012003,-1.0691264790256512e-09
958.3373333957254,455.63282587152287,4.0691510235454835,-273.2837655236161,-364.57818847663214,-1.0691264844322122e-09
958.8373333957254,456.13276771028484,4.069167875308767,-273.5774748025231,-364.9828311848648,-1.0691264482805168e-09
959.3373333957254,456.6327096769517,4.069184690182165,-273.87118407688126,-365.3874738948262,-1.0691264057096747e-09
959.8373333957254,457.13265177110475,4.069201468286717,-274.16489334668785,-365.79211660652476,-1.0691263881341736e-09
960.3373333957254,457.63259399232686,4.069218209742933,-274.45860261194053,-366.1967593199683,-1.0691262395908577e-09
960.8373333957254,458.13253634020293,4.0692349146707985,-274.7523118726363,-366.6014020351654,-1.069126353584162e-09
961.3373333957254,458.63247881431954,4.069251583189776,-275.04602112877257,-367.00604475212407,-1.069126324911425e-09
961.8373333957254,459.13242141426514,4.0692682154188065,-275.33973038034657,-367.41068747085245,-1.0691262969566367e-09
962.3373333957254,459.63236413962994,4.069284811476313,-275.63343962735587,-367.81533019135856,-1.0691263465683574e-09
962.8373333957254,460.13230699000593,4.069301371480206,-275.92714886979786,-368.21997291365045,-1.0691263695307998e-09
963.3373333957254,460.63224996498684,4.069317895547882,-276.2208581076699,-368.624615637736,-1.0691263209020843e-09
963.8373333957254,461.1321930641682,4.06933438379623,-276.5145673409691,-369.02925836362346,-1.0691263277991174e-09
964.3373333957254,461.6321362871472,4.069350836341631,-276.80827656969336,-369.43390109132025,-1.0691263962716611e-09
964.8373333957254,462.13207963352295,4.069367253299964,-277.10198579383956,-369.8385438208348,-1.0691263597687496e-09
965.3373333957254,462.6320231028961,4.069383634786606,-277.3956950134056,-370.24318655217445,-1.0691265605437763e-09
965.8373333957254,463.1319666948691,4.069399980916437,-277.68940422838836,-370.6478292853475,-1.0691263244313146e-09
966.3373333957254,463.6319104090462,4.069416291803839,-277.98311343878595,-371.0524720203612,-1.0691263780863448e-09
966.8373333957254,464.1318542450332,4.069432567562705,-278.2768226445953,-371.4571147572236,-1.0691263811259459e-09
967.3373333957254,464.63179820243766,4.0694488083064355,-278.5705318458139,-371.86175749594247,-1.0691266535232379e-09
967.8373333957254,465.1317422808688,4.069465014147943,-278.86424104243923,-372.26640023652544,-1.0691265335830086e-09
968.3373333957254,465.63168647993757,4.069481185199656,-279.15795023446896,-372.6710429789798,-1.0691264465819732e-09
968.8373333957254,466.1316307992565,4.069497321573521,-279.45165942190033,-373.07568572331354,-1.0691264837905974e-09
969.3373333957254,466.63157523843995,4.069513423381004,-279.7453686047308,-373.48032846953413,-1.0691265213027952e-09
969.8373333957254,467.1315197971037,4.0695294907330934,-280.039077782958,-373.8849712176491,-1.0691267489992496e-09
970.3373333957254,467.63146447486525,4.069545523740304,-280.33278695657947,-374.2896139676657,-1.069126626380634e-09
970.8373333957254,468.13140927134384,4.069561522512679,-280.62649612559267,-374.6942567195915,-1.0691265488744073e-09
971.3373333957254,468.6313541861602,4.0695774871597905,-280.9202052899948,-375.09889947343424,-1.0691263896103407e-09
971.8373333957254,469.13129921893676,4.0695934177907445,-281.21391444978366,-375.503542229201,-1.0691264256754415e-09
972.3373333957254,469.6312443692975,4.069609314514182,-281.50762360495685,-375.90818498689913,-1.0691264243724438e-09
972.8373333957254,470.13118963686804,4.069625177438281,-281.8013327555119,-376.3128277465359,-1.069126356139746e-09
973.3373333957254,470.6311350212755,4.069641006670763,-282.095041901446,-376.71747050811894,-1.0691263860986984e-09
973.8373333957254,471.13108052214864,4.06965680231889,-282.3887510427569,-377.1221132716552,-1.0691263802062124e-09
974.3373333957254,471.6310261391178,4.069672564489467,-282.6824601794422,-377.526756037152,-1.069126110378813e-09
974.8373333957254,472.13097187181495,4.069688293288851,-282.9761693114997,-377.9313988046164,-1.0691262134860086e-09
975.3373333957254,472.6309177198735,4.069703988822947,-283.2698784389266,-378.3360415740557,-1.069126071854044e-09
975.8373333957254,473.13086368292835,4.069719651197212,-283.5635875617203,-378.7406843454771,-1.069126119106252e-09
976.3373333957254,473.63080976061616,4.069735280516658,-283.85729667987886,-379.1453271188875,-1.069126027350391e-09
976.8373333957254,474.13075595257493,4.069750876885854,-284.15100579339963,-379.54996989429407,-1.0691259390830388e-09
977.3373333957254,474.6307022584443,4.069766440408928,-284.4447149022804,-379.9546126717038,-1.0691260814593136e-09
977.8373333957254,475.1306486778653,4.069781971189573,-284.73842400651836,-380.3592554511238,-1.0691259455962293e-09
978.3373333957254,475.6305952104805,4.069797469331041,-285.03213310611153,-380.7638982325608,-1.0691258476299362e-09
978.8373333957254,476.13054185593415,4.069812934936154,-285.3258422010572,-381.16854101602206,-1.0691260018203881e-09
979.3373333957254,476.6304886138717,4.0698283681073,-285.61955129135333,-381.5731838015141,-1.0691258163905424e-09
979.8373333957254,477.1304354839403,4.069843768946441,-285.91326037699736,-381.9778265890441,-1.0691257705541037e-09
980.3373333957254,477.6303824657885,4.06985913755511,-286.2069694579869,-382.3824693786188,-1.06912589028322e-09
980.8373333957254,478.1303295590663,4.069874474034414,-286.5006785343197,-382.787112170245,-1.0691259395365461e-09
981.3373333957254,478.6302767634252,4.069889778485041,-286.7943876059935,-383.19175496392944,-1.0691258591991088e-09
981.8373333957254,479.13022407851804,4.0699050510072565,-287.08809667300557,-383.5963977596791,-1.0691258447717054e-09
982.3373333957254,479.6301715039993,4.0699202917009085,-287.38180573535385,-384.00104055750046,-1.069125914840599e-09
982.8373333957254,480.13011903952474,4.069935500665429,-287.6755147930361,-384.4056833574003,-1.0691257512811608e-09
983.3373333957254,480.6300666847516,4.069950677999837,-287.9692238460498,-384.8103261593853,-1.069125789704543e-09
983.8373333957254,481.1300144393386,4.069965823802739,-288.26293289439275,-385.21496896346196,-1.0691256280959787e-09
984.3373333957254,481.6299623029457,4.069980938172332,-288.5566419380625,-385.6196117696372,-1.0691257715239837e-09
984.8373333957254,482.1299102752345,4.069996021206406,-288.8503509770572,-386.02425457791713,-1.0691254140359805e-09
985.3373333957254,482.62985835586784,4.070011073002346,-289.1440600113743,-386.4288973883085,-1.0691253762899964e-09
985.8373333957254,483.12980654451,4.070026093657136,-289.43776904101117,-386.8335402008181,-1.069125655586295e-09
986.3373333957254,483.62975484082665,4.070041083267354,-289.73147806596603,-387.238183015452,-1.0691257744266732e-09
986.8373333957254,484.1297032444848,4.070056041929183,-290.0251870862363,-387.64282583221706,-1.0691254251952527e-09
987.3373333957254,484.62965175515285,4.070070969738408,-290.31889610181986,-388.0474686511193,-1.0691256260342627e-09
987.8373333957254,485.12960037250065,4.07008586679042,-290.61260511271445,-388.4521114721655,-1.069125514996217e-09
988.3373333957254,485.62954909619924,4.070100733180215,-290.90631411891763,-388.85675429536184,-1.0691254760514039e-09
988.8373333957254,486.12949792592116,4.070115569002401,-291.20002312042726,-389.2613971207148,-1.0691254250485774e-09
989.3373333957254,486.6294468613402,4.070130374351195,-291.49373211724117,-389.66603994823055,-1.069125428600603e-09
989.8373333957254,487.1293959021316,4.070145149320428,-291.7874411093572,-390.07068277791535,-1.0691253260450808e-09
990.3373333957254,487.62934504797175,4.070159894003547,-292.08115009677283,-390.47532560977567,-1.0691254764457194e-09
990.8373333957254,488.1292942985385,4.070174608493614,-292.3748590794863,-390.87996844381746,-1.0691254935011354e-09
991.3373333957254,488.6292436535111,4.070189292883313,-292.6685680574951,-391.2846112800472,-1.0691254369608542e-09
991.8373333957254,489.1291931125698,4.070203947264948,-292.9622770307968,-391.68925411847107,-1.0691254347481171e-09
992.3373333957254,489.62914267539645,4.070218571730443,-293.25598599938985,-392.093896959095,-1.069125537338779e-09
992.8373333957254,490.1290923416741,4.070233166371352,-293.5496949632716,-392.4985398019253,-1.0691257916488324e-09
993.3373333957254,490.629042111087,4.070247731278853,-293.84340392243996,-392.9031826469679,-1.0691256088891063e-09
993.8373333957254,491.1289919833209,4.070262266543753,-294.1371128768925,-393.30782549422923,-1.0691255323119487e-09
994.3373333957254,491.6289419580625,4.07027677225649,-294.43082182662727,-393.7124683437151,-1.0691253255642374e-09
994.8373333957254,492.1288920350001,4.070291248507133,-294.7245307716422,-394.11711119543145,-1.0691256492870674e-09
995.3373333957254,492.6288422138231,4.070305695385389,-295.01823971193505,-394.5217540493845,-1.0691255768553054e-09
995.8373333957254,493.1287924942221,4.070320112980597,-295.31194864750347,-394.9263969055802,-1.0691256260855237e-09
996.3373333957254,493.62874287588915,4.070334501381737,-295.60565757834553,-395.33103976402435,-1.0691254934412111e-09
996.8373333957254,494.12869335851735,4.070348860677427,-295.8993665044591,-395.7356826247229,-1.0691255470117267e-09
997.3373333957254,494.6286439418011,4.070363190955928,-296.1930754258422,-396.1403254876817,-1.0691254828794746e-09
997.8373333957254,495.1285946254361,4.070377492305144,-296.4867843424925,-396.5449683529067,-1.069125658107272e-09
998.3373333957254,495.6285454091192,4.070391764812625,-296.7804932544078,-396.9496112204038,-1.069125574300415e-09
998.8373333957254,496.1284962925485,4.070406008565566,-297.0742021615862,-397.35425409017876,-1.0691255183531702e-09
999.3373333957254,496.62844727542324,4.070420223650815,-297.36791106402524,-397.75889696223743,-1.069125511244315e-09
999.8373333957254,497.128398357444,4.070434410154866,-297.66161996172286,-398.1635398365857,-1.0691254449940289e-09
1000.3373333957254,497.6283495383125,4.070448568163869,-297.9553288546773,-398.5681827132292,-1.0691254014757899e-09
1000.8373333957254,498.12830081773154,4.070462697763625,-298.2490377428863,-398.9728255921734,-1.069125458184867e-09
1001.3373333957254,498.62825219540537,4.070476799039593,-298.5427466263478,-399.37746847342436,-1.0691254414120285e-09
1001.8373333957254,499.12820367103916,4.07049087207689,-298.83645550505946,-399.7821113569878,-1.069125548656299e-09
1002.3373333957254,499.62815524433944,4.070504916960291,-299.13016437901945,-400.18675424286914,-1.0691254833316134e-09
1002.8373333957254,500.12810691501375,4.070518933774233,-299.4238732482256,-400.59139713107413,-1.0691254989601242e-09
1003.3373333957254,500.628058682771,4.070532922602814,-299.7175821126761,-400.9960400216083,-1.0691256599303234e-09
1003.8373333957254,501.128010547321,4.070546883529798,-300.01129097236856,-401.4006829144772,-1.0691256115807648e-09
1004.3373333957254,501.627962508375,4.070560816638615,-300.3049998273012,-401.80532580968645,-1.069125479517467e-09
1004.8373333957254,502.1279145656452,4.070574722012362,-300.5987086774721,-402.2099687072415,-1.069125500474061e-09
1005.3373333957254,502.627866718845,4.070588599733806,-300.89241752287876,-402.614611607148,-1.0691254965517636e-09
1005.8373333957254,503.1278189676889,4.070602449885384,-301.18612636351946,-403.01925450941127,-1.0691254086433128e-09
1006.3373333957254,503.6277713118926,4.070616272549208,-301.47983519939197,-403.423897414037,-1.069125405847119e-09
1006.8373333957254,504.12772375117294,4.070630067807063,-301.77354403049435,-403.8285403210306,-1.0691258764863901e-09
1007.3373333957254,504.6276762852478,4.070643835740407,-302.0672528568248,-404.2331832303973,-1.069125735989932e-09
1007.7096923977894,505.0,4.070654071264807,-302.285983104663,-404.5345280917902,-1.0691255700583027e-09
