tau,r,phi,X,Y,H
0.0,500.0,0.0,500.0,0.0,-6.536042937630057e-17
0.0048125085802083545,499.9951879249138,1.3548827337229627e-07,499.9951879249092,6.774348470640315e-05,-0.0
0.0529375943822919,499.94706717454693,1.4905136617032388e-06,499.9470671739916,0.0007451779337518532,6.541457692657215e-17
0.5341884524031273,499.4658597204408,1.5055048272825128e-05,499.4658596638377,0.0075194826284352865,-6.590916830927241e-17
1.0341884524031273,498.96590491098164,2.9175604917927867e-05,498.96590469861775,0.014557632107133883,-1.3285505359918484e-16
1.5341884524031273,498.4659501992841,4.3324330451120664e-05,498.4659497314744,0.021595703538309793,-0.0
2.0341884524031273,497.96599558564213,5.750130977829933e-05,497.9659947624046,0.028633696955450167,3.3739088943770866e-16
2.5341884524031273,497.4660410703508,7.170662814658633e-05,497.46603979140525,0.035671612392016466,-0.0
3.0341884524031273,496.9660866537064,8.594037114604718e-05,496.9660848184734,0.042709449881444636,-6.85477183004507e-17
3.5341884524031273,496.4661323360064,0.00010020262471141717,496.4661298436059,0.04974720945714527,-6.90896903788144e-17
4.034188452403127,495.96617811754953,0.00011449347512383854,495.96617486679975,0.05678489115250372,-6.963652788623782e-17
4.534188452403127,495.46622399863566,0.0001288130090126082,495.4662198880518,0.06382249500088032,-7.018827962450439e-17
5.034188452403127,494.9662699795658,0.000143161313356936,494.966264907359,0.07086002103561047,-0.0
5.534188452403127,494.4663160606424,0.00015753847548771364,494.46630992471813,0.07789746929000485,-7.130672370972284e-17
6.034188452403127,493.9663622421688,0.00017194458308929445,493.966354940126,0.08493483979734955,-0.0
6.534188452403127,493.46640852444995,0.00018637972420128382,493.4663999535796,0.09197213259090621,-0.0
7.034188452403127,492.96645490779173,0.00020084398722034066,492.9664449650756,0.09900934770391225,-0.0
7.534188452403127,492.4665013925014,0.0002153374609019897,492.46648997461097,0.10604648516958091,-1.472095814728652e-16
8.034188452403127,491.96654797888743,0.000229860234362445,491.9665349821823,0.11308354502110154,-1.483847095563818e-16
8.534188452403127,491.4665946672596,0.00024441239708044443,491.46657998778653,0.12012052729163969,-1.495704869679504e-16
9.034188452403127,490.9666414579288,0.00025899403889909545,490.96662499142025,0.1271574320143372,-3.015340430526814e-16
9.534188452403127,490.4666883512073,0.0002736052500277322,490.4666699930803,0.13419425922231257,-1.5197442225560315e-16
10.034188452403127,489.96673534740876,0.00028824612104378375,489.96671499276334,0.14123100894866086,-1.5319279939980878e-16
10.534188452403127,489.46678244684784,0.00030291674289465424,489.46675999046613,0.14826768122645412,-1.5442226443798442e-16
11.034188452403127,488.9668296498407,0.00031761720689961394,488.96680498618525,0.15530427608874128,-7.78314650496232e-17
11.534188452403127,488.4668769567047,0.00033234760475170247,488.4668499799175,0.1623407935685485,-1.5691491037813606e-16
12.034188452403127,487.9669243677585,0.00034710802851964346,487.96689497165937,0.16937723369887925,-3.1635664110031807e-16
12.534188452403127,487.4669718833221,0.000361898570649771,487.46693996140755,0.17641359651271463,-1.5945327718753166e-16
13.034188452403127,486.96701950371687,0.00037671932396796804,486.9669849491587,0.18344988204301324,-8.036994908756915e-17
13.534188452403127,486.46706722926535,0.00039157038168161654,486.4670299349093,0.1904860903227116,-4.0509575681675203e-16
14.034188452403127,485.96711506029146,0.00040645183738155993,485.967074918656,0.19752222138472422,-1.6334861140116556e-16
14.534188452403127,485.4671629971205,0.0004213637850440776,485.4671199003953,0.20455827526194376,-2.470064191789624e-16
15.034188452403127,484.9672110400791,0.00043630631903287143,484.9671648801238,0.21159425198724122,-8.300271509028121e-17
15.534188452403127,484.4672591894952,0.0004512795341010648,484.4672098578379,0.21863015159346608,-1.6735218828007393e-16
16.03418845240313,483.96730744569817,0.0004662835253932142,483.9672548335342,0.22566597411344655,-2.530670197889748e-16
16.53418845240313,483.46735580901856,0.00048131838844733235,483.46729980720914,0.23270171957998956,-3.401660649138829e-16
17.03418845240313,482.96740427978847,0.0004963842191969255,482.9673447788592,0.23973738802588113,-3.4293475011972213e-16
17.53418845240313,482.46745285834135,0.0005114811139730418,482.46738974848074,0.2467729794838864,-4.321612619697661e-16
18.03418845240313,481.96750154501194,0.0005266091695063335,481.9674347160703,0.25380849398675,-6.099609375255431e-16
18.53418845240313,481.4675503401364,0.0005417684829291315,481.4674796816242,0.2608439315671958,-6.149417920552711e-16
19.03418845240313,480.9675992440524,0.0005569591517775327,480.9675246451388,0.26787929225792767,-5.314018308985086e-16
19.53418845240313,480.4676482570988,0.0005721812739935009,480.4675696066105,0.274914576091629,-5.357506690842357e-16
20.03418845240313,479.967697379616,0.0005874349479269806,479.9676145660356,0.2819497831009635,-4.501165778038917e-16
20.53418845240313,479.46774661194587,0.0006027202723380235,479.4676595234104,0.28898491331857495,-6.353315764445298e-16
21.03418845240313,478.96779595443155,0.0006180373463989294,478.96770447873126,0.2960199667770875,-5.490411807149106e-16
21.53418845240313,478.46784540741777,0.0006333862696963994,478.4677494319945,0.30305494350910583,-4.61295080076072e-16
22.03418845240313,477.9678949712506,0.0006487671422337036,477.96779438319624,0.3100898435472154,-4.650909185804389e-16
22.53418845240313,477.46794464627754,0.0006641800644328613,477.4678393323328,0.31712466692398256,-3.7513775854106243e-16
23.03418845240313,476.96799443284766,0.0006796251371368361,476.96788427940044,0.3241594136719548,-5.673471461603404e-16
23.53418845240313,476.46804433131143,0.0006951024616117439,476.46792922439533,0.3311940838236608,-3.8135405064863584e-16
24.03418845240313,475.9680943420207,0.0007106121395490754,475.96797416731357,0.33822867741161045,-1.9225296035008797e-16
24.53418845240313,475.468144465329,0.0007261542730679324,475.46801910815145,0.34526319446829573,-3.8768734695262153e-16
25.03418845240313,474.9681947015911,0.0007417289647172778,474.96806404690506,0.35229763502619,-3.908986389650211e-16
25.53418845240313,474.4682450511634,0.0007573363174782008,474.4681089835704,0.35933199911774877,-4.926751373446117e-16
26.03418845240313,473.96829551440385,0.0007729764347661955,473.9681539181437,0.3663662867754096,-5.961181146712149e-16
26.53418845240313,473.4683460916718,0.0007886494204334543,473.468198850621,0.37340049803159253,-3.0053614433524496e-16
27.03418845240313,472.96839678332816,0.0008043553787711762,472.9682437809983,0.3804346329187,-3.0303658651834983e-16
27.53418845240313,472.4684475897354,0.0008200944145118887,472.46828870927163,0.38746869146911705,-3.055606298206771e-16
28.03418845240313,471.96849851125745,0.000835866632831786,471.9683336354371,0.3945026737152119,-3.0810852303692547e-16
28.53418845240313,471.46854954825983,0.0008516721393530805,471.4683785594906,0.4015365796893355,-1.0356017261903046e-16
29.03418845240313,470.9686007011096,0.0008675110401463704,470.9684234814281,0.40857040942382217,-3.132768689033248e-16
29.53418845240313,470.4686519701754,0.000883383441733022,470.46846840124556,0.41560416295098973,-3.158978337672937e-16
30.03418845240313,469.9687033558274,0.0008992894510875668,469.9685133189389,0.4226378403031396,-1.0618122434935585e-16
30.53418845240313,469.46875485843736,0.0009152291756401148,469.46855823450403,0.42967144151255693,-3.2121465039052283e-16
31.03418845240313,468.96880647837855,0.0009312027232787824,468.96860314793673,0.43670496661151087,-1.0797034417476088e-16
31.53418845240313,468.468858216026,0.0009472102023521363,468.46864805923303,0.4437384156322548,-1.0887769643439874e-16
32.03418845240313,467.9689100717561,0.000963251721671653,467.9686929683886,0.4507717886070264,-0.0
32.53418845240313,467.46896204594714,0.000979327390514194,467.4687378753993,0.457805085568048,-0.0
33.03418845240313,466.96901413897876,0.0009954373186244966,466.96878278026094,0.46483830654752656,-0.0
33.53418845240313,466.4690663512324,0.0010115816162176818,466.4688276829693,0.4718714515776542,-1.1259452385084926e-16
34.03418845240313,465.96911868309104,0.0010277603939817766,465.96887258351995,0.4789045206906078,-1.1354605384876505e-16
34.53418845240313,465.46917113493936,0.0010439737630802543,465.4689174819088,0.48593751391855006,-1.1450670439936006e-16
35.03418845240313,464.9692237071636,0.00106022183515459,464.9689623781315,0.49297043129362866,-2.3095314625593525e-16
35.53418845240313,464.4692764001518,0.0010765047223268336,464.4690072721836,0.5000032728479774,-1.1645575881342806e-16
36.03418845240313,463.9693292142935,0.0010928225372021977,463.9690521640608,0.5070360386137159,-4.697774456119858e-16
36.53418845240313,463.4693821499801,0.0011091753928716645,463.4690970537589,0.5140687286229497,-2.368849640549204e-16
37.03418845240313,462.96943520760453,0.001125563402914608,462.96914194127316,0.5211013429077708,-3.583506690494061e-16
37.53418845240313,462.4694883875615,0.0011419866814014335,462.4691868265994,0.5281338815002576,-2.409353758281569e-16
38.03418845240313,461.9695416902474,0.0011584453428962354,461.9692317097331,0.5351663444324756,-0.0
38.53418845240313,461.46959511606036,0.0011749395024594697,461.46927659066966,0.5421987317364765,-6.126610488908503e-17
39.03418845240313,460.9696486654002,0.001191469275650647,460.96932146940475,0.5492310434442996,-6.178974002389558e-17
39.53418845240313,460.46970233866847,0.0012080347785310406,460.46936634593374,0.5562632795879713,6.231845043247234e-17
40.03418845240313,459.96975613626853,0.0012246361276664135,459.96941122025214,0.5632954401995058,1.257045820866777e-16
40.53418845240313,459.4698100586054,0.0012412734401297627,459.4694560923553,0.5703275253109046,3.169565872060743e-16
41.03418845240313,458.9698641060859,0.001257946833504082,458.9695009622386,0.5773595349541573,3.1967792937795283e-16
41.53418845240313,458.46991827911864,0.001274656425885142,458.4695458298975,0.5843914691612415,-6.448515326942274e-17
42.03418845240313,457.969972578114,0.0012914023358842892,457.96959069532727,0.5914233279641236,-1.3008015445590861e-16
42.53418845240313,457.4700270034841,0.0013081846826312627,457.46963555852335,0.5984551113947577,-6.56004160476591e-17
43.03418845240313,456.970081555643,0.0013250035857770301,456.9696804194808,0.6054868194850874,2.646649149012571e-16
43.53418845240313,456.4701362350064,0.001341859165496641,456.46972527819514,0.6125184522670448,-0.0
44.03418845240313,455.9701910419919,0.001358751542492101,455.9697701346614,0.6195500097725513,6.731451519844126e-17
44.53418845240313,455.4702459770189,0.0013756808379952624,455.46981498887493,0.6265814920335175,-6.789711057245566e-17
45.03418845240313,454.97030104050873,0.001392647173770736,454.96985984083085,0.633612899081844,-0.0
45.53418845240313,454.47035623288446,0.0014096506721188204,454.4699046905243,0.6406442309494208,-6.907951506176545e-17
46.03418845240313,453.97041155457106,0.0014266914558784523,453.96994953795047,0.6476754876681279,-2.0903835063758e-16
46.53418845240313,453.47046700599543,0.001443769648430175,453.4699943831045,0.6547066692698358,-7.028529259689282e-17
47.03418845240313,452.97052258758623,0.0014608853736991269,452.97003922598134,0.661737775786405,-1.4179421431321238e-16
47.53418845240313,452.4705782997741,0.0014780387561580508,452.47008406657613,0.6687688072496872,-1.4302991924284994e-16
48.03418845240313,451.97063414299157,0.001495229920830321,451.97012890488384,0.6757997636915246,-2.8855566607832813e-16
48.53418845240313,451.47069011767303,0.0015124589932929927,451.47017374089955,0.6828306451437502,-7.27690451883939e-17
49.03418845240313,450.97074622425487,0.0015297260996798713,450.9702185746181,0.6898614516381891,-0.0
49.53418845240313,450.47080246317535,0.0015470313666846,450.4702634060345,0.6968921832066574,2.221442738921838e-16
50.03418845240313,449.9708588348747,0.0015643749215637711,449.9703082351437,0.7039228398809627,-0.0
50.53418845240313,449.47091533979517,0.0015817568921400562,449.47035306194056,0.7109534216929054,7.535265324149863e-17
51.03418845240313,448.9709719783808,0.001599177406805357,448.97039788641985,0.7179839286742771,-0.0
51.53418845240313,448.4710287510778,0.001616636594523979,448.4704427085765,0.7250143608568625,7.668329996427171e-17
52.03418845240313,447.97108565833423,0.001634134584835824,447.9704875284052,0.7320447182724387,-7.735858673528574e-17
52.53418845240313,447.47114270060024,0.001651671507859607,447.4705323459009,0.7390750009527757,-0.0
53.03418845240313,446.9711998783279,0.001669247494296091,446.9705771610581,0.7461052089296366,-1.574589163251706e-16
53.53418845240313,446.4712571919714,0.0016868626754313473,446.47062197387163,0.7531353422347777,-1.5885038797587685e-16
54.03418845240313,445.97131464198685,0.0017045171831400344,445.97066678433606,0.7601654008999491,-1.6025579777246492e-16
54.53418845240313,445.47137222883254,0.001722211149888702,445.4707115924462,0.7671953849568945,-8.083765078946845e-17
55.03418845240313,444.9714299529687,0.0017399447087391143,444.9707563981966,0.774225294437352,-3.2621811436593604e-16
55.53418845240313,444.4714878148577,0.0017577179933515985,444.47080120158176,0.7812551293730532,-0.0
56.03418845240313,443.9715458149639,0.0017755311379884138,443.9708460025964,0.7882848897957248,-8.300998235447653e-17
56.53418845240313,443.47160395375386,0.0017933842775171441,443.4708908012348,0.7953145757370879,-8.374872103011608e-17
57.03418845240313,442.97166223169614,0.0018112775474141143,442.9709355974917,0.8023441872288588,1.68989822121581e-16
57.53418845240313,442.4717206492615,0.0018292110837678278,442.4709803913614,0.8093737243027489,-1.7049727269624457e-16
58.03418845240313,441.9717792069228,0.00184718502328243,441.97102518283845,0.8164031869904652,8.60099818363861e-17
58.53418845240313,441.471837905155,0.001865199503281192,441.47106997191713,0.8234325753237101,-8.677903352668046e-17
59.03418845240313,440.97189674443524,0.0018832546617100223,440.97111475859185,0.830461889334182,-8.755587849130739e-17
59.53418845240313,440.4719557252428,0.0019013506371409975,440.4711595428571,0.8374911290535754,-1.76681209776732e-16
60.03418845240313,439.9720148480592,0.0019194875687759216,439.97120432470683,0.8445202945135815,-0.0
60.53418845240313,439.472074113368,0.0019376655964499063,439.47124910413567,0.8515493857458879,-8.993406013022864e-17
61.03418845240313,438.97213352165517,0.001955884860634977,438.9712938811376,0.858578402782179,3.6297188341836585e-16
61.53418845240313,438.4721930734087,0.001974145502443705,438.47133865570703,0.865607345654137,-9.156012680123129e-17
62.03418845240313,437.9722527691189,0.001992447663632861,437.971383427838,0.8726362143934406,-0.0
62.53418845240313,437.4723126092783,0.0020107914866070963,437.4714281975247,0.8796650090317667,9.321955079394875e-17
63.03418845240313,436.9723725943816,0.0020291771144226494,436.9714729647611,0.8866937296007902,-9.406201001752848e-17
63.53418845240313,436.47243272492597,0.0020476046907910764,436.47151772954146,0.8937223761321833,9.491309685098616e-17
64.03418845240313,435.9724930014106,0.002066074360083009,435.9715624918597,0.9007509486576175,-9.577290991804048e-17
64.53418845240313,435.4725534243372,0.0020845862673319372,435.4716072517099,0.9077794472087629,9.664154908659249e-17
65.03418845240313,434.9726139942096,0.0021031405582380164,434.9716520090859,0.9148078718172885,-9.751911548589226e-17
65.53418845240313,434.47267471153407,0.0021217373791719047,434.4716967639818,0.9218362225148619,-2.9521713457188584e-16
66.03418845240313,433.9727355768191,0.0021403768771786243,433.97174151639143,0.9288644993331507,-9.930144090528051e-17
66.53418845240313,433.47279659057557,0.002159059199981449,433.4717862663085,0.935892702303822,-2.004128172974677e-16
67.03418845240313,432.97285775331676,0.002177784495985821,432.9718310137271,0.9429208314585431,-2.022414422116692e-16
67.53418845240313,432.47291906555824,0.0021965529142832915,432.47187575864086,0.9499488868289813,-0.0
68.03418845240313,431.97298052781804,0.0022153646046554924,431.97192050104354,0.9569768684468042,-3.0893343702422033e-16
68.53418845240313,431.4730421406165,0.002234219717578133,431.47196524092897,0.9640047763436808,-5.196040532694129e-16
69.03418845240313,430.9731039044764,0.002253118404225026,430.97200997829066,0.9710326105512804,-2.0974718557282828e-16
69.53418845240313,430.473165819923,0.002272060816472139,430.47205471312236,0.9780603711012743,-3.1750881611010264e-16
70.03418845240313,429.973227887484,0.002291047106901678,429.9720994454177,0.9850880580253348,-3.2042688945091537e-16
70.53418845240313,429.47329010768937,0.002310077428806198,429.47214417517023,0.9921156713551366,-3.2337534702266223e-16
71.03418845240313,428.9733524810718,0.0023291519361927386,428.97218890237343,0.9991432111223558,-3.263545419322461e-16
71.53418845240313,428.4734150081663,0.002348270783786996,428.47223362702084,1.0061706773586714,-3.293648318150555e-16
72.03418845240313,427.9734776895104,0.0023674341270375175,427.9722783491059,1.0131980700957652,-2.216043859323189e-16
72.53418845240313,427.4735405256442,0.002386642122119928,427.47232306862213,1.0202253893653215,-2.2365343337759e-16
73.03418845240313,426.97360351711023,0.002405894925941187,426.9723677855628,1.0272526351990285,-2.2572394461639516e-16
73.53418845240313,426.4736666644537,0.002425192696143875,426.47241249992135,1.0342798076285773,-4.556323411564404e-16
74.03418845240313,425.97372996822213,0.0024445355911105076,425.972457211691,1.0413069066856626,-2.299303654298111e-16
74.53418845240313,425.4737934289659,0.0024639237699678857,425.47250192086506,1.0483339324019842,-4.641335732416985e-16
75.03418845240313,424.9738570472378,0.00248335739259147,424.97254662743677,1.0553608848092455,-2.342256949303253e-16
75.53418845240313,424.47392082359323,0.00250283661960979,424.4725913313993,1.0623877639391548,-1.1820367725681233e-16
76.03418845240313,423.97398475859023,0.0025223616124088843,423.9726360327458,1.0694145698234252,-4.772240659006728e-16
76.53418845240313,423.47404885278945,0.00254193253313677,423.4726807314694,1.076441302493775,-4.214700022623915e-16
77.03418845240313,422.9741131067542,0.0025615495447079474,422.97272542756303,1.083467961981928,-3.646373011730589e-16
77.53418845240313,422.4741775210505,0.0025812128108079323,422.47277012101995,1.090494548319615,-1.2268345478226283e-16
78.03418845240313,421.97424209624694,0.002600922495897825,421.972814811833,1.097521061538571,-3.095830117620255e-16
78.53418845240313,421.4743068329149,0.0026206787652189073,421.4728594999952,1.1045475016705393,-4.374830584154388e-16
79.03418845240313,420.9743717316285,0.0026404817847972767,420.9729041854994,1.1115738687472683,-3.154236597375921e-16
79.53418845240313,420.47443679296435,0.0026603317214485105,420.47294886833845,1.1186001628005147,-3.82068792670751e-16
80.03418845240313,419.97450201750206,0.0026802287427823636,419.9729935485052,1.1256263838620417,-4.499449812391253e-16
80.53418845240313,419.4745674058239,0.0027001730172075016,419.47303822599247,1.132652531963621,-4.541878191821699e-16
81.03418845240313,418.97463295851486,0.002720164713936266,418.9730829007929,1.1396786071370308,-3.2748283692489317e-16
81.53418845240313,418.4746986761628,0.002740204002989475,418.4731275728992,1.1467046094140592,-4.628099788627687e-16
82.03418845240313,417.9747645593584,0.0027602910552012565,417.9731722423042,1.1537305388265022,-2.0022445194623438e-16
82.53418845240313,417.4748306086951,0.002780426042223919,417.47321690900026,1.1607563954061644,-1.347479294639969e-16
83.03418845240313,416.97489682476913,0.002800609136532855,416.97326157298005,1.16778217918486,-2.7205293503647734e-16
83.53418845240313,416.4749632081797,0.0028208405114314794,416.4733062342361,1.1748078901944128,-1.3731874473175407e-16
84.03418845240313,415.97502975952887,0.002841120341056207,415.97335089276083,1.181833528466656,-2.0793738878755457e-16
84.53418845240313,415.47509647942155,0.002861448800381462,415.47339554854676,1.1888590940334332,-1.399451778319251e-16
85.03418845240313,414.97516336846553,0.0028818260652247255,414.9734402015862,1.1958845869265984,-5.651186791912719e-16
85.53418845240313,414.4752304272716,0.0029022523122516192,414.47348485187143,1.202910007178017,-2.8525714629008946e-16
86.03418845240313,413.97529765645345,0.002922727718981026,413.9735294993949,1.2099353548195648,-2.879841230774925e-16
86.53418845240313,413.47536505662777,0.0029432524637902483,413.4735741441488,1.2169606298831293,-4.361109328597951e-16
87.03418845240313,412.9754326284141,0.0029638267259202026,412.97361878612526,1.2239858324006097,-4.4029049911717083e-16
87.53418845240313,412.47550037243525,0.002984450685480652,412.4736634253165,1.2310109624039176,-4.445154254703998e-16
88.03418845240313,411.97556828931675,0.0030051245234554787,411.9737080617146,1.2380360199249767,-3.739885510301056e-16
88.53418845240313,411.47563637968733,0.0030258484217079926,411.47375269531165,1.2450610049957238,-3.7758630255932837e-16
89.03418845240313,410.9757046441787,0.0030466225629862793,410.97379732609966,1.252085917648109,-2.2873394753995166e-16
89.53418845240313,410.4757730834257,0.0030674471309285875,410.4738419540705,1.2591107579140954,-3.079198859486515e-16
90.03418845240313,409.9758416980662,0.003088322310068756,409.97388657921624,1.2661355258256601,-3.108932959521693e-16
90.53418845240313,409.4759104887412,0.00310924828584168,409.4739312015286,1.2731602214147943,-2.3542441360156925e-16
91.03418845240313,408.9759794560949,0.003130225244588818,408.97397582099956,1.2801848447135042,-4.754070737488484e-16
91.53418845240313,408.4760486007745,0.0031512533735637374,408.4740204376207,1.2872093957538104,-7.200229298647173e-16
92.03418845240313,407.97611792343054,0.0031723328609377043,407.9740650513839,1.2942338745677486,-4.846740768249157e-16
92.53418845240313,407.47618742471656,0.0031934638958053103,407.47410966228074,1.3012582811873707,-4.893840638806464e-16
93.03418845240313,406.97625710528945,0.003214646668190144,406.97415427030285,1.3082826156447436,-5.765035214160488e-16
93.53418845240313,406.4763269658093,0.0032358813690505036,406.47419887544186,1.3153068779719514,-6.652801972402284e-16
94.03418845240313,405.9763970069393,0.003257168190285149,405.9742434776892,1.322331068201094,-6.717700347202279e-16
94.53418845240313,405.4764672293461,0.003278507324739102,405.47428807703636,1.3293551863642892,-5.935401073503979e-16
95.03418845240313,404.9765376336996,0.0032998989662094825,404.9743326734748,1.3363792324936716,-6.849656301720162e-16
95.53418845240313,404.47660822067286,0.003321343309451395,404.4743772669959,1.343403206621394,-6.052140209444206e-16
96.03418845240313,403.9766789909424,0.0033428405501838535,403.97442185759087,1.3504271087796262,-6.984550686415995e-16
96.53418845240313,403.47674994518803,0.003364390885095752,403.47446644525104,1.3574509390005576,-6.17148223654926e-16
97.03418845240313,402.976821084093,0.003385994511851881,402.9745110299676,1.3644746973163964,-7.122456601303061e-16
97.53418845240313,402.4768924083438,0.0034076516290989876,402.47455561173166,1.3714983837593693,-8.990702842531347e-16
98.03418845240313,401.9769639186305,0.0034293624364718795,401.97460019053443,1.3785219983617234,-8.17138029984547e-16
98.53418845240313,401.4770356156464,0.003451127134599577,401.47464476636674,1.3855455411557251,-6.418236088197823e-16
99.03418845240313,400.9771075000885,0.0034729459251115107,400.9746893392198,1.392569012173662,-5.555704145458646e-16
99.53418845240313,400.47717957265706,0.0034948190106437616,400.4747339090845,1.3995924114478417,-4.675559277715846e-16
100.03418845240313,399.97725183405595,0.003516746594845355,399.9747784759516,1.4066157390105938,-4.7218781420710455e-16
100.53418845240313,399.47732428499245,0.0035387288823845956,399.474823039812,1.4136389948942678,-7.629946333677245e-16
101.03418845240313,398.9773969261775,0.0035607660789554532,398.97486760065647,1.4206621791312373,-3.8528645811751203e-16
101.53418845240313,398.4774697583255,0.0035828583912839956,398.4749121584757,1.4276852917538962,-6.809568548824206e-16
102.03418845240313,397.9775427821545,0.0036050060271348703,397.9749567132603,1.4347083327946633,-6.877378989433276e-16
102.53418845240313,397.4776159983861,0.0036272091953178346,397.47500126500097,1.4417313022859781,-7.938232937688767e-16
103.03418845240313,396.9776894077456,0.003649468105694335,396.9750458136881,1.448754200260306,-4.00874437425245e-16
103.53418845240313,396.47776301096184,0.003671782969184138,396.4750903593123,1.4557770267501344,-6.073230205021226e-16
104.03418845240313,395.97783680876745,0.003694153997772008,395.97513490186384,1.4627997817879768,-7.156361454997572e-16
104.53418845240313,395.47791080189864,0.00371658140451444,395.47517944133324,1.46982246540637,-8.260675796106821e-16
105.03418845240313,394.97798499109547,0.003739065403546437,394.97522397771064,1.4768450776378765,-7.300634997765658e-16
105.53418845240313,394.4780593771016,0.003761606210088348,394.4752685109864,1.4838676185150848,-9.480860722259435e-16
106.03418845240313,393.9781339606646,0.00378420404045275,393.9753130411507,1.490890088070609,-8.512234428045846e-16
106.53418845240313,393.4782087425357,0.003806859112051385,393.47535756819354,1.4979124863370896,-7.523252609788319e-16
107.03418845240313,392.97828372347,0.003829571643402154,392.97540209210507,1.5049348133471947,-7.599155978334037e-16
107.53418845240313,392.47835890422647,0.0038523418541361555,392.47544661287526,1.5119570691336188,-5.482804370947135e-16
108.03418845240313,391.97843428556786,0.0038751699650047874,391.975491130494,1.5189792537290843,-7.7535740747594e-16
108.53418845240313,391.4785098682609,0.003898056197886898,391.4755356449512,1.5260013671663422,-6.713238035847464e-16
109.03418845240313,390.9785856530762,0.003921000775795992,390.9755801562367,1.5330234094781718,-9.041769571747909e-16
109.53418845240313,390.4786616407883,0.003944003922887493,390.4756246643401,1.5400453806973817,-6.850197934199746e-16
110.03418845240313,389.9787378321756,0.0039670658644660635,389.9756691692512,1.5470672808568098,-5.766550259227995e-16
110.53418845240313,389.4788142280208,0.003990186826992977,389.47571367095964,1.5540891099893244,-2.330108153299708e-16
111.03418845240313,388.9788908291102,0.004013367038093551,388.9757581694548,1.5611108681278232,-5.29620050605094e-16
111.53418845240313,388.47896763623436,0.004036606726564634,388.47580266472636,1.5681325553052359,-9.511599193934662e-16
112.03418845240313,387.979044650188,0.004059906122382153,387.9758471567636,1.5751541715545228,-9.008289012488322e-16
112.53418845240313,387.4791218717697,0.0040832654567087194,387.4758916455559,1.5821757169086763,-7.88710742805233e-16
113.03418845240313,386.97919930178233,0.004106684961901291,386.9759361310925,1.5891971914007208,-6.129197688735951e-16
113.53418845240313,386.4792769410328,0.004130164871518896,386.4759806133627,1.5962185950637133,-5.572900024154661e-16
114.03418845240313,385.9793547903323,0.004153705420330418,385.9760250923556,1.6032399279307448,-6.88133093763086e-16
114.53418845240313,385.4794328504961,0.004177306844322438,385.4760695680602,1.6102611900349386,-8.848195913247863e-16
115.03418845240313,384.97951112234375,0.00420096938070714,384.9761140404656,1.6172823814094535,-8.300856672539905e-16
115.53418845240313,384.4795896066991,0.004224693267930277,384.4761585095607,1.624303502087482,-9.676752625028364e-16
116.03418845240313,383.9796683043902,0.004248478745679201,383.97620297533445,1.631324552102252,-7.8213983756614e-16
116.53418845240313,383.47974721624945,0.0042723260548909545,383.4762474377755,1.6383455314870268,-6.585275076519593e-16
117.03418845240313,382.97982634311353,0.004296235437760425,382.9762918968726,1.645366440275106,-8.649560237596423e-16
117.53418845240313,382.47990568582355,0.004320207137748564,382.47633635261457,1.6523872784998257,-8.739302896585684e-16
118.03418845240313,381.979985245225,0.00434424139959067,381.97638080498973,1.659408046194559,-8.830099178237264e-16
118.53418845240313,381.4800650221678,0.0043683384693047386,381.4764252539868,1.6664287433927158,-8.235658043624894e-16
119.03418845240313,380.9801450175063,0.004392498594199876,380.9764696995941,1.6734493701277462,-9.708362462660568e-16
119.53418845240313,380.48022523209926,0.004416722022884779,380.4765141418,1.6804699264331364,-8.408260374889129e-16
120.03418845240313,379.98030566681007,0.004441009005276283,379.9765585805928,1.6874904123424133,-1.062011480934871e-15
120.53418845240313,379.4803863225066,0.004465359792607977,379.4766030159607,1.6945108278891423,-1.0731201809414238e-15
121.03418845240313,378.98046720006136,0.0044897746374388875,378.9766474478919,1.7015311731069305,-9.397789766436558e-16
121.53418845240313,378.4805483003513,0.004514253793662229,378.47669187637433,1.7085514480294235,-9.496359138712074e-16
122.03418845240313,377.98062962425814,0.004538797516514228,377.97673630139604,1.7155716526903098,-8.119775467551016e-16
122.53418845240313,377.4807111726682,0.004563406062583011,377.47678072294497,1.7225917871233185,-7.459248210671144e-16
123.03418845240313,376.9807929464725,0.0045880796898175695,376.9768251410089,1.7296118513622214,-9.045367413241333e-16
123.53418845240313,376.48087494656676,0.0046128186575367935,376.47686955557555,1.7366318454408332,-6.855570201564771e-16
124.03418845240313,375.9809571738515,0.004637623226438577,375.9769139666326,1.7436517693930114,-1.0776839906620265e-15
124.53418845240313,375.481039629232,0.004662493658608994,375.4769583741677,1.750671623252658,-1.089080510076495e-15
125.03418845240313,374.9811223136183,0.004687430217531555,374.9770027781682,1.7576914070537188,-7.861524163000081e-16
125.53418845240313,374.4812052279254,0.0047124331680965265,374.4770471786216,1.764711120830185,-1.1122844284774515e-15
126.03418845240313,373.9812883730731,0.00473750277661034,373.9770915755153,1.7717307646160934,-1.0438029581759725e-15
126.53418845240313,373.4813717499861,0.004762639310805059,373.47713596883654,1.7787503384455259,-1.2171947691832758e-15
127.03418845240313,372.9814553595942,0.004787843039847939,372.9771803585724,1.785769842352612,-1.3941763181417014e-15
127.53418845240313,372.4815392028319,0.004813114234351053,372.4772247447102,1.7927892763715283,-1.6576966836889703e-15
128.03418845240313,371.981623280639,0.004838453166380997,371.9772691272367,1.7998086405364988,-1.2565476807468593e-15
128.53418845240313,371.4817075939601,0.00486386010946868,371.4773135061389,1.806827934881796,-1.3546487547941918e-15
129.03418845240313,370.98179214374505,0.004889335338619183,370.9773578814037,1.8138471594417416,-1.112437086651857e-15
129.53418845240313,370.4818769309488,0.004914879130321706,370.4774022530177,1.820866314250706,-1.0378752095427363e-15
130.03418845240313,369.98196195653134,0.0049404917625595944,369.9774466209678,1.8278853993431112,-1.3112737071012224e-15
130.53418845240313,369.48204722145795,0.00496617351482044,369.47749098524037,1.8349044147534288,-1.1486562513336373e-15
131.03418845240313,368.98213272669904,0.0049919246681062734,368.977535345822,1.8419233605161813,-1.250333444033222e-15
131.53418845240313,368.4822184732304,0.005017745504943835,368.4775797026991,1.848942236665945,-1.0832697340575617e-15
132.03418845240313,367.9823044620329,0.005043636309394926,367.97762405585786,1.8559610432373463,-1.003718858464322e-15
132.53418845240313,367.482390694093,0.005069597367066853,367.47766840528465,1.8629797802650667,-1.1068051778675885e-15
133.03418845240313,366.98247717040226,0.005095628965122947,366.97771275096545,1.8699984477838403,-9.323242761464196e-16
133.53418845240313,366.48256389195785,0.005121731392293181,366.47775709288635,1.8770170458284559,-1.1309198631430028e-15
134.03418845240313,365.98265085976226,0.00514790493888486,365.9778014310334,1.8840355744337578,-1.2384659929348924e-15
134.53418845240313,365.48273807482343,0.0051741498967934115,365.47784576539226,1.891054033634645,-9.630247594686964e-16
135.03418845240313,364.9828255381549,0.0052004665595132595,364.9778900959488,1.8980724234660742,-1.3629150835901416e-15
135.53418845240313,364.4829132507757,0.0052268552221487845,364.4779344226887,1.9050907439630573,-1.2793637213913772e-15
136.03418845240313,363.98300121371045,0.00525331618142538,363.9779787455974,1.9121089951606653,-1.2933336390973102e-15
136.53418845240313,363.4830894279894,0.0052798497357005965,363.47802306466053,1.9191271770940264,-1.2069010157892115e-15
137.03418845240313,362.98317789464846,0.00530645618497538,362.9780673798633,1.9261452897983278,-1.2201170603688382e-15
137.53418845240313,362.48326661472925,0.005333135830905399,362.47811169119115,1.9331633333088172,-1.1307053972453368e-15
138.03418845240313,361.9833555892791,0.005359888976812472,361.9781559986291,1.9401813076608008,-1.2470424867211667e-15
138.53418845240313,361.4834448193511,0.005386715927696083,361.47820030216235,1.9471992128896471,-1.2607564250526555e-15
139.03418845240313,360.9835343060043,0.005413616990244999,360.97824460177577,1.9542170490307866,-1.168420863976419e-15
139.53418845240313,360.4836240503034,0.005440592472848976,360.47828889745426,1.9612348161197102,-8.591322701749283e-16
140.03418845240313,359.9837140533191,0.005467642685610573,359.9783331891826,1.968252514191973,-1.1943536143231354e-15
140.53418845240313,359.48380431612804,0.005494767940357054,359.47837747694547,1.975270143283193,-1.3173418127631816e-15
141.03418845240313,358.9838948398129,0.005521968550652397,358.9784217607274,1.982287703429053,-1.4429270626963675e-15
141.53418845240313,358.48398562546225,0.0055492448318094035,358.4784660405128,1.9893051946653013,-1.346706311747208e-15
142.03418845240313,357.9840766741709,0.0055765971009019005,357.9785103162862,1.996322617027752,-1.5886094951551826e-15
142.53418845240313,357.48416798703965,0.005604025676777055,357.4785545880317,2.003339970552284,-1.2620778274299042e-15
143.03418845240313,356.9842595651754,0.005631530880067787,356.97859885573354,2.0103572552748443,-1.508162094705284e-15
143.53418845240313,356.4843514096914,0.0056591130332052896,356.47864311937565,2.0173744712314496,-1.6422936908481679e-15
144.03418845240313,355.98444352170696,0.00568677246043165,355.97868737894197,2.0243916184581825,-1.6013327982703976e-15
144.53418845240313,355.4845359023478,0.005714509487812581,355.4787316344163,2.0314086969911953,-1.6192487911004036e-15
145.03418845240313,354.9846285527459,0.00574232444325026,354.97877588578245,2.038425706866713,-1.87996798726561e-15
145.53418845240313,354.48472147403965,0.005770217656496275,354.47882013302393,2.0454426481210284,-1.5331148535186234e-15
146.03418845240313,353.9848146673738,0.00579818945916468,353.9788643761242,2.052459520790508,-1.6123560521212497e-15
146.53418845240313,353.4849081338997,0.00582624018474516,353.47890861506664,2.0594763249115893,-1.630500334261904e-15
147.03418845240313,352.98500187477504,0.005854370168616315,352.9789528498346,2.066493060520784,-1.5854572311370336e-15
147.53418845240313,352.48509589116406,0.005882579748059047,352.4789970804111,2.0735097276546774,-1.539216818966449e-15
148.03418845240313,351.98519018423775,0.005910869262270067,351.9790413067792,2.0805263263499296,-1.6863317627771539e-15
148.53418845240313,351.4852847551736,0.005939239052375517,351.47908552892187,2.0875428566432754,-1.6398264685230722e-15
149.03418845240313,350.98537960515586,0.005967689461444705,350.97912974682174,2.0945593185715277,-1.5257418123213493e-15
149.53418845240313,350.4854747353754,0.005996220834503963,350.4791739604616,2.1015757121715732,-1.4759728161530554e-15
150.03418845240313,349.9855701470301,0.0060248335185506185,349.97921816982387,2.108592037480381,-1.4927531025898038e-15
150.53418845240313,349.48566584132453,0.006053527862567088,349.4792623748912,2.115608294534995,-1.7842489547271077e-15
151.03418845240313,348.9857618194701,0.00608230421753509,348.9793065756457,2.1226244833725407,-1.596371399670476e-15
151.53418845240313,348.4858580826853,0.006111162936449986,348.4793507720696,2.1296406040302243,-1.4040006726541002e-15
152.03418845240313,347.98595463219544,0.006140104374335238,347.979394964145,2.1366566565453313,-1.4200569853830576e-15
152.53418845240313,347.48605146923296,0.006169128888256992,347.47943915185374,2.1436726409552302,-1.5081369748582899e-15
153.03418845240313,346.9861485950374,0.006198236837338792,346.97948333517775,2.1506885572973733,-1.5254352704596159e-15
153.53418845240313,346.4862460108553,0.006227428582776419,346.47952751409855,2.1577044056092953,-1.5429579150079489e-15
154.03418845240313,345.98634371794066,0.0062567044878528546,345.97957168859784,2.1647201859286165,-1.4120692812148697e-15
154.53418845240313,345.4864417175544,0.00628606491795338,345.479615858657,2.1717358982930417,-1.3531622403186912e-15
155.03418845240313,344.9865400109649,0.006315510240580803,344.9796600242572,2.1787515427403625,-1.2927323326254442e-15
155.53418845240313,344.4866385994479,0.006345040825370823,344.4797041853798,2.185767119308458,-1.230748687817426e-15
156.03418845240313,343.9867374842864,0.006374657044107517,343.9797483420056,2.1927826280352956,-1.6340517570128106e-15
156.53418845240313,343.48683666677096,0.006404359270738977,343.4797924941157,2.19979806895893,-1.574276639353973e-15
157.03418845240313,342.9869361481997,0.006434147881393075,342.9798366416908,2.2068134421175083,-1.5925498709590774e-15
157.53418845240313,342.4870359298781,0.006464023254393365,342.47988078471144,2.213828747549267,-1.6110629169720908e-15
158.03418845240313,341.9871360131195,0.0064939857702751265,341.97992492315814,2.2208439852925337,-1.6298192866254834e-15
158.53418845240313,341.48723639924464,0.006524035811801554,341.47996905701126,2.22785915538573,-1.5663814185022687e-15
159.03418845240313,340.98733708958224,0.006554173763980078,340.98001318625097,2.2348742578673715,-1.6680763179835464e-15
159.53418845240313,340.4874380854686,0.00658440001407884,340.48005731085743,2.241889292776066,-1.6875842853713016e-15
160.03418845240313,339.987539388248,0.006614714951643309,339.98010143081046,2.2489042601505194,-1.8780852088048664e-15
160.53418845240313,339.48764099927257,0.006645118968513039,339.4801455460899,2.2559191600295327,-1.7273778339598698e-15
161.03418845240313,338.98774291990236,0.006675612458838587,338.9801896566754,2.262933992452004,-1.7476710822390273e-15
161.53418845240313,338.48784515150544,0.006706195819098568,338.4802337625464,2.2699487574569313,-2.033468941356237e-15
162.03418845240313,337.98794769545793,0.006736869448116872,337.9802778636822,2.27696345508341,-2.2363377060397482e-15
162.53418845240313,337.4880505531442,0.006767633747080026,337.4803219600621,2.2839780853706375,-1.9912024519483133e-15
163.03418845240313,336.9881537259567,0.006798489119554713,336.9803660516651,2.290992648357912,-2.1978955586746104e-15
163.53418845240313,336.48825721529613,0.006829435971505452,336.48041013847006,2.2980071440846337,-2.2239133324634857e-15
164.03418845240313,335.98836102257155,0.006860474711312427,335.9804542204557,2.3050215725903067,-1.8752327410000546e-15
164.53418845240313,335.48846514920035,0.006891605749789482,335.4804982976008,2.3120359339145398,-1.8974988533629266e-15
165.03418845240313,334.98856959660844,0.006922829500202274,334.98054236988355,2.3190502280970464,-2.112070232817062e-15
165.53418845240313,334.48867436623016,0.006954146378286591,334.48058643728234,2.326064455177647,-2.234372027732843e-15
166.03418845240313,333.9887794595084,0.006985556802266831,333.9806304997753,2.333078615196269,-2.1627192953410004e-15
166.53418845240313,333.48888487789475,0.00701706119287465,333.4806745573404,2.3400927081929495,-2.387516672325139e-15
167.03418845240313,332.98899062284937,0.007048659973367779,332.98071860995543,2.3471067342078347,-2.2147435491696008e-15
167.53418845240313,332.48909669584134,0.007080353569549005,332.480762657598,2.3541206932811813,-2.139407786849638e-15
168.03418845240313,331.9892030983484,0.007112142409785331,331.9808067002456,2.361134585453358,-1.9588867759473982e-15
168.53418845240313,331.4893098318573,0.007144026925027301,331.4808507378755,2.368148410764847,-2.0867727262528773e-15
169.03418845240313,330.98941689786375,0.0071760075488285086,330.98089477046494,2.3751621692562437,-2.2174909925136314e-15
169.53418845240313,330.4895242978723,0.0072080847173652774,330.48093879799086,2.382175860968259,-2.030493476118904e-15
170.03418845240313,329.98963203339684,0.00724025886945652,329.98098282043,2.3891894859417206,-1.9468566229390994e-15
170.53418845240313,329.48974010596027,0.0072725304465837805,329.4810268377591,2.3962030442175735,-2.0798719293944945e-15
171.03418845240313,328.98984851709474,0.007304899892911456,328.98107084995456,2.40321653583688,-2.1050683865810074e-15
171.53418845240313,328.48995726834175,0.007337367655307207,328.48111485699275,2.4102299608408244,-2.1306098762186695e-15
172.03418845240313,327.99006636125216,0.007369934183362551,327.98115885884977,2.41724331927071,-2.0430015781731543e-15
172.53418845240313,327.4901757973862,0.007402599929413646,327.4812028555015,2.424256611167963,-2.067867579517268e-15
173.03418845240313,326.9902855783137,0.007435365348562265,326.9812468469238,2.431269836574133,-2.034934687190361e-15
173.53418845240313,326.49039570561405,0.007468230898696962,326.4812908330922,2.4382829955308933,-1.9420785279889723e-15
174.03418845240313,325.99050618087625,0.007501197040514431,325.9813348139822,2.4452960880800445,-1.8466865720075866e-15
174.53418845240313,325.49061700569905,0.007534264237541067,325.4813787895688,2.452309114263511,-2.050205170732392e-15
175.03418845240313,324.9907281816911,0.007567432956154723,324.98142275982724,2.45932207412335,-2.0753555891589755e-15
175.53418845240313,324.4908397104708,0.007600703665606663,324.48146672473234,2.466334967701743,-2.2244344214267166e-15
176.03418845240313,323.99095159366664,0.007634076838043729,323.98151068425864,2.4733477950410068,-2.0016075179667712e-15
176.53418845240313,323.49106383291706,0.007667552948530702,323.4815546383808,2.480360556183586,-2.1529208410812582e-15
177.03418845240313,322.9911764298706,0.00770113247507288,322.981598587073,2.487373251172061,-2.179498867134614e-15
177.53418845240313,322.4912893861861,0.0077348158986388586,322.4816425303094,2.4943858800491467,-2.0117611723599073e-15
178.03418845240313,321.9914027035325,0.00776860370318353,321.98168646806374,2.501398442857692,-2.0366755834277945e-15
178.53418845240313,321.49151638358927,0.007802496375671291,321.4817304003099,2.5084109396406835,-2.1284528790565835e-15
179.03418845240313,320.99163042804616,0.00783649440609947,320.9817743270213,2.515423370441247,-2.1548965611158984e-15
179.53418845240313,320.49174483860355,0.007870598287521973,320.4818182481712,2.522435735302648,-1.9771760975678797e-15
180.03418845240313,319.99185961697236,0.007904808516073156,319.9818621637328,2.5294480342682912,-2.0018189563547957e-15
180.53418845240313,319.4919747648742,0.007939125590991912,319.48190607367894,2.536460267381728,-1.9569189797917416e-15
181.03418845240313,318.9920902840414,0.007973550014645987,318.9819499779823,2.543472434686647,-2.1936792000400603e-15
181.53418845240313,318.4922061762172,0.008008082292556534,318.4819938766155,2.5504845362268878,-2.1495022768851e-15
182.03418845240313,317.99232244315573,0.008042722933422888,317.9820377695506,2.5574965720464347,-1.958818958318654e-15
182.53418845240313,317.4924390866221,0.008077472449147576,317.48208165675976,2.5645085421894183,-2.203810989656576e-15
183.03418845240313,316.99255610839253,0.00811233135486157,316.98212553821486,2.571520446700121,-2.0827751085523002e-15
183.53418845240313,316.4926735102546,0.008147300168949774,316.4821694138875,2.5785322856229755,-2.1090280998245903e-15
184.03418845240313,315.99279129400685,0.008182379413076753,315.98221328374916,2.5855440590025656,-2.059381672290006e-15
184.53418845240313,315.4929094614595,0.008217569612212709,315.48225714777095,2.5925557668836294,-1.853710243329942e-15
185.03418845240313,314.993028014434,0.0082528712946597,314.9823010059239,2.599567409311061,-1.9554060639343924e-15
185.53418845240313,314.49314695476346,0.008288284992078114,314.48234485817875,2.60657898632991,-1.9010054910324735e-15
186.03418845240313,313.99326628429264,0.008323811239513396,313.9823887045061,2.613590497985385,-1.6845172883985432e-15
186.53418845240313,313.49338600487795,0.008359450575423021,313.48243254487613,2.6206019443228543,-1.705958320165693e-15
187.03418845240313,312.99350611838764,0.00839520354170374,312.98247637925897,2.627613325387847,-2.0567949516138098e-15
187.53418845240313,312.49362662670194,0.008431070683719073,312.4825202076245,2.634624641226055,-1.833092958365103e-15
188.03418845240313,311.9937475317131,0.008467052550327078,311.9825640299423,2.6416358918833356,-1.6877635507156152e-15
188.53418845240313,311.4938688353254,0.00850314969390838,311.48260784618174,2.648647077405711,-2.0512644713225092e-15
189.03418845240313,310.9939905394553,0.00853936267039447,310.98265165631193,2.655658197839371,-2.164154543218004e-15
189.53418845240313,310.4941126460317,0.008575692039296286,310.4826954603018,2.6626692532306735,-1.7535783288024702e-15
190.03418845240313,309.9942351569958,0.008612138363733058,309.98273925812,2.6696802436261495,-2.042579727436053e-15
190.53418845240313,309.4943580743014,0.008648702210461438,309.4827830497349,2.6766911690725004,-2.248828420804029e-15
191.03418845240313,308.9944813999148,0.00868538414990492,308.98282683511474,2.6837020296166036,-2.0956484641698138e-15
191.53418845240313,308.494605135815,0.00872218475618353,308.4828706142274,2.690712825305509,-2.3996472952828192e-15
192.03418845240313,307.99472928399393,0.008759104607143823,307.98291438704047,2.6977235561864465,-2.1502778480743494e-15
192.53418845240313,307.4948538464563,0.008796144284389155,307.48295815352145,2.7047342223068243,-2.08348965039946e-15
193.03418845240313,306.9949788252199,0.008833304373310261,306.98300191363734,2.7117448237142305,-2.398390353749491e-15
193.53418845240313,306.49510422231566,0.008870585463116136,306.4830456673552,2.7187553604564374,-2.138075495196879e-15
194.03418845240313,305.9952300397877,0.008907988146865203,305.98308941464154,2.7257658325814003,-2.362878679921707e-15
194.53418845240313,305.49535627969357,0.008945513021496801,305.48313315546284,2.73277624013726,-2.1942800344691154e-15
195.03418845240313,304.9954829441041,0.008983160687862984,304.9831768897851,2.739786583172347,-2.2230059879273513e-15
195.53418845240313,304.49561003510377,0.009020931750760615,304.4832206175742,2.746796861735178,-2.0474153320483705e-15
196.03418845240313,303.99573755479076,0.009058826818963795,303.9832643387956,2.7538070758744655,-2.281739673000592e-15
196.53418845240313,303.495865505277,0.009096846505256608,303.4833080534147,2.760817225639111,-2.3117615451404914e-15
197.03418845240313,302.9959938886883,0.00913499142646618,302.9833517613964,2.7678273110782134,-2.342229745594489e-15
197.53418845240313,302.4961227071645,0.009173262203496084,302.4833954627055,2.7748373322410687,-2.3731516708230123e-15
198.03418845240313,301.9962519628595,0.009211659461360053,301.98343915730646,2.7818472891771697,-2.1859407749722708e-15
198.53418845240313,301.4963816579415,0.009250183829216052,301.48348284516334,2.7888571819362116,-2.3256420982408647e-15
199.03418845240313,300.9965117945932,0.009288835940400673,300.9835265262401,2.795867010568091,-2.356501449055591e-15
199.53418845240313,300.4966423750114,0.00932761643246388,300.48357020050025,2.802876775122911,-2.2741175793077257e-15
200.03418845240313,299.99677340140784,0.009366525947204097,299.98361386790714,2.8098864756509787,-2.304396054947958e-15
200.53418845240313,299.49690487600884,0.009405565130703654,299.4836575284237,2.816896112202811,-2.3935082711135872e-15
201.03418845240313,298.99703680105563,0.009444734633364585,298.9837011820126,2.8239056848291346,-2.3071689362010934e-15
201.53418845240313,298.4971691788043,0.009484035109944776,298.4837448286363,2.8309151935808896,-2.278095358632773e-15
202.03418845240313,297.99730201152613,0.009523467219594496,297.9837884682569,2.8379246385092296,-2.4301419446376747e-15
202.53418845240313,297.49743530150755,0.009563031625893281,297.4838321008361,2.8449340196655255,-2.3396368913290394e-15
203.03418845240313,296.9975690510504,0.009602728996887192,296.9838757263354,2.8519433371013667,-2.371109299568641e-15
203.53418845240313,296.4977032624719,0.009642560005126458,296.48391934471584,2.8589525908685625,-2.4030600266929058e-15
204.03418845240313,295.9978379381049,0.009682525327703488,295.98396295593847,2.865961781019146,-2.2432210828193995e-15
204.53418845240313,295.4979730802981,0.009722625646291283,295.48400655996363,2.872970907605374,-2.273553026966049e-15
205.03418845240313,294.9981086914159,0.009762861647182224,294.98405015675155,2.8799799706797318,-2.501863910712537e-15
205.53418845240313,294.4982447738388,0.009803234021327262,294.4840937462621,2.8869889702949334,-2.5358104720928914e-15
206.03418845240313,293.9983813299634,0.009843743464375514,293.9841373284547,2.893997906503925,-2.6379162914282764e-15
206.53418845240313,293.4985183622027,0.009884390676714245,293.48418090328875,2.9010067793598844,-2.605273622406672e-15
207.03418845240313,292.99865587298586,0.009925176363509279,292.984224470723,2.9080155889162276,-2.4323233069889044e-15
207.53418845240313,292.4987938647588,0.009966101234745813,292.48426803071595,2.9150243352266076,-2.4655568189836888e-15
208.03418845240313,291.9989323399841,0.010007166005269652,291.98431158322586,2.9220330183449184,-2.642120656802301e-15
208.53418845240313,291.4990713011411,0.010048371394828868,291.48435512821044,2.929041638325296,-2.6059594096194116e-15
209.03418845240313,290.9992107507262,0.010089718128115889,290.9843986656273,2.936050195222123,-2.4216067404967013e-15
209.53418845240313,290.49935069125286,0.010131206934810023,290.4844421954334,2.9430586890900283,-2.454926477173485e-15
210.03418845240313,289.99949112525184,0.010172838549620419,289.9844857175856,2.9500671199838906,-2.111678665077037e-15
210.53418845240313,289.4996320552714,0.010214613712329476,289.48452923204036,2.957075487958842,-2.293753368505215e-15
211.03418845240313,288.9997734838772,0.010256533167836696,288.9845727387536,2.9640837930702677,-2.1704491159111444e-15
211.53418845240313,288.49991541365284,0.010298597666203004,288.48461623768117,2.971092035373812,-2.279114649135598e-15
212.03418845240313,288.00005784719957,0.010340807962695516,287.9846597287782,2.9781002149253766,-2.4701139399692193e-15
212.53418845240313,287.5002007871368,0.010383164817832783,287.48470321199966,2.9851083317811264,-2.3428849668732163e-15
213.03418845240313,287.0003442361022,0.010425668997430505,286.9847466873001,2.992116385997493,-2.211693799854976e-15
213.53418845240313,286.50048819675163,0.010468321272647723,286.4847901546337,2.999124377631171,-2.2425591092371018e-15
214.03418845240313,286.0006326717595,0.010511122420033494,285.9848336139542,3.006132306739128,-2.2739110092871523e-15
214.53418845240313,285.50077766381895,0.010554073221574053,285.4848770652151,3.0131401733786034,-2.2203596038088726e-15
215.03418845240313,285.0009231756419,0.010597174464740487,284.98492050836916,3.020147977607111,-2.424705575183629e-15
215.53418845240313,284.50106920995927,0.010640426942536883,284.48496394336917,3.027155719482442,-2.195344987455725e-15
216.03418845240313,284.0012157695212,0.010683831453549017,283.9850073701672,3.0341633990626704,-2.6715089164011267e-15
216.53418845240313,283.50136285709704,0.010727388801993528,283.4850507887151,3.0411710164061505,-2.347968033843566e-15
217.03418845240313,283.00151047547575,0.01077109979776763,282.9850941989642,3.048178571571523,-2.381148771642927e-15
217.53418845240313,282.50165862746593,0.010814965256499356,282.4851376008654,3.0551860646177182,-2.321979984617979e-15
218.03418845240313,282.00180731589603,0.010858985999598312,281.98518099436933,3.0621934956039576,-2.543305183295314e-15
218.53418845240313,281.5019565436145,0.010903162854307,281.48522437942603,3.0692008645897566,-2.48390691373514e-15
219.03418845240313,281.00210631348995,0.010947496653752668,280.98526775598515,3.0762081716349274,-2.5192636380480394e-15
219.53418845240313,280.5022566284115,0.010991988236999725,280.485311123996,3.083215416799583,-2.456912364259059e-15
220.03418845240313,280.00240749128864,0.011036638449102711,279.9853544834072,3.0902226001441377,-2.4920122731250043e-15
220.53418845240313,279.5025589050518,0.011081448141159843,279.4853978341673,3.0972297217293145,-2.5276785990745004e-15
221.03418845240313,279.00271087265224,0.01112641817036712,278.9854411762242,3.1042367816161427,-2.666478390827986e-15
221.53418845240313,278.50286339706236,0.011171549400073033,278.48548450952524,3.111243779865965,-2.600751454441983e-15
222.03418845240313,278.0030164812758,0.011216842699833843,277.98552783401743,3.118250716540438,-2.6381789695489183e-15
222.53418845240313,277.5031701283078,0.011262298945469474,277.4855711496474,3.1252575917015375,-2.783263477265773e-15
223.03418845240313,277.0033243411952,0.011307919019119995,276.9856144563612,3.1322644054115587,-2.6062754057445295e-15
223.53418845240313,276.50347912299674,0.011353703809302729,276.48565775410435,3.139271157733122,-2.75415620934493e-15
224.03418845240313,276.0036344767933,0.011399654210969968,275.98570104282203,3.146277848729176,-2.7940843349247725e-15
224.53418845240313,275.503790405688,0.01144577112556733,275.4857443224588,3.153284478462998,-2.4945063342231734e-15
225.03418845240313,275.00394691280644,0.011492055461092738,274.9857875929589,3.1602910469982004,-2.588322603685109e-15
225.53418845240313,274.5041040012969,0.011538508132156058,274.485830854266,3.167297554398733,-2.6260556882187713e-15
226.03418845240313,274.0042616743306,0.011585130060039374,273.98587410632325,3.1743040007288865,-2.6052009771420903e-15
226.53418845240313,273.50441993510185,0.01163192217275793,273.48591734907325,3.181310386053294,-2.5832462250453617e-15
227.03418845240313,273.0045787868282,0.011678885405121752,272.9859605824582,3.1883167104369354,-2.743028687445234e-15
227.53418845240313,272.5047382327507,0.011726020698797924,272.48600380641966,3.1953229739451428,-2.597761959283547e-15
228.03418845240313,272.0048982761343,0.011773329002373574,271.98604702089887,3.202329176643601,-2.5104643688913646e-15
228.53418845240313,271.5050589202679,0.01182081127141954,271.48609022583634,3.209335318598354,-2.6748485253754157e-15
229.03418845240313,271.0052201684644,0.011868468468554745,270.98613342117216,3.216341399875806,-2.8436116149061238e-15
229.53418845240313,270.50538202406125,0.011916301563511289,270.48617660684585,3.223347420542725,-2.623355851637454e-15
230.03418845240313,270.00554449042045,0.011964311533200255,269.9862197827964,3.2303533806662488,-2.529137127067832e-15
230.53418845240313,269.5057075709289,0.012012499361778254,269.48626294896223,3.2373592803138855,-2.566704913281989e-15
231.03418845240313,269.00587126899853,0.012060866040714713,268.9863061052812,3.24436511955352,-2.7420031207314127e-15
231.53418845240313,268.5060355880667,0.0121094125688599,268.4863492516907,3.2513708984534166,-2.574170880021345e-15
232.03418845240313,268.0062005315962,0.01215813995251373,267.98639238812746,3.2583766170822224,-2.5420142318931562e-15
232.53418845240313,267.50636610307566,0.012207049205495325,267.4864355145276,3.26538227550897,-2.7233977772876904e-15
233.03418845240313,267.0065323060197,0.012256141349213365,266.9864786308268,3.2723878738030856,-2.4005217735436222e-15
233.53418845240313,266.50669914396934,0.012305417412737224,266.48652173696007,3.2793934120343877,-2.5842602619276537e-15
234.03418845240313,266.00686662049196,0.01235487843286891,265.9865648328618,3.2863988902730945,-2.4732667227413018e-15
234.53418845240313,265.5070347391818,0.012404525454215823,265.48660791846595,3.293404308589826,-2.586646616582002e-15
235.03418845240313,265.00720350366004,0.012454359529264316,264.9866509937055,3.3004096670556096,-2.471278757741497e-15
235.53418845240313,264.50737291757525,0.012504381718454121,264.4866940585133,3.3074149657418825,-2.587091117086632e-15
236.03418845240313,264.00754298460345,0.012554593090253587,263.9867371128212,3.314420204720497,-2.4671639185828218e-15
236.53418845240313,263.5077137084485,0.012604994721235798,263.4867801565607,3.321425384063726,-2.6662527937659732e-15
237.03418845240313,263.00788509284223,0.012655587696155546,262.98682318966246,3.328430503844263,-2.6248290743819948e-15
237.53418845240313,262.50805714154484,0.012706373108027181,262.48686621205655,3.335435564135229,-2.7481554596616198e-15
238.03418845240313,262.00822985834515,0.012757352058203367,261.98690922367246,3.342440565010179,-2.536516007477663e-15
238.53418845240313,261.5084032470608,0.01280852565645472,261.48695222443905,3.349445506543102,-2.4895226600539023e-15
239.03418845240313,261.00857731153866,0.012859895021050375,260.98699521428443,3.3564503888084283,-2.614892617729717e-15
239.53418845240313,260.50875205565484,0.012911461278839471,260.4870381931361,3.363455211881032,-2.743605411165715e-15
240.03418845240313,260.00892748331523,0.012963225565333589,259.9870811609207,3.3704599758362384,-2.7858766703147256e-15
240.53418845240313,259.5091035984558,0.01301518902479012,259.4871241175646,3.3774646807498256,-2.7376291427670685e-15
241.03418845240313,259.00928040504266,0.013067352810296612,258.987167062993,3.38446932669803,-2.5946425860440986e-15
241.53418845240313,258.5094579070725,0.013119718083856103,258.4872099971308,3.3914739137575514,-2.82305894892659e-15
242.03418845240313,258.00963610857286,0.013172286016473422,257.98725291990183,3.398478442005557,-2.8668977919345016e-15
242.53418845240313,257.5098150136026,0.013225057788242511,257.48729583122963,3.4054829115196883,-2.523304712872334e-15
243.03418845240313,257.00999462625174,0.013278034588434766,256.98733873103663,3.4124873223780625,-2.9568969129302733e-15
243.53418845240313,256.5101749506423,0.013331217615588397,256.4873816192447,3.4194916746592794,-2.8028817290546894e-15
244.03418845240313,256.0103559909283,0.01338460807759885,255.98742449577497,3.4264959684424268,-2.7450837729929613e-15
244.53418845240313,255.5105377512961,0.013438207191810275,255.48746736054778,3.433500203807084,-2.7881365288429006e-15
245.03418845240313,255.01072023596484,0.013492016185108079,254.9875102134828,3.4405043808333278,-2.7270647050220918e-15
245.53418845240313,254.5109034491866,0.013546036294012565,254.48755305449882,3.4475084996017378,-2.6634672824615765e-15
246.03418845240313,254.01108739524685,0.013600268764773675,253.98759588351396,3.4545125601934,-2.7054911813948196e-15
246.53418845240313,253.51127207846469,0.013654714853466855,253.48763870044547,3.461516562689913,-2.9681249561394825e-15
247.03418845240313,253.01145750319324,0.01370937582609005,252.9876815052098,3.4685205071733947,-2.568456139495727e-15
247.53418845240313,252.51164367381998,0.013764252958661861,252.4877242977227,3.4755243937264853,-2.4957814513102446e-15
248.03418845240313,252.01183059476702,0.013819347537320857,251.98776707789906,3.4825282224323537,-2.4778533088217124e-15
248.53418845240313,251.51201827049155,0.013874660858426077,251.48780984565295,3.4895319933747033,-2.6929729372097066e-15
249.03418845240313,251.01220670548605,0.01393019422865873,250.98785260089753,3.496535706637777,-2.8549350355147218e-15
249.53418845240313,250.51239590427878,0.013985948965125115,250.48789534354523,3.503539362306362,-2.4776134765478617e-15
250.03418845240313,250.01258587143403,0.014041926395460766,249.98793807350765,3.510542960465799,-2.6401389423169607e-15
250.53418845240313,249.51277661155254,0.014098127857935858,249.4879807906954,3.517546501201983,-2.869715005411188e-15
251.03418845240313,249.01296812927185,0.01415455470156187,248.98802349501835,3.5245499846013706,-2.7257501055893506e-15
251.53418845240313,248.5131604292667,0.01421120828619955,248.48806618638542,3.531553410750989,-2.7053135585400286e-15
252.03418845240313,248.01335351624925,0.014268089982668165,247.98810886470463,3.5385567797384385,-2.6181419829109035e-15
252.53418845240313,247.51354739496972,0.014325201172856091,247.48815152988317,3.545560091651899,-2.7270691455252233e-15
253.03418845240313,247.01374207021652,0.014382543249832734,246.98819418182723,3.552563346580138,-2.771338027422478e-15
253.53418845240313,246.5139375468168,0.014440117617961813,246.48823682044215,3.5595665446125135,-2.6790321283417127e-15
254.03418845240313,246.0141338296368,0.014497925693016027,245.98827944563232,3.5665696858389837,-2.7227011166726447e-15
254.53418845240313,245.51433092358212,0.014555968902293118,245.48832205730113,3.573572770350111,-2.7671738958920014e-15
255.03418845240313,245.0145288335984,0.014614248684733351,244.98836465535115,3.580575798237068,-2.740352417078747e-15
255.53418845240313,244.51472756467143,0.014672766491038441,244.4884072396838,3.5875787695916457,-2.7852997905993593e-15
256.0341884524031,244.01492712182775,0.01473152378379193,243.98844981019965,3.594581684506259,-2.8310796411539267e-15
256.5341884524031,243.51512751013496,0.014790522037581065,243.48849236679828,3.601584543073955,-2.8777091519532233e-15
257.0341884524031,243.01532873470222,0.014849762739120146,242.98853490937816,3.6085873453884156,-2.9252058973832904e-15
257.5341884524031,242.51553080068064,0.014909247387375427,242.48857743783688,3.615590091543969,-2.8170832289149745e-15
258.0341884524031,242.0157337132637,0.014968977493691553,241.98861995207088,3.6225927816355923,-2.7046762038011305e-15
258.5341884524031,241.51593747768774,0.015028954581919564,241.48866245197573,3.6295954157589225,-2.6687285488647133e-15
259.0341884524031,241.0161420992323,0.01508918018854649,240.98870493744576,3.636597994010259,-2.6309313322394023e-15
259.5341884524031,240.51634758322066,0.015149655862826569,240.48874740837434,3.6436005164865755,-2.6748142140383302e-15
260.0341884524031,240.01655393502026,0.01521038316691409,239.9887898646537,3.650602983285523,-2.5495533640522116e-15
260.5341884524031,239.51676116004316,0.015271363675997903,239.48883230617506,3.6576053945054396,-2.7650768029422036e-15
261.0341884524031,239.01696926374652,0.015332598978437624,238.9888747328285,3.6646077502453576,-2.9872098328061466e-15
261.5341884524031,238.51717825163306,0.015394090675901534,238.48891714450295,3.6716100506050084,-3.0374602979228245e-15
262.0341884524031,238.0173881292515,0.015455840383506229,237.98895954108622,3.6786122956848337,-2.6344497664003106e-15
262.5341884524031,237.51759890219708,0.015517849729958025,237.48900192246504,3.685614485585991,-2.7713337123790342e-15
263.0341884524031,237.01781057611208,0.01558012035769615,236.9890442885249,3.6926166204103614,-2.5364275410698127e-15
263.5341884524031,236.51802315668627,0.01564265392303775,236.48908663915014,3.699618700260558,-2.8660688658183977e-15
264.0341884524031,236.01823664965738,0.015705452096324735,235.98912897422392,3.706620725239933,-2.8176409166965365e-15
264.5341884524031,235.51845106081169,0.0157685165620725,235.4891712936282,3.713622695452587,-2.6680217657239566e-15
265.0341884524031,235.01866639598444,0.01583184901912053,234.98921359724372,3.720624611003374,-2.6130796682374302e-15
265.5341884524031,234.51888266106047,0.015895451180784947,234.4892558849499,3.727626471997917,-2.964468283608655e-15
266.0341884524031,234.0190998619747,0.01595932477501298,233.9892981566251,3.7346282785426053,-2.8073590314832337e-15
266.5341884524031,233.51931800471257,0.016023471544539453,233.48934041214622,3.741630030744612,-2.6440857099230154e-15
267.0341884524031,233.01953709531074,0.01608789324704525,232.98938265138904,3.7486317287118984,-2.5820467421416126e-15
267.5341884524031,232.5197571398575,0.01615259165531786,232.48942487422795,3.755633372553224,-2.62662163654558e-15
268.0341884524031,232.0199781444934,0.016217568557413953,231.98946708053597,3.762634962378153,-2.6720653987297522e-15
268.5341884524031,231.52020011541182,0.016282825756824094,231.48950927018495,3.769636498297067,-2.718396903390762e-15
269.0341884524031,231.02042305885948,0.016348365072639575,230.98955144304526,3.7766379804211714,-2.4199310427708196e-15
269.5341884524031,230.52064698113705,0.01641418833972142,230.48959359898595,3.7836394088625034,-2.6379383549201274e-15
270.0341884524031,230.02087188859974,0.01648029740887159,229.98963573787472,3.7906407837339446,-2.5646933204953384e-15
270.5341884524031,229.52109778765788,0.016546694147006425,229.48967785957782,3.797642105149227,-2.5488696799056124e-15
271.0341884524031,229.0213246847775,0.016613380437332348,228.9897199639601,3.8046433732229414,-2.4083015996135885e-15
271.5341884524031,228.52155258648102,0.016680358179523888,228.489762050885,3.8116445880705547,-2.4506170070811217e-15
272.0341884524031,228.02178149934772,0.01674762928990402,227.98980412021444,3.8186457498084097,-2.6216576406854662e-15
272.5341884524031,227.5220114300145,0.0168151957016269,227.48984617180892,3.8256468585537395,-2.7329990642788287e-15
273.0341884524031,227.0222423851764,0.016883059364862996,226.98988820552742,3.8326479144246797,-2.9137870105293057e-15
273.5341884524031,226.5224743715874,0.016951222246986676,226.4899302212275,3.839648917540273,-2.9654436247051487e-15
274.0341884524031,226.02270739606087,0.01701968633276628,225.98997221876508,3.8466498680204837,-3.155322152508217e-15
274.5341884524031,225.5229414654703,0.017088453624556712,225.49001419799447,3.853650765986207,-3.071881901053653e-15
275.0341884524031,225.02317658675008,0.01715752614249461,224.99005615876865,3.860651611559277,-3.1267102630362722e-15
275.5341884524031,224.523412766896,0.017226905924696095,224.49009810093878,3.86765240486248,-2.9656451124008923e-15
276.0341884524031,224.02365001296604,0.017296595027457198,223.9901400243545,3.8746531460195652,-3.1660768387990036e-15
276.5341884524031,223.52388833208101,0.017366595525456933,223.49018192886382,3.8816538351552525,-3.2979246851344772e-15
277.0341884524031,223.0241277314253,0.017436909511963142,222.99022381431305,3.8886544723952476,-3.281021234148283e-15
277.5341884524031,222.5243682182475,0.017507539099041073,222.49026568054686,3.89565505786625,-3.1072103159255088e-15
278.0341884524031,222.02460979986128,0.017578486417764785,221.9903075274082,3.9026555916959667,-3.084345085618828e-15
278.5341884524031,221.52485248364596,0.017649753618431425,221.49034935473833,3.9096560740131205,-3.0597599129970055e-15
279.0341884524031,221.0250962770473,0.017721342870778384,220.99039116237677,3.9166565049474635,-3.4433107991786627e-15
279.5341884524031,220.52534118757833,0.017793256364203435,220.4904329501612,3.923656884629791,-3.4225660112201417e-15
280.0341884524031,220.02558722281995,0.017865496307987828,219.99047471792758,3.9306572131919477,-3.2300597620592756e-15
280.5341884524031,219.52583439042183,0.01793806493152246,219.49051646551,3.937657490766844,-3.375736785517238e-15
281.0341884524031,219.02608269810318,0.018010964484537133,218.9905581927408,3.944657717488468,-3.1732302340911514e-15
281.5341884524031,218.52633215365344,0.01808419723733294,218.4905998994503,3.951657893491897,-3.231579799119033e-15
282.0341884524031,218.02658276493324,0.01815776548101786,217.9906415854671,3.958658018913309,-3.565402482120186e-15
282.5341884524031,217.52683453987507,0.018231671527745585,217.49068325061776,3.965658093889996,-3.3519411233882574e-15
283.0341884524031,217.0270874864842,0.018305917710957652,216.990724894727,3.972658118560381,-3.224342451835709e-15
283.5341884524031,216.52734161283942,0.01838050638562892,216.49076651761752,3.979658093064022,-3.477375826266545e-15
284.0341884524031,216.027596927094,0.01845543992851645,215.99080811910994,3.9866580175416324,-3.542069872424706e-15
284.5341884524031,215.52785343747647,0.018530720738411843,215.49084969902302,3.993657892135094,-3.4076715383271133e-15
285.0341884524031,215.02811115229147,0.018606351236397103,214.99089125717333,4.000657716987466,-3.3692692326893934e-15
285.5341884524031,214.52837007992076,0.01868233386610406,214.49093279337546,4.0076574922430055,-3.5364093181966233e-15
286.0341884524031,214.02863022882397,0.01875867109397741,213.99097430744186,4.014657218047173,-3.2849297786398105e-15
286.5341884524031,213.5288916075396,0.018835365409541494,213.49101579918283,4.021656894546654,-3.022889396012597e-15
287.0341884524031,213.0291542246859,0.01891241932567077,212.99105726840656,4.028656521889371,-3.0799326359083298e-15
287.5341884524031,212.5294180889618,0.018989835378864135,212.49109871491896,4.035656100224494,-3.2502694469891514e-15
288.0341884524031,212.02968320914783,0.019067616129523096,211.99114013852375,4.042655629702461,-3.0834905615889645e-15
288.5341884524031,211.52994959410722,0.01914576416223391,211.49118153902245,4.04965511047499,-3.31665739698978e-15
289.0341884524031,211.03021725278668,0.019224282086053694,210.99122291621416,4.056654542695093,-3.2612555529224962e-15
289.5341884524031,210.53048619421753,0.01930317253480064,210.49126426989582,4.063653926517097,-3.263111185652959e-15
290.0341884524031,210.03075642751662,0.01938243816734833,209.9913055998619,4.07065326209665,-3.3871657471264942e-15
290.5341884524031,209.5310279618874,0.01946208166792429,209.49134690590458,4.077652549590745,-3.1383341408409024e-15
291.0341884524031,209.03130080662086,0.019542105746412807,208.99138818781347,4.084651789157734,-3.2626811601718374e-15
291.5341884524031,208.53157497109672,0.019622513138662093,208.4914294453759,4.091650980957338,-2.999559850176936e-15
292.0341884524031,208.03185046478438,0.019703306606795878,207.99147067837663,4.098650125150674,-2.9910764212891343e-15
292.5341884524031,207.53212729724402,0.0197844889395295,207.49151188659792,4.105649221900265,-2.710256736210835e-15
293.0341884524031,207.03240547812766,0.019866062952490555,206.99155306981942,4.112648271370056,-2.970124056833863e-15
293.5341884524031,206.53268501718034,0.019948031488544217,206.49159422781818,4.119647273725436,-2.746292417768353e-15
294.0341884524031,206.0329659242412,0.020030397418123257,205.99163536036875,4.126646229133247,-2.9434896089085464e-15
294.5341884524031,205.53324820924462,0.020113163639562903,205.49167646724285,4.133645137761813,-3.074290912994345e-15
295.0341884524031,205.03353188222133,0.020196333079440573,204.9917175482096,4.14064399978095,-3.1346035626075693e-15
295.5341884524031,204.5338169532997,0.020279908692920578,204.49175860303535,4.147642815361986,-2.967948371456804e-15
296.0341884524031,204.03410343270676,0.0203638934641039,203.9917996314836,4.154641584677776,-3.1040661708222888e-15
296.5341884524031,203.53439133076958,0.02044829040638309,203.49184063331506,4.1616403079027275,-3.24455413220514e-15
297.0341884524031,203.0346806579164,0.020533102562802448,202.99188160828763,4.168638985212814,-2.9860297208293478e-15
297.5341884524031,202.53497142467788,0.020618333006423465,202.49192255615623,4.175637616785597,-2.9630384460647173e-15
298.0341884524031,202.03526364168832,0.02070398484069573,201.99196347667282,4.182636202800242,-3.273882059627149e-15
298.5341884524031,201.53555731968706,0.020790061199833336,201.49200436958645,4.189634743437542,-2.996756546847357e-15
299.0341884524031,201.03585246951965,0.020876565249196878,200.99204523464306,4.196633238879937,-3.2314065548811206e-15
299.5341884524031,200.53614910213926,0.02096350018568117,200.49208607158548,4.203631689311529,-3.0289829152311907e-15
300.0341884524031,200.03644722860793,0.021050869238108765,199.99212688015348,4.210630094918111,-2.9990351290826968e-15
300.5341884524031,199.536746860098,0.021138675667629364,199.49216766008362,4.217628455887179,-2.9668055496497018e-15
301.0341884524031,199.03704800789347,0.02122692276812526,198.99220841110926,4.224626772407962,-2.837616784638986e-15
301.5341884524031,198.5373506833914,0.02131561386662287,198.49224913296047,4.2316250446714365,-3.0881462275877953e-15
302.0341884524031,198.03765489810326,0.021404752323710523,197.99228982536397,4.238623272870349,-2.8555079818378117e-15
302.5341884524031,197.5379606636565,0.021494341533962527,197.49233048804317,4.245621457199244,-2.913688405491981e-15
303.0341884524031,197.03826799179586,0.021584384926369743,196.99237112071805,4.252619597854478,-2.768158391040478e-15
303.5341884524031,196.53857689438502,0.02167488596477667,196.49241172310508,4.25961769503425,-2.9294744717542324e-15
304.0341884524031,196.03888738340797,0.021765848148325228,195.99245229491726,4.266615748938619,-2.882853204407803e-15
304.5341884524031,195.53919947097057,0.021857275011905333,195.49249283586397,4.273613759769528,-2.9422006348719042e-15
305.0341884524031,195.03951316930218,0.021949170126612388,194.992533345651,4.2806117277308315,-3.0029274162710432e-15
305.5341884524031,194.53982849075717,0.022041537100211808,194.49257382398042,4.287609653028317,-3.0083087380070506e-15
306.0341884524031,194.04014544781649,0.022134379577610726,193.99261427055058,4.294607535869728,-2.896910166193604e-15
306.5341884524031,193.54046405308935,0.022227701241336984,193.49265468505604,4.301605376464792,-2.8980290679557707e-15
307.0341884524031,193.0407843193149,0.022321505812025556,192.9926950671875,4.308603175025241,-3.0792271821884112e-15
307.5341884524031,192.54110625936383,0.022415797048912545,192.49273541663172,4.3156009317648465,-2.7121425717370144e-15
308.0341884524031,192.0414298862401,0.022510578750336855,191.9927757330715,4.322598646899432,-2.8319406172893393e-15
308.5341884524031,191.5417552130827,0.022605854754249737,191.49281601618566,4.3295963206469095,-2.5702006978942905e-15
309.0341884524031,191.04208225316737,0.022701628938732295,190.99285626564884,4.336593953227306,-2.755595736451779e-15
309.5341884524031,190.5424110199084,0.022797905222521134,190.49289648113157,4.343591544862782,-2.8808305354568686e-15
310.0341884524031,190.04274152686042,0.022894687565542284,189.9929366623001,4.3505890957776705,-2.9418786428971325e-15
310.5341884524031,189.5430737877203,0.02299197996945356,189.49297680881648,4.357586606198494,-2.794778901724259e-15
311.0341884524031,189.0434078163289,0.02308978647819551,188.9930169203383,4.364584076354001,-3.068395513296248e-15
311.5341884524031,188.54374362667315,0.023188111178551105,188.49305699651882,4.371581506475193,-3.061060916246221e-15
312.0341884524031,188.04408123288778,0.02328695820071436,187.99309703700675,4.378578896795351,-2.9777414078977767e-15
312.5341884524031,187.54442064925743,0.02338633171886799,187.49313704144626,4.385576247550068,-3.1177392529594395e-15
313.0341884524031,187.04476189021855,0.02348623595177035,186.99317700947682,4.392573558977276,-3.0295230115707907e-15
313.5341884524031,186.54510497036145,0.02358667516335179,186.49321694073325,4.3995708313172806,-3.174302093577253e-15
314.0341884524031,186.0454499044324,0.02368765366332056,185.9932568348456,4.406568064812789,-3.2430370121368507e-15
314.5341884524031,185.54579670733563,0.023789175807778565,185.49329669143899,4.413565259708944,-3.0649433781546637e-15
315.0341884524031,185.04614539413552,0.02389124599984701,184.99333651013364,4.420562416253356,-3.0470343735246267e-15
315.5341884524031,184.54649598005875,0.023993868690302234,184.4933762905448,4.42755953469613,-3.3730208076961688e-15
316.0341884524031,184.04684848049644,0.02409704837822187,183.9934160322825,4.434556615289905,-3.181720684685676e-15
316.5341884524031,183.54720291100642,0.024200789611641547,183.49345573495174,4.441553658289888,-3.070925779288673e-15
317.0341884524031,183.04755928731552,0.02430509698822233,182.99349539815213,4.448550663953885,-3.1385281446121515e-15
317.5341884524031,182.54791762532176,0.024409975155929096,182.49353502147798,4.4555476325423315,-3.207810690267407e-15
318.0341884524031,182.0482779410968,0.02451542881372008,181.99357460451813,4.462544564318339,-3.471691725413774e-15
318.5341884524031,181.54864025088833,0.024621462712247764,181.493614146856,4.469541459547722,-3.3516039317924596e-15
319.0341884524031,181.04900457112228,0.02472808165457138,180.99365364806928,4.476538318499033,-3.426212036528538e-15
319.5341884524031,180.54937091840557,0.0248352904968812,180.49369310773005,4.483535141443609,-3.5026952362013207e-15
320.0341884524031,180.04973930952835,0.02494309414923489,179.99373252540445,4.490531928655598,-3.2651261140358705e-15
320.5341884524031,179.5501097614667,0.025051497576306116,179.4937719006529,4.497528680412003,-3.3384252515047677e-15
321.0341884524031,179.05048229138515,0.02516050579814567,178.99381123302973,4.504525396992723,-3.0832355442945043e-15
321.5341884524031,178.55085691663925,0.025270123890955364,178.49385052208314,4.511522078680585,-3.378047880585147e-15
322.0341884524031,178.05123365477834,0.025380356987874907,177.99388976735526,4.518518725761388,-3.109077153277554e-15
322.5341884524031,177.5516125235482,0.025491210279782087,177.49392896838185,4.525515338523946,-3.3563191621443837e-15
323.0341884524031,177.05199354089373,0.02560268901610643,176.99396812469223,4.532511917260124,-3.3122977209810115e-15
323.5341884524031,176.55237672496196,0.025714798505656684,176.49400723580933,4.539508462264883,-3.449536626594855e-15
324.0341884524031,176.05276209410468,0.025827544117462353,175.99404630124937,4.5465049738363215,-3.3395088209690516e-15
324.5341884524031,175.55314966688147,0.025940931281629588,175.49408532052186,4.553501452275722,-3.287297320985907e-15
325.0341884524031,175.0535394620626,0.026054965490211697,174.99412429312954,4.560497897887587,-3.4289605586822172e-15
325.5341884524031,174.553931498632,0.026169652298094585,174.4941632185681,4.5674943109796935,-3.305780208650481e-15
326.0341884524031,174.05432579579042,0.026284997323897417,173.9942020963262,4.574490691863132,-3.589455412604681e-15
326.5341884524031,173.55472237295834,0.026401006250888807,173.49424092588532,4.581487040852354,-3.4609662323960287e-15
327.0341884524031,173.05512124977932,0.026517684827918848,172.99427970671962,4.588483358265217,-3.5416229901909544e-15
327.5341884524031,172.55552244612312,0.02663503887036731,172.4943184382958,4.595479644423039,-3.5504346352468495e-15
328.0341884524031,172.05592598208892,0.026753074261108317,171.99435712007298,4.602475899650638,-3.4065602282002456e-15
328.5341884524031,171.55633187800873,0.026871796951491875,171.49439575150262,4.609472124276387,-3.719096747174604e-15
329.0341884524031,171.05674015445072,0.026991212962342522,170.9944343320283,4.616468318632263,-3.886105416451608e-15
329.5341884524031,170.55715083222267,0.02711132838497555,170.4944728610857,4.623464483053897,-3.815648530655507e-15
330.0341884524031,170.05756393237547,0.027232149382231063,169.9945113381024,4.630460617880626,-3.906162410054287e-15
330.5341884524031,169.55797947620664,0.027353682189526322,169.49454976249766,4.6374567234555455,-3.828926095938876e-15
331.0341884524031,169.05839748526398,0.027475933115926672,168.9945881336823,4.644452800125563,-3.920299900701375e-15
331.5341884524031,168.5588179813493,0.027598908545235508,168.4946264510588,4.651448848241454,-3.657323669212688e-15
332.0341884524031,168.05924098652216,0.027722614937103627,167.9946647140208,4.658444868157916,-3.8364737134414924e-15
332.5341884524031,167.55966652310354,0.027847058828158407,167.49470292195312,4.66544086023362,-3.928858968017707e-15
333.0341884524031,167.06009461367995,0.02797224683315318,166.9947410742316,4.672436824831278,-3.832148695488008e-15
333.5341884524031,166.56052528110726,0.028098185646137284,166.49477917022298,4.679432762317693,-3.826866956809088e-15
334.0341884524031,166.06095854851472,0.02822488204164715,165.9948172092846,4.686428673063821,-3.919865184893043e-15
334.5341884524031,165.56139443930908,0.028352342875918955,165.49485519076435,4.69342455744483,-3.912455814222603e-15
335.0341884524031,165.0618329771788,0.02848057508812322,164.99489311400043,4.700420415840162,-3.6916878133373836e-15
335.5341884524031,164.56227418609822,0.028609585701621875,164.49493097832124,4.707416248633596,-3.782230414519873e-15
336.0341884524031,164.062718090332,0.028739381825248215,163.99496878304524,4.71441205621331,-3.7645580974321695e-15
336.5341884524031,163.56316471443938,0.0288699706546103,163.4950065274806,4.721407838971946,-3.970915162998139e-15
337.0341884524031,163.06361408327876,0.02900135947341823,162.99504421092516,4.7284035973066745,-3.894819848869008e-15
337.5341884524031,162.5640662220123,0.02913355565483587,162.49508183266624,4.735399331619263,-3.812810962838232e-15
338.0341884524031,162.0645211561104,0.029266566662857516,161.99511939198035,4.742395042316141,-3.7856690297956906e-15
338.5341884524031,161.56497891135663,0.029400400053710026,161.4951568881331,4.749390729808472,-3.880265323043914e-15
339.0341884524031,161.06543951385245,0.02953506347728102,160.9951943203789,4.756386394512223,-3.7850694887153935e-15
339.5341884524031,160.56590299002218,0.029670564678573673,160.49523168796088,4.763382036848234,-3.814481290215377e-15
340.0341884524031,160.0663693666179,0.02980691149918868,159.99526899011056,4.7703776572422925,-4.112981221806766e-15
340.5341884524031,159.56683867072465,0.029944111878834008,159.4953062260477,4.777373256125205,-4.147930722800698e-15
341.0341884524031,159.0673109297656,0.030082173856863046,158.99534339498,4.784368833932878,-4.253231431878611e-15
341.5341884524031,158.56778617150732,0.030221105573841747,158.4953804961031,4.791364391106387,-4.143473087829023e-15
342.0341884524031,158.06826442406515,0.03036091527314542,157.99541752860006,4.798359928092058,-4.174785767777268e-15
342.5341884524031,157.56874571590876,0.03050161130258586,157.49545449164125,4.805355445341551,-4.358252014289053e-15
343.0341884524031,157.06923007586767,0.030643202116069405,156.9954913843842,4.81235094331193,-4.235040780089844e-15
343.5341884524031,156.569717533137,0.030785696275286715,156.49552820597327,4.8193464224657605,-3.942044551274828e-15
344.0341884524031,156.0702081172833,0.030929102451434896,155.99556495553938,4.826341883271175,-3.9615375765760255e-15
344.5341884524031,155.57070185825037,0.031073429426972738,155.49560163219977,4.833337326201974,-4.149076342512804e-15
345.0341884524031,155.0711987863654,0.031218686097409798,154.99563823505778,4.840332751737702,-4.083400195581588e-15
345.5341884524031,154.57169893234507,0.031364881473130095,154.49567476320257,4.847328160363745,-3.833517526919069e-15
346.0341884524031,154.07220232730185,0.0315120246812512,153.9957112157088,4.854323552571409,-4.025529247486243e-15
346.5341884524031,153.57270900275037,0.03166012496751951,153.49574759163647,4.861318928858022,-3.849746352229219e-15
347.0341884524031,153.07321899061392,0.03180919169824255,152.99578389003042,4.868314289727023,-4.047737817214503e-15
347.5341884524031,152.57373232323113,0.03195923436225918,152.49582010992023,4.875309635688052,-4.056008720680181e-15
348.0341884524031,152.07424903336272,0.03211026257294845,151.99585625031992,4.882304967257057,-3.960672446416359e-15
348.5341884524031,151.57476915419844,0.03226228607027819,151.4958923102276,4.889300284956384,-4.170529620277926e-15
349.0341884524031,151.075292719364,0.03241531472289402,150.99592828862495,4.896295589314879,-4.175039353310194e-15
349.5341884524031,150.57581976292843,0.032569358530249976,150.4959641844774,4.90329088086799,-4.17717249195207e-15
350.0341884524031,150.07635031941126,0.032724427624781435,149.9959999967333,4.9102861601578764,-4.063895300391209e-15
350.5341884524031,149.57688442379,0.03288053227412159,149.4960357243238,4.917281427733504,-4.115742211832569e-15
351.0341884524031,149.07742211150784,0.03303768288336229,148.9960713661626,4.924276684150762,-4.227336598528475e-15
351.5341884524031,148.57796341848135,0.03319588999736043,148.4961069211454,4.931271929972568,-4.1588684187851605e-15
352.0341884524031,148.0785083811084,0.03335516430309084,147.9961423881497,4.938267165768982,-4.209574895913713e-15
352.5341884524031,147.57905703627634,0.03351551663204688,147.49617776603438,4.945262392117321,-4.131238158473124e-15
353.0341884524031,147.0796094213701,0.033676957962689824,146.99621305363928,4.95225760960227,-4.178472460324641e-15
353.5341884524031,146.5801655742807,0.03383949942294814,146.4962482497849,4.959252818816009,-4.2937273941398885e-15
354.0341884524031,146.08072553341387,0.03400315229276796,145.996283353272,4.966248020358323,-4.2024499786183435e-15
354.5341884524031,145.5812893376987,0.03416792800671592,145.496318362881,4.973243214836734,-4.53513241365153e-15
355.0341884524031,145.0818570265967,0.03433383815663557,144.99635327737198,4.980238402866621,-4.439558749255145e-15
355.5341884524031,144.58242864011086,0.034500894494358746,144.49638809548387,4.9872335850713485,-4.563733107473422e-15
356.0341884524031,144.08300421879494,0.03466910893447315,143.9964228159341,4.9942287620823995,-4.77002697279682e-15
356.5341884524031,143.58358380376305,0.034838493557147555,143.4964574374184,5.0012239345395,-4.82398701550618e-15
357.0341884524031,143.0841674366993,0.03500906061101603,142.99649195861008,5.008219103090764,-4.795003316798921e-15
357.5341884524031,142.5847551598677,0.035180822516122576,142.4965263781596,5.015214268392822,-4.675974116309606e-15
358.0341884524031,142.0853470161224,0.035353791866927727,141.9965606946942,5.022209431110967,-4.54678053208239e-15
358.5341884524031,141.58594304891776,0.035527981435378615,141.49659490681745,5.029204591919298,-4.856559293636764e-15
359.0341884524031,141.08654330231917,0.035703404174044016,140.99662901310856,5.036199751500857,-4.903299750987264e-15
359.5341884524031,140.58714782101364,0.03588007321931608,140.49666301212199,5.0431949105477925,-4.949225170631466e-15
360.0341884524031,140.08775665032084,0.0360580018946803,139.99669690238693,5.050190069761494,-4.7004600764916735e-15
360.5341884524031,139.58836983620438,0.036237203714055546,139.4967306824068,5.05718522985276,-4.7359436821098664e-15
361.0341884524031,139.0889874252832,0.03641769238520578,138.99676435065857,5.0641803915419485,-4.770024812001192e-15
361.5341884524031,138.58960946484333,0.03659948181322533,138.49679790559236,5.071175555559137,-4.589129476920864e-15
362.0341884524031,138.09023600284985,0.036782586104099645,137.9968313456307,5.078170722644291,-4.723616126359366e-15
362.5341884524031,137.5908670879591,0.03696701956834325,137.49686466916813,5.085165893547427,-4.6363887805575935e-15
363.0341884524031,137.09150276953122,0.03715279672471708,136.99689787457032,5.092161069028784,-4.598633790738354e-15
363.5341884524031,136.5921430976428,0.037339932304027046,136.4969309601738,5.099156249858996,-4.435222600140871e-15
364.0341884524031,136.09278812310006,0.03752844125300602,135.99696392428498,5.10615143681927,-4.628854131166276e-15
364.5341884524031,135.5934378974521,0.03771833873828134,135.4969967651798,5.113146630701568,-4.449238689739989e-15
365.0341884524031,135.09409247300448,0.03790964015043001,134.99702948110277,5.1201418323087875,-4.844423098078092e-15
365.5341884524031,134.59475190283322,0.03810236110812392,134.49706207026648,5.127137042454951,-4.5180957100281755e-15
366.0341884524031,134.09541624079898,0.03829651746236742,133.99709453085086,5.1341322619654015,-4.723976868966509e-15
366.5341884524031,133.59608554156162,0.03849212530082956,133.4971268610024,5.1411274916769925,-4.867145085825824e-15
367.0341884524031,133.09675986059506,0.038689200952273635,132.99715905883352,5.1481227324382886,-4.867707901612586e-15
367.5341884524031,132.59743925420247,0.038887760991086436,132.49719112242158,5.15511798510977,-4.8643494910866e-15
368.0341884524031,132.09812377953185,0.039087822241909924,131.99722304980838,5.162113250564045,-4.700127784669109e-15
368.5341884524031,131.59881349459187,0.039289401784377995,131.4972548389992,5.169108529686053,-5.006261048511518e-15
369.0341884524031,131.09950845826816,0.03949251695796117,130.997286487962,5.176103823373284,-4.661475025195769e-15
369.5341884524031,130.60020873033994,0.039697185366922016,130.49731799462648,5.183099132536005,-4.720218279120824e-15
370.0341884524031,130.10091437149697,0.03990342488538435,129.99734935688346,5.190094458097475,-4.6901877875444434e-15
370.5341884524031,129.601625443357,0.0401112536625192,129.4973805725838,5.197089800994185,-4.83678185912402e-15
371.0341884524031,129.1023420084835,0.0403206901278507,128.9974116395374,5.204085162176084,-4.8003043262386555e-15
371.5341884524031,128.60306413040394,0.040531752996685225,128.49744255551258,5.211080542606827,-5.048612005634298e-15
372.0341884524031,128.10379187362832,0.040744461275666964,127.99747331823473,5.218075943264011,-4.907804845708107e-15
372.5341884524031,127.60452530366834,0.04095883426846356,127.49750392538566,5.2250713651394305,-4.960299496282037e-15
373.0341884524031,127.10526448705674,0.04117489158158526,126.99753437460235,5.232066809239331,-4.9051610079138684e-15
373.5341884524031,126.60600949136742,0.041392653130341225,126.49756466347597,5.239062276584667,-4.952111985265556e-15
374.0341884524031,126.10676038523576,0.04161213914493694,125.99759478955087,5.246057768211369,-5.0544583066573976e-15
374.5341884524031,125.60751723837959,0.0418333701767164,125.4976247503234,5.253053285170613,-5.276165007694742e-15
375.0341884524031,125.10828012162052,0.042056367104553356,124.99765454324077,5.260048828529103,-5.083951633565617e-15
375.5341884524031,124.60904910690599,0.04228115114139552,124.49768416569997,5.267044399369348,-5.186829052219595e-15
376.0341884524031,124.10982426733153,0.042507743840966256,123.99771361504646,5.274039998789949,-5.162635272083417e-15
376.5341884524031,123.6106056771639,0.042736167104627985,123.49774288857304,5.2810356279059025,-4.932046207456178e-15
377.0341884524031,123.11139341186451,0.04296644318841205,122.9977719835185,5.288031287848892,-5.025612917531161e-15
377.5341884524031,122.61218754811357,0.043198594710219626,122.49780089706636,5.295026979767603,-5.049548403335757e-15
378.0341884524031,122.11298816383476,0.043432644657198614,121.9978296263435,5.302022704828033,-5.070245861782663e-15
378.5341884524031,121.61379533822051,0.043668616393301544,121.49785816841884,5.309018464213811,-5.239296170964827e-15
379.0341884524031,121.11460915175795,0.04390653366702967,120.99788652030189,5.316014259126533,-5.022343710739382e-15
379.5341884524031,120.61542968625537,0.04414642061936864,120.49791467894123,5.3230100907860844,-4.866754688878137e-15
380.0341884524031,120.11625702486948,0.044388301791921256,119.99794264122313,5.330005960430997,-5.114926852923813e-15
380.5341884524031,119.61709125213328,0.04463220213524311,119.49797040396992,5.337001869318783,-5.0282759628831285e-15
381.0341884524031,119.11793245398458,0.04487814701738697,118.99799796393837,5.343997818726306,-5.02020311654911e-15
381.5341884524031,118.61878071779533,0.04512616223266202,118.49802531781822,5.350993809950138,-5.099167059841702e-15
382.0341884524031,118.1196361324016,0.045376274010614344,117.9980524622303,5.357989844306931,-4.890707249688178e-15
382.5341884524031,117.62049878813434,0.045628509025235145,117.49807939372494,5.364985923133804,-4.9601933512160236e-15
383.0341884524031,117.12136877685099,0.045882894404403435,116.99810610878008,5.371982047788729,-5.029380430148937e-15
383.5341884524031,116.62224619196773,0.04613945773957024,116.4981326037995,5.378978219650925,-4.885727867771698e-15
384.0341884524031,116.12313112849276,0.04639822709569154,115.99815887511096,5.385974440121273,-4.836608330623611e-15
384.5341884524031,115.62402368306023,0.04665923102141734,115.49818491896416,5.392970710622726,-4.892578622692845e-15
385.0341884524031,115.12492395396522,0.046922498559544765,114.99821073152879,5.399967032600735,-5.0061547346949485e-15
385.5341884524031,114.62583204119947,0.047188059257742956,114.49823630889242,5.40696340752368,-5.000467437384177e-15
386.0341884524031,114.12674804648817,0.0474559431795583,113.99826164705848,5.41395983688332,-5.052009285765144e-15
386.5341884524031,113.62767207332763,0.04772618091570834,113.49828674194396,5.420956322195245,-5.167080355426265e-15
387.0341884524031,113.12860422702391,0.04799880359567337,112.99831158937712,5.427952864999333,-4.810470940714068e-15
387.5341884524031,112.6295446147326,0.048273842899594833,112.49833618509527,5.434949466860233,-5.0540624899037955e-15
388.0341884524031,112.13049334549946,0.04855133107049006,111.99836052474231,5.441946129367845,-5.091589176143828e-15
388.5341884524031,111.63145053030233,0.048831300926793185,111.49838460386624,5.448942854137817,-5.12602094270065e-15
389.0341884524031,111.13241628209403,0.04911378587523237,110.99840841791665,5.4559396428120515,-5.235184288389778e-15
389.5341884524031,110.63339071584639,0.04939881992405404,110.498431962242,5.4629364970592205,-5.184334737404077e-15
390.0341884524031,110.13437394859562,0.049686437696604885,109.99845523208701,5.469933418575304,-5.207526054061943e-15
390.5341884524031,109.63536609948872,0.04997667444528313,109.4984782225898,5.47693040908412,-4.964925879454016e-15
391.0341884524031,109.13636728983126,0.05026956606587069,108.99850092877894,5.4839274703378855,-5.059367081697737e-15
391.5341884524031,108.63737764313642,0.050565149112258505,108.49852334557062,5.490924604117784,-5.15482419145816e-15
392.0341884524031,108.1383972851754,0.050863460811577506,107.99854546776538,5.49792181223454,-5.153988711697443e-15
392.5341884524031,107.6394263440292,0.05116453907974853,107.49856729004512,5.504919096529014,-5.146693305776911e-15
393.0341884524031,107.14046495014183,0.05146842253746452,106.99858880696968,5.51191645887281,-4.922902894466193e-15
393.5341884524031,106.64151323637495,0.05177515052661922,106.4986100129735,5.518913901168892,-5.1104840775964065e-15
394.0341884524031,106.14257133806413,0.05208476312719697,105.9986309023621,5.52591142535222,-5.1932467559438345e-15
394.5341884524031,105.64363939307664,0.052397301174638616,105.49865146930856,5.532909033390396,-5.099930019607422e-15
395.0341884524031,105.14471754187079,0.052712806277699455,104.99867170784962,5.539906727284332,-5.2361835168199904e-15
395.5341884524031,104.64580592755708,0.05303132083681529,104.49869161188197,5.54690450906892,-5.439570962851704e-15
396.0341884524031,104.146904695961,0.053352888062993736,103.99871117515819,5.553902380813734,-5.520448420418161e-15
396.5341884524031,103.64801399568765,0.053677551997248225,103.4987303912827,5.560900344623735,-5.600381844165801e-15
397.0341884524031,103.14913397818817,0.054005357530593,102.99874925370742,5.567898402639997,-5.537168145059673e-15
397.5341884524031,102.65026479782819,0.05433635042461806,102.4987677557274,5.574896557040452,-5.38749244051441e-15
398.0341884524031,102.15140661195807,0.05467057733266376,101.99878589047631,5.581894810040645,-5.371736827159171e-15
398.5341884524031,101.65255958098543,0.05500808582161546,101.49880365092174,5.588893163894517,-5.5068293676812385e-15
399.0341884524031,101.15372386844959,0.05534892439433954,100.99882102986025,5.5958916208951965,-5.396168535417554e-15
399.5341884524031,100.65489964109828,0.05569314251278287,100.49883801991244,5.602890183375807,-5.2687331522195865e-15
400.0341884524031,100.15608706896666,0.05604079062175867,99.99885461351768,5.609888853710313,-5.48271734633623e-15
400.5341884524031,99.65728632545853,0.05639192017344265,99.49887080292876,5.616887634314353,-5.23877786157129e-15
401.0341884524031,99.15849758743015,0.056746583652604224,98.9988865802063,5.623886527646123,-5.356334868278824e-15
401.5341884524031,98.65972103527645,0.05710483460259877,98.49890193721299,5.630885536207263,-5.475828995446248e-15
402.0341884524031,98.16095685301983,0.057466727652147526,97.99891686560763,5.637884662543763,-4.963567799046645e-15
402.5341884524031,97.6622052284017,0.05783231854293337,97.49893135683887,5.6448839092469,-5.060386759925876e-15
403.0341884524031,97.16346635297681,0.05820166415804138,96.99894540213896,5.651883278954189,-5.2150414159613e-15
403.5341884524031,96.66474042221036,0.05857482255127447,96.49895899251696,5.658882774350358,-5.255465156548632e-15
404.0341884524031,96.16602763557817,0.05895185297737576,95.99897211875194,5.665882398168341,-5.166676552012835e-15
404.5341884524031,95.66732819667001,0.059332815923190334,95.49898477138585,5.6728821531903,-4.932249024831536e-15
405.0341884524031,95.16864231329595,0.059717773139800666,94.9989969407162,5.67988204224867,-4.94022788229746e-15
405.5341884524031,94.66997019759616,0.060106787675671326,94.49900861678825,5.686882068227221,-5.08211888279514e-15
406.0341884524031,94.17131206615416,0.06049992391084006,93.99901978938729,5.69388223406215,-5.080963764021946e-15
406.5341884524031,93.67266814011353,0.06089724759219389,93.49903044803024,5.700882542743198,-4.917667507988026e-15
407.0341884524031,93.17403864529842,0.06129882586987061,92.99904058195723,5.7078829973147815,-5.052431661004857e-15
407.5341884524031,92.67542381233785,0.061704727334827625,92.49905018012274,5.71488360087717,-4.772160505625525e-15
408.0341884524031,92.17682387679396,0.06211502205762209,91.99905923118634,5.72188435658767,-4.808214195366571e-15
408.5341884524031,91.67823907929441,0.06252978162844787,91.49906772350325,5.72888526766184,-5.021881501770857e-15
409.0341884524031,91.17966966566914,0.06294907919847725,90.99907564511444,5.735886337374746,-4.769350648608282e-15
409.5341884524031,90.68111588709138,0.06337298952255697,90.4990829837364,5.742887569062221,-5.083336316240927e-15
410.0341884524031,90.1825780002235,0.06380158900331066,89.99908972675036,5.7498889661221755,-4.896333830780019e-15
410.5341884524031,89.68405626736747,0.06423495573670183,89.49909586119135,5.756890532015922,-4.68319608967998e-15
411.0341884524031,89.18555095662038,0.06467316955911412,88.99910137373668,5.76389227026953,-4.840285117176538e-15
411.5341884524031,88.68706234203509,0.06511631209600788,88.4991062506939,5.770894184475216,-4.884078034857699e-15
412.0341884524031,88.18859070378632,0.06556446681221499,87.99911047798857,5.777896278292756,-4.735969151415522e-15
412.5341884524031,87.69013632834215,0.06601771906393636,87.49911404115115,5.784898555450935,-4.7605343564298215e-15
413.0341884524031,87.19169950864153,0.06647615615250971,86.99911692530374,5.791901019749019,-4.710118127145493e-15
413.5341884524031,86.69328054427766,0.06693986738001814,86.49911911514606,5.798903675058264,-4.788736537551281e-15
414.0341884524031,86.19487974168764,0.06740894410681333,85.99912059494098,5.805906525323451,-4.715904353829749e-15
414.5341884524031,85.69649741434877,0.06788347981103049,85.49912134849937,5.812909574564458,-4.70511420937068e-15
415.0341884524031,85.19813388298144,0.06836357015017581,84.99912135916448,5.819912826877859,-4.848226885536004e-15
415.5341884524031,84.6997894757592,0.06884931302487103,84.4991206097955,5.826916286438552,-4.478836003990975e-15
416.0341884524031,84.20146452852615,0.06934080864484339,83.99911908275058,5.833919957501423,-4.605567618548079e-15
416.5341884524031,83.7031593850219,0.0698381595972538,83.49911675986917,5.8409238444030445,-4.640683240691284e-15
417.0341884524031,83.2048743971146,0.07034147091746003,82.99911362245345,5.847927951563393,-4.570246899736087e-15
417.5341884524031,82.70660992504207,0.07085085016231668,82.49910965124923,5.854932283487619,-4.3787655831527086e-15
418.0341884524031,82.2083663376618,0.07136640748611833,81.99910482642575,5.861936844767823,-4.596193967038051e-15
418.5341884524031,81.7101440127097,0.0718882557192975,81.49909912755501,5.8689416400848815,-4.710935527187418e-15
419.0341884524031,81.21194333706838,0.07241651044999438,80.99909253358979,5.875946674210297,-4.706426634848608e-15
419.5341884524031,80.71376470704507,0.07295129010862121,80.49908502284109,5.882951952008082,-4.754359778504616e-15
420.0341884524031,80.21560852865989,0.07349271605554979,79.9990765729544,5.889957478436663,-4.796557686901484e-15
420.5341884524031,79.7174752179445,0.07404091267205734,79.49906716088496,5.896963258550821,-4.8322188735775154e-15
421.0341884524031,79.21936520125206,0.07459600745467251,78.99905676287204,5.903969297503666,-4.63952993247954e-15
421.5341884524031,78.7212789155786,0.07515813111307026,78.49904535441203,5.91097560054862,-4.880307528215906e-15
422.0341884524031,78.22321680889642,0.07572741767167206,77.99903291023024,5.9179821730414455,-4.6461551592322015e-15
422.5341884524031,77.72517934050029,0.07630400457511549,77.49901940425164,5.924989020442285,-4.890425873951177e-15
423.0341884524031,77.22716698136652,0.07688803279776601,76.99900480957018,5.931996148317728,-4.8782168382990624e-15
423.5341884524031,76.72918021452597,0.07747964695745205,76.49898909841673,5.9390035623428945,-4.5671834905725035e-15
424.0341884524031,76.23121953545129,0.07807899543361434,75.9989722421256,5.94601126830355,-4.711847034785243e-15
424.5341884524031,75.73328545245923,0.07868623049007002,75.4989542110995,5.9530192720982145,-4.649221269547227e-15
425.0341884524031,75.23537848712857,0.07930150840260261,74.99893497477296,5.960027579740301,-4.901900256373262e-15
425.5341884524031,74.73749917473447,0.07992498959159994,74.49891450157396,5.967036197360264,-4.93511574736149e-15
426.0341884524031,74.2396480646999,0.08055683875997396,73.99889275888385,5.974045131207739,-4.959047999923381e-15
426.5341884524031,73.74182572106514,0.08119722503660882,73.4988697129954,5.9810543876537,-5.037851603144602e-15
427.0341884524031,73.24403272297586,0.08184632212559644,72.99884532906881,5.988063973192605,-4.904756496801441e-15
427.5341884524031,72.74626966519102,0.08250430846153328,72.49881957108572,5.995073894444544,-4.8887589530540186e-15
428.0341884524031,72.24853715861124,0.08317136737116647,71.99879240180091,6.002084158157356,-4.85726190095625e-15
428.5341884524031,71.75083583082875,0.0838476872416932,71.49876378269187,6.009094771208743,-4.7268384360766646e-15
429.0341884524031,71.25316632669991,0.08453346169603425,70.99873367390563,6.01610574060835,-5.084561097891479e-15
429.5341884524031,70.75552930894146,0.0852288897754199,70.49870203420336,6.023117073499811,-5.1052543529237306e-15
430.0341884524031,70.25792545875147,0.08593417612964555,69.99866882090195,6.030128777162751,-4.920383892347526e-15
430.5341884524031,69.7603554764564,0.08664953121537432,69.49863398981289,6.037140859014736,-5.004933405661086e-15
431.0341884524031,69.2628200821854,0.08737517150288515,68.99859749517795,6.0441533266131575,-4.868156768925923e-15
431.5341884524031,68.76532001657336,0.08811131969168765,68.49855928960186,6.051166187657045,-5.043516498074729e-15
432.0341884524031,68.26785604149387,0.08885820493544894,67.99851932398134,6.058179449988783,-4.860164324171762e-15
432.5341884524031,67.77042894082396,0.08961606307670351,67.49847754743078,6.0651931215957395,-4.8963090898635636e-15
433.0341884524031,67.27303952124184,0.09038513689184423,66.99843390720385,6.0722072106117535,-4.921174195002744e-15
433.5341884524031,66.77568861305959,0.09116567634692198,66.49838834861121,6.079221725318498,-4.787961504450532e-15
434.0341884524031,66.2783770710925,0.09195793886481235,65.99834081493407,6.086236674146697,-4.930028265253e-15
434.5341884524031,65.78110577556699,0.09276218960434078,65.49829124733296,6.093252065677142,-4.909966157774548e-15
435.0341884524031,65.28387563306887,0.09357870175199298,64.99823958475184,6.100267908641523,-5.0444178597822235e-15
435.5341884524031,64.78668757753456,0.09440775682687515,64.49818576381716,6.107284211923027,-4.9938282898004376e-15
436.0341884524031,64.289542571287,0.09524964499962864,63.99812971873141,6.114300984556681,-4.9189300255277444e-15
436.5341884524031,63.792441606118906,0.09610466542604687,63.498071381161,6.121318235729402,-5.025853094205026e-15
437.0341884524031,63.29538570442588,0.09697312659618801,62.99801068011799,6.128335974779733,-4.794189720939874e-15
437.5341884524031,62.79837592039204,0.09785534669982635,62.49794754183548,6.135354211197204,-4.9293154595679995e-15
438.0341884524031,62.301413341230926,0.0987516540091377,61.997881889635906,6.142372954621302,-4.8742508122682825e-15
438.5341884524031,61.80449908848491,0.09966238727957041,61.49781364379223,6.149392214839979,-4.792966568304919e-15
439.0341884524031,61.3076343193861,0.10058789616991395,60.9977427213812,6.15641200178766,-4.969901760807134e-15
439.5341884524031,60.81082022828238,0.10152854168264158,60.49766903612843,6.163432325542693,-4.767277028076511e-15
440.0341884524031,60.31405804813202,0.10248469662567278,59.99759249824456,6.170453196324169,-5.009789707689449e-15
440.5341884524031,59.81734905207091,0.10345674609677544,59.49751301425207,6.177474624488059,-5.266069474444399e-15
441.0341884524031,59.32069455505642,0.10444508799190742,58.997430486802095,6.18449662052257,-5.067728107939398e-15
441.5341884524031,58.82409591559235,0.1054501335388828,58.497344814480485,6.191519195042662,-5.0201445630461686e-15
442.0341884524031,58.32755453753961,0.10647230785783979,57.99725589160252,6.198542358783595,-4.943985644527204e-15
442.5341884524031,57.83107187201765,0.10751205055008639,57.49716360799541,6.205566122593457,-5.007631585914753e-15
443.0341884524031,57.33464941940198,0.10856981631700592,56.99706784876782,6.212590497424503,-4.934937542560829e-15
443.5341884524031,56.8382887314234,0.10964607561081896,56.49696849406547,6.2196154943232145,-4.696644786264351e-15
444.0341884524031,56.34199141337512,0.11074131531912138,55.996865418811886,6.226641124418938,-4.968538621443612e-15
444.5341884524031,55.845759126434196,0.11185603948525072,55.496758492433266,6.23366739891094,-4.724889984734293e-15
445.0341884524031,55.34959359010416,0.11299077006667624,54.996647578566254,6.2406943290537065,-4.748650070899418e-15
445.5341884524031,54.853496584786434,0.11414604773376208,54.496532534747594,6.247721926140317,-4.576834897962301e-15
446.0341884524031,54.35746995448825,0.11532243271141947,53.99641321208412,6.254750201483672,-4.828745126343737e-15
446.5341884524031,53.86151560967583,0.11652050566634373,53.49628945490191,6.261779166395351,-4.994015720170311e-15
447.0341884524031,53.36563553028168,0.11774086864272591,52.996161100372845,6.268808832161845,-4.610898057350368e-15
447.5341884524031,52.86983176887598,0.11898414604953905,52.49602797811708,6.275839210017881,-4.851773179446344e-15
448.0341884524031,52.374106454012434,0.12025098570272619,51.99588990977957,6.2828703111165405,-4.8504729126996094e-15
448.5341884524031,51.87846179375982,0.12154205992586344,51.49574670857881,6.289902146495806,-4.684597828307123e-15
449.0341884524031,51.3829000794314,0.12285806671313777,50.99559817882534,6.296934727041171,-4.613842964231864e-15
449.5341884524031,50.8874236895251,0.12419973095876843,50.495444115408276,6.303968063443877,-4.746260562540958e-15
450.0341884524031,50.39203509388843,0.12556780575731408,49.99528430324683,6.31100216615432,-4.525412386460431e-15
450.5341884524031,49.89673685812318,0.12696307377964836,49.4951185167045,6.318037045330074,-4.334120290174236e-15
451.0341884524031,49.40153164824602,0.12838634872975635,48.9949465189628,6.325072710777994,-4.593920151483825e-15
451.5341884524031,48.90642223562249,0.1298384768879062,48.49476806135132,6.33210917188969,-4.538670830211536e-15
452.0341884524031,48.411411502193076,0.1313203387461876,47.99458288263082,6.3391464375697035,-4.20474517980134e-15
452.5341884524031,47.91650244601168,0.13283285074288528,47.49439070822522,6.346184516155556,-4.045014168774549e-15
453.0341884524031,47.42169818711833,0.13437696710267413,46.99419124939869,6.3532234153287614,-4.184409730944817e-15
453.5341884524031,46.92700197376981,0.1359536817901883,46.49398420237301,6.360263142015819,-3.935326247791538e-15
454.0341884524031,46.432417189053616,0.1375640305851345,45.993769247380435,6.367303702278062,-4.1173444950907055e-15
454.5341884524031,45.93794735791303,0.13920909328779343,45.49354604764653,6.374345101189097,-3.938131387230591e-15
455.0341884524031,45.44359615461311,0.14088999606449035,44.99331424829711,6.381387342698451,-3.696768597701051e-15
455.5341884524031,44.94936741068001,0.14260791394342215,44.49307347518261,6.388430429479841,-3.709409651423619e-15
456.0341884524031,44.455265123348866,0.14436407347211047,43.99282333361304,6.395474362762331,-3.815894541032707e-15
456.5341884524031,43.961293464558224,0.14615975554871746,43.492563406995345,6.40251914214237,-3.652994204616015e-15
457.0341884524031,43.46745679053255,0.1479962984405213,42.99229325536478,6.409564765374533,-3.571977914914535e-15
457.5341884524031,42.97375965199775,0.1498751010040123,42.49201241380076,6.416611228138467,-3.445973623108689e-15
458.0341884524031,42.48020680507864,0.15179762612234848,41.991720390716644,6.423658523779217,-3.437892216661341e-15
458.5341884524031,41.98680322293167,0.15376540437731628,41.49141666601216,6.430706643017839,-3.1158875200905552e-15
459.0341884524031,41.49355410817102,0.15578003797448758,40.99110068907554,6.437755573628693,-3.2191268386090865e-15
459.5341884524031,41.00046490615121,0.15784320494196927,40.49077187662152,6.444805300079447,-2.9726383182502963e-15
460.0341884524031,40.50754131917547,0.1599566636250197,39.990429610349715,6.451855803129255,-2.646520373189191e-15
460.5341884524031,40.014789321705294,0.1621222575008798,39.490073234406026,6.458907059380003,-2.7815032075235524e-15
461.0341884524031,39.522215176653624,0.16434192034045642,38.98970205262836,6.465959040774827,-2.61222396933544e-15
461.5341884524031,39.02982545285214,0.16661768174602812,38.489315325555474,6.473011714037353,-2.5497363236623575e-15
462.0341884524031,38.537627043791375,0.1689516730969459,37.9889122671755,6.480065040044211,-2.0710117314757026e-15
462.5341884524031,38.04562718774235,0.17134613393840628,37.48849204138832,6.487118973122369,-1.9836080492021416e-15
463.0341884524031,37.55383348937853,0.1738034188518182,36.9880537581528,6.494173460261687,-1.6230909258308576e-15
463.5341884524031,37.062253943029134,0.17632600484910738,36.487596469286665,6.501228440231723,-1.4180918490628313e-15
464.0341884524031,36.57089695770737,0.17891649933755138,35.98711916388318,6.508283842590324,-1.1484113652956079e-15
464.5341884524031,36.079771384072174,0.18157764870646376,35.48662076330445,6.5153395865697386,-9.604366101871372e-16
465.0341884524031,35.58888654349775,0.18431234759231116,34.98610011570664,6.522395579823963,-4.468865781314462e-16
465.5341884524031,35.098252259443456,0.18712364888471514,34.485555990046755,6.529451717018653,9.995703587730204e-17
466.0341884524031,34.607878891336576,0.19001477454234106,33.984987069514936,6.536507878242204,8.956793834401014e-16
466.5341884524031,34.11777737120302,0.19298912729499618,33.48439194432898,6.543563927213434,1.3816092886350785e-15
467.0341884524031,33.627959243305995,0.1960503033164462,32.983769103820364,6.5506197092576075,1.834699268167404e-15
467.5341884524031,33.13843670708089,0.1992021059616291,32.4831169277317,6.557675049018247,2.5414903802636623e-15
468.0341884524031,32.64922266368611,0.20244856067222503,31.98243367663603,6.564729747867179,3.2234848241668154e-15
468.5341884524031,32.160330766524886,0.2057939311660813,31.481717481376208,6.571783580969398,4.44957585535388e-15
469.0341884524031,31.671775476133057,0.2092427370389578,30.980966331409938,6.578836293952537,5.491986484381376e-15
469.5341884524031,31.18357211987229,0.21279977292164834,30.48017806193066,6.585887599122637,6.873659421489734e-15
470.0341884524031,30.69573695691891,0.21647012935196674,29.979350339617312,6.592937171158593,8.248002365100454e-15
470.5341884524031,30.20828724909519,0.22025921553961725,29.4784806468462,6.599984642206449,9.80423967612877e-15
471.0341884524031,29.72124133815439,0.22417278422289247,28.97756626417536,6.607029596281779,1.1369621588126069e-14
471.5341884524031,29.23461873020342,0.22821695883979018,28.476604250885632,6.614071562872824,1.3863519056729919e-14
472.0341884524031,28.748440188029452,0.23239826326290267,27.975591423332446,6.621110009618857,1.6123415215289982e-14
472.5341884524031,28.26272783219019,0.2367236543777506,27.474524330827425,6.628144333916526,1.878846578559725e-14
473.0341884524031,27.77750525183357,0.2412005578186199,26.973399228728596,6.635173853281095,2.177365130073175e-14
473.5341884524031,27.29279762633336,0.24583690721500348,26.47221204837124,6.6421977942588,2.5575980681800674e-14
474.0341884524031,26.808631858964482,0.25064118734612556,25.970958363417342,6.649215279649793,2.9774840211622624e-14
474.5341884524031,26.325036723998533,0.25562248165151813,25.469633352138587,6.656225313757122,3.449296380061882e-14
475.0341884524031,25.84204302877881,0.26079052460312085,24.968231755074665,6.663226765324482,4.006152515735036e-14
475.5341884524031,25.35968379253859,0.2661557595099233,24.466747827423344,6.670218347761906,4.6136254743696566e-14
476.0341884524031,24.87799444396045,0.2717294024009468,23.965175285419303,6.677198596182,5.3773856195257476e-14
476.5341884524031,24.397013039742514,0.2775235127177354,23.46350724584236,6.684165840676704,6.232374176477772e-14
477.0341884524031,23.916780506745283,0.283551071645052,22.96173615765973,6.691118175152274,7.229883176600203e-14
477.5341884524031,23.437340910646018,0.289826069019935,22.459853724647466,6.698053420903782,8.411186550268934e-14
478.0341884524031,22.958741754434147,0.2963635998866955,21.95785081764954,6.704969083944047,9.718435278176236e-14
478.5341884524031,22.481034310548782,0.3031799719111162,21.455717374913142,6.711862304898826,1.1350739348835672e-13
479.0341884524031,22.004273990998325,0.31029282503363986,20.953442288681362,6.718729800031028,1.3217328350627008e-13
479.5341884524031,21.528520760423252,0.3177212649315841,20.45101327592066,6.725567791650902,1.5429170502597607e-13
480.0341884524031,21.05383959777964,0.32548601207757916,19.948416730704174,6.732371925792252,1.803777630475941e-13
480.5341884524031,20.580301013147725,0.333609568428942,19.445637555351848,6.739137174569095,2.1100731039071376e-13
481.0341884524031,20.10798162712389,0.3421164040642446,18.942658966934637,6.745857720050341,2.475299130438943e-13
481.5341884524031,19.636964821355303,0.35103316640267124,18.43946227516973,6.752526815773344,2.908669177230488e-13
482.0341884524031,19.167341470046015,0.3603889150025629,17.93602662705212,6.7591366211242665,3.424589819844831e-13
482.5341884524031,18.699210763726004,0.3702153853410702,17.432328712769767,6.765678002697822,4.0371976089094376e-13
483.0341884524031,18.232681138256993,0.3805472854294368,16.928342426517265,6.772140295351822,4.772633289277382e-13
483.5341884524031,17.76787132397988,0.3914226296188002,16.424038474738886,6.778511013917682,5.655915372470518e-13
484.0341884524031,17.304911532117448,0.4028831144974112,15.919383923079247,6.784775504319761,6.717093176418742e-13
484.5341884524031,16.843944798061994,0.4149745423652652,15.414341671884399,6.790916520070602,8.001856660765365e-13
485.0341884524031,16.385128504026092,0.4277472983827961,14.908869848471031,6.796913706587699,9.551387984738714e-13
485.5341884524031,15.92863610673424,0.44125688810253016,14.40292110257268,6.802742971318576,1.1430946839369278e-12
486.0341884524031,15.47465909938754,0.4555645426668686,13.896441789407708,6.808375712008021,1.3717630464844803e-12
486.5341884524031,15.023409241023403,0.4707378994290535,13.389371022761127,6.813777868268973,1.6507140824895145e-12
487.0341884524031,14.57512109055926,0.48685176603229113,12.881639578458248,6.818908752517765,1.9928022809506794e-12
487.5341884524031,14.130054887135973,0.5039889759208306,12.37316862685566,6.823719604795469,2.4131977167522303e-12
488.0341884524031,13.688499822655425,0.5222413426458099,11.863868271855553,6.828151801395214,2.932469081984984e-12
488.5341884524031,13.250777756297287,0.5417107188622672,11.353635874059389,6.832134628800481,3.5768671345699456e-12
489.0341884524031,12.81724742376876,0.5625101631545323,10.842354137950858,6.8355825113421655,4.381342236600496e-12
489.5341884524031,12.388309195280529,0.584765213157863,10.329888948870842,6.83839155224883,5.392228238706716e-12
490.0341884524031,11.9644104345612,0.6086152560056696,9.816086957179758,6.840435212449743,6.671966210115718e-12
490.5341884524031,11.546051504906904,0.634214975748844,9.300772927594219,6.841558908852095,8.307551870135843e-12
491.0341884524031,11.133792454902942,0.6617358404920722,8.783746905876649,6.841573263684026,1.0421713700479542e-11
491.5341884524031,10.728260392749206,0.6913675675184487,8.26478130942977,6.84024567993955,1.3188481720986395e-11
492.0341884524031,10.330157519681451,0.7233194700497786,7.74361813196464,6.83728985839709,1.6862109089736223e-11
492.5341884524031,9.940269734189597,0.7578215414532264,7.2199665772588215,6.8323528166884975,2.1814930235935365e-11
493.0341884524031,9.55947563276988,0.7951250683384324,6.6935016180450715,6.824998934999852,2.859604552782435e-11
493.5341884524031,9.188755612153019,0.8355024801037083,6.163864230161867,6.814690561720661,3.8013526981633385e-11
494.0341884524031,8.829200614842906,0.8792460376104485,5.630664394906979,6.800764807657236,5.1240429313929264e-11
494.5341884524031,8.482019849125383,0.926664839958577,5.093488401284199,6.78240640384667,6.993018323395994e-11
495.0341884524031,8.148546557013008,0.9780794950519954,4.551912499514447,6.758616987858735,9.629973556973723e-11
495.5341884524031,7.830240610701824,1.0338136780860694,4.005525497273681,6.7281820361948075,1.3306883492444637e-10
496.0341884524031,7.528686420370831,1.0941817317843094,3.4539633103427407,6.689638007178145,1.8303944294862933e-10
496.5341884524031,7.245584390128991,1.1594715066242027,2.89695851859765,6.641244197889836,2.479555911403222e-10
497.0341884524031,6.982734052224579,1.229921887161748,2.3344072238097233,6.580966323992372,3.261820100459779e-10
497.5341884524031,6.74200715679906,1.3056950058295578,1.76645341235905,6.50648160254794,4.08864818407291e-10
498.0341884524031,6.525309516060513,1.386844096590424,1.193587051060687,6.4152173955315135,4.749673995139008e-10
498.51088979141514,6.3428187005521535,1.4691373409045922,0.6436944631780055,6.310071830506218,4.817547790308894e-10
498.9650103183326,6.192328759695043,1.5517975833975537,0.1176393878057671,6.1912112258089715,4.3074893406513753e-10
499.39977820479396,6.070797340109785,1.6345238381722134,-0.38661499599246824,6.0584741634802555,3.3143739975722703e-10
499.81729455103675,5.9757862258475996,1.7168812124476156,-0.8698703728696823,5.91213553222805,1.9819222816219803e-10
500.2182284096028,5.905266264689416,1.7982110127703825,-1.331398562879861,5.753220621846544,5.029145275855459e-11
500.6015423328979,5.857323998200534,1.8775569057241774,-1.768748028578334,5.583885280993526,-9.023418780457224e-11
500.9641176719951,5.829812724065971,1.953590331161263,-2.1775149867308623,5.407878038588148,-2.035642237470943e-10
501.26181486905557,5.820319932246819,2.01641054752051,-2.5086289059484304,5.251942985786269,-2.3960656988533414e-10
501.5292938406357,5.821902789538739,2.072928082107736,-2.802054095284779,5.103238671465087,-2.5841487836390035e-10
501.79015216478876,5.832661053350699,2.127927748204959,-3.0840405172118714,4.9506190573977324,-2.739196158964017e-10
502.0935116642811,5.856566248185178,2.1915106090154772,-3.4062746916980653,4.764101273491052,-3.0886526437583607e-10
502.42675418960283,5.896822760124585,2.2605915783830324,-3.75261568960234,4.548669492332201,-3.613354659360506e-10
502.78289893838024,5.955804974027726,2.3331777338300514,-4.113350616410385,4.307198578557728,-4.235254923082057e-10
503.1577526074288,6.035314393345473,2.4078042526724266,-4.482082125078685,4.041776793759543,-4.860681177805284e-10
503.54900265678646,6.136819120656126,2.4833708101315617,-4.854722232614894,3.753960703551023,-5.422169193990823e-10
503.95585132676314,6.261702491012033,2.5590760023044945,-5.229027634167729,3.444733384030837,-5.898734799784895e-10
504.3787823170219,6.4114931284132135,2.6343635807867876,-5.604246770853134,3.1144280802535933,-6.313047734785459e-10
504.8193753503844,6.588057909855027,2.7088666012738676,-5.980810010000381,2.762683233358945,-6.717200422748511e-10
505.2801785376431,6.793763903647131,2.782355527912885,-6.3600859705650254,2.388416719402339,-7.178008603017514e-10
505.76465869402927,7.031630833473287,2.8546961955946157,-6.744225045293963,1.9897891136203014,-7.766466696758538e-10
506.26465869402927,7.298519997982962,2.9241385959919377,-7.126639019895365,1.5746143785263855,-8.426690769835931e-10
506.76465869402927,7.58530814080329,2.9884613040365404,-7.4965470499036275,1.1570142261519032,-8.992368740722803e-10
507.26465869402927,7.890213037130058,3.0479146228667218,-7.855617775690007,0.7380590312165575,-9.450943622074265e-10
507.76465869402927,8.211555565904415,3.1027930756079503,-8.205375473611301,0.3185249581962196,-9.80430691267548e-10
508.26465869402927,8.547774832136286,3.153413975907468,-8.547177590415727,-0.10104364798300373,-1.006469884104729e-09
508.76465869402927,8.897435325285231,3.2001012380167477,-8.882210576668339,-0.5202793858636049,-1.0249116927779124e-09
509.26465869402927,9.25922797897393,3.243173804233616,-9.211497305955492,-0.9389462971801779,-1.0374997504576767e-09
509.76465869402927,9.631966855589143,3.282937866658349,-9.53591095942226,-1.3569037110783628,-1.0457831153637305e-09
510.26465869402927,10.014582917522715,3.31968204402815,-9.85619179810245,-1.774078423000449,-1.0510167805557662e-09
510.76465869402927,10.406116046507691,3.353674758686282,-10.17296451545462,-2.1904438227642347,-1.0541601310192298e-09
511.26465869402927,10.80570618471044,3.3851631849720265,-10.486754807155817,-2.606004559643709,-1.0559131355772856e-09
511.76465869402927,11.212584222111072,3.4143732729607765,-10.798004446746095,-3.020785478312834,-1.0567691724452171e-09
512.2646586940293,11.62606305337918,3.441510472008656,-11.107084576523802,-3.4348237700201585,-1.0570673995296375e-09
512.7646586940293,12.045529072998482,3.466760879414428,-11.414307177114937,-3.8481634989841718,-1.0570333496327052e-09
513.2646586940293,12.470434263907045,3.4902926194586046,-11.719934820016205,-4.260851856729891,-1.0568141476873447e-09
513.7646586940293,12.90028895475837,3.5122573190124506,-12.024188875574929,-4.672936657045647,-1.0565044858942123e-09
514.2646586940293,13.334655266528795,3.5327915909499206,-12.327256372759853,-5.0844647110011225,-1.0561610526458471e-09
514.7646586940293,13.773141233987353,3.552018469042497,-12.629295705666163,-5.495480818836955,-1.0558186187452603e-09
515.2646586940293,14.215395566133997,3.5700487608502294,-12.930441367097878,-5.906027188703595,-1.055495498759426e-09
515.7646586940293,14.661102997933227,3.5869823008186748,-13.230807869177271,-6.316143146329368,-1.0552013241113214e-09
516.2646586940293,15.109980180409012,3.6029090963068513,-13.53049298904275,-6.725865039221211,-1.0549395319233598e-09
516.7646586940293,15.561772055162455,3.6179103660968206,-13.829580456649078,-7.135226267603922,-1.0547100052109469e-09
517.2646586940293,16.016248661024612,3.6320594751791684,-14.128142182611846,-7.544257394845199,-1.0545111292051603e-09
517.7646586940293,16.473202323755917,3.6454227720775623,-14.426240107371347,-7.9529863047705325,-1.0543402371596365e-09
518.2646586940293,16.93244518370333,3.658060336248143,-14.72392773872665,-8.361438383667847,-1.0541935223169151e-09
518.7646586940293,17.393807020635933,3.670026643574382,-15.021251432843286,-8.769636712112272,-1.054068861115157e-09
519.2646586940293,17.85713333928858,3.681371157960039,-15.3182514639132,-9.177602256878039,-1.0539628029974788e-09
519.7646586940293,18.322283683263752,3.6921388566978437,-15.61496291946292,-9.585354056778034,-1.0538729406308475e-09
520.2646586940293,18.7891301487702,3.702370696792083,-15.911416451594938,-9.992909398735648,-1.0537963164913008e-09
520.7646586940293,19.25755607316378,3.7121040288277074,-16.207638908961044,-10.400283982073724,-1.0537316009782277e-09
521.2646586940293,19.72745487638693,3.7213729643641,-16.503653869791222,-10.807492070133922,-1.0536768465861647e-09
521.7646586940293,20.19872903618626,3.730208702224441,-16.799482092654564,-11.214546629081918,-1.0536301200066672e-09
522.2646586940293,20.67128918044237,3.7386398184732377,-17.095141898657253,-11.62145945422721,-1.053590717288467e-09
522.7646586940293,21.145053282099145,3.7466925243369973,-17.390649496360968,-12.028241284474296,-1.0535569537185364e-09
523.2646586940293,21.619945944060714,3.7543908958317997,-17.686019258729562,-12.434901905682821,-1.0535283232981812e-09
523.7646586940293,22.095897763062073,3.7617570784180856,-17.981263959798696,-12.841450243790067,-1.0535039246514378e-09
524.2646586940293,22.57284476294304,3.7688114696062818,-18.276394977443466,-13.247894448568204,-1.0534831933934217e-09
524.7646586940293,23.050727888990366,3.7755728820843264,-18.57142246753814,-13.654241968871716,-1.0534657240765144e-09
525.2646586940293,23.529492556083955,3.7820586896263793,-18.866355513914712,-14.060499620190964,-1.0534502792226294e-09
525.7646586940293,24.0090882443112,3.7882849577672983,-19.16120225779704,-14.466673645275746,-1.0534371102835101e-09
526.2646586940293,24.489468136517775,3.7942665609860593,-19.455970009785926,-14.872769768534374,-1.0534261610317794e-09
526.7646586940293,24.970588792960225,3.800017287929576,-19.750665346973378,-15.278793244853329,-1.0534165306760701e-09
527.2646586940293,25.45240985883007,3.805549936022933,-20.045294197352966,-15.684748903423277,-1.053408279411722e-09
527.7646586940293,25.934893800943442,3.8108763966497303,-20.339861913351765,-16.090641187099937,-1.0534011081738723e-09
528.2646586940293,26.418005670345504,3.8160077319442736,-20.634373336025448,-16.496474187775075,-1.0533950941676351e-09
528.7646586940293,26.901712887974472,3.8209542441131505,-20.928832851221266,-16.902251678183394,-1.0533898923961637e-09
529.2646586940293,27.385985050874158,3.8257255380951083,-21.223244438816025,-17.307977140525914,-1.053384975559791e-09
529.7646586940293,27.870793756743584,3.8303305782730854,-21.517611715970368,-17.71365379224941,-1.0533808720499373e-09
530.2646586940293,28.356112444873418,3.8347777398690397,-21.811937975201683,-18.119284609284655,-1.053377763693439e-09
530.7646586940293,28.841916251746945,3.8390748555793,-22.106226217960913,-18.52487234701287,-1.0533747297991215e-09
531.2646586940293,29.32818187978258,3.8432292579442655,-22.400479184299954,-18.93041955920026,-1.0533717330075988e-09
531.7646586940293,29.814887477869153,3.847247817890195,-22.694699379132896,-19.335928615113986,-1.053369826197559e-09
532.2646586940293,30.30201253249801,3.8511369798315784,-22.988889095523714,-19.741401715009435,-1.0533677213033414e-09
532.7646586940293,30.7895377684299,3.8549027936792912,-23.283050435373195,-20.14684090415764,-1.0533658485026242e-09
533.2646586940293,31.277445057952328,3.8585509440616343,-23.577185327826758,-20.55224808556322,-1.053364479384475e-09
533.7646586940293,31.76571733788659,3.8620867770318004,-23.871295545681477,-20.9576250315067,-1.0533628121862149e-09
534.2646586940293,32.25433853359478,3.865515324505711,-24.1653827200334,-21.362973394030348,-1.0533618016264347e-09
534.7646586940293,32.74329348931764,3.8688413266480395,-24.45944835337454,-21.768294714473946,-1.0533609160312084e-09
535.2646586940293,33.23256790424489,3.872069252401136,-24.7534938313217,-22.173590432155233,-1.0533596837642998e-09
535.7646586940293,33.72214827378273,3.875203318331135,-25.047520433135787,-22.578861892279523,-1.053358953106108e-09
536.2646586940293,34.21202183553849,3.8782475059474177,-25.341529341170183,-22.984110353154268,-1.0533580606644405e-09
536.7646586940293,34.70217651959199,3.8812055776355434,-25.635521649369327,-23.389336992775963,-1.0533572999822706e-09
537.2646586940293,35.192600902666584,3.8840810913295027,-25.929498370923657,-23.794542914849952,-1.0533566123142232e-09
537.7646586940293,35.683284165852136,3.886877414036464,-26.22346044517411,-24.199729154297216,-1.0533564447058233e-09
538.2646586940293,36.17421605556635,3.889597734315903,-26.51740874384787,-24.604896682296683,-1.0533558650594849e-09
538.7646586940293,36.66538684747198,3.892245073804949,-26.811344076697694,-25.010046410906533,-1.0533552998810243e-09
539.2646586940293,37.15678731309494,3.8948222978728113,-27.105267196608022,-25.415179197303683,-1.0533552687247793e-09
539.7646586940293,37.648408688912696,3.8973321254791284,-27.39917880422436,-25.820295847676483,-1.0533549780537833e-09
540.2646586940293,38.140242647704525,3.8997771383039375,-27.693079552155204,-26.225397120802235,-1.0533546022292833e-09
540.7646586940293,38.63228127197472,3.9021597892105273,-27.986970048790706,-26.63048373133805,-1.0533545373606317e-09
541.2646586940293,39.124517029277506,3.904482410096703,-28.28085086177692,-27.035556352850538,-1.053354182729364e-09
541.7646586940293,39.616942749288334,3.9067472191848363,-28.57472252118036,-27.44061562060767,-1.0533540265769083e-09
542.2646586940293,40.109551602480195,3.9089563277964365,-28.86858552237353,-27.845662134153446,-1.0533537895704327e-09
542.7646586940293,40.60233708027668,3.9111117466528222,-29.16244032866905,-28.250696459684455,-1.0533534619825116e-09
543.2646586940293,41.09529297656476,3.9132153917397248,-29.456287373726607,-28.655719132245263,-1.0533533899587835e-09
543.7646586940293,41.58841337046073,3.915269089770276,-29.750127063754764,-29.060730657758125,-1.053353411429971e-09
544.2646586940293,42.08169261023224,3.9172745832777953,-30.043959779527082,-29.465731514901062,-1.0533529229828477e-09
544.7646586940293,42.575125298287446,3.9192335353670344,-30.33778587822999,-29.870722156846902,-1.0533528087978716e-09
545.2646586940293,43.06870627715042,3.9211475341500632,-30.63160569515821,-30.275703012874978,-1.0533528422924334e-09
545.7646586940293,43.56243061634837,3.9230180968907273,-30.925419545271595,-30.68067448986576,-1.053352718696956e-09
546.2646586940293,44.05629360014299,3.9248466738795744,-31.21922772462631,-31.085636973688093,-1.053352482941827e-09
546.7646586940293,44.55029071604346,3.9266346520593105,-31.513030511691337,-31.490590830487754,-1.0533524723252785e-09
547.2646586940293,45.04441764404413,3.9283833584191603,-31.806828168560898,-31.895536407884965,-1.0533523081627914e-09
547.7646586940293,45.53867024653444,3.9300940631750034,-32.1006209420718,-32.300474036088424,-1.053352347095714e-09
548.2646586940293,46.03304455883292,3.9317679827507646,-32.39440906483413,-32.70540402893212,-1.0533520964385585e-09
548.7646586940293,46.52753678030096,3.933406282575292,-32.68819275618269,-33.11032668484116,-1.0533521697548634e-09
549.2646586940293,47.02214326599565,3.935010079707801,-32.9819722230562,-33.51524228773185,-1.0533519889098616e-09
549.7646586940293,47.51686051882411,3.936580445303938,-33.275747660810175,-33.92015110785139,-1.053352038707913e-09
550.2646586940293,48.01168518216473,3.9381184069335458,-33.569519253969204,-34.32505340256134,-1.0533520294952761e-09
550.7646586940293,48.50661403292347,3.9396249507603667,-33.86328717692369,-34.72994941706946,-1.0533520704397863e-09
551.2646586940293,49.001643974995666,3.941101023593113,-34.15705159457554,-35.13483938511366,-1.0533520750294558e-09
551.7646586940293,49.49677203310617,3.9425475348166144,-34.4508126629371,-35.53972352960126,-1.0533521961526568e-09
552.2646586940293,49.99199534700274,3.943965358211091,-34.744570529687074,-35.94460206320755,-1.0533521270616353e-09
552.7646586940293,50.48731116597928,3.9453553336669906,-35.03832533468689,-36.34947518893574,-1.053352399284397e-09
553.2646586940293,50.98271684370744,3.9467182688022757,-35.332077210460575,-36.7543431006419,-1.0533519387938173e-09
553.7646586940293,51.47820983335669,3.9480549404885283,-35.62582628264129,-37.159205983526704,-1.053352103588813e-09
554.2646586940293,51.97378768298421,3.9493660962917843,-35.91957267038676,-37.564064014596795,-1.0533521677472365e-09
554.7646586940293,52.46944803117752,3.950652455833565,-36.213316486766324,-37.96891736309763,-1.0533523356599274e-09
555.2646586940293,52.96518860293396,3.951914712077192,-36.50705783912158,-38.37376619092002,-1.0533521826268203e-09
555.7646586940293,53.46100720576205,3.9531535325440905,-36.80079682940278,-38.77861065298189,-1.0533523476737882e-09
556.2646586940293,53.956901725991194,3.9543695604644737,-37.0945335544827,-39.18345089758722,-1.053352263292405e-09
556.7646586940293,54.452870125276675,3.9555634158664663,-37.388268106449736,-39.5882870667636,-1.0533521306425267e-09
557.2646586940293,54.94891043728825,3.956735696607464,-37.682000572881755,-39.99311929657981,-1.0533523471773334e-09
557.7646586940293,55.445020764571126,3.957886979351249,-37.975731037102015,-40.39794771744487,-1.0533523486027592e-09
558.2646586940293,55.941199275569005,3.959017820494143,-38.26945957841874,-40.80277245438962,-1.0533525005757616e-09
558.7646586940293,56.43744420179958,3.96012875704326,-38.56318627234915,-41.20759362733213,-1.0533524604303174e-09
559.2646586940293,56.93375383517346,3.9612203074497043,-38.856911190829344,-41.612411351327985,-1.0533521659265863e-09
559.7646586940293,57.4301265254482,3.962292972399377,-39.150634402411065,-42.01722573680629,-1.05335239580814e-09
560.2646586940293,57.92656067780946,3.9633472355638775,-39.44435597244596,-42.42203688979241,-1.0533522987792462e-09
560.7646586940293,58.42305475057212,3.964383564313811,-39.738075963258545,-42.82684491211839,-1.0533525155253627e-09
561.2646586940293,58.919607252994425,3.9654024103966763,-40.03179443430851,-43.23164990162161,-1.05335219722115e-09
561.7646586940293,59.41621674319874,3.966404210581353,-40.32551144234314,-43.6364519523325,-1.0533523364480922e-09
562.2646586940293,59.91288182619295,3.9673893872710924,-40.61922704154044,-44.041251154652166,-1.0533522466891386e-09
562.7646586940293,60.40960115198691,3.968358349086775,-40.91294128364379,-44.44604759552029,-1.053352320743678e-09
563.2646586940293,60.90637341379861,3.9693114914221055,-41.206654218088374,-44.85084135857402,-1.0533520196942356e-09
563.7646586940293,61.40319734634517,3.970249196972296,-41.50036589212038,-45.25563252429848,-1.053352191058697e-09
564.2646586940293,61.90007172421409,3.9711718362376995,-41.79407635090897,-45.66042117016924,-1.0533520229390085e-09
564.7646586940293,62.396995360310235,3.972079768003756,-42.0877856376519,-46.065207370787334,-1.0533520622421613e-09
565.2646586940293,62.89396710437478,3.9729733397985454,-42.38149379367494,-46.46999119800723,-1.053352143056985e-09
565.7646586940293,63.390985841571926,3.9738528883291435,-42.675200858525585,-46.87477272105828,-1.0533518789571688e-09
566.2646586940293,63.88805049114008,3.9747187398979156,-42.96890687006151,-47.279552006659756,-1.05335193541021e-09
566.7646586940293,64.38516000510397,3.975571210799813,-43.262611864533945,-47.68432911913018,-1.0533518346274896e-09
567.2646586940293,64.88231336704457,3.9764106077016734,-43.556315876666346,-48.0891041204911,-1.0533519689119423e-09
567.7646586940293,65.37950959092383,3.9772372280044594,-43.850018939728805,-48.49387707056559,-1.0533518489873008e-09
568.2646586940293,65.87674771996133,3.978051360189328,-44.14372108560823,-48.89864802707186,-1.0533518012359303e-09
568.7646586940293,66.3740268255603,3.9788532841483595,-44.43742234487466,-49.303417045712294,-1.0533518192541905e-09
569.2646586940293,66.87134600628052,3.979643271500731,-44.73112274684411,-49.70818418025804,-1.0533516379864287e-09
569.7646586940293,67.36870438685555,3.9804215858950753,-45.024822319637806,-50.112949482629496,-1.0533518738194558e-09
570.2646586940293,67.86610111725234,3.98118848329872,-45.31852109023836,-50.51771300297293,-1.0533518502627265e-09
570.7646586940293,68.36353537177091,3.9819442122744646,-45.61221908454298,-50.92247478973332,-1.053351910713355e-09
571.2646586940293,68.8610063481822,3.9826890142455165,-45.90591632741369,-51.327234889723826,-1.053351823014176e-09
571.7646586940293,69.35851326690226,3.9834231237491693,-46.19961284272505,-51.73199334819191,-1.0533517104259331e-09
572.2646586940293,69.85605537020093,3.984146768679776,-46.4933086534094,-52.13675020888227,-1.0533517820924546e-09
572.7646586940293,70.35363192144341,3.9848601705215385,-46.78700378149958,-52.541505514097,-1.05335151623922e-09
573.2646586940293,70.85124220436306,3.9855635445716104,-47.08069824816959,-52.94625930475276,-1.0533515866647932e-09
573.7646586940293,71.34888552236411,3.9862571001539697,-47.37439207377316,-53.35101162043546,-1.0533514752079225e-09
574.2646586940293,71.84656119785262,3.9869410408245116,-47.66808527788023,-53.75576249945229,-1.0533514420200856e-09
574.7646586940293,72.34426857159458,3.9876155645677733,-47.96177787931175,-54.16051197888153,-1.0533515360854837e-09
575.2646586940293,72.84200700209978,3.9882808639856853,-48.255469896172634,-54.56526009462,-1.053351181786905e-09
575.7646586940293,73.33977586503019,3.988937126478724,-48.54916134588299,-54.970006881428404,-1.0533514320772743e-09
576.2646586940293,73.83757455263192,3.989584534419818,-48.842852245208,-55.3747523729746,-1.0533514779598776e-09
576.7646586940293,74.33540247318948,3.990223265321343,-49.13654261028619,-55.77949660187508,-1.0533513505745345e-09
577.2646586940293,74.83325905050137,3.9908534919955247,-49.43023245665624,-56.18423959973449,-1.0533512823256466e-09
577.7646586940293,75.33114372337616,3.991475382708547,-49.72392179928271,-56.588981397183446,-1.0533515673656292e-09
578.2646586940293,75.82905594514794,3.992089101328653,-50.01761065258029,-56.993722023914735,-1.0533515150120954e-09
578.7646586940293,76.32699518321047,3.992694807468512,-50.31129903043705,-57.39846150871797,-1.0533514495434268e-09
579.2646586940293,76.82496091856899,3.993292656622102,-50.60498694623649,-57.803199879512626,-1.0533514468626162e-09
579.7646586940293,77.32295264540915,3.9938828002963613,-50.89867441287851,-58.2079371633798,-1.0533513139475895e-09
580.2646586940293,77.82096987068212,3.9944653861378323,-51.19236144279956,-58.61267338659262,-1.0533514303263294e-09
580.7646586940293,78.31901211370526,3.995040558054522,-51.48604804799158,-59.017408574645266,-1.0533513271299995e-09
581.2646586940293,78.8170789057776,3.995608456333187,-51.77973424002031,-59.42214275228084,-1.0533516610539886e-09
581.7646586940293,79.31516978980966,3.9961692177522417,-52.07342003004256,-59.82687594351804,-1.053351618717508e-09
582.2646586940293,79.81328431996675,3.996722975690479,-52.367105428822825,-60.231608171676825,-1.0533514173369849e-09
582.7646586940293,80.31142206132544,3.997269860231783,-52.66079044674901,-60.63633945940289,-1.0533517433918183e-09
583.2646586940293,80.80958258954243,3.9978099982660025,-52.954475093847556,-61.04106982869123,-1.0533517526713577e-09
583.7646586940293,81.30776549053535,3.998343513586153,-53.24815937979776,-61.445799300908654,-1.053351636393129e-09
584.2646586940293,81.80597036017517,3.9988705269820963,-53.54184331394562,-61.85052789681552,-1.0533515927560623e-09
584.7646586940293,82.30419680398943,3.9993911563308497,-53.83552690531681,-62.255255636586476,-1.053351603134722e-09
585.2646586940293,82.80244443687609,3.999905516683662,-54.129210162629306,-62.65998253983047,-1.0533515285009604e-09
585.7646586940293,83.30071288282744,4.000413720349992,-54.42289309430537,-63.064708625609796,-1.0533515283040778e-09
586.2646586940293,83.79900177466375,4.0009158769785165,-54.71657570848296,-63.46943391245861,-1.0533517545651075e-09
586.7646586940293,84.29731075377613,4.00141209363529,-55.01025801302668,-63.87415841840059,-1.0533516745656812e-09
587.2646586940293,84.79563946987838,4.001902474879171,-55.30394001553825,-64.27888216096592,-1.0533515434362103e-09
587.7646586940293,85.29398758076734,4.002387122834625,-55.59762172336657,-64.68360515720757,-1.0533516161685334e-09
588.2646586940293,85.7923547520915,4.002866137262012,-55.89130314361727,-65.08832742371703,-1.05335170905468e-09
588.7646586940293,86.2907406571275,4.003339615625458,-56.18498428316182,-65.49304897663947,-1.0533516213858314e-09
589.2646586940293,86.78914497656419,4.003807653158406,-56.47866514864642,-65.89776983168814,-1.0533513828613485e-09
589.7646586940293,87.28756739829393,4.0042703429269375,-56.77234574650038,-66.3024900041584,-1.053351569652285e-09
590.2646586940293,87.786007617211,4.004727775890958,-57.066026082944084,-66.70720950894118,-1.053351331416113e-09
590.7646586940293,88.28446533501663,4.005180040963318,-57.359706163996805,-67.11192836053588,-1.05335156190686e-09
591.2646586940293,88.78294026003054,4.005627225066967,-57.65338599548411,-67.51664657306277,-1.0533515966644798e-09
591.7646586940293,89.2814321070087,4.0060694131902,-57.947065583044775,-67.92136416027517,-1.0533514222863208e-09
592.2646586940293,89.77994059696704,4.006506688440079,-58.24074493213779,-68.32608113557075,-1.0533516708641147e-09
592.7646586940293,90.27846545701094,4.0069391320940975,-58.53442404804878,-68.73079751200277,-1.0533513789772477e-09
593.2646586940293,90.77700642017027,4.007366823650157,-58.828102935896204,-69.13551330229085,-1.053351351415384e-09
593.7646586940293,91.2755632252397,4.007789840874916,-59.121781600637405,-69.54022851883119,-1.0533514932893543e-09
594.2646586940293,91.77413561662418,4.008208259850571,-59.41546004707439,-69.94494317370652,-1.0533514097768421e-09
594.7646586940293,92.27272334418939,4.008622155020137,-59.70913827985923,-70.34965727869584,-1.0533514799197267e-09
595.2646586940293,92.77132616311683,4.009031599231274,-60.002816303499515,-70.75437084528346,-1.0533512567934612e-09
595.7646586940293,93.26994383376359,4.009436663778717,-60.29649412236332,-71.15908388466802,-1.053351434777237e-09
596.2646586940293,93.76857612152655,4.009837418445369,-60.59017174068409,-71.56379640777119,-1.0533516068876052e-09
596.7646586940293,94.26722279671068,4.010233931542086,-60.883849162565326,-71.96850842524586,-1.0533514776074337e-09
597.2646586940293,94.76588363440165,4.010626269946222,-61.17752639198517,-72.37321994748412,-1.053351518167097e-09
597.7646586940293,95.26455841434218,4.011014499138973,-61.47120343280069,-72.77793098462504,-1.0533515105343856e-09
598.2646586940293,95.76324692081236,4.0113986832415565,-61.76488028875202,-73.18264154656221,-1.053351749946861e-09
598.7646586940293,96.26194894251356,4.0117788850502745,-62.05855696346641,-73.58735164295072,-1.0533514356364238e-09
599.2646586940293,96.76066427245583,4.012155166070504,-62.35223346046196,-73.99206128321441,-1.0533515300744807e-09
599.7646586940293,97.25939270784889,4.012527586549642,-62.64590978315143,-74.39677047655242,-1.0533514904063183e-09
600.2646586940293,97.75813404999622,4.012896205509053,-62.93958593484572,-74.80147923194569,-1.0533517710717813e-09
600.7646586940293,98.25688810419243,4.0132610807750435,-63.23326191875738,-75.20618755816318,-1.0533516703110746e-09
601.2646586940293,98.75565467962372,4.013622269008913,-63.526937738003795,-75.61089546376814,-1.053351493242876e-09
601.7646586940293,99.2544335892712,4.013979825736094,-63.82061339561043,-76.01560295712373,-1.0533515187595145e-09
602.2646586940293,99.75322464981723,4.014333805374431,-64.1142888945138,-76.42031004639884,-1.0533513758024218e-09
602.7646586940293,100.25202768155431,4.014684261261616,-64.40796423756451,-76.82501673957346,-1.0533514839151195e-09
603.2646586940293,100.75084250829686,4.015031245681814,-64.70163942752998,-77.22972304444406,-1.0533514263822102e-09
603.7646586940293,101.2496689572954,4.015374809891508,-64.99531446709726,-77.63442896862864,-1.0533514876713397e-09
604.2646586940293,101.74850685915334,4.015715004144586,-65.28898935887555,-78.03913451957172,-1.0533513950448239e-09
604.7646586940293,102.24735604774611,4.0160518777167,-65.58266410539873,-78.44383970454918,-1.0533513931404138e-09
605.2646586940293,102.74621636014264,4.016385478928917,-65.87633870912794,-78.84854453067283,-1.053351397450812e-09
605.7646586940293,103.24508763652906,4.016715855170687,-66.1700131724537,-79.25324900489488,-1.0533513176682738e-09
606.2646586940293,103.74396972013466,4.017043052922158,-66.46368749769839,-79.65795313401235,-1.0533515167065478e-09
606.7646586940293,104.24286245715977,4.01736711777585,-66.75736168711819,-80.06265692467127,-1.0533515348769397e-09
607.2646586940293,104.74176569670591,4.017688094457705,-67.05103574290546,-80.46736038337069,-1.053351729867202e-09
607.7646586940293,105.24067929070773,4.01800602684756,-67.34470966719049,-80.87206351646665,-1.0533516021089145e-09
608.2646586940293,105.7396030938669,4.018320957999024,-67.63838346204368,-81.27676633017607,-1.0533514468807728e-09
608.7646586940293,106.23853696358788,4.01863293015881,-67.93205712947727,-81.68146883058033,-1.0533518612405514e-09
609.2646586940293,106.73748075991537,4.018941984785523,-68.22573067144714,-82.08617102362895,-1.0533515106361929e-09
609.7646586940293,107.23643434547365,4.019248162567928,-68.51940408985479,-82.490872915143,-1.0533517248282984e-09
610.2646586940293,107.73539758540741,4.019551503442712,-68.81307738654864,-82.89557451081859,-1.0533516037062797e-09
610.7646586940293,108.23437034732432,4.019852046611755,-69.10675056332614,-83.30027581622993,-1.053351531052663e-09
611.2646586940293,108.73335250123905,4.020149830558931,-69.40042362193492,-83.70497683683263,-1.0533514495086511e-09
611.7646586940293,109.232343919519,4.020444893066453,-69.6940965640745,-84.10967757796683,-1.0533516397793022e-09
612.2646586940293,109.73134447683124,4.020737271230765,-69.98776939139789,-84.51437804485997,-1.0533516958696285e-09
612.7646586940293,110.23035405009105,4.021027001478016,-70.28144210551272,-84.91907824262984,-1.053351548939036e-09
613.2646586940293,110.72937251841184,4.021314119579107,-70.57511470798283,-85.3237781762873,-1.0533513990697272e-09
613.7646586940293,111.22839976305623,4.021598660664344,-70.86878720032946,-85.72847785073911,-1.0533514232273901e-09
614.2646586940293,111.72743566738869,4.021880659237692,-71.16245958403269,-86.13317727079034,-1.05335176501385e-09
614.7646586940293,112.22648011682917,4.022160149190659,-71.45613186053248,-86.53787644114712,-1.0533516597965264e-09
615.2646586940293,112.72553299880812,4.022437163815804,-71.7498040312301,-86.94257536641905,-1.05335160182844e-09
615.7646586940293,113.22459420272263,4.022711735819895,-72.04347609748893,-87.34727405112166,-1.0533519107608293e-09
616.2646586940293,113.72366361989368,4.022983897336723,-72.33714806063597,-87.75197249967867,-1.053351836102922e-09
616.7646586940293,114.2227411435246,4.023253679939576,-72.63081992196265,-88.15667071642429,-1.0533519855018663e-09
617.2646586940293,114.72182666866041,4.023521114653395,-72.924491682726,-88.56136870560545,-1.0533518474690338e-09
617.7646586940293,115.22092009214846,4.02378623196661,-73.21816334414957,-88.96606647138387,-1.053351779615977e-09
618.2646586940293,115.72002131259988,4.024049061842675,-73.5118349074246,-89.3707640178382,-1.0533517819599252e-09
618.7646586940293,116.21913023035206,4.024309633731305,-73.80550637371073,-89.77546134896595,-1.0533520353427557e-09
619.2646586940293,116.71824674743216,4.024567976579431,-74.09917774413694,-90.18015846868566,-1.053351911484642e-09
619.7646586940293,117.21737076752144,4.024824118841864,-74.3928490198026,-90.58485538083862,-1.0533520349049437e-09
620.2646586940293,117.71650219592054,4.025078088491703,-74.68652020177824,-90.98955208919064,-1.0533518032567392e-09
620.7646586940293,118.21564093951561,4.025329913030471,-74.98019129110631,-91.39424859743411,-1.0533516725349031e-09
621.2646586940293,118.71478690674533,4.025579619498004,-75.27386228880194,-91.79894490918964,-1.0533518729135319e-09
621.7646586940293,119.21394000756868,4.02582723448208,-75.56753319585405,-92.20364102800757,-1.053351720385796e-09
622.2646586940293,119.71310015343359,4.026072784127825,-75.86120401322563,-92.60833695737,-1.0533516513815275e-09
622.7646586940293,120.21226725724624,4.026316294146871,-76.15487474185491,-93.01303270069192,-1.053351704043135e-09
623.2646586940293,120.71144123334128,4.026557789826295,-76.4485453826557,-93.41772826132328,-1.0533517321265934e-09
623.7646586940293,121.21062199745262,4.02679729603734,-76.74221593651822,-93.82242364255016,-1.0533519723253999e-09
624.2646586940293,121.70980946668506,4.02703483724391,-77.03588640430986,-94.22711884759636,-1.0533519193109126e-09
624.7646586940293,122.20900355948649,4.027270437510877,-77.32955678687567,-94.63181387962481,-1.0533521148862431e-09
625.2646586940293,122.70820419562087,4.027504120512167,-77.62322708503902,-95.03650874173908,-1.053351785805475e-09
625.7646586940293,123.20741129614179,4.027735909538661,-77.9168972996024,-95.44120343698448,-1.0533519152445502e-09
626.2646586940293,123.70662478336666,4.0279658275059065,-78.21056743134751,-95.84589796834976,-1.0533520481626554e-09
626.7646586940293,124.20584458085162,4.028193896961635,-78.5042374810363,-96.2505923387681,-1.0533521070704242e-09
627.2646586940293,124.70507061336689,4.028420140093106,-78.7979074494114,-96.65528655111845,-1.0533518323680795e-09
627.7646586940293,125.20430280687279,4.028644578734276,-79.09157733719653,-97.05998060822677,-1.0533518875322847e-09
628.2646586940293,125.70354108849637,4.028867234372797,-79.38524714509714,-97.46467451286716,-1.0533519618980175e-09
628.7646586940293,126.20278538650848,4.029088128156844,-79.67891687380077,-97.86936826776326,-1.0533518701336043e-09
629.2646586940293,126.70203563030148,4.029307280901791,-79.97258652397768,-98.27406187558896,-1.0533516928929835e-09
629.7646586940293,127.2012917503674,4.0295247130967216,-80.26625609628132,-98.67875533896984,-1.0533517307878905e-09
630.2646586940293,127.70055367827662,4.029740444910795,-80.55992559134853,-99.08344866048414,-1.053351744511511e-09
630.7646586940293,128.19982134665707,4.029954496199456,-80.85359500980036,-99.48814184266372,-1.0533520248535387e-09
631.2646586940293,128.69909468917393,4.030166886510507,-81.14726435224227,-99.89283488799518,-1.0533520527930656e-09
631.7646586940293,129.1983736405097,4.03037763509004,-81.44093361926457,-100.29752779892081,-1.0533519247096264e-09
632.2646586940293,129.69765813634478,4.030586760888225,-81.73460281144273,-100.7022205778396,-1.0533521665005117e-09
632.7646586940293,130.1969481133386,4.030794282564973,-82.02827192933806,-101.10691322710804,-1.0533518147056765e-09
633.2646586940293,130.69624350911096,4.0310002184954685,-82.32194097349785,-101.51160574904115,-1.0533518735630507e-09
633.7646586940293,131.195544262224,4.031204586775571,-82.6156099444557,-101.91629814591349,-1.0533520422519643e-09
634.2646586940293,131.69485031216436,4.0314074052271,-82.90927884273214,-102.32099041995961,-1.053351619624859e-09
634.7646586940293,132.19416159932607,4.0316086914029965,-83.20294766883475,-102.7256825733754,-1.053351741621535e-09
635.2646586940293,132.69347806499343,4.031808462592375,-83.49661642325847,-103.13037460831865,-1.0533517080352689e-09
635.7646586940293,133.19279965132458,4.032006735825449,-83.79028510648621,-103.53506652690984,-1.0533518805032627e-09
636.2646586940293,133.6921263013352,4.032203527878364,-84.08395371898875,-103.93975833123301,-1.0533520316947672e-09
636.7646586940293,134.19145795888286,4.032398855277906,-84.37762226122547,-104.34445002333653,-1.053351976869883e-09
637.2646586940293,134.69079456865134,4.032592734306117,-84.67129073364431,-104.74914160523379,-1.0533518327399402e-09
637.7646586940293,135.19013607613567,4.032785181004806,-84.96495913668232,-105.1538330789039,-1.0533522305520412e-09
638.2646586940293,135.68948242762724,4.032976211179957,-85.25862747076582,-105.55852444629254,-1.0533518341981165e-09
638.7646586940293,136.18883357019928,4.033165840406043,-85.55229573631055,-105.96321570931252,-1.05335185057679e-09
639.2646586940293,136.6881894516928,4.033354084030248,-85.84596393372226,-106.36790686984456,-1.0533517938904298e-09
639.7646586940293,137.18755002070267,4.033540957176592,-86.1396320633967,-106.77259792973776,-1.0533516841457752e-09
640.2646586940293,137.68691522656403,4.0337264747499715,-86.43330012571987,-107.17728889081054,-1.0533518613856544e-09
640.7646586940293,138.18628501933907,4.033910651440109,-86.72696812106854,-107.58197975485103,-1.0533517339988615e-09
641.2646586940293,138.685659349804,4.034093501725418,-87.02063604981008,-107.98667052361775,-1.0533517620616228e-09
641.7646586940293,139.18503816943644,4.034275039876789,-87.31430391230305,-108.39136119884027,-1.0533517098961033e-09
642.2646586940293,139.68442143040284,4.0344552799612865,-87.60797170889734,-108.79605178221968,-1.0533519898311988e-09
642.7646586940293,140.1838090855464,4.034634235845777,-87.90163943993414,-109.20074227542929,-1.0533521078377803e-09
643.2646586940293,140.68320108837509,4.034811921200472,-88.19530710574651,-109.60543268011509,-1.0533520145361974e-09
643.7646586940293,141.1825973930501,4.034988349502399,-88.48897470665938,-110.0101229978963,-1.0533518585887227e-09
644.2646586940293,141.68199795437425,4.035163534038801,-88.78264224298975,-110.41481323036598,-1.0533520452162138e-09
644.7646586940293,142.18140272778098,4.0353374879104615,-89.07630971504696,-110.8195033790915,-1.0533519784372763e-09
645.2646586940293,142.68081166932325,4.0355102240349625,-89.36997712313293,-111.224193445615,-1.0533518844717198e-09
645.7646586940293,143.18022473566293,4.035681755149872,-89.66364446754211,-111.62888343145401,-1.05335212321376e-09
646.2646586940293,143.67964188406023,4.0358520938158655,-89.95731174856203,-112.03357333810172,-1.053352045358822e-09
646.7646586940293,144.17906307236342,4.036021252419788,-90.25097896647301,-112.43826316702777,-1.0533518359801247e-09
647.2646586940293,144.67848825899878,4.036189243177644,-90.54464612154878,-112.84295291967838,-1.0533520232654251e-09
647.7646586940293,145.17791740296073,4.036356078137531,-90.83831321405638,-113.24764259747697,-1.053351660982859e-09
648.2646586940293,145.67735046380218,4.0365217691825155,-91.13198024425637,-113.65233220182466,-1.053351815582955e-09
648.7646586940293,146.176787401625,4.0366863280334435,-91.42564721240315,-114.05702173410052,-1.0533516742307065e-09
649.2646586940293,146.6762281770708,4.0368497662517,-91.71931411874475,-114.46171119566216,-1.0533517032133157e-09
649.7646586940293,147.17567275131185,4.037012095241906,-92.01298096352336,-114.86640058784607,-1.0533516969347534e-09
650.2646586940293,147.6751210860421,4.037173326254569,-92.30664774697517,-115.27108991196813,-1.0533516966329001e-09
650.7646586940293,148.17457314346854,4.037333470388672,-92.60031446933094,-115.67577916932362,-1.053351518262027e-09
651.2646586940293,148.67402888630252,4.037492538594217,-92.89398113081555,-116.08046836118815,-1.053351448534197e-09
651.7646586940293,149.17348827775155,4.03765054167471,-93.18764773164861,-116.48515748881762,-1.0533511146737819e-09
652.2646586940293,149.67295128151093,4.037807490289607,-93.48131427204434,-116.88984655344888,-1.0533514123454574e-09
652.7646586940293,150.17241786175575,4.0379633949567015,-93.77498075221182,-117.29453555629979,-1.0533513621636619e-09
653.2646586940293,150.671887983133,4.038118266054469,-94.06864717235503,-117.69922449856992,-1.05335146424933e-09
653.7646586940293,151.1713616107538,4.038272113824363,-94.36231353267313,-118.1039133814404,-1.05335153767957e-09
654.2646586940293,151.67083871018588,4.0384249483730725,-94.65597983336029,-118.50860220607494,-1.0533512185261082e-09
654.7646586940293,152.17031924744606,4.038576779674723,-94.94964607460611,-118.91329097361947,-1.0533509925044882e-09
655.2646586940293,152.669803188993,4.038727617573047,-95.24331225659547,-119.31797968520297,-1.0533510019414057e-09
655.7646586940293,153.16929050172004,4.038877471783501,-95.53697837950895,-119.7226683419374,-1.0533508929653496e-09
656.2646586940293,153.66878115294818,4.039026351895355,-95.83064444352254,-120.12735694491845,-1.053350997104135e-09
656.7646586940293,154.1682751104192,4.039174267373724,-96.12431044880806,-120.53204549522532,-1.0533510596308879e-09
657.2646586940293,154.66777234228888,4.039321227561575,-96.41797639553313,-120.93673399392146,-1.0533511972449146e-09
657.7646586940293,155.16727281712048,4.039467241681689,-96.71164228386121,-121.34142244205465,-1.0533512447151756e-09
658.2646586940293,155.66677650387814,4.039612318838585,-97.00530811395188,-121.74611084065728,-1.0533512089737752e-09
658.7646586940293,156.1662833719206,4.039756468020408,-97.29897388596088,-122.15079919074662,-1.0533509174822143e-09
659.2646586940293,156.66579339099485,4.039899698100783,-97.59263960004006,-122.55548749332515,-1.0533509192090404e-09
659.7646586940293,157.16530653123013,4.040042017840631,-97.88630525633748,-122.96017574938092,-1.0533508318412512e-09
660.2646586940293,157.66482276313178,4.0401834358899515,-98.17997085499769,-123.36486395988754,-1.0533508989723813e-09
660.7646586940293,158.16434205757548,4.0403239607895705,-98.47363639616178,-123.7695521258046,-1.053351021609215e-09
661.2646586940293,158.66386438580133,4.040463600972859,-98.76730187996706,-124.17424024807806,-1.053351014430176e-09
661.7646586940293,159.16338971940826,4.0406023647674125,-99.06096730654781,-124.57892832764016,-1.0533508971360583e-09
662.2646586940293,159.6629180303484,4.040740260396707,-99.35463267603475,-124.98361636540993,-1.053351212043763e-09
662.7646586940293,160.1624492909217,4.040877295981719,-99.64829798855547,-125.38830436229335,-1.0533511457511513e-09
663.2646586940293,160.66198347377042,4.0410134795425146,-99.94196324423446,-125.79299231918353,-1.0533510473011698e-09
663.7646586940293,161.16152055187393,4.041148818999813,-100.23562844319308,-126.19768023696088,-1.0533510110329098e-09
664.2646586940293,161.6610604985436,4.041283322176518,-100.52929358554964,-126.60236811649357,-1.0533509662924035e-09
664.7646586940293,162.16060328741762,4.041416996799226,-100.82295867141953,-127.00705595863747,-1.0533511813290176e-09
665.2646586940293,162.66014889245602,4.041549850499696,-101.11662370091534,-127.41174376423645,-1.053350975461664e-09
665.7646586940293,163.15969728793587,4.041681890816307,-101.41028867414664,-127.81643153412286,-1.0533509136822857e-09
666.2646586940293,163.65924844844636,4.041813125195472,-101.70395359122045,-128.22111926911717,-1.0533512464051902e-09
666.7646586940293,164.15880234888417,4.041943560993046,-101.99761845224097,-128.62580697002872,-1.0533512263925611e-09
667.2646586940293,164.65835896444878,4.0420732054756865,-102.29128325731,-129.0304946376555,-1.053351215313222e-09
667.7646586940293,165.15791827063794,4.042202065822211,-102.58494800652645,-129.43518227278466,-1.0533513457373389e-09
668.2646586940293,165.65748024324319,4.042330149124912,-102.87861269998699,-129.8398698761924,-1.0533511863088056e-09
668.7646586940293,166.1570448583455,4.04245746239086,-103.17227733778572,-130.24455744864454,-1.0533511070753384e-09
669.2646586940293,166.65661209231095,4.042584012543176,-103.46594192001423,-130.6492449908963,-1.0533510128721089e-09
669.7646586940293,167.15618192178644,4.0427098064222875,-103.759606446762,-131.05393250369266,-1.0533511578257101e-09
670.2646586940293,167.65575432369565,4.042834850787156,-104.05327091811613,-131.4586199877685,-1.0533512650075617e-09
670.7646586940293,168.1553292752348,4.042959152316488,-104.34693533416139,-131.86330744384875,-1.0533512225392002e-09
671.2646586940293,168.6549067538688,4.04308271760992,-104.64059969498031,-132.26799487264887,-1.0533511528239649e-09
671.7646586940293,169.1544867373272,4.043205553189184,-104.93426400065363,-132.67268227487426,-1.053351124029809e-09
672.2646586940293,169.65406920360036,4.043327665499255,-105.22792825125957,-133.07736965122126,-1.0533513237455224e-09
672.7646586940293,170.1536541309356,4.043449060909477,-105.52159244687458,-133.48205700237676,-1.0533511332272757e-09
673.2646586940293,170.65324149783353,4.043569745714666,-105.81525658757293,-133.8867443290186,-1.0533512389147608e-09
673.7646586940293,171.15283128304435,4.043689726136196,-106.10892067342697,-134.2914316318157,-1.0533512724913402e-09
674.2646586940293,171.6524234655642,4.04380900832307,-106.40258470450725,-134.69611891142793,-1.0533509305007957e-09
674.7646586940293,172.15201802463164,4.043927598352964,-106.6962486808824,-135.10080616850664,-1.0533511730195045e-09
675.2646586940293,172.65161493972423,4.044045502233262,-106.98991260261911,-135.50549340369463,-1.053351059859538e-09
675.7646586940293,173.15121419055498,4.0441627259020665,-107.28357646978236,-135.9101806176263,-1.0533509839863996e-09
676.2646586940293,173.6508157570691,4.0442792752291945,-107.57724028243535,-136.31486781092784,-1.0533506943659243e-09
676.7646586940293,174.15041961944058,4.0443951560171545,-107.87090404063959,-136.71955498421707,-1.053350877920731e-09
677.2646586940293,174.65002575806906,4.044510374002109,-108.164567744455,-137.12424213810405,-1.053350769483102e-09
677.7646586940293,175.1496341535765,4.044624934854821,-108.45823139393967,-137.52892927319087,-1.0533510687477585e-09
678.2646586940293,175.64924478680413,4.04473884418158,-108.75189498915009,-137.9336163900719,-1.0533508254774436e-09
678.7646586940293,176.14885763880932,4.044852107525118,-109.04555853014132,-138.33830348933384,-1.0533508825660148e-09
679.2646586940293,176.64847269086258,4.044964730365504,-109.3392220169669,-138.74299057155585,-1.0533507957484835e-09
679.7646586940293,177.14808992444452,4.04507671812103,-109.63288544967878,-139.1476776373098,-1.0533508911862104e-09
680.2646586940293,177.64770932124296,4.045188076149077,-109.92654882832734,-139.55236468716032,-1.053350773380634e-09
680.7646586940293,178.14733086315,4.045298809746967,-110.22021215296171,-139.95705172166475,-1.0533504919023324e-09
681.2646586940293,178.64695453225917,4.045408924152804,-110.51387542362953,-140.36173874137341,-1.0533503245031808e-09
681.7646586940293,179.14658031086276,4.045518424546298,-110.8075386403771,-140.76642574682975,-1.0533504216742643e-09
682.2646586940293,179.6462081814489,4.0456273160495755,-111.10120180324928,-141.17111273857043,-1.0533504430489838e-09
682.7646586940293,180.14583812669898,4.0457356037279775,-111.39486491228962,-141.5757997171253,-1.0533506058601187e-09
683.2646586940293,180.6454701294849,4.045843292590844,-111.6885279675405,-141.9804866830176,-1.053350290663779e-09
683.7646586940293,181.14510417286655,4.045950387592285,-111.98219096904282,-142.38517363676425,-1.0533504385883143e-09
684.2646586940293,181.64474024008922,4.046056893631939,-112.27585391683654,-142.78986057887536,-1.0533506345139205e-09
684.7646586940293,182.14437831458102,4.046162815555721,-112.56951681096017,-143.19454750985517,-1.0533504977511908e-09
685.2646586940293,182.64401837995044,4.046268158156555,-112.86317965145112,-143.59923443020142,-1.053350806376845e-09
685.7646586940293,183.1436604199839,4.046372926175095,-113.15684243834559,-144.00392134040587,-1.0533505230728212e-09
686.2646586940293,183.64330441864325,4.046477124300436,-113.4505051716788,-144.40860824095412,-1.0533508540090222e-09
686.7646586940293,184.14295036006362,4.0465807571708154,-113.7441678514847,-144.81329513232592,-1.0533507865362657e-09
687.2646586940293,184.64259822855087,4.046683829374297,-114.03783047779618,-145.21798201499521,-1.0533503354594066e-09
687.7646586940293,185.1422480085794,4.046786345449448,-114.33149305064518,-145.62266888943012,-1.0533505206685676e-09
688.2646586940293,185.64189968478988,4.046888309886005,-114.62515557006238,-146.02735575609313,-1.0533503718243798e-09
688.7646586940293,186.14155324198703,4.046989727125529,-114.91881803607764,-146.43204261544113,-1.0533503644674888e-09
689.2646586940293,186.6412086651374,4.047090601562047,-115.21248044871979,-146.83672946792544,-1.0533506890908045e-09
689.7646586940293,187.14086593936736,4.047190937542691,-115.50614280801659,-147.24141631399212,-1.0533505822423156e-09
690.2646586940293,187.6405250499608,4.047290739368316,-115.79980511399492,-147.64610315408177,-1.0533502429467854e-09
690.7646586940293,188.1401859823571,4.047390011294118,-116.0934673666807,-148.05078998862982,-1.0533505111979094e-09
691.2646586940293,188.63984872214922,4.0474887575302345,-116.38712956609885,-148.45547681806644,-1.0533504038191156e-09
691.7646586940293,189.13951325508148,4.047586982242343,-116.68079171227353,-148.86016364281676,-1.0533504990668729e-09
692.2646586940293,189.63917956704773,4.047684689552243,-116.97445380522804,-149.26485046330077,-1.0533503411578435e-09
692.7646586940293,190.1388476440893,4.047781883538433,-117.2681158449847,-149.66953727993368,-1.0533504526981552e-09
693.2646586940293,190.63851747239318,4.047878568236678,-117.56177783156507,-150.07422409312565,-1.0533503657460666e-09
693.7646586940293,191.13818903829,4.047974747640566,-117.85543976498982,-150.47891090328216,-1.0533504858593648e-09
694.2646586940293,191.63786232825223,4.04807042570206,-118.14910164527882,-150.88359771080397,-1.0533504669475694e-09
694.7646586940293,192.1375373288924,4.048165606332035,-118.4427634724512,-151.28828451608703,-1.0533505399460933e-09
695.2646586940293,192.6372140269612,4.048260293400813,-118.73642524652537,-151.69297131952277,-1.0533504103685924e-09
695.7646586940293,193.13689240934576,4.048354490738686,-119.03008696751883,-152.09765812149806,-1.0533505132265099e-09
696.2646586940293,193.63657246306786,4.048448202136433,-119.32374863544831,-152.50234492239548,-1.0533504072036043e-09
696.7646586940293,194.13625417528226,4.048541431345827,-119.61741025033014,-152.90703172259285,-1.0533504197347611e-09
697.2646586940293,194.63593753327496,4.048634182080135,-119.91107181217951,-153.31171852246402,-1.0533503824727625e-09
697.7646586940293,195.1356225244615,4.0487264580146105,-120.20473332101133,-153.71640532237825,-1.0533503443156547e-09
698.2646586940293,195.63530913638542,4.048818262786981,-120.49839477683942,-154.12109212270084,-1.0533504407766456e-09
698.7646586940293,196.1349973567165,4.0489095999979225,-120.79205617967725,-154.52577892379279,-1.053350512119916e-09
699.2646586940293,196.6346871732493,4.04900047321153,-121.0857175295375,-154.930465726011,-1.0533502360759275e-09
699.7646586940293,197.13437857390147,4.049090885955782,-121.37937882643226,-155.33515252970832,-1.0533504716373802e-09
700.2646586940293,197.6340715467123,4.049180841722998,-121.67304007037288,-155.7398393352338,-1.0533501388453037e-09
700.7646586940293,198.13376607984114,4.049270343970283,-121.96670126137016,-156.1445261429324,-1.0533502339379681e-09
701.2646586940293,198.63346216156586,4.049359396119976,-122.26036239943437,-156.54921295314517,-1.0533500688352732e-09
701.7646586940293,199.1331597802815,4.04944800156008,-122.55402348457508,-156.95389976620947,-1.053349789884982e-09
702.2646586940293,199.63285892449863,4.049536163644696,-122.84768451680141,-157.35858658245888,-1.0533500198346017e-09
702.7646586940293,200.1325595828421,4.049623885694443,-123.14134549612174,-157.7632734022232,-1.0533500895209074e-09
703.2646586940293,200.6322617440495,4.049711170996875,-123.43500642254415,-158.16796022582852,-1.0533500261359393e-09
703.7646586940293,201.13196539696978,4.049798022806893,-123.7286672960759,-158.5726470535975,-1.0533499643633814e-09
704.2646586940293,201.63167053056193,4.049884444347148,-124.022328116724,-158.97733388584905,-1.053350135130123e-09
704.7646586940293,202.13137713389364,4.049970438808439,-124.31598888449457,-159.3820207228989,-1.0533501024822459e-09
705.2646586940293,202.63108519613982,4.050056009350107,-124.6096495993935,-159.78670756505886,-1.0533500572136462e-09
705.7646586940293,203.1307947065815,4.050141159100417,-124.90331026142631,-160.19139441263764,-1.0533500331004216e-09
706.2646586940293,203.63050565460438,4.050225891156947,-125.19697087059765,-160.59608126594057,-1.0533500786095713e-09
706.7646586940293,204.13021802969757,4.0503102085869545,-125.49063142691193,-161.00076812526956,-1.0533500228482384e-09
707.2646586940293,204.62993182145246,4.050394114427753,-125.78429193037306,-161.40545499092332,-1.0533499509205396e-09
707.7646586940293,205.12964701956128,4.050477611687074,-126.07795238098446,-161.81014186319726,-1.053349881813667e-09
708.2646586940293,205.62936361381603,4.050560703343425,-126.37161277874904,-162.2148287423837,-1.053349992694635e-09
708.7646586940293,206.12908159410728,4.050643392346445,-126.66527312366942,-162.61951562877184,-1.0533501024388282e-09
709.2646586940293,206.62880095042286,4.050725681617252,-126.95893341574771,-163.02420252264758,-1.0533501257381707e-09
709.7646586940293,207.12852167284683,4.05080757404879,-127.25259365498553,-163.428889424294,-1.0533500639802518e-09
710.2646586940293,207.62824375155824,4.050889072506162,-127.54625384138416,-163.8335763339911,-1.0533497266996827e-09
710.7646586940293,208.12796717683005,4.050970179826969,-127.83991397494451,-164.23826325201577,-1.0533501399738477e-09
711.2646586940293,208.62769193902793,4.051050898821638,-128.133574055667,-164.64295017864217,-1.053350052838604e-09
711.7646586940293,209.12741802860927,4.051131232273743,-128.4272340835518,-165.0476371141413,-1.0533501644819497e-09
712.2646586940293,209.62714543612202,4.051211182940332,-128.7208940585986,-165.45232405878164,-1.053350317075063e-09
712.7646586940293,210.1268741522036,4.051290753552233,-129.0145539808067,-165.85701101282854,-1.0533502487321176e-09
713.2646586940293,210.62660416757996,4.051369946814373,-129.30821385017506,-166.2616979765448,-1.0533503257579871e-09
713.7646586940293,211.12633547306433,4.05144876540608,-129.60187366670223,-166.6663849501904,-1.053350302512707e-09
714.2646586940293,211.62606805955642,4.051527211981384,-129.89553343038654,-167.07107193402254,-1.0533504785437036e-09
714.7646586940293,212.12580191804125,4.051605289169319,-130.18919314122576,-167.47575892829593,-1.0533504532182295e-09
715.2646586940293,212.62553703958824,4.051682999574213,-130.48285279921748,-167.88044593326242,-1.0533504178806008e-09
715.7646586940293,213.1252734153502,4.051760345775978,-130.7765124043591,-168.28513294917138,-1.0533504988447319e-09
716.2646586940293,213.6250110365623,4.051837330330397,-131.0701719566474,-168.6898199762696,-1.0533504934495045e-09
716.7646586940293,214.12474989454125,4.051913955769402,-131.36383145607905,-169.09450701480134,-1.053350269155543e-09
717.2646586940293,214.62448998068416,4.051990224601356,-131.65749090265038,-169.49919406500825,-1.0533501717927475e-09
717.7646586940293,215.1242312864678,4.052066139311323,-131.9511502963573,-169.9038811271297,-1.0533503711227462e-09
718.2646586940293,215.62397380344757,4.05214170236134,-132.24480963719543,-170.30856820140255,-1.0533502763137698e-09
718.7646586940293,216.12371752325666,4.052216916190681,-132.53846892516026,-170.71325528806122,-1.0533501732653511e-09
719.2646586940293,216.6234624376051,4.052291783216121,-132.83212816024684,-171.11794238733782,-1.0533502795869272e-09
719.7646586940293,217.1232085382789,4.052366305832193,-133.12578734245,-171.52262949946203,-1.0533498045784261e-09
720.2646586940293,217.6229558171392,4.052440486411444,-133.41944647176436,-171.92731662466124,-1.053350101599629e-09
720.7646586940293,218.12270426612142,4.05251432730469,-133.71310554818413,-172.3320037631607,-1.053350011666277e-09
721.2646586940293,218.62245387723434,4.052587830841259,-134.00676457170331,-172.7366909151832,-1.0533502906491452e-09
721.7646586940293,219.12220464255932,4.052660999329236,-134.30042354231583,-173.1413780809493,-1.05335001368806e-09
722.2646586940293,219.62195655424958,4.05273383505571,-134.59408246001504,-173.54606526067758,-1.0533500016965572e-09
722.7646586940293,220.12170960452917,4.052806340287007,-134.8877413247942,-173.95075245458432,-1.0533498714421465e-09
723.2646586940293,220.62146378569236,4.052878517268927,-135.18140013664637,-174.3554396628837,-1.0533500541018324e-09
723.7646586940293,221.12121909010273,4.052950368226975,-135.47505889556427,-174.76012688578763,-1.0533500891123428e-09
724.2646586940293,221.6209755101925,4.053021895366591,-135.76871760154057,-175.16481412350618,-1.053350066262602e-09
724.7646586940293,222.12073303846165,4.053093100873373,-136.06237625456745,-175.56950137624722,-1.0533498682672902e-09
725.2646586940293,222.62049166747724,4.053163986913304,-136.35603485463704,-175.97418864421653,-1.0533498078457213e-09
725.7646586940293,223.12025138987264,4.053234555632964,-136.64969340174136,-176.37887592761794,-1.0533498291557937e-09
726.2646586940293,223.62001219834679,4.053304809159758,-136.94335189587187,-176.78356322665346,-1.0533498379511013e-09
726.7646586940293,224.11977408566347,4.053374749602116,-137.23701033702017,-177.1882505415228,-1.0533498515092663e-09
727.2646586940293,224.61953704465057,4.053444379049717,-137.5306687251774,-177.59293787242405,-1.0533499887076695e-09
727.7646586940293,225.11930106819943,4.053513699573687,-137.82432706033467,-177.99762521955319,-1.053350106597743e-09
728.2646586940293,225.61906614926409,4.05358271322681,-138.11798534248274,-178.4023125831045,-1.0533501705732614e-09
728.7646586940293,226.1188322808606,4.053651422043728,-138.41164357161227,-178.80699996327027,-1.0533502449270897e-09
729.2646586940293,226.6185994560664,4.053719828041143,-138.70530174771378,-179.2116873602409,-1.0533502152958764e-09
729.7646586940293,227.11836766801954,4.053787933218013,-138.9989598707774,-179.61637477420516,-1.0533500677024943e-09
730.2646586940293,227.61813690991815,4.053855739555744,-139.29261794079338,-180.02106220534975,-1.0533504634748864e-09
730.7646586940293,228.11790717501964,4.053923249018387,-139.58627595775164,-180.42574965385978,-1.0533504499275084e-09
731.2646586940293,228.61767845664022,4.053990463552826,-139.87993392164188,-180.8304371199186,-1.053350416068292e-09
731.7646586940293,229.1174507481541,4.054057385088964,-140.1735918324535,-181.23512460370796,-1.053350378780064e-09
732.2646586940293,229.61722404299297,4.054124015539905,-140.4672496901762,-181.63981210540746,-1.0533504974281719e-09
732.7646586940293,230.11699833464533,4.054190356802145,-140.76090749479891,-182.04449962519556,-1.053350407354572e-09
733.2646586940293,230.6167736166559,4.054256410755743,-141.05456524631083,-182.4491871632487,-1.0533503157561992e-09
733.7646586940293,231.116549882625,4.054322179264501,-141.34822294470092,-182.85387471974178,-1.0533502642605387e-09
734.2646586940293,231.61632712620795,4.054387664176142,-141.64188058995794,-183.25856229484796,-1.0533503680152824e-09
734.7646586940293,232.1161053411145,4.054452867322481,-141.9355381820704,-183.66324988873905,-1.053350420624452e-09
735.2646586940293,232.61588452110823,4.054517790519595,-142.22919572102683,-184.067937501585,-1.0533504117578265e-09
735.7646586940293,233.115664660006,4.054582435567994,-142.52285320681554,-184.47262513355437,-1.0533501890423324e-09
736.2646586940293,233.61544575167733,4.054646804252784,-142.81651063942468,-184.8773127848141,-1.0533505239874412e-09
736.7646586940293,234.1152277900439,4.054710898343836,-143.11016801884224,-185.2820004555296,-1.0533505467765754e-09
737.2646586940293,234.61501076907894,4.054774719595942,-143.40382534505613,-185.68668814586482,-1.053350531520064e-09
737.7646586940293,235.11479468280677,4.054838269748981,-143.6974826180543,-186.09137585598202,-1.053350399444883e-09
738.2646586940293,235.61457952530216,4.054901550528074,-143.99113983782402,-186.4960635860423,-1.0533505355172967e-09
738.7646586940293,236.11436529068988,4.054964563643741,-144.28479700435307,-186.90075133620508,-1.053350684229449e-09
739.2646586940293,236.6141519731441,4.055027310792053,-144.57845411762875,-187.3054391066283,-1.0533505732649275e-09
739.7646586940293,237.11393956688792,4.0550897936547905,-144.87211117763823,-187.7101268974687,-1.0533506643507206e-09
740.2646586940293,237.61372806619286,4.055152013899584,-145.16576818436874,-188.11481470888137,-1.0533506192835023e-09
740.7646586940293,238.11351746537835,4.055213973180071,-145.4594251378073,-188.51950254102005,-1.0533506326937844e-09
741.2646586940293,238.6133077588112,4.055275673136038,-145.7530820379406,-188.92419039403745,-1.0533507650847392e-09
741.7646586940293,239.11309894090516,4.055337115393567,-146.04673888475557,-189.32887826808442,-1.053350690465673e-09
742.2646586940293,239.61289100612035,4.055398301565177,-146.34039567823888,-189.73356616331068,-1.0533504169003273e-09
742.7646586940293,240.11268394896288,4.055459233249964,-146.63405241837705,-190.13825407986474,-1.0533505136587552e-09
743.2646586940293,240.61247776398432,4.055519912033745,-146.92770910515668,-190.54294201789347,-1.0533504817167864e-09
743.7646586940293,241.1122724457812,4.055580339489191,-147.2213657385638,-190.94762997754293,-1.053350642795607e-09
744.2646586940293,241.61206798899465,4.0556405171759655,-147.51502231858495,-191.35231795895749,-1.0533503802092638e-09
744.7646586940293,242.11186438830978,4.055700446640856,-147.80867884520612,-191.75700596228037,-1.0533505934395936e-09
745.2646586940293,242.61166163845542,4.055760129417909,-148.10233531841337,-192.16169398765362,-1.0533503775421012e-09
745.7646586940293,243.11145973420352,4.05581956702856,-148.39599173819272,-192.56638203521794,-1.05335023704927e-09
746.2646586940293,243.61125867036876,4.055878760981763,-148.6896481045299,-192.97107010511286,-1.0533505390856577e-09
746.7646586940293,244.11105844180815,4.055937712774118,-148.98330441741075,-193.37575819747676,-1.0533504090853337e-09
747.2646586940293,244.6108590434206,4.055996423889997,-149.27696067682095,-193.78044631244668,-1.0533503874582433e-09
747.7646586940293,245.11066047014634,4.05605489580167,-149.57061688274598,-194.18513445015864,-1.0533505199767588e-09
748.2646586940293,245.61046271696677,4.0561131299694235,-149.86427303517155,-194.58982261074723,-1.0533502546838192e-09
748.7646586940293,246.11026577890382,4.056171127841689,-150.1579291340829,-194.99451079434624,-1.0533502990682625e-09
749.2646586940293,246.61006965101964,4.056228890855159,-150.45158517946527,-195.3991990010882,-1.0533505341957452e-09
749.7646586940293,247.10987432841617,4.056286420434905,-150.7452411713041,-195.80388723110426,-1.0533503485660193e-09
750.2646586940293,247.60967980623474,4.056343717994495,-151.03889710958444,-196.20857548452474,-1.0533504678053626e-09
750.7646586940293,248.10948607965568,4.0564007849361134,-151.3325529942913,-196.6132637614789,-1.0533504349500011e-09
751.2646586940293,248.60929314389796,4.05645762265067,-151.62620882540972,-197.01795206209468,-1.0533503080247653e-09
751.7646586940293,249.10910099421872,4.056514232517914,-151.9198646029247,-197.42264038649898,-1.0533503039887811e-09
752.2646586940293,249.608909625913,4.0565706159065495,-152.21352032682114,-197.82732873481763,-1.0533502882639823e-09
752.7646586940293,250.10871903431322,4.056626774174342,-152.5071759970837,-198.23201710717564,-1.0533501078949392e-09
753.2646586940293,250.60852921478903,4.056682708668228,-152.80083161369717,-198.6367055036967,-1.053350316025774e-09
753.7646586940293,251.10834016274666,4.056738420724425,-153.09448717664617,-199.04139392450358,-1.0533503968402009e-09
754.2646586940293,251.6081518736288,4.056793911668535,-153.38814268591514,-199.4460823697181,-1.0533503072764754e-09
754.7646586940293,252.1079643429141,4.05684918281565,-153.68179814148885,-199.85077083946092,-1.053350325961382e-09
755.2646586940293,252.6077775661169,4.056904235470459,-153.97545354335156,-200.25545933385183,-1.0533505755312847e-09
755.7646586940293,253.1075915387868,4.0569590709273475,-154.2691088914877,-200.66014785300956,-1.0533506443580265e-09
756.2646586940293,253.60740625650834,4.057013690470499,-154.56276418588155,-201.06483639705186,-1.0533501757300772e-09
756.7646586940293,254.1072217149007,4.057068095373998,-154.8564194265173,-201.4695249660957,-1.053350266877934e-09
757.2646586940293,254.60703790961733,4.057122286901925,-155.1500746133793,-201.87421356025675,-1.0533503294308506e-09
757.7646586940293,255.1068548363456,4.057176266308459,-155.44372974645162,-202.27890217965,-1.0533503089967832e-09
758.2646586940293,255.60667249080652,4.057230034837971,-155.73738482571832,-202.6835908243895,-1.0533500271697118e-09
758.7646586940293,256.1064908687543,4.0572835937251215,-156.03103985116337,-203.08827949458825,-1.053350508793002e-09
759.2646586940293,256.6063099659762,4.057336944194952,-156.32469482277094,-203.49296819035834,-1.0533503963038423e-09
759.7646586940293,257.1061297782921,4.057390087462983,-156.61834974052465,-203.89765691181123,-1.0533499631277305e-09
760.2646586940293,257.6059503015541,4.057443024735304,-156.91200460440854,-204.3023456590571,-1.0533499267547045e-09
760.7646586940293,258.1057715316465,4.057495757208662,-157.20565941440628,-204.70703443220555,-1.0533497942473141e-09
761.2646586940293,258.60559346448514,4.057548286070558,-157.49931417050178,-205.11172323136512,-1.0533501110659169e-09
761.7646586940293,259.10541609601734,4.057600612499329,-157.7929688726788,-205.51641205664353,-1.0533497956934546e-09
762.2646586940293,259.6052394222214,4.0576527376642435,-158.08662352092085,-205.92110090814768,-1.0533499926364743e-09
762.7646586940293,260.10506343910663,4.057704662725582,-158.38027811521155,-206.32578978598366,-1.0533500523604894e-09
763.2646586940293,260.60488814271264,4.0577563888347274,-158.67393265553451,-206.73047869025666,-1.0533500474751392e-09
763.7646586940293,261.10471352910935,4.057807917134249,-158.96758714187308,-207.13516762107113,-1.0533498501180751e-09
764.2646586940293,261.6045395943966,4.0578592487579845,-159.26124157421097,-207.53985657853056,-1.0533498315523007e-09
764.7646586940293,262.1043663347039,4.0579103848311275,-159.55489595253147,-207.94454556273777,-1.0533494757603257e-09
765.2646586940293,262.60419374619005,4.057961326470306,-159.84855027681803,-208.34923457379463,-1.0533495212035701e-09
765.7646586940293,263.10402182504293,4.058012074783664,-160.14220454705392,-208.75392361180238,-1.0533497409693932e-09
766.2646586940293,263.6038505674793,4.058062630870947,-160.43585876322229,-209.15861267686145,-1.0533497385956723e-09
766.7646586940293,264.10367996974446,4.058112995823572,-160.72951292530664,-209.5633017690714,-1.0533499926603901e-09
767.2646586940293,264.6035100281119,4.058163170724716,-161.02316703329015,-209.967990888531,-1.0533499941267512e-09
767.7646586940293,265.10334073888316,4.058213156649385,-161.31682108715594,-210.3726800353385,-1.0533500129922294e-09
768.2646586940293,265.6031720983876,4.0582629546644995,-161.61047508688722,-210.77736920959111,-1.0533500549876004e-09
768.7646586940293,266.10300410298186,4.058312565828962,-161.90412903246707,-211.1820584113855,-1.053349656339659e-09
769.2646586940293,266.60283674904997,4.058361991193739,-162.19778292387844,-211.5867476408175,-1.0533499062698004e-09
769.7646586940293,267.1026700330029,4.058411231801931,-162.49143676110435,-211.99143689798237,-1.0533500687644678e-09
770.2646586940293,267.60250395127827,4.0584602886888455,-162.78509054412802,-212.39612618297429,-1.0533501449104085e-09
770.7646586940293,268.10233850034024,4.058509162882074,-163.07874427293223,-212.80081549588712,-1.053349974883327e-09
771.2646586940293,268.60217367667923,4.05855785540156,-163.37239794749993,-213.20550483681387,-1.0533498046363486e-09
771.7646586940293,269.10200947681153,4.05860636725967,-163.6660515678141,-213.6101942058468,-1.0533501195541025e-09
772.2646586940293,269.6018458972793,4.0586546994612664,-163.9597051338575,-214.01488360307755,-1.0533500771774273e-09
772.7646586940293,270.1016829346501,4.0587028530037745,-164.25335864561305,-214.41957302859706,-1.0533498598071657e-09
773.2646586940293,270.6015205855168,4.058750828877252,-164.54701210306342,-214.82426248249564,-1.0533500125102673e-09
773.7646586940293,271.10135884649736,4.058798628064457,-164.8406655061914,-215.2289519648629,-1.0533498050765245e-09
774.2646586940293,271.60119771423444,4.058846251540913,-165.13431885497982,-215.63364147578764,-1.0533500544863734e-09
774.7646586940293,272.1010371853954,4.058893700274981,-165.4279721494113,-216.0383310153583,-1.053350009667336e-09
775.2646586940293,272.6008772566719,4.058940975227919,-165.72162538946858,-216.44302058366245,-1.0533498689694594e-09
775.7646586940293,273.10071792477964,4.0589880773539475,-166.01527857513432,-216.84771018078703,-1.05334998328278e-09
776.2646586940293,273.6005591864585,4.059035007600319,-166.3089317063912,-217.25239980681843,-1.0533498261037603e-09
776.7646586940293,274.1004010384718,4.0590817669073775,-166.6025847832217,-217.65708946184245,-1.0533498273379224e-09
777.2646586940293,274.6002434776064,4.059128356208621,-166.89623780560825,-218.06177914594426,-1.0533498504453303e-09
777.7646586940293,275.10008650067255,4.059174776430765,-167.18989077353365,-218.46646885920825,-1.0533498631692744e-09
778.2646586940293,275.59993010450347,4.059221028493802,-167.48354368698043,-218.8711586017183,-1.0533498171050791e-09
778.7646586940293,276.0997742859553,4.059267113311067,-167.77719654593088,-219.27584837355784,-1.0533498716970534e-09
779.2646586940293,276.59961904190664,4.059313031789293,-168.0708493503676,-219.68053817480944,-1.0533498849770624e-09
779.7646586940293,277.0994643692588,4.059358784828673,-168.36450210027292,-220.0852280055554,-1.0533498136840923e-09
780.2646586940293,277.59931026493507,4.059404373322915,-168.65815479562943,-220.48991786587703,-1.0533495996142724e-09
780.7646586940293,278.099156725881,4.059449798159306,-168.95180743641941,-220.89460775585533,-1.0533496968265098e-09
781.2646586940293,278.5990037490639,4.059495060218766,-169.24546002262525,-221.29929767557078,-1.0533495828754137e-09
781.7646586940293,279.09885133147276,4.0595401603759065,-169.53911255422935,-221.70398762510314,-1.0533496679916436e-09
782.2646586940293,279.59869947011794,4.059585099499085,-169.83276503121402,-222.10867760453166,-1.0533495158478522e-09
782.7646586940293,280.09854816203114,4.059629878450462,-170.12641745356154,-222.513367613935,-1.0533496917957714e-09
783.2646586940293,280.59839740426514,4.059674498086057,-170.42006982125417,-222.9180576533915,-1.053350026832498e-09
783.7646586940293,281.0982471938936,4.059718959255801,-170.71372213427432,-223.32274772297848,-1.0533498613848272e-09
784.2646586940293,281.5980975280109,4.059763262803593,-171.007374392604,-223.72743782277334,-1.0533498901349876e-09
784.7646586940293,282.09794840373195,4.059807409567351,-171.30102659622577,-224.13212795285233,-1.0533499075535795e-09
785.2646586940293,282.59779981819196,4.059851400379066,-171.59467874512154,-224.53681811329167,-1.0533497958174398e-09
785.7646586940293,283.0976517685463,4.059895236064855,-171.88833083927366,-224.94150830416672,-1.0533498842698118e-09
786.2646586940293,283.59750425197046,4.059938917445011,-172.18198287866426,-225.34619852555264,-1.0533499276707797e-09
786.7646586940293,284.0973572656596,4.059982445334057,-172.4756348632754,-225.75088877752378,-1.0533498559722687e-09
787.2646586940293,284.5972108068285,4.060025820540793,-172.7692867930894,-226.15557906015408,-1.0533498500407292e-09
787.7646586940293,285.09706487271154,4.060069043868348,-173.06293866808832,-226.56026937351703,-1.0533499788280125e-09
788.2646586940293,285.5969194605623,4.060112116114232,-173.35659048825414,-226.9649597176856,-1.0533498660260532e-09
788.7646586940293,286.0967745676535,4.060155038070381,-173.65024225356896,-227.36965009273234,-1.053349728516845e-09
789.2646586940293,286.59663019127686,4.0601978105232055,-173.94389396401496,-227.7743404987292,-1.0533497561575633e-09
789.7646586940293,287.0964863287429,4.060240434253644,-174.2375456195741,-228.1790309357477,-1.0533499497901568e-09
790.2646586940293,287.5963429773808,4.060282910037205,-174.53119722022848,-228.58372140385887,-1.0533499726593023e-09
790.7646586940293,288.0962001345381,4.0603252386440145,-174.8248487659602,-228.98841190313314,-1.0533496502717313e-09
791.2646586940293,288.5960577975807,4.060367420838868,-175.11850025675108,-229.39310243364082,-1.0533497435645998e-09
791.7646586940293,289.0959159638928,4.06040945738127,-175.41215169258314,-229.79779299545152,-1.0533497977859055e-09
792.2646586940293,289.59577463087646,4.060451349025482,-175.70580307343837,-230.20248358863438,-1.053349825465134e-09
792.7646586940293,290.0956337959515,4.060493096520569,-175.99945439929886,-230.60717421325802,-1.053349823924391e-09
793.2646586940293,290.59549345655574,4.060534700610442,-176.29310567014645,-231.0118648693909,-1.0533497020008198e-09
793.7646586940293,291.09535361014423,4.0605761620339065,-176.58675688596293,-231.41655555710082,-1.0533499446662748e-09
794.2646586940293,291.59521425418956,4.060617481524699,-176.88040804673042,-231.8212462764551,-1.0533496969077904e-09
794.7646586940293,292.0950753861815,4.060658659811537,-177.1740591524307,-232.2259370275208,-1.053349916002041e-09
795.2646586940293,292.594937003627,4.060699697618158,-177.46771020304567,-232.63062781036436,-1.0533500887360888e-09
795.7646586940293,293.09479910404997,4.060740595663365,-177.76136119855735,-233.03531862505187,-1.0533497151568119e-09
796.2646586940293,293.594661684991,4.0607813546610645,-178.05501213894743,-233.44000947164906,-1.0533499495513553e-09
796.7646586940293,294.0945247440075,4.060821975320312,-178.34866302419783,-233.84470035022127,-1.0533499145196715e-09
797.2646586940293,294.5943882786733,4.060862458345351,-178.64231385429048,-234.24939126083316,-1.053350030090849e-09
797.7646586940293,295.09425228657864,4.0609028044356545,-178.93596462920712,-234.65408220354928,-1.0533500894736144e-09
798.2646586940293,295.59411676533,4.060943014285965,-179.22961534892934,-235.05877317843377,-1.0533499480983919e-09
798.7646586940293,296.09398171255003,4.060983088586335,-179.52326601343913,-235.46346418555018,-1.0533502868229818e-09
799.2646586940293,296.5938471258773,4.061023028022164,-179.8169166227184,-235.86815522496167,-1.053350160245437e-09
799.7646586940293,297.0937130029662,4.061062833274241,-180.11056717674867,-236.27284629673116,-1.053350028803834e-09
800.2646586940293,297.59357934148693,4.061102505018783,-180.4042176755119,-236.6775374009211,-1.0533500701695036e-09
800.7646586940293,298.09344613912515,4.06114204392747,-180.69786811898982,-237.08222853759338,-1.053349954801163e-09
801.2646586940293,298.59331339358204,4.061181450667486,-180.99151850716413,-237.48691970680986,-1.0533501348583471e-09
801.7646586940293,299.09318110257414,4.061220725901556,-181.28516884001658,-237.8916109086319,-1.053350258830928e-09
802.2646586940293,299.59304926383305,4.061259870287984,-181.57881911752872,-238.2963021431203,-1.0533500971776127e-09
802.7646586940293,300.0929178751055,4.061298884480685,-181.87246933968237,-238.7009934103357,-1.0533501668465216e-09
803.2646586940293,300.59278693415325,4.061337769129229,-182.16611950645927,-239.1056847103382,-1.0533499812567432e-09
803.7646586940293,301.0926564387527,4.06137652487887,-182.45976961784106,-239.51037604318765,-1.0533501859494228e-09
804.2646586940293,301.59252638669517,4.061415152370588,-182.75341967380945,-239.9150674089435,-1.0533501101389283e-09
804.7646586940293,302.0923967757863,4.061453652241119,-183.04706967434626,-240.3197588076647,-1.0533499776029755e-09
805.2646586940293,302.5922676038464,4.061492025122994,-183.34071961943283,-240.7244502394102,-1.0533499884499126e-09
805.7646586940293,303.09213886871,4.06153027164457,-183.634369509051,-241.12914170423844,-1.0533498954682321e-09
806.2646586940293,303.5920105682258,4.061568392430068,-183.92801934318248,-241.53383320220715,-1.0533499761852614e-09
806.7646586940293,304.0918827002568,4.061606388099606,-184.22166912180865,-241.93852473337435,-1.0533498610841779e-09
807.2646586940293,304.5917552626798,4.0616442592692295,-184.51531884491135,-242.34321629779723,-1.0533503109999344e-09
807.7646586940293,305.0916282533855,4.061682006550949,-184.80896851247203,-242.74790789553288,-1.0533499190739787e-09
808.2646586940293,305.5915016702785,4.061719630552772,-185.10261812447243,-243.1525995266379,-1.0533500251567037e-09
808.7646586940293,306.0913755112768,4.061757131878733,-185.39626768089403,-243.55729119116873,-1.0533499248803112e-09
809.2646586940293,306.5912497743122,4.061794511128929,-185.68991718171847,-243.96198288918137,-1.0533500045072218e-09
809.7646586940293,307.09112445732967,4.061831768899552,-185.98356662692723,-244.36667462073152,-1.0533498535229031e-09
810.2646586940293,307.5909995582877,4.061868905782916,-186.27721601650188,-244.77136638587456,-1.053349921115292e-09
810.7646586940293,308.09087507515795,4.061905922367494,-186.570865350424,-245.17605818466566,-1.0533498762166822e-09
811.2646586940293,308.5907510059251,4.061942819237945,-186.86451462867512,-245.58075001715937,-1.0533498535553753e-09
811.7646586940293,309.09062734858685,4.061979596975148,-187.15816385123688,-245.98544188341015,-1.053349878971989e-09
812.2646586940293,309.5905041011539,4.062016256156231,-187.4518130180907,-246.39013378347227,-1.0533499658341772e-09
812.7646586940293,310.09038126164955,4.0620527973546,-187.74546212921814,-246.7948257173993,-1.0533499385470498e-09
813.2646586940293,310.59025882811,4.062089221139971,-188.03911118460064,-247.19951768524498,-1.0533501441821099e-09
813.7646586940293,311.09013679858384,4.062125528078398,-188.33276018421986,-247.60420968706237,-1.053349951483378e-09
814.2646586940293,311.5900151711323,4.062161718732305,-188.62640912805705,-248.00890172290443,-1.0533498585209244e-09
814.7646586940293,312.0898939438288,4.062197793660513,-188.92005801609386,-248.4135937928238,-1.0533499910030734e-09
815.2646586940293,312.58977311475934,4.062233753418266,-189.21370684831166,-248.81828589687274,-1.053350041910431e-09
815.7646586940293,313.08965268202184,4.062269598557267,-189.50735562469197,-249.22297803510332,-1.0533500371715734e-09
816.2646586940293,313.58953264372644,4.0623053296256995,-189.80100434521623,-249.6276702075673,-1.0533500719548282e-09
816.7646586940293,314.0894129979952,4.0623409471682566,-190.09465300986602,-250.032362414316,-1.0533498260981336e-09
817.2646586940293,314.58929374296224,4.0623764517261725,-190.38830161862265,-250.4370546554007,-1.0533500912816234e-09
817.7646586940293,315.08917487677326,4.062411843837246,-190.6819501714675,-250.8417469308723,-1.053350126888686e-09
818.2646586940293,315.5890563975858,4.06244712403587,-190.97559866838205,-251.24643924078143,-1.0533499121037338e-09
818.7646586940293,316.088938303569,4.062482292853057,-191.26924710934765,-251.65113158517838,-1.0533499497436469e-09
819.2646586940293,316.58882059290363,4.0625173508164645,-191.56289549434587,-252.05582396411324,-1.0533499561973741e-09
819.7646586940293,317.0887032637817,4.062552298450426,-191.85654382335804,-252.4605163776358,-1.053349948504952e-09
820.2646586940293,317.5885863144067,4.062587136275973,-192.1501920963656,-252.8652088257955,-1.053350152716021e-09
820.7646586940293,318.08846974299337,4.062621864810863,-192.4438403133499,-253.26990130864164,-1.053350122344879e-09
821.2646586940293,318.58835354776755,4.062656484569604,-192.73748847429226,-253.67459382622337,-1.05335006627087e-09
821.7646586940293,319.08823772696627,4.06269099606348,-193.03113657917402,-254.07928637858933,-1.0533502439967813e-09
822.2646586940293,319.5881222788375,4.062725399800577,-193.32478462797658,-254.48397896578805,-1.0533501255117803e-09
822.7646586940293,320.0880072016401,4.062759696285808,-193.61843262068132,-254.88867158786772,-1.053350023416971e-09
823.2646586940293,320.5878924936438,4.062793886020938,-193.91208055726963,-255.29336424487624,-1.0533502255216966e-09
823.7646586940293,321.087778153129,4.062827969504605,-194.20572843772274,-255.69805693686155,-1.0533500553723411e-09
824.2646586940293,321.58766417838694,4.06286194723235,-194.4993762620221,-256.10274966387095,-1.0533501870865517e-09
824.7646586940293,322.0875505677193,4.062895819696638,-194.79302403014887,-256.5074424259518,-1.0533500072614955e-09
825.2646586940293,322.5874373194382,4.06292958738688,-195.08667174208438,-256.91213522315115,-1.0533500882318686e-09
825.7646586940293,323.0873244318663,4.06296325078946,-195.38031939781004,-257.3168280555156,-1.0533500699659493e-09
826.2646586940293,323.5872119033365,4.062996810387757,-195.6739669973071,-257.72152092309165,-1.0533499163741695e-09
826.7646586940293,324.087099732192,4.063030266662167,-195.9676145405569,-258.1262138259256,-1.0533502080190197e-09
827.2646586940293,324.5869879167862,4.063063620090129,-196.2612620275407,-258.53090676406356,-1.0533501320059046e-09
827.7646586940293,325.0868764554826,4.063096871146144,-196.55490945823973,-258.9355997375513,-1.0533502451852424e-09
828.2646586940293,325.58676534665466,4.063130020301801,-196.84855683263527,-259.34029274643444,-1.0533500459617403e-09
828.7646586940293,326.0866545886858,4.063163068025797,-197.14220415070852,-259.74498579075834,-1.053349820491469e-09
829.2646586940293,326.5865441799694,4.0631960147839585,-197.43585141244083,-260.1496788705681,-1.053349891134113e-09
829.7646586940293,327.0864341189085,4.063228861039266,-197.72949861781356,-260.55437198590846,-1.0533499177926445e-09
830.2646586940293,327.586324403916,4.063261607251875,-198.0231457668078,-260.9590651368243,-1.0533499688641641e-09
830.7646586940293,328.0862150334143,4.063294253879137,-198.31679285940467,-261.36375832336,-1.0533498176427386e-09
831.2646586940293,328.58610600583546,4.063326801375619,-198.61043989558564,-261.76845154555986,-1.053350134606846e-09
831.7646586940293,329.085997319621,4.063359250193129,-198.90408687533173,-262.1731448034678,-1.0533500573560823e-09
832.2646586940293,329.5858889732219,4.063391600780731,-199.19773379862423,-262.5778380971277,-1.0533500663931184e-09
832.7646586940293,330.08578096509854,4.063423853584773,-199.4913806654443,-262.98253142658314,-1.0533499635586858e-09
833.2646586940293,330.5856732937205,4.063456009048901,-199.78502747577323,-263.3872247918776,-1.053350191332282e-09
833.7646586940293,331.0855659575666,4.063488067614083,-200.07867422959197,-263.7919181930542,-1.0533498985420016e-09
834.2646586940293,331.5854589551248,4.063520029718628,-200.37232092688186,-264.1966116301559,-1.0533500355668168e-09
834.7646586940293,332.0853522848922,4.063551895798207,-200.66596756762402,-264.6013051032255,-1.0533499567597963e-09
835.2646586940293,332.5852459453749,4.0635836662858695,-200.9596141517998,-265.00599861230546,-1.0533497500082594e-09
835.7646586940293,333.08513993508774,4.06361534161207,-201.25326067939,-265.4106921574383,-1.053349792293432e-09
836.2646586940293,333.58503425255475,4.063646922204679,-201.54690715037597,-265.81538573866607,-1.0533499384317214e-09
836.7646586940293,334.0849288963086,4.063678408489009,-201.84055356473894,-266.2200793560308,-1.0533497475487104e-09
837.2646586940293,334.5848238648907,4.063709800887831,-202.13419992245986,-266.62477300957426,-1.0533499545123727e-09
837.7646586940293,335.08471915685124,4.063741099821392,-202.42784622351977,-267.02946669933806,-1.0533499108368869e-09
838.2646586940293,335.5846147707489,4.063772305707437,-202.72149246789996,-267.43416042536364,-1.053350126171226e-09
838.7646586940293,336.08451070515093,4.063803418961225,-203.01513865558152,-267.83885418769194,-1.053350143016414e-09
839.2646586940293,336.58440695863317,4.063834439995548,-203.30878478654546,-268.2435479863643,-1.053350256878481e-09
839.7646586940293,337.0843035297798,4.063865369220752,-203.60243086077296,-268.6482418214213,-1.0533504676403617e-09
840.2646586940293,337.58420041718335,4.063896207044749,-203.896076878245,-269.0529356929038,-1.0533501352104618e-09
840.7646586940293,338.0840976194447,4.063926953873042,-204.18972283894274,-269.45762960085204,-1.0533503373447018e-09
841.2646586940293,338.583995135173,4.063957610108739,-204.48336874284726,-269.86232354530637,-1.0533505064781045e-09
841.7646586940293,339.08389296298543,4.06398817615257,-204.77701458993954,-270.26701752630686,-1.0533501806165468e-09
842.2646586940293,339.5837911015075,4.064018652402907,-205.07066038020062,-270.6717115438935,-1.0533503766334522e-09
842.7646586940293,340.0836895493726,4.064049039255779,-205.36430611361152,-271.076405598106,-1.0533505238885752e-09
843.2646586940293,340.58358830522224,4.064079337104891,-205.65795179015333,-271.48109968898405,-1.053350575444552e-09
843.7646586940293,341.08348736770574,4.06410954634164,-205.95159740980714,-271.88579381656666,-1.0533504791190636e-09
844.2646586940293,341.5833867354805,4.064139667355132,-206.24524297255374,-272.2904879808935,-1.0533505890889071e-09
844.7646586940293,342.0832864072115,4.064169700532199,-206.5388884783744,-272.69518218200324,-1.0533503415465512e-09
845.2646586940293,342.5831863815718,4.064199646257416,-206.83253392724987,-273.0998764199351,-1.05335071828459e-09
845.7646586940293,343.0830866572419,4.064229504913116,-207.12617931916128,-273.50457069472753,-1.0533505037860932e-09
846.2646586940293,343.58298723291006,4.064259276879407,-207.41982465408967,-273.9092650064191,-1.0533504941396671e-09
846.7646586940293,344.08288810727214,4.0642889625341905,-207.7134699320158,-274.3139593550484,-1.0533507434253525e-09
847.2646586940293,344.58278927903154,4.064318562253173,-208.00711515292073,-274.71865374065345,-1.0533508354610382e-09
847.7646586940293,345.08269074689923,4.064348076409885,-208.3007603167854,-275.1233481632724,-1.0533507451821547e-09
848.2646586940293,345.5825925095935,4.064377505375696,-208.59440542359096,-275.528042622943,-1.0533507417625735e-09
848.7646586940293,346.08249456584,4.064406849519831,-208.88805047331803,-275.93273711970323,-1.0533507044504975e-09
849.2646586940293,346.58239691437194,4.064436109209384,-209.18169546594766,-276.33743165359044,-1.0533508775249632e-09
849.7646586940293,347.08229955392954,4.0644652848093346,-209.47534040146093,-276.7421262246421,-1.0533508349447609e-09
850.2646586940293,347.5822024832604,4.064494376682563,-209.76898527983846,-277.1468208328956,-1.0533508078929205e-09
850.7646586940293,348.08210570111925,4.064523385189866,-210.06263010106125,-277.551515478388,-1.053350868690864e-09
851.2646586940293,348.58200920626797,4.06455231068997,-210.3562748651102,-277.9562101611563,-1.0533507293445508e-09
851.7646586940293,349.08191299747546,4.064581153539546,-210.6499195719663,-278.3609048812371,-1.0533507313489176e-09
852.2646586940293,349.5818170735177,4.064609914093228,-210.94356422161025,-278.76559963866737,-1.053350714886632e-09
852.7646586940293,350.0817214331776,4.064638592703622,-211.2372088140229,-279.1702944334835,-1.0533508590862973e-09
853.2646586940293,350.5816260752451,4.064667189721324,-211.53085334918512,-279.57498926572185,-1.0533507928433983e-09
853.7646586940293,351.0815309985168,4.064695705494934,-211.82449782707786,-279.97968413541867,-1.0533507507400664e-09
854.2646586940293,351.5814362017964,4.0647241403710686,-212.118142247682,-280.38437904260996,-1.053350950419955e-09
854.7646586940293,352.0813416838941,4.0647524946943765,-212.41178661097828,-280.7890739873317,-1.0533508813406264e-09
855.2646586940293,352.58124744362703,4.064780768807553,-212.70543091694753,-281.1937689696196,-1.0533509450743814e-09
855.7646586940293,353.0811534798189,4.064808963051351,-212.9990751655705,-281.59846398950947,-1.0533510127472571e-09
856.2646586940293,353.5810597913001,4.064837077764598,-213.2927193568281,-282.0031590470368,-1.0533508921579899e-09
856.7646586940293,354.0809663769076,4.064865113284209,-213.58636349070096,-282.4078541422369,-1.0533507645683526e-09
857.2646586940293,354.58087323548494,4.064893069945197,-213.88000756717,-282.81254927514505,-1.0533507357814112e-09
857.7646586940293,355.0807803658821,4.06492094808069,-214.17365158621593,-283.2172444457964,-1.0533505375299099e-09
858.2646586940293,355.5806877669555,4.064948748021944,-214.46729554781942,-283.62193965422597,-1.0533508047705619e-09
858.7646586940293,356.08059543756804,4.064976470098353,-214.76093945196132,-284.0266349004685,-1.053350836250519e-09
859.2646586940293,356.58050337658887,4.065004114637465,-215.0545832986222,-284.4313301845587,-1.0533508331422202e-09
859.7646586940293,357.0804115828936,4.065031681964994,-215.34822708778293,-284.8360255065313,-1.0533511553910618e-09
860.2646586940293,357.580320055364,4.065059172404832,-215.6418708194244,-285.24072086642053,-1.0533509960902589e-09
860.7646586940293,358.0802287928881,4.065086586279065,-215.935514493527,-285.64541626426086,-1.0533509363224771e-09
861.2646586940293,358.5801377943601,4.0651139239079805,-216.22915811007158,-286.05011170008646,-1.0533505180161263e-09
861.7646586940293,359.0800470586804,4.065141185610083,-216.52280166903884,-286.4548071739314,-1.0533507369977652e-09
862.2646586940293,359.57995658475545,4.065168371702108,-216.81644517040942,-286.85950268582957,-1.0533506774359903e-09
862.7646586940293,360.07986637149776,4.06519548249903,-217.11008861416403,-287.26419823581483,-1.0533508657564911e-09
863.2646586940293,360.5797764178258,4.065222518314079,-217.40373200028304,-287.66889382392105,-1.053350620844063e-09
863.7646586940293,361.0796867226642,4.065249479458749,-217.69737532874743,-288.0735894501816,-1.0533508752189307e-09
864.2646586940293,361.57959728494325,4.065276366242811,-217.99101859953788,-288.47828511462984,-1.0533509425832581e-09
864.7646586940293,362.0795081035994,4.065303178974329,-218.2846618126347,-288.8829808172994,-1.05335047148988e-09
865.2646586940293,362.5794191775748,4.065329917959664,-218.57830496801873,-289.28767655822344,-1.0533506587435308e-09
865.7646586940293,363.0793305058174,4.065356583503493,-218.8719480656705,-289.6923723374349,-1.0533508174899194e-09
866.2646586940293,363.579242087281,4.065383175908816,-219.16559110557063,-290.09706815496685,-1.053350886712395e-09
866.7646586940293,364.079153920925,4.06540969547697,-219.45923408769957,-290.50176401085224,-1.053350405264931e-09
867.2646586940293,364.57906600571476,4.065436142507639,-219.75287701203803,-290.9064599051238,-1.0533508904877726e-09
867.7646586940293,365.078978340621,4.065462517298864,-220.0465198785666,-291.3111558378141,-1.0533507774042304e-09
868.2646586940293,365.57889092462017,4.06548882014706,-220.34016268726583,-291.7158518089556,-1.0533506765416069e-09
868.7646586940293,366.07880375669436,4.0655150513470195,-220.63380543811618,-292.120547818581,-1.0533506916437922e-09
869.2646586940293,366.5787168358311,4.065541211191929,-220.92744813109812,-292.52524386672235,-1.0533506343408968e-09
869.7646586940293,367.0786301610234,4.065567299973378,-221.22109076619216,-292.929939953412,-1.053350877034707e-09
870.2646586940293,367.5785437312699,4.06559331798137,-221.5147333433788,-293.33463607868214,-1.053350666257771e-09
870.7646586940293,368.07845754557457,4.065619265504331,-221.80837586263866,-293.73933224256456,-1.0533510963558234e-09
871.2646586940293,368.5783716029467,4.065645142829126,-222.10201832395205,-294.14402844509135,-1.0533509576569638e-09
871.7646586940293,369.078285902401,4.0656709502410635,-222.39566072729963,-294.5487246862941,-1.0533509579970758e-09
872.2646586940293,369.57820044295744,4.065696688023909,-222.68930307266172,-294.9534209662045,-1.0533509764858716e-09
872.7646586940293,370.0781152236414,4.065722356459895,-222.98294536001873,-295.35811728485425,-1.0533507175254511e-09
873.2646586940293,370.57803024348345,4.065747955829733,-223.2765875893513,-295.76281364227464,-1.0533508422384987e-09
873.7646586940293,371.0779455015193,4.065773486412618,-223.5702297606398,-296.1675100384971,-1.0533506976802126e-09
874.2646586940293,371.5778609967899,4.065798948486247,-223.86387187386438,-296.572206473553,-1.0533507515430994e-09
874.7646586940293,372.07777672834135,4.065824342326822,-224.15751392900577,-296.9769029474734,-1.0533503599341006e-09
875.2646586940293,372.5776926952248,4.065849668209065,-224.45115592604404,-297.38159946028946,-1.053350389790017e-09
875.7646586940293,373.07760889649654,4.065874926406224,-224.74479786495965,-297.78629601203215,-1.0533503571224101e-09
876.2646586940293,373.5775253312178,4.065900117190084,-225.03843974573306,-298.19099260273236,-1.0533502788939142e-09
876.7646586940293,374.077441998455,4.06592524083098,-225.33208156834456,-298.59568923242074,-1.0533499259445454e-09
877.2646586940293,374.57735889727934,4.0659502975978015,-225.62572333277456,-299.000385901128,-1.0533503423456945e-09
877.7646586940293,375.07727602676704,4.065975287758006,-225.9193650390033,-299.40508260888487,-1.0533502482924146e-09
878.2646586940293,375.57719338599924,4.066000211577626,-226.21300668701107,-299.80977935572173,-1.053350197780898e-09
878.7646586940293,376.0771109740619,4.066025069321282,-226.50664827677826,-300.21447614166897,-1.05335040968349e-09
879.2646586940293,376.57702879004586,4.0660498612521865,-226.80028980828513,-300.61917296675693,-1.0533500245137494e-09
879.7646586940293,377.0769468330468,4.0660745876321585,-227.09393128151194,-301.0238698310158,-1.053350094272122e-09
880.2646586940293,377.57686510216513,4.06609924872163,-227.38757269643878,-301.42856673447585,-1.0533501337428666e-09
880.7646586940293,378.076783596506,4.066123844779656,-227.68121405304612,-301.833263677167,-1.0533499674855798e-09
881.2646586940293,378.5767023151793,4.066148376063922,-227.9748553513142,-302.23796065911915,-1.0533498599754039e-09
881.7646586940293,379.0766212572997,4.066172842830757,-228.26849659122308,-302.6426576803624,-1.0533499157526357e-09
882.2646586940293,379.57654042198624,4.066197245335137,-228.5621377727531,-303.04735474092627,-1.0533499446443603e-09
882.7646586940293,380.07645980836287,4.066221583830698,-228.85577889588433,-303.45205184084057,-1.0533499715089616e-09
883.2646586940293,380.576379415558,4.066245858569744,-229.14941996059713,-303.8567489801348,-1.0533500154901974e-09
883.7646586940293,381.07629924270464,4.066270069803253,-229.4430609668716,-304.26144615883857,-1.0533500210594444e-09
884.2646586940293,381.5762192889403,4.066294217780892,-229.73670191468776,-304.6661433769814,-1.0533498618240795e-09
884.7646586940293,382.0761395534071,4.066318302751018,-230.03034280402582,-305.07084063459257,-1.0533499543035164e-09
885.2646586940293,382.57606003525143,4.066342324960691,-230.32398363486593,-305.47553793170135,-1.0533500224622098e-09
885.7646586940293,383.0759807336243,4.066366284655682,-230.61762440718817,-305.880235268337,-1.053349929694797e-09
886.2646586940293,383.57590164768106,4.066390182080479,-230.9112651209729,-306.28493264452834,-1.0533501976871955e-09
886.7646586940293,384.0758227765815,4.066414017478301,-231.20490577619987,-306.68963006030475,-1.0533500213342152e-09
887.2646586940293,384.5757441194897,4.066437791091098,-231.49854637284943,-307.0943275156949,-1.0533501689894099e-09
887.7646586940293,385.07566567557404,4.066461503159569,-231.79218691090122,-307.49902501072796,-1.05334997139804e-09
888.2646586940293,385.5755874440074,4.066485153923159,-232.08582739033577,-307.9037225454325,-1.0533499804437772e-09
888.7646586940293,386.0755094239667,4.066508743620077,-232.37946781113286,-308.30842011983725,-1.0533500345090687e-09
889.2646586940293,386.57543161463326,4.0665322724873,-232.67310817327245,-308.713117733971,-1.0533499740398506e-09
889.7646586940293,387.07535401519254,4.066555740760578,-232.96674847673464,-309.11781538786227,-1.0533502532819288e-09
890.2646586940293,387.5752766248342,4.066579148674448,-233.2603887214995,-309.52251308153933,-1.0533502138352303e-09
890.7646586940293,388.07519944275214,4.066602496462236,-233.55402890754675,-309.927210815031,-1.053350298350059e-09
891.2646586940293,388.5751224681443,4.06662578435607,-233.84766903485647,-310.33190858836537,-1.053349918793124e-09
891.7646586940293,389.07504570021274,4.066649012586883,-234.14130910340867,-310.7366064015707,-1.0533500335789063e-09
892.2646586940293,389.57496913816374,4.066672181384423,-234.4349491131833,-311.1413042546752,-1.0533497561081697e-09
892.7646586940293,390.07489278120744,4.066695290977261,-234.72858906416022,-311.54600214770704,-1.0533500151773771e-09
893.2646586940293,390.57481662855815,4.066718341592799,-235.0222289563192,-311.95070008069433,-1.053349988963603e-09
893.7646586940293,391.07474067943417,4.066741333457275,-235.31586878964038,-312.3553980536649,-1.0533500122414822e-09
894.2646586940293,391.57466493305776,4.06676426679577,-235.60950856410355,-312.7600960666467,-1.053349955643794e-09
894.7646586940293,392.07458938865517,4.066787141832222,-235.9031482796885,-313.16479411966765,-1.0533500224733221e-09
895.2646586940293,392.5745140454565,4.066809958789424,-236.1967879363753,-313.56949221275545,-1.0533498565895206e-09
895.7646586940293,393.0744389026958,4.066832717889038,-236.4904275341435,-313.97419034593776,-1.0533498703804044e-09
896.2646586940293,393.5743639596111,4.066855419351599,-236.78406707297293,-314.3788885192424,-1.0533500267331848e-09
896.7646586940293,394.07428921544414,4.0668780633965245,-237.0777065528434,-314.78358673269696,-1.0533500734702574e-09
897.2646586940293,394.57421466944055,4.066900650242117,-237.371345973735,-315.1882849863287,-1.053350079773606e-09
897.7646586940293,395.0741403208498,4.0669231801055785,-237.66498533562722,-315.59298328016513,-1.0533504203997999e-09
898.2646586940293,395.57406616892507,4.06694565320301,-237.9586246384996,-315.99768161423395,-1.0533500083970108e-09
898.7646586940293,396.07399221292343,4.066968069749423,-238.2522638823322,-316.4023799885622,-1.0533500406427417e-09
899.2646586940293,396.57391845210554,4.066990429958744,-238.54590306710477,-316.80707840317694,-1.053350147610341e-09
899.7646586940293,397.07384488573587,4.067012734043823,-238.83954219279664,-317.21177685810585,-1.0533498702191325e-09
900.2646586940293,397.5737715130826,4.067034982216439,-239.13318125938804,-317.6164753533756,-1.053350051094201e-09
900.7646586940293,398.07369833341744,4.067057174687309,-239.42682026685807,-318.0211738890137,-1.0533501230473888e-09
901.2646586940293,398.5736253460159,4.067079311666091,-239.7204592151867,-318.4258724650468,-1.0533500226301932e-09
901.7646586940293,399.07355255015705,4.067101393361392,-240.01409810435362,-318.830571081502,-1.053349973518752e-09
902.2646586940293,399.57347994512355,4.067123419980778,-240.30773693433852,-319.2352697384059,-1.0533500916618826e-09
902.7646586940293,400.0734075302016,4.067145391730775,-240.6013757051208,-319.6399684357857,-1.053350107590568e-09
903.2646586940293,400.57333530468105,4.067167308816879,-240.89501441668023,-320.0446671736679,-1.0533499452075323e-09
903.7646586940293,401.0732632678552,4.067189171443563,-241.1886530689962,-320.4493659520794,-1.0533501746245555e-09
904.2646586940293,401.573191419021,4.067210979814281,-241.48229166204825,-320.8540647710468,-1.0533503333159984e-09
904.7646586940293,402.07311975747865,4.067232734131473,-241.77593019581622,-321.25876363059666,-1.0533502447778828e-09
905.2646586940293,402.573048282532,4.067254434596577,-242.0695686702793,-321.66346253075557,-1.0533503638894924e-09
905.7646586940293,403.0729769934883,4.0672760814100295,-242.36320708541712,-322.0681614715499,-1.0533500578782484e-09
906.2646586940293,403.5729058896582,4.067297674771275,-242.65684544120933,-322.4728604530061,-1.053350298808855e-09
906.7646586940293,404.0728349703558,4.067319214878772,-242.95048373763518,-322.8775594751507,-1.0533501875113954e-09
907.2646586940293,404.5727642348986,4.067340701929996,-243.24412197467433,-323.2822585380098,-1.053350236590279e-09
907.7646586940293,405.07269368260734,4.0673621361214485,-243.5377601523061,-323.68695764160975,-1.0533503371121114e-09
908.2646586940293,405.57262331280623,4.067383517648663,-243.83139827051014,-324.0916567859767,-1.0533503806958507e-09
908.7646586940293,406.0725531248227,4.067404846706211,-244.12503632926547,-324.4963559711369,-1.0533502595579615e-09
909.2646586940293,406.5724831179876,4.067426123487705,-244.41867432855165,-324.9010551971165,-1.0533503645855452e-09
909.7646586940293,407.0724132916349,4.067447348185807,-244.71231226834826,-325.30575446394124,-1.053350328291889e-09
910.2646586940293,407.572343645102,4.067468520992236,-245.00595014863427,-325.71045377163756,-1.0533502822027558e-09
910.7646586940293,408.0722741777295,4.067489642097769,-245.29958796938936,-326.1151531202312,-1.0533503493542242e-09
911.2646586940293,408.5722048888611,4.06751071169225,-245.5932257305928,-326.519852509748,-1.0533504848720185e-09
911.7646586940293,409.0721357778438,4.067531729964597,-245.88686343222392,-326.9245519402138,-1.0533503257400497e-09
912.2646586940293,409.5720668440278,4.067552697102803,-246.1805010742619,-327.3292514116545,-1.0533503026835182e-09
912.7646586940293,410.07199808676637,4.067573613293947,-246.474138656686,-327.73395092409584,-1.0533506714909198e-09
913.2646586940293,410.571929505416,4.067594478724194,-246.76777617947553,-328.13865047756343,-1.0533505221286564e-09
913.7646586940293,411.0718610993363,4.067615293578807,-247.06141364260978,-328.543350072083,-1.0533502695216252e-09
914.2646586940293,411.5717928678899,4.067636058042146,-247.35505104606773,-328.94804970768024,-1.0533501588831755e-09
914.7646586940293,412.0717248104426,4.067656772297678,-247.64868838982872,-329.3527493843807,-1.0533504227794802e-09
915.2646586940293,412.57165692636335,4.06767743652798,-247.94232567387212,-329.75744910220965,-1.0533503941255521e-09
915.7646586940293,413.07158921502395,4.067698050914746,-248.23596289817684,-330.16214886119286,-1.053350306663434e-09
916.2646586940293,413.5715216757994,4.067718615638792,-248.5296000627223,-330.5668486613555,-1.0533502369937346e-09
916.7646586940293,414.07145430806753,4.067739130880059,-248.82323716748732,-330.9715485027231,-1.0533500399633878e-09
917.2646586940293,414.5713871112094,4.067759596817623,-249.11687421245125,-331.376248385321,-1.0533500709287178e-09
917.7646586940293,415.07132008460883,4.067780013629694,-249.41051119759314,-331.7809483091744,-1.0533502455498731e-09
918.2646586940293,415.5712532276527,4.067800381493628,-249.70414812289175,-332.18564827430873,-1.0533502697984e-09
918.7646586940293,416.07118653973083,4.067820700585926,-249.99778498832643,-332.5903482807491,-1.053350410945485e-09
919.2646586940293,416.5711200202359,4.067840971082243,-250.2914217938764,-332.99504832852045,-1.0533503747837855e-09
919.7646586940293,417.07105366856365,4.067861193157393,-250.58505853952033,-333.39974841764814,-1.0533501464991656e-09
920.2646586940293,417.57098748411255,4.06788136698535,-250.8786952252374,-333.8044485481572,-1.0533501795106169e-09
920.7646586940293,418.070921466284,4.067901492739259,-251.17233185100673,-334.2091487200725,-1.053350174325397e-09
921.2646586940293,418.57085561448224,4.067921570591436,-251.46596841680702,-334.61384893341926,-1.053349905421814e-09
921.7646586940293,419.0707899281143,4.067941600713377,-251.7596049226172,-335.01854918822244,-1.0533497410260538e-09
922.2646586940293,419.5707244065902,4.067961583275758,-252.05324136841637,-335.42324948450687,-1.053349708773924e-09
922.7646586940293,420.07065904932256,4.067981518448444,-252.3468777541833,-335.82794982229734,-1.0533496396482528e-09
923.2646586940293,420.5705938557269,4.068001406400493,-252.64051407989695,-336.2326502016188,-1.0533498763148212e-09
923.7646586940293,421.07052882522146,4.068021247300159,-252.934150345536,-336.6373506224962,-1.0533500529456846e-09
924.2646586940293,421.5704639572273,4.068041041314899,-253.2277865510796,-337.042051084954,-1.0533498765359723e-09
924.7646586940293,422.0703992511681,4.068060788611376,-253.5214226965065,-337.44675158901697,-1.0533499890581513e-09
925.2646586940293,422.5703347064704,4.068080489355466,-253.81505878179536,-337.8514521347099,-1.0533498423916966e-09
925.7646586940293,423.0702703225634,4.0681001437122575,-254.10869480692526,-338.2561527220573,-1.053349997574056e-09
926.2646586940293,423.5702060988789,4.068119751846064,-254.4023307718748,-338.6608533510839,-1.053350150564628e-09
926.7646586940293,424.0701420348514,4.068139313920422,-254.69596667662267,-339.06555402181414,-1.0533500650185033e-09
927.2646586940293,424.5700781299182,4.068158830098097,-254.98960252114773,-339.47025473427266,-1.0533499823469242e-09
927.7646586940293,425.07001438351915,4.068178300541092,-255.28323830542863,-339.87495548848386,-1.0533497815100566e-09
928.2646586940293,425.56995079509664,4.068197725410647,-255.57687402944381,-340.27965628447254,-1.053349980057787e-09
928.7646586940293,426.0698873640958,4.0682171048672435,-255.87050969317232,-340.6843571222628,-1.053350040784547e-09
929.2646586940293,426.5698240899643,4.068236439070614,-256.1641452965926,-341.08905800187915,-1.0533502391147064e-09
929.7646586940293,427.0697609721524,4.068255728179742,-256.45778083968327,-341.493758923346,-1.0533503868936553e-09
930.2646586940293,427.56969801011286,4.068274972352866,-256.75141632242315,-341.8984598866875,-1.0533500766893713e-09
930.7646586940293,428.0696352033011,4.068294171747488,-257.0450517447907,-342.303160891928,-1.0533504616613344e-09
931.2646586940293,428.56957255117504,4.068313326520373,-257.33868710676467,-342.70786193909174,-1.0533502390588286e-09
931.7646586940293,429.0695100531951,4.068332436827557,-257.6323224083235,-343.11256302820294,-1.053350322487259e-09
932.2646586940293,429.56944770882416,4.068351502824349,-257.9259576494456,-343.51726415928584,-1.0533504060370871e-09
932.7646586940293,430.0693855175277,4.068370524665337,-258.21959283010943,-343.9219653323648,-1.053350085409483e-09
933.2646586940293,430.5693234787736,4.068389502504389,-258.5132279502937,-344.32666654746373,-1.0533502360572969e-09
933.7646586940293,431.06926159203226,4.0684084364946616,-258.80686300997667,-344.7313678046068,-1.0533502333462898e-09
934.2646586940293,431.5691998567765,4.0684273267886,-259.1004980091369,-345.13606910381816,-1.0533500948175885e-09
934.7646586940293,432.0691382724815,4.068446173537946,-259.394132947753,-345.5407704451215,-1.053350040301509e-09
935.2646586940293,432.569076838625,4.068464976893737,-259.6877678258032,-345.94547182854126,-1.0533500752653117e-09
935.7646586940293,433.06901555468704,4.068483737006317,-259.98140264326565,-346.35017325410126,-1.0533502022349464e-09
936.2646586940293,433.5689544201501,4.068502454025333,-260.27503740011895,-346.7548747218255,-1.0533500207861952e-09
936.7646586940293,434.068893434499,4.0685211280997455,-260.5686720963415,-347.1595762317377,-1.053350034392403e-09
937.2646586940293,434.568832597221,4.068539759377828,-260.86230673191153,-347.564277783862,-1.053350136421248e-09
937.7646586940293,435.0687719078057,4.068558348007172,-261.1559413068074,-347.9689793782222,-1.0533500266465544e-09
938.2646586940293,435.5687113657449,4.068576894134694,-261.44957582100733,-348.3736810148421,-1.053350184758225e-09
938.7646586940293,436.06865097053293,4.068595397906633,-261.7432102744899,-348.7783826937453,-1.0533501145961238e-09
939.2646586940293,436.5685907216663,4.068613859468564,-262.0368446672328,-349.183084414956,-1.053350187824427e-09
939.7646586940293,437.0685306186438,4.06863227896539,-262.3304789992146,-349.58778617849765,-1.053350290776096e-09
940.2646586940293,437.5684706609667,4.068650656541356,-262.62411327041355,-349.99248798439413,-1.0533501250891501e-09
940.7646586940293,438.0684108481382,4.068668992340047,-262.9177474808075,-350.39718983266914,-1.0533503227483933e-09
941.2646586940293,438.56835117966415,4.068687286504393,-263.211381630375,-350.80189172334616,-1.053350393875745e-09
941.7646586940293,439.0682916550523,4.068705539176674,-263.50501571909393,-351.20659365644906,-1.0533504068960486e-09
942.2646586940293,439.56823227381284,4.068723750498523,-263.79864974694254,-351.6112956320013,-1.0533500661904912e-09
942.7646586940293,440.0681730354582,4.068741920610929,-264.0922837138987,-352.01599765002663,-1.0533500629463685e-09
943.2646586940293,440.56811393950284,4.068760049654241,-264.3859176199407,-352.4206997105486,-1.0533502676989474e-09
943.7646586940293,441.0680549854636,4.068778137768172,-264.67955146504636,-352.8254018135909,-1.0533502907252858e-09
944.2646586940293,441.56799617285947,4.068796185091803,-264.9731852491937,-353.2301039591769,-1.0533501867086172e-09
944.7646586940293,442.0679375012115,4.068814191763585,-265.26681897236074,-353.6348061473302,-1.0533501777169667e-09
945.2646586940293,442.5678789700429,4.068832157921344,-265.56045263452563,-354.0395083780742,-1.0533499649256741e-09
945.7646586940293,443.0678205788792,4.068850083702284,-265.8540862356661,-354.4442106514323,-1.0533499323909064e-09
946.2646586940293,443.567762327248,4.068867969242989,-266.1477197757604,-354.84891296742796,-1.0533498630046718e-09
946.7646586940293,444.0677042146789,4.068885814679431,-266.4413532547862,-355.25361532608474,-1.0533498762907906e-09
947.2646586940293,444.5676462407037,4.068903620146969,-266.7349866727215,-355.6583177274258,-1.0533498387431092e-09
947.7646586940293,445.06758840485634,4.068921385780353,-267.0286200295442,-356.0630201714746,-1.0533498633636107e-09
948.2646586940293,445.5675307066728,4.06893911171373,-267.3222533252318,-356.46772265825473,-1.053349976108051e-09
948.7646586940293,446.06747314569117,4.068956798080644,-267.61588655976277,-356.872425187789,-1.0533498796450216e-09
949.2646586940293,446.5674157214515,4.068974445014043,-267.9095197331144,-357.2771277601012,-1.0533499189917325e-09
949.7646586940293,447.067358433496,4.06899205264628,-268.2031528452643,-357.6818303752146,-1.0533501104178591e-09
950.2646586940293,447.5673012813689,4.069009621109115,-268.4967858961906,-358.0865330331522,-1.0533500776776615e-09
950.7646586940293,448.0672442646164,4.069027150533721,-268.790418885871,-358.4912357339373,-1.0533499186473892e-09
951.2646586940293,448.56718738278687,4.069044641050687,-269.08405181428316,-358.89593847759323,-1.0533501083211542e-09
951.7646586940293,449.0671306354305,4.069062092790021,-269.3776846814046,-359.3006412641432,-1.053349736903742e-09
952.2646586940293,449.5670740220995,4.069079505881151,-269.6713174872131,-359.7053440936104,-1.0533497292728937e-09
952.7646586940293,450.06701754234825,4.069096880452931,-269.9649502316861,-360.11004696601793,-1.0533498574831612e-09
953.2646586940293,450.566961195733,4.069114216633643,-270.25858291480165,-360.5147498813889,-1.0533498251631866e-09
953.7646586940293,451.0669049818118,4.069131514551001,-270.55221553653706,-360.9194528397465,-1.0533500034485105e-09
954.2646586940293,451.56684890014486,4.069148774332153,-270.84584809687,-361.3241558411138,-1.053349731348799e-09
954.7646586940293,452.0667929502943,4.069165996103685,-271.1394805957779,-361.72885888551394,-1.0533498808207462e-09
955.2646586940293,452.56673713182414,4.069183179991623,-271.4331130332381,-362.1335619729702,-1.0533499350812849e-09
955.7646586940293,453.06668144430034,4.069200326121438,-271.7267454092283,-362.53826510350535,-1.0533497467077343e-09
956.2646586940293,453.5666258872907,4.069217434618046,-272.02037772372614,-362.9429682771424,-1.0533498728695133e-09
956.7646586940293,454.06657046036497,4.069234505605815,-272.31400997670886,-363.3476714939048,-1.0533500146554847e-09
957.2646586940293,454.56651516309483,4.069251539208565,-272.6076421681537,-363.75237475381516,-1.0533500880257826e-09
957.7646586940293,455.0664599950538,4.069268535549573,-272.90127429803835,-364.15707805689664,-1.0533502147565307e-09
958.2646586940293,455.5664049558172,4.069285494751573,-273.19490636634,-364.56178140317223,-1.0533501035855884e-09
958.7646586940293,456.06635004496223,4.069302416936762,-273.48853837303614,-364.9664847926647,-1.0533500758900107e-09
959.2646586940293,456.56629526206814,4.069319302226802,-273.78217031810425,-365.3711882253971,-1.0533499735789977e-09
959.7646586940293,457.0662406067157,4.069336150742823,-274.0758022015211,-365.77589170139254,-1.053350368427102e-09
960.2646586940293,457.5661860784878,4.069352962605426,-274.3694340232645,-366.18059522067364,-1.053350107754097e-09
960.7646586940293,458.06613167696895,4.069369737934684,-274.6630657833114,-366.58529878326357,-1.0533499589987927e-09
961.2646586940293,458.56607740174553,4.069386476850148,-274.956697481639,-366.9900023891852,-1.0533501465183148e-09
961.7646586940293,459.0660232524057,4.069403179470848,-275.25032911822467,-367.3947060384612,-1.0533499912527105e-09
962.2646586940293,459.56596922853953,4.069419845915296,-275.5439606930455,-367.7994097311146,-1.053349974211573e-09
962.7646586940293,460.0659153297387,4.069436476301488,-275.8375922060789,-368.20411346716816,-1.0533499933517274e-09
963.2646586940293,460.56586155559665,4.069453070746909,-276.1312236573016,-368.6088172466447,-1.0533499479724964e-09
963.7646586940293,461.06580790570877,4.069469629368535,-276.4248550466908,-369.01352106956716,-1.0533498620914797e-09
964.2646586940293,461.56575437967206,4.069486152282834,-276.71848637422374,-369.41822493595834,-1.0533498180500447e-09
964.7646586940293,462.06570097708527,4.06950263960577,-277.0121176398775,-369.82292884584086,-1.0533498933746657e-09
965.2646586940293,462.5656476975489,4.069519091452808,-277.30574884362875,-370.22763279923777,-1.0533499805150492e-09
965.7646586940293,463.0655945406652,4.069535507938911,-277.59937998545485,-370.6323367961716,-1.053350152369418e-09
966.2646586940293,463.565541506038,4.069551889178548,-277.8930110653326,-371.03704083666526,-1.0533500634840396e-09
966.7646586940293,464.0654885932731,4.069568235285696,-278.18664208323906,-371.44174492074137,-1.0533497883987001e-09
967.2646586940293,464.5654358019776,4.069584546373839,-278.4802730391512,-371.8464490484227,-1.0533498623117765e-09
967.7646586940293,465.06538313176077,4.069600822555976,-278.77390393304574,-372.25115321973203,-1.053349878193969e-09
968.2646586940293,465.5653305822332,4.069617063944618,-279.0675347648994,-372.65585743469234,-1.0533496692258837e-09
968.7646586940293,466.06527815300717,4.069633270651794,-279.36116553468935,-373.06056169332595,-1.053349979137995e-09
969.2646586940293,466.5652258436968,4.0696494427890535,-279.6547962423924,-373.46526599565556,-1.0533499510848423e-09
969.7646586940293,467.06517365391767,4.069665580467469,-279.9484268879851,-373.8699703417042,-1.0533500924285285e-09
970.2646586940293,467.5651215832872,4.069681683797637,-280.24205747144447,-374.2746747314941,-1.0533500074296816e-09
970.7646586940293,468.0650696314242,4.069697752889682,-280.53568799274734,-374.6793791650481,-1.0533499692766528e-09
971.2646586940293,468.56501779794934,4.069713787853258,-280.8293184518701,-375.08408364238903,-1.053350131501098e-09
971.7646586940293,469.0649660824847,4.069729788797553,-281.1229488487897,-375.4887881635393,-1.0533501016047996e-09
972.2646586940293,469.56491448465414,4.069745755831289,-281.4165791834826,-375.8934927285218,-1.0533498188795813e-09
972.7646586940293,470.064863004083,4.069761689062726,-281.7102094559256,-376.29819733735883,-1.0533500708981577e-09
973.2646586940293,470.56481164039826,4.0697775885996625,-282.0038396660954,-376.70290199007314,-1.0533499351880849e-09
973.7646586940293,471.0647603932285,4.069793454549442,-282.2974698139684,-377.1076066866874,-1.0533500816950015e-09
974.2646586940293,471.5647092622038,4.069809287018952,-282.59109989952134,-377.51231142722423,-1.0533501224837843e-09
974.7646586940293,472.06465824695584,4.069825086114626,-282.8847299227305,-377.9170162117062,-1.0533501931973917e-09
975.2646586940293,472.5646073471179,4.069840851942449,-283.1783598835726,-378.32172104015586,-1.0533503214886433e-09
975.7646586940293,473.0645565623247,4.069856584607957,-283.47198978202397,-378.7264259125959,-1.0533506330954314e-09
976.2646586940293,473.56450589221265,4.069872284216241,-283.7656196180611,-379.13113082904886,-1.053350447598171e-09
976.7646586940293,474.06445533641954,4.069887950871948,-284.0592493916604,-379.53583578953726,-1.05335059304166e-09
977.2646586940293,474.5644048945848,4.069903584679285,-284.3528791027983,-379.94054079408374,-1.0533504912650743e-09
977.7646586940293,475.0643545663493,4.069919185742019,-284.64650875145134,-380.34524584271065,-1.053350459325797e-09
978.2646586940293,475.5643043513555,4.069934754163482,-284.94013833759584,-380.74995093544055,-1.0533508021516228e-09
978.7646586940293,476.06425424924714,4.069950290046572,-285.23376786120804,-381.15465607229606,-1.053350469206675e-09
979.2646586940293,476.5642042596698,4.069965793493756,-285.52739732226416,-381.5593612532998,-1.0533506317988703e-09
979.7646586940293,477.06415438227026,4.06998126460707,-285.82102672074046,-381.9640664784743,-1.0533508163956192e-09
980.2646586940293,477.5641046166969,4.0699967034881235,-286.1146560566133,-382.36877174784206,-1.0533505630150683e-09
980.7646586940293,478.0640549625995,4.070012110238101,-286.4082853298589,-382.77347706142535,-1.053350818013038e-09
981.2646586940293,478.56400541962944,4.070027484957764,-286.70191454045323,-383.17818241924704,-1.0533505608683162e-09
981.7646586940293,479.06395598743933,4.0700428277474545,-286.9955436883727,-383.58288782132934,-1.0533505383114942e-09
982.2646586940293,479.5639066656834,4.070058138707095,-287.2891727735934,-383.98759326769493,-1.053350655623514e-09
982.7646586940293,480.06385745401735,4.070073417936193,-287.5828017960913,-384.39229875836634,-1.0533507294779535e-09
983.2646586940293,480.56380835209814,4.070088665533841,-287.87643075584253,-384.79700429336594,-1.0533506698914685e-09
983.7646586940293,481.06375935958425,4.070103881598719,-288.1700596528233,-385.2017098727162,-1.0533506533909892e-09
984.2646586940293,481.5637104761356,4.0701190662291,-288.4636884870094,-385.60641549643975,-1.0533504982762e-09
984.7646586940293,482.0636617014135,4.070134219522846,-288.7573172583771,-386.0111211645589,-1.0533505490299645e-09
985.2646586940293,482.56361303508055,4.070149341577416,-289.05094596690213,-386.4158268770962,-1.0533507921592273e-09
985.7646586940293,483.0635644768009,4.070164432489865,-289.34457461256045,-386.82053263407414,-1.0533507848576275e-09
986.2646586940293,483.56351602624,4.070179492356847,-289.6382031953281,-387.22523843551505,-1.05335069124263e-09
986.7646586940293,484.06346768306474,4.070194521274617,-289.9318317151806,-387.6299442814418,-1.053350584334364e-09
987.2646586940293,484.5634194469434,4.070209519339031,-290.22546017209424,-388.0346501718764,-1.0533504496270044e-09
987.7646586940293,485.06337131754543,4.070224486645551,-290.5190885660446,-388.43935610684156,-1.0533504371850886e-09
988.2646586940293,485.56332329454193,4.070239423289247,-290.8127168970076,-388.84406208635966,-1.0533505262012344e-09
988.7646586940293,486.0632753776051,4.070254329364797,-291.10634516495895,-389.2487681104532,-1.0533503686702374e-09
989.2646586940293,486.56322756640867,4.07026920496649,-291.3999733698743,-389.6534741791446,-1.053350515922426e-09
989.7646586940293,487.06317986062754,4.070284050188227,-291.6936015117296,-390.05818029245626,-1.0533503766431773e-09
990.2646586940293,487.5631322599381,4.070298865123526,-291.98722959050036,-390.4628864504106,-1.053350411579809e-09
990.7646586940293,488.0630847640179,4.070313649865521,-292.28085760616204,-390.86759265303044,-1.0533502755650899e-09
991.2646586940293,488.563037372546,4.070328404506964,-292.5744855586907,-391.2722989003378,-1.0533504161686862e-09
991.7646586940293,489.06299008520256,4.0703431291402286,-292.8681134480617,-391.6770051923551,-1.0533504103169407e-09
992.2646586940293,489.5629429016692,4.070357823857312,-293.1617412742505,-392.0817115291051,-1.0533503093023154e-09
992.7646586940293,490.0628958216288,4.070372488749834,-293.4553690372327,-392.48641791061016,-1.0533501612567518e-09
993.2646586940293,490.5628488447655,4.070387123909043,-293.748996736984,-392.8911243368926,-1.0533502388562953e-09
993.7646586940293,491.0628019707647,4.070401729425815,-294.04262437347967,-393.29583080797494,-1.0533502776915816e-09
994.2646586940293,491.56275519931324,4.070416305390657,-294.33625194669526,-393.7005373238796,-1.053350542812948e-09
994.7646586940293,492.06270853009903,4.070430851893706,-294.62987945660626,-394.1052438846289,-1.0533505485434144e-09
995.2646586940293,492.5626619628113,4.070445369024736,-294.9235069031878,-394.5099504902456,-1.0533504109131694e-09
995.7646586940293,493.0626154971406,4.070459856873157,-295.2171342864154,-394.914657140752,-1.0533504595656262e-09
996.2646586940293,493.56256913277866,4.070474315528013,-295.51076160626457,-395.3193638361703,-1.0533501442260026e-09
996.7646586940293,494.06252286941856,4.070488745077993,-295.8043888627104,-395.7240705765233,-1.053350150402341e-09
997.2646586940293,494.56247670675447,4.070503145611424,-296.0980160557281,-396.1287773618332,-1.0533500726141914e-09
997.7646586940293,495.0624306444819,4.070517517216276,-296.39164318529333,-396.5334841921224,-1.0533500816465514e-09
998.2646586940293,495.56238468229753,4.070531859980166,-296.68527025138087,-396.93819106741364,-1.0533498508652767e-09
998.7646586940293,496.06233881989937,4.0705461739903575,-296.9788972539661,-397.3428979877291,-1.0533501053493389e-09
999.2646586940293,496.56229305698645,4.0705604593337625,-297.2725241930238,-397.7476049530915,-1.0533498903564776e-09
999.7646586940293,497.0622473932592,4.070574716096942,-297.5661510685297,-398.15231196352306,-1.0533498536750047e-09
1000.2646586940293,497.5622018284191,4.070588944366111,-297.85977788045864,-398.5570190190462,-1.053350146115195e-09
1000.7646586940293,498.062156362169,4.070603144227139,-298.15340462878544,-398.9617261196836,-1.0533501037280388e-09
1001.2646586940293,498.56211099421273,4.070617315765548,-298.4470313134853,-399.36643326545766,-1.0533501513573467e-09
1001.7646586940293,499.0620657242555,4.0706314590665205,-298.7406579345335,-399.7711404563906,-1.0533501022808783e-09
1002.2646586940293,499.56202055200356,4.070645574214897,-299.0342844919046,-400.1758476925052,-1.0533501689889099e-09
1002.7646586940293,500.06197547716437,4.070659661295178,-299.32791098557374,-400.58055497382367,-1.0533502294528087e-09
1003.2646586940293,500.5619304994466,4.070673720391527,-299.621537415516,-400.9852623003685,-1.053350358340692e-09
1003.7646586940293,501.06188561856004,4.070687751587774,-299.91516378170587,-401.3899696721624,-1.0533504337183453e-09
1004.2646586940293,501.5618408342157,4.070701754967411,-300.2087900841184,-401.7946770892278,-1.0533502084280882e-09
1004.7646586940293,502.0617961461256,4.0707157306136,-300.50241632272844,-402.19938455158695,-1.0533502643622255e-09
1005.2646586940293,502.56175155400297,4.070729678609171,-300.7960424975109,-402.60409205926237,-1.0533504104574425e-09
1005.7646586940293,503.0617070575623,4.070743599036625,-301.08966860844043,-403.00879961227656,-1.0533502731406686e-09
1006.2646586940293,503.56166265651905,4.070757491978137,-301.38329465549174,-403.4135072106522,-1.0533505401065338e-09
1006.7646586940293,504.06161835058987,4.070771357515554,-301.6769206386396,-403.81821485441145,-1.0533503426557326e-09
1007.2646586940293,504.5615741394925,4.0707851957304,-301.9705465578585,-404.22292254357717,-1.0533503593990304e-09
1007.7031232467133,505.0,4.070797308442286,-302.2280356198805,-404.57782253275855,-1.0533505152515748e-09
