tau,r,phi,X,Y,H
0.0,500.0,0.0,500.0,0.0,-1.2501352123941819e-16
0.004855668834874493,499.9951447861746,1.36331728786384e-07,499.99514478616993,6.816520247349735e-05,-6.251156610958577e-17
0.05341235718361942,499.9465926484245,1.4997942929795776e-06,499.9465926478622,0.0007498170464484116,6.255964396095567e-17
0.5389792406710687,499.46107132137973,1.514896324655824e-05,499.4610712640688,0.0075663174122447855,6.304272596823667e-17
1.0389792406710687,498.9611183280216,2.923153396662007e-05,498.96111811484485,0.014585398876351137,-6.354457417339931e-17
1.5389792406710687,498.4611654324279,4.33422842532847e-05,498.4611649642349,0.021604445514631677,2.5620375292210963e-16
2.0389792406710687,497.9612126348925,5.7481299000042255e-05,497.9612118122358,0.028623457338127413,1.9368559030268352e-16
2.5389792406710687,497.4612599357106,7.164866344163585e-05,497.4612586588442,0.0356424343578906,1.952321867400896e-16
3.0389792406710687,496.96130733517845,8.584446315577801e-05,496.96130550405695,0.04266137658498479,6.559758097044013e-17
3.5389792406710687,496.4613548335936,0.00010006878406487747,496.4613523478708,0.04968028403048497,6.612246642107712e-17
4.038979240671068,495.96140243125467,0.00011432171243777634,495.9613991902823,0.05669915670547766,-0.0
4.538979240671068,495.4614501284616,0.00012860333489149792,495.4614460312883,0.06371799462106102,6.71865273684338e-17
5.038979240671068,494.96149792551546,0.0001429137383930049,494.9614928708853,0.07073679778834492,-0.0
5.538979240671068,494.4615458227186,0.0001572530102609685,494.46153970907017,0.0777555662184511,1.365399268949908e-16
6.038979240671068,493.96159382037456,0.0001716212381675481,493.9615865458394,0.08477429992251326,-1.3763813966419044e-16
6.538979240671068,493.4616419187881,0.00018601851014018184,493.4616333811896,0.09179299891167707,-6.937316829979067e-17
7.038979240671068,492.9616901182652,0.000200444914563388,492.9616802151175,0.0988116631971005,1.398646188733063e-16
7.538979240671068,492.46173841911315,0.0002149005401805775,492.46172704761955,0.10583029278995364,7.049654439393755e-17
8.038979240671068,491.9617868216404,0.00022938547609587732,491.9617738786924,0.11284888770141906,1.4213184978996755e-16
8.538979240671068,491.46183532615663,0.0002438998117759651,491.46182070833254,0.11986744794269179,2.1492150972662987e-16
9.038979240671068,490.96188393297297,0.00025844363705191493,490.9618675365366,0.12688597352497943,2.1666099697259471e-16
9.538979240671068,490.4619326424016,0.00027301704212105444,490.4619143633011,0.13390446445950233,-7.280546562287495e-17
10.038979240671068,489.9619814547561,0.0002876201175488333,489.9619611886224,0.14092292075749363,-0.0
10.538979240671068,489.4620303703512,0.00030225295427070296,489.46200801249717,0.14794134243019938,-1.4798372361693685e-16
11.038979240671068,488.9620793895031,0.00031691564359400835,488.96205483492173,0.15495972948887865,-1.4918646938384393e-16
11.538979240671068,488.4621285125292,0.00033160827719989075,488.4621016558926,0.16197808194480376,-0.0
12.038979240671068,487.96217773974814,0.00034633094714520254,487.96214847540625,0.16899639980926023,-2.2743782907891304e-16
12.538979240671068,487.46222707147996,0.0003610837458644338,487.46219529345905,0.1760146830935469,-7.643072556851205e-17
13.038979240671068,486.96227650804593,0.00037586676617165063,486.96224211004744,0.18303293180897623,-1.5410907454273248e-16
13.538979240671068,486.4623260497687,0.0003906801012624455,486.46228892516774,0.19005114596687409,-1.5536820660087086e-16
14.038979240671068,485.9623756969722,0.0004055238447158998,485.9623357388163,0.19706932557858034,-1.5663896563409695e-16
14.538979240671068,485.4624254499817,0.00042039809049655805,485.4623825509896,0.2040874706554485,-0.0
15.038979240671068,484.9624753091239,0.00043530293295641486,484.9624293616838,0.211105581208846,-3.184316892786222e-16
15.538979240671068,484.46252527472666,0.00045023846683691385,484.46247617089534,0.2181236572501546,-1.60522208029558e-16
16.03897924067107,483.96257534711935,0.00046520478727095897,483.96252297862037,0.2251416987907699,-1.6184068526531772e-16
16.53897924067107,483.4626255266327,0.0004802019897849386,483.46256978485525,0.23215970584210213,-3.2634280308784143e-16
17.03897924067107,482.96267581359865,0.0004952301703007618,482.9626165895962,0.23917767841557572,-4.935434504678983e-16
17.53897924067107,482.4627262083507,0.0005102894251379076,482.46266339283954,0.24619561652262986,-5.805452070941446e-16
18.03897924067107,481.9627767112237,0.0005253798510154865,481.9627101945814,0.2532135201747182,-5.017147743479007e-16
18.53897924067107,481.4628273225537,0.0005405015450543157,481.462756994818,0.2602313893833094,-5.058576340177136e-16
19.03897924067107,480.9628780426784,0.0005556546047790063,480.9628037935455,0.2672492241598869,-5.100391540499911e-16
19.53897924067107,480.46292887193675,0.0005708391281200643,480.46285059076007,0.27426702451594914,-4.2854978044136504e-16
20.03897924067107,479.96297981066914,0.0005860552134160042,479.9628973864578,0.2812847904630099,-6.049397528442169e-16
20.53897924067107,479.4630308592174,0.0006013029594154758,479.4629441806349,0.2883025220125981,-6.099563403285051e-16
21.03897924067107,478.9630820179247,0.0006165824652794052,478.96299097328745,0.2953202191762581,-5.271599490087288e-16
21.53897924067107,478.4631332871358,0.0006318938305831481,478.4630377644114,0.30233788196554995,-4.4295074600909163e-16
22.03897924067107,477.9631846671968,0.0006472371553186569,477.96308455400305,0.3093555103920491,-5.359629846119055e-16
22.53897924067107,477.46323615845523,0.000662612539896662,477.4631313420582,0.3163731044673471,-4.503555398691809e-16
23.03897924067107,476.9632877612601,0.0006780200851488665,476.9631781285731,0.32339066420305124,-5.449323205048932e-16
23.53897924067107,476.4633394759619,0.0006934598923301538,476.4632249135435,0.33040818961078483,-6.410605171019008e-16
24.03897924067107,475.96339130291256,0.0007089320631208109,475.9632716969656,0.33742568070218754,-3.693809744981054e-16
24.53897924067107,475.4634432424655,0.0007244366996287643,475.46331847883516,0.34444313748891525,-4.655881891199488e-16
25.03897924067107,474.9634952949756,0.0007399739043918303,474.96336525914825,0.35146055998264025,-4.694866624449619e-16
25.53897924067107,474.4635474607993,0.0007555437803799802,474.4634120379008,0.3584779481950516,-3.787376180813593e-16
26.03897924067107,473.9635997402945,0.0007711464309976187,473.96345881508864,0.36549530213785475,-6.683525219834623e-16
26.53897924067107,473.4636521338206,0.000786781960085878,473.46350559070765,0.3725126218227723,-3.8512397104821915e-16
27.03897924067107,472.96370464173845,0.0008024504719249253,472.9635523647537,0.3795299072615437,-4.854533364247999e-16
27.53897924067107,472.4637572644106,0.0008181520712362858,472.4635991372226,0.3865471584659256,-7.832642865794195e-16
28.03897924067107,471.963810002201,0.0008338868631851801,471.96364590811027,0.39356437544769174,-7.898654388449637e-16
28.53897924067107,471.46386285547516,0.000849654953382876,471.4636926774123,0.40058155821863356,-5.973970909023058e-16
29.03897924067107,470.9639158246002,0.0008654564478890566,470.9637394451247,0.40759870679055976,-7.028498757190374e-16
29.53897924067107,470.46396890994464,0.0008812914532142018,470.463786211243,0.4146158211752967,-9.113048467598145e-16
30.03897924067107,469.96402211187876,0.0008971600763219866,469.96383297576307,0.4216329013846888,-6.126790447334168e-16
30.53897924067107,469.4640754307743,0.0009130624246316935,469.46387973868053,0.42864994743059814,-6.17870709462938e-16
31.03897924067107,468.96412886700466,0.0009289986060206409,468.96392649999115,0.43566695932490523,-8.308161105915082e-16
31.53897924067107,468.4641824209447,0.0009449687288266271,468.46397325969053,0.4426839370795085,-6.284036955845848e-16
32.03897924067107,467.964236092971,0.0009609729018503898,467.96402001777426,0.44970088070632486,-6.337460840345721e-16
32.53897924067107,467.46428988346173,0.0009770112343580812,467.464066774238,0.45671779021728987,-8.521863883496979e-16
33.03897924067107,466.9643437927966,0.0009930838360837594,466.9641135290774,0.4637346656243575,-6.445853666376215e-16
33.53897924067107,466.46439782135707,0.0010091908172318955,466.46416028228793,0.47075150693950085,-6.500833660142813e-16
34.03897924067107,465.9644519695261,0.0010253322884798972,465.9642070338652,0.47776831417471183,-7.649067437821609e-16
34.53897924067107,465.4645062376884,0.001041508360980648,465.4642537838047,0.48478508734200143,-6.612388931078155e-16
35.03897924067107,464.96456062623025,0.0010577191463650634,464.964300532102,0.49180182645339987,-3.334487828546198e-16
35.53897924067107,464.46461513553965,0.0010739647567446638,464.4643472787525,0.49881853152095695,-2.242036507514211e-16
36.03897924067107,463.96466976600624,0.0010902453047141626,463.96439402375165,0.505835202556742,-4.522530948622493e-16
36.53897924067107,463.46472451802134,0.0011065609033540733,463.46444076709497,0.5128518395728436,-2.280680774601676e-16
37.03897924067107,462.96477939197797,0.0011229116662333312,462.9644875087778,0.519868442581371,-4.600568841093e-16
37.53897924067107,462.4648343882708,0.001139297707411934,462.4645342487954,0.526885011594453,-3.4801176723929625e-16
38.03897924067107,461.9648895072962,0.001155719141443598,461.96458098714334,0.5339015466242384,-4.680129836262616e-16
38.53897924067107,461.46494474945246,0.0011721760833784333,461.4646277238169,0.5409180476828966,-2.9503073939009313e-16
39.03897924067107,460.9650001151393,0.0011886686487656338,460.9646744588113,0.5479345147826177,-2.3806235491001457e-16
39.53897924067107,460.4650556047583,0.001205196953656188,460.46472119212183,0.5549509479356118,-4.202099921544109e-16
40.03897924067107,459.9651112187128,0.0012217611146056045,459.96476792374386,0.5619673471541106,-4.238460264467548e-16
40.53897924067107,459.4651669574079,0.0012383612486766573,459.4648146536726,0.5689837124503658,-3.664436628135105e-16
41.03897924067107,458.96522282125045,0.0012549974734421478,458.9648613819031,0.5760000438366513,-6.16035885568887e-16
41.53897924067107,458.465278810649,0.001271669906987686,458.4649081084308,0.5830163413252613,-2.4855369038953867e-16
42.03897924067107,457.965334926014,0.0012883786679144884,457.96495483325066,0.5900326049285121,-3.7607101548476432e-16
42.53897924067107,457.4653911677576,0.0013051238753421961,457.4650015563579,0.5970488346587413,-5.690149726152033e-16
43.03897924067107,456.9654475362938,0.00132190564891171,456.9650482777476,0.6040650305283083,-5.739716738101838e-16
43.53897924067107,456.4655040320384,0.0013387241087880447,456.46509499741484,0.6110811925495947,-4.503155652970614e-16
44.03897924067107,455.9655606554089,0.001355579375663202,455.9651417153547,0.6180973207350038,-4.542470739984069e-16
44.53897924067107,455.4656174068249,0.0013724715707590625,455.46518843156224,0.6251134150969613,-4.582173601725938e-16
45.03897924067107,454.96567428670755,0.0013894008158302975,454.96523514603234,0.6321294756479157,-4.622268500215341e-16
45.53897924067107,454.46573129548005,0.0014063672331672975,454.4652818587601,0.6391455024003374,-3.3305426779385313e-16
46.03897924067107,453.96578843356735,0.0014233709455991235,453.96532856974034,0.6461614953667203,-2.015850734747071e-16
46.53897924067107,453.46584570139635,0.0014404120764964752,453.46537527896817,0.6531774545595808,-6.77849830730174e-17
47.03897924067107,452.96590309939575,0.00145749074977468,452.96542198643834,0.6601933799914584,-2.0514237959786347e-16
47.53897924067107,452.46596062799625,0.0014746070898967012,452.46546869214586,0.6672092716749165,-4.138951172653982e-16
48.03897924067107,451.96601828763033,0.0014917612218761673,451.9655153960855,0.6742251296225412,-3.4795113784865607e-16
48.53897924067107,451.46607607873244,0.0015089532712804195,451.465562098252,0.6812409538469427,-3.5101991768089857e-16
49.03897924067107,450.9661340017389,0.0015261833642335816,450.9656087986402,0.6882567443607546,-2.8329541805256223e-16
49.53897924067107,450.4661920570881,0.0015434516274196492,450.4656554972449,0.6952725011766352,-2.8579963356055904e-16
50.03897924067107,449.96625024522024,0.0015607581880855987,449.9657021940607,0.7022882243072663,-2.162466416628705e-16
50.53897924067107,449.46630856657754,0.0015781031740445197,449.46574888908253,0.7093039137653546,-2.9088336227229066e-16
51.03897924067107,448.9663670216041,0.0015954867136787644,448.9657955823049,0.7163195695636309,-3.6682929423639464e-16
51.53897924067107,448.46642561074617,0.0016129089359431226,448.4658422737225,0.723335191714851,-2.9606936002313804e-16
52.03897924067107,447.96648433445176,0.0016303699703680138,447.9658889633299,0.7303507802317953,-4.480521372029328e-16
52.53897924067107,447.4665431931711,0.0016478699470627034,447.4659356511218,0.73736633512727,-1.5067996095284628e-16
53.03897924067107,446.9666021873563,0.0016654089967185392,446.96598233709267,0.7443818564141058,-2.2803386033609535e-16
53.53897924067107,446.46666131746144,0.0016829872506122108,446.4660290212371,0.7513973441051593,-3.83446749823131e-16
54.03897924067107,445.9667205839428,0.0017006048406090289,445.9660757035495,0.7584127982133126,-3.8687122908008533e-16
54.53897924067107,445.4667799872586,0.001718261899166229,445.4661223840244,0.7654282187514737,-1.5613210210331846e-16
55.03897924067107,444.96683952786907,0.0017359585593362955,444.9661690626562,0.7724436057325769,-2.3629453001993946e-16
55.53897924067107,444.46689920623663,0.0017536949547703102,444.46621573943935,0.7794589591695822,1.58941402623783e-16
56.03897924067107,443.9669590228257,0.0017714712197213207,443.9662624143683,0.7864742790754764,-0.0
56.53897924067107,443.4670189781028,0.0017892874890477345,443.4663090874373,0.7934895654632729,-1.6180786744194188e-16
57.03897924067107,442.96707907253654,0.0018071438982167336,442.9663557586407,0.800504818346012,-0.0
57.53897924067107,442.4671393065977,0.0018250405833077144,442.4664024279728,0.8075200377367605,1.6473279415213953e-16
58.03897924067107,441.9671996807591,0.001842977681015749,441.9664490954279,0.8145352236486133,-8.310879753991466e-17
58.53897924067107,441.4672601954958,0.0018609553286550713,441.4664957610001,0.821550376094692,8.38587564285881e-17
59.03897924067107,440.96732085128485,0.0018789736641625866,440.9665424246837,0.8285654950881459,2.53849078459009e-16
59.53897924067107,440.4673816486056,0.0018970328261014044,440.46658908647277,0.8355805806421525,2.5614508058913585e-16
60.03897924067107,439.9674425879396,0.0019151329536643965,439.96663574636153,0.8425956327699171,1.7230969292445932e-16
60.53897924067107,439.4675036697705,0.0019332741866777779,439.4666824043441,0.8496106514846732,2.6080772186771843e-16
61.03897924067107,438.96756489458414,0.0019514566656047136,438.9667290604145,0.856625636799683,4.3862483066510543e-16
61.53897924067107,438.46762626286863,0.0019696805315489486,438.4667757145667,0.8636405887282367,-0.0
62.03897924067107,437.96768777511426,0.001987945926258465,437.9668223667948,0.8706555072836545,4.466372201840186e-16
62.53897924067107,437.4677494318136,0.0020062529921291605,437.4668690170928,0.8776703924792842,1.8028209813004058e-16
63.03897924067107,436.9678112334615,0.002024601872208557,436.96691566545456,0.8846852443285044,2.7288907223469405e-16
63.53897924067107,436.4678731805549,0.0020429927101995302,436.466962311874,0.891700062844722,3.671738600710178e-16
64.03897924067107,435.9679352735931,0.002061425650464067,435.96700895634496,0.8987148480413741,5.557948142234446e-16
64.53897924067107,435.4679975130779,0.0020799008380270496,435.46705559886135,0.9057295999319284,5.608808071165036e-16
65.03897924067107,434.96805989951304,0.002098418418580063,434.96710223941693,0.912744318529881,3.773462443723199e-16
65.53897924067107,434.46812243340486,0.002116978538485231,434.46714887800545,0.9197590038487603,6.664129475523949e-16
66.03897924067107,433.96818511526186,0.002135581344779079,433.9671955146205,0.9267736559021241,6.725327165489907e-16
66.53897924067107,433.468247945595,0.0021542269851764213,433.46724214925615,0.9337882747035612,4.847971135300531e-16
67.03897924067107,432.96831092491755,0.0021729156080742772,432.9672887819058,0.9408028602666921,1.957038309282302e-16
67.53897924067107,432.46837405374504,0.0021916473625558136,432.46733541256305,0.9478174126051675,3.9501474704625363e-16
68.03897924067107,431.96843733259556,0.0022104223983943154,431.9673820412216,0.9548319317326706,3.986593762999705e-16
68.53897924067107,431.4685007619895,0.0022292408660571825,431.46742866787497,0.9618464176629156,4.0234198501374426e-16
69.03897924067107,430.96856434244967,0.002248102916709956,430.96747529251667,0.968860870409649,6.090945212248511e-16
69.53897924067107,430.4686280745013,0.0022670087022203704,430.4675219151402,0.9758752899866494,4.098229103147275e-16
70.03897924067107,429.9686919586721,0.002285958375162438,429.9675685357391,0.9828896764077281,7.238387202154892e-16
70.53897924067107,429.46875599549213,0.0023049520888205554,429.46761515430654,0.9899040296867286,5.218263985628021e-16
71.03897924067107,428.96882018549405,0.0023239899971936465,428.9676617708362,0.9969183498375275,5.266754417123269e-16
71.53897924067107,428.46888452921286,0.0023430722549993275,428.4677083853211,1.0039326368740342,7.442055239149711e-16
72.03897924067107,427.96894902718617,0.0023621990176781057,427.96775499775475,1.0109468908101924,5.365267911439903e-16
72.53897924067107,427.46901367995406,0.002381370441397606,427.4678016081304,1.0179611116599783,6.498363542191446e-16
73.03897924067107,426.96907848805915,0.0024005866830568256,426.9678482164412,1.0249752994374026,6.559037961986525e-16
73.53897924067107,426.4691434520466,0.0024198479002904235,426.46789482268036,1.0319894541565104,6.620352173662548e-16
74.03897924067107,425.96920857246397,0.0024391542514730336,425.9679414268411,1.03900357583138,4.454875795839245e-16
74.53897924067107,425.4692738498617,0.0024585058957236135,425.46798802891647,1.0460176644761259,5.620775113468121e-16
75.03897924067107,424.96933928479245,0.0024779029929098213,424.9680346288995,1.0530317201048953,4.538806142321513e-16
75.53897924067107,424.4694048778118,0.0024973457036524247,424.4680812267832,1.0600457427318728,6.872158738455287e-16
76.03897924067107,423.9694706294778,0.00251683418932974,423.96812782256075,1.067059732371277,6.358721073246662e-16
76.53897924067107,423.4695365403511,0.002536368612082104,423.4681744162249,1.0740736890373621,8.752626114327861e-16
77.03897924067107,422.969602610995,0.002555949134816375,422.96822100776865,1.0810876127444187,7.657118796686015e-16
77.53897924067107,422.4696688419756,0.0025755759212104704,422.4682675971848,1.0881015035067734,6.540252724561517e-16
78.03897924067107,421.96973523386146,0.0025952491357179312,421.96831418446635,1.0951153613387892,6.001869761108303e-16
78.53897924067107,421.469801787224,0.0026149689435725227,421.4683607696059,1.1021291862548654,6.058654816962346e-16
79.03897924067107,420.9698685026373,0.002634735510792866,420.96840735259633,1.1091429782694384,6.72765125062081e-16
79.53897924067107,420.4699353806781,0.002654549004187104,420.4684539334303,1.1161567373969816,4.3218366148519127e-16
80.03897924067107,419.970002421926,0.0026744095913576005,419.96850051210043,1.1231704636520068,4.986143424318463e-16
80.53897924067107,419.4700696269632,0.00269431744070567,419.4685470885994,1.130184157049062,3.775160955040636e-16
81.03897924067107,418.9701369963749,0.002714272721436347,418.9685936629198,1.1371978176027342,4.446278726152331e-16
81.53897924067107,418.47020453074884,0.002734275603563184,418.4686402350541,1.1442114453276486,5.771126132777892e-16
82.03897924067107,417.97027223067573,0.0027543262579130864,417.9686868049949,1.1512250402384687,4.531484642542213e-16
82.53897924067107,417.47034009674906,0.002774424856131183,417.46873337273456,1.158238602349897,1.9606187766495519e-16
83.03897924067107,416.9704081295651,0.002794571570685729,416.9687799382655,1.1652521316766742,5.27832766656249e-16
83.53897924067107,416.4704763297231,0.0028147665748730474,416.4688265015802,1.1722656282335822,7.327208341415184e-16
84.03897924067107,415.97054469782506,0.0028350100428225023,415.9688730626708,1.1792790920354408,4.707479542595724e-16
84.53897924067107,415.470613234476,0.002855302149501512,415.46891962152984,1.1862925230971106,5.431627732653892e-16
85.03897924067107,414.97068194028367,0.002875643070720595,414.9689661781492,1.1933059214334925,5.483838805910465e-16
85.53897924067107,414.47075081585893,0.0028960329831384554,414.4690127325214,1.2003192870595274,7.612847829341242e-16
86.03897924067107,413.97081986181547,0.0029164720642671027,413.9690592846383,1.2073326199901973,4.891221980505061e-16
86.53897924067107,413.47088907876997,0.00293696049247701,413.46910583449215,1.2143459202405253,6.349387358567825e-16
87.03897924067107,412.97095846734214,0.002957498447002309,412.9691523820751,1.2213591878255763,6.410721746494189e-16
87.53897924067107,412.4710280281546,0.002978086107946025,412.4691989273789,1.2283724227604558,7.91110853078839e-16
88.03897924067107,411.97109776183305,0.0029987236562853455,411.9692454703958,1.2353856250603128,5.809249541269895e-16
88.53897924067107,411.4711676690062,0.003019411273876932,411.46929201111743,1.2423987947403372,5.865574846852607e-16
89.03897924067107,410.9712377503058,0.0030401491434622675,410.96933854953585,1.2494119318157626,6.662831417492321e-16
89.53897924067107,410.4713080063667,0.003060937448673044,410.46938508564284,1.2564250363018645,6.727593339999365e-16
90.03897924067107,409.97137843782684,0.003081776374036591,409.9694316194301,1.2634381082139627,7.547851161913297e-16
90.53897924067107,409.47144904532723,0.003102666104981338,409.46947815088936,1.2704511475674194,6.09711842275013e-16
91.03897924067107,408.97151982951203,0.0031236068278423265,408.96952468001234,1.2774641543776415,6.926178687689411e-16
91.53897924067107,408.4715907910286,0.0031445987298667545,408.4695712067907,1.2844771286600802,6.9938363589487915e-16
92.03897924067107,407.9716619305273,0.0031656419992195637,407.9696177312159,1.2914900704302303,7.846933652146075e-16
92.53897924067107,407.4717332486619,0.0031867368249890705,407.4696642532796,1.2985029797036318,7.13139964159713e-16
93.03897924067107,406.9718047460892,0.003207883397192635,406.96971077297314,1.30551585649587,6.401176637435975e-16
93.53897924067107,406.4718764234693,0.003229081906782375,406.46975729028804,1.3125287008225754,5.656017059548243e-16
94.03897924067107,405.9719482814656,0.0032503325456509184,405.9698038052156,1.3195415126994245,6.527558968445108e-16
94.53897924067107,405.4720203207446,0.003271635506637203,405.4698503177472,1.3265542921421398,6.591803655514429e-16
95.03897924067107,404.9720925419762,0.003292990983532314,404.9698968278741,1.3335670391664902,7.488857562258697e-16
95.53897924067107,404.47216494583364,0.0033143991710853703,404.4699433355875,1.3405797537882915,5.882138214022497e-16
96.03897924067107,403.97223753299335,0.0033358602650094484,403.9699898408786,1.3475924360234062,7.637463901716353e-16
96.53897924067107,403.4723103041352,0.003357374461987555,403.47003634373846,1.3546050858877443,8.570013430309127e-16
97.03897924067107,402.97238325994243,0.0033789419596786437,402.97008284415824,1.3616177033972647,6.923914707191784e-16
97.53897924067107,402.4724564011016,0.003400562956723673,402.47012934212876,1.3686302885679726,9.614794780690678e-16
98.03897924067107,401.97252972830285,0.003422237652751714,401.9701758376412,1.3756428414159232,7.944761418284033e-16
98.53897924067107,401.4726032422395,0.0034439662483861,401.47022233068634,1.3826553619572195,9.806803433418135e-16
99.03897924067107,400.9726769436084,0.003465748945250625,400.97026882125493,1.3896678502080144,1.0804828997749047e-15
99.53897924067107,400.47275083311007,0.003487585945975786,400.470315309338,1.39668030618451,1.0003146950633073e-15
100.03897924067107,399.97282491144824,0.0035094774542050746,399.9703617949261,1.403692729902958,1.0102978279704317e-15
100.53897924067107,399.47289917933034,0.0035314236746013137,399.4704082780099,1.4107051213796606,1.1131564905048337e-15
101.03897924067107,398.9729736374673,0.003553424812853044,398.9704547585802,1.4177174806309711,1.2179853306267162e-15
101.53897924067107,398.47304828657354,0.003575481075680955,398.47050123662746,1.4247298076732933,1.1355576292963186e-15
102.03897924067107,397.97312312736716,0.0035975926708443702,397.97054771214215,1.4317421025230819,9.557904230800952e-16
102.53897924067107,397.4731981605698,0.003619759807147774,397.47059418511475,1.438754365196844,1.0619293592021216e-15
103.03897924067107,396.97327338690667,0.003641982694447395,396.9706406555357,1.4457665957111383,1.170118909385471e-15
103.53897924067107,396.4733488071068,0.0036642615436578343,396.47068712339535,1.4527787940825767,1.0834099013141338e-15
104.03897924067107,395.97342442190273,0.003686596566758744,395.9707335886839,1.4597909603278227,1.2933033408709061e-15
104.53897924067107,395.4735002320308,0.0037089879768015615,395.47078005139156,1.4668030944635944,1.2058708798522531e-15
105.03897924067107,394.973576238231,0.003731435987916288,394.97082651150856,1.4738151965066624,1.1165556094267136e-15
105.53897924067107,394.47365244124705,0.003753940815318323,394.470872969025,1.4808272664738515,1.2303895677096784e-15
106.03897924067107,393.9737288418266,0.003776502675315351,393.97091942393087,1.4878393043820417,1.4500025833886347e-15
106.53897924067107,393.47380544072087,0.0037991217853142766,393.4709658762162,1.4948513102481669,1.2554718267543234e-15
107.03897924067107,392.973882238685,0.0038217983638282166,392.9710123258709,1.5018632840892163,1.2682287950519983e-15
107.53897924067107,392.473959236478,0.003844532630483545,392.47105877288476,1.5088752259222347,1.1743710974288637e-15
108.03897924067107,391.9740364348626,0.0038673248060269896,391.97110521724767,1.5158871357643227,1.2941836306041777e-15
108.53897924067107,391.4741138346057,0.0038901751123327846,391.47115165894934,1.522899013632638,1.089487720415071e-15
109.03897924067107,390.9741914364778,0.0039130837724098795,390.97119809797937,1.5299108595443942,1.2106773536081378e-15
109.53897924067107,390.47426924125347,0.0039360510104092,390.47124453432747,1.5369226735168628,1.223059366044525e-15
110.03897924067107,389.9743472497113,0.003959077051630965,389.97129096798307,1.543934455567372,1.3479101922738582e-15
110.53897924067107,389.47442546263375,0.003982162122532067,389.4713373989357,1.5509462057133088,1.4752094181535388e-15
111.03897924067107,388.9745038808074,0.0040053064507334975,388.97138382717486,1.5579579239721184,1.4330347401663138e-15
111.53897924067107,388.4745825050228,0.00402851026502784,388.47143025268974,1.564969610361305,1.158214162880314e-15
112.03897924067107,387.97466133607463,0.004051773795386814,387.9714766754698,1.571981264898432,1.1701373316135126e-15
112.53897924067107,387.47474037476155,0.004075097272968885,387.4715230955041,1.578992887601122,1.3595289270759595e-15
113.03897924067107,386.97481962188647,0.0040984809301269215,386.9715695127819,1.5860044784870588,1.2541212211546578e-15
113.53897924067107,386.4748990782563,0.004121925000415926,386.4716159272922,1.5930160375739857,1.387757254914022e-15
114.03897924067107,385.9749787446823,0.004145429718600815,385.971662339024,1.6000275648797073,1.2192337406717295e-15
114.53897924067107,385.4750586219797,0.004168995320664263,385.4717087479663,1.60703906042209,1.0470877487900016e-15
115.03897924067107,384.97513871096817,0.004192622043814611,384.971755154108,1.6140505242190624,1.4935799220208963e-15
115.53897924067107,384.47521901247154,0.004216310126493828,384.4718015574378,1.6210619562886148,1.7606143133892658e-15
116.03897924067107,383.97529952731793,0.004240059808385545,383.9718479579446,1.6280733566488,1.3977315501422492e-15
116.53897924067107,383.47538025633975,0.004263871330423148,383.4718943556169,1.6350847253177352,1.5406825154708525e-15
117.03897924067107,382.97546120037373,0.004287744934797928,382.97194075044337,1.6420960623136003,1.5567537775278393e-15
117.53897924067107,382.475542360261,0.004311680864967305,382.4719871424125,1.6491073676546402,1.4419297639739274e-15
118.03897924067107,381.97562373684707,0.00433567936566311,381.97203353151275,1.656118641359164,1.5232387571865072e-15
118.53897924067107,381.4757053309819,0.0043597406828999345,381.4720799177325,1.663129883445546,1.3384275163811065e-15
119.03897924067107,380.9757871435199,0.004383865063983544,380.97212630106014,1.6701410939322263,1.7582026735217823e-15
119.53897924067107,380.4758691753199,0.004408052757519361,380.4721726814838,1.6771522728377104,1.7083322959949888e-15
120.03897924067107,379.97595142724526,0.00443230401342101,379.9722190589917,1.6841634201805715,1.5191400762230571e-15
120.53897924067107,379.47603390016394,0.0044566190829189375,379.47226543357186,1.691174535979449,1.6049142474537914e-15
121.03897924067107,378.9761165949484,0.0044809982185690924,378.97231180521237,1.6981856202530494,1.551320774157548e-15
121.53897924067107,378.4761995124757,0.004505441674261678,378.47235817390106,1.7051966730201489,1.3539217033695085e-15
122.03897924067107,377.9762826536276,0.004529949705229978,377.97240453962587,1.7122076942995912,1.368234945188475e-15
122.53897924067107,377.4763660192904,0.00455452256805924,377.4724509023745,1.7192186841102886,1.237169627569806e-15
123.03897924067107,376.97644961035525,0.00457916052069565,376.9724972621347,1.7262296424712233,1.2502839012654143e-15
123.53897924067107,376.47653342771787,0.004603863822455356,376.4725436188941,1.7332405694014483,1.2635550965444891e-15
124.03897924067107,375.9766174722788,0.00462863273403358,375.9725899726403,1.7402514649200862,1.5774524355803997e-15
124.53897924067107,375.47670174494334,0.004653467517513795,375.47263632336063,1.7472623290463307,1.3664929223959466e-15
125.03897924067107,374.9767862466216,0.004678368436376978,374.9726826710425,1.7542731617994474,1.4577820209381217e-15
125.53897924067107,374.4768709782286,0.004703335755510935,374.4727290156732,1.7612839631987747,1.085618791061852e-15
126.03897924067107,373.9769559406842,0.004728369741219704,373.9727753572401,1.7682947332637227,1.4107120816178904e-15
126.53897924067107,373.4770411349132,0.004753470661233029,373.4728216957302,1.7753054720137746,1.4258085133700223e-15
127.03897924067107,372.97712656184524,0.004778638784715916,372.97286803113053,1.7823161794684876,1.4410873016326896e-15
127.53897924067107,372.47721222241506,0.004803874382278262,372.4729143634282,1.789326855647494,1.3756314056371931e-15
128.03897924067107,371.9772981175624,0.004829177725984558,371.97296069260994,1.7963375005704991,1.472201798803866e-15
128.53897924067107,371.47738424823194,0.004854549089363681,371.4730070186626,1.8033481142572858,1.5707115539972637e-15
129.03897924067107,370.9774706153736,0.004879988747418755,370.973053341573,1.8103586967277108,1.3369561269601204e-15
129.53897924067107,370.47755721994224,0.004905496976637098,370.47309966132764,1.8173692480017085,1.3513811160938125e-15
130.03897924067107,369.97764406289804,0.0049310740550002445,369.97314597791313,1.8243797680992906,1.4513556434318494e-15
130.53897924067107,369.47773114520623,0.004956720261994053,369.47319229131597,1.8313902570405451,1.4670580397838379e-15
131.03897924067107,368.9778184678373,0.004982435878618895,368.9732386015224,1.8384007148456394,1.3957197128579645e-15
131.53897924067107,368.4779060317671,0.005008221187399928,368.4732849085188,1.8454111415348184,1.4990407173035792e-15
132.03897924067107,367.9779938379765,0.00503407647239745,367.9733312122913,1.8524215371284085,1.515326254560593e-15
132.53897924067107,367.478081887452,0.005060002019217337,367.4733775128261,1.8594319016468137,1.531811494036637e-15
133.03897924067107,366.97817018118525,0.005085998115021571,366.9734238101091,1.8664422351105197,1.3663227913158424e-15
133.53897924067107,366.4782587201734,0.00511206504853885,366.4734701041263,1.8734525375400932,1.5653920317536386e-15
134.03897924067107,365.97834750541904,0.0051382031100752875,365.97351639486345,1.8804628089561828,1.4894050911982051e-15
134.53897924067107,365.4784365379302,0.005164412591525196,365.4735626823064,1.8874730493795187,1.788016961130127e-15
135.03897924067107,364.97852581872036,0.0051906937863819645,364.9736089664406,1.894483258830915,1.522193080467681e-15
135.53897924067107,364.4786153488086,0.005217046989749018,364.4736552472518,1.901493437331268,1.4427108927168351e-15
136.03897924067107,363.97870512921963,0.0052434724983508796,363.97370152472536,1.9085035849015597,1.653034225237118e-15
136.53897924067107,363.47879516098374,0.0052699706105443075,363.47374779884655,1.915513701562856,1.5729118290253249e-15
137.03897924067107,362.9788854451369,0.005296541626329538,362.97379406960073,1.9225237873363086,1.689629200316085e-15
137.53897924067107,362.47897598272067,0.005323185847361613,362.473840336973,1.9295338422431545,1.4068093479377115e-15
138.03897924067107,361.97906677478255,0.005349903576961809,361.97388660094856,1.9365438663047188,1.625543406614239e-15
138.53897924067107,361.47915782237567,0.00537669512012915,361.4739328615122,1.9435538595424122,1.6435261608363521e-15
139.03897924067107,360.979249126559,0.005403560783552027,360.97397911864886,1.9505638219777355,1.350158428394146e-15
139.53897924067107,360.47934068839743,0.0054305008756199095,360.4740253723433,1.9575737536322764,1.6801683979211817e-15
140.03897924067107,359.9794325089617,0.00545751570643515,359.97407162258014,1.9645836545277122,1.5926570384083904e-15
140.53897924067107,359.47952458932843,0.005484605587824898,359.47411786934396,1.9715935246858112,1.610375623918829e-15
141.03897924067107,358.97961693058033,0.005511770833353102,358.9741641126192,1.9786033641284313,1.628316694143284e-15
141.53897924067107,358.4797095338061,0.005539011758332618,358.4742103523902,1.9856131728775217,1.5367178034335227e-15
142.03897924067107,357.97980240010054,0.00556632867983742,357.97425658864125,1.9926229509551248,1.442894945844355e-15
142.53897924067107,357.4798955305645,0.00559372191671491,357.47430282135645,1.999632698383375,1.3468049369375144e-15
143.03897924067107,356.97998892630494,0.005621191789598333,356.97434905051983,2.0066424151844995,1.361895025148492e-15
143.53897924067107,356.4800825884351,0.005648738620919296,356.47439527611533,2.0136521013808206,1.1476466153320407e-15
144.03897924067107,355.9801765180745,0.005676362734920393,355.97444149812674,2.020661756994755,1.1605419704635985e-15
144.53897924067107,355.48027071634874,0.005704064457667933,355.47448771653785,2.0276713820488146,1.2909609471211391e-15
145.03897924067107,354.98036518438994,0.005731844117064785,354.97453393133213,2.0346809765656086,1.3648494365881304e-15
145.53897924067107,354.4804599233365,0.005759702042863317,354.47458014249304,2.0416905405678416,1.3802513031835652e-15
146.03897924067107,353.9805549343333,0.0057876385666784606,353.97462635000414,2.0487000740783174,1.2744711273251488e-15
146.53897924067107,353.48065021853165,0.0058156540220008724,353.47467255384856,2.0557095771199374,1.3502703735044902e-15
147.03897924067107,352.9807457770893,0.005843748744210218,352.9747187540095,2.062719049715703,1.3035019915699738e-15
147.53897924067107,352.4808416111706,0.0058719230705885595,352.4747649504699,2.0697284918887147,1.4438484168914351e-15
148.03897924067107,351.98093772194653,0.005900177340333868,351.9748111432128,2.0767379036621736,1.4602593506275971e-15
148.53897924067107,351.48103411059463,0.00592851189457364,351.47485733222084,2.0837472850593834,1.284244174712974e-15
149.03897924067107,350.98113077829925,0.0059569270763786385,350.97490351747683,2.0907566361037486,1.1040507907095704e-15
149.53897924067107,350.48122772625135,0.005985423230776747,350.4749496989633,2.097765956818778,1.116654113578559e-15
150.03897924067107,349.98132495564874,0.006014000704766944,349.97499587666266,2.104775247228083,1.328729189380573e-15
150.53897924067107,349.4814224676961,0.006042659847333398,349.4750420505573,2.111784507355381,1.1423502129861106e-15
151.03897924067107,348.981520263605,0.006071401009459682,348.97508822062935,2.1187937372244927,1.2913827085137048e-15
151.53897924067107,348.48161834459376,0.006100224544143112,348.4751343868609,2.125802936859347,1.2374625559258223e-15
152.03897924067107,347.98171671188794,0.006129130806409207,347.97518054923387,2.1328121062839793,1.182153504333229e-15
152.53897924067107,347.48181536671996,0.006158120153326275,347.47522670773014,2.139821245522532,1.125427550586045e-15
153.03897924067107,346.9819143103294,0.006187192944020125,346.9752728623314,2.146830354599257,1.2095569615131157e-15
153.53897924067107,346.482013543963,0.0062163495396889085,346.47531901301926,2.1538394335385154,1.367470942107135e-15
154.03897924067107,345.9821130688745,0.006245590303618082,345.97536515977515,2.160848482364778,1.5288968311102297e-15
154.53897924067107,345.4822128863252,0.00627491560119551,345.47541130258037,2.167857501102627,1.3993107359616488e-15
155.03897924067107,344.9823129975834,0.006304325799926691,344.97545744141604,2.174866489776758,1.4900456046752047e-15
155.53897924067107,344.48241340392485,0.006333821269450122,344.4755035762633,2.181875448411977,1.5827240480143411e-15
156.03897924067107,343.9825141066327,0.006363402381552789,343.9755497071031,2.188884377033206,1.2961597520308902e-15
156.53897924067107,343.4826151069976,0.006393069510185802,343.4755958339162,2.195893275665479,1.4655286037390597e-15
157.03897924067107,342.98271640631765,0.006422823031480161,342.97564195668326,2.2029021443339496,1.5606631905645925e-15
157.53897924067107,342.4828180058984,0.00645266332376266,342.4756880753848,2.2099109830638826,1.1841763163544108e-15
158.03897924067107,341.9829199070532,0.006482590767571933,341.97573419000116,2.216919791880664,1.597380859081073e-15
158.53897924067107,341.48302211110297,0.00651260574567464,341.4757803005126,2.2239285708097967,1.4544936322386488e-15
159.03897924067107,340.9831246193764,0.006542708643081795,340.97582640689933,2.2309373198769014,1.553321132201767e-15
159.53897924067107,340.4832274332099,0.006572899847065235,340.4758725091412,2.237946039107721,1.3234376227950662e-15
160.03897924067107,339.9833305539477,0.006603179747174241,339.97591860721803,2.2449547285281177,1.6737742014235431e-15
160.53897924067107,339.48343398294213,0.0066335487352522995,339.4759647011096,2.2519633881640764,1.3548081305817863e-15
161.03897924067107,338.9835377215532,0.0066640072054540145,338.9760107907953,2.2589720180417046,1.6278333065363865e-15
161.53897924067107,338.4836417711491,0.0066945555542621705,338.4760568762547,2.265980618187233,1.5603964516809677e-15
162.03897924067107,337.9837461331061,0.006725194180504944,337.97610295746694,2.2729891886270175,1.4911629845111413e-15
162.53897924067107,337.4838508088084,0.006755923485373271,337.4761490344111,2.27999772938754,1.3313395795122904e-15
163.03897924067107,336.98395579964875,0.006786743872438367,336.9761951070662,2.2870062404954092,1.7063976561508868e-15
163.53897924067107,336.4840611070278,0.006817655747669404,336.476241175411,2.2940147219773595,1.7267004360381567e-15
164.03897924067107,335.9841667323547,0.006848659519451346,335.9762872394242,2.3010231738602567,1.839237702906233e-15
164.53897924067107,335.48427267704693,0.0068797555986029385,335.4763332990842,2.3080315961710935,1.5820091540456331e-15
165.03897924067107,334.9843789425304,0.00691094439839487,334.9763793543694,2.315039988936996,1.7892607608427287e-15
165.53897924067107,334.4844855302395,0.006942226334568084,334.476425405258,2.32204835218522,1.8106786784836925e-15
166.03897924067107,333.9845924416173,0.006973601825352265,333.97647145172795,2.3290566859431547,1.6395031852882105e-15
166.53897924067107,333.48469967811536,0.007005071291484484,333.4765174937572,2.3360649902383233,1.4639895925269037e-15
167.03897924067107,332.984807241194,0.007036635156228015,332.9765635313235,2.3430732650983837,1.5803670031743422e-15
167.53897924067107,332.48491513232227,0.007068293845391323,332.47660956440427,2.3500815105511283,1.5993999231702891e-15
168.03897924067107,331.98502335297803,0.007100047787347218,331.9766555929769,2.3570897266244883,1.5175232906113897e-15
168.53897924067107,331.4851319046481,0.007131897413052188,331.4767016170187,2.364097913346532,1.3310746142561867e-15
169.03897924067107,330.98524078882815,0.007163843156065904,330.9767476365067,2.3711060707454665,1.3471789591509483e-15
169.53897924067107,330.48535000702304,0.007195885452570903,330.4767936514177,2.3781141988496404,1.5732728942224209e-15
170.03897924067107,329.98545956074656,0.007228024741392447,329.97683966172866,2.385122297687542,1.4862083441296092e-15
170.53897924067107,329.4855694515217,0.007260261464018569,329.4768856674159,2.392130367287803,1.5042726994473848e-15
171.03897924067107,328.9856796808807,0.0072925960646202945,328.97693166845585,2.399138407679198,1.4138287642580063e-15
171.53897924067107,328.48579025036514,0.007325028990072053,328.4769776648247,2.406146418890647,1.320984428573334e-15
172.03897924067107,327.9859011615259,0.007357560689972272,327.9770236564985,2.4131544009512154,1.3371150678203965e-15
172.53897924067107,327.4860124159233,0.007390191616664162,327.4770696434532,2.4201623538901145,1.2406789796761798e-15
173.03897924067107,326.9861240151273,0.0074229222252566954,326.97711562566434,2.4271702777367063,1.5983876648593251e-15
173.53897924067107,326.4862359607173,0.007455752973645767,326.47716160310756,2.4341781725204994,1.213497523843329e-15
174.03897924067107,325.9863482542824,0.007488684322535562,325.97720757575803,2.4411860382711548,1.1114166650886222e-15
174.53897924067107,325.48646089742147,0.007521716735460113,325.47725354359096,2.4481938750184846,1.3619559472008822e-15
175.03897924067107,324.98657389174315,0.007554850678805059,324.9772995065813,2.4552016827924534,1.438688026522646e-15
175.53897924067107,324.486687238866,0.007588086621829602,324.47734546470383,2.4622094616231798,1.4564482556327711e-15
176.03897924067107,323.98680094041856,0.0076214250366886714,323.97739141793306,2.469217211540939,1.3515845607679688e-15
176.53897924067107,323.4869149980393,0.007654866398455293,323.4774373662435,2.476224932576162,1.554911199444182e-15
177.03897924067107,322.9870294133769,0.0076884111851431595,322.9774833096092,2.483232624759437,1.6371644907300357e-15
177.53897924067107,322.4871441880902,0.00772205987772942,322.4775292480044,2.490240288121513,1.6575020399519172e-15
178.03897924067107,321.9872593238483,0.007755812960177676,321.9775751814026,2.497247922693297,1.7426679273022623e-15
178.53897924067107,321.4873748223307,0.007789670919461192,321.47762110977754,2.5042555285058605,1.5683416928428696e-15
179.03897924067107,320.9874906852273,0.007823634245586325,320.9776670331028,2.511263105590436,1.8525694459066585e-15
179.53897924067107,320.48760691423854,0.007857703431616172,320.4777129513514,2.5182706539784214,1.6747576396171686e-15
180.03897924067107,319.98772351107533,0.007891878973694439,319.9777588644964,2.525278173701379,1.967043435722936e-15
180.53897924067107,319.48784047745943,0.007926161371069534,319.4778047725107,2.53228566479104,1.8543522515637407e-15
181.03897924067107,318.98795781512325,0.007960551126118888,318.9778506753668,2.539293127279301,1.7385594789368183e-15
181.53897924067107,318.48807552581013,0.007995048744373501,318.4778965730372,2.546300561198233,1.6195972586761222e-15
182.03897924067107,317.98819361127426,0.008029654734542728,317.97794246549404,2.553307966580073,1.640005452921063e-15
182.53897924067107,317.48831207328084,0.00806436960853928,317.4779883527093,2.560315343457233,1.805112847697202e-15
183.03897924067107,316.98843091360624,0.008099193881504492,316.9780342346548,2.5673226918622984,1.53546243698921e-15
183.53897924067107,316.48855013403795,0.008134128071833798,316.47808011130195,2.574330011828031,1.6289465099462385e-15
184.03897924067107,315.98866973637485,0.008169172701202472,315.97812598262226,2.581337303387367,1.5746222849303027e-15
184.53897924067107,315.48878972242704,0.008204328294591596,315.47817184858684,2.588344566573423,1.6705576916022371e-15
185.03897924067107,314.98891009401615,0.008239595380314291,314.9782177091665,2.5953518014194934,1.8456124369318947e-15
185.53897924067107,314.48903085297536,0.008274974490042188,314.4782635643319,2.6023590079590546,1.7133702192854285e-15
186.03897924067107,313.9891520011495,0.008310466158832151,313.9783094140535,2.609366186225766,1.6563645250892108e-15
186.53897924067107,313.48927354039506,0.008346070925153262,313.4783552583017,2.6163733362534707,1.517774224172595e-15
187.03897924067107,312.98939547258044,0.008381789330914057,312.97840109704623,2.623380458076196,1.699020797812428e-15
187.53897924067107,312.48951779958594,0.008417621921490034,312.478446930257,2.630387551728159,1.5569251701981864e-15
188.03897924067107,311.9896405233039,0.008453569245751412,311.9784927579036,2.637394617243763,1.5769263738668398e-15
188.53897924067107,311.4897636456386,0.008489631856091166,311.4785385799552,2.6444016546576017,1.513153424178878e-15
189.03897924067107,310.9898871685068,0.008525810308453334,310.978584396381,2.6514086640044625,1.7880983170608347e-15
189.53897924067107,310.4900110938373,0.008562105162361588,310.4786302071496,2.6584156453193235,1.4661948356723952e-15
190.03897924067107,309.99013542357153,0.008598516980948089,309.97867601222976,2.665422598637361,1.3104297408835756e-15
190.53897924067107,309.49026015966325,0.008635046330982618,309.4787218115897,2.6724295239939444,1.59288267116008e-15
191.03897924067107,308.9903853040789,0.008671693782901993,308.9787676051976,2.6794364214246422,1.8824718458082953e-15
191.53897924067107,308.49051085879773,0.008708459910839766,308.47881339302126,2.6864432909652254,1.5437080533696666e-15
192.03897924067107,307.9906368258116,0.00874534529265622,307.9788591750282,2.6934501326516624,1.6557889418605028e-15
192.53897924067107,307.4907632071253,0.008782350509968643,307.4789049511859,2.700456946520128,1.770563464604403e-15
193.03897924067107,306.99089000475686,0.00881947614818191,306.9789507214613,2.707463732607,1.6048759672780685e-15
193.53897924067107,306.4910172207372,0.008856722796519355,306.4789964858212,2.7144704909488637,1.6258683936172659e-15
194.03897924067107,305.9911448571106,0.00889409104805396,305.97904224423223,2.7214772215825125,1.259601081086608e-15
194.53897924067107,305.49127291593464,0.008931581499739834,305.47908799666067,2.728483924544949,1.5706238238365648e-15
195.03897924067107,304.99140139928033,0.008969194752444004,304.97913374307257,2.735490599873389,1.4918162504044677e-15
195.53897924067107,304.49153030923225,0.009006931410978533,304.4791794834336,2.7424972476052605,1.6122237521819123e-15
196.03897924067107,303.99165964788864,0.009044792084132936,303.9792252177093,2.7495038677782073,1.6334881381717569e-15
196.53897924067107,303.49178941736153,0.009082777384706928,303.47927094586487,2.7565104604300914,1.551627165260483e-15
197.03897924067107,302.99191961977687,0.009120887929543492,302.97931666786525,2.7635170255989925,1.467350072711743e-15
197.53897924067107,302.49205025727457,0.009159124339562277,302.47936238367504,2.7705235633232115,1.274400814015301e-15
198.03897924067107,301.9921813320087,0.009197487239793323,301.97940809325866,2.777530073641272,1.3989325480637716e-15
198.53897924067107,301.49231284614757,0.009235977259411127,301.4794537965802,2.7845365565919216,1.199455951580261e-15
199.03897924067107,300.99244480187383,0.009274595031769046,300.97949949360344,2.791543012214137,1.325930193126046e-15
199.53897924067107,300.4925772013846,0.009313341194434038,300.47954518429185,2.7985494405471205,1.343625034187019e-15
200.03897924067107,299.99271004689166,0.009352216389221759,299.9795908686088,2.8055558416303046,1.4750518382156519e-15
200.53897924067107,299.49284334062145,0.009391221262232007,299.47963654651704,2.8125622155033563,1.3223260581139435e-15
201.03897924067107,298.9929770848152,0.00943035646388452,298.97968221797925,2.8195685622061752,1.2235353678824496e-15
201.53897924067107,298.4931112817293,0.009469622648955138,298.4797278829578,2.826574881778898,1.5942530983862352e-15
202.03897924067107,297.99324593363497,0.00950902047661232,297.9797735414146,2.8335811742618993,1.3763453077269508e-15
202.53897924067107,297.49338104281884,0.009548550610454043,297.4798191933114,2.8405874396957937,1.5161964292150186e-15
203.03897924067107,296.99351661158283,0.009588213718545053,296.9798648386096,2.8475936781214393,1.475205255515902e-15
203.53897924067107,296.49365264224434,0.00962801047345452,296.4799104772704,2.8545998895799385,1.5574598417988773e-15
204.03897924067107,295.99378913713633,0.009667941552294045,295.9799561092543,2.8616060741126383,1.6417074187783123e-15
204.53897924067107,295.4939260986075,0.009708007636756078,295.480001734522,2.8686122317611367,1.4719930877476892e-15
205.03897924067107,294.9940635290225,0.009748209413152707,294.98004735303346,2.8756183625672818,1.556878386570894e-15
205.53897924067107,294.49420143076196,0.009788547572454854,294.4800929647485,2.882624466573174,1.4465773710280144e-15
206.03897924067107,293.99433980622257,0.009829022810331864,293.98013856962666,2.8896305438211707,1.5996163167963647e-15
206.53897924067107,293.49447865781735,0.009869635827191503,293.480184167627,2.896636594353884,1.4863563924300994e-15
207.03897924067107,292.99461798797574,0.009910387328220362,292.98022975870833,2.903642618214188,1.6436802402625807e-15
207.53897924067107,292.4947577991437,0.009951278023424678,292.48027534282915,2.910648615445217,1.9439276802173225e-15
208.03897924067107,291.99489809378395,0.00999230862767157,291.98032091994753,2.917654586090371,1.4779765509255277e-15
208.53897924067107,291.495038874376,0.010033479860730698,291.48036649002125,2.924660530193316,1.7123632495243789e-15
209.03897924067107,290.99518014341635,0.010074792447316362,290.9804120530078,2.9316664477979852,1.663639283692164e-15
209.53897924067107,290.4953219034186,0.010116247117130023,290.48045760886407,2.9386723389485847,1.6866157141927255e-15
210.03897924067107,289.9954641569136,0.010157844604903267,289.98050315754693,2.9456782036895928,1.6356045098787272e-15
210.53897924067107,289.4956069064497,0.010199585650441219,289.48054869901256,2.952684042065764,1.5828967878981242e-15
211.03897924067107,288.9957501545929,0.0102414709986664,288.9805942332171,2.959689854122132,1.7577181271849503e-15
211.53897924067107,288.4958939039266,0.010283501399663046,288.48063976011605,2.96669563990401,1.5497081877960672e-15
212.03897924067107,287.9960381570525,0.010325677608721882,287.9806852796647,2.9737013994569947,1.4927344275051906e-15
212.53897924067107,287.49618291659004,0.010368000386385369,287.48073079181796,2.9807071328269696,1.5135685036621796e-15
213.03897924067107,286.99632818517694,0.010410470498493418,286.9807762965302,2.987712840060105,1.5347306518321492e-15
213.53897924067107,286.4964739654693,0.010453088716229587,286.4808217937557,2.9947185212028624,1.7200399549595835e-15
214.03897924067107,285.99662026014164,0.01049585581616776,285.98086728344794,3.001724176301995,1.6611182011137124e-15
214.53897924067107,285.49676707188723,0.010538772580319315,285.4809127655604,3.0087298054045557,1.6002436259987278e-15
215.03897924067107,284.99691440341815,0.010581839796180789,284.98095824004594,3.0157354085578914,1.4519581227959595e-15
215.53897924067107,284.4970622574655,0.010625058256782048,284.48100370685717,3.0227409858096532,1.4724396129379878e-15
216.03897924067107,283.9972106367794,0.010668428760734962,283.98104916594616,3.0297465372077954,1.5810851291005557e-15
216.53897924067107,283.49735954412955,0.010711952112282591,283.48109461726466,3.0367520628005784,1.692549350605401e-15
217.03897924067107,282.99750898230496,0.010755629121348902,282.9811400607639,3.043757562636572,1.806897750464414e-15
217.53897924067107,282.4976589541144,0.010799460603589007,282.48118549639486,3.0507630367646574,1.6493119973352987e-15
218.03897924067107,281.99780946238644,0.010843447380439934,281.981230924108,3.057768485234032,1.5798537804685587e-15
218.53897924067107,281.4979605099697,0.01088759027917194,281.4812763438533,3.0647739080942102,1.885152958186994e-15
219.03897924067107,280.9981120997329,0.010931890132940374,280.98132175558044,3.071779305395026,1.62526862217581e-15
219.53897924067107,280.49826423456534,0.01097634778083809,280.4813671592385,3.0787846771866367,1.6485260963191933e-15
220.03897924067107,279.99841691737674,0.011020964067948426,279.98141255477634,3.085790023519529,1.3770721652708407e-15
220.53897924067107,279.4985701510976,0.011065739845398744,279.48145794214224,3.092795344444514,1.6961742586531375e-15
221.03897924067107,278.9987239386794,0.011110675970414553,278.98150332128404,3.099800640012739,1.5181575746315038e-15
221.53897924067107,278.4988782830946,0.01115577330637421,278.4815486921491,3.106805910275684,1.4373709890640877e-15
222.03897924067107,277.9990331873371,0.011201032722864207,277.9815940546844,3.1138111552851684,1.4581270460211351e-15
222.53897924067107,277.4991886544222,0.01124645509573507,277.4816394088365,3.1208163750933524,1.5848799175748586e-15
223.03897924067107,276.999344687387,0.011292041307157838,276.9816847545513,3.1278215697527414,1.5006597562054351e-15
223.53897924067107,276.4995012892904,0.011337792245681185,276.48173009177435,3.134826739316186,1.6311951473184816e-15
224.03897924067107,275.9996584632134,0.011383708806289132,275.9817754204508,3.1418318838368906,1.434266585550991e-15
224.53897924067107,275.4998162122593,0.01142979189045941,275.4818207405252,3.148837003368411,1.6790402243202326e-15
225.03897924067107,274.9999745395539,0.011476042406222443,274.98186605194167,3.155842097964661,1.703553988136316e-15
225.53897924067107,274.50013344824555,0.011522461268220993,274.4819113546438,3.162847167679915,1.6132401003083621e-15
226.03897924067107,274.00029294150573,0.011569049397770433,273.9819566485746,3.1698522125688107,1.636880257506625e-15
226.53897924067107,273.50045302252886,0.011615807722919702,273.4820019336769,3.1768572326863525,1.660911247686051e-15
227.03897924067107,273.00061369453266,0.011662737178512921,272.9820472098926,3.1838622280879156,1.80572171528768e-15
227.53897924067107,272.5007749607585,0.011709838706251682,272.48209247716335,3.19086719882925,1.4047863279387273e-15
228.03897924067107,272.0009368244714,0.011757113254758035,271.98213773543023,3.19787214496648,1.7974012715470503e-15
228.53897924067107,271.5010992889604,0.011804561779638156,271.4821829846338,3.204877066556114,1.7610896842002264e-15
229.03897924067107,271.0012623575386,0.011852185243546733,270.9822282247141,3.2118819636550424,1.787185761513448e-15
229.53897924067107,270.5014260335437,0.011899984616252053,270.4822734556105,3.2188868363205443,1.813718109710097e-15
230.03897924067107,270.0015903203378,0.011947960874701827,269.98231867726207,3.22589168461029,1.7749557504371837e-15
230.53897924067107,269.50175522130803,0.011996115003089723,269.48236388960714,3.2328965085823445,1.9348430038376083e-15
231.03897924067107,269.00192073986653,0.012044447992922667,268.9824090925835,3.2399013082951718,1.7605852199559596e-15
231.53897924067107,268.5020868794508,0.012092960843088878,268.48245428612853,3.2469060838076387,1.8556475195662513e-15
232.03897924067107,268.00225364352383,0.012141654559926668,267.9824994701788,3.2539108351790174,1.8136988559503278e-15
232.53897924067107,267.50242103557446,0.012190530157294016,267.48254464467055,3.260915562468991,1.7701256153053588e-15
233.03897924067107,267.00258905911755,0.01223958865663892,266.98258980953943,3.267920265737656,1.9404938544807877e-15
233.53897924067107,266.5027577176942,0.012288831087070535,266.4826349647202,3.2749249450455253,2.188600124461609e-15
234.03897924067107,266.00292701487206,0.012338258485431127,265.98268011014744,3.281929600453536,1.9254287125420676e-15
234.53897924067107,265.50309695424556,0.012387871896368826,265.4827252457548,3.2889342320230495,2.180084586816945e-15
235.03897924067107,265.00326753943614,0.012437672372411205,264.98277037147557,3.295938839815856,2.0605005147013575e-15
235.53897924067107,264.50343877409244,0.01248766097403969,264.48281548724225,3.30294342389418,1.8593717742857067e-15
236.03897924067107,264.0036106618908,0.01253783876976483,263.98286059298675,3.3099479843206843,1.7303587818876284e-15
236.53897924067107,263.50378320653516,0.012588206836202402,263.4829056886406,3.316952521158474,1.916442162479339e-15
237.03897924067107,263.0039564117577,0.012638766258150393,262.9829507741343,3.3239570344710994,1.9457151711698575e-15
237.53897924067107,262.5041302813188,0.012689518128666862,262.482995849398,3.330961524322561,1.893180440966631e-15
238.03897924067107,262.0043048190074,0.012740463549148694,261.983040914361,3.337965990777315,1.83863554753454e-15
238.53897924067107,261.50448002864147,0.01279160362941125,261.48308596895225,3.3449704339002753,1.9517415300754046e-15
239.03897924067107,261.00465591406794,0.012842939487768934,260.98313101309975,3.3519748537568206,1.8956204689587523e-15
239.53897924067107,260.50483247916327,0.012894472251116692,260.48317604673093,3.358979250412797,1.8373633077717454e-15
240.03897924067107,260.0050097278336,0.012946203055012444,259.9832210697726,3.3659836239345227,1.7769107682590335e-15
240.53897924067107,259.505187664015,0.012998133043760468,259.4832660821508,3.3729879743887916,1.894644310023132e-15
241.03897924067107,259.0053662916739,0.013050263370495755,258.98331108379097,3.3799923018428824,1.8324161238484585e-15
241.53897924067107,258.5055456148072,0.013102595197269338,258.4833560746178,3.3869966063645567,1.860899033065681e-15
242.03897924067107,258.00572563744265,0.013155129695134606,257.98340105455515,3.3940008880220676,1.795387359536012e-15
242.53897924067107,257.50590636363927,0.013207868044234633,257.48344602352637,3.401005146884164,1.9193730742277017e-15
243.03897924067107,257.00608779748745,0.013260811433890522,256.98349098145405,3.408009383020097,2.046853125317137e-15
243.53897924067107,256.5062699431094,0.013313961062690777,256.48353592826,3.4150135964996196,2.1779165941077513e-15
244.03897924067107,256.00645280465926,0.013367318138581724,255.98358086386517,3.422017787392997,2.0110042185355663e-15
244.53897924067107,255.50663638632378,0.013420883878958992,255.48362578819,3.429021955771009,2.2468981501457525e-15
245.03897924067107,255.00682069232224,0.013474659510760073,254.9836707011541,3.436026101704956,2.178567745420143e-15
245.53897924067107,254.507005726907,0.013528646270557963,254.4837156026762,3.443030225266663,2.1075905389353662e-15
246.03897924067107,254.00719149436378,0.013582845404655918,253.98376049267435,3.450034326528486,2.3550321976330023e-15
246.53897924067107,253.50737799901194,0.013637258169183318,253.48380537106584,3.4570384055633157,1.957393327235782e-15
247.03897924067107,253.00756524520483,0.013691885830192681,252.9838502377671,3.464042462444584,2.2094317148502105e-15
247.53897924067107,252.5077532373302,0.013746729663757819,252.48389509269379,3.47104649724627,2.1323711187444215e-15
248.03897924067107,252.00794197981043,0.013801790956073156,251.98393993576076,3.478050510042902,2.2233921688107354e-15
248.53897924067107,251.5081314771029,0.013857071003554244,251.48398476688206,3.485054500909568,2.0272415525980723e-15
249.03897924067107,251.0083217337004,0.01391257111293947,250.98402958597086,3.492058469921916,2.177403641278594e-15
249.53897924067107,250.50851275413146,0.013968292601392977,250.4840743929396,3.4990624171561646,2.152550342819686e-15
250.03897924067107,250.00870454296063,0.014024236796608825,249.9841191876997,3.5060663426891043,2.126406747743923e-15
250.53897924067107,249.5088971047889,0.014080405036916396,249.48416397016183,3.513070246598105,2.160666622427906e-15
251.03897924067107,249.0090904442541,0.01413679867138708,248.98420874023583,3.5200741289611237,2.1328192571358353e-15
251.53897924067107,248.5092845660312,0.01419341905994223,248.48425349783062,3.5270779898567066,2.2310671945625438e-15
252.03897924067107,248.0094794748327,0.014250267573462436,247.98429824285412,3.534081829363997,2.1376771962253244e-15
252.53897924067107,247.50967517540903,0.01430734559389811,247.4843429752135,3.541085647562742,2.1065700565904736e-15
253.03897924067107,247.00987167254894,0.014364654514381429,246.984387694815,3.548089444533298,2.0739562395700335e-15
253.53897924067107,246.51006897107985,0.014422195739339616,246.48443240156388,3.555093220356636,2.3117616663691277e-15
254.03897924067107,246.01026707586823,0.014479970684609619,245.9844770953645,3.562096975114347,2.487752810913389e-15
254.53897924067107,245.51046599182007,0.014537980777554187,245.48452177612023,3.569100708888652,2.036843692381774e-15
255.03897924067107,245.0106657238812,0.014596227457179357,244.98456644373357,3.576104421762405,2.1416593486058638e-15
255.53897924067107,244.51086627703776,0.014654712174253385,244.48461109810597,3.5831081138190997,2.1768792537488837e-15
256.0389792406711,244.01106765631656,0.014713436391427146,243.98465573913796,3.590111785142879,1.917718920854869e-15
256.5389792406711,243.51126986678554,0.014772401583355991,243.4847003667291,3.597115435818535,2.024363604893355e-15
257.0389792406711,243.01147291355414,0.014831609236823147,242.98474498077783,3.604119065931525,2.13407968243216e-15
257.5389792406711,242.5116768017738,0.014891060850864599,242.48478958118176,3.6111226755679704,2.0145058972529785e-15
258.0389792406711,242.0118815366383,0.014950757936895544,241.98483416783728,3.6181262648146664,2.2842866474620776e-15
258.5389792406711,241.51208712338425,0.015010702018838407,241.48487874063986,3.6251298337590896,2.082083934969823e-15
259.0389792406711,241.01229356729152,0.015070894633252445,240.98492329948385,3.6321333824894033,2.1168274105788005e-15
259.5389792406711,240.51250087368373,0.01513133732946497,240.48496784426263,3.6391369110944662,2.152224965799524e-15
260.0389792406711,240.01270904792867,0.015192031669704214,239.98501237486843,3.64614041966384,2.272455328900624e-15
260.5389792406711,239.5129180954387,0.015252979229233838,239.48505689119241,3.653143908287792,2.3106158618012744e-15
261.0389792406711,239.0131280216713,0.015314181596489158,238.9851013931246,3.66014737705731,2.2624808636431863e-15
261.5389792406711,238.51333883212948,0.015375640373215047,238.48514588055397,3.667150826064103,2.300635109731013e-15
262.0389792406711,238.01355053236236,0.0154373571746056,237.9851903533683,3.674154255400612,2.159552555431229e-15
262.5389792406711,237.51376312796552,0.015499333629445548,237.4852348114542,3.6811576651600184,2.287631465105163e-15
263.0389792406711,237.01397662458155,0.015561571380253464,236.98527925469728,3.688161055436248,2.0472821086287255e-15
263.5389792406711,236.51419102790055,0.015624072083426777,236.48532368298177,3.6951644263239825,2.176743767279066e-15
264.0389792406711,236.01440634366062,0.01568683740938864,235.98536809619085,3.7021677779186666,2.213845678455298e-15
264.5389792406711,235.5146225776484,0.015749869042736644,235.48541249420646,3.7091711103165133,2.153762743932768e-15
265.0389792406711,235.0148397356995,0.015813168682393457,234.9854568769093,3.7161744236145156,2.290205165862474e-15
265.5389792406711,234.51505782369912,0.01587673804175936,234.48550124417886,3.723177717910454,2.329493668078798e-15
266.0389792406711,234.0152768475825,0.01594057884886676,233.98554559589334,3.7301809933029024,2.2665189808072206e-15
266.5389792406711,233.5154968133355,0.01600469284653665,233.48558993192975,3.737184249891238,2.4103682677175186e-15
267.0389792406711,233.0157177269951,0.01606908179253714,232.9856342521638,3.7441874877756516,2.5585956959480284e-15
267.5389792406711,232.51593959464998,0.01613374745974395,232.48567855646982,3.7511907070571526,2.1690587622710627e-15
268.0389792406711,232.0161624224411,0.016198691636303067,231.98572284472093,3.7581939078375814,2.3170084897873697e-15
268.5389792406711,231.5163862165622,0.016263916125795412,231.48576711678885,3.7651970902196137,2.132775378527813e-15
269.0389792406711,231.0166109832604,0.016329422747403732,230.985811372544,3.7722002543067763,2.227027421412665e-15
269.5389792406711,230.51683672883672,0.016395213336081592,230.4858556118554,3.779203400203449,2.3821031785018948e-15
270.0389792406711,230.0170634596468,0.0164612897427246,229.98589983459073,3.7862065280148762,2.5420103304466392e-15
270.5389792406711,229.51729118210136,0.016527653834343875,229.48594404061623,3.7932096378471805,2.2256618606645207e-15
271.0389792406711,229.01751990266686,0.016594307494241747,228.9859882297968,3.8002127298073645,2.3259811578058534e-15
271.5389792406711,228.51774962786607,0.016661252622189808,228.48603240199571,3.8072158040033255,2.3046557309005867e-15
272.0389792406711,228.0179803642787,0.016728491134609266,227.98607655707502,3.814218860543867,2.472107539427359e-15
272.5389792406711,227.51821211854212,0.016796024964753683,227.48612069489516,3.821221899538701,2.128785276511917e-15
273.0389792406711,227.01844489735177,0.016863856062894138,226.98616481531516,3.8282249210984634,2.297830295054573e-15
273.5389792406711,226.51867870746202,0.01693198639650682,226.4862089181925,3.8352279253347246,2.405477465805224e-15
274.0389792406711,226.01891355568665,0.017000417950463118,225.98625300338307,3.842230912359996,2.380305461526295e-15
274.5389792406711,225.51914944889967,0.017069152727222234,225.48629707074127,3.849233882287744,2.145898841616194e-15
275.0389792406711,225.01938639403582,0.01713819274702636,224.98634112012,3.856236835232396,2.3252064320394954e-15
275.5389792406711,224.5196243980914,0.01720754004809846,224.4863851513704,3.8632397713093587,2.5820657573225388e-15
276.0389792406711,224.01986346812478,0.01727719668684269,223.98642916434213,3.870242690635017,2.409424004891031e-15
276.5389792406711,223.52010361125727,0.017347164738047507,223.48647315888317,3.877245593326757,2.5271443900630137e-15
277.0389792406711,223.0203448346737,0.017417446295091527,222.9865171348399,3.8842484795029675,2.724099174257533e-15
277.5389792406711,222.52058714562313,0.017488043470152117,222.4865610920569,3.8912513492830585,2.5422668492133794e-15
278.0389792406711,222.0208305514197,0.01755895839441682,221.98660503037715,3.898254202787468,2.5883648871802913e-15
278.5389792406711,221.52107505944318,0.017630193218297657,221.48664894964193,3.9052570401376716,2.4756844150267487e-15
279.0389792406711,221.02132067713984,0.01770175011164829,220.98669284969068,3.9122598614562025,2.5207806413605872e-15
279.5389792406711,220.52156741202313,0.01777363126398418,220.48673673036112,3.9192626668666524,2.4840035458089933e-15
280.0389792406711,220.02181527167448,0.017845838884705714,219.98678059148918,3.9262654564936916,2.6137747013035956e-15
280.5389792406711,219.52206426374408,0.017918375203324382,219.486824432909,3.933268230463076,2.5758537167215796e-15
281.0389792406711,219.0223143959516,0.017991242469692057,218.98686825445287,3.9402709889016654,2.6232081158673126e-15
281.5389792406711,218.52256567608705,0.018064442954233408,218.48691205595117,3.9472737319374276,2.4043902463788827e-15
282.0389792406711,218.0228181120115,0.0181379789481815,217.98695583723241,3.954276459699455,2.539493804153525e-15
282.5389792406711,217.52307171165796,0.018211852763816667,217.48699959812325,3.9612791723179805,2.4017551053208095e-15
283.0389792406711,217.02332648303224,0.018286066734708634,216.98704333844827,3.968281869924386,2.352231334915498e-15
283.5389792406711,216.52358243421367,0.01836062321596204,216.48708705803026,3.975284552651214,2.3001406646212933e-15
284.0389792406711,216.023839573356,0.018435524584465332,215.98713075668985,3.9822872206321884,2.733523971795064e-15
284.5389792406711,215.52409790868836,0.018510773239143123,215.4871744342458,3.9892898740022185,2.386802331307527e-15
285.0389792406711,215.02435744851596,0.018586371601212074,214.9872180905147,3.996292512897419,2.431507149757903e-15
285.5389792406711,214.52461820122105,0.01866232211444034,214.48726172531104,4.003295137455121,2.270726958157546e-15
286.0389792406711,214.02488017526383,0.018738627245410658,213.98730533844738,4.010297747813888,2.4186159521050317e-15
286.5389792406711,213.52514337918336,0.01881528948378711,213.487348929734,4.017300344113526,2.4642386156270886e-15
287.0389792406711,213.02540782159844,0.018892311342585642,212.987392498979,4.0243029264951025,2.4016656272078724e-15
287.5389792406711,212.5256735112086,0.01896969535844841,212.48743604598837,4.031305495100959,2.669655512864918e-15
288.0389792406711,212.02594045679498,0.019047444091921977,211.98747957056585,4.038308050074725,2.777048474536357e-15
288.5389792406711,211.52620866722137,0.01912556012773946,211.4875230725129,4.045310591561333,2.5989184420532447e-15
289.0389792406711,211.0264781514351,0.019204046075106694,210.98756655162873,4.052313119707035,2.64852978828404e-15
289.5389792406711,210.52674891846806,0.01928290456799244,210.48761000771017,4.059315634659417,2.6392272211093942e-15
290.0389792406711,210.02702097743773,0.019362138265422765,209.9876534405518,4.066318136567415,2.3841858645128513e-15
290.5389792406711,209.52729433754817,0.019441749851779582,209.48769684994573,4.073320625581329,2.7415697966054185e-15
291.0389792406711,209.027569008091,0.01952174203710353,208.9877402356816,4.080323101852839,2.9214295448674693e-15
291.5389792406711,208.5278449984466,0.01960211755740114,208.48778359754678,4.087325565535027,2.783664665781347e-15
292.0389792406711,208.02812231808497,0.01968287917495648,207.98782693532598,4.094328016782383,2.8375780035207046e-15
292.5389792406711,207.52840097656693,0.01976402967864724,207.48787024880147,4.101330455750832,3.094483628122759e-15
293.0389792406711,207.02868098354517,0.019845571884265452,206.98791353775295,4.108332882597742,2.948967772937071e-15
293.5389792406711,206.52896234876542,0.0199275086348428,206.4879568019575,4.115335297481951,2.866665021235968e-15
294.0389792406711,206.02924508206746,0.020009842800980702,205.9880000411896,4.122337700563773,2.851445044435846e-15
294.5389792406711,205.52952919338634,0.020092577281185183,205.48804325522107,4.129340092005026,2.8346670066926373e-15
295.0389792406711,205.0298146927535,0.02017571500220664,204.98808644382098,4.136342471969042,2.593931578594277e-15
295.5389792406711,204.53010159029796,0.020259258919384585,204.48812960675568,4.143344840620688,2.7206126048720812e-15
296.0389792406711,204.0303898962475,0.020343212016997438,203.98817274378868,4.1503471981263855,2.5431541323619777e-15
296.5389792406711,203.53067962092987,0.02042757730861749,203.4882158546808,4.157349544654131,2.593511184002847e-15
297.0389792406711,203.03097077477406,0.02051235783747108,202.98825893918985,4.164351880373507,2.4846906765442244e-15
297.5389792406711,202.53126336831141,0.02059755667680409,202.4883019970708,4.171354205455712,2.2071505805937305e-15
298.0389792406711,202.031557412177,0.020683176930252897,201.98834502807563,4.178356520073567,2.3345598325711113e-15
298.5389792406711,201.53185291711088,0.020769221732220778,201.48838803195338,4.185358824401548,2.4662952935001363e-15
299.0389792406711,201.03214989395937,0.02085569424825998,200.98843100845,4.192361118615797,2.3422452392836033e-15
299.5389792406711,200.5324483536764,0.02094259767545946,200.48847395730837,4.199363402894148,2.389326069340578e-15
300.0389792406711,200.03274830732477,0.021029935242838436,199.98851687826829,4.206365677416143,2.2569210240079824e-15
300.5389792406711,199.53304976607762,0.02111771021174585,199.48855977106626,4.213367942363057,2.2104161170464216e-15
301.0389792406711,199.03335274121974,0.021205925876265835,198.9886026354357,4.220370197917916,1.973287618702498e-15
301.5389792406711,198.53365724414897,0.021294585563629287,198.4886454711067,4.227372444265517,2.2051046100393545e-15
302.0389792406711,198.0339632863776,0.021383692634631694,197.988688277806,4.234374681592457,2.1521690569339495e-15
302.5389792406711,197.5342708795339,0.02147325048405726,197.48873105525706,4.2413769100871495,2.096271476895774e-15
303.0389792406711,197.03458003536343,0.021563262541109487,196.98877380317978,4.248379129939843,2.1391653367403357e-15
303.5389792406711,196.53489076573072,0.021653732269848337,196.48881652129074,4.2553813413426544,2.287004285723128e-15
304.0389792406711,196.0352030826206,0.02174466316963403,195.98885920930292,4.262383544489584,2.015763905168376e-15
304.5389792406711,195.53551699813983,0.02183605877557768,195.48890186692577,4.26938573957654,2.165611083512087e-15
305.0389792406711,195.03583252451858,0.02192792265899882,194.988944493865,4.276387926801364,2.2103834902151425e-15
305.5389792406711,194.53614967411212,0.022020258427889978,194.48898708982279,4.283390106363858,2.425415382218715e-15
306.0389792406711,194.03646845940233,0.022113069727388426,193.9890296544975,4.2903922784658,2.2455116066652714e-15
306.5389792406711,193.5367888929993,0.022206360240255213,193.48907218758373,4.297394443310979,2.292299910904211e-15
307.0389792406711,193.0371109876431,0.022300133687361647,192.9891146887721,4.304396601105211,2.340188269921345e-15
307.5389792406711,192.53743475620533,0.022394393828183323,192.48915715774953,4.311398752056372,2.2054204628885497e-15
308.0389792406711,192.03776021169088,0.022489144461301864,191.98919959419874,4.3184008963744205,2.189188306596463e-15
308.5389792406711,191.5380873672397,0.022584389424914503,191.4892419977986,4.325403034271425,2.107554343784671e-15
309.0389792406711,191.03841623612854,0.02268013259735164,190.9892843682238,4.332405165961589,2.2824767692784733e-15
309.5389792406711,190.5387468317726,0.022776377897602545,190.48932670514486,4.339407291661279,2.2641987979506906e-15
310.0389792406711,190.03907916772755,0.022873129285849343,189.9893690082281,4.346409411589053,2.0402255020271458e-15
310.5389792406711,189.5394132576912,0.022970390764009415,189.48941127713556,4.353411525965688,2.0836440875216887e-15
311.0389792406711,189.0397491155055,0.023068166376286402,188.9894535115249,4.360413635014209,2.1990421707813647e-15
311.5389792406711,188.5400867551583,0.023166460209729966,188.48949571104941,4.367415738959917,1.8838188357445405e-15
312.0389792406711,188.04042619078547,0.023265276394804437,187.9895378753577,4.374417838030414,1.8502234872934976e-15
312.5389792406711,187.5407674366726,0.023364619105966558,187.4895800040941,4.3814199324556435,1.9656243522235175e-15
313.0389792406711,187.0411105072573,0.023464492562252474,186.98962209689807,4.3884220224679105,1.8535578479720935e-15
313.5389792406711,186.5414554171309,0.02356490102787413,186.48966415340448,4.395424108301919,2.1303514569264225e-15
314.0389792406711,186.04180218104077,0.02366584881282527,185.98970617324332,4.402426190194795,2.095937985481101e-15
314.5389792406711,185.54215081389228,0.023767340273497212,185.4897481560399,4.4094282683861294,2.059149161619633e-15
315.0389792406711,185.04250133075092,0.023869379813304604,184.98979010141434,4.416430343117999,1.9357248203864568e-15
315.5389792406711,184.5428537468445,0.02397197188332128,184.48983200898198,4.423432414635006,2.2360551813524606e-15
316.0389792406711,184.04320807756525,0.02407512098292651,183.98987387835285,4.4304344831843085,2.197192476400573e-15
316.5389792406711,183.54356433847224,0.024178831660461766,183.48991570913196,4.437436549015655,2.335318104485071e-15
317.0389792406711,183.0439225452934,0.024283108513898224,182.98995750091902,4.444438612381418,2.2950023157397046e-15
317.5389792406711,182.54428271392806,0.024387956191515212,182.48999925330833,4.451440673536632,2.3457380230537485e-15
318.0389792406711,182.044644860449,0.024493379392589828,181.99004096588882,4.458442732739019,2.301829863633311e-15
318.5389792406711,181.54500900110514,0.0245993828680979,181.49008263824385,4.465444790249035,2.4510417564397664e-15
319.0389792406711,181.04537515232371,0.024705971421426564,180.99012426995122,4.472446846329904,2.4054539841649905e-15
319.5389792406711,180.54574333071284,0.024813149909098633,180.49016586058298,4.4794489012476495,2.2542918223234066e-15
320.0389792406711,180.046113553064,0.024920923241509012,179.9902074097054,4.4864509552711365,1.9905329834843445e-15
320.5389792406711,179.54648583635455,0.025029296383673398,179.49024891687884,4.493453008672112,2.0352817024522285e-15
321.0389792406711,179.0468601977503,0.025138274355989483,178.99029038165767,4.500455061725234,2.3002357468178543e-15
321.5389792406711,178.54723665460818,0.025247862235010923,178.4903318035902,4.507457114708124,2.2402284189200826e-15
322.0389792406711,178.04761522447888,0.02535806515423431,177.99037318221858,4.514459167901397,2.462846234061543e-15
322.5389792406711,177.5479959251095,0.025468888304899406,177.49041451707853,4.521461221588705,2.1673773414902476e-15
323.0389792406711,177.0483787744464,0.025580336936802936,176.99045580769956,4.5284632760567805,2.3965381333479013e-15
323.5389792406711,176.54876379063796,0.02569241635912612,176.49049705360449,4.535465331595472,2.512623965064314e-15
324.0389792406711,176.04915099203743,0.02580513194127632,175.99053825430966,4.542467388497798,2.4448680999240557e-15
324.5389792406711,175.5495403972058,0.025918489113743,175.49057940932457,4.549469447059976,2.436967095002429e-15
325.0389792406711,175.0499320249148,0.026032493368968356,174.99062051815204,4.55647150758148,2.5587869801607033e-15
325.5389792406711,174.55032589414986,0.026147150262232827,174.49066158028774,4.563473570365074,2.6179778315441676e-15
326.0389792406711,174.05072202411324,0.026262465412555867,173.99070259522045,4.5704756357168685,2.6787139244714444e-15
326.5389792406711,173.55112043422696,0.026378444503612226,173.49074356243167,4.577477703946353,2.6004740504390574e-15
327.0389792406711,173.0515211441361,0.026495093284664085,172.99078448139554,4.584479775366456,2.4453873209121474e-15
327.5389792406711,172.551924173712,0.02661241757150936,172.49082535157885,4.591481850293587,2.429011945917438e-15
328.0389792406711,172.05232954305544,0.02673042324744648,171.99086617244078,4.59848392904768,2.636695195043507e-15
328.5389792406711,171.55273727250002,0.02684911626425601,171.4909069434328,4.605486011952257,2.467444566040021e-15
329.0389792406711,171.05314738261558,0.02696850264319943,170.99094766399858,4.6124880993344615,2.6835607241415367e-15
329.5389792406711,170.55355989421153,0.027088588476035454,170.49098833357382,4.619490191525119,2.423921560865768e-15
330.0389792406711,170.05397482834044,0.027209379926054215,169.9910289515861,4.626492288858789,2.6469270335102495e-15
330.5389792406711,169.55439220630157,0.0273308832291297,169.49106951745472,4.633494391673814,2.7099839328969907e-15
331.0389792406711,169.05481204964445,0.027453104694790828,168.99111003059065,4.640496500312374,2.6013151975220797e-15
331.5389792406711,168.55523438017264,0.02757605070731151,168.49115049039634,4.6474986151205435,2.5748689186438954e-15
332.0389792406711,168.05565921994744,0.02769972772682014,167.99119089626546,4.654500736448344,2.5458403152045385e-15
332.5389792406711,167.55608659129172,0.02782414229042889,167.49123124758296,4.6615028646497985,2.327876400168535e-15
333.0389792406711,167.05651651679375,0.027949301013383217,166.99127154372465,4.668505000082995,2.288805528068159e-15
333.5389792406711,166.55694901931128,0.028075210590232044,166.4913117840573,4.675507143110139,2.344324813814593e-15
334.0389792406711,166.05738412197545,0.02820187779601898,165.99135196793836,4.682509294097617,2.5014209112383714e-15
334.5389792406711,165.55782184819495,0.028329309487495107,165.49139209471574,4.689511453416053,2.562468427569122e-15
335.0389792406711,165.05826222166016,0.028457512604353724,164.99143216372767,4.69651362144037,2.6251975017893497e-15
335.5389792406711,164.5587052663474,0.028586494170487545,164.49147217430266,4.703515798549857,2.366900587629465e-15
336.0389792406711,164.0591510065233,0.028716261295268813,163.99151212575913,4.7105179851282255,2.535435885921346e-15
336.5389792406711,163.55959946674918,0.02884682117485283,163.49155201740533,4.717520181563679,2.3156792846859118e-15
337.0389792406711,163.06005067188548,0.0289781810935054,162.9915918485392,4.724522388248978,2.488830105298209e-15
337.5389792406711,162.56050464709642,0.029110348424954708,162.49163161844808,4.731524605581505,2.372748552900833e-15
338.0389792406711,162.06096141785457,0.029243330633768123,161.9916713264085,4.73852683396333,2.492719443484136e-15
338.5389792406711,161.56142100994566,0.02937713527675452,161.49171097168616,4.745529073801288,2.4304408791599222e-15
339.0389792406711,161.0618834494733,0.029511770004392625,160.9917505535355,4.7525313255070385,2.491433308439276e-15
339.5389792406711,160.56234876286402,0.02964724256228598,160.4917900711997,4.7595335894971464,2.1612067026201148e-15
340.0389792406711,160.06281697687217,0.029783560792645082,159.9918295239103,4.766535866193148,2.2157855304245978e-15
340.5389792406711,159.5632881185851,0.02992073263579732,159.49186891088715,4.773538156021629,2.2030740572850024e-15
341.0389792406711,159.06376221542828,0.030058766131725284,158.99190823133804,4.780540459414298,2.1884683974987285e-15
341.5389792406711,158.56423929517064,0.030197669421634103,158.49194748445856,4.787542776808064,2.099473499073469e-15
342.0389792406711,158.06471938592992,0.030337450749548432,157.99198666943187,4.7945451086451145,2.2274195599389133e-15
342.5389792406711,157.5652025161782,0.03047811846393975,157.49202578542844,4.801547455372991,1.9799639244798693e-15
343.0389792406711,157.06568871474752,0.030619681019384646,156.9920648316058,4.808549817444678,2.030932233204446e-15
343.5389792406711,156.56617801083547,0.030762146978254766,156.49210380710838,4.815552195318678,2.1635115889353123e-15
344.0389792406711,156.06667043401112,0.030905525012439164,155.9921427110671,4.822554589459097,2.2195659294156046e-15
344.5389792406711,155.56716601422087,0.031049823905099742,155.49218154259933,4.829557000335732,2.192916677805772e-15
345.0389792406711,155.06766478179455,0.031195052552460543,154.9922203008084,4.836559428424155,2.250103676583805e-15
345.5389792406711,154.56816676745152,0.03134121996563167,154.49225898478358,4.843561874205804,2.3089740963591255e-15
346.0389792406711,154.06867200230693,0.03148833527246859,153.99229759359955,4.85056433816807,2.369583177579311e-15
346.5389792406711,153.56918051787815,0.03163640771946765,153.4923361263163,4.857566820804389,1.9642981300392805e-15
347.0389792406711,153.0696923460913,0.03178544667369863,152.99237458197882,4.864569322614339,2.3042292618065582e-15
347.5389792406711,152.57020751928783,0.03193546162477512,152.49241295961676,4.871571844103731,2.168206004493209e-15
348.0389792406711,152.07072607023136,0.032086462186863715,151.9924512582441,4.878574385784706,2.32705386087941e-15
348.5389792406711,151.57124803211454,0.03223845810073277,151.49248947685902,4.885576948175834,2.389157269418414e-15
349.0389792406711,151.07177343856608,0.03239145923584173,150.99252761444333,4.892579531802218,2.1331579534168233e-15
349.5389792406711,150.57230232365802,0.03254547559247197,150.4925656699624,4.899582137195586,2.4095163574929993e-15
350.0389792406711,150.07283472191295,0.03270051730390003,149.99260364236468,4.906584764894409,2.2495191133098356e-15
350.5389792406711,149.57337066831155,0.032856594638614324,149.4926415305814,4.913587415443994,1.9638109456692377e-15
351.0389792406711,149.07391019830015,0.0330137180025763,148.9926793335263,4.920590089396599,2.076436685004969e-15
351.5389792406711,148.57445334779857,0.03317189794152707,148.4927170500951,4.927592787311543,2.1939267581657753e-15
352.0389792406711,148.07500015320795,0.03333114514334065,147.99275467916542,4.934595509755313,2.00344731644709e-15
352.5389792406711,147.57555065141892,0.033491470440424824,147.49279221959608,4.941598257301685,1.736759365987738e-15
353.0389792406711,147.07610487981987,0.03365288481217082,146.99282967022708,4.948601030531833,1.9167333596876388e-15
353.5389792406711,146.57666287630522,0.03381539938745293,146.4928670298789,4.955603830034452,1.9696527697510673e-15
354.0389792406711,146.07722467928423,0.03397902544717931,145.99290429735234,4.96260665640588,1.954420901203677e-15
354.5389792406711,145.57779032768954,0.034143774426895125,145.49294147142797,4.969609510250211,2.080497313153706e-15
355.0389792406711,145.07835986098627,0.03430965791943931,144.99297855086584,4.976612392179438,1.843568348511174e-15
355.5389792406711,144.57893331918106,0.03447668767765629,144.49301553440486,4.983615302813561,1.8193732715565453e-15
356.0389792406711,144.07951074283145,0.03464487561716391,143.99305242076267,4.990618242780729,2.1042978507920143e-15
356.5389792406711,143.58009217305533,0.034814233819179016,143.49308920863493,4.997621212717374,1.9232219221264903e-15
357.0389792406711,143.0806776515407,0.03498477453340203,142.993125896695,5.004624213268336,1.7304310062638017e-15
357.5389792406711,142.58126722055553,0.03515651018096198,142.49316248359347,5.011627245087009,2.0337870903715152e-15
358.0389792406711,142.08186092295787,0.03532945335742352,141.99319896795754,5.018630308835479,2.004583007637508e-15
358.5389792406711,141.58245880220625,0.03550361683585732,141.49323534839084,5.0256334051846645,1.9722586348436163e-15
359.0389792406711,141.08306090237016,0.03567901356997561,140.99327162347265,5.032636534814469,2.1210812922446807e-15
359.5389792406711,140.58366726814083,0.03585565669733426,140.49330779175747,5.0396396984139225,1.992419052301992e-15
360.0389792406711,140.08427794484223,0.036033559542603226,139.99334385177457,5.046642896681334,2.245251895833409e-15
360.5389792406711,139.58489297844227,0.036212735620907,139.4933798020273,5.053646130324452,2.1094858586555028e-15
361.0389792406711,139.08551241556438,0.03639319864123679,138.9934156409928,5.060649400060617,2.4810368369434878e-15
361.5389792406711,138.58613630349907,0.03657496250993625,138.4934513671211,5.067652706616921,2.1279503572188974e-15
362.0389792406711,138.08676469021603,0.0367580413342627,137.9934869788349,5.074656050730375,2.0808454463397855e-15
362.5389792406711,137.58739762437628,0.036942449426025606,137.49352247452867,5.081659433148075,1.972988376575217e-15
363.0389792406711,137.08803515534467,0.03712820130530437,136.9935578525682,5.088662854627369,1.9732472728645973e-15
363.5389792406711,136.58867733320267,0.037315311704247435,136.49359311128998,5.095666315936039,1.79273522312823e-15
364.0389792406711,136.0893242087614,0.03750379557095479,135.99362824900052,5.102669817852467,1.8460989769859174e-15
364.5389792406711,135.58997583357498,0.03769366807344599,135.4936632639757,5.109673361165825,1.647755513211326e-15
365.0389792406711,135.09063225995408,0.037884944603715956,134.99369815446016,5.1166769466762565,1.8277229625386805e-15
365.5389792406711,134.5912935409799,0.03807764078188073,134.49373291866647,5.123680575195061,1.8827421282338413e-15
366.0389792406711,134.09195973051843,0.03827177246041561,133.99376755477462,5.130684247544892,1.8010863824003544e-15
366.5389792406711,133.59263088323485,0.03846735572848805,133.49380206093107,5.137687964559945,1.8557146543529265e-15
367.0389792406711,133.0933070546086,0.038664406916387756,132.9938364352483,5.14469172708617,1.985760636102346e-15
367.5389792406711,132.59398830094844,0.03886294260005659,132.49387067580372,5.151695535981458,1.81906681863149e-15
368.0389792406711,132.09467467940803,0.03906297960572089,131.99390478063913,5.158699392115862,1.71863530707466e-15
368.5389792406711,131.59536624800185,0.03926453501462889,131.49393874775976,5.165703296371806,2.174193459427096e-15
369.0389792406711,131.09606306562145,0.039467626167896105,130.99397257513368,5.1727072496443025,1.99236610474299e-15
369.5389792406711,130.596765192052,0.039672270671461424,130.4940062606906,5.179711252841164,1.8830183700938333e-15
370.0389792406711,130.09747268798944,0.03987848640115705,129.9940398023213,5.186715306883244,2.1182048930060005e-15
370.5389792406711,129.5981856150577,0.04008629150789517,129.49407319787667,5.1937194127046515,2.0024215974892277e-15
371.0389792406711,129.09890403582665,0.04029570442297467,128.9941064451667,5.200723571253,2.2530553244546597e-15
371.5389792406711,128.5996280138302,0.040506743863510934,128.49413954195956,5.207727783489639,2.0335728814345766e-15
372.0389792406711,128.10035761358495,0.04071942883799233,127.99417248598073,5.214732050389896,2.0979350358837743e-15
372.5389792406711,127.60109290060927,0.04093377865196659,127.494205274912,5.221736372943337,2.061521650205373e-15
373.0389792406711,127.10183394144282,0.041149812913860814,126.99423790639034,5.228740752154008,1.9145594437175336e-15
373.5389792406711,126.60258080366644,0.041367551540938685,126.49427037800696,5.235745189040711,2.0856531980983416e-15
374.0389792406711,126.10333355592263,0.0415870147653987,125.99430268730615,5.242749684637252,1.9261215174517812e-15
374.5389792406711,125.60409226793647,0.041808223140617336,125.49433483178424,5.249754239992727,2.10527136198064e-15
375.0389792406711,125.10485701053696,0.042031197547541164,124.99436680888846,5.256758856171795,2.113145611946995e-15
375.5389792406711,124.60562785567906,0.042255959201232075,124.49439861601577,5.2637635342549585,2.1819291363600866e-15
376.0389792406711,124.10640487646602,0.042482529657569906,123.99443025051161,5.27076827533885,2.0601064190158733e-15
376.5389792406711,123.60718814717238,0.04271093082011692,123.49446170966873,5.277773080536534,2.327186085290802e-15
377.0389792406711,123.10797774326757,0.04294118494714867,122.99449299072589,5.284777950977807,1.854415230594598e-15
377.5389792406711,122.60877374143993,0.043173314658856016,122.49452409086659,5.291782887809499,1.915774388322745e-15
378.0389792406711,122.10957621962146,0.04340734294472309,121.99455500721768,5.298787892195798,2.126050919975957e-15
378.5389792406711,121.61038525701306,0.04364329317108639,121.49458573684802,5.305792965318562,1.9697097527583696e-15
379.0389792406711,121.11120093411049,0.04388118908887997,120.99461627676706,5.3127981083776525,1.957405271060102e-15
379.5389792406711,120.61202333273084,0.04412105484157237,120.49464662392332,5.319803322591264,2.1851209588422982e-15
380.0389792406711,120.11285253603985,0.04436291497330061,119.99467677520302,5.326808609196277,2.2589470978555225e-15
380.5389792406711,119.61368862857968,0.04460679443720709,119.49470672742841,5.333813969448597,2.162583974970109e-15
381.0389792406711,119.1145316962975,0.04485271860398526,118.99473647735626,5.340819404623517,2.4151716917335375e-15
381.5389792406711,118.61538182657483,0.04510071327064026,118.49476602167616,5.347824916016083,2.405303989234368e-15
382.0389792406711,118.11623910825747,0.045350804669470765,117.99479535700887,5.354830504941462,2.4879632824542576e-15
382.5389792406711,117.61710363168635,0.04560301947727862,117.49482447990461,5.361836172735333,2.375844387011619e-15
383.0389792406711,117.11797548872903,0.04585738482481304,116.99485338684127,5.368841920754267,2.4581975707417206e-15
383.5389792406711,116.61885477281209,0.046113928306456296,116.49488207422252,5.37584775037613,2.543775457031645e-15
384.0389792406711,116.11974157895429,0.046372677990158234,115.99491053837598,5.382853663000491,2.523022295698998e-15
384.5389792406711,115.62063600380061,0.04663366242762696,115.49493877555125,5.389859660049033,2.498077651242799e-15
385.0389792406711,115.12153814565715,0.046896910664783555,114.99496678191787,5.396865742965982,2.174752382403325e-15
385.5389792406711,114.62244810452695,0.04716245225248873,114.49499455356336,5.403871913218545,2.312660669451728e-15
386.0389792406711,114.1233659821467,0.04743031725754977,113.99502208649092,5.410878172297344,2.4579843440869927e-15
386.5389792406711,113.62429188202442,0.04770053627401629,113.4950493766174,5.4178845217168785,2.6111223348935985e-15
387.0389792406711,113.12522590947825,0.04797314043477366,112.99507641977094,5.424890963015988,2.6372522794420793e-15
387.5389792406711,112.62616817167599,0.04824816142344336,112.49510321168867,5.431897497758327,2.66230749758243e-15
388.0389792406711,112.12711877767597,0.0485256314865997,111.99512974801432,5.4389041275328465,2.6861619817670018e-15
388.5389792406711,111.62807783846883,0.048805583446312736,111.49515602429568,5.445910853954292,2.934403611293254e-15
389.0389792406711,111.12904546702045,0.049088050713027694,110.99518203598214,5.452917678663714,2.7297167154251723e-15
389.5389792406711,110.63002177831606,0.049373067298791276,110.495207778422,5.459924603328981,2.991683873093587e-15
390.0389792406711,110.13100688940553,0.04966066783083599,109.99523324685971,5.466931629645315,2.6828671921948846e-15
390.5389792406711,109.63200091944981,0.04995088756553368,109.49525843643315,5.47393875933583,2.608417401062604e-15
391.0389792406711,109.13300398976875,0.05024376240273011,108.99528334217068,5.480945994152084,2.7957364641716028e-15
391.5389792406711,108.63401622389016,0.05053932890047271,108.49530795898822,5.487953335874656,2.619654356384842e-15
392.0389792406711,108.13503774760015,0.050837624290144164,107.99533228168606,5.494960786313715,2.8151968759542592e-15
392.5389792406711,107.636068688995,0.05113868649201486,107.4953563049458,5.50196834730962,2.8207700212558475e-15
393.0389792406711,107.1371091785343,0.05144255413122787,106.995380023327,5.50897602073352,2.927799277292989e-15
393.5389792406711,106.6381593490957,0.051749266554230414,106.49540343126377,5.515983808487983,2.822316241848908e-15
394.0389792406711,106.1392193360311,0.05205886384566653,105.99542652306131,5.522991712507619,2.8177180710269887e-15
394.5389792406711,105.64028927722445,0.052371386845746,105.49544929289236,5.529999734759744,2.9846936790855147e-15
395.0389792406711,105.14136931315117,0.05268687716810535,104.99547173479327,5.537007877245025,3.039339603638552e-15
395.5389792406711,104.64245958693925,0.0530053772181771,104.4954938426604,5.544016141998177,3.031156840541794e-15
396.0389792406711,104.14356024443208,0.05332693021208437,103.99551561024593,5.551024531088645,2.8214517522648987e-15
396.5389792406711,103.64467143425306,0.05365158019607826,103.49553703115384,5.558033046621318,2.7957918828106152e-15
397.0389792406711,103.14579330787208,0.05397937206653638,102.99555809883563,5.56504169073726,2.764286000928935e-15
397.5389792406711,102.64692601967394,0.0543103515905414,102.49557880658591,5.572050465614443,2.9475222564313623e-15
398.0389792406711,102.14806972702868,0.054644565427059436,101.99559914753787,5.579059373468517,2.9882888912716407e-15
398.5389792406711,101.64922459036403,0.054982061148738555,101.4956191146586,5.5860684165535845,2.948516108292437e-15
399.0389792406711,101.15039077323989,0.05532288726434883,100.99563870074414,5.593077597162993,2.901331668415119e-15
399.5389792406711,100.6515684424251,0.055667093241885936,100.49565789841455,5.6000869176301515,2.932380836508944e-15
400.0389792406711,100.1527577679764,0.05601472953236133,99.99567670010866,5.607096380329363,2.872029906824033e-15
400.5389792406711,99.65395892331973,0.056365847594302805,99.49569509807864,5.614105987676675,2.7090732663975447e-15
401.0389792406711,99.15517208533406,0.05672049991899038,98.99571308438452,5.621115742130753,2.62577432958805e-15
401.5389792406711,98.65639743443751,0.05707874005645319,98.49573065088833,5.628125646193765,2.63284834326262e-15
402.0389792406711,98.1576351546763,0.05744062264225447,97.9957477892482,5.6351357024123,3.058427716738436e-15
402.5389792406711,97.65888543381625,0.0578062034250923,97.4957644909121,5.642145913378298,2.636628582627567e-15
403.0389792406711,97.1601484634371,0.058175539295245535,96.99578074711152,5.649156281730002,2.8043483889864678e-15
403.5389792406711,96.66142443902967,0.05854868831389489,96.49579654885474,5.656166810152933,2.862838787994536e-15
404.0389792406711,96.16271356009611,0.05892570974335098,95.99581188692008,5.663177501380892,2.7975669024418724e-15
404.5389792406711,95.6640160302531,0.05930666407822195,95.49582675184864,5.670188358196975,2.7222190401278188e-15
405.0389792406711,95.16533205733835,0.059691613077555015,94.99584113393702,5.67719938343462,2.5683703617693482e-15
405.5389792406711,94.6666618535204,0.06008061979798745,94.49585502322962,5.68421057997867,2.396893279013872e-15
406.0389792406711,94.16800563541182,0.06047374862794422,93.99586840951078,5.6912219507664705,2.5741272013100783e-15
406.5389792406711,93.66936362418603,0.06087106532292087,93.49588128229641,5.698233498788982,2.5325938359971226e-15
407.0389792406711,93.1707360456978,0.061272637041892064,92.99589363082562,5.705245227091916,2.8035467016965603e-15
407.5389792406711,92.67212313060752,0.06167853238488773,92.49590544405181,5.712257138776911,2.6759464673208003e-15
408.0389792406711,92.17352511450959,0.06208882143178071,91.99591671063344,5.719269237002719,2.7069325890456186e-15
408.5389792406711,91.67494223806477,0.06250357578233169,91.49592741892457,5.726281524986427,2.553664129689681e-15
409.0389792406711,91.17637474713695,0.06292286859753896,90.99593755696495,5.733294006004701,2.6678202675658565e-15
409.5389792406711,90.67782289293424,0.06334677464234295,90.49594711246974,5.740306683395057,2.787746438685822e-15
410.0389792406711,90.17928693215485,0.0637753703297375,89.99595607281891,5.747319560557174,2.9137683255166135e-15
410.5389792406711,89.68076712713751,0.0642087337663419,89.4959644250461,5.75433264095421,2.61105594273307e-15
411.0389792406711,89.18226374601711,0.06464694479949067,88.99597215582715,5.761345928114167,2.55978078740523e-15
411.5389792406711,88.68377706288534,0.06509008506589999,88.49597925146814,5.768359425631277,2.7369822495734307e-15
412.0389792406711,88.18530735795677,0.06553823804197273,87.995985697893,5.775373137167422,2.9258069908339536e-15
412.5389792406711,87.68685491774052,0.06599148909580664,87.49599148063062,5.782387066453579,2.7361618479616027e-15
413.0389792406711,87.18842003521765,0.06644992554097312,86.99599658480135,5.789401217291295,3.0687530995104454e-15
413.5389792406711,86.69000301002467,0.06691363669213736,86.49600099510316,5.7964155935542,2.927546298607522e-15
414.0389792406711,86.19160414864322,0.06738271392259344,85.99600469579704,5.803430199189545,2.5426357507153977e-15
414.5389792406711,85.69322376459638,0.06785725072379176,85.49600767069192,5.810445038219766,2.74204607066791e-15
415.0389792406711,85.19486217865165,0.06833734276693941,84.99600990312905,5.817460114744093,2.5449975191723636e-15
415.5389792406711,84.69651971903103,0.06882308796675823,84.49601137596548,5.824475432940182,2.581575024364188e-15
416.0389792406711,84.19819672162845,0.0693145865474888,83.99601207155722,5.831490997065771,2.7067168450991804e-15
416.5389792406711,83.69989353023482,0.06981194111123316,83.49601197174135,5.838506811460387,2.7440960259438406e-15
417.0389792406711,83.20161049677104,0.07031525670873326,82.99601105781771,5.84552288054707,2.6802043359682574e-15
417.5389792406711,82.70334798152929,0.07082464091268673,82.49600931052959,5.852539208834126,2.7083506076315688e-15
418.0389792406711,82.20510635342296,0.07134020389370656,81.99600671004364,5.859555800916933,2.733537220031383e-15
418.5389792406711,81.70688599024557,0.07186205849903624,81.4960032359291,5.866572661479744,2.9849656855355423e-15
419.0389792406711,81.20868727893902,0.07239032033413746,80.99599886713595,5.8735897952975575,2.954215689478229e-15
419.5389792406711,80.71051061587167,0.07292510784727313,80.49599358197223,5.880607207237983,2.7870168704684227e-15
420.0389792406711,80.21235640712653,0.07346654241721441,79.99598735808031,5.887624902263168,2.862387700155486e-15
420.5389792406711,79.71422506880015,0.07401474844420693,79.4959801724122,5.894642885431732,2.5892185767476568e-15
421.0389792406711,79.2161170273125,0.07456985344433796,78.99597200120385,5.90166116190074,2.722771965943489e-15
421.5389792406711,78.7180327197285,0.07513198814745353,78.49596281994805,5.908679736927688,2.5544846626721145e-15
422.0389792406711,78.2199725940915,0.07570128659878168,77.99595260336648,5.915698615872547,2.932315203632496e-15
422.5389792406711,77.7219371097695,0.07627788626442626,77.49594132538026,5.922717804199783,3.000790799713805e-15
423.0389792406711,77.22392673781434,0.0768619281409039,76.99592895907932,5.929737307480448,2.888814773594745e-15
423.5389792406711,76.72594196133481,0.07745355686890543,76.49591547669037,5.936757131394252,2.947662758849095e-15
424.0389792406711,76.22798327588399,0.07805292085147283,75.99590084954332,5.943777281731686,3.0055913583366013e-15
424.5389792406711,75.73005118986157,0.07866017237679208,75.49588504803631,5.950797764396132,3.0622972279792837e-15
425.0389792406711,75.232146224932,0.07927546774581323,74.99586804159907,5.9578185854060095,3.1174396447783826e-15
425.5389792406711,74.73426891645884,0.07989896740491985,74.4958497986546,5.964839750896914,2.8770589914490003e-15
426.0389792406711,74.2364198139564,0.08053083608388181,73.99583028657902,5.971861267123775,3.159508346689642e-15
426.5389792406711,73.73859948155923,0.08117124293933782,73.49580947165964,5.978883140463011,2.8770981628182956e-15
427.0389792406711,73.24080849851045,0.08182036170406712,72.99578731905093,5.985905377414673,3.106885883094678e-15
427.5389792406711,72.74304745966965,0.08247837084232407,72.49576379272857,5.992927984604597,3.1358282396981028e-15
428.0389792406711,72.24531697604151,0.08314545371152385,71.99573885544108,5.999950968786533,3.0823165139904393e-15
428.5389792406711,71.74761767532578,0.08382179873058342,71.49571246865938,6.006974336844254,3.2581815761483e-15
429.0389792406711,71.24995020249007,0.08450759955523847,70.99568459252369,6.013998095793641,3.35926935066943e-15
429.5389792406711,70.75231522036607,0.08520305526067502,70.49565518578798,6.021022252784734,3.0980844205946923e-15
430.0389792406711,70.25471341027082,0.08590837053183284,69.99562420576164,6.0280468151037345,3.278678945210939e-15
430.5389792406711,69.75714547265387,0.08662375586175822,69.49559160824829,6.035071790174965,3.0628152994010838e-15
431.0389792406711,69.25961212777179,0.08734942775840479,68.9955573474815,6.0420971855627545,3.027704931047343e-15
431.5389792406711,68.76211411639129,0.08808560896030365,68.49552137605734,6.049123008973251,3.150816145889741e-15
432.0389792406711,68.26465220052253,0.0888325286615483,67.99548364486355,6.056149268256153,3.279219047030407e-15
432.5389792406711,67.76722716418394,0.08959042274656547,67.49544410300498,6.063175971406325,3.0911370076548926e-15
433.0389792406711,67.26983981420018,0.09035953403517027,66.99540269772538,6.070203126565305,3.00619233596836e-15
433.5389792406711,66.77249098103516,0.09114011253843331,66.49535937432503,6.07723074202267,3.1907536696083335e-15
434.0389792406711,66.27518151966152,0.09193241572591815,65.99531407607422,6.0842588262172494,3.3881452451541668e-15
434.5389792406711,65.77791231046871,0.09273670880488108,65.49526674412199,6.091287387738148,3.1085421105538157e-15
435.0389792406711,65.28068426021173,0.09355326501206006,64.9952173174003,6.098316435325588,2.956064263804307e-15
435.5389792406711,64.78349830300243,0.09438236591871749,64.49516573252299,6.105345977871507,3.14323332336142e-15
436.0389792406711,64.28635540134579,0.09522430174964197,63.995111923679275,6.112376024419907,3.048780357911341e-15
436.5389792406711,63.78925654722343,0.09607937171685685,63.495055822521664,6.119406584166911,3.1402161259805406e-15
437.0389792406711,63.2922027632271,0.09694788436882953,62.99499735804762,6.126437666460496,3.0094433195992504e-15
437.5389792406711,62.79519510374457,0.09783015795602479,62.49493645647485,6.133469280799871,3.028030416797058e-15
438.0389792406711,62.29823465620094,0.09872652081369757,61.9948730411097,6.140501436834446,3.2908486268576843e-15
438.5389792406711,61.80132254235838,0.09963731176287743,61.49480703220812,6.14753414436234,3.1720292638060197e-15
439.0389792406711,61.30445991967746,0.1005628805305569,60.99473834682904,6.154567413328405,3.3845091592022786e-15
439.5389792406711,60.807647982743575,0.10150358819016048,60.49466689867928,6.161601253821673,3.3056137705493898e-15
440.0389792406711,60.310887964761996,0.10245980762344073,59.99459259794971,6.168635676072185,3.2023222871028298e-15
440.5389792406711,59.81418113912558,0.10343192400502159,59.49451535114206,6.175670690447131,3.3345367084908158e-15
441.0389792406711,59.317528821059085,0.10442033531088926,58.99443506088553,6.18270630744621,3.3778814866460637e-15
441.5389792406711,58.82093236934466,0.10542545285221637,58.494351625742915,6.189742537696157,3.413133483630711e-15
442.0389792406711,58.324393188133044,0.10644770183599701,57.99426494000518,6.196779391944294,3.331309352403743e-15
442.5389792406711,57.82791272884559,0.10748752195406942,57.494174893473925,6.203816881051057,3.165304242500813e-15
443.0389792406711,57.331492492172366,0.10854536800220897,56.994081371230784,6.210855015981342,3.0222692144593923e-15
443.5389792406711,56.83513403017208,0.10962171053108877,56.49398425339298,6.217893807794579,3.307124121528026e-15
444.0389792406711,56.338838948479825,0.11071703653102836,55.993883414853975,6.224933267633363,3.406659380775334e-15
444.5389792406711,55.84260890862925,0.11183185015258362,55.49377872500819,6.231973406710514,3.5814626432675265e-15
445.0389792406711,55.346445630496,0.11296667346517388,54.993670047458785,6.239014236294388,3.3565590364595024e-15
445.5389792406711,54.85035089486986,0.11412204725609695,54.49355723970705,6.246055767692247,3.608441876142681e-15
446.0389792406711,54.35432654616365,0.11529853187244896,53.99344015282242,6.2530980122314945,3.692396724950655e-15
446.5389792406711,53.858374495267206,0.11649670810864557,53.49331863109137,6.260140981238534,3.567033557506632e-15
447.0389792406711,53.36249672255574,0.11771717814243614,52.9931925116439,6.267184686014998,3.732554431565204e-15
447.5389792406711,52.866695281062206,0.11896056652251165,52.49306162405587,6.2742291378110835,3.66838578208776e-15
448.0389792406711,52.37097229982429,0.12022752121103533,51.99292578992537,6.281274347795666,3.574051961040071e-15
448.5389792406711,51.8753299874171,0.12151871468467051,51.492784822421164,6.288320327022841,3.375728341232344e-15
449.0389792406711,51.379770635683876,0.12283484509794729,50.99263852580119,6.2953670863945375,3.4977007595702277e-15
449.5389792406711,50.88429662367744,0.12417663751309847,50.49248669489873,6.302414636618751,3.1374983734893934e-15
450.0389792406711,50.38891042182659,0.12554484520080916,49.99232911457383,6.309462988162939,3.3942546789626556e-15
450.5389792406711,49.89361459634225,0.12694025101666456,49.49216555912717,6.3165121512020495,3.486386396581272e-15
451.0389792406711,49.398411813879775,0.12836366885845082,48.991995791673574,6.323562135560602,3.573347932313869e-15
451.5389792406711,48.903304846474576,0.12981594520986578,48.491819563471836,6.330612950648156,3.542719846004325e-15
452.0389792406711,48.408296576770084,0.1312979607766341,47.9916366132074,6.337664605387483,3.424239823914429e-15
452.5389792406711,47.9133900035582,0.13281063222149778,47.49144666622418,6.3447171081345735,3.5887599053185156e-15
453.0389792406711,47.418588247654114,0.1343549140050718,46.991249433701164,6.3517704665896595,3.546592082908109e-15
453.5389792406711,46.923894558129156,0.1359318003401213,46.49104461176952,6.358824687698157,3.7043886341196104e-15
454.0389792406711,46.429312318927224,0.13754232726743384,45.99083188056494,6.365879777540499,3.781848122412618e-15
454.5389792406711,45.93484505589243,0.13918757486213498,45.49061090321012,6.37293574120954,3.755621033550135e-15
455.0389792406711,45.44049644423787,0.14086866958003325,44.99038132472115,6.379992582674155,3.997260224207858e-15
455.5389792406711,44.94627031648796,0.1425867867543863,44.49014277083144,6.387050304627476,4.037525098326993e-15
456.0389792406711,44.45217067092949,0.14434315325436373,43.989894846726024,6.394108908317974,3.935987523593532e-15
456.5389792406711,43.95820168060955,0.14613905031744914,43.489637135678365,6.401168393361454,4.2410508066685035e-15
457.0389792406711,43.46436770292171,0.14797581656908523,42.98936919758102,6.408228757531708,4.215952682700328e-15
457.5389792406711,42.970673289825584,0.14985485124402964,42.48909056736076,6.415289996527381,4.308565814131659e-15
458.0389792406711,42.47712319874855,0.15177761762516942,41.9888007532676,6.422352103712201,4.556430397476391e-15
458.5389792406711,41.9837224042232,0.15374564671694738,41.488499235026254,6.429415069825475,4.7223731622194685e-15
459.0389792406711,41.490476110318355,0.15576054117210217,40.98818546183741,6.4364788826592525,4.67430730823207e-15
459.5389792406711,40.997389763927146,0.15782397949212854,40.48785885021464,6.443543526698176,4.6318876245826335e-15
460.0389792406711,40.504469068981216,0.15993772052374416,39.987518781641604,6.450608982717499,4.853520733004002e-15
460.5389792406711,40.01172000166658,0.16210360827572345,39.48716460003226,6.45767522733412,4.7997084251621325e-15
461.0389792406711,39.5191488267237,0.1643235770827508,38.986795608975164,6.464742232504884,4.995708093505524e-15
461.5389792406711,39.026762114922136,0.16659965714547909,38.48641106874079,6.471809964965557,5.101331212205648e-15
462.0389792406711,38.53456676180876,0.1689339804787834,37.98601019302846,6.478878385603045,5.1794889841409576e-15
462.5389792406711,38.04257000783808,0.17132878730330747,37.4855921454268,6.485947448752389,5.535394914938366e-15
463.0389792406711,37.550779460003696,0.17378643291884507,36.98515603555901,6.493017101408919,5.8571028671355845e-15
463.5389792406711,37.059203115101894,0.17630939510192517,36.48470091488047,6.500087282344613,6.2551294460560635e-15
464.0389792406711,36.567849384771165,0.17890028207421957,35.98422577209302,6.507157921116182,6.462628264360903e-15
464.5389792406711,36.076727122466096,0.1815618410931222,35.48372952813552,6.514228936950573,6.966300660982725e-15
465.0389792406711,35.58584565254028,0.18429696772111653,34.983211030706016,6.52130023749165,7.332347742631999e-15
465.5389792406711,35.09521480163072,0.18710871583641972,34.48266904826526,6.528371717389312,7.800390067097885e-15
466.0389792406711,34.60484493255651,0.19000030845394758,33.98210226346525,6.535443256709679,8.17711903233962e-15
466.5389792406711,34.11474698096693,0.19297514943296812,33.4815092659397,6.542514719141743,8.859376004932796e-15
467.0389792406711,33.6249324949991,0.1960368361560046,32.980888544385415,6.549585949972191,9.460725868646084e-15
467.5389792406711,33.13541367823378,0.1991891732727248,32.4802384778548,6.55665677379585,1.0171460624954406e-14
468.0389792406711,32.64620343626903,0.20243618761284035,31.97955732616933,6.563726991924137,1.1198886033952853e-14
468.5389792406711,32.15731542726721,0.2057821443835869,31.47884321935273,6.5707963794481055,1.2243339728969831e-14
469.0389792406711,31.668764116870314,0.2092315647803335,30.978094145968846,6.577864681905775,1.3280114020775889e-14
469.5389792406711,31.180564837923722,0.2127892451534678,30.477307940234695,6.584931611495472,1.4599142644748383e-14
470.0389792406711,30.69273385549848,0.21646027789114983,29.97648226776129,6.591996842767404,1.5916749962026446e-14
470.5389792406711,30.205288437759652,0.22025007419607087,29.4756146097556,6.599060007714679,1.7273186966431544e-14
471.0389792406711,29.718246933292203,0.22416438895529264,28.97470224549366,6.606120690171827,1.9312346058517155e-14
471.5389792406711,29.23162885556892,0.22820934792590727,28.47374223284908,6.613178419413481,2.151930029867212e-14
472.0389792406711,28.745454975327114,0.2323914774860408,27.97273138663062,6.620232662827536,2.3576455134531925e-14
472.5389792406711,28.259747421714437,0.23671773723106335,27.471666254447708,6.627282817515401,2.6480368106487773e-14
473.0389792406711,27.77452979317028,0.2411955557292819,26.97054308978251,6.634328200646134,2.9382781165066905e-14
473.5389792406711,27.289827279129984,0.24583286979046343,26.469357821900232,6.6413680383604685,3.292151171518201e-14
474.0389792406711,26.80566679377653,0.2506381676449471,25.96810602217525,6.648401452983974,3.716453895126017e-14
474.5389792406711,26.322077123221224,0.255620536481633,25.466782866347547,6.655427448264535,4.1716977622979776e-14
475.0389792406711,25.839089087673795,0.2607897148506823,24.965383092150905,6.662444892296579,4.719519279237564e-14
475.5389792406711,25.356735720366988,0.26615615050236086,24.463900951668524,6.669452497730754,5.349667690910142e-14
476.0389792406711,24.875052465234873,0.271731064308296,23.962330157672604,6.676448798791277,6.076044611585689e-14
476.5389792406711,24.394077395612552,0.2775265209968546,23.460663823087618,6.683432124530272,6.932817967611687e-14
477.0389792406711,23.913851456532786,0.28355550753195197,22.958894392581044,6.690400567636145,7.941940520434565e-14
477.5389792406711,23.434418733548846,0.28983202007615133,22.457013565125752,6.6973519479763794,9.095275954639904e-14
478.0389792406711,22.955826751419597,0.2963711606064347,21.955012206191075,6.704283769888668,1.0478724934906604e-13
478.5389792406711,22.47812680646091,0.30318924439682393,21.452880247999868,6.711193172030857,1.2080958339041988e-13
479.0389792406711,22.0013743369068,0.3103039197486847,20.9506065760309,6.718076868350935,1.3956982609174588e-13
479.5389792406711,21.525629336245338,0.317734301539946,20.448178899642013,6.724931078432029,1.6182429641972408e-13
480.0389792406711,21.05095681521146,0.32550112038179013,19.945583604332718,6.731751445090032,1.8755660609367079e-13
480.5389792406711,20.57742731894625,0.33362688941907515,19.44280558274438,6.738532936635339,2.182960943056295e-13
481.0389792406711,20.105117506787092,0.3421360910925011,18.939828041002112,6.745269730632487,2.5498817863732703e-13
481.5389792406711,19.63411080325499,0.35105538650010015,18.43663227642122,6.751955075273945,2.9845189098877674e-13
482.0389792406711,19.164498130075856,0.36041385035667894,17.933197421919246,6.758581123590211,3.5002325601495516e-13
482.5389792406711,18.696378730536505,0.37024323495563055,17.429500151675377,6.765138734601513,4.115621502071782e-13
483.0389792406711,18.229861099159876,0.3805782669904034,16.92551434164605,6.771617234117445,4.853240934885197e-13
483.5389792406711,17.76506403161641,0.39145698159354114,16.421210677460362,6.7780041261342525,5.735027087832052e-13
484.0389792406711,17.302117811999164,0.4029210984974607,15.91655620096531,6.7842847435681435,6.798295716018879e-13
484.5389792406711,16.841165557108006,0.4150164458063983,15.411513785254142,6.790441824273483,8.080513650545993e-13
485.0389792406711,16.38236474023886,0.4277934374796703,14.906041526384874,6.796454994768314,9.632840102851803e-13
485.5389792406711,15.925888920175423,0.44130761123850876,14.400092038186019,6.80230013962468,1.151610325625026e-12
486.0389792406711,15.471929704637317,0.4556202341825667,13.893611634581621,6.807948628820341,1.3804870604768192e-12
486.5389792406711,15.02069898133007,0.470798983875162,13.3865393818146,6.813366368166107,1.659953794828417e-12
487.0389792406711,14.572431453910642,0.48691871293263267,12.878806000933881,6.818512628809429,2.0023607746847093e-12
487.5389792406711,14.127387524509047,0.5040623050893335,12.370332599160639,6.823338600259952,2.4235102544589746e-12
488.0389792406711,13.685856568724127,0.5223216300946275,11.861029207634441,6.827785596760637,2.94343845255186e-12
488.5389792406711,13.248160652897953,0.541798603325429,11.350793103159393,6.831782828388402,3.588896449427517e-12
489.0389792406711,12.81465874643424,0.5626063532291837,10.839506893860518,6.835244625140631,4.394224758105131e-12
489.5389792406711,12.385751483151715,0.5848704950289911,10.327036354559707,6.83806697349456,5.4061464813855604e-12
490.0389792406711,11.961886523959981,0.6087305016642339,9.813228009355273,6.840123189570531,6.687871139010396e-12
490.5389792406711,11.543564566795238,0.6343411515293598,9.297906479545127,6.841258510347586,8.326492278367795e-12
491.0389792406711,11.131346036341979,0.6618740156332439,8.780871649322561,6.841283334207814,1.0443702700880597e-11
491.5389792406711,10.725858462287496,0.6915189222757827,8.261895756189684,6.839964785499935,1.3215498364234814e-11
492.0389792406711,10.3278045163127,0.7234853026455468,7.740720596854952,6.83701621824861,1.6895619664982313e-11
492.5389792406711,9.937970619091251,0.7580032728177525,7.217055164513506,6.8320842192035265,2.1857615889596278e-11
493.0389792406711,9.557235942421,0.7953242431585009,6.690574214812839,6.824732634703383,2.8651671619454666e-11
493.5389792406711,9.18658151058792,0.8357207621350997,6.160918512377313,6.814423154935593,3.808853724478564e-11
494.0389792406711,8.82709894168701,0.8794851965330189,5.6276978531315,6.800492085150239,5.1342723692082853e-11
494.5389792406711,8.479998158665527,0.926926726285756,5.090498396960424,6.782123180945188,7.00716117733669e-11
495.0389792406711,8.146613141909839,0.9783659988398155,4.548896365277715,6.758316916355824,9.649467737207778e-11
495.5389792406711,7.828404502178396,1.0341266665971907,4.002480697957701,6.7278574087299905,1.3333412259987837e-10
496.0389792406711,7.526957355064747,1.0945229611539813,3.45088768295604,6.689279574407514,1.833898453947733e-10
496.5389792406711,7.243972732705575,1.1598425034032194,2.893850607859727,6.640841031945559,2.483937183718773e-10
497.0389792406711,6.981250662927533,1.230323797963262,2.3312667219434893,6.580505777657594,3.2667898663470393e-10
497.5389792406711,6.740663195087154,1.3061284177854908,1.7632816943479623,6.505949429251655,4.093351051039415e-10
498.0389792406711,6.5241161759901125,1.3873088382838001,1.1903877668965357,6.414598104498747,4.752377555190484e-10
498.5155372116486,6.341830254989867,1.4696054542385075,0.6406407129382125,6.309389071854015,4.816495564778528e-10
498.96953208475225,6.191526393877744,1.5522666246803436,0.11472057456775359,6.190463494428797,4.303123892933332e-10
499.4041910286204,6.070164323922699,1.634991659850452,-0.38940863035328255,6.057660921348297,3.307434982705471e-10
499.82160714415863,5.975309096956268,1.71734454309409,-0.872539880603401,5.911259845491901,1.9734640820862076e-10
500.22243990059815,5.904933244617044,1.798664980568563,-1.3339349726670027,5.752291205431054,4.942448793895794e-11
500.6056403538181,5.857123004756156,1.8779945963179423,-1.7711310948831838,5.582918997941997,-9.098775767348422e-11
500.9680755146969,5.829729084911741,1.9540022908854005,-2.17971135750842,5.406902958387055,-2.041024133695679e-10
501.26547974142085,5.82032504912458,2.0167614535040372,-2.5104738967362583,5.251066985982269,-2.399338751164306e-10
501.5627056594102,5.822749019359017,2.0795591769620425,-2.8362444981995223,5.085284976171869,-2.752568849963931e-10
501.8305046114668,5.835046873492382,2.1359912619410313,-3.125137005999808,4.927604966876279,-2.932417601085464e-10
502.13842615393105,5.860977857302953,2.200454984344031,-3.4513476396421026,4.7370097017139825,-3.308110776432348e-10
502.4750658045885,5.903619776046372,2.2701061060787353,-3.800098793310836,4.517961445298459,-3.8511797268569354e-10
502.8339146111146,5.965256820166953,2.3430411883186597,-4.162228676313889,4.273188666162387,-4.478762273486555e-10
503.21106423123575,6.047631572409924,2.4178499226093217,-4.531687307408243,4.004704456446738,-5.098597751973444e-10
503.6044213220743,6.152186444982257,2.4934751782560753,-4.9046563247057,3.713993052005859,-5.648854476128476e-10
504.01337206297626,6.280311617249081,2.5691515694602547,-5.279111755292026,3.4019543037629587,-6.114956478367777e-10
504.43855665903203,6.433570652222922,2.6443514400785206,-5.654477169672859,3.068830277938566,-6.524426650248678e-10
504.8816903659395,6.613888470711084,2.7187290828244737,-6.031320952434005,2.714164378171589,-6.932112768944535e-10
505.345445310276,6.823710584180238,2.7920699201438954,-6.411123518235426,2.336775849451978,-7.405896662358942e-10
505.8334122368275,7.066156238839694,2.8642499822877543,-6.796133055923104,1.934719482995516,-8.016776581887958e-10
506.3334122368275,7.335813606014681,2.9329943824288462,-7.176788998037905,1.5191645532437212,-8.66555898345625e-10
506.8334122368275,7.625126077942853,2.996649193978776,-7.545169569759515,1.1013463887892738,-9.217289732471958e-10
507.3334122368275,7.9323240445813425,3.0554720687076276,-7.902926168492067,0.6822922567394439,-9.661380475575947e-10
507.8334122368275,8.255743549097172,3.1097616943301576,-8.251561501396688,0.2627438622072981,-1.0001429705239648e-09
508.3334122368275,8.59384023613727,3.159837088887468,-8.592410005474663,-0.15678106413332543,-1.0250623111340935e-09
508.8334122368275,8.945195587181615,3.206022072102565,-8.926635584764357,-0.5759350916137522,-1.0426222452279824e-09
509.3334122368275,9.30851729991656,3.248634250369986,-9.25524015323822,-0.994496872158417,-1.0545505929814565e-09
509.8334122368275,9.682635504929024,3.2879776816053585,-9.579078079780519,-1.41233617201447,-1.0623598443344942e-09
510.3334122368275,10.066496242053232,3.3243383877632735,-9.898873146009086,-1.8293870641534606,-1.0672648282765722e-09
510.8334122368275,10.45915331775686,3.35798197556437,-10.215235854488371,-2.245627876902035,-1.070186816218766e-09
511.3334122368275,10.859759381282762,3.389152754672478,-10.52867982730384,-2.6610664992600497,-1.0717949821969451e-09
511.8334122368275,11.267556814295503,3.418073874353222,-10.83963665176503,-3.075729803004361,-1.0725598144924918e-09
512.3334122368275,11.68186883394252,3.444948117791316,-11.148468924939678,-3.489656155424476,-1.0728023319129744e-09
512.8334122368275,12.10209106067967,3.469959091276719,-11.455481484783904,-3.9028902101847467,-1.0727363716241171e-09
513.3334122368275,12.527683693640183,3.493272622717592,-11.760930944726995,-4.315479352431329,-1.0725011159330412e-09
513.8334122368275,12.958164360040223,3.5150382425496236,-12.065033709403814,-4.727471329660954,-1.0721839919061512e-09
514.3334122368275,13.393101653656396,3.5353906632775,-12.367972668814618,-5.138912722417878,-1.0718393873925886e-09
514.8334122368275,13.832109344332942,3.5544512048814623,-12.669902764443938,-5.549848002704086,-1.0714988767476886e-09
515.3334122368275,14.274841220571211,3.5723291350678603,-12.97095560515288,-5.960318998314777,-1.071179543330379e-09
515.8334122368275,14.720986516506848,3.5891229082430898,-13.271243289873084,-6.370364633219595,-1.0708893944442098e-09
516.3334122368275,15.17026587000307,3.6049212970346884,-13.570861572255321,-6.78002085197854,-1.070632107411436e-09
516.8334122368275,15.622427758019379,3.6198044166065766,-13.869892481598496,-7.189320663555904,-1.070406577654176e-09
517.3334122368275,16.07724535732797,3.6338446459805422,-14.168406495622715,-7.598294259537457,-1.070211767417591e-09
517.8334122368275,16.534513781992697,3.6471074528557,-14.466464344315225,-8.006969175759497,-1.0700441379594006e-09
518.3334122368275,16.994047653090178,3.6596521295643467,-14.764118510171787,-8.415370476283416,-1.0699008428303031e-09
518.8334122368275,17.455678960476728,3.671532448206043,-15.06141447849578,-8.823520945642255,-1.0697789035902969e-09
519.3334122368275,17.919255180696926,3.682797242933008,-15.358391781742485,-9.231441280181471,-1.0696751399994589e-09
519.8334122368275,18.384637619215518,3.6934909270050604,-15.655084873925976,-9.639150272718469,-1.0695870367840375e-09
520.3334122368275,18.851699948938922,3.7036539517171336,-15.951523864572748,-10.046664987088494,-1.0695124439786321e-09
520.8334122368275,19.32032692043178,3.7133232137101992,-16.24773513636721,-10.45400092073935,-1.0694490543527408e-09
521.3334122368275,19.790413222317767,3.7225324165612856,-16.54374186627998,-10.861172154605827,-1.0693954946691984e-09
521.8334122368275,20.261862473091394,3.7313123919439475,-16.839564466421265,-11.268191490195381,-1.069349820464517e-09
522.3334122368275,20.734586327980164,3.7396913850771423,-17.13522095797099,-11.675070574260943,-1.0693112864911663e-09
522.8334122368275,21.208503686611465,3.747695308648896,-17.430727289180467,-12.081820011704833,-1.069278355607564e-09
523.3334122368275,21.68353998908509,3.7553479689163063,-17.72609760651846,-12.488449467505273,-1.069250520058111e-09
523.8334122368275,22.15962658965995,3.762671267246384,-18.021344486463697,-12.894967758523821,-1.0692264251792862e-09
524.3334122368275,22.636700198660392,3.7696853799716137,-18.316479134161717,-13.301382936065327,-1.069206011529527e-09
524.8334122368275,23.114702384419413,3.7764089190872427,-18.611511554110916,-13.707702360041248,-1.069188884183917e-09
525.3334122368275,23.593579128126837,3.7828590760107086,-18.906450697178386,-14.113932765545728,-1.0691736770559918e-09
525.8334122368275,24.073280425360966,3.7890517503535985,-19.20130458753511,-14.520080322600517,-1.0691611058528794e-09
526.3334122368275,24.55375992887124,3.7950016654193153,-19.49608043251355,-14.926150689766107,-1.0691500837863044e-09
526.8334122368275,25.034974627863242,3.80072247193161,-19.790784717906455,-15.332149062255967,-1.0691405213268349e-09
527.3334122368275,25.51688455963036,3.8062268413169758,-20.08542329082423,-15.738080215131633,-1.0691324605715061e-09
527.8334122368275,25.999452549890844,3.8115265497044684,-20.380001431895366,-16.143948542099867,-1.0691255576876893e-09
528.3334122368275,26.482643978635746,3.8166325536670747,-20.674523918317234,-16.549758090380077,-1.0691192788141322e-09
528.8334122368275,26.966426568681445,3.8215550586067635,-20.968995079033505,-16.95551259206153,-1.0691140045244125e-09
529.3334122368275,27.450770194458205,3.826303580578653,-21.26341884312136,-17.361215492325023,-1.0691096470057713e-09
529.8334122368275,27.935646708860432,3.8308870022563637,-21.55779878230975,-17.766869974863578,-1.0691057895080882e-09
530.3334122368275,28.421029786240666,3.835313623658852,-21.852138148414305,-18.172478984799934,-1.0691022657318886e-09
530.8334122368275,28.906894779853335,3.839591208187413,-22.14643990635985,-18.57804524936636,-1.0690994166461665e-09
531.3334122368275,29.393218592249895,3.8437270244587314,-22.440706763365288,-18.983571296582642,-1.0690968033715257e-09
531.8334122368275,29.8799795572983,3.847727884364746,-22.73494119478405,-19.38905947214241,-1.0690946377331042e-09
532.3334122368275,30.367157332649743,3.851600177741708,-23.029145467024026,-19.79451195469466,-1.0690925958238084e-09
532.8334122368275,30.854732801607334,3.855349903988234,-23.32332165791245,-20.1999307696867,-1.0690909255038365e-09
533.3334122368275,31.342687983466995,3.8589827009347233,-23.617471674821346,-20.605317801916517,-1.0690895100226767e-09
533.8334122368275,31.831005951502668,3.8625038712334914,-23.911597270826274,-21.010674806926403,-1.0690879655383868e-09
534.3334122368275,32.31967075785754,3.8659184065098797,-24.205700059135182,-21.416003421355125,-1.0690869667186388e-09
534.8334122368275,32.80866736468206,3.8692310094888938,-24.499781525992738,-21.82130517235343,-1.0690857981125422e-09
535.3334122368275,33.29798158092942,3.872446114289205,-24.793843042238915,-22.226581486156064,-1.0690848648903097e-09
535.8334122368275,33.787600004280755,3.875567905056242,-25.087885873677735,-22.6318336958938,-1.0690838911631662e-09
536.3334122368275,34.27750996772734,3.878600333088287,-25.381911190392163,-23.03706304871982,-1.0690831815001891e-09
536.8334122368275,34.76769949038512,3.881547132593671,-25.675920075124274,-23.442270712317015,-1.069082962971659e-09
537.3334122368275,35.258157232160364,3.8844118352031467,-25.96991353082484,-23.847457780845804,-1.0690822283727943e-09
537.8334122368275,35.748872451923305,3.88719778334902,-26.26389248746409,-24.252625280385793,-1.0690817019982247e-09
538.3334122368275,36.23983496888063,3.8899081426115116,-26.557857808183893,-24.657774173919048,-1.0690814771381527e-09
538.8334122368275,36.731035126868264,3.8925459131229276,-26.85181029486237,-25.062905365897894,-1.069081000863193e-09
539.3334122368275,37.22246376131275,3.89511394011137,-27.14575069315337,-25.468019706435843,-1.0690804898983731e-09
539.8334122368275,37.71411216863388,3.897614923657833,-27.439679697055983,-25.873117995156132,-1.0690804068531758e-09
540.3334122368275,38.20597207788277,3.9000514277334726,-27.73359795306294,-26.278200984729164,-1.0690797921663965e-09
540.8334122368275,38.698035624429025,3.902425888577513,-28.027506063931195,-26.68326938412679,-1.0690799083542098e-09
541.3334122368275,39.19029532552794,3.904740622470594,-28.32140459211287,-27.08832386161878,-1.0690794409968204e-09
541.8334122368275,39.68274405761437,3.906997832953282,-28.615294062880924,-27.493365047534294,-1.0690791391661532e-09
542.3334122368275,40.17537503518377,3.9091996175348984,-28.90917496717964,-27.898393536808914,-1.0690789250416993e-09
542.8334122368275,40.66818179113365,3.9113479739337222,-29.203047764227065,-28.303409891335836,-1.0690786478595177e-09
543.3334122368275,41.16115815844993,3.9134448058859226,-29.496912883893366,-28.708414642138194,-1.069078717940564e-09
543.8334122368275,41.65429825313299,3.9154919285572487,-29.790770728876858,-29.113408291377564,-1.0690785299367383e-09
544.3334122368275,42.147596458267365,3.91749107358851,-30.084621676696624,-29.518391314212696,-1.069078508621139e-09
544.8334122368275,42.641047409147376,3.919443893803155,-30.37846608151926,-29.92336416052075,-1.0690781079856695e-09
545.3334122368275,43.134645979378604,3.9213519676028192,-30.67230427583499,-30.32832725649269,-1.06907848208586e-09
545.8334122368275,43.6283872678819,3.923216803074491,-30.966136571997076,-30.73328100611297,-1.0690782566369333e-09
546.3334122368275,44.122266586732664,3.9250398418309307,-31.25996326363704,-31.138225792533014,-1.069078128260043e-09
546.8334122368275,44.61627944977404,3.9268224626041737,-31.553784626966774,-31.54316197934704,-1.0690782013025667e-09
547.3334122368275,45.110421561947426,3.9285659846102825,-31.84760092197769,-31.94808991177809,-1.0690783094865354e-09
547.8334122368275,45.60468880928856,3.930271670702018,-32.14141239354615,-32.35300991778118,-1.0690780446443488e-09
548.3334122368275,46.09907724954152,3.9319407303247456,-32.43521927245307,-32.7579223090703,-1.0690780080431759e-09
548.8334122368275,46.59358310334692,3.9335743222896378,-32.729021776325425,-33.16282738207513,-1.0690781487410566e-09
549.3334122368275,47.08820274596387,3.93517355737712,-33.02282011050622,-33.56772541883268,-1.0690779615608365e-09
549.8334122368275,47.58293269948871,3.9367395007824637,-33.31661446885901,-33.97261668781912,-1.0690775452544963e-09
550.3334122368275,48.07776962553625,3.938273174414511,-33.61040503451247,-34.37750144472624,-1.0690777223317005e-09
550.8334122368275,48.572710318351916,3.939775559057632,-33.904191980550074,-34.7823799331865,-1.0690780432810973e-09
551.3334122368275,49.06775169832569,3.9412475964062637,-34.197975470649325,-35.18725238545076,-1.0690775857393238e-09
551.8334122368275,49.56289080588091,3.9426901909806333,-34.49175565967477,-35.59211902302205,-1.0690776435175502e-09
552.3334122368275,50.05812479571306,3.944104211931644,-34.78553269422839,-35.996980057248564,-1.0690775517815167e-09
552.8334122368275,50.55345093135548,3.9454904947422715,-35.07930671316096,-36.40183568987897,-1.0690776605471358e-09
553.3334122368275,51.04886658005063,3.946849842832292,-35.37307784804739,-36.80668611358253,-1.0690776361661782e-09
553.8334122368275,51.5443692079073,3.948183029072648,-35.6668462236288,-37.211531512436814,-1.0690775027033729e-09
554.3334122368275,52.03995637532528,3.9494907972152986,-35.96061195822423,-37.61637206238501,-1.0690775136290894e-09
554.8334122368275,52.535625732670546,3.950773863243967,-36.25437516411389,-38.02120793166517,-1.0690774808135712e-09
555.3334122368275,53.03137501618521,3.9520329166508237,-36.54813594789653,-38.42603928121328,-1.0690772889369217e-09
555.8334122368275,53.527202044117566,3.9532686216437667,-36.841894410822746,-38.83086626504193,-1.0690773100499077e-09
556.3334122368275,54.023104713058565,3.9544816182886366,-37.13565064910594,-39.23568903059621,-1.0690771318064047e-09
556.8334122368275,54.51908099447209,3.955672523590402,-37.4294047542128,-39.640507719088575,-1.0690772767955363e-09
557.3334122368275,55.01512893140719,3.956841932517063,-37.72315681313462,-40.0453224658138,-1.0690772285836702e-09
557.8334122368275,55.511246635381305,3.9579904189697626,-38.016906908641126,-40.45013340044563,-1.0690768107547066e-09
558.3334122368275,56.007432283424244,3.9591185367023614,-38.310655119517676,-40.85494064731616,-1.0690767501523284e-09
558.8334122368275,56.50368411527338,3.9602268201935,-38.604401520787555,-41.25974432567915,-1.0690769695939099e-09
559.3334122368275,57.0000004307111,3.961315785473977,-38.89814618391997,-41.66454454995828,-1.0690768043402942e-09
559.8334122368275,57.49637958703624,3.9623859309120784,-39.191889177025026,-42.069341429981364,-1.069076855183387e-09
560.3334122368275,57.99281999666175,3.963437737959317,-39.48563056503656,-42.47413507120142,-1.0690768634722547e-09
560.8334122368275,58.48932012483128,3.9644716718588815,-39.77937040988353,-42.87892557490539,-1.0690769248946969e-09
561.3334122368275,58.98587848744793,3.965488182318939,-40.073108770651075,-43.28371303841134,-1.0690769882666106e-09
561.8334122368275,59.482493649008795,3.9664877041528057,-40.36684570373155,-43.68849755525476,-1.0690768450770623e-09
562.3334122368275,59.97916422063944,3.9674706578878562,-40.66058126296656,-44.093279215364866,-1.0690770680636473e-09
562.8334122368275,60.47588885822257,3.968437450344937,-40.95431549978042,-44.498058105231216,-1.0690771408995482e-09
563.3334122368275,60.97266626061584,3.9693884751899255,-41.24804846330567,-44.902834308061536,-1.0690769620580753e-09
563.8334122368275,61.46949516795387,3.9703241134589797,-41.5417802005012,-45.30760790393099,-1.0690769126623667e-09
564.3334122368275,61.966374360029825,3.9712447340589256,-41.835510756263425,-45.71237896992377,-1.0690772126535821e-09
564.8334122368275,62.463302654752276,3.9721506942441374,-42.129240173531,-46.11714758026698,-1.069077053515701e-09
565.3334122368275,62.96027890667339,3.973042340071185,-42.42296849338346,-46.521913806457874,-1.0690769603348033e-09
565.8334122368275,63.45730200558448,3.9739200068324423,-42.71669575513427,-46.92667771738428,-1.0690768935763933e-09
566.3334122368275,63.95437087517555,3.974784019469781,-43.01042199641849,-47.331439379438926,-1.0690770768769126e-09
566.8334122368275,64.45148447175528,3.975634692969403,-43.304147253275595,-47.736198856628036,-1.0690769087289577e-09
567.3334122368275,64.94864178302845,3.9764723327388043,-43.59787156022749,-48.14095621067426,-1.0690773278525784e-09
567.8334122368275,65.44584182692779,3.9772972349668025,-43.89159495035236,-48.545711501114646,-1.0690769593282128e-09
568.3334122368275,65.94308365049736,3.978109686967506,-44.185317455354365,-48.95046478539349,-1.0690770071181796e-09
568.8334122368275,66.440366328825,3.9789099675090522,-44.47903910562941,-49.355216118950906,-1.0690769788585677e-09
569.3334122368275,66.93768896402125,3.9796983471278917,-44.77275993032755,-49.759965555306685,-1.0690769759162442e-09
569.8334122368275,67.43505068424243,3.980475088429352,-45.066479957411765,-50.16471314614037,-1.0690771821273584e-09
570.3334122368275,67.93245064275567,3.9812404463751734,-45.36019921371378,-50.569458941367316,-1.0690768057374308e-09
570.8334122368275,68.42988801704382,3.981994668558667,-45.65391772498679,-50.97420298921107,-1.0690769491119909e-09
571.3334122368275,68.9273620079483,3.982737995468112,-45.94763551595543,-51.37894533627239,-1.069076755436828e-09
571.8334122368275,69.42487183884793,3.9834706607389716,-46.24135261036309,-51.78368602759491,-1.06907681929723e-09
572.3334122368275,69.92241675487213,3.984192891395473,-46.53506903101676,-52.18842510672772,-1.0690769243582007e-09
572.8334122368275,70.41999602214678,3.984904908082076,-46.828784799829634,-52.593162615785076,-1.0690769329610011e-09
573.3334122368275,70.91760892707109,3.985606925285311,-47.12249993786136,-52.99789859550328,-1.0690766507788153e-09
573.8334122368275,71.41525477562412,3.9862991515464556,-47.41621446535633,-53.40263308529492,-1.0690769143716014e-09
574.3334122368275,71.91293289269952,3.9869817896654856,-47.70992840177998,-53.80736612330074,-1.0690768866561933e-09
574.8334122368275,72.41064262146705,3.987655036896707,-48.003641765853274,-54.21209774643892,-1.0690768756531352e-09
575.3334122368275,72.90838332275989,3.988319085136474,-48.29735457558547,-54.61682799045241,-1.0690769422766184e-09
575.8334122368275,73.40615437448619,3.98897412110335,-48.591066848305175,-55.02155688995392,-1.0690768581216429e-09
576.3334122368275,73.90395517106407,3.989620326511071,-48.88477860068994,-55.42628447846901,-1.0690767896024377e-09
576.8334122368275,74.40178512287876,3.990257878234642,-49.17848984879439,-55.831010788477144,-1.0690769841485233e-09
577.3334122368275,74.89964365576107,3.99088694846988,-49.472200608076875,-56.23573585145114,-1.0690768467338761e-09
577.8334122368275,75.397530210486,3.9915077048867023,-49.76591089342498,-56.6404596978947,-1.069077087876237e-09
578.3334122368275,75.89544424229082,3.992120310776447,-50.059620719179634,-57.0451823573784,-1.0690767740158588e-09
578.8334122368275,76.39338522041159,3.99272492519349,-50.35333009915821,-57.4499038585741,-1.069076849146849e-09
579.3334122368275,76.89135262763732,3.993321703091416,-50.64703904667642,-57.854624229287865,-1.069076748501308e-09
579.8334122368275,77.38934595988108,3.9939107954539854,-50.94074757456921,-58.259343496491475,-1.069076589200379e-09
580.3334122368275,77.88736472576728,3.9944923494211273,-51.234455695210634,-58.66406168635271,-1.069076852190935e-09
580.8334122368275,78.38540844623427,3.9950665084101757,-51.52816342053286,-59.06877882426412,-1.0690768550986751e-09
581.3334122368275,78.88347665415185,3.995633412232559,-51.821870762044185,-59.47349493487086,-1.0690767104083555e-09
581.8334122368275,79.38156889395289,3.9961931972061353,-52.11557773084636,-59.87821004209711,-1.0690770034202734e-09
582.3334122368275,79.87968472127847,3.9967459962633693,-52.40928433765098,-60.28292416917166,-1.0690768876368616e-09
582.8334122368275,80.37782370263594,3.9972919390555197,-52.70299059279518,-60.687637338652145,-1.069077106867776e-09
583.3334122368275,80.8759854150695,3.997831152053015,-52.9966965062566,-61.09234957244862,-1.0690769486396188e-09
583.8334122368275,81.37416944584257,3.998363758642174,-53.290402087667715,-61.49706089184587,-1.069076832327984e-09
584.3334122368275,81.87237539213163,3.998889879218426,-53.584107346329425,-61.901771317525046,-1.0690768082385344e-09
584.8334122368275,82.37060286073094,3.9994096312761815,-53.877812291224195,-62.30648086958424,-1.0690770645993793e-09
585.3334122368275,82.86885146776773,3.9999231294954836,-54.17151693102844,-62.71118956755842,-1.0690771725664312e-09
585.8334122368275,83.36712083842744,4.000430485825586,-54.465221274124374,-63.1158974304385,-1.0690769066206199e-09
586.3334122368275,83.86541060668863,4.000931809565569,-54.75892532861154,-63.520604476689506,-1.0690768983211952e-09
586.8334122368275,84.36372041506704,4.00142720744213,-55.052629102317596,-63.92531072426831,-1.0690767927276804e-09
587.3334122368275,84.86204991436864,4.001916783684652,-55.34633260280868,-64.33001619064052,-1.0690769403238605e-09
587.8334122368275,85.36039876345107,4.0024006400976635,-55.64003583739951,-64.7347208927966,-1.0690769816165952e-09
588.3334122368275,85.85876662899334,4.002878876130799,-55.93373881316275,-65.13942484726765,-1.0690768822098167e-09
588.8334122368275,86.3571531852733,4.0033515889463525,-56.22744153693824,-65.54412807014027,-1.0690771887314169e-09
589.3334122368275,86.8555581139528,4.003818873484527,-56.52114401534165,-65.94883057707119,-1.069077096849984e-09
589.8334122368275,87.35398110386983,4.004280822526464,-56.814846254772995,-66.35353238330084,-1.0690771873722355e-09
590.3334122368275,87.85242185083791,4.004737526755149,-57.108548261424396,-66.75823350366713,-1.0690771648578954e-09
590.8334122368275,88.350880057452,4.0051890748142664,-57.402250041287935,-67.162933952618,-1.069076921894202e-09
591.3334122368275,88.84935543290082,4.0056355533650905,-57.6959516001629,-67.56763374422404,-1.069077225604208e-09
591.8334122368275,89.34784769278549,4.006077047141487,-57.989652943662904,-67.9723328921902,-1.069077191940041e-09
592.3334122368275,89.84635655894401,4.006513639003092,-58.2833540772227,-68.37703140986739,-1.0690773298702037e-09
592.8334122368275,90.34488175928148,4.006945409986755,-58.57705500610442,-68.78172931026354,-1.0690773204881747e-09
593.3334122368275,90.84342302760587,4.007372439356283,-58.87075573540408,-69.18642660605431,-1.0690772809748907e-09
593.8334122368275,91.34198010346903,4.007794804650586,-59.16445627005722,-69.59112330959329,-1.0690771725631556e-09
594.3334122368275,91.84055273201284,4.008212581730247,-59.45815661484493,-69.99581943292188,-1.0690771585369154e-09
594.8334122368275,92.3391406638203,4.00862584482261,-59.75185677439922,-70.40051498777885,-1.0690771854592066e-09
595.3334122368275,92.83774365477126,4.009034666565415,-60.045556753208146,-70.80520998560968,-1.0690769950990788e-09
595.8334122368275,93.33636146590277,4.0094391180490465,-60.33925655562101,-71.2099044375753,-1.0690771643444733e-09
596.3334122368275,93.83499386327382,4.009839268857445,-60.63295618585324,-71.61459835456063,-1.0690771644829074e-09
596.8334122368275,94.33364061783433,4.010235187107729,-60.92665564799105,-72.01929174718288,-1.069077076447722e-09
597.3334122368275,94.83230150529812,4.010626939488577,-61.2203549459957,-72.42398462579968,-1.0690770966679995e-09
597.8334122368275,95.33097630601989,4.011014591297407,-61.51405408370819,-72.82867700051642,-1.0690770847692575e-09
598.3334122368275,95.82966480487602,4.011398206476411,-61.807753064853024,-73.23336888119408,-1.0690773060827921e-09
598.8334122368275,96.3283667911489,4.01177784764747,-62.101451893042416,-73.63806027745609,-1.0690774664477385e-09
599.3334122368275,96.8270820584149,4.012153576146002,-62.395150571779986,-74.04275119869546,-1.0690775023720064e-09
599.8334122368275,97.32581040443571,4.0125254520537705,-62.68884910446456,-74.44744165408132,-1.069077231544097e-09
600.3334122368275,97.82455163105293,4.012893534230702,-62.98254749439362,-74.85213165256546,-1.0690771662785994e-09
600.8334122368275,98.32330554408578,4.013257880345737,-63.27624574476672,-75.25682120288859,-1.069077313342488e-09
601.3334122368275,98.82207195323205,4.013618546906751,-63.56994385868874,-75.66151031358636,-1.0690769947037022e-09
601.8334122368275,99.32085067197177,4.013975589289584,-63.86364183917312,-76.06619899299511,-1.0690773113714386e-09
602.3334122368275,99.81964151747384,4.0143290617662,-64.15733968914479,-76.47088724925763,-1.069077185499999e-09
602.8334122368275,100.31844431050546,4.014679017532019,-64.4510374114431,-76.87557509032857,-1.0690772053691137e-09
603.3334122368275,100.8172588753441,4.015025508732427,-64.74473500882479,-77.2802625239796,-1.069077251191867e-09
603.8334122368275,101.3160850396921,4.01536858648853,-65.0384324839664,-77.68494955780473,-1.069077177254094e-09
604.3334122368275,101.81492263459376,4.015708300922132,-65.3321298394672,-78.089636199225,-1.0690774278799203e-09
604.8334122368275,102.31377149435478,4.016044701180001,-65.62582707785144,-78.49432245549346,-1.069077318325098e-09
605.3334122368275,102.81263145646408,4.0163778354574315,-65.91952420157092,-78.89900833369967,-1.0690773356228774e-09
605.8334122368275,103.31150236151773,4.01670775102112,-66.21322121300727,-79.30369384077419,-1.0690775763053514e-09
606.3334122368275,103.81038405314523,4.0170344942313925,-66.50691811447425,-79.70837898349285,-1.0690775944010174e-09
606.8334122368275,104.30927637793772,4.017358110563794,-66.80061490821976,-80.11306376848114,-1.0690777157949793e-09
607.3334122368275,104.80817918537831,4.017678644630066,-67.09431159642816,-80.51774820221796,-1.0690775722944695e-09
607.8334122368275,105.30709232777428,4.0179961401985285,-67.38800818122206,-80.92243229103984,-1.069077531119529e-09
608.3334122368275,105.8060156601913,4.018310640213893,-67.68170466466441,-81.32711604114456,-1.0690775060187442e-09
608.8334122368275,106.30494904038937,4.018622186816514,-67.9754010487604,-81.73179945859484,-1.0690780226402702e-09
609.3334122368275,106.80389232876054,4.018930821361111,-68.26909733545907,-82.13648254932208,-1.0690777326497834e-09
609.8334122368275,107.30284538826844,4.019236584434963,-68.56279352665526,-82.54116531912959,-1.0690775570775974e-09
610.3334122368275,107.80180808438935,4.019539515875608,-68.85648962419121,-82.94584777369606,-1.0690780837159231e-09
610.8334122368275,108.30078028505498,4.01983965478805,-69.1501856298582,-83.35052991857884,-1.0690780684015087e-09
611.3334122368275,108.79976186059676,4.020137039561496,-69.44388154539809,-83.75521175921702,-1.0690778876900683e-09
611.8334122368275,109.29875268369159,4.020431707885643,-69.73757737250475,-84.15989330093458,-1.0690779997820207e-09
612.3334122368275,109.79775262930917,4.020723696766508,-70.03127311282579,-84.56457454894321,-1.0690778813901794e-09
612.8334122368275,110.29676157466064,4.021013042541848,-70.32496876796375,-84.96925550834523,-1.069077841208806e-09
613.3334122368275,110.79577939914861,4.021299780896157,-70.61866433947748,-85.37393618413654,-1.069077746344878e-09
613.8334122368275,111.29480598431861,4.021583946875254,-70.91235982888352,-85.77861658120904,-1.0690777779755609e-09
614.3334122368275,111.79384121381166,4.0218655749005014,-71.20605523765737,-86.18329670435345,-1.0690776215225195e-09
614.8334122368275,112.29288497331825,4.022144698782624,-71.49975056723473,-86.58797655826184,-1.0690776156381897e-09
615.3334122368275,112.79193715053344,4.022421351735179,-71.79344581901253,-86.99265614753004,-1.0690775217846133e-09
615.8334122368275,113.29099763511317,4.022695566387666,-72.08714099435032,-87.39733547666013,-1.0690775450355954e-09
616.3334122368275,113.79006631863165,4.02296737479829,-72.38083609457128,-87.80201455006254,-1.0690776677199922e-09
616.8334122368275,114.28914309453992,4.023236808466397,-72.67453112096322,-88.20669337205864,-1.0690776122545317e-09
617.3334122368275,114.7882278581255,4.023503898344584,-72.96822607477976,-88.61137194688257,-1.069077717215596e-09
617.8334122368275,115.28732050647294,4.0237686748505,-73.26192095724113,-89.01605027868385,-1.0690774878599737e-09
618.3334122368275,115.78642093842555,4.024031167878333,-73.55561576953534,-89.42072837152891,-1.0690776323478279e-09
618.8334122368275,116.28552905454801,4.024291406810013,-73.84931051281912,-89.82540622940346,-1.0690773583685515e-09
619.3334122368275,116.7846447570899,4.024549420526124,-74.14300518821868,-90.23008385621428,-1.0690773338129983e-09
619.8334122368275,117.28376794995023,4.0248052374165395,-74.43669979683062,-90.6347612557913,-1.0690776166039053e-09
620.3334122368275,117.78289853864287,4.025058885390789,-74.730394339723,-91.03943843188915,-1.069077495973406e-09
620.8334122368275,118.28203643026272,4.025310391888162,-75.0240888179358,-91.44411538818929,-1.0690775029318282e-09
621.3334122368275,118.78118153345285,4.0255597838875605,-75.31778323248196,-91.8487921283015,-1.0690773722414165e-09
621.8334122368275,119.28033375837244,4.0258070879171015,-75.61147758434815,-92.25346865576567,-1.069077309937602e-09
622.3334122368275,119.77949301666543,4.026052330063483,-75.90517187449552,-92.6581449740534,-1.0690775672792548e-09
622.8334122368275,120.27865922143005,4.02629553598112,-76.19886610386021,-93.06282108656971,-1.0690775125992296e-09
623.3334122368275,120.77783228718903,4.026536730901047,-76.49256027335443,-93.4674969966544,-1.0690773654550432e-09
623.8334122368275,121.27701212986055,4.026775939639613,-76.78625438386675,-93.87217270758383,-1.0690773588092586e-09
624.3334122368275,121.77619866672991,4.027013186606951,-77.07994843626295,-94.27684822257221,-1.069077501986453e-09
624.8334122368275,122.2753918164219,4.027248495815252,-77.37364243138667,-94.68152354477307,-1.0690776066696944e-09
625.3334122368275,122.77459149887378,4.027481890886827,-77.66733637006011,-95.08619867728054,-1.0690777318735565e-09
625.8334122368275,123.27379763530897,4.027713395061987,-77.96103025308435,-95.49087362313101,-1.069077594851696e-09
626.3334122368275,123.77301014821136,4.0279430312067195,-78.2547240812401,-95.89554838530417,-1.069077801590304e-09
626.8334122368275,124.27222896130019,4.02817082182019,-78.54841785528835,-96.30022296672442,-1.069077535390028e-09
627.3334122368275,124.7714539995056,4.02839678904206,-78.84211157597078,-96.70489737026205,-1.069077544857839e-09
627.8334122368275,125.27068518894465,4.028620954659631,-79.1358052440104,-97.10957159873445,-1.0690775079678535e-09
628.3334122368275,125.76992245689807,4.028843340114824,-79.42949886011183,-97.5142456549075,-1.0690776332792167e-09
628.8334122368275,126.26916573178738,4.02906396651098,-79.72319242496214,-97.91891954149641,-1.0690776760810689e-09
629.3334122368275,126.76841494315264,4.029282854619523,-80.01688593923099,-98.32359326116709,-1.0690773263862651e-09
629.8334122368275,127.26767002163072,4.029500024886442,-80.31057940357135,-98.72826681653713,-1.0690773724218608e-09
630.3334122368275,127.76693089893408,4.029715497438639,-80.60427281861986,-99.13294021017683,-1.0690775891379926e-09
630.8334122368275,128.26619750782996,4.029929292090125,-80.89796618499726,-99.5376134446104,-1.0690775734023727e-09
631.3334122368275,128.76546978212014,4.030141428348065,-81.1916595033088,-99.94228652231676,-1.0690775336602336e-09
631.8334122368275,129.26474765662113,4.030351925418697,-81.48535277414462,-100.34695944573079,-1.0690772646727414e-09
632.3334122368275,129.76403106714483,4.030560802213099,-81.77904599808039,-100.75163221724391,-1.0690772839512417e-09
632.8334122368275,130.2633199504796,4.030768077352839,-82.07273917567737,-101.1563048392054,-1.0690772329890728e-09
633.3334122368275,130.7626142443718,4.0309737691754846,-82.36643230748298,-101.56097731392315,-1.0690772705494213e-09
633.8334122368275,131.2619138875077,4.031177895739994,-82.66012539403107,-101.96564964366453,-1.0690770059770744e-09
634.3334122368275,131.76121881949575,4.0313804748319795,-82.9538184358424,-102.37032183065723,-1.0690771691139496e-09
634.8334122368275,132.2605289808495,4.031581523968859,-83.24751143342492,-102.77499387709015,-1.069077197966614e-09
635.3334122368275,132.75984431297059,4.031781060404883,-83.54120438727408,-103.1796657851143,-1.069077295833267e-09
635.8334122368275,133.25916475813221,4.03197910113606,-83.83489729787321,-103.58433755684341,-1.0690770791642217e-09
636.3334122368275,133.75849025946314,4.03217566290496,-84.1285901656937,-103.98900919435498,-1.0690771415669407e-09
636.8334122368275,134.2578207609318,4.032370762205418,-84.4222829911955,-104.39368069969078,-1.0690769189568414e-09
637.3334122368275,134.75715620733087,4.032564415287134,-84.71597577482737,-104.7983520748577,-1.0690771135588697e-09
637.8334122368275,135.25649654426223,4.032756638160168,-85.00966851702705,-105.20302332182855,-1.0690769229773214e-09
638.3334122368275,135.7558417181222,4.032947446599338,-85.30336121822161,-105.60769444254267,-1.0690770731909404e-09
638.8334122368275,136.25519167608712,4.033136856148519,-85.5970538788279,-106.01236543890657,-1.0690767951346452e-09
639.3334122368275,136.7545463660991,4.033324882124855,-85.89074649925239,-106.41703631279493,-1.069077048893261e-09
639.8334122368275,137.25390573685235,4.03351153962287,-86.18443907989194,-106.82170706605069,-1.0690770573212634e-09
640.3334122368275,137.75326973777956,4.033696843518496,-86.47813162113363,-107.2263777004863,-1.0690772794440454e-09
640.8334122368275,138.25263831903874,4.033880808473013,-86.77182412335524,-107.63104821788387,-1.0690772283971383e-09
641.3334122368275,138.75201143150022,4.034063448936903,-87.06551658692541,-108.03571861999615,-1.0690769685549437e-09
641.8334122368275,139.251389026734,4.034244779153623,-87.35920901220395,-108.4403889085468,-1.0690772414072533e-09
642.3334122368275,139.7507710569973,4.034424813163292,-87.65290139954188,-108.84505908523118,-1.0690772261245625e-09
642.8334122368275,140.25015747522255,4.03460356480631,-87.94659374928186,-109.24972915171689,-1.069077167867525e-09
643.3334122368275,140.74954823500536,4.034781047726889,-88.2402860617583,-109.65439910964432,-1.0690772900276863e-09
643.8334122368275,141.24894329059293,4.034957275376516,-88.53397833729755,-110.05906896062707,-1.0690771522609612e-09
644.3334122368275,141.7483425968727,4.03513226101734,-88.82767057621821,-110.46373870625263,-1.0690773362552644e-09
644.8334122368275,142.2477461093612,4.0353060177254925,-89.12136277883113,-110.8684083480829,-1.0690772307615255e-09
645.3334122368275,142.74715378419305,4.03547855839433,-89.41505494543973,-111.27307788765462,-1.0690771200948586e-09
645.8334122368275,143.24656557811034,4.035649895737618,-89.70874707634023,-111.67774732647987,-1.0690772446730523e-09
646.3334122368275,143.74598144845214,4.035820042292641,-90.00243917182172,-112.0824166660466,-1.0690774840726638e-09
646.8334122368275,144.24540135314427,4.035989010423256,-90.29613123216629,-112.48708590781912,-1.0690773241572014e-09
647.3334122368275,144.74482525068916,4.036156812322875,-90.58982325764944,-112.89175505323841,-1.0690772602016534e-09
647.8334122368275,145.24425310015613,4.036323460017391,-90.8835152485401,-113.29642410372267,-1.0690773442813178e-09
648.3334122368275,145.7436848611717,4.036488965368044,-91.17720720510069,-113.70109306066789,-1.0690772388981629e-09
648.8334122368275,146.24312049391008,4.036653340074225,-91.47089912758743,-114.10576192544805,-1.0690773035522508e-09
649.3334122368275,146.74255995908408,4.036816595676229,-91.76459101625031,-114.51043069941575,-1.0690770190845625e-09
649.8334122368275,147.24200321793583,4.036978743557943,-92.05828287133365,-114.91509938390232,-1.0690770652020246e-09
650.3334122368275,147.74145023222812,4.037139794949488,-92.35197469307565,-115.31976798021861,-1.0690771203448907e-09
650.8334122368275,148.2409009642355,4.037299760929806,-92.64566648170897,-115.72443648965513,-1.0690769806970926e-09
651.3334122368275,148.74035537673586,4.03745865242919,-92.93935823746085,-116.12910491348238,-1.0690772079128926e-09
651.8334122368275,149.23981343300207,4.037616480231769,-93.2330499605529,-116.53377325295149,-1.0690769680497703e-09
652.3334122368275,149.73927509679376,4.0377732549779415,-93.52674165120165,-116.93844150929439,-1.0690771863862147e-09
652.8334122368275,150.23874033234927,4.037928987166761,-93.82043330961832,-117.34310968372421,-1.069077419577983e-09
653.3334122368275,150.73820910437775,4.038083687158269,-94.11412493600938,-117.74777777743547,-1.0690770581112298e-09
653.8334122368275,151.23768137805155,4.038237365175795,-94.40781653057608,-118.15244579160486,-1.0690772509198666e-09
654.3334122368275,151.73715711899857,4.038390031308195,-94.701508093515,-118.5571137273912,-1.0690774851807843e-09
654.8334122368275,152.23663629329485,4.038541695512055,-94.99519962501826,-118.9617815859357,-1.069077698309814e-09
655.3334122368275,152.7361188674573,4.038692367613856,-95.28889112527308,-119.3664493683627,-1.069077340723907e-09
655.8334122368275,153.2356048084365,4.038842057312082,-95.58258259446245,-119.77111707577954,-1.0690774352383437e-09
656.3334122368275,153.7350940836099,4.038990774179303,-95.87627403276494,-120.17578470927725,-1.069077408100231e-09
656.8334122368275,154.2345866607747,4.039138527664206,-96.16996544035491,-120.58045226993042,-1.0690773634716061e-09
657.3334122368275,154.73408250814134,4.0392853270935944,-96.46365681740254,-120.98511975879795,-1.069077381279343e-09
657.8334122368275,155.23358159432672,4.039431181674344,-96.75734816407395,-121.38978717692304,-1.0690776031148785e-09
658.3334122368275,155.73308388834786,4.039576100495322,-97.05103948053136,-121.79445452533352,-1.0690773853198821e-09
658.8334122368275,156.2325893596155,4.039720092529273,-97.34473076693311,-122.19912180504222,-1.0690775959814543e-09
659.3334122368275,156.73209797792785,4.039863166634666,-97.63842202343382,-122.60378901704713,-1.06907748573316e-09
659.8334122368275,157.2316097134645,4.040005331557503,-97.9321132501844,-123.00845616233171,-1.0690776724999362e-09
660.3334122368275,157.7311245367804,4.040146595933105,-98.225804447332,-123.41312324186526,-1.0690776310499672e-09
660.8334122368275,158.23064241880007,4.0402869682878455,-98.51949561502056,-123.81779025660295,-1.069077670955347e-09
661.3334122368275,158.73016333081165,4.040426457040873,-98.81318675339034,-124.22245720748624,-1.0690775410181853e-09
661.8334122368275,159.22968724446136,4.040565070505782,-99.10687786257834,-124.62712409544304,-1.0690777552946738e-09
662.3334122368275,159.7292141317479,4.0407028168922645,-99.40056894271832,-125.03179092138797,-1.0690777224444082e-09
662.8334122368275,160.2287439650171,4.040839704307728,-99.6942599939409,-125.43645768622261,-1.069077808485939e-09
663.3334122368275,160.7282767169563,4.04097574075888,-99.98795101637333,-125.84112439083577,-1.0690776612460735e-09
663.8334122368275,161.22781236058938,4.041110934153289,-100.2816420101401,-126.24579103610355,-1.0690774983594893e-09
664.3334122368275,161.72735086927145,4.041245292300908,-100.57533297536253,-126.65045762288973,-1.0690776666111038e-09
664.8334122368275,162.22689221668378,4.041378822915581,-100.86902391215911,-127.05512415204595,-1.0690775377072344e-09
665.3334122368275,162.72643637682887,4.0415115336165135,-101.16271482064533,-127.4597906244119,-1.0690773881717319e-09
665.8334122368275,163.22598332402555,4.041643431929717,-101.4564057009341,-127.86445704081542,-1.0690774298854346e-09
666.3334122368275,163.7255330329042,4.041774525289432,-101.75009655313553,-128.26912340207286,-1.0690774785187662e-09
666.8334122368275,164.225085478402,4.041904821039517,-102.04378737735708,-128.67378970898923,-1.0690774904206757e-09
667.3334122368275,164.7246406357584,4.042034326434823,-102.33747817370356,-129.0784559623584,-1.0690772780456668e-09
667.8334122368275,165.22419848051044,4.042163048642533,-102.63116894227733,-129.48312216296316,-1.0690774631363426e-09
668.3334122368275,165.72375898848844,4.042290994743482,-102.92485968317823,-129.8877883115756,-1.069077244047463e-09
668.8334122368275,166.22332213581151,4.042418171733453,-103.2185503965037,-130.2924544089572,-1.069077438895681e-09
669.3334122368275,166.7228878988833,4.042544586524452,-103.51224108234865,-130.69712045585908,-1.0690772915679156e-09
669.8334122368275,167.22245625438777,4.042670245945952,-103.80593174080596,-131.10178645302193,-1.0690772068310897e-09
670.3334122368275,167.72202717928505,4.042795156746127,-104.09962237196589,-131.50645240117663,-1.0690773221050585e-09
670.8334122368275,168.22160065080735,4.0429193255930524,-104.39331297591687,-131.91111830104379,-1.0690772647321698e-09
671.3334122368275,168.72117664645498,4.043042759075892,-104.6870035527449,-132.31578415333462,-1.0690770904505796e-09
671.8334122368275,169.22075514399236,4.0431654637060594,-104.98069410253392,-132.72044995875058,-1.0690768893865248e-09
672.3334122368275,169.72033612144426,4.043287445918364,-105.27438462536574,-133.1251157179838,-1.0690770323322864e-09
672.8334122368275,170.2199195570919,4.043408712072128,-105.5680751213204,-133.5297814317169,-1.069076987160207e-09
673.3334122368275,170.7195054294693,4.043529268452295,-105.86176559047573,-133.9344471006237,-1.0690769434712754e-09
673.8334122368275,171.21909371735953,4.043649121270513,-106.15545603290762,-134.33911272536884,-1.0690771819573637e-09
674.3334122368275,171.7186843997912,4.043768276666194,-106.44914644869027,-134.74377830660822,-1.0690772964492988e-09
674.8334122368275,172.2182774560348,4.043886740707567,-106.74283683789578,-135.148443844989,-1.069077241916095e-09
675.3334122368275,172.71787286559942,4.044004519392702,-107.03652720059458,-135.55310934114988,-1.0690772935281738e-09
675.8334122368275,173.21747060822912,4.044121618650523,-107.33021753685533,-135.95777479572115,-1.0690770096722689e-09
676.3334122368275,173.71707066389973,4.044238044341799,-107.62390784674498,-136.36244020932477,-1.0690772639210243e-09
676.8334122368275,174.21667301281542,4.04435380226012,-107.91759813032868,-136.7671055825747,-1.0690772334331102e-09
677.3334122368275,174.71627763540553,4.044468898132858,-108.21128838767005,-137.17177091607667,-1.0690775170947716e-09
677.8334122368275,175.21588451232137,4.044583337622109,-108.50497861883106,-137.57643621042868,-1.069077307587882e-09
678.3334122368275,175.71549362443307,4.04469712632562,-108.798668823872,-137.98110146622108,-1.0690774099665253e-09
678.8334122368275,176.21510495282652,4.044810269777701,-109.09235900285168,-138.38576668403653,-1.069077511908927e-09
679.3334122368275,176.71471847880034,4.044922773450115,-109.38604915582752,-138.79043186445003,-1.0690773989287833e-09
679.8334122368275,177.21433418386283,4.045034642752968,-109.67973928285531,-139.19509700802936,-1.06907747874587e-09
680.3334122368275,177.71395204972913,4.045145883035569,-109.97342938398938,-139.599762115335,-1.0690774325896838e-09
680.8334122368275,178.21357205831828,4.045256499587278,-110.26711945928288,-140.0044271869202,-1.0690777141779221e-09
681.3334122368275,178.7131941917504,4.045366497638353,-110.56080950878724,-140.4090922233313,-1.0690775186501532e-09
681.8334122368275,179.21281843234397,4.045475882360763,-110.85449953255271,-140.81375722510765,-1.0690773104341993e-09
682.3334122368275,179.7124447626129,4.045584658869001,-111.14818953062824,-141.2184221927817,-1.0690774628885956e-09
682.8334122368275,180.21207316526412,4.045692832220882,-111.44187950306137,-141.62308712687934,-1.0690771212807785e-09
683.3334122368275,180.71170362319464,4.045800407418323,-111.73556944989843,-142.02775202791975,-1.0690772335498988e-09
683.8334122368275,181.21133611948915,4.045907389408111,-112.0292593711847,-142.43241689641548,-1.0690772714903022e-09
684.3334122368275,181.71097063741735,4.046013783082665,-112.32294926696387,-142.8370817328729,-1.069077430423753e-09
684.8334122368275,182.2106071604315,4.0461195932807765,-112.61663913727877,-143.2417465377919,-1.0690774091197525e-09
685.3334122368275,182.71024567216384,4.046224824788345,-112.91032898217077,-143.64641131166636,-1.0690773932266861e-09
685.8334122368275,183.20988615642423,4.046329482339093,-113.20401880168048,-144.0510760549837,-1.0690771826085302e-09
686.3334122368275,183.70952859719776,4.0464335706152825,-113.4977085958471,-144.4557407682256,-1.0690773012088773e-09
686.8334122368275,184.2091729786423,4.046537094248405,-113.79139836470885,-144.86040545186768,-1.069077261157103e-09
687.3334122368275,184.70881928508626,4.046640057819873,-114.08508810830283,-145.2650701063798,-1.0690774612078525e-09
687.8334122368275,185.20846750102626,4.046742465861691,-114.37877782666513,-145.66973473222598,-1.0690772545781355e-09
688.3334122368275,185.7081176111249,4.046844322857119,-114.67246751983082,-146.07439932986458,-1.0690772658765578e-09
688.8334122368275,186.20776960020854,4.04694563324133,-114.9661571878341,-146.47906389974838,-1.069077336550299e-09
689.3334122368275,186.70742345326508,4.047046401402048,-115.25984683070793,-146.8837284423247,-1.0690773096190174e-09
689.8334122368275,187.20707915544193,4.047146631680185,-115.55353644848462,-147.28839295803536,-1.0690774892880562e-09
690.3334122368275,187.70673669204376,4.047246328370459,-115.84722604119531,-147.69305744731687,-1.0690770906257384e-09
690.8334122368275,188.2063960485305,4.04734549572201,-116.14091560887026,-148.09772191060063,-1.0690773650738819e-09
691.3334122368275,188.7060572105153,4.047444137939,-116.43460515153895,-148.5023863483126,-1.0690770721183384e-09
691.8334122368275,189.20572016376246,4.047542259181209,-116.72829466922985,-148.90705076087374,-1.0690771721554788e-09
692.3334122368275,189.70538489418556,4.0476398635646165,-117.02198416197066,-149.31171514870013,-1.0690772900262377e-09
692.8334122368275,190.20505138784537,4.0477369551619775,-117.31567362978822,-149.7163795122027,-1.0690769976421068e-09
693.3334122368275,190.7047196309481,4.047833538003388,-117.60936307270855,-150.12104385178762,-1.0690773410516375e-09
693.8334122368275,191.20438960984328,4.047929616076842,-117.9030524907569,-150.52570816785604,-1.0690774504320398e-09
694.3334122368275,191.70406131102214,4.048025193328778,-118.19674188395776,-150.9303724608046,-1.0690773336512835e-09
694.8334122368275,192.20373472111564,4.048120273664622,-118.49043125233467,-151.33503673102518,-1.0690774776341037e-09
695.3334122368275,192.7034098268927,4.048214860949315,-118.78412059591055,-151.73970097890518,-1.0690776423268614e-09
695.8334122368275,193.20308661525846,4.048308959007839,-119.07780991470763,-152.14436520482715,-1.0690775881538383e-09
696.3334122368275,193.7027650732524,4.048402571625729,-119.37149920874734,-152.54902940916946,-1.0690776014176065e-09
696.8334122368275,194.20244518804688,4.048495702549583,-119.66518847805048,-152.95369359230594,-1.069077239883016e-09
697.3334122368275,194.70212694694516,4.048588355487558,-119.95887772263707,-153.3583577546061,-1.069077477874613e-09
697.8334122368275,195.20181033737987,4.048680534109866,-120.25256694252641,-153.76302189643525,-1.0690777093797758e-09
698.3334122368275,195.70149534691143,4.048772242049251,-120.54625613773732,-154.16768601815434,-1.0690774094097583e-09
698.8334122368275,196.2011819632263,4.048863482901473,-120.83994530828798,-154.57235012012015,-1.0690775498020729e-09
699.3334122368275,196.70087017413545,4.0489542602257735,-121.13363445419573,-154.97701420268547,-1.069077713384962e-09
699.8334122368275,197.2005599675728,4.049044577545338,-121.42732357547727,-155.38167826619912,-1.0690777470575119e-09
700.3334122368275,197.70025133159362,4.049134438347751,-121.72101267214892,-155.7863423110057,-1.0690774386022306e-09
700.8334122368275,198.19994425437312,4.049223846085446,-122.01470174422646,-156.19100633744594,-1.069077591318695e-09
701.3334122368275,198.69963872420485,4.049312804176145,-122.30839079172468,-156.5956703458569,-1.069077351491498e-09
701.8334122368275,199.1993347294992,4.049401316003294,-122.60207981465828,-157.0003343365715,-1.0690776366443121e-09
702.3334122368275,199.69903225878207,4.049489384916495,-122.89576881304103,-157.40499830991916,-1.069077393991346e-09
702.8334122368275,200.1987313006933,4.049577014231921,-123.18945778688627,-157.80966226622553,-1.0690773787627033e-09
703.3334122368275,200.6984318439854,4.049664207232738,-123.4831467362069,-158.21432620581248,-1.0690771655625495e-09
703.8334122368275,201.198133877522,4.04975096716951,-123.77683566101533,-158.6189901289983,-1.0690774158767285e-09
704.3334122368275,201.6978373902766,4.049837297260608,-124.07052456132327,-159.02365403609784,-1.0690772375214223e-09
704.8334122368275,202.19754237133117,4.049923200692602,-124.364213437142,-159.42831792742234,-1.06907748157575e-09
705.3334122368275,202.69724880987485,4.050008680620653,-124.65790228848246,-159.8329818032795,-1.0690773258629419e-09
705.8334122368275,203.19695669520257,4.050093740168904,-124.95159111535492,-160.23764566397367,-1.0690774605312278e-09
706.3334122368275,203.69666601671386,4.050178382430856,-125.24527991776921,-160.642309509806,-1.0690772883415367e-09
706.8334122368275,204.19637676391153,4.050262610469741,-125.53896869573481,-161.04697334107408,-1.0690774202225613e-09
707.3334122368275,204.69608892640034,4.050346427318894,-125.83265744926075,-161.45163715807217,-1.0690770819328845e-09
707.8334122368275,205.1958024938859,4.05042983598212,-126.12634617835539,-161.8563009610917,-1.069077337843453e-09
708.3334122368275,205.69551745617338,4.050512839434044,-126.42003488302696,-162.26096475042038,-1.0690770883396416e-09
708.8334122368275,206.19523380316627,4.050595440620472,-126.71372356328303,-162.66562852634326,-1.0690770984537477e-09
709.3334122368275,206.6949515248653,4.050677642458733,-127.00741221913103,-163.0702922891418,-1.069077182205911e-09
709.8334122368275,207.19467061136717,4.050759447838027,-127.30110085057763,-163.47495603909488,-1.0690773126723292e-09
710.3334122368275,207.69439105286347,4.050840859619762,-127.59478945762939,-163.879619776478,-1.0690773394662908e-09
710.8334122368275,208.1941128396395,4.050921880637883,-127.88847804029248,-164.28428350156375,-1.069077196727778e-09
711.3334122368275,208.69383596207322,4.051002513699208,-128.18216659857254,-164.6889472146219,-1.0690771523307668e-09
711.8334122368275,209.1935604106341,4.0510827615837455,-128.4758551324748,-165.09361091591933,-1.0690773341990156e-09
712.3334122368275,209.69328617588198,4.051162627045016,-128.76954364200444,-165.49827460571987,-1.0690773706733106e-09
712.8334122368275,210.19301324846614,4.051242112810367,-129.06323212716578,-165.90293828428474,-1.0690772263929597e-09
713.3334122368275,210.69274161912415,4.051321221581281,-129.35692058796343,-166.3076019518721,-1.0690772905081033e-09
713.8334122368275,211.1924712786808,4.051399956033686,-129.65060902440115,-166.71226560873768,-1.0690772251990312e-09
714.3334122368275,211.69220221804719,4.051478318818251,-129.9442974364825,-167.11692925513427,-1.0690770076907734e-09
714.8334122368275,212.19193442821958,4.051556312560688,-130.23798582421077,-167.52159289131214,-1.0690772392864882e-09
715.3334122368275,212.6916679002785,4.0516339398620405,-130.53167418758906,-167.9262565175186,-1.0690769864881584e-09
715.8334122368275,213.19140262538775,4.051711203298977,-130.82536252661987,-168.33092013399877,-1.0690771217460651e-09
716.3334122368275,213.69113859479341,4.051788105424072,-131.11905084130555,-168.735583740995,-1.0690771769689022e-09
716.8334122368275,214.19087579982286,4.05186464876609,-131.41273913164832,-169.14024733874695,-1.069077188819775e-09
717.3334122368275,214.6906142318839,4.051940835830259,-131.70642739764978,-169.544910927492,-1.0690774478868745e-09
717.8334122368275,215.19035388246374,4.052016669098547,-132.0001156393115,-169.94957450746492,-1.0690771657646142e-09
718.3334122368275,215.69009474312818,4.05209215102993,-132.29380385663455,-170.35423807889816,-1.0690772415257035e-09
718.8334122368275,216.18983680552066,4.052167284060655,-132.58749204961995,-170.75890164202164,-1.0690771980768468e-09
719.3334122368275,216.6895800613613,4.052242070604506,-132.88118021826827,-171.16356519706295,-1.0690773052565758e-09
719.8334122368275,217.1893245024462,4.052316513053059,-133.1748683625801,-171.56822874424722,-1.0690772969194278e-09
720.3334122368275,217.68907012064633,4.052390613775939,-133.4685564825554,-171.97289228379745,-1.06907742845007e-09
720.8334122368275,218.18881690790693,4.052464375121072,-133.76224457819404,-172.37755581593424,-1.0690772578310214e-09
721.3334122368275,218.68856485624644,4.052537799414926,-134.05593264949576,-172.78221934087594,-1.0690772123827252e-09
721.8334122368275,219.18831395775587,4.052610888962766,-134.34962069645988,-173.1868828588387,-1.0690772942393458e-09
722.3334122368275,219.6880642045978,4.0526836460488855,-134.64330871908567,-173.59154637003633,-1.069077202413967e-09
722.8334122368275,220.18781558900568,4.05275607293685,-134.936996717372,-173.99620987468063,-1.069077281543251e-09
723.3334122368275,220.687568103283,4.052828171869729,-135.23068469131766,-174.40087337298112,-1.069077394406744e-09
723.8334122368275,221.18732173980254,4.052899945070329,-135.52437264092114,-174.80553686514529,-1.0690773678684863e-09
724.3334122368275,221.6870764910055,4.05297139474142,-135.81806056618058,-175.21020035137863,-1.0690773135990587e-09
724.8334122368275,222.18683234940087,4.053042523065963,-136.11174846709423,-175.61486383188424,-1.0690775247914573e-09
725.3334122368275,222.6865893075645,4.053113332207327,-136.40543634365997,-176.01952730686338,-1.0690771574405555e-09
725.8334122368275,223.1863473581385,4.053183824309517,-136.6991241958753,-176.42419077651545,-1.0690775646032412e-09
726.3334122368275,223.6861064938305,4.053254001497382,-136.99281202373783,-176.82885424103756,-1.0690771531958108e-09
726.8334122368275,224.18586670741277,4.0533238658768305,-137.28649982724477,-177.23351770062504,-1.0690774468878304e-09
727.3334122368275,224.6856279917217,4.053393419535044,-137.5801876063933,-177.63818115547113,-1.0690771110334058e-09
727.8334122368275,225.18539033965695,4.053462664540681,-137.87387536118032,-178.04284460576724,-1.0690771029927623e-09
728.3334122368275,225.68515374418084,4.053531602944084,-138.16756309160257,-178.4475080517029,-1.0690771020815215e-09
728.8334122368275,226.1849181983176,4.053600236777482,-138.46125079765662,-178.8521714934657,-1.069077376506526e-09
729.3334122368275,226.68468369515276,4.053668568055189,-138.75493847933882,-179.25683493124149,-1.0690774037985348e-09
729.8334122368275,227.18445022783237,4.053736598773798,-139.04862613664548,-179.6614983652141,-1.0690773093770567e-09
730.3334122368275,227.68421778956244,4.053804330912384,-139.34231376957254,-180.06616179556585,-1.069077426384464e-09
730.8334122368275,228.18398637360826,4.053871766432686,-139.63600137811594,-180.470825222477,-1.06907726865869e-09
731.3334122368275,228.68375597329373,4.053938907279302,-139.92968896227146,-180.87548864612617,-1.0690774583420216e-09
731.8334122368275,229.18352658200075,4.054005755379873,-140.22337652203473,-181.28015206669022,-1.069077440136236e-09
732.3334122368275,229.68329819316855,4.054072312645272,-140.51706405740097,-181.68481548434434,-1.0690774947497031e-09
732.8334122368275,230.18307080029317,4.054138580969778,-140.81075156836573,-182.08947889926193,-1.0690773749334723e-09
733.3334122368275,230.68284439692667,4.054204562231263,-141.10443905492411,-182.49414231161475,-1.0690773318244414e-09
733.8334122368275,231.18261897667676,4.054270258291366,-141.39812651707098,-182.89880572157298,-1.0690775047669391e-09
734.3334122368275,231.68239453320598,4.054335670995667,-141.69181395480146,-183.30346912930491,-1.0690775950842644e-09
734.8334122368275,232.18217106023127,4.054400802173864,-141.9855013681101,-183.7081325349776,-1.069077670723647e-09
735.3334122368275,232.6819485515233,4.054465653639936,-142.27918875699166,-184.1127959387562,-1.0690778119588598e-09
735.8334122368275,233.18172700090594,4.054530227192322,-142.5728761214405,-184.5174593408044,-1.0690776328470605e-09
736.3334122368275,233.68150640225565,4.054594524614075,-142.86656346145105,-184.92212274128434,-1.0690774665151068e-09
736.8334122368275,234.181286749501,4.054658547673036,-143.16025077701744,-185.32678614035666,-1.0690774854358293e-09
737.3334122368275,234.68106803662204,4.054722298121989,-143.45393806813394,-185.73144953818033,-1.0690776131594967e-09
737.8334122368275,235.18085025764978,4.054785777698827,-143.7476253347945,-186.1361129349129,-1.0690775445621732e-09
738.3334122368275,235.68063340666566,4.054848988126704,-144.04131257699302,-186.5407763307104,-1.0690775437530092e-09
738.8334122368275,236.18041747780103,4.0549119311141935,-144.33499979472342,-186.94543972572743,-1.0690776310459227e-09
739.3334122368275,236.68020246523656,4.054974608355444,-144.62868698797922,-187.3501031201171,-1.0690774142182551e-09
739.8334122368275,237.17998836320183,4.055037021530328,-144.92237415675396,-187.75476651403116,-1.0690776032711493e-09
740.3334122368275,237.67977516597475,4.055099172304594,-145.21606130104126,-188.15942990761994,-1.0690773713059443e-09
740.8334122368275,238.17956286788103,4.055161062330012,-145.50974842083437,-188.56409330103222,-1.0690776122698687e-09
741.3334122368275,238.67935146329373,4.055222693244524,-145.80343551612665,-188.96875669441548,-1.0690776319347692e-09
741.8334122368275,239.17914094663277,4.055284066672383,-146.09712258691133,-189.37342008791578,-1.0690773539778332e-09
742.3334122368275,239.67893131236445,4.055345184224301,-146.3908096331814,-189.77808348167804,-1.069077695794073e-09
742.8334122368275,240.1787225550009,4.055406047497586,-146.6844966549299,-190.1827468758456,-1.0690775568672553e-09
743.3334122368275,240.67851466909963,4.055466658076283,-146.97818365214977,-190.58741027056047,-1.0690774400644187e-09
743.8334122368275,241.1783076492632,4.055527017531312,-147.27187062483375,-190.99207366596363,-1.0690775408601084e-09
744.3334122368275,241.6781014901385,4.0555871274206,-147.56555757297454,-191.39673706219452,-1.0690775321887414e-09
744.8334122368275,242.17789618641652,4.055646989289219,-147.85924449656497,-191.80140045939123,-1.0690774682124814e-09
745.3334122368275,242.67769173283182,4.055706604669515,-148.15293139559756,-192.20606385769076,-1.0690773683962983e-09
745.8334122368275,243.17748812416204,4.055765975081243,-148.44661827006476,-192.61072725722897,-1.0690772957633527e-09
746.3334122368275,243.67728535522753,4.055825102031692,-148.7403051199591,-193.01539065814015,-1.0690771293509962e-09
746.8334122368275,244.17708342089082,4.055883987015814,-149.03399194527273,-193.42005406055767,-1.0690774590590792e-09
747.3334122368275,244.67688231605635,4.055942631516349,-149.32767874599807,-193.8247174646136,-1.0690773629905381e-09
747.8334122368275,245.17668203566984,4.056001037003953,-149.6213655221273,-194.22938087043866,-1.0690777232304107e-09
748.3334122368275,245.67648257471808,4.056059204937315,-149.9150522736525,-194.6340442781627,-1.0690777289833419e-09
748.8334122368275,246.17628392822834,4.056117136763285,-150.20873900056577,-195.03870768791413,-1.0690776224930423e-09
749.3334122368275,246.67608609126808,4.056174833916986,-150.50242570285914,-195.44337109982027,-1.0690776692208024e-09
749.8334122368275,247.17588905894445,4.05623229782194,-150.79611238052453,-195.84803451400737,-1.069077689409292e-09
750.3334122368275,247.67569282640403,4.056289529890182,-151.08979903355387,-196.2526979306006,-1.0690778131549954e-09
750.8334122368275,248.17549738883227,4.056346531522374,-151.38348566193892,-196.65736134972377,-1.0690780692350574e-09
751.3334122368275,248.6753027414532,4.0564033041079215,-151.6771722656716,-197.06202477149978,-1.069077758612394e-09
751.8334122368275,249.17510887952903,4.056459849025086,-151.9708588447434,-197.4666881960505,-1.069077695933361e-09
752.3334122368275,249.67491579835976,4.056516167641095,-152.26454539914616,-197.87135162349654,-1.0690778186501852e-09
752.8334122368275,250.17472349328278,4.056572261312255,-152.55823192887127,-198.2760150539576,-1.069077737990165e-09
753.3334122368275,250.67453195967258,4.0566281313840555,-152.8519184339104,-198.68067848755226,-1.0690778947376704e-09
753.8334122368275,251.1743411929403,4.056683779191283,-153.14560491425513,-199.085341924398,-1.0690774455423218e-09
754.3334122368275,251.67415118853336,4.056739206058121,-153.4392913698968,-199.49000536461133,-1.0690776470428645e-09
754.8334122368275,252.17396194193518,4.0567944132982605,-153.73297780082675,-199.89466880830784,-1.0690778360682785e-09
755.3334122368275,252.67377344866478,4.056849402214999,-154.02666420703642,-200.29933225560197,-1.069077810186942e-09
755.8334122368275,253.1735857042764,4.056904174101345,-154.32035058851707,-200.70399570660712,-1.0690776279954086e-09
756.3334122368275,253.67339870435924,4.0569587302401215,-154.61403694525995,-201.1086591614359,-1.0690775889521903e-09
756.8334122368275,254.173212444537,4.057013071904062,-154.9077232772563,-201.5133226201998,-1.0690776818245224e-09
757.3334122368275,254.67302692046766,4.057067200355911,-155.20140958449733,-201.9179860830093,-1.0690777652868084e-09
757.8334122368275,255.17284212784307,4.057121116848525,-155.4950958669742,-202.3226495499741,-1.0690775778487152e-09
758.3334122368275,255.67265806238862,4.0571748226249635,-155.78878212467794,-202.72731302120278,-1.0690777633030924e-09
758.8334122368275,256.172474719863,4.057228318918589,-156.08246835759965,-203.13197649680305,-1.0690776003522084e-09
759.3334122368275,256.6722920960577,4.0572816069531585,-156.37615456573025,-203.5366399768818,-1.0690775686472418e-09
759.8334122368275,257.17211018679694,4.0573346879429195,-156.66984074906085,-203.94130346154486,-1.0690777060415153e-09
760.3334122368275,257.6719289879371,4.057387563092699,-156.96352690758243,-204.34596695089718,-1.069077450450176e-09
760.8334122368275,258.1717484953667,4.0574402335979975,-157.25721304128595,-204.75063044504282,-1.0690776598525231e-09
761.3334122368275,258.67156870500577,4.057492700645079,-157.55089915016197,-205.15529394408523,-1.0690775422292979e-09
761.8334122368275,259.1713896128057,4.057544965411055,-157.8445852342017,-205.55995744812645,-1.0690776055740408e-09
762.3334122368275,259.67121121474895,4.057597029063981,-158.13827129339583,-205.96462095726804,-1.0690777648513412e-09
762.8334122368275,260.1710335068488,4.057648892762936,-158.43195732773518,-206.3692844716106,-1.069077651155369e-09
763.3334122368275,260.670856485149,4.057700557658113,-158.72564333721036,-206.77394799125403,-1.0690778519798795e-09
763.8334122368275,261.1706801457234,4.057752024890902,-159.01932932181228,-207.17861151629714,-1.069077867449672e-09
764.3334122368275,261.67050448467575,4.057803295593972,-159.31301528153165,-207.58327504683794,-1.0690777110703623e-09
764.8334122368275,262.17032949813944,4.057854370891361,-159.6067012163591,-207.98793858297378,-1.0690777885821833e-09
765.3334122368275,262.6701551822772,4.057905251898551,-159.90038712628527,-208.39260212480121,-1.0690776397018322e-09
765.8334122368275,263.1699815332808,4.057955939722551,-160.19407301130084,-208.7972656724158,-1.0690775349959665e-09
766.3334122368275,263.66980854737074,4.05800643546198,-160.4877588713965,-209.20192922591232,-1.0690778655183981e-09
766.8334122368275,264.169636220796,4.058056740207143,-160.7814447065628,-209.60659278538492,-1.0690776461565347e-09
767.3334122368275,264.6694645498339,4.058106855040113,-161.07513051679027,-210.01125635092697,-1.0690778554033217e-09
767.8334122368275,265.1692935307896,4.058156781034803,-161.36881630206952,-210.41591992263088,-1.069077721422909e-09
768.3334122368275,265.6691231599961,4.05820651925705,-161.66250206239104,-210.82058350058847,-1.0690776182280887e-09
768.8334122368275,266.1689534338138,4.058256070764684,-161.9561877977454,-211.22524708489078,-1.06907772899943e-09
769.3334122368275,266.66878434863014,4.058305436607608,-162.24987350812293,-211.62991067562805,-1.0690776238467678e-09
769.8334122368275,267.1686159008597,4.0583546178278675,-162.54355919351437,-212.03457427288973,-1.0690777350715184e-09
770.3334122368275,267.6684480869437,4.05840361545973,-162.83724485391005,-212.43923787676474,-1.0690776735149487e-09
770.8334122368275,268.1682809033498,4.0584524305297505,-163.13093048930037,-212.84390148734113,-1.0690779542279968e-09
771.3334122368275,268.6681143465717,4.058501064056848,-163.42461609967592,-213.2485651047061,-1.0690780154428526e-09
771.8334122368275,269.1679484131293,4.058549517052377,-163.7183016850269,-213.65322872894657,-1.0690779812990564e-09
772.3334122368275,269.667783099568,4.058597790520191,-164.01198724534387,-214.05789236014823,-1.0690780148087002e-09
772.8334122368275,270.1676184024588,4.058645885456721,-164.3056727806171,-214.46255599839654,-1.0690777912886513e-09
773.3334122368275,270.6674543183979,4.058693802851035,-164.59935829083707,-214.867219643776,-1.069078080645137e-09
773.8334122368275,271.1672908440065,4.058741543684914,-164.89304377599407,-215.27188329637042,-1.0690780001174083e-09
774.3334122368275,271.6671279759306,4.058789108932913,-165.1867292360785,-215.67654695626305,-1.0690780124238388e-09
774.8334122368275,272.16696571084077,4.05883649956243,-165.48041467108087,-216.0812106235364,-1.0690779172334068e-09
775.3334122368275,272.66680404543183,4.058883716533771,-165.77410008099136,-216.48587429827234,-1.0690777493172264e-09
775.8334122368275,273.1666429764228,4.058930760800216,-166.0677854658002,-216.8905379805523,-1.0690780013137597e-09
776.3334122368275,273.6664825005565,4.05897763330808,-166.3614708254979,-217.29520167045666,-1.0690779965111978e-09
776.8334122368275,274.1663226145996,4.059024334996781,-166.65515616007468,-217.6998653680655,-1.0690775431595357e-09
777.3334122368275,274.666163315342,4.0590708667988995,-166.9488414695208,-218.10452907345808,-1.069077932651876e-09
777.8334122368275,275.1660045995969,4.05911722964024,-167.24252675382658,-218.50919278671313,-1.0690775944858408e-09
778.3334122368275,275.66584646420057,4.059163424439895,-167.5362120129824,-218.91385650790866,-1.0690775910415153e-09
778.8334122368275,276.1656889060122,4.059209452110303,-167.82989724697853,-219.31852023712207,-1.0690775333934393e-09
779.3334122368275,276.6655319219134,4.059255313557314,-168.12358245580504,-219.72318397443044,-1.0690778477950383e-09
779.8334122368275,277.1653755088083,4.059301009680239,-168.41726763945246,-220.1278477199097,-1.069077744386703e-09
780.3334122368275,277.6652196636234,4.059346541371921,-168.7109527979109,-220.53251147363588,-1.0690780371650847e-09
780.8334122368275,278.16506438330697,4.059391909518783,-169.00463793117058,-220.93717523568378,-1.069078024915957e-09
781.3334122368275,278.66490966482917,4.059437115000889,-169.2983230392219,-221.34183900612794,-1.0690779476222887e-09
781.8334122368275,279.16475550518186,4.059482158692004,-169.59200812205503,-221.74650278504234,-1.069078114892124e-09
782.3334122368275,279.66460190137826,4.059527041459645,-169.8856931796603,-222.15116657250016,-1.0690779074512814e-09
782.8334122368275,280.16444885045286,4.059571764165141,-170.17937821202787,-222.55583036857422,-1.0690779959548878e-09
783.3334122368275,280.6642963494612,4.059616327663686,-170.4730632191482,-222.96049417333666,-1.069077837960874e-09
783.8334122368275,281.16414439547975,4.059660732804393,-170.7667482010113,-223.36515798685923,-1.0690780458768045e-09
784.3334122368275,281.66399298560555,4.059704980430351,-171.0604331576075,-223.76982180921303,-1.0690778673107728e-09
784.8334122368275,282.16384211695623,4.059749071378675,-171.35411808892692,-224.17448564046867,-1.0690779621897402e-09
785.3334122368275,282.6636917866697,4.059793006480557,-171.64780299496002,-224.57914948069597,-1.0690781160973301e-09
785.8334122368275,283.16354199190397,4.059836786561327,-171.94148787569694,-224.98381332996453,-1.0690779296975735e-09
786.3334122368275,283.66339272983714,4.059880412440495,-172.2351727311278,-225.38847718834344,-1.069078073231246e-09
786.8334122368275,284.163243997667,4.059923884931806,-172.52885756124303,-225.79314105590086,-1.069077764451791e-09
787.3334122368275,284.66309579261093,4.059967204843291,-172.82254236603282,-226.1978049327048,-1.0690780583549655e-09
787.8334122368275,285.16294811190585,4.0600103729773185,-173.11622714548744,-226.6024688188227,-1.0690779800941467e-09
788.3334122368275,285.6628009528079,4.060053390130641,-173.40991189959698,-227.00713271432147,-1.0690780172847663e-09
788.8334122368275,286.16265431259234,4.060096257094443,-173.70359662835182,-227.41179661926745,-1.0690778707459298e-09
789.3334122368275,286.6625081885534,4.060138974654396,-173.99728133174227,-227.81646053372648,-1.0690775678598914e-09
789.8334122368275,287.162362578004,4.060181543590698,-174.29096600975856,-228.22112445776398,-1.0690778424368767e-09
790.3334122368275,287.66221747827575,4.060223964678128,-174.58465066239094,-228.6257883914449,-1.069077865618953e-09
790.8334122368275,288.1620728867187,4.06026623868609,-174.87833528962963,-229.03045233483354,-1.0690780110015923e-09
791.3334122368275,288.6619288007012,4.060308366378658,-175.172019891465,-229.4351162879939,-1.0690779993176064e-09
791.8334122368275,289.16178521760975,4.060350348514627,-175.46570446788704,-229.83978025098963,-1.0690779314241476e-09
792.3334122368275,289.66164213484876,4.060392185847551,-175.75938901888628,-230.24444422388348,-1.0690777374194997e-09
792.8334122368275,290.1614995498405,4.060433879125796,-176.05307354445293,-230.64910820673802,-1.0690780761257084e-09
793.3334122368275,290.66135746002504,4.0604754290925795,-176.34675804457726,-231.05377219961542,-1.069078095480621e-09
793.8334122368275,291.16121586285976,4.060516836486016,-176.64044251924972,-231.45843620257713,-1.0690778383426077e-09
794.3334122368275,291.6610747558196,4.060558102039163,-176.93412696846025,-231.86310021568454,-1.0690781119169659e-09
794.8334122368275,292.1609341363965,4.060599226480059,-177.2278113921994,-232.26776423899813,-1.0690779835900684e-09
795.3334122368275,292.6607940020998,4.060640210531773,-177.52149579045744,-232.67242827257832,-1.0690781456517446e-09
795.8334122368275,293.1606543504555,4.060681054912439,-177.81518016322477,-233.07709231648477,-1.0690782160636711e-09
796.3334122368275,293.6605151790065,4.060721760335307,-178.1088645104915,-233.48175637077708,-1.069078087669365e-09
796.8334122368275,294.16037648531227,4.060762327508777,-178.40254883224796,-233.88642043551405,-1.0690782419350995e-09
797.3334122368275,294.6602382669489,4.060802757136444,-178.69623312848452,-234.2910845107543,-1.0690782693445141e-09
797.8334122368275,295.16010052150887,4.060843049917136,-178.98991739919177,-234.6957485965558,-1.0690782845455543e-09
798.3334122368275,295.6599632466007,4.060883206544959,-179.28360164435983,-235.1004126929763,-1.0690781909090736e-09
798.8334122368275,296.15982643984916,4.060923227709332,-179.57728586397897,-235.50507680007317,-1.0690781972840323e-09
799.3334122368275,296.65969009889494,4.060963114095028,-179.87097005803955,-235.9097409179032,-1.0690782394603193e-09
799.8334122368275,297.15955422139456,4.061002866382212,-180.16465422653212,-236.31440504652286,-1.0690780591602572e-09
800.3334122368275,297.65941880502027,4.061042485246485,-180.4583383694469,-236.71906918598822,-1.0690779415110422e-09
800.8334122368275,298.15928384745973,4.061081971358915,-180.75202248677422,-237.12373333635486,-1.069078143049421e-09
801.3334122368275,298.6591493464162,4.061121325386077,-181.0457065785047,-237.52839749767796,-1.0690782464582852e-09
801.8334122368275,299.1590152996082,4.061160547990096,-181.33939064462854,-237.93306167001262,-1.0690781328261229e-09
802.3334122368275,299.6588817047694,4.061199639828676,-181.63307468513628,-238.33772585341305,-1.0690782486512812e-09
802.8334122368275,300.1587485596485,4.061238601555142,-181.92675870001815,-238.74239004793358,-1.0690779870819011e-09
803.3334122368275,300.65861586200907,4.061277433818475,-182.22044268926473,-239.14705425362763,-1.0690778746454403e-09
803.8334122368275,301.1584836096297,4.061316137263348,-182.5141266528663,-239.5517184705488,-1.069078177380581e-09
804.3334122368275,301.6583518003034,4.061354712530161,-182.80781059081352,-239.9563826987498,-1.0690778314407855e-09
804.8334122368275,302.15822043183795,4.0613931602550775,-183.10149450309663,-240.36104693828335,-1.0690779583018646e-09
805.3334122368275,302.6580895020554,4.061431481070059,-183.39517838970622,-240.7657111892016,-1.0690781281319637e-09
805.8334122368275,303.15795900879226,4.0614696756029005,-183.68886225063252,-241.17037545155648,-1.0690778160582695e-09
806.3334122368275,303.6578289498991,4.061507744477262,-183.98254608586626,-241.57503972539936,-1.069077747813063e-09
806.8334122368275,304.1576993232407,4.061545688312705,-184.2762298953978,-241.97970401078146,-1.0690776843053022e-09
807.3334122368275,304.65757012669576,4.061583507724727,-184.56991367921762,-242.38436830775348,-1.0690776871596033e-09
807.8334122368275,305.15744135815686,4.0616212033247905,-184.8635974373164,-242.78903261636586,-1.0690778023847757e-09
808.3334122368275,305.65731301553024,4.061658775720361,-185.15728116968444,-243.19369693666866,-1.0690777679981664e-09
808.8334122368275,306.1571850967359,4.061696225514937,-185.45096487631238,-243.5983612687116,-1.069077998557754e-09
809.3334122368275,306.65705759970723,4.061733553308081,-185.74464855719077,-244.0030256125441,-1.0690777324269057e-09
809.8334122368275,307.1569305223911,4.061770759695456,-186.03833221231008,-244.4076899682151,-1.0690776449401255e-09
810.3334122368275,307.6568038627478,4.061807845268851,-186.33201584166093,-244.8123543357734,-1.0690777155436684e-09
810.8334122368275,308.1566776187505,4.061844810616219,-186.62569944523386,-245.21701871526736,-1.0690778210662956e-09
811.3334122368275,308.6565517883858,4.061881656321703,-186.91938302301935,-245.62168310674502,-1.0690777422603457e-09
811.8334122368275,309.1564263696531,4.061918382965669,-187.21306657500804,-246.02634751025417,-1.0690776163528494e-09
812.3334122368275,309.65630136056467,4.061954991124736,-187.5067501011906,-246.43101192584206,-1.0690775620078021e-09
812.8334122368275,310.15617675914564,4.061991481371806,-187.8004336015575,-246.83567635355587,-1.0690775062660443e-09
813.3334122368275,310.6560525634338,4.062027854276095,-188.09411707609956,-247.24034079344227,-1.0690775400481766e-09
813.8334122368275,311.1559287714794,4.06206411040316,-188.3878005248074,-247.64500524554768,-1.0690774838179573e-09
814.3334122368275,311.6558053813453,4.062100250314932,-188.6814839476715,-248.0496697099183,-1.0690774905336634e-09
814.8334122368275,312.15568239110667,4.062136274569744,-188.97516734468257,-248.4543341865999,-1.0690776941413567e-09
815.3334122368275,312.65555979885096,4.062172183722355,-189.26885071583126,-248.85899867563813,-1.0690774761220205e-09
815.8334122368275,313.15543760267775,4.062207978323986,-189.56253406110818,-249.26366317707803,-1.069077688089166e-09
816.3334122368275,313.6553158006988,4.062243658922343,-189.85621738050426,-249.66832769096447,-1.0690775369356238e-09
816.8334122368275,314.1551943910378,4.062279226061647,-190.14990067400996,-250.07299221734223,-1.0690775148739435e-09
817.3334122368275,314.65507337183027,4.062314680282661,-190.44358394161597,-250.47765675625556,-1.0690776908920773e-09
817.8334122368275,315.1549527412236,4.062350022122717,-190.73726718331324,-250.88232130774833,-1.0690776600440001e-09
818.3334122368275,315.65483249737684,4.062385252115746,-191.0309503990922,-251.28698587186446,-1.069077707288355e-09
818.8334122368275,316.1547126384607,4.0624203707922995,-191.32463358894384,-251.69165044864724,-1.069077868708963e-09
819.3334122368275,316.6545931626573,4.062455378679581,-191.61831675285896,-252.09631503813978,-1.069077577965789e-09
819.8334122368275,317.1544740681603,4.062490276301471,-191.91199989082818,-252.50097964038503,-1.0690776697616404e-09
820.3334122368275,317.6543553531747,4.062525064178553,-192.20568300284222,-252.90564425542567,-1.0690776326903088e-09
820.8334122368275,318.15423701591664,4.062559742828138,-192.499366088892,-253.3103088833038,-1.069077467099421e-09
821.3334122368275,318.6541190546135,4.0625943127642925,-192.7930491489682,-253.71497352406166,-1.069077653889341e-09
821.8334122368275,319.1540014675037,4.062628774497862,-193.08673218306166,-254.11963817774094,-1.0690776702695967e-09
822.3334122368275,319.6538842528367,4.0626631285364985,-193.38041519116325,-254.5243028443831,-1.0690776927721662e-09
822.8334122368275,320.1537674088728,4.062697375384681,-193.67409817326393,-254.92896752402922,-1.0690777440111562e-09
823.3334122368275,320.65365093388317,4.062731515543745,-193.96778112935453,-255.33363221672036,-1.0690778353276903e-09
823.8334122368275,321.15353482614967,4.062765549511906,-194.26146405942578,-255.73829692249726,-1.0690777038300304e-09
824.3334122368275,321.65341908396476,4.0627994777842815,-194.55514696346847,-256.1429616414003,-1.0690778053990305e-09
824.8334122368275,322.1533037056316,4.062833300852916,-194.8488298414737,-256.54762637346954,-1.0690777923571834e-09
825.3334122368275,322.6531886894637,4.0628670192068075,-195.1425126934321,-256.95229111874517,-1.0690777049622773e-09
825.8334122368275,323.1530740337851,4.062900633331925,-195.436195519335,-257.35695587726644,-1.0690778225942572e-09
826.3334122368275,323.65295973693014,4.062934143711238,-195.729878319173,-257.7616206490731,-1.0690775340388557e-09
826.8334122368275,324.1528457972433,4.062967550824737,-196.023561092937,-258.1662854342042,-1.0690778389166886e-09
827.3334122368275,324.6527322130793,4.063000855149457,-196.3172438406182,-258.57095023269846,-1.0690775029228942e-09
827.8334122368275,325.1526189828029,4.0630340571594985,-196.61092656220725,-258.9756150445948,-1.069077550840666e-09
828.3334122368275,325.652506104789,4.063067157326052,-196.90460925769543,-259.3802798699313,-1.0690777690300637e-09
828.8334122368275,326.1523935774223,4.06310015611742,-197.1982919270736,-259.7849447087464,-1.0690778279489168e-09
829.3334122368275,326.65228139909743,4.063133053999039,-197.49197457033264,-260.18960956107804,-1.0690779224687185e-09
829.8334122368275,327.15216956821877,4.063165851433499,-197.7856571874637,-260.59427442696364,-1.0690777739472854e-09
830.3334122368275,327.6520580832004,4.063198548880571,-198.07933977845784,-260.9989393064409,-1.0690779504049038e-09
830.8334122368275,328.1519469424661,4.0632311467972215,-198.37302234330602,-261.40360419954675,-1.0690777071261394e-09
831.3334122368275,328.6518361444492,4.063263645637639,-198.6667048819992,-261.80826910631856,-1.0690778060179684e-09
831.8334122368275,329.15172568759243,4.063296045853253,-198.96038739452862,-262.2129340267928,-1.0690777719728981e-09
832.3334122368275,329.65161557034804,4.063328347892754,-199.25406988088525,-262.6175989610061,-1.069077678487507e-09
832.8334122368275,330.15150579117756,4.063360552202116,-199.54775234106023,-263.02226390899466,-1.0690779038146095e-09
833.3334122368275,330.6513963485518,4.063392659224618,-199.84143477504446,-263.42692887079477,-1.069077650035984e-09
833.8334122368275,331.15128724095086,4.0634246694008604,-200.13511718282928,-263.831593846442,-1.0690777997353577e-09
834.3334122368275,331.6511784668639,4.063456583168788,-200.42879956440572,-264.23625883597214,-1.0690777570680018e-09
834.8334122368275,332.15107002478914,4.063488400963711,-200.72248191976496,-264.64092383942057,-1.0690777516545878e-09
835.3334122368275,332.65096191323386,4.063520123218321,-201.01616424889795,-265.0455888568226,-1.069077794444353e-09
835.8334122368275,333.1508541307142,4.063551750362715,-201.30984655179603,-265.450253888213,-1.0690776903868672e-09
836.3334122368275,333.6507466757553,4.063583282824412,-201.60352882845035,-265.8549189336267,-1.0690778283038246e-09
836.8334122368275,334.1506395468909,4.063614721028372,-201.89721107885205,-266.2595839930981,-1.0690778976775555e-09
837.3334122368275,334.6505327426637,4.063646065397018,-202.19089330299252,-266.66424906666157,-1.0690778787566825e-09
837.8334122368275,335.1504262616249,4.063677316350251,-202.48457550086275,-267.0689141543513,-1.0690779318950678e-09
838.3334122368275,335.6503201023344,4.063708474305473,-202.77825767245398,-267.4735792562013,-1.069078016124255e-09
838.8334122368275,336.15021426336057,4.063739539677602,-203.0719398177575,-267.87824437224515,-1.0690779007765069e-09
839.3334122368275,336.6501087432803,4.063770512879093,-203.3656219367644,-268.2829095025166,-1.0690779008288531e-09
839.8334122368275,337.150003540679,4.0638013943199525,-203.65930402946623,-268.68757464704856,-1.0690777715675095e-09
840.3334122368275,337.6498986541502,4.0638321844077625,-203.95298609585402,-269.09223980587456,-1.0690780671349976e-09
840.8334122368275,338.1497940822959,4.063862883547693,-204.24666813591912,-269.49690497902725,-1.0690777349049583e-09
841.3334122368275,338.6496898237263,4.063893492142523,-204.54035014965282,-269.9015701665395,-1.0690777491455602e-09
841.8334122368275,339.14958587705974,4.063924010592657,-204.83403213704656,-270.3062353684437,-1.069077580154298e-09
842.3334122368275,339.6494822409227,4.063954439296141,-205.1277140980915,-270.71090058477233,-1.0690778111696712e-09
842.8334122368275,340.14937891394965,4.063984778648684,-205.42139603277883,-271.1155658155576,-1.0690777399454762e-09
843.3334122368275,340.64927589478316,4.06401502904367,-205.71507794110005,-271.52023106083135,-1.0690778422065108e-09
843.8334122368275,341.1491731820737,4.0640451908721795,-206.00875982304646,-271.92489632062535,-1.0690775866545572e-09
844.3334122368275,341.6490707744795,4.0640752645230025,-206.3024416786096,-272.3295615949712,-1.0690777465590468e-09
844.8334122368275,342.1489686706668,4.064105250382658,-206.5961235077807,-272.73422688390025,-1.0690775401736215e-09
845.3334122368275,342.64886686930953,4.064135148835411,-206.88980531055117,-273.1388921874438,-1.0690776294045642e-09
845.8334122368275,343.14876536908923,4.064164960263285,-207.18348708691244,-273.5435575056328,-1.069077627614376e-09
846.3334122368275,343.6486641686952,4.064194685046082,-207.477168836856,-273.94822283849805,-1.0690777728265551e-09
846.8334122368275,344.1485632668242,4.064224323561398,-207.77085056037305,-274.3528881860704,-1.069077828841899e-09
847.3334122368275,344.6484626621808,4.064253876184639,-208.06453225745517,-274.75755354838026,-1.0690777128109032e-09
847.8334122368275,345.1483623534768,4.064283343289035,-208.35821392809385,-275.16221892545786,-1.0690777093127756e-09
848.3334122368275,345.6482623394315,4.0643127252456575,-208.65189557228038,-275.56688431733346,-1.069077935786266e-09
848.8334122368275,346.14816261877155,4.064342022423435,-208.94557719000636,-275.97154972403695,-1.069077698986422e-09
849.3334122368275,346.6480631902311,4.064371235189166,-209.2392587812634,-276.37621514559805,-1.0690779071675717e-09
849.8334122368275,347.14796405255134,4.0644003639075414,-209.5329403460428,-276.7808805820466,-1.069077648096997e-09
850.3334122368275,347.6478652044808,4.06442940894115,-209.8266218843361,-277.18554603341187,-1.0690776551746606e-09
850.8334122368275,348.14776664477523,4.0644583706505,-210.12030339613491,-277.59021149972324,-1.06907772090206e-09
851.3334122368275,348.64766837219736,4.064487249394031,-210.41398488143085,-277.99487698100967,-1.0690779137631668e-09
851.8334122368275,349.1475703855171,4.0645160455281335,-210.7076663402153,-278.39954247730026,-1.0690778856536826e-09
852.3334122368275,349.6474726835113,4.064544759407156,-211.0013477724798,-278.80420798862383,-1.0690778995138756e-09
852.8334122368275,350.1473752649638,4.064573391383427,-211.29502917821586,-279.208873515009,-1.069078000880196e-09
853.3334122368275,350.6472781286654,4.064601941807263,-211.5887105574152,-279.61353905648417,-1.069077833520871e-09
853.8334122368275,351.1471812734137,4.064630411026988,-211.88239191006926,-280.0182046130778,-1.069077956008448e-09
854.3334122368275,351.64708469801315,4.064658799388943,-212.17607323616986,-280.4228701848177,-1.0690778714144528e-09
854.8334122368275,352.146988401275,4.064687107237506,-212.46975453570843,-280.8275357717322,-1.0690777938140085e-09
855.3334122368275,352.6468923820172,4.064715334915101,-212.7634358086766,-281.232201373849,-1.0690779209086617e-09
855.8334122368275,353.14679663906435,4.064743482762211,-213.0571170550663,-281.6368669911957,-1.06907787811813e-09
856.3334122368275,353.6467011712477,4.064771551117397,-213.35079827486877,-282.0415326238,-1.0690777287260987e-09
856.8334122368275,354.14660597740504,4.064799540317309,-213.6444794680759,-282.44619827168907,-1.0690778893001946e-09
857.3334122368275,354.6465110563808,4.064827450696696,-213.9381606346793,-282.8508639348902,-1.0690777347443364e-09
857.8334122368275,355.1464164070258,4.064855282588425,-214.23184177467064,-283.25552961343055,-1.069077961608901e-09
858.3334122368275,355.6463220281974,4.064883036323491,-214.52552288804165,-283.660195307337,-1.0690780597147648e-09
858.8334122368275,356.1462279187592,4.06491071223103,-214.81920397478396,-284.06486101663637,-1.0690780550218172e-09
859.3334122368275,356.64613407758134,4.064938310638333,-215.11288503488936,-284.4695267413552,-1.0690778514979438e-09
859.8334122368275,357.1460405035401,4.064965831870861,-215.4065660683495,-284.87419248152,-1.0690780293242372e-09
860.3334122368275,357.6459471955182,4.064993276252252,-215.70024707515623,-285.27885823715707,-1.0690779624960845e-09
860.8334122368275,358.14585415240447,4.065020644104338,-215.9939280553012,-285.6835240082927,-1.06907804123429e-09
861.3334122368275,358.6457613730939,4.0650479357471605,-216.28760900877612,-286.0881897949529,-1.0690779760749305e-09
861.8334122368275,359.14566885648765,4.0650751514989745,-216.5812899355728,-286.4928555971636,-1.069077916456547e-09
862.3334122368275,359.645576601493,4.065102291676268,-216.87497083568323,-286.8975214149504,-1.0690779989658112e-09
862.8334122368275,360.1454846070233,4.065129356593771,-217.16865170909887,-287.30218724833924,-1.0690778189134391e-09
863.3334122368275,360.64539287199784,4.0651563465644704,-217.46233255581168,-287.70685309735535,-1.0690778200195678e-09
863.8334122368275,361.1453013953419,4.065183261899618,-217.75601337581372,-288.1115189620241,-1.069077696100242e-09
864.3334122368275,361.6452101759867,4.065210102908746,-218.04969416909648,-288.51618484237076,-1.0690778644721294e-09
864.8334122368275,362.1451192128693,4.065236869899678,-218.34337493565187,-288.92085073842054,-1.0690780095083108e-09
865.3334122368275,362.6450285049327,4.06526356317854,-218.63705567547177,-289.3255166501982,-1.0690778230398644e-09
865.8334122368275,363.1449380511257,4.065290183049773,-218.9307363885479,-289.7301825777288,-1.0690777964722905e-09
866.3334122368275,363.6448478504027,4.065316729816142,-219.2244170748723,-290.1348485210368,-1.069077806228698e-09
866.8334122368275,364.14475790172406,4.065343203778752,-219.5180977344369,-290.5395144801468,-1.0690779217345194e-09
867.3334122368275,364.6446682040557,4.065369605237056,-219.81177836723344,-290.9441804550833,-1.0690776283696493e-09
867.8334122368275,365.1445787563691,4.065395934488867,-220.10545897325375,-291.3488464458707,-1.069078134075566e-09
868.3334122368275,365.6444895576416,4.065422191830371,-220.39913955248986,-291.7535124525331,-1.0690778695383263e-09
868.8334122368275,366.1444006068558,4.065448377556134,-220.69282010493382,-292.1581784750943,-1.069077831252143e-09
869.3334122368275,366.64431190300013,4.065474491959118,-220.9865006305772,-292.56284451357857,-1.069077590991603e-09
869.8334122368275,367.1442234450683,4.0655005353306874,-221.28018112941234,-292.9675105680094,-1.0690775498718844e-09
870.3334122368275,367.64413523205957,4.065526507960624,-221.57386160143102,-293.3721766384106,-1.0690776371194006e-09
870.8334122368275,368.1440472629787,4.065552410137135,-221.86754204662512,-293.7768427248059,-1.0690775126527437e-09
871.3334122368275,368.6439595368356,4.065578242146865,-222.1612224649865,-294.1815088272185,-1.069077548082896e-09
871.8334122368275,369.1438720526458,4.0656040042749035,-222.45490285650743,-294.5861749456718,-1.0690777458023515e-09
872.3334122368275,369.64378480943,4.065629696804801,-222.74858322117979,-294.99084108018894,-1.0690778443511564e-09
872.8334122368275,370.14369780621416,4.065655320018575,-223.04226355899553,-295.39550723079316,-1.0690778429149868e-09
873.3334122368275,370.6436110420296,4.065680874196721,-223.33594386994676,-295.8001733975072,-1.0690779034711577e-09
873.8334122368275,371.14352451591265,4.065706359618224,-223.62962415402555,-296.2048395803538,-1.0690775927124156e-09
874.3334122368275,371.643438226905,4.065731776560568,-223.9233044112238,-296.6095057793559,-1.0690778905846385e-09
874.8334122368275,372.1433521740534,4.065757125299748,-224.2169846415334,-297.0141719945361,-1.0690780185350363e-09
875.3334122368275,372.6432663564097,4.065782406110275,-224.51066484494663,-297.41883822591694,-1.0690777896737644e-09
875.8334122368275,373.1431807730308,4.06580761926519,-224.80434502145548,-297.8235044735206,-1.0690779770006277e-09
876.3334122368275,373.64309542297866,4.065832765036073,-225.09802517105214,-298.22817073736934,-1.069077894743024e-09
876.8334122368275,374.1430103053203,4.065857843693054,-225.39170529372842,-298.63283701748554,-1.0690779738557856e-09
877.3334122368275,374.6429254191276,4.06588285550482,-225.68538538947672,-299.037503313891,-1.0690778491392217e-09
877.8334122368275,375.14284076347747,4.065907800738626,-225.9790654582889,-299.44216962660784,-1.0690779299212829e-09
878.3334122368275,375.6427563374516,4.065932679660304,-226.27274550015704,-299.8468359556578,-1.0690779222200937e-09
878.8334122368275,376.14267214013665,4.065957492534275,-226.5664255150733,-300.25150230106277,-1.0690776138723006e-09
879.3334122368275,376.64258817062415,4.065982239623553,-226.86010550302987,-300.6561686628441,-1.0690777592851054e-09
879.8334122368275,377.1425044280103,4.06600692118976,-227.15378546401894,-301.06083504102327,-1.0690779767894394e-09
880.3334122368275,377.6424209113962,4.0660315374931315,-227.44746539803265,-301.4655014356218,-1.069077967773717e-09
880.8334122368275,378.1423376198876,4.0660560887925286,-227.74114530506304,-301.8701678466609,-1.0690778714771992e-09
881.3334122368275,378.64225455259503,4.066080575345444,-228.0348251851024,-302.2748342741618,-1.0690778873027875e-09
881.8334122368275,379.14217170863367,4.066104997408012,-228.3285050381428,-302.6795007181455,-1.0690778499032266e-09
882.3334122368275,379.64208908712334,4.066129355235021,-228.62218486417632,-303.0841671786332,-1.0690778738135649e-09
882.8334122368275,380.14200668718854,4.066153649079915,-228.9158646631954,-303.4888336556456,-1.0690780637578369e-09
883.3334122368275,380.64192450795827,4.06617787919481,-229.20954443519193,-303.89350014920353,-1.0690778340610127e-09
883.8334122368275,381.1418425485661,4.066202045830497,-229.50322418015838,-304.29816665932765,-1.0690778986667926e-09
884.3334122368275,381.6417608081502,4.066226149236455,-229.796903898087,-304.70283318603833,-1.06907767003026e-09
884.8334122368275,382.1416792858532,4.066250189660856,-230.0905835889697,-305.1074997293564,-1.0690778998108372e-09
885.3334122368275,382.64159798082216,4.066274167350577,-230.3842632527989,-305.5121662893021,-1.0690779321464798e-09
885.8334122368275,383.14151689220864,4.066298082551204,-230.67794288956708,-305.9168328658955,-1.0690778441731726e-09
886.3334122368275,383.64143601916857,4.0663219355070455,-230.97162249926615,-306.32149945915694,-1.0690778969928922e-09
886.8334122368275,384.1413553608623,4.066345726461138,-231.26530208188854,-306.72616606910657,-1.0690778929486593e-09
887.3334122368275,384.6412749164545,4.066369455655253,-231.5589816374263,-307.13083269576435,-1.0690780135924845e-09
887.8334122368275,385.14119468511416,4.066393123329909,-231.85266116587192,-307.5354993391501,-1.0690778080441231e-09
888.3334122368275,385.64111466601463,4.0664167297243745,-232.14634066721777,-307.9401659992835,-1.0690779439773577e-09
888.8334122368275,386.14103485833346,4.066440275076682,-232.440020141456,-308.3448326761845,-1.0690778420421823e-09
889.3334122368275,386.6409552612525,4.066463759623633,-232.7336995885787,-308.74949936987275,-1.0690779038017276e-09
889.8334122368275,387.1408758739578,4.066487183600803,-233.02737900857844,-309.15416608036765,-1.0690776765881554e-09
890.3334122368275,387.64079669563955,4.066510547242555,-233.32105840144746,-309.5588328076886,-1.0690778407230579e-09
890.8334122368275,388.14071772549215,4.066533850782044,-233.61473776717824,-309.96349955185485,-1.0690776448838609e-09
891.3334122368275,388.64063896271415,4.066557094451224,-233.90841710576288,-310.3681663128859,-1.0690776332272108e-09
891.8334122368275,389.14056040650814,4.06658027848086,-234.20209641719384,-310.77283309080065,-1.069077580705214e-09
892.3334122368275,389.6404820560809,4.06660340310053,-234.49577570146363,-311.17749988561826,-1.0690774363742756e-09
892.8334122368275,390.14040391064316,4.066626468538637,-234.7894549585644,-311.58216669735776,-1.0690777625265321e-09
893.3334122368275,390.64032596940973,4.066649475022414,-235.08313418848851,-311.9868335260381,-1.0690775982195643e-09
893.8334122368275,391.1402482315994,4.066672422777934,-235.37681339122847,-312.39150037167786,-1.0690777716939687e-09
894.3334122368275,391.640170696435,4.066695312030114,-235.67049256677663,-312.7961672342959,-1.0690775533360083e-09
894.8334122368275,392.14009336314325,4.066718143002725,-235.96417171512516,-313.20083411391107,-1.0690774206918926e-09
895.3334122368275,392.6400162309548,4.066740915918398,-236.25785083626664,-313.6055010105416,-1.0690776150157512e-09
895.8334122368275,393.1399392991043,4.066763630998633,-236.55152993019342,-314.0101679242063,-1.0690775207345667e-09
896.3334122368275,393.6398625668301,4.066786288463802,-236.84520899689804,-314.41483485492313,-1.0690776894603114e-09
896.8334122368275,394.1397860333746,4.066808888533162,-237.13888803637275,-314.81950180271076,-1.0690777174033535e-09
897.3334122368275,394.63970969798385,4.066831431424857,-237.43256704861003,-315.2241687675872,-1.0690778256250941e-09
897.8334122368275,395.13963355990785,4.066853917355929,-237.72624603360242,-315.62883574957056,-1.069077817412772e-09
898.3334122368275,395.6395576184003,4.066876346542322,-238.01992499134226,-316.03350274867904,-1.0690776998880304e-09
898.8334122368275,396.13948187271876,4.066898719198889,-238.31360392182202,-316.43816976493054,-1.0690775748213348e-09
899.3334122368275,396.63940632212433,4.066921035539401,-238.6072828250344,-316.8428367983428,-1.0690780265416889e-09
899.8334122368275,397.13933096588204,4.066943295776555,-238.90096170097155,-317.2475038489339,-1.06907776531591e-09
900.3334122368275,397.6392558032604,4.066965500121973,-239.1946405496261,-317.65217091672133,-1.069077953714844e-09
900.8334122368275,398.13918083353184,4.0669876487862195,-239.48831937099035,-318.05683800172307,-1.0690780847974169e-09
901.3334122368275,398.6391060559722,4.0670097419788,-239.781998165057,-318.46150510395637,-1.0690778559831276e-09
901.8334122368275,399.13903146986104,4.067031779908171,-240.07567693181838,-318.8661722234391,-1.0690779063874953e-09
902.3334122368275,399.6389570744815,4.067053762781746,-240.36935567126724,-319.2708393601882,-1.0690780137536414e-09
902.8334122368275,400.13888286912027,4.067075690805902,-240.66303438339577,-319.6755065142214,-1.0690779603664923e-09
903.3334122368275,400.63880885306764,4.067097564185987,-240.95671306819662,-320.0801736855559,-1.0690779861889934e-09
903.8334122368275,401.1387350256174,4.067119383126324,-241.2503917256622,-320.48484087420894,-1.0690777792650192e-09
904.3334122368275,401.6386613860668,4.0671411478302195,-241.54407035578532,-320.88950808019746,-1.0690780133088672e-09
904.8334122368275,402.13858793371674,4.067162858499969,-241.8377489585582,-321.2941753035386,-1.0690775718955401e-09
905.3334122368275,402.63851466787145,4.067184515336862,-242.13142753397358,-321.6988425442495,-1.0690778176507928e-09
905.8334122368275,403.1384415878386,4.0672061185411925,-242.425106082024,-322.1035098023468,-1.0690778131439226e-09
906.3334122368275,403.6383686929293,4.06722766831226,-242.71878460270204,-322.5081770778475,-1.06907784927852e-09
906.8334122368275,404.1382959824581,4.067249164848378,-243.01246309600026,-322.91284437076825,-1.0690776096597253e-09
907.3334122368275,404.6382234557429,4.067270608346881,-243.30614156191126,-323.3175116811258,-1.069077791406561e-09
907.8334122368275,405.13815111210494,4.06729199900413,-243.5998200004274,-323.7221790089368,-1.069077816556703e-09
908.3334122368275,405.6380789508688,4.067313337015516,-243.89349841154151,-324.1268463542177,-1.0690776183839312e-09
908.8334122368275,406.1380069713625,4.067334622575471,-244.18717679524593,-324.5315137169852,-1.06907777961326e-09
909.3334122368275,406.6379351729171,4.067355855877468,-244.48085515153338,-324.9361810972556,-1.069077648480928e-09
909.8334122368275,407.1378635548672,4.06737703711403,-244.77453348039668,-325.34084849504495,-1.069077711135537e-09
910.3334122368275,407.6377921165505,4.067398166476737,-245.06821178182827,-325.7455159103698,-1.0690777993370767e-09
910.8334122368275,408.137720857308,4.067419244156231,-245.3618900558207,-326.1501833432464,-1.0690776692713905e-09
911.3334122368275,408.63764977648395,4.06744027034222,-245.65556830236665,-326.5548507936908,-1.0690778573730383e-09
911.8334122368275,409.1375788734257,4.067461245223485,-245.94924652145866,-326.95951826171904,-1.0690774182020628e-09
912.3334122368275,409.63750814748386,4.067482168987885,-246.24292471308928,-327.36418574734734,-1.069077642052542e-09
912.8334122368275,410.1374375980121,4.067503041822364,-246.53660287725145,-327.76885325059135,-1.069077508947853e-09
913.3334122368275,410.63736722436744,4.067523863912954,-246.83028101393776,-328.17352077146705,-1.06907752442695e-09
913.8334122368275,411.1372970259098,4.0675446354447855,-247.1239591231406,-328.57818830999037,-1.0690773593333816e-09
914.3334122368275,411.63722700200225,4.067565356602087,-247.41763720485284,-328.982855866177,-1.069077424286438e-09
914.8334122368275,412.137157152011,4.0675860275681925,-247.7113152590672,-329.3875234400424,-1.0690774591381498e-09
915.3334122368275,412.63708747530535,4.06760664852555,-248.0049932857764,-329.7921910316022,-1.0690774967448022e-09
915.8334122368275,413.13701797125754,4.067627219655725,-248.29867128497273,-330.1968586408724,-1.069077423110942e-09
916.3334122368275,413.63694863924286,4.0676477411394005,-248.59234925664933,-330.6015262678679,-1.0690772656649505e-09
916.8334122368275,414.13687947863974,4.067668213156393,-248.88602720079848,-331.00619391260454,-1.0690774651881912e-09
917.3334122368275,414.63681048882944,4.0676886358856486,-249.17970511741316,-331.41086157509756,-1.069077407316652e-09
917.8334122368275,415.1367416691963,4.0677090095052515,-249.47338300648596,-331.81552925536226,-1.0690776590196565e-09
918.3334122368275,415.6366730191275,4.06772933419243,-249.76706086800954,-332.22019695341396,-1.0690778147700126e-09
918.8334122368275,416.13660453801333,4.067749610123561,-250.06073870197667,-332.6248646692677,-1.0690775478540927e-09
919.3334122368275,416.63653622524686,4.067769837474173,-250.35441650838007,-333.0295324029386,-1.0690776693375323e-09
919.8334122368275,417.13646808022406,4.0677900164189555,-250.64809428721247,-333.4342001544419,-1.0690776408458528e-09
920.3334122368275,417.63640010234394,4.067810147131761,-250.9417720384666,-333.8388679237925,-1.0690779179909109e-09
920.8334122368275,418.13633229100816,4.067830229785609,-251.23544976213512,-334.24353571100534,-1.0690779032834452e-09
921.3334122368275,418.6362646456214,4.067850264552694,-251.52912745821095,-334.6482035160951,-1.0690776574795936e-09
921.8334122368275,419.1361971655911,4.06787025160439,-251.8228051266868,-335.05287133907683,-1.0690778056515332e-09
922.3334122368275,419.63612985032756,4.0678901911112515,-252.11648276755545,-335.4575391799652,-1.0690775034341038e-09
922.8334122368275,420.13606269924384,4.067910083243024,-252.4101603808094,-335.86220703877507,-1.0690777365239175e-09
923.3334122368275,420.63599571175575,4.067929928168645,-252.7038379664416,-336.266874915521,-1.069077788635829e-09
923.8334122368275,421.135928887282,4.06794972605625,-252.9975155244448,-336.67154281021755,-1.06907763747842e-09
924.3334122368275,421.6358622252439,4.067969477073177,-253.29119305481163,-337.0762107228794,-1.0690776811488778e-09
924.8334122368275,422.1357957250656,4.067989181385972,-253.58487055753477,-337.48087865352113,-1.06907788080374e-09
925.3334122368275,422.63572938617386,4.068008839160391,-253.8785480326073,-337.88554660215686,-1.0690776622413639e-09
925.8334122368275,423.13566320799833,4.068028450561409,-254.17222548002186,-338.2902145688011,-1.0690776437432514e-09
926.3334122368275,423.6355971899712,4.06804801575322,-254.46590289977146,-338.6948825534682,-1.0690777194137736e-09
926.8334122368275,424.13553133152726,4.068067534899248,-254.75958029184844,-339.09955055617246,-1.0690778992385372e-09
927.3334122368275,424.6354656321042,4.068087008162142,-255.05325765624593,-339.50421857692805,-1.0690775615785339e-09
927.8334122368275,425.13540009114206,4.068106435703791,-255.34693499295668,-339.9088866157491,-1.0690778014557187e-09
928.3334122368275,425.63533470808375,4.068125817685319,-255.64061230197356,-340.3135546726497,-1.069077709062362e-09
928.8334122368275,426.13526948237467,4.068145154267097,-255.93428958328926,-340.71822274764395,-1.069077737264763e-09
929.3334122368275,426.6352044134629,4.068164445608744,-256.2279668368968,-341.12289084074575,-1.0690777691410263e-09
929.8334122368275,427.1351395007989,4.068183691869131,-256.52164406278865,-341.52755895196935,-1.0690776889060551e-09
930.3334122368275,427.6350747438359,4.0682028932063865,-256.8153212609579,-341.9322270813284,-1.0690774899042511e-09
930.8334122368275,428.1350101420296,4.0682220497779,-257.1089984313974,-342.3368952288367,-1.0690776975434281e-09
931.3334122368275,428.6349456948383,4.0682411617403265,-257.4026755740999,-342.74156339450815,-1.069077754918784e-09
931.8334122368275,429.1348814017226,4.068260229249593,-257.69635268905796,-343.14623157835666,-1.0690779624862808e-09
932.3334122368275,429.63481726214593,4.068279252460899,-257.99002977626486,-343.55089978039575,-1.0690779823708852e-09
932.8334122368275,430.1347532755739,4.068298231528722,-258.2837068357133,-343.95556800063895,-1.0690780014497128e-09
933.3334122368275,430.6346894414749,4.068317166606824,-258.5773838673961,-344.36023623910006,-1.0690780946415906e-09
933.8334122368275,431.1346257593195,4.068336057848253,-258.8710608713061,-344.7649044957926,-1.0690780274798802e-09
934.3334122368275,431.6345622285808,4.068354905405347,-259.16473784743613,-345.16957277073004,-1.0690780724434089e-09
934.8334122368275,432.1344988487345,4.068373709429742,-259.45841479577916,-345.5742410639258,-1.0690777935894234e-09
935.3334122368275,432.6344356192585,4.068392470072369,-259.75209171632815,-345.9789093753933,-1.0690782446812947e-09
935.8334122368275,433.1343725396332,4.068411187483465,-260.0457686090757,-346.3835777051459,-1.0690780968790165e-09
936.3334122368275,433.6343096093414,4.068429861812575,-260.3394454740147,-346.788246053197,-1.069077999838057e-09
936.8334122368275,434.1342468278683,4.068448493208552,-260.63312231113844,-347.1929144195596,-1.0690781937343962e-09
937.3334122368275,434.6341841947014,4.068467081819567,-260.9267991204394,-347.59758280424717,-1.0690779579280966e-09
937.8334122368275,435.13412170933054,4.068485627793109,-261.2204759019106,-348.0022512072728,-1.0690781938045788e-09
938.3334122368275,435.63405937124793,4.06850413127599,-261.5141526555448,-348.40691962864975,-1.0690780897638695e-09
938.8334122368275,436.13399717994815,4.068522592414348,-261.8078293813352,-348.81158806839073,-1.0690780611369377e-09
939.3334122368275,436.63393513492804,4.068541011353655,-262.10150607927443,-349.2162565265091,-1.0690782309425896e-09
939.8334122368275,437.13387323568674,4.068559388238713,-262.39518274935546,-349.6209250030178,-1.0690782614195421e-09
940.3334122368275,437.6338114817256,4.068577723213665,-262.68885939157127,-350.0255934979296,-1.0690785430453795e-09
940.8334122368275,438.13374987254844,4.0685960164219965,-262.98253600591494,-350.4302620112574,-1.0690786479074138e-09
941.3334122368275,438.6336884076611,4.068614268006538,-263.27621259237895,-350.83493054301425,-1.0690786018811059e-09
941.8334122368275,439.1336270865719,4.068632478109469,-263.56988915095667,-351.23959909321275,-1.0690786021093459e-09
942.3334122368275,439.6335659087912,4.0686506468723245,-263.86356568164075,-351.6442676618658,-1.0690784892199748e-09
942.8334122368275,440.1335048738316,4.068668774435994,-264.15724218442404,-352.04893624898614,-1.0690786221564756e-09
943.3334122368275,440.6334439812081,4.06868686094073,-264.4509186592995,-352.4536048545865,-1.069078578130701e-09
943.8334122368275,441.13338323043763,4.068704906526146,-264.7445951062602,-352.8582734786794,-1.0690782841128005e-09
944.3334122368275,441.6333226210395,4.068722911331227,-265.038271525299,-353.2629421212774,-1.0690785031151038e-09
944.8334122368275,442.13326215253505,4.068740875494326,-265.33194791640904,-353.66761078239307,-1.069078559605494e-09
945.3334122368275,442.6332018244479,4.068758799153174,-265.6256242795831,-354.07227946203886,-1.0690785383510795e-09
945.8334122368275,443.1331416363037,4.068776682444879,-265.91930061481395,-354.47694816022755,-1.0690785998548484e-09
946.3334122368275,443.6330815876304,4.068794525505931,-266.2129769220948,-354.8816168769712,-1.0690784929292028e-09
946.8334122368275,444.13302167795786,4.068812328472205,-266.50665320141854,-355.28628561228226,-1.069078372352689e-09
947.3334122368275,444.6329619068182,4.068830091478967,-266.8003294527781,-355.6909543661731,-1.0690783848115823e-09
947.8334122368275,445.1329022737456,4.068847814660873,-267.09400567616643,-356.09562313865626,-1.069078512078257e-09
948.3334122368275,445.63284277827626,4.068865498151975,-267.3876818715766,-356.50029192974364,-1.0690786560475807e-09
948.8334122368275,446.13278341994857,4.068883142085727,-267.68135803900145,-356.9049607394476,-1.069078565129651e-09
949.3334122368275,446.63272419830287,4.068900746594982,-267.97503417843393,-357.3096295677804,-1.0690782998759168e-09
949.8334122368275,447.1326651128817,4.068918311812,-268.2687102898669,-357.7142984147543,-1.0690785224957625e-09
950.3334122368275,447.6326061632294,4.068935837868452,-268.56238637329346,-358.1189672803811,-1.0690786674037674e-09
950.8334122368275,448.1325473488926,4.068953324895418,-268.8560624287067,-358.52363616467306,-1.0690781861927778e-09
951.3334122368275,448.63248866941984,4.068970773023396,-269.14973845609967,-358.928305067642,-1.0690783184525893e-09
951.8334122368275,449.13243012436163,4.068988182382303,-269.44341445546513,-359.3329739893001,-1.069078282776597e-09
952.3334122368275,449.63237171327046,4.069005553101478,-269.73709042679616,-359.7376429296593,-1.0690781200303491e-09
952.8334122368275,450.1323134357009,4.0690228853096855,-270.0307663700857,-360.1423118887314,-1.0690781546712982e-09
953.3334122368275,450.6322552912094,4.069040179135118,-270.3244422853268,-360.54698086652826,-1.0690784123477544e-09
953.8334122368275,451.13219727935444,4.0690574347054,-270.61811817251254,-360.9516498630619,-1.0690784209060694e-09
954.3334122368275,451.6321393996964,4.069074652147592,-270.9117940316355,-361.35631887834415,-1.0690781421313634e-09
954.8334122368275,452.1320816517977,4.0690918315881905,-271.20546986268903,-361.76098791238667,-1.0690781612525395e-09
955.3334122368275,452.6320240352225,4.069108973153135,-271.4991456656662,-362.1656569652009,-1.0690782841072414e-09
955.8334122368275,453.1319665495371,4.069126076967809,-271.79282144055986,-362.57032603679903,-1.0690782525469589e-09
956.3334122368275,453.63190919430946,4.069143143157042,-272.0864971873629,-362.97499512719247,-1.0690782204592707e-09
956.8334122368275,454.1318519691097,4.069160171845115,-272.3801729060687,-363.37966423639267,-1.0690781330007823e-09
957.3334122368275,454.6317948735096,4.0691771631557625,-272.6738485966699,-363.7843333644114,-1.069078134064627e-09
957.8334122368275,455.131737907083,4.069194117212175,-272.9675242591597,-364.1890025112603,-1.0690782284729871e-09
958.3334122368275,455.63168106940554,4.069211034137001,-273.26119989353117,-364.5936716769507,-1.0690782226318541e-09
958.8334122368275,456.1316243600547,4.069227914052354,-273.554875499777,-364.9983408614942,-1.0690782507526058e-09
959.3334122368275,456.63156777860974,4.069244757079812,-273.84855107789053,-365.4030100649022,-1.0690782476240503e-09
959.8334122368275,457.1315113246519,4.069261563340418,-274.14222662786483,-365.80767928718603,-1.0690780843150513e-09
960.3334122368275,457.6314549977642,4.069278332954691,-274.43590214969254,-366.2123485283573,-1.0690781383366378e-09
960.8334122368275,458.1313987975314,4.069295066042621,-274.7295776433671,-366.6170177884271,-1.0690781469073527e-09
961.3334122368275,458.6313427235401,4.069311762723674,-275.0232531088813,-367.02168706740684,-1.0690780397582219e-09
961.8334122368275,459.1312867753788,4.069328423116799,-275.3169285462285,-367.42635636530764,-1.069078053864328e-09
962.3334122368275,459.6312309526376,4.069345047340425,-275.6106039554012,-367.831025682141,-1.0690780503870936e-09
962.8334122368275,460.13117525490856,4.069361635512467,-275.9042793363927,-368.23569501791803,-1.069078013655396e-09
963.3334122368275,460.6311196817854,4.069378187750329,-276.19795468919597,-368.64036437264997,-1.0690780459636204e-09
963.8334122368275,461.1310642328636,4.069394704170903,-276.4916300138041,-369.0450337463478,-1.0690777690617007e-09
964.3334122368275,461.63100890774047,4.069411184890577,-276.7853053102105,-369.44970313902263,-1.0690779332664391e-09
964.8334122368275,462.13095370601496,4.0694276300252366,-277.0789805784076,-369.8543725506857,-1.0690778610523207e-09
965.3334122368275,462.6308986272878,4.069444039690263,-277.3726558183888,-370.2590419813478,-1.069077763165393e-09
965.8334122368275,463.1308436711615,4.069460414000543,-277.66633103014715,-370.6637114310201,-1.0690775542882268e-09
966.3334122368275,463.6307888372401,4.0694767530704645,-277.96000621367546,-371.06838089971376,-1.0690778889043322e-09
966.8334122368275,464.1307341251296,4.069493057013925,-278.253681368967,-371.4730503874394,-1.0690777622645787e-09
967.3334122368275,464.63067953443743,4.06950932594433,-278.5473564960147,-371.87771989420816,-1.069077766346542e-09
967.8334122368275,465.13062506477286,4.0695255599746,-278.8410315948117,-372.2823894200309,-1.0690776951425823e-09
968.3334122368275,465.63057071574684,4.0695417592171665,-279.13470666535113,-372.6870589649183,-1.0690774572855273e-09
968.8334122368275,466.13051648697194,4.069557923783983,-279.4283817076258,-373.09172852888145,-1.0690776161322393e-09
969.3334122368275,466.63046237806236,4.069574053786521,-279.72205672162886,-373.49639811193106,-1.0690775253939247e-09
969.8334122368275,467.130408388634,4.069590149335775,-280.0157317073537,-373.9010677140776,-1.0690776296081058e-09
970.3334122368275,467.6303545183044,4.069606210542264,-280.30940666479313,-374.30573733533214,-1.0690776126659538e-09
970.8334122368275,468.13030076669264,4.069622237516038,-280.6030815939399,-374.71040697570544,-1.0690777988719946e-09
971.3334122368275,468.6302471334196,4.069638230366674,-280.89675649478755,-375.11507663520797,-1.069077559546338e-09
971.8334122368275,469.1301936181075,4.069654189203283,-281.19043136732876,-375.5197463138505,-1.0690776312661292e-09
972.3334122368275,469.6301402203805,4.069670114134513,-281.4841062115569,-375.9244160116435,-1.069077799661932e-09
972.8334122368275,470.1300869398641,4.069686005268547,-281.77778102746487,-376.32908572859765,-1.0690776516880515e-09
973.3334122368275,470.63003377618554,4.069701862713112,-282.07145581504574,-376.7337554647237,-1.0690776947846892e-09
973.8334122368275,471.1299807289735,4.069717686575474,-282.36513057429266,-377.13842522003193,-1.0690777165171463e-09
974.3334122368275,471.6299277978584,4.069733476962446,-282.65880530519865,-377.54309499453296,-1.0690775094139445e-09
974.8334122368275,472.129874982472,4.069749233980389,-282.95248000775683,-377.9477647882372,-1.0690776585457465e-09
975.3334122368275,472.6298222824479,4.069764957735212,-283.2461546819605,-378.3524346011549,-1.0690776534599098e-09
975.8334122368275,473.12976969742095,4.06978064833238,-283.5398293278022,-378.75710443329694,-1.0690775794852724e-09
976.3334122368275,473.6297172270278,4.06979630587691,-283.8335039452755,-379.16177428467336,-1.0690777091438219e-09
976.8334122368275,474.1296648709064,4.069811930473375,-284.1271785343733,-379.5664441552947,-1.0690775421555456e-09
977.3334122368275,474.6296126286964,4.0698275222259115,-284.42085309508855,-379.97111404517113,-1.0690775370076737e-09
977.8334122368275,475.1295605000389,4.069843081238214,-284.71452762741444,-380.3757839543133,-1.0690775732117448e-09
978.3334122368275,475.6295084845765,4.069858607613543,-285.00820213134404,-380.7804538827312,-1.0690774393522594e-09
978.8334122368275,476.1294565819532,4.069874101454723,-285.3018766068704,-381.1851238304351,-1.0690774815522205e-09
979.3334122368275,476.6294047918147,4.069889562864151,-285.59555105398675,-381.5897937974353,-1.0690773932436417e-09
979.8334122368275,477.129353113808,4.069904991943791,-285.8892254726859,-381.9944637837421,-1.0690776005337284e-09
980.3334122368275,477.6293015475817,4.069920388795183,-286.182899862961,-382.39913378936564,-1.0690775254586665e-09
980.8334122368275,478.1292500927858,4.069935753519441,-286.47657422480535,-382.80380381431604,-1.0690776760506611e-09
981.3334122368275,478.6291987490718,4.069951086217255,-286.77024855821185,-383.2084738586034,-1.0690774815619318e-09
981.8334122368275,479.1291475160926,4.069966386988898,-287.06392286317373,-383.61314392223767,-1.0690776146911295e-09
982.3334122368275,479.6290963935025,4.069981655934222,-287.3575971396841,-384.01781400522907,-1.0690775945008004e-09
982.8334122368275,480.1290453809574,4.069996893152665,-287.65127138773596,-384.4224841075877,-1.0690774709227083e-09
983.3334122368275,480.62899447811446,4.070012098743252,-287.94494560732227,-384.82715422932364,-1.0690778032321682e-09
983.8334122368275,481.1289436846324,4.070027272804594,-288.2386197984363,-385.2318243704467,-1.0690776045344507e-09
984.3334122368275,481.62889300017133,4.0700424154348935,-288.5322939610709,-385.6364945309672,-1.0690775157318176e-09
984.8334122368275,482.12884242439264,4.070057526731946,-288.8259680952195,-386.04116471089463,-1.0690776546784863e-09
985.3334122368275,482.6287919569592,4.0700726067931425,-289.1196422008751,-386.4458349102391,-1.0690776371895236e-09
985.8334122368275,483.1287415975354,4.0700876557154695,-289.4133162780308,-386.8505051290106,-1.0690779100078568e-09
986.3334122368275,483.62869134578676,4.070102673595514,-289.70699032667926,-387.2551753672191,-1.069077927104876e-09
986.8334122368275,484.1286412013804,4.070117660529462,-290.0006643468141,-387.65984562487427,-1.0690778845971318e-09
987.3334122368275,484.6285911639847,4.070132616613105,-290.29433833842825,-388.0645159019861,-1.0690779704428382e-09
987.8334122368275,485.12854123326946,4.070147541941838,-290.58801230151454,-388.46918619856433,-1.0690780470851599e-09
988.3334122368275,485.62849140890575,4.070162436610663,-290.88168623606634,-388.87385651461875,-1.0690782157936947e-09
988.8334122368275,486.1284416905661,4.070177300714192,-291.1753601420769,-389.278526850159,-1.069078104071606e-09
989.3334122368275,486.62839207792433,4.070192134346649,-291.46903401953915,-389.68319720519486,-1.0690783568139157e-09
989.8334122368275,487.1283425706556,4.07020693760187,-291.76270786844606,-390.0878675797362,-1.069078136207858e-09
990.3334122368275,487.62829316843636,4.070221710573305,-292.0563816887909,-390.49253797379254,-1.0690779254478178e-09
990.8334122368275,488.12824387094446,4.070236453354025,-292.3500554805666,-390.89720838737367,-1.0690779636355485e-09
991.3334122368275,488.628194677859,4.070251166036716,-292.64372924376653,-391.30187882048915,-1.0690779553649627e-09
991.8334122368275,489.1281455888605,4.070265848713688,-292.9374029783833,-391.7065492731488,-1.0690779848551015e-09
992.3334122368275,489.6280966036306,4.070280501476872,-293.2310766844104,-392.11121974536206,-1.0690778366724576e-09
992.8334122368275,490.12804772185234,4.070295124417825,-293.5247503618408,-392.51589023713854,-1.0690778861297353e-09
993.3334122368275,490.62799894321006,4.0703097176277305,-293.81842401066785,-392.9205607484876,-1.0690780590978926e-09
993.8334122368275,491.1279502673894,4.070324281197402,-294.112097630884,-393.32523127941926,-1.0690779938976123e-09
994.3334122368275,491.62790169407725,4.07033881521728,-294.4057712224832,-393.72990182994243,-1.0690779817107047e-09
994.8334122368275,492.12785322296173,4.070353319777442,-294.69944478545807,-394.13457240006704,-1.0690779483369486e-09
995.3334122368275,492.6278048537323,4.070367794967597,-294.9931183198018,-394.5392429898024,-1.0690781014346701e-09
995.8334122368275,493.12775658607956,4.070382240877091,-295.2867918255073,-394.94391359915807,-1.0690779428354487e-09
996.3334122368275,493.6277084196955,4.070396657594909,-295.58046530256786,-395.3485842281434,-1.0690780263434015e-09
996.8334122368275,494.1276603542733,4.070411045209674,-295.87413875097644,-395.7532548767679,-1.0690780628323444e-09
997.3334122368275,494.62761238950736,4.070425403809653,-296.1678121707262,-396.1579255450409,-1.0690778387030185e-09
997.8334122368275,495.1275645250933,4.070439733482753,-296.4614855618104,-396.56259623297166,-1.0690778209421107e-09
998.3334122368275,495.627516760728,4.070454034316531,-296.7551589242218,-396.96726694056974,-1.0690779239946537e-09
998.8334122368275,496.1274690961095,4.070468306398187,-297.04883225795373,-397.37193766784435,-1.0690778638475501e-09
999.3334122368275,496.62742153093717,4.070482549814573,-297.34250556299895,-397.776608414805,-1.0690780232706716e-09
999.8334122368275,497.12737406491146,4.070496764652188,-297.63617883935103,-398.1812791814606,-1.0690779207519244e-09
1000.3334122368275,497.62732669773413,4.070510950997187,-297.9298520870029,-398.58594996782057,-1.0690779969910542e-09
1000.8334122368275,498.12727942910806,4.070525108935378,-298.22352530594765,-398.99062077389425,-1.0690778400659884e-09
1001.3334122368275,498.62723225873737,4.070539238552224,-298.51719849617814,-399.395291599691,-1.06907807149765e-09
1001.8334122368275,499.12718518632727,4.070553339932847,-298.8108716576877,-399.79996244521976,-1.06907783391342e-09
1002.3334122368275,499.6271382115843,4.070567413162026,-299.1045447904694,-400.20463331048984,-1.0690779300567376e-09
1002.8334122368275,500.127091334216,4.070581458324204,-299.3982178945161,-400.6093041955105,-1.0690778882477239e-09
1003.3334122368275,500.6270445539312,4.0705954755034846,-299.6918909698212,-401.01397510029074,-1.0690779307275803e-09
1003.8334122368275,501.12699787043994,4.070609464783637,-299.9855640163776,-401.4186460248399,-1.0690777799499893e-09
1004.3334122368275,501.6269512834532,4.070623426248094,-300.2792370341787,-401.8233169691668,-1.0690776528198848e-09
1004.8334122368275,502.12690479268326,4.07063735997996,-300.5729100232172,-402.22798793328064,-1.0690775765642009e-09
1005.3334122368275,502.62685839784353,4.070651266062007,-300.8665829834862,-402.6326589171908,-1.0690776958866706e-09
1005.8334122368275,503.12681209864854,4.070665144576676,-301.16025591497925,-403.03732992090573,-1.0690776138775058e-09
1006.3334122368275,503.62676589481396,4.070678995606084,-301.4539288176889,-403.44200094443505,-1.0690777118173701e-09
1006.8334122368275,504.1267197860566,4.07069281923202,-301.74760169160845,-403.84667198778754,-1.0690777718535695e-09
1007.3334122368275,504.62667377209436,4.070706615535951,-302.04127453673084,-404.2513430509723,-1.0690777556517602e-09
1007.706772762674,505.0,4.070716899756764,-302.2605662137102,-404.55351946580237,-1.0690778663671944e-09
